Rank;Sourceid;Title;Type;Issn;Publisher;Open Access;Open Access Diamond;SJR;SJR Quartile;H index;Total Docs. (2024);Total Docs. (3years);Total Refs.;Total Citations (3years);Citable Docs. (3years);Citations / Doc. (2years);Ref. / Doc.;%Female;Overton;Country;Region;Publisher;Coverage;Categories;Areas
1;16860;"The Lancet Neurology";journal;"14744465, 14744422";"Elsevier Ltd";No;No;11,729;Q1;398;323;809;5249;9619;288;9,87;16,25;34,36;0;United Kingdom;Western Europe;"Elsevier Ltd";"2002-2026";"Neurology (clinical) (Q1)";"Medicine"
2;12499;"Neuro-Oncology";journal;"15228517, 15235866";"Oxford University Press";No;No;6,974;Q1;189;249;764;11387;8926;517;8,99;45,73;40,14;2;United Kingdom;Western Europe;"Oxford University Press";"1999-2025";"Cancer Research (Q1); Neurology (clinical) (Q1); Oncology (Q1)";"Biochemistry, Genetics and Molecular Biology; Medicine"
3;21100228519;"JAMA Neurology";journal;"21686157, 21686149";"American Medical Association";No;No;6,237;Q1;298;217;692;4558;7140;416;9,70;21,00;33,76;15;United States;Northern America;"American Medical Association";"2013-2026";"Neurology (clinical) (Q1)";"Medicine"
4;17700156408;"Nature Reviews Neurology";journal;"17594766, 17594758";"Nature Research";No;No;5,828;Q1;244;136;467;8193;5577;311;10,31;60,24;34,75;7;United Kingdom;Western Europe;"Nature Research";"2009-2026";"Cellular and Molecular Neuroscience (Q1); Neurology (clinical) (Q1)";"Medicine; Neuroscience"
5;5700191214;"Molecular Neurodegeneration";journal;"17501326";"BioMed Central Ltd";Yes;No;5,488;Q1;139;93;247;8628;3593;230;13,82;92,77;41,80;2;United Kingdom;Western Europe;"BioMed Central Ltd";"2006-2026";"Cellular and Molecular Neuroscience (Q1); Molecular Biology (Q1); Neurology (clinical) (Q1)";"Biochemistry, Genetics and Molecular Biology; Medicine; Neuroscience"
6;14317;"Brain";journal;"14602156, 00068950";"Oxford University Press";No;No;4,720;Q1;406;384;1354;24834;12291;1053;8,93;64,67;43,61;5;United Kingdom;Western Europe;"Oxford University Press";"1878-1915, 1917-2026";"Medicine (miscellaneous) (Q1); Neurology (clinical) (Q1)";"Medicine"
7;17552;"Acta Neuropathologica";journal;"00016322, 14320533";"Springer Science and Business Media Deutschland GmbH";No;No;4,483;Q1;241;182;383;11749;3254;304;8,01;64,55;43,20;2;Germany;Western Europe;"Springer Science and Business Media Deutschland GmbH";"1961-2026";"Cellular and Molecular Neuroscience (Q1); Neurology (clinical) (Q1); Pathology and Forensic Medicine (Q1)";"Medicine; Neuroscience"
8;19837;"Sleep Medicine Reviews";journal;"15322955, 10870792";"W.B. Saunders Ltd";No;No;4,209;Q1;204;102;344;7923;4031;276;9,57;77,68;49,51;5;United Kingdom;Western Europe;"W.B. Saunders Ltd";"1997-2026";"Neurology (Q1); Neurology (clinical) (Q1); Physiology (medical) (Q1); Pulmonary and Respiratory Medicine (Q1)";"Medicine; Neuroscience"
9;21100256102;"Translational Neurodegeneration";journal;"20479158";"BioMed Central Ltd";Yes;No;3,850;Q1;77;65;158;8483;1945;144;13,59;130,51;45,38;2;United Kingdom;Western Europe;"BioMed Central Ltd";"2012-2026";"Cellular and Molecular Neuroscience (Q1); Cognitive Neuroscience (Q1); Neurology (clinical) (Q1)";"Medicine; Neuroscience"
10;14179;"Annals of Neurology";journal;"15318249, 03645134";"John Wiley &amp; Sons Inc.";No;No;3,736;Q1;350;255;742;9615;4976;556;6,47;37,71;39,20;4;United States;Northern America;"John Wiley &amp; Sons Inc.";"1977-2026";"Neurology (Q1); Neurology (clinical) (Q1)";"Medicine; Neuroscience"
11;3600148102;"Alzheimer's and Dementia";journal;"15525279, 15525260";"John Wiley and Sons Inc";No;No;3,600;Q1;194;716;1629;41189;11197;1110;6,84;57,53;48,91;32;United States;Northern America;"John Wiley and Sons Inc";"2005-2026";"Cellular and Molecular Neuroscience (Q1); Developmental Neuroscience (Q1); Epidemiology (Q1); Geriatrics and Gerontology (Q1); Health Policy (Q1); Neurology (clinical) (Q1); Psychiatry and Mental Health (Q1)";"Medicine; Neuroscience"
12;16757;"Journal of Neurology, Neurosurgery and Psychiatry";journal;"1468330X, 00223050";"BMJ Publishing Group";No;No;3,379;Q1;255;155;671;4957;4359;488;6,41;31,98;46,06;3;United Kingdom;Western Europe;"BMJ Publishing Group";"1920-1937, 1945-2026";"Neurology (clinical) (Q1); Psychiatry and Mental Health (Q1); Surgery (Q1)";"Medicine"
13;21100881252;"Journal of Prevention of Alzheimer's Disease";journal;"22745807, 24260266";"Elsevier Masson s.r.l.";Yes;No;3,040;Q1;48;200;295;8838;2271;247;7,01;44,19;46,02;9;Switzerland;Western Europe;"Elsevier Masson s.r.l.";"2014, 2017-2026";"Neurology (clinical) (Q1); Psychiatry and Mental Health (Q1)";"Medicine"
14;21100820001;"Neurology: Neuroimmunology and NeuroInflammation";journal;"23327812";"Lippincott Williams and Wilkins";Yes;No;3,008;Q1;86;137;439;4233;3275;427;7,39;30,90;45,89;0;United States;Northern America;"Lippincott Williams and Wilkins";"2014-2026";"Neurology (Q1); Neurology (clinical) (Q1)";"Medicine; Neuroscience"
15;17407;"Movement Disorders";journal;"08853185, 15318257";"John Wiley &amp; Sons Inc.";No;No;2,988;Q1;247;327;1168;10972;6105;767;5,05;33,55;46,42;5;United States;Northern America;"John Wiley &amp; Sons Inc.";"1986-2026";"Neurology (Q1); Neurology (clinical) (Q1)";"Medicine; Neuroscience"
16;21100982311;"npj Parkinson's Disease";journal;"23738057";"Nature Research";Yes;No;2,914;Q1;66;227;443;13207;3550;430;7,68;58,18;45,48;1;United Kingdom;Western Europe;"Nature Research";"2015-2026";"Cellular and Molecular Neuroscience (Q1); Neurology (Q1); Neurology (clinical) (Q1)";"Medicine; Neuroscience"
17;21101060182;"Autism in Adulthood";journal;"25739581, 2573959X";"Mary Ann Liebert Inc.";No;No;2,832;Q1;32;92;116;5998;1220;106;7,20;65,20;72,13;11;United States;Northern America;"Mary Ann Liebert Inc.";"2020-2026";"Cognitive Neuroscience (Q1); Developmental and Educational Psychology (Q1); Neurology (Q1); Neurology (clinical) (Q1); Psychiatry and Mental Health (Q1)";"Medicine; Neuroscience; Psychology"
18;19700174935;"Alzheimer's Research and Therapy";journal;"17589193";"BioMed Central Ltd";Yes;No;2,709;Q1;123;269;601;15341;4997;596;7,43;57,03;45,96;5;United Kingdom;Western Europe;"BioMed Central Ltd";"2010-2026";"Cognitive Neuroscience (Q1); Neurology (Q1); Neurology (clinical) (Q1)";"Medicine; Neuroscience"
19;21100398887;"Journal of Stroke";journal;"22876391, 22876405";"Korean Stroke Society";Yes;Yes;2,702;Q1;61;48;150;1983;825;101;5,82;41,31;22,45;0;South Korea;Asiatic Region;"Korean Stroke Society";"2015-2026";"Cardiology and Cardiovascular Medicine (Q1); Neurology (clinical) (Q1)";"Medicine"
20;11700154204;"Brain Stimulation";journal;"1935861X, 18764754";"Elsevier Inc.";Yes;No;2,666;Q1;126;189;651;7245;3330;370;4,95;38,33;36,61;4;United States;Northern America;"Elsevier Inc.";"2008-2026";"Biophysics (Q1); Neurology (clinical) (Q1); Neuroscience (miscellaneous) (Q1)";"Biochemistry, Genetics and Molecular Biology; Medicine; Neuroscience"
21;20618;"Stroke";journal;"15244628, 00392499";"Wolters Kluwer Health";No;No;2,659;Q1;382;442;1759;13987;10223;1543;6,01;31,64;37,97;0;United Kingdom;Western Europe;"Wolters Kluwer Health";"1970-2026";"Advanced and Specialized Nursing (Q1); Cardiology and Cardiovascular Medicine (Q1); Medicine (miscellaneous) (Q1); Neurology (clinical) (Q1); Neuroscience (miscellaneous) (Q1)";"Medicine; Neuroscience; Nursing"
22;21100367530;"Acta Neuropathologica Communications";journal;"20515960";"BioMed Central Ltd";Yes;No;2,588;Q1;108;192;574;9896;3419;553;5,35;51,54;40,59;0;United Kingdom;Western Europe;"BioMed Central Ltd";"2013-2026";"Cellular and Molecular Neuroscience (Q1); Neurology (clinical) (Q1); Pathology and Forensic Medicine (Q1)";"Medicine; Neuroscience"
23;21100818712;"European Stroke Journal";journal;"23969881, 23969873";"SAGE Publications Inc.";No;No;2,433;Q1;45;113;262;3778;1377;240;3,54;33,43;34,03;1;United Kingdom;Western Europe;"SAGE Publications Inc.";"2016-2026";"Cardiology and Cardiovascular Medicine (Q1); Neurology (clinical) (Q1)";"Medicine"
24;17952;"Neurology";journal;"00283878, 1526632X";"Lippincott Williams and Wilkins";Yes;No;2,401;Q1;435;1108;3576;22062;14034;2416;3,56;19,91;43,69;2;United States;Northern America;"Lippincott Williams and Wilkins";"1951-2026";"Neurology (clinical) (Q1)";"Medicine"
25;15510;"Epilepsia";journal;"15281167, 00139580";"Wiley-Blackwell Publishing Ltd";No;No;2,371;Q1;240;333;960;14056;5936;871;6,32;42,21;44,47;7;United Kingdom;Western Europe;"Wiley-Blackwell Publishing Ltd";"1909-1915, 1937-1950, 1952-1955, 1959, 1961-2026";"Neurology (Q1); Neurology (clinical) (Q1)";"Medicine; Neuroscience"
26;21100831450;"Annual Review of Vision Science";journal;"23744650, 23744642";"Annual Reviews Inc.";No;No;2,271;Q1;54;20;76;2708;526;76;5,88;135,40;34,69;0;United States;Northern America;"Annual Reviews Inc.";"2015-2025";"Medicine (miscellaneous) (Q1); Neurology (clinical) (Q1); Ophthalmology (Q1)";"Medicine"
27;21100415705;"Alzheimer's and Dementia: Translational Research and Clinical Interventions";journal;"23528737";"John Wiley and Sons Inc";Yes;No;2,146;Q1;76;76;299;3019;1875;283;6,36;39,72;48,47;3;United States;Northern America;"John Wiley and Sons Inc";"2015-2026";"Neurology (clinical) (Q1); Psychiatry and Mental Health (Q1)";"Medicine"
28;21100349562;"Aging and Disease";journal;"21525250";"International Society on Aging and Disease";Yes;No;2,143;Q1;99;158;413;19304;3099;387;7,61;122,18;42,75;0;United States;Northern America;"International Society on Aging and Disease";"2010-2026";"Cell Biology (Q1); Geriatrics and Gerontology (Q1); Neurology (clinical) (Q1); Pathology and Forensic Medicine (Q1)";"Biochemistry, Genetics and Molecular Biology; Medicine"
29;21100445639;"Biological Psychiatry: Cognitive Neuroscience and Neuroimaging";journal;"24519030, 24519022";"Elsevier Inc.";No;No;2,124;Q1;71;152;458;8071;2004;338;3,46;53,10;45,25;1;United States;Northern America;"Elsevier Inc.";"2016-2026";"Biological Psychiatry (Q1); Cognitive Neuroscience (Q1); Neurology (clinical) (Q1); Radiology, Nuclear Medicine and Imaging (Q1)";"Medicine; Neuroscience"
30;16714;"Journal of Headache and Pain";journal;"11292377, 11292369";"BioMed Central Ltd";Yes;No;2,066;Q1;107;218;467;12282;3233;457;7,52;56,34;48,15;0;United Kingdom;Western Europe;"BioMed Central Ltd";"2001-2026";"Anesthesiology and Pain Medicine (Q1); Medicine (miscellaneous) (Q1); Neurology (clinical) (Q1)";"Medicine"
31;5100155080;"Neurotherapeutics";journal;"19337213, 18787479";"Elsevier B.V.";Yes;No;2,063;Q1;152;143;469;11342;3043;442;6,90;79,31;42,09;4;Netherlands;Western Europe;"Elsevier B.V.";"2007-2026";"Neurology (clinical) (Q1); Pharmacology (Q1); Pharmacology (medical) (Q1)";"Medicine; Pharmacology, Toxicology and Pharmaceutics"
32;18148;"Pain";journal;"18726623, 03043959";"Lippincott Williams and Wilkins";No;No;2,017;Q1;314;325;991;18647;5169;871;4,85;57,38;48,37;4;United States;Northern America;"Lippincott Williams and Wilkins";"1975-2026";"Anesthesiology and Pain Medicine (Q1); Neurology (Q1); Neurology (clinical) (Q1); Pharmacology (Q1)";"Medicine; Neuroscience; Pharmacology, Toxicology and Pharmaceutics"
33;16667;"Journal of Cerebral Blood Flow and Metabolism";journal;"0271678X, 15597016";"SAGE Publications Inc.";No;No;1,969;Q1;229;171;613;10679;3271;587;5,03;62,45;41,06;0;United States;Northern America;"SAGE Publications Inc.";"1981-2026";"Cardiology and Cardiovascular Medicine (Q1); Neurology (Q1); Neurology (clinical) (Q1)";"Medicine; Neuroscience"
34;14344;"Brain Pathology";journal;"10156305, 17503639";"Wiley-Blackwell";Yes;No;1,958;Q1;159;75;245;3051;1179;196;4,72;40,68;41,73;0;United States;Northern America;"Wiley-Blackwell";"1990-2026";"Neurology (clinical) (Q1); Neuroscience (miscellaneous) (Q1); Pathology and Forensic Medicine (Q1)";"Medicine; Neuroscience"
35;13070;"Spine Journal";journal;"15299430, 18781632";"Elsevier Inc.";No;No;1,954;Q1;151;270;715;9091;3515;623;4,14;33,67;21,03;1;United States;Northern America;"Elsevier Inc.";"2001-2026";"Neurology (clinical) (Q1); Orthopedics and Sports Medicine (Q1); Surgery (Q1)";"Medicine"
36;17408;"Multiple Sclerosis Journal";journal;"13524585, 14770970";"SAGE Publications Ltd";No;No;1,938;Q1;164;248;808;6553;3275;667;4,21;26,42;48,99;7;United Kingdom;Western Europe;"SAGE Publications Ltd";"1995-2026";"Neurology (Q1); Neurology (clinical) (Q1)";"Medicine; Neuroscience"
37;21100869857;"Stroke and Vascular Neurology";journal;"20598696, 20598688";"BMJ Publishing Group";Yes;No;1,935;Q1;53;73;230;2629;1127;218;5,36;36,01;34,15;0;United Kingdom;Western Europe;"BMJ Publishing Group";"2016-2026";"Cardiology and Cardiovascular Medicine (Q1); Neurology (clinical) (Q1)";"Medicine"
38;15576;"European Neuropsychopharmacology";journal;"0924977X, 18737862";"Elsevier B.V.";No;No;1,934;Q1;139;150;433;5777;1872;289;4,75;38,51;49,55;8;Netherlands;Western Europe;"Elsevier B.V.";"1990-2026";"Biological Psychiatry (Q1); Neurology (Q1); Neurology (clinical) (Q1); Pharmacology (Q1); Pharmacology (medical) (Q1); Psychiatry and Mental Health (Q1)";"Medicine; Neuroscience; Pharmacology, Toxicology and Pharmaceutics"
39;4200151402;"International Journal of Stroke";journal;"17474930, 17474949";"SAGE Publications Ltd";No;No;1,917;Q1;112;131;397;4731;2021;369;5,00;36,11;34,86;0;United Kingdom;Western Europe;"SAGE Publications Ltd";"2006-2026";"Neurology (Q1); Neurology (clinical) (Q1)";"Medicine; Neuroscience"
40;20106;"CNS Drugs";journal;"11791934, 11727047";"";No;No;1,884;Q1;140;71;252;5626;1657;240;6,83;79,24;47,31;1;Switzerland;Western Europe;"";"1994-2026";"Neurology (clinical) (Q1); Pharmacology (medical) (Q1); Psychiatry and Mental Health (Q1)";"Medicine"
41;18712;"Psychiatry and Clinical Neurosciences";journal;"14401819, 13231316";"Wiley-Blackwell Publishing Ltd";No;No;1,826;Q1;103;119;326;5132;1000;150;3,36;43,13;33,57;1;United Kingdom;Western Europe;"Wiley-Blackwell Publishing Ltd";"1933, 1947-2026";"Medicine (miscellaneous) (Q1); Neurology (Q1); Neurology (clinical) (Q1); Neuroscience (miscellaneous) (Q1); Psychiatry and Mental Health (Q1)";"Medicine; Neuroscience"
42;19830;"Sleep";journal;"01618105, 15509109";"Oxford University Press";No;No;1,796;Q1;257;301;1004;12308;4249;794;3,46;40,89;44,67;7;United States;Northern America;"Oxford University Press";"1978-2026";"Behavioral Neuroscience (Q1); Clinical Psychology (Q1); Neurology (clinical) (Q1); Neuropsychology and Physiological Psychology (Q1); Physiology (medical) (Q1)";"Medicine; Neuroscience; Psychology"
43;21100901769;"General Psychiatry";journal;"2517729X, 20965923";"BMJ Publishing Group";Yes;Yes;1,766;Q1;54;74;184;2607;1012;150;5,74;35,23;39,55;1;United Kingdom;Western Europe;"BMJ Publishing Group";"2018-2025";"Neurology (Q1); Neurology (clinical) (Q1); Psychiatry and Mental Health (Q1)";"Medicine; Neuroscience"
44;21100915393;"Neuroscience of Consciousness";journal;"20572107";"Oxford University Press";Yes;No;1,750;Q1;27;39;88;2915;416;88;4,11;74,74;33,33;2;United Kingdom;Western Europe;"Oxford University Press";"2017, 2019-2026";"Clinical Psychology (Q1); Experimental and Cognitive Psychology (Q1); Neurology (Q1); Neurology (clinical) (Q1); Psychiatry and Mental Health (Q1)";"Medicine; Neuroscience; Psychology"
45;19900191888;"Journal of Parkinson's Disease";journal;"1877718X, 18777171";"SAGE Publications Ltd";Yes;No;1,743;Q1;82;175;540;9636;2624;519;4,58;55,06;48,65;0;United Kingdom;Western Europe;"SAGE Publications Ltd";"2011-2026";"Cellular and Molecular Neuroscience (Q1); Neurology (clinical) (Q1)";"Medicine; Neuroscience"
46;14989;"Current Neurology and Neuroscience Reports";journal;"15284042, 15346293";"Springer";No;No;1,694;Q1;105;58;231;4706;1410;231;5,43;81,14;39,34;2;United States;Northern America;"Springer";"2001-2026";"Neurology (clinical) (Q1); Neuroscience (miscellaneous) (Q1)";"Medicine; Neuroscience"
47;21100403234;"Alzheimer's and Dementia: Diagnosis, Assessment and Disease Monitoring";journal;"23528729";"John Wiley and Sons Inc";Yes;No;1,690;Q1;79;154;351;6502;1697;341;4,48;42,22;50,68;6;United States;Northern America;"John Wiley and Sons Inc";"2015-2026";"Neurology (clinical) (Q1); Psychiatry and Mental Health (Q1)";"Medicine"
48;16751;"Journal of Neurology";journal;"03405354, 14321459";"Springer Science and Business Media Deutschland GmbH";No;No;1,687;Q1;175;716;1848;30601;8242;1551;4,34;42,74;45,45;19;Germany;Western Europe;"Springer Science and Business Media Deutschland GmbH";"1974-2026";"Neurology (Q1); Neurology (clinical) (Q1)";"Medicine; Neuroscience"
49;21100823147;"Annals of Clinical and Translational Neurology";journal;"23289503";"John Wiley &amp; Sons Inc.";Yes;No;1,681;Q1;84;293;652;11819;2846;626;4,08;40,34;45,61;1;United States;Northern America;"John Wiley &amp; Sons Inc.";"2014-2026";"Neurology (clinical) (Q1); Neuroscience (miscellaneous) (Q1)";"Medicine; Neuroscience"
50;18059;"Neuroscientist";journal;"10738584, 10894098";"SAGE Publications Inc.";No;No;1,648;Q1;155;70;175;5629;753;143;3,81;80,41;39,77;1;United States;Northern America;"SAGE Publications Inc.";"1995-2026";"Neurology (clinical) (Q1); Neuroscience (miscellaneous) (Q1)";"Medicine; Neuroscience"
51;19700201513;"Journal of NeuroInterventional Surgery";journal;"17598486, 17598478";"BMJ Publishing Group";No;No;1,634;Q1;100;241;969;5752;3581;821;3,52;23,87;27,44;3;United Kingdom;Western Europe;"BMJ Publishing Group";"2009-2026";"Medicine (miscellaneous) (Q1); Neurology (clinical) (Q1); Surgery (Q1)";"Medicine"
52;17300154985;"Autism Research";journal;"19393792, 19393806";"John Wiley and Sons Inc";No;No;1,616;Q1;111;199;603;13302;3361;539;5,52;66,84;63,64;2;United States;Northern America;"John Wiley and Sons Inc";"2008-2026";"Genetics (clinical) (Q1); Neurology (clinical) (Q1); Neuroscience (miscellaneous) (Q1)";"Medicine; Neuroscience"
53;19700174913;"Therapeutic Advances in Neurological Disorders";journal;"17562864, 17562856";"SAGE Publications Ltd";Yes;No;1,614;Q1;81;101;274;4379;1278;258;4,00;43,36;44,69;2;United Kingdom;Western Europe;"SAGE Publications Ltd";"2008-2026";"Neurology (Q1); Neurology (clinical) (Q1); Pharmacology (Q1)";"Medicine; Neuroscience; Pharmacology, Toxicology and Pharmaceutics"
54;14993;"Current Opinion in Neurology";journal;"14736551, 13507540";"Lippincott Williams and Wilkins";No;No;1,606;Q1;147;92;322;5364;1396;287;4,24;58,30;42,50;0;United States;Northern America;"Lippincott Williams and Wilkins";"1993-2026";"Neurology (Q1); Neurology (clinical) (Q1)";"Medicine; Neuroscience"
55;14987;"Developmental Medicine and Child Neurology";journal;"14698749, 00121622";"Wiley-Blackwell";No;No;1,600;Q1;182;313;857;7416;2625;499;2,85;23,69;61,76;2;United States;Northern America;"Wiley-Blackwell";"1958-2026";"Developmental Neuroscience (Q1); Neurology (clinical) (Q1); Pediatrics, Perinatology and Child Health (Q1)";"Medicine; Neuroscience"
56;17990;"Neuropathology and Applied Neurobiology";journal;"03051846, 13652990";"Wiley-Blackwell Publishing Ltd";No;No;1,593;Q1;115;60;260;2697;921;245;3,52;44,95;45,60;0;United Kingdom;Western Europe;"Wiley-Blackwell Publishing Ltd";"1975-2026";"Histology (Q1); Neurology (Q1); Neurology (clinical) (Q1); Pathology and Forensic Medicine (Q1); Physiology (medical) (Q1)";"Medicine; Neuroscience"
57;16101;"Human Brain Mapping";journal;"10659471, 10970193";"Wiley-Liss Inc.";Yes;No;1,584;Q1;231;369;1211;27265;5479;1207;4,19;73,89;40,49;1;United States;Northern America;"Wiley-Liss Inc.";"1993-2026";"Anatomy (Q1); Neurology (Q1); Neurology (clinical) (Q1); Radiological and Ultrasound Technology (Q1); Radiology, Nuclear Medicine and Imaging (Q1)";"Health Professions; Medicine; Neuroscience"
58;21100222534;"NeuroImage: Clinical";journal;"22131582";"Elsevier Inc.";Yes;No;1,566;Q1;117;156;1022;10385;4450;1016;4,07;66,57;42,72;1;United States;Northern America;"Elsevier Inc.";"2012-2026";"Cognitive Neuroscience (Q1); Neurology (Q1); Neurology (clinical) (Q1); Radiology, Nuclear Medicine and Imaging (Q1)";"Medicine; Neuroscience"
59;15549;"European Journal of Neurology";journal;"14681331, 13515101";"Wiley-Blackwell Publishing Ltd";Yes;No;1,561;Q1;157;426;1452;13784;5482;1253;3,73;32,36;47,07;11;United Kingdom;Western Europe;"Wiley-Blackwell Publishing Ltd";"1994-2026";"Neurology (Q1); Neurology (clinical) (Q1)";"Medicine; Neuroscience"
60;14990;"Current Neuropharmacology";journal;"18756190, 1570159X";"Bentham Science Publishers";No;No;1,555;Q1;125;148;478;21334;2924;447;5,02;144,15;47,14;0;United Arab Emirates;Middle East;"Bentham Science Publishers";"2004-2026";"Medicine (miscellaneous) (Q1); Neurology (Q1); Neurology (clinical) (Q1); Pharmacology (Q1); Pharmacology (medical) (Q1); Psychiatry and Mental Health (Q1)";"Medicine; Neuroscience; Pharmacology, Toxicology and Pharmaceutics"
61;19400158804;"Translational Stroke Research";journal;"1868601X, 18684483";"Springer";No;No;1,546;Q1;83;91;274;5433;1412;249;3,97;59,70;34,66;1;United States;Northern America;"Springer";"2010-2026";"Cardiology and Cardiovascular Medicine (Q1); Neurology (clinical) (Q1); Neuroscience (miscellaneous) (Q1)";"Medicine; Neuroscience"
62;12235;"Journal of Neurotrauma";journal;"15579042, 08977151";"Mary Ann Liebert Inc.";No;No;1,542;Q1;187;212;680;12491;3024;640;3,79;58,92;40,03;14;United States;Northern America;"Mary Ann Liebert Inc.";"1988-2026";"Neurology (clinical) (Q1)";"Medicine"
63;21101081603;"Neuro-Oncology Advances";journal;"26322498";"Oxford University Press";Yes;No;1,472;Q1;42;216;520;9494;2006;508;3,52;43,95;37,54;1;United Kingdom;Western Europe;"Oxford University Press";"2019-2026";"Neurology (clinical) (Q1); Oncology (Q1); Surgery (Q1)";"Medicine"
64;17500155127;"Sleep Medicine Clinics";journal;"1556407X, 15564088";"W.B. Saunders";No;No;1,472;Q1;69;63;174;4679;696;150;4,59;74,27;55,47;0;United States;Northern America;"W.B. Saunders";"2006-2026";"Clinical Psychology (Q1); Medicine (miscellaneous) (Q1); Neurology (clinical) (Q1); Neuropsychology and Physiological Psychology (Q1); Psychiatry and Mental Health (Q1)";"Medicine; Psychology"
65;23985;"Neurobiology of Aging";journal;"01974580, 15581497";"Elsevier Inc.";No;No;1,447;Q1;228;137;673;9239;2724;664;3,69;67,44;46,86;1;United States;Northern America;"Elsevier Inc.";"1980-2026";"Developmental Biology (Q1); Geriatrics and Gerontology (Q1); Neurology (clinical) (Q1); Neuroscience (miscellaneous) (Q1); Aging (Q2)";"Biochemistry, Genetics and Molecular Biology; Medicine; Neuroscience"
66;16075;"Headache";journal;"00178748, 15264610";"Wiley-Blackwell Publishing Ltd";No;No;1,426;Q1;154;146;540;4795;2028;416;3,02;32,84;47,96;4;United Kingdom;Western Europe;"Wiley-Blackwell Publishing Ltd";"1961-2026";"Neurology (Q1); Neurology (clinical) (Q1)";"Medicine; Neuroscience"
67;17494;"Neuroepidemiology";journal;"02515350, 14230208";"S. Karger AG";No;No;1,391;Q1;107;56;157;2407;614;150;3,76;42,98;45,33;3;Switzerland;Western Europe;"S. Karger AG";"1982-2026";"Epidemiology (Q1); Neurology (clinical) (Q1)";"Medicine"
68;21100466855;"Neurology and Therapy";journal;"21938253, 21936536";"";Yes;No;1,376;Q1;47;108;322;4596;1398;288;4,26;42,56;42,75;3;United Kingdom;Western Europe;"";"2012-2026";"Neurology (Q1); Neurology (clinical) (Q1)";"Medicine; Neuroscience"
69;14841;"Cephalalgia";journal;"14682982, 03331024";"SAGE Publications Ltd";No;No;1,367;Q1;153;132;461;4862;2083;424;4,62;36,83;47,46;6;United Kingdom;Western Europe;"SAGE Publications Ltd";"1981-2026";"Medicine (miscellaneous) (Q1); Neurology (clinical) (Q1)";"Medicine"
70;15987;"Journal of Pain";journal;"15265900, 15288447";"Elsevier B.V.";No;No;1,357;Q1;174;300;469;18632;1940;457;3,84;62,11;48,96;4;United States;Northern America;"Elsevier B.V.";"2000-2026";"Anesthesiology and Pain Medicine (Q1); Neurology (Q1); Neurology (clinical) (Q1)";"Medicine; Neuroscience"
71;16767;"Journal of Neurosurgery";journal;"19330693, 00223085";"American Association of Neurological Surgeons";No;No;1,354;Q1;253;441;1395;12981;4400;1214;2,97;29,44;27,95;0;United States;Northern America;"American Association of Neurological Surgeons";"1945-2026";"Neurology (clinical) (Q1); Surgery (Q1)";"Medicine"
72;21100332455;"Journal of Huntington's Disease";journal;"18796400, 18796397";"SAGE Publications Ltd";No;No;1,347;Q1;43;47;112;1522;366;106;2,67;32,38;53,21;1;United Kingdom;Western Europe;"SAGE Publications Ltd";"2012-2026";"Neurology (clinical) (Q1); Cellular and Molecular Neuroscience (Q2)";"Medicine; Neuroscience"
73;14900;"Clinical Neurophysiology";journal;"13882457, 18728952";"Elsevier Ireland Ltd";No;No;1,329;Q1;237;271;897;14745;3051;698;3,07;54,41;41,68;0;Ireland;Western Europe;"Elsevier Ireland Ltd";"1999-2026";"Neurology (Q1); Neurology (clinical) (Q1); Physiology (medical) (Q1); Sensory Systems (Q1)";"Medicine; Neuroscience"
74;14945;"Cortex";journal;"19738102, 00109452";"Masson SpA";No;No;1,323;Q1;155;241;720;18776;2373;655;3,25;77,91;47,54;1;Italy;Western Europe;"Masson SpA";"1964-1965, 1968-2026";"Cognitive Neuroscience (Q1); Developmental and Educational Psychology (Q1); Experimental and Cognitive Psychology (Q1); Neurology (Q1); Neurology (clinical) (Q1); Neuropsychology and Physiological Psychology (Q1)";"Medicine; Neuroscience; Psychology"
75;33648;"Neurorehabilitation and Neural Repair";journal;"15526844, 15459683";"SAGE Publications Inc.";No;No;1,322;Q1;141;76;239;3962;1067;236;3,80;52,13;49,80;3;United States;Northern America;"SAGE Publications Inc.";"1987-2026";"Neurology (Q1); Neurology (clinical) (Q1); Rehabilitation (Q1)";"Medicine; Neuroscience"
76;37369;"Journal of Neurosurgery: Spine";journal;"15475646, 15475654";"American Association of Neurological Surgeons";No;No;1,315;Q1;135;197;679;6196;1894;604;2,78;31,45;19,68;0;United States;Northern America;"American Association of Neurological Surgeons";"2003-2026";"Medicine (miscellaneous) (Q1); Neurology (Q1); Neurology (clinical) (Q1); Surgery (Q1)";"Medicine; Neuroscience"
77;21100907002;"Neurospine";journal;"25866583, 25866591";"Korean Spinal Neurosurgery Society";Yes;No;1,297;Q1;45;141;411;4449;1251;319;3,06;31,55;19,93;2;South Korea;Asiatic Region;"Korean Spinal Neurosurgery Society";"2018-2026";"Neurology (clinical) (Q1); Surgery (Q1)";"Medicine"
78;19400158590;"Journal of Neurodevelopmental Disorders";journal;"18661947, 18661955";"BioMed Central Ltd";Yes;No;1,296;Q1;69;71;159;4825;700;157;3,91;67,96;60,12;3;United Kingdom;Western Europe;"BioMed Central Ltd";"2009-2026";"Cognitive Neuroscience (Q1); Neurology (clinical) (Q1); Pathology and Forensic Medicine (Q1); Pediatrics, Perinatology and Child Health (Q1)";"Medicine; Neuroscience"
79;15771;"Muscle and Nerve";journal;"10974598, 0148639X";"John Wiley &amp; Sons Inc.";No;No;1,265;Q1;178;227;714;6990;2100;554;2,58;30,79;44,74;4;United States;Northern America;"John Wiley &amp; Sons Inc.";"1978-2026";"Neurology (clinical) (Q1); Physiology (Q1); Physiology (medical) (Q1); Cellular and Molecular Neuroscience (Q2)";"Biochemistry, Genetics and Molecular Biology; Medicine; Neuroscience"
80;18069;"Neurosurgery";journal;"15244040, 0148396X";"Lippincott Williams and Wilkins";Yes;No;1,249;Q1;236;417;1500;10861;3439;883;2,15;26,05;24,26;1;United States;Northern America;"Lippincott Williams and Wilkins";"1977-2026";"Neurology (clinical) (Q1); Surgery (Q1)";"Medicine"
81;14255;"Autonomic Neuroscience: Basic and Clinical";journal;"15660702, 18727484";"Elsevier B.V.";No;No;1,227;Q1;100;46;218;3726;832;204;3,55;81,00;40,36;0;Netherlands;Western Europe;"Elsevier B.V.";"2000-2026";"Neurology (clinical) (Q1); Cellular and Molecular Neuroscience (Q2); Endocrine and Autonomic Systems (Q2)";"Medicine; Neuroscience"
82;13068;"Spine";journal;"03622436, 15281159";"Wolters Kluwer Health";No;No;1,216;Q1;310;307;1056;8722;3048;957;3,05;28,41;19,04;0;United States;Northern America;"Wolters Kluwer Health";"1976-2026";"Neurology (clinical) (Q1); Orthopedics and Sports Medicine (Q1); Sports Science (Q1)";"Health Professions; Medicine"
83;4700152268;"CONTINUUM Lifelong Learning in Neurology";journal;"10802371, 15386899";"Lippincott Williams and Wilkins";No;No;1,211;Q1;71;123;297;5933;958;269;3,15;48,24;46,88;0;United States;Northern America;"Lippincott Williams and Wilkins";"2006-2026";"Genetics (clinical) (Q1); Medicine (miscellaneous) (Q1); Neurology (clinical) (Q1)";"Medicine"
84;16790;"Journal of Pain and Symptom Management";journal;"18736513, 08853924";"Elsevier Inc.";No;No;1,205;Q1;178;264;903;8766;2801;831;2,87;33,20;58,57;6;United States;Northern America;"Elsevier Inc.";"1986-2026";"Anesthesiology and Pain Medicine (Q1); Neurology (clinical) (Q1); Nursing (miscellaneous) (Q1)";"Medicine; Nursing"
85;18572;"Parkinsonism and Related Disorders";journal;"18735126, 13538020";"Elsevier Ltd";No;No;1,199;Q1;134;318;955;9647;2713;705;2,60;30,34;45,82;3;United Kingdom;Western Europe;"Elsevier Ltd";"1995-2026";"Geriatrics and Gerontology (Q1); Neurology (Q1); Neurology (clinical) (Q1)";"Medicine; Neuroscience"
86;21101183778;"Current Research in Neurobiology";journal;"2665945X";"Elsevier B.V.";Yes;No;1,184;Q1;15;17;105;1469;314;102;2,75;86,41;40,00;0;Netherlands;Western Europe;"Elsevier B.V.";"2020-2026";"Behavioral Neuroscience (Q1); Bioengineering (Q1); Neurology (clinical) (Q1); Cognitive Neuroscience (Q2); Developmental Neuroscience (Q2); Neuroscience (miscellaneous) (Q2)";"Chemical Engineering; Medicine; Neuroscience"
87;29306;"Clinical Autonomic Research";journal;"09599851, 16191560";"Springer Science and Business Media Deutschland GmbH";No;No;1,179;Q1;77;64;256;2571;575;134;1,79;40,17;47,83;0;Germany;Western Europe;"Springer Science and Business Media Deutschland GmbH";"1991-2026";"Medicine (miscellaneous) (Q1); Neurology (clinical) (Q1); Endocrine and Autonomic Systems (Q2)";"Medicine; Neuroscience"
88;130054;"Neurocritical Care";journal;"15560961, 15416933";"Springer";No;No;1,177;Q1;103;314;713;10427;2176;564;2,95;33,21;37,19;2;United States;Northern America;"Springer";"2004-2026";"Critical Care and Intensive Care Medicine (Q1); Neurology (clinical) (Q1)";"Medicine"
89;21370;"Expert Review of Neurotherapeutics";journal;"14737175, 17448360";"Taylor and Francis Ltd.";No;No;1,162;Q1;110;106;309;9261;1100;281;3,23;87,37;42,08;1;United Kingdom;Western Europe;"Taylor and Francis Ltd.";"2001-2026";"Neurology (clinical) (Q1); Pharmacology (medical) (Q1); Neuroscience (miscellaneous) (Q2)";"Medicine; Neuroscience"
90;21100345623;"Global Spine Journal";journal;"21925682, 21925690";"SAGE Publications Inc.";Yes;No;1,153;Q1;69;315;755;10167;2527;685;3,49;32,28;19,22;9;United States;Northern America;"SAGE Publications Inc.";"2014-2026";"Neurology (clinical) (Q1); Orthopedics and Sports Medicine (Q1); Surgery (Q1)";"Medicine"
91;19700174928;"ASN Neuro";journal;"17590914";"SAGE Publications Inc.";Yes;No;1,148;Q1;62;14;109;781;425;109;3,94;55,79;41,03;0;United Kingdom;Western Europe;"SAGE Publications Inc.";"2009-2026";"Neurology (clinical) (Q1); Neuroscience (miscellaneous) (Q2)";"Medicine; Neuroscience"
92;16820;"Journal of the Neurological Sciences";journal;"0022510X, 18785883";"Elsevier B.V.";No;No;1,145;Q1;163;403;990;14689;2945;825;2,88;36,45;38,90;1;Netherlands;Western Europe;"Elsevier B.V.";"1964-2026";"Neurology (Q1); Neurology (clinical) (Q1)";"Medicine; Neuroscience"
93;29954;"Journal of Neuro-Oncology";journal;"15737373, 0167594X";"Springer";No;No;1,139;Q1;147;292;855;9972;2815;815;2,82;34,15;34,11;1;United States;Northern America;"Springer";"1983-2026";"Neurology (Q1); Neurology (clinical) (Q1); Cancer Research (Q2); Oncology (Q2)";"Biochemistry, Genetics and Molecular Biology; Medicine; Neuroscience"
94;20028;"American Journal of Neuroradiology";journal;"1936959X, 01956108";"American Society of Neuroradiology";No;No;1,130;Q1;212;319;983;8940;2958;867;2,75;28,03;30,03;0;United States;Northern America;"American Society of Neuroradiology";"1980-2026";"Medicine (miscellaneous) (Q1); Neurology (clinical) (Q1); Radiology, Nuclear Medicine and Imaging (Q1)";"Medicine"
95;21100381004;"CNS Oncology";journal;"20450915, 20450907";"Taylor and Francis Ltd.";Yes;No;1,123;Q1;38;15;39;518;130;39;2,65;34,53;38,14;0;United Kingdom;Western Europe;"Taylor and Francis Ltd.";"2012-2026";"Neurology (Q1); Neurology (clinical) (Q1)";"Medicine; Neuroscience"
96;3900148612;"Journal of Clinical Sleep Medicine";journal;"15509397, 15509389";"Springer Nature";No;No;1,120;Q1;136;285;973;8589;2884;823;2,46;30,14;44,38;7;United States;Northern America;"Springer Nature";"2005-2026";"Neurology (Q1); Neurology (clinical) (Q1); Pulmonary and Respiratory Medicine (Q1)";"Medicine; Neuroscience"
97;15300154855;"Journal of Neural Transmission";journal;"03009564, 14351463";"Springer";No;No;1,107;Q1;138;130;418;9271;1569;402;4,17;71,32;48,50;0;Austria;Western Europe;"Springer";"1972-2026";"Neurology (Q1); Neurology (clinical) (Q1); Biological Psychiatry (Q2); Psychiatry and Mental Health (Q2)";"Medicine; Neuroscience"
98;21100865008;"Neurology: Genetics";journal;"23767839";"Lippincott Williams and Wilkins";Yes;No;1,105;Q1;44;88;250;2177;627;242;2,52;24,74;50,06;0;United States;Northern America;"Lippincott Williams and Wilkins";"2015-2026";"Neurology (clinical) (Q1); Genetics (clinical) (Q2)";"Medicine"
99;145175;"Neurosurgical Focus";journal;"10920684";"American Association of Neurological Surgeons";Yes;No;1,102;Q1;135;170;527;5708;1628;479;2,58;33,58;26,40;0;United States;Northern America;"American Association of Neurological Surgeons";"1996-2026";"Medicine (miscellaneous) (Q1); Neurology (clinical) (Q1); Surgery (Q1)";"Medicine"
100;16761;"Journal of Neuropathology and Experimental Neurology";journal;"15546578, 00223069";"Oxford University Press";No;No;1,101;Q1;187;104;380;4314;797;266;2,05;41,48;44,49;0;United Kingdom;Western Europe;"Oxford University Press";"1942-2026";"Medicine (miscellaneous) (Q1); Neurology (Q1); Neurology (clinical) (Q1); Pathology and Forensic Medicine (Q1); Cellular and Molecular Neuroscience (Q2)";"Medicine; Neuroscience"
101;32816;"Neural Plasticity";journal;"16875443, 20905904";"John Wiley and Sons Ltd";Yes;No;1,101;Q2;102;12;283;1107;1126;282;3,71;92,25;50,00;0;United Kingdom;Western Europe;"John Wiley and Sons Ltd";"1998-2005, 2007-2026";"Neurology (Q2); Neurology (clinical) (Q2)";"Medicine; Neuroscience"
102;14386;"CNS Spectrums";journal;"10928529, 21656509";"Cambridge University Press";Yes;No;1,095;Q2;100;85;283;4373;909;229;2,75;51,45;48,70;0;United Kingdom;Western Europe;"Cambridge University Press";"1996-2026";"Neurology (clinical) (Q2); Psychiatry and Mental Health (Q2)";"Medicine"
103;17973;"Neuromodulation";journal;"15251403, 10947159";"International Neuromodulation Society";No;No;1,076;Q2;86;162;560;7594;1793;512;3,20;46,88;31,40;3;United States;Northern America;"International Neuromodulation Society";"1998-2026";"Anesthesiology and Pain Medicine (Q1); Medicine (miscellaneous) (Q1); Neurology (Q2); Neurology (clinical) (Q2)";"Medicine; Neuroscience"
104;17525;"Neurologia Medico-Chirurgica";journal;"13498029, 04708105";"Japan Neurosurgical Society";Yes;No;1,070;Q2;68;59;229;1638;593;227;2,48;27,76;11,08;2;Japan;Asiatic Region;"Japan Neurosurgical Society";"1959-1968, 1971-2026";"Surgery (Q1); Neurology (clinical) (Q2)";"Medicine"
105;21100878009;"Neurobiology of Pain";journal;"2452073X";"Elsevier B.V.";Yes;No;1,063;Q2;26;26;87;2235;294;86;3,26;85,96;46,71;0;Netherlands;Western Europe;"Elsevier B.V.";"2017-2026";"Anesthesiology and Pain Medicine (Q1); Neurology (clinical) (Q2); Neuroscience (miscellaneous) (Q2)";"Medicine; Neuroscience"
106;20100195034;"Journal of Neurogastroenterology and Motility";journal;"20930887, 20930879";"Korean Society of Neurogastroenterology and Motility";Yes;No;1,062;Q2;71;66;228;2309;694;178;2,60;34,98;29,84;0;South Korea;Asiatic Region;"Korean Society of Neurogastroenterology and Motility";"2010-2026";"Gastroenterology (Q1); Neurology (clinical) (Q2)";"Medicine"
107;21101133557;"Neurological Research and Practice";journal;"25243489";"Springer Medizin";Yes;No;1,061;Q2;29;60;192;1995;562;144;2,61;33,25;36,46;1;United Kingdom;Western Europe;"Springer Medizin";"2019-2026";"Neurology (Q2); Neurology (clinical) (Q2)";"Medicine; Neuroscience"
108;29549;"Journal of Geriatric Psychiatry and Neurology";journal;"15525708, 08919887";"SAGE Publications Inc.";No;No;1,050;Q2;84;42;201;2122;636;196;3,19;50,52;47,74;1;United States;Northern America;"SAGE Publications Inc.";"1988-2026";"Geriatrics and Gerontology (Q2); Neurology (clinical) (Q2); Psychiatry and Mental Health (Q2)";"Medicine"
109;16834;"Journal of the Peripheral Nervous System";journal;"10859489, 15298027";"Wiley-Blackwell Publishing Ltd";No;No;1,050;Q2;82;59;151;2285;415;143;2,86;38,73;48,83;0;United Kingdom;Western Europe;"Wiley-Blackwell Publishing Ltd";"1996-2026";"Medicine (miscellaneous) (Q1); Neurology (clinical) (Q2); Neuroscience (miscellaneous) (Q2)";"Medicine; Neuroscience"
110;20000195097;"Multiple Sclerosis and Related Disorders";journal;"22110356, 22110348";"Elsevier B.V.";No;No;1,050;Q2;77;519;1859;20856;5301;1602;2,73;40,18;52,27;7;Netherlands;Western Europe;"Elsevier B.V.";"2012-2026";"Medicine (miscellaneous) (Q1); Neurology (Q2); Neurology (clinical) (Q2)";"Medicine; Neuroscience"
111;21100854841;"Pain and Therapy";journal;"2193651X, 21938237";"";Yes;No;1,034;Q2;47;108;327;5424;1327;287;2,87;50,22;38,16;3;United Kingdom;Western Europe;"";"2012-2026";"Anesthesiology and Pain Medicine (Q1); Neurology (clinical) (Q2)";"Medicine"
112;10600153347;"Brain Imaging and Behavior";journal;"19317565, 19317557";"Springer";No;No;1,032;Q2;76;138;556;7807;1677;555;2,83;56,57;44,64;0;United States;Northern America;"Springer";"2007-2026";"Behavioral Neuroscience (Q1); Radiology, Nuclear Medicine and Imaging (Q1); Cellular and Molecular Neuroscience (Q2); Cognitive Neuroscience (Q2); Neurology (Q2); Neurology (clinical) (Q2); Psychiatry and Mental Health (Q2)";"Medicine; Neuroscience"
113;19700175144;"Neurology International";journal;"20358377, 20358385";"Multidisciplinary Digital Publishing Institute (MDPI)";Yes;No;1,021;Q2;33;131;247;8031;886;239;3,06;61,31;45,06;3;Switzerland;Western Europe;"Multidisciplinary Digital Publishing Institute (MDPI)";"2009-2026";"Neurology (clinical) (Q2)";"Medicine"
114;14853;"Cerebellum";journal;"14734230, 14734222";"Springer";No;No;1,016;Q2;94;241;318;12163;941;291;2,96;50,47;46,46;0;United States;Northern America;"Springer";"2002-2026";"Medicine (miscellaneous) (Q1); Neurology (Q2); Neurology (clinical) (Q2)";"Medicine; Neuroscience"
115;21101150081;"Journal of Central Nervous System Disease";journal;"11795735";"SAGE Publications Inc.";Yes;No;1,016;Q2;18;36;89;1916;276;86;2,79;53,22;43,27;0;United States;Northern America;"SAGE Publications Inc.";"2012, 2017, 2019-2026";"Cellular and Molecular Neuroscience (Q2); Neurology (Q2); Neurology (clinical) (Q2)";"Medicine; Neuroscience"
116;21100835138;"Journal of Neuromuscular Diseases";journal;"22143599, 22143602";"SAGE Publications Ltd";No;No;1,016;Q2;49;102;280;4628;936;274;3,10;45,37;54,25;0;United Kingdom;Western Europe;"SAGE Publications Ltd";"2014-2026";"Neurology (Q2); Neurology (clinical) (Q2)";"Medicine; Neuroscience"
117;23481;"Journal of Vestibular Research: Equilibrium and Orientation";journal;"09574271, 18786464";"SAGE Publications Ltd";No;No;1,009;Q2;71;30;135;1027;460;128;3,53;34,23;46,95;0;United Kingdom;Western Europe;"SAGE Publications Ltd";"1990, 1992-2026";"Otorhinolaryngology (Q1); Sensory Systems (Q1); Neurology (clinical) (Q2); Neuroscience (miscellaneous) (Q2)";"Medicine; Neuroscience"
118;21100212316;"Frontiers in Neurology";journal;"16642295";"Frontiers Media SA";Yes;No;0,993;Q2;132;2038;8373;96391;25275;8031;2,70;47,30;43,16;13;Switzerland;Western Europe;"Frontiers Media SA";"2010-2026";"Neurology (Q2); Neurology (clinical) (Q2)";"Medicine; Neuroscience"
119;21101021585;"Journal of Movement Disorders";journal;"2005940X, 20934939";"Korean Movement Disorder Society";Yes;Yes;0,983;Q2;24;75;151;1957;322;84;2,11;26,09;41,29;0;South Korea;Asiatic Region;"Korean Movement Disorder Society";"2016, 2019-2026";"Neurology (Q2); Neurology (clinical) (Q2)";"Medicine; Neuroscience"
120;18500161700;"Pain Medicine (United States)";journal;"15262375, 15264637";"Oxford University Press";No;No;0,982;Q2;135;133;852;3893;2200;653;2,34;29,27;47,11;2;United Kingdom;Western Europe;"Oxford University Press";"2000-2026";"Anesthesiology and Pain Medicine (Q1); Medicine (miscellaneous) (Q1); Neurology (clinical) (Q2)";"Medicine"
121;21100900324;"Epilepsia Open";journal;"24709239";"Wiley-Blackwell Publishing Ltd";Yes;No;0,981;Q2;43;229;355;9149;1058;323;3,02;39,95;48,13;2;United States;Northern America;"Wiley-Blackwell Publishing Ltd";"2016-2026";"Neurology (Q2); Neurology (clinical) (Q2)";"Medicine; Neuroscience"
122;22097;"Neurosurgical Review";journal;"03445607, 14372320";"Springer Science and Business Media Deutschland GmbH";No;No;0,978;Q2;83;770;986;20539;3063;938;2,76;26,67;26,31;2;Germany;Western Europe;"Springer Science and Business Media Deutschland GmbH";"1978-2026";"Medicine (miscellaneous) (Q1); Surgery (Q1); Neurology (clinical) (Q2)";"Medicine"
123;21100235630;"Amyotrophic Lateral Sclerosis and Frontotemporal Degeneration";journal;"21679223, 21678421";"Taylor and Francis Ltd.";No;No;0,957;Q2;93;114;283;3256;728;275;2,64;28,56;50,49;2;United Kingdom;Western Europe;"Taylor and Francis Ltd.";"2013-2026";"Medicine (miscellaneous) (Q1); Neurology (Q2); Neurology (clinical) (Q2)";"Medicine; Neuroscience"
124;4000148206;"Journal of Neurologic Physical Therapy";journal;"15570584, 15570576";"Lippincott Williams and Wilkins Ltd.";No;No;0,956;Q2;72;37;98;1475;249;80;2,71;39,86;62,60;0;United States;Northern America;"Lippincott Williams and Wilkins Ltd.";"2004-2026";"Medicine (miscellaneous) (Q1); Physical Therapy, Sports Therapy and Rehabilitation (Q1); Rehabilitation (Q1); Geriatrics and Gerontology (Q2); Neurology (clinical) (Q2)";"Health Professions; Medicine"
125;17548;"Acta Neurologica Scandinavica";journal;"16000404, 00016314";"John Wiley and Sons Inc";No;No;0,947;Q2;119;39;408;1729;1177;361;2,95;44,33;47,45;0;United Kingdom;Western Europe;"John Wiley and Sons Inc";"1961-2026";"Medicine (miscellaneous) (Q1); Neurology (Q2); Neurology (clinical) (Q2)";"Medicine; Neuroscience"
126;19884;"Spinal Cord";journal;"14765624, 13624393";"Springer Nature";No;No;0,945;Q2;135;101;406;3050;1064;396;2,44;30,20;36,21;0;United Kingdom;Western Europe;"Springer Nature";"1972, 1996-2026";"Medicine (miscellaneous) (Q1); Rehabilitation (Q1); Neurology (Q2); Neurology (clinical) (Q2)";"Medicine; Neuroscience"
127;12218;"Journal of Head Trauma Rehabilitation";journal;"08859701, 1550509X";"Lippincott Williams and Wilkins";No;No;0,944;Q2;122;87;269;3866;809;263;2,99;44,44;63,19;0;United States;Northern America;"Lippincott Williams and Wilkins";"1986-2026";"Physical Therapy, Sports Therapy and Rehabilitation (Q1); Rehabilitation (Q1); Neurology (clinical) (Q2)";"Health Professions; Medicine"
128;21101068012;"North American Spine Society Journal";journal;"26665484";"Elsevier Inc.";Yes;No;0,943;Q2;19;87;227;3200;548;206;2,37;36,78;19,79;0;United States;Northern America;"Elsevier Inc.";"2020-2026";"Orthopedics and Sports Medicine (Q1); Surgery (Q1); Neurology (clinical) (Q2)";"Medicine"
129;19015;"Metabolic Brain Disease";journal;"15737365, 08857490";"Springer";No;No;0,941;Q2;87;121;644;8467;2525;637;3,67;69,98;51,16;0;United States;Northern America;"Springer";"1986-2026";"Biochemistry (Q2); Neurology (clinical) (Q2); Cellular and Molecular Neuroscience (Q3)";"Biochemistry, Genetics and Molecular Biology; Medicine; Neuroscience"
130;17526;"Neurologic Clinics";journal;"07338619, 15579875";"W.B. Saunders";No;No;0,941;Q2;108;62;192;4512;636;168;3,04;72,77;48,23;0;United States;Northern America;"W.B. Saunders";"1983-2026";"Neurology (clinical) (Q2)";"Medicine"
131;21100213700;"Journal of Clinical Neurology (Korea)";journal;"17386586, 20055013";"Korean Neurological Association";Yes;Yes;0,937;Q2;63;101;310;2891;605;181;1,88;28,62;44,38;2;South Korea;Asiatic Region;"Korean Neurological Association";"2008-2026";"Neurology (Q2); Neurology (clinical) (Q2)";"Medicine; Neuroscience"
132;17227;"Journal of Neuroradiology";journal;"17730406, 01509861";"Elsevier Masson s.r.l.";No;No;0,928;Q2;55;76;238;2448;564;175;2,52;32,21;31,76;0;France;Western Europe;"Elsevier Masson s.r.l.";"1974, 1977-2026";"Radiological and Ultrasound Technology (Q1); Radiology, Nuclear Medicine and Imaging (Q1); Neurology (clinical) (Q2)";"Health Professions; Medicine"
133;21100829261;"Clinical Neuroradiology";journal;"18691447, 18691439";"Springer Science and Business Media Deutschland GmbH";No;No;0,921;Q2;46;113;404;3083;1021;334;2,47;27,28;24,13;0;Germany;Western Europe;"Springer Science and Business Media Deutschland GmbH";"2000, 2010-2026";"Radiology, Nuclear Medicine and Imaging (Q1); Neurology (clinical) (Q2)";"Medicine"
134;21101182141;"SLEEP Advances";journal;"26325012";"Oxford University Press";Yes;No;0,920;Q2;16;94;110;5333;262;105;2,28;56,73;51,22;0;United Kingdom;Western Europe;"Oxford University Press";"2020-2026";"Behavioral Neuroscience (Q2); Clinical Psychology (Q2); Neurology (clinical) (Q2); Neuropsychology and Physiological Psychology (Q2); Physiology (medical) (Q2)";"Medicine; Neuroscience; Psychology"
135;16188;"Journal of the International Neuropsychological Society";journal;"13556177, 14697661";"Cambridge University Press";No;No;0,905;Q2;155;103;287;5899;858;285;2,90;57,27;53,98;0;United Kingdom;Western Europe;"Cambridge University Press";"1995-2026";"Clinical Psychology (Q2); Neurology (clinical) (Q2); Neuroscience (miscellaneous) (Q2); Psychiatry and Mental Health (Q2)";"Medicine; Neuroscience; Psychology"
136;16749;"Journal of Neuroimmunology";journal;"18728421, 01655728";"Elsevier B.V.";No;No;0,903;Q2;163;138;550;6584;1520;529;2,55;47,71;44,61;1;Netherlands;Western Europe;"Elsevier B.V.";"1981-2026";"Immunology (Q2); Immunology and Allergy (Q2); Neurology (Q2); Neurology (clinical) (Q2)";"Immunology and Microbiology; Medicine; Neuroscience"
137;16762;"Journal of Neuropsychiatry and Clinical Neurosciences";journal;"08950172, 15457222";"American Psychiatric Association";No;No;0,903;Q2;122;44;135;137;355;109;2,40;3,11;43,44;2;United States;Northern America;"American Psychiatric Association";"1989-2025";"Medicine (miscellaneous) (Q1); Neurology (clinical) (Q2); Psychiatry and Mental Health (Q2)";"Medicine"
138;21100369818;"Neurodegenerative Disease Management";journal;"17582024, 17582032";"Taylor and Francis Ltd.";No;No;0,896;Q2;38;26;108;1157;320;101;2,94;44,50;53,78;0;United Kingdom;Western Europe;"Taylor and Francis Ltd.";"2014-2026";"Medicine (miscellaneous) (Q2); Neurology (clinical) (Q2)";"Medicine"
139;21101056543;"BMJ Neurology Open";journal;"26326140";"BMJ Publishing Group";Yes;No;0,892;Q2;18;101;128;3133;326;125;2,40;31,02;39,31;1;United Kingdom;Western Europe;"BMJ Publishing Group";"2019-2026";"Neurology (Q2); Neurology (clinical) (Q2)";"Medicine; Neuroscience"
140;21101170600;"Psychoradiology";journal;"26344416";"Oxford University Press";Yes;Yes;0,891;Q2;15;28;74;1807;231;69;2,51;64,54;38,26;0;United Kingdom;Western Europe;"Oxford University Press";"2021-2026";"Radiology, Nuclear Medicine and Imaging (Q1); Artificial Intelligence (Q2); Clinical Psychology (Q2); Neurology (clinical) (Q2); Neuroscience (miscellaneous) (Q2); Psychiatry and Mental Health (Q2); Psychology (miscellaneous) (Q2)";"Computer Science; Medicine; Neuroscience; Psychology"
141;17976;"Neuromuscular Disorders";journal;"18732364, 09608966";"Elsevier Ltd";No;No;0,885;Q2;121;107;424;3392;1076;410;2,25;31,70;55,10;4;United Kingdom;Western Europe;"Elsevier Ltd";"1991-2026";"Pediatrics, Perinatology and Child Health (Q1); Genetics (clinical) (Q2); Neurology (Q2); Neurology (clinical) (Q2)";"Medicine; Neuroscience"
142;17997;"Neurophysiologie Clinique";journal;"09877053, 17697131";"Elsevier Masson s.r.l.";No;No;0,871;Q2;82;54;150;2418;432;138;2,21;44,78;43,61;0;France;Western Europe;"Elsevier Masson s.r.l.";"1988-2026";"Medicine (miscellaneous) (Q2); Neurology (Q2); Neurology (clinical) (Q2); Physiology (medical) (Q2)";"Medicine; Neuroscience"
143;14352;"Brain Topography";journal;"15736792, 08960267";"Springer";No;No;0,868;Q2;92;88;182;5624;608;181;3,40;63,91;42,79;0;United States;Northern America;"Springer";"1988-2026";"Anatomy (Q1); Radiological and Ultrasound Technology (Q1); Radiology, Nuclear Medicine and Imaging (Q1); Neurology (Q2); Neurology (clinical) (Q2)";"Health Professions; Medicine; Neuroscience"
144;14314;"Otology and Neurotology";journal;"15374505, 15317129";"Lippincott Williams and Wilkins";No;No;0,866;Q2;135;285;1192;8038;2234;1133;1,70;28,20;38,47;0;United States;Northern America;"Lippincott Williams and Wilkins";"1982, 1988-1989, 1992-1993, 2001-2026";"Otorhinolaryngology (Q1); Medicine (miscellaneous) (Q2); Neurology (clinical) (Q2); Sensory Systems (Q2)";"Medicine; Neuroscience"
145;21100853991;"Movement Disorders Clinical Practice";journal;"23301619";"John Wiley and Sons Ltd";No;No;0,864;Q2;49;271;774;6622;1487;517;1,84;24,44;48,07;1;United States;Northern America;"John Wiley and Sons Ltd";"2014-2026";"Neurology (Q2); Neurology (clinical) (Q2)";"Medicine; Neuroscience"
146;17478;"Topics in Spinal Cord Injury Rehabilitation";journal;"19455763, 10820744";"Allen Press Inc.";No;No;0,862;Q2;50;27;125;1105;362;124;1,29;40,93;61,24;0;United States;Northern America;"Allen Press Inc.";"1998-2025";"Physical Therapy, Sports Therapy and Rehabilitation (Q1); Rehabilitation (Q1); Neurology (clinical) (Q2)";"Health Professions; Medicine"
147;14880;"Clinical Journal of Pain";journal;"15365409, 07498047";"Lippincott Williams and Wilkins";No;No;0,860;Q2;154;104;280;4332;789;260;2,98;41,65;52,45;0;United States;Northern America;"Lippincott Williams and Wilkins";"1985-2026";"Anesthesiology and Pain Medicine (Q1); Neurology (clinical) (Q2)";"Medicine"
148;11200153402;"Journal of Neurosurgery: Pediatrics";journal;"19330707, 19330715";"American Association of Neurological Surgeons";No;No;0,859;Q2;97;163;555;4730;1152;492;1,92;29,02;36,68;0;United States;Northern America;"American Association of Neurological Surgeons";"2008-2026";"Pediatrics, Perinatology and Child Health (Q1); Surgery (Q1); Medicine (miscellaneous) (Q2); Neurology (clinical) (Q2)";"Medicine"
149;16747;"Journal of Neuroimaging";journal;"10512284, 15526569";"Wiley-Blackwell";No;No;0,855;Q2;78;80;352;3295;966;352;2,72;41,19;32,82;0;United States;Northern America;"Wiley-Blackwell";"1991-2026";"Radiology, Nuclear Medicine and Imaging (Q1); Medicine (miscellaneous) (Q2); Neurology (clinical) (Q2)";"Medicine"
150;25336;"Neurodegenerative Diseases";journal;"16602862, 16602854";"S. Karger AG";No;No;0,852;Q2;72;15;61;528;148;59;2,12;35,20;36,49;0;Switzerland;Western Europe;"S. Karger AG";"2004-2025";"Neurology (Q2); Neurology (clinical) (Q2)";"Medicine; Neuroscience"
151;14346;"Brain Research";journal;"18726240, 00068993";"Elsevier B.V.";No;No;0,851;Q2;268;407;865;26944;2516;862;2,74;66,20;44,39;1;Netherlands;Western Europe;"Elsevier B.V.";"1966-2026";"Developmental Biology (Q2); Molecular Biology (Q2); Neurology (clinical) (Q2); Neuroscience (miscellaneous) (Q2)";"Biochemistry, Genetics and Molecular Biology; Medicine; Neuroscience"
152;17309;"Neuroradiology";journal;"14321920, 00283940";"Springer Science and Business Media Deutschland GmbH";No;No;0,843;Q2;112;211;660;7100;1778;610;2,43;33,65;31,55;0;Germany;Western Europe;"Springer Science and Business Media Deutschland GmbH";"1970-2026";"Radiology, Nuclear Medicine and Imaging (Q1); Cardiology and Cardiovascular Medicine (Q2); Neurology (clinical) (Q2)";"Medicine"
153;14991;"European Journal of Paediatric Neurology";journal;"15322130, 10903798";"W.B. Saunders Ltd";No;No;0,836;Q2;83;130;356;4554;741;283;1,87;35,03;59,64;2;United Kingdom;Western Europe;"W.B. Saunders Ltd";"1997-2026";"Pediatrics, Perinatology and Child Health (Q1); Medicine (miscellaneous) (Q2); Neurology (clinical) (Q2)";"Medicine"
154;145172;"Behavioral Sleep Medicine";journal;"15402010, 15402002";"Routledge";No;No;0,832;Q2;74;68;172;3519;469;171;2,27;51,75;60,14;1;United States;Northern America;"Routledge";"2003-2026";"Medicine (miscellaneous) (Q2); Neurology (clinical) (Q2); Neuroscience (miscellaneous) (Q2); Psychology (miscellaneous) (Q2)";"Medicine; Neuroscience; Psychology"
155;13163;"Epilepsy and Behavior";journal;"15255050, 15255069";"Academic Press Inc.";No;No;0,829;Q2;135;476;1628;20530;3864;1488;2,11;43,13;49,74;4;United States;Northern America;"Academic Press Inc.";"2000-2026";"Behavioral Neuroscience (Q2); Neurology (Q2); Neurology (clinical) (Q2)";"Medicine; Neuroscience"
156;15741;"Pediatric Neurology";journal;"18735150, 08878994";"Elsevier Inc.";No;No;0,825;Q2;116;286;605;9084;1523;532;2,03;31,76;55,87;5;United States;Northern America;"Elsevier Inc.";"1985-2026";"Pediatrics, Perinatology and Child Health (Q1); Neurology (Q2); Neurology (clinical) (Q2); Developmental Neuroscience (Q3)";"Medicine; Neuroscience"
157;21101082068;"Cerebral Circulation - Cognition and Behavior";journal;"26662450";"Elsevier B.V.";Yes;No;0,823;Q2;16;52;98;2669;256;95;2,70;51,33;42,06;1;Netherlands;Western Europe;"Elsevier B.V.";"2020-2026";"Behavioral Neuroscience (Q2); Cognitive Neuroscience (Q2); Neurology (Q2); Neurology (clinical) (Q2); Biological Psychiatry (Q3)";"Medicine; Neuroscience"
158;17942;"Neurological Sciences";journal;"15901874, 15903478";"Springer-Verlag Italia s.r.l.";No;No;0,821;Q2;95;692;2256;21079;4831;1754;2,15;30,46;48,74;8;Italy;Western Europe;"Springer-Verlag Italia s.r.l.";"1996-2026";"Dermatology (Q1); Medicine (miscellaneous) (Q2); Neurology (clinical) (Q2); Psychiatry and Mental Health (Q2)";"Medicine"
159;21100236604;"Neurology: Clinical Practice";journal;"21630402, 21630933";"Lippincott Williams and Wilkins";No;No;0,818;Q2;52;163;493;4986;1101;475;2,36;30,59;53,10;0;United States;Northern America;"Lippincott Williams and Wilkins";"2011-2026";"Neurology (clinical) (Q2)";"Medicine"
160;15800154701;"PM&amp;R";journal;"19341482, 19341563";"John Wiley and Sons Inc";No;No;0,815;Q2;97;169;522;5644;1089;442;2,12;33,40;47,36;2;United States;Northern America;"John Wiley and Sons Inc";"2009-2026";"Physical Therapy, Sports Therapy and Rehabilitation (Q1); Rehabilitation (Q1); Medicine (miscellaneous) (Q2); Neurology (Q2); Neurology (clinical) (Q2); Sports Science (Q2)";"Health Professions; Medicine; Neuroscience"
161;14183;"Aphasiology";journal;"14645041, 02687038";"Routledge";No;No;0,809;Q2;88;89;227;5363;643;223;2,67;60,26;70,68;0;United Kingdom;Western Europe;"Routledge";"1987-2026";"Linguistics and Language (Q1); LPN and LVN (Q1); Otorhinolaryngology (Q1); Developmental and Educational Psychology (Q2); Neurology (Q2); Neurology (clinical) (Q2)";"Medicine; Neuroscience; Nursing; Psychology; Social Sciences"
162;5700155920;"Focus on Autism and Other Developmental Disabilities";journal;"10883576, 15384829";"SAGE Publications Inc.";No;No;0,808;Q2;86;22;69;868;173;69;2,10;39,45;69,88;1;United States;Northern America;"SAGE Publications Inc.";"1986-2026";"Pediatrics, Perinatology and Child Health (Q1); Cognitive Neuroscience (Q2); Neurology (Q2); Neurology (clinical) (Q2); Psychiatry and Mental Health (Q2)";"Medicine; Neuroscience"
163;16726;"Journal of Intellectual Disability Research";journal;"09642633, 13652788";"Wiley-Blackwell Publishing Ltd";No;No;0,807;Q2;127;89;254;4228;675;246;2,37;47,51;60,57;4;United Kingdom;Western Europe;"Wiley-Blackwell Publishing Ltd";"1957-1960, 1962-2026";"Arts and Humanities (miscellaneous) (Q1); Rehabilitation (Q1); Neurology (Q2); Neurology (clinical) (Q2); Psychiatry and Mental Health (Q2)";"Arts and Humanities; Medicine; Neuroscience"
164;21776;"Neurosurgery Clinics of North America";journal;"15581349, 10423680";"W.B. Saunders";No;No;0,807;Q2;83;58;192;2877;397;167;1,70;49,60;20,41;0;United States;Northern America;"W.B. Saunders";"1990-2026";"Surgery (Q1); Medicine (miscellaneous) (Q2); Neurology (clinical) (Q2)";"Medicine"
165;16675;"Journal of Clinical Neurophysiology";journal;"15371603, 07360258";"Lippincott Williams and Wilkins";No;No;0,798;Q2;116;91;297;2978;633;269;1,45;32,73;35,24;0;United States;Northern America;"Lippincott Williams and Wilkins";"1984-2026";"Medicine (miscellaneous) (Q2); Neurology (Q2); Neurology (clinical) (Q2); Physiology (Q2); Physiology (medical) (Q2)";"Biochemistry, Genetics and Molecular Biology; Medicine; Neuroscience"
166;19380;"Seizure";journal;"10591311, 15322688";"W.B. Saunders Ltd";No;No;0,792;Q2;110;265;775;9125;1979;709;2,36;34,43;48,01;2;United Kingdom;Western Europe;"W.B. Saunders Ltd";"1992-2026";"Medicine (miscellaneous) (Q2); Neurology (Q2); Neurology (clinical) (Q2)";"Medicine; Neuroscience"
167;17520;"Neurologia";journal;"02134853, 15781968";"Spanish Society of Neurology";Yes;Yes;0,791;Q2;56;94;401;3267;674;223;2,02;34,76;46,68;6;Spain;Western Europe;"Spanish Society of Neurology";"1973-1974, 1986-2026";"Medicine (miscellaneous) (Q2); Neurology (clinical) (Q2)";"Medicine"
168;20041;"Neurourology and Urodynamics";journal;"07332467, 15206777";"John Wiley and Sons Inc";No;No;0,790;Q2;116;254;676;7298;1368;583;1,85;28,73;40,68;3;United States;Northern America;"John Wiley and Sons Inc";"1982-2026";"Urology (Q1); Neurology (clinical) (Q2)";"Medicine"
169;21100780550;"Neurobiology of Sleep and Circadian Rhythms";journal;"24519944";"Elsevier Inc.";Yes;No;0,782;Q2;24;4;40;187;98;40;2,52;46,75;45,83;0;United States;Northern America;"Elsevier Inc.";"2016-2026";"Neurology (Q2); Neurology (clinical) (Q2); Pulmonary and Respiratory Medicine (Q2); Behavioral Neuroscience (Q3)";"Medicine; Neuroscience"
170;14258;"BMC Neurology";journal;"14712377";"BioMed Central Ltd";Yes;No;0,774;Q2;106;489;1422;18804;3487;1415;2,23;38,45;45,16;2;United Kingdom;Western Europe;"BioMed Central Ltd";"2001-2026";"Medicine (miscellaneous) (Q2); Neurology (clinical) (Q2)";"Medicine"
171;21100782390;"Clinical Spine Surgery";journal;"23800194, 23800186";"Lippincott Williams and Wilkins";No;No;0,774;Q2;116;141;490;4731;916;486;1,77;33,55;15,19;0;United States;Northern America;"Lippincott Williams and Wilkins";"2016-2026";"Surgery (Q1); Neurology (clinical) (Q2); Orthopedics and Sports Medicine (Q2)";"Medicine"
172;14995;"Current Pain and Headache Reports";journal;"15343081, 15313433";"Springer";No;No;0,774;Q2;94;125;260;8171;1052;259;3,80;65,37;41,05;5;United States;Northern America;"Springer";"2001-2026";"Anesthesiology and Pain Medicine (Q1); Medicine (miscellaneous) (Q2); Neurology (clinical) (Q2)";"Medicine"
173;14287;"Behavioural Neurology";journal;"09534180, 18758584";"John Wiley and Sons Ltd";Yes;No;0,770;Q2;66;15;162;996;466;159;2,53;66,40;47,31;0;United Kingdom;Western Europe;"John Wiley and Sons Ltd";"1988-1998, 2000-2001, 2003-2026";"Medicine (miscellaneous) (Q2); Neurology (Q2); Neurology (clinical) (Q2); Neuropsychology and Physiological Psychology (Q2)";"Medicine; Neuroscience; Psychology"
174;21101107951;"Comprehensive Psychoneuroendocrinology";journal;"26664976";"Elsevier Ltd";Yes;No;0,763;Q2;19;55;162;3420;422;152;2,29;62,18;61,70;0;United Kingdom;Western Europe;"Elsevier Ltd";"2020-2026";"Endocrinology, Diabetes and Metabolism (Q2); Neurology (clinical) (Q2); Psychiatry and Mental Health (Q2); Psychology (miscellaneous) (Q2); Biological Psychiatry (Q3); Endocrine and Autonomic Systems (Q3); Immunology (Q3)";"Immunology and Microbiology; Medicine; Neuroscience; Psychology"
175;20653;"Topics in Stroke Rehabilitation";journal;"19455119, 10749357";"Taylor and Francis Ltd.";No;No;0,763;Q2;85;79;192;3353;558;189;2,96;42,44;50,48;1;United Kingdom;Western Europe;"Taylor and Francis Ltd.";"1995-2026";"Community and Home Care (Q1); Rehabilitation (Q1); Neurology (clinical) (Q2)";"Medicine; Nursing"
176;22302;"Stereotactic and Functional Neurosurgery";journal;"14230372, 10116125";"S. Karger AG";No;No;0,754;Q2;76;42;154;1588;340;145;2,00;37,81;33,05;0;Switzerland;Western Europe;"S. Karger AG";"1938-1942, 1944, 1946-1949, 1951-2026";"Surgery (Q1); Neurology (clinical) (Q2)";"Medicine"
177;17500155152;"American Journal on Intellectual and Developmental Disabilities";journal;"19447515, 19447558";"American Association on Mental Retardation";No;No;0,753;Q2;101;38;108;1512;285;104;1,78;39,79;71,76;1;United States;Northern America;"American Association on Mental Retardation";"2009-2025";"Arts and Humanities (miscellaneous) (Q1); Developmental and Educational Psychology (Q2); Medicine (miscellaneous) (Q2); Neurology (clinical) (Q2); Neuropsychology and Physiological Psychology (Q2); Pediatrics, Perinatology and Child Health (Q2); Psychiatry and Mental Health (Q2)";"Arts and Humanities; Medicine; Psychology"
178;21100786205;"Experimental Neurobiology";journal;"12262560, 20938144";"Korean Society for Neurodegenerative Disease";Yes;No;0,753;Q2;37;25;107;1225;226;107;1,94;49,00;52,63;0;South Korea;Asiatic Region;"Korean Society for Neurodegenerative Disease";"2015-2025";"Neurology (clinical) (Q2); Cellular and Molecular Neuroscience (Q3)";"Medicine; Neuroscience"
179;19307;"Revue Neurologique";journal;"00353787";"Elsevier Masson s.r.l.";Yes;No;0,753;Q2;65;141;525;6728;1029;367;1,77;47,72;45,44;2;France;Western Europe;"Elsevier Masson s.r.l.";"1946-1947, 1950-1961, 1963-2026";"Neurology (Q2); Neurology (clinical) (Q2)";"Medicine; Neuroscience"
180;21101134737;"NeuroImage: Reports";journal;"26669560";"Elsevier Inc.";Yes;No;0,752;Q2;16;30;170;1883;396;169;2,40;62,77;48,02;0;United States;Northern America;"Elsevier Inc.";"2021-2026";"Neurology (Q2); Neurology (clinical) (Q2); Neuroscience (miscellaneous) (Q3)";"Medicine; Neuroscience"
181;19700177306;"International Journal of Alzheimer's Disease";journal;"20908024, 20900252";"John Wiley and Sons Ltd";Yes;No;0,750;Q2;68;4;14;351;76;14;6,44;87,75;71,43;0;United States;Northern America;"John Wiley and Sons Ltd";"2009-2024";"Neurology (Q2); Neurology (clinical) (Q2); Aging (Q3); Behavioral Neuroscience (Q3); Cellular and Molecular Neuroscience (Q3); Cognitive Neuroscience (Q3)";"Biochemistry, Genetics and Molecular Biology; Medicine; Neuroscience"
182;21101023214;"Multiple Sclerosis Journal - Experimental, Translational and Clinical";journal;"20552173";"SAGE Publications Inc.";Yes;No;0,738;Q2;37;41;174;1291;410;170;2,12;31,49;45,29;0;United Kingdom;Western Europe;"SAGE Publications Inc.";"2015-2026";"Neurology (clinical) (Q2); Cellular and Molecular Neuroscience (Q3)";"Medicine; Neuroscience"
183;20412;"Acta Neurochirurgica";journal;"00016268, 09420940";"Springer";Yes;No;0,736;Q2;117;496;1317;14245;2641;1186;1,80;28,72;27,02;1;Austria;Western Europe;"Springer";"1950-2026";"Surgery (Q1); Neurology (clinical) (Q2)";"Medicine"
184;19700177307;"Parkinson's Disease";journal;"20420080, 20908083";"John Wiley and Sons Ltd";Yes;No;0,734;Q2;67;23;128;1156;341;128;2,24;50,26;47,79;0;United Kingdom;Western Europe;"John Wiley and Sons Ltd";"2008, 2010-2026";"Neurology (clinical) (Q2); Psychiatry and Mental Health (Q2); Neuroscience (miscellaneous) (Q3)";"Medicine; Neuroscience"
185;19831;"Sleep and Breathing";journal;"15221709, 15209512";"Springer Science and Business Media Deutschland GmbH";No;No;0,731;Q2;89;297;781;9928;1896;737;2,38;33,43;47,74;4;Germany;Western Europe;"Springer Science and Business Media Deutschland GmbH";"1996-1997, 1999-2026";"Otorhinolaryngology (Q1); Neurology (clinical) (Q2)";"Medicine"
186;15013;"Current Treatment Options in Neurology";journal;"10928480, 15343138";"Springer";No;No;0,721;Q2;64;35;107;2367;232;105;1,87;67,63;54,20;0;United States;Northern America;"Springer";"1999-2026";"Neurology (clinical) (Q2)";"Medicine"
187;14897;"Journal of Electromyography and Kinesiology";journal;"18735711, 10506411";"Elsevier Ltd";No;No;0,719;Q2;123;62;225;2755;557;222;2,33;44,44;30,99;0;United Kingdom;Western Europe;"Elsevier Ltd";"1991-2026";"Biophysics (Q2); Neurology (clinical) (Q2); Neuroscience (miscellaneous) (Q3); Sports Science (Q3)";"Biochemistry, Genetics and Molecular Biology; Health Professions; Medicine; Neuroscience"
188;21911;"Journal of Neurosurgical Anesthesiology";journal;"15371921, 08984921";"Lippincott Williams and Wilkins";No;No;0,715;Q2;75;67;241;1663;434;176;1,82;24,82;34,91;0;United States;Northern America;"Lippincott Williams and Wilkins";"1989-2026";"Anesthesiology and Pain Medicine (Q2); Neurology (clinical) (Q2); Surgery (Q2)";"Medicine"
189;21101087875;"Free Neuropathology";journal;"26994445";"University of Muenster";Yes;Yes;0,714;Q2;12;25;65;1021;116;57;1,82;40,84;38,36;0;Germany;Western Europe;"University of Muenster";"2020-2025";"Neurology (clinical) (Q2); Pathology and Forensic Medicine (Q2); Cellular and Molecular Neuroscience (Q3)";"Medicine; Neuroscience"
190;15518;"Epileptic Disorders";journal;"19506945, 12949361";"John Wiley &amp; Sons Inc.";No;No;0,713;Q2;70;126;373;2619;699;280;1,71;20,79;47,38;0;United States;Northern America;"John Wiley &amp; Sons Inc.";"1999-2026";"Medicine (miscellaneous) (Q2); Neurology (Q2); Neurology (clinical) (Q2)";"Medicine; Neuroscience"
191;21100215180;"Neurology Research International";journal;"20901860, 20901852";"John Wiley and Sons Ltd";Yes;No;0,710;Q2;45;3;36;166;97;36;3,08;55,33;28,00;0;United Kingdom;Western Europe;"John Wiley and Sons Ltd";"2010-2026";"Neurology (clinical) (Q2); Neurology (Q3)";"Medicine; Neuroscience"
192;19700171401;"World Neurosurgery";journal;"18788769, 18788750";"Elsevier Inc.";No;No;0,709;Q2;131;2001;5197;58238;9810;4540;1,82;29,10;24,71;9;United States;Northern America;"Elsevier Inc.";"1994, 2010-2026";"Neurology (clinical) (Q2); Surgery (Q2)";"Medicine"
193;21100788834;"Tremor and Other Hyperkinetic Movements";journal;"21608288";"Center for Digital Research and Scholarship";Yes;No;0,705;Q2;37;64;143;1878;339;139;2,07;29,34;38,80;0;United States;Northern America;"Center for Digital Research and Scholarship";"2012-2026";"Neurology (clinical) (Q2)";"Medicine"
194;31458;"Acupuncture in Medicine";journal;"09645284, 17599873";"BMJ Publishing Group";No;No;0,703;Q2;59;51;237;1372;442;150;1,82;26,90;42,16;1;United Kingdom;Western Europe;"BMJ Publishing Group";"1992, 1996-2026";"Complementary and Alternative Medicine (Q1); Medicine (miscellaneous) (Q2); Neurology (clinical) (Q2)";"Medicine"
195;15514;"Epilepsy Research";journal;"09201211, 18726844";"Elsevier B.V.";No;No;0,694;Q2;133;136;526;5389;1205;516;1,99;39,63;46,62;0;Netherlands;Western Europe;"Elsevier B.V.";"1987-2026";"Neurology (clinical) (Q2); Neurology (Q3)";"Medicine; Neuroscience"
196;14857;"Cerebrovascular Diseases";journal;"14219786, 10159770";"S. Karger AG";No;No;0,689;Q2;126;51;316;1425;604;298;1,73;27,94;41,04;1;Switzerland;Western Europe;"S. Karger AG";"1987-1988, 1991-2026";"Cardiology and Cardiovascular Medicine (Q2); Medicine (miscellaneous) (Q2); Neurology (clinical) (Q2); Neurology (Q3)";"Medicine; Neuroscience"
197;23884;"Journal of Stroke and Cerebrovascular Diseases";journal;"10523057, 15328511";"W.B. Saunders";Yes;No;0,688;Q2;89;493;1566;16625;3241;1482;1,89;33,72;36,13;5;United States;Northern America;"W.B. Saunders";"1991-2026";"Rehabilitation (Q1); Cardiology and Cardiovascular Medicine (Q2); Neurology (clinical) (Q2); Surgery (Q2)";"Medicine"
198;14836;"Canadian Journal of Neurological Sciences";journal;"03171671, 20570155";"Cambridge University Press";No;No;0,686;Q2;85;200;531;4275;753;328;1,50;21,38;45,25;5;United Kingdom;Western Europe;"Cambridge University Press";"1974-2026";"Medicine (miscellaneous) (Q2); Neurology (clinical) (Q2); Neurology (Q3)";"Medicine; Neuroscience"
199;19384;"Seminars in Neurology";journal;"10989021, 02718235";"Thieme Medical Publishers, Inc.";No;No;0,680;Q2;92;86;241;7155;504;208;1,85;83,20;54,55;2;United States;Northern America;"Thieme Medical Publishers, Inc.";"1983-1984, 1986-2026";"Neurology (clinical) (Q2); Neurology (Q3)";"Medicine; Neuroscience"
200;21100787040;"Clinical Neurophysiology Practice";journal;"2467981X";"Elsevier B.V.";Yes;No;0,676;Q2;33;37;132;1790;286;108;2,46;48,38;38,14;0;Netherlands;Western Europe;"Elsevier B.V.";"2016-2026";"Neurology (clinical) (Q2); Physiology (medical) (Q2); Neurology (Q3)";"Medicine; Neuroscience"
201;21100967310;"Translational Medicine of Aging";journal;"24685011";"KeAi Communications Co.";Yes;No;0,664;Q2;15;8;28;618;53;26;1,74;77,25;38,24;0;China;Asiatic Region;"KeAi Communications Co.";"2017-2025";"Neurology (clinical) (Q2); Aging (Q3); Cell Biology (Q3); Geriatrics and Gerontology (Q3); Physiology (Q3)";"Biochemistry, Genetics and Molecular Biology; Medicine"
202;16683;"Journal of Clinical Neuroscience";journal;"09675868, 15322653";"Churchill Livingstone";No;No;0,654;Q3;110;393;1205;11990;2353;1113;1,85;30,51;28,44;0;United Kingdom;Western Europe;"Churchill Livingstone";"1994-2026";"Medicine (miscellaneous) (Q2); Surgery (Q2); Neurology (Q3); Neurology (clinical) (Q3); Physiology (medical) (Q3)";"Medicine; Neuroscience"
203;18619;"Practical Neurology";journal;"14747758, 14747766";"BMJ Publishing Group";No;No;0,649;Q3;68;103;427;1704;677;341;1,34;16,54;43,96;2;United Kingdom;Western Europe;"BMJ Publishing Group";"2001-2026";"Medicine (miscellaneous) (Q2); Neurology (clinical) (Q3)";"Medicine"
204;21100837200;"Schizophrenia Research and Treatment";journal;"20902085, 20902093";"John Wiley and Sons Ltd";Yes;No;0,647;Q3;13;0;7;0;21;7;3,00;0,00;0,00;0;United Kingdom;Western Europe;"John Wiley and Sons Ltd";"2014-2023";"Psychiatry and Mental Health (Q2); Neurology (clinical) (Q3)";"Medicine"
205;19386;"Seminars in Pediatric Neurology";journal;"10719091, 15580776";"W.B. Saunders";No;No;0,647;Q3;75;35;125;1882;299;103;1,75;53,77;73,33;0;United States;Northern America;"W.B. Saunders";"1994-2026";"Pediatrics, Perinatology and Child Health (Q2); Neurology (clinical) (Q3)";"Medicine"
206;16785;"Journal of NeuroVirology";journal;"15382443, 13550284";"Springer Science and Business Media Deutschland GmbH";No;No;0,634;Q3;101;50;261;2727;526;255;1,83;54,54;53,39;1;Germany;Western Europe;"Springer Science and Business Media Deutschland GmbH";"1995-2026";"Cellular and Molecular Neuroscience (Q3); Neurology (Q3); Neurology (clinical) (Q3); Virology (Q3)";"Immunology and Microbiology; Medicine; Neuroscience"
207;6400153146;"Head and Face Medicine";journal;"1746160X";"BioMed Central Ltd";Yes;No;0,631;Q3;57;72;144;2908;389;144;2,65;40,39;38,37;0;United Kingdom;Western Europe;"BioMed Central Ltd";"2005-2026";"Dentistry (miscellaneous) (Q1); Medicine (miscellaneous) (Q2); Otorhinolaryngology (Q2); Neurology (clinical) (Q3)";"Dentistry; Medicine"
208;21100199786;"International Neurourology Journal";journal;"20934777, 20936931";"Korean Continence Society";Yes;Yes;0,630;Q3;41;57;177;1713;332;151;1,82;30,05;29,72;0;South Korea;Asiatic Region;"Korean Continence Society";"2010-2025";"Urology (Q2); Neurology (Q3); Neurology (clinical) (Q3)";"Medicine; Neuroscience"
209;145007;"Clinical EEG and Neuroscience";journal;"15500594, 21695202";"SAGE Publications Inc.";No;No;0,627;Q3;69;70;183;3019;431;175;2,01;43,13;45,77;3;United States;Northern America;"SAGE Publications Inc.";"1970-1985, 1988-2026";"Medicine (miscellaneous) (Q2); Neurology (Q3); Neurology (clinical) (Q3)";"Medicine; Neuroscience"
210;21101065235;"Clinical Parkinsonism and Related Disorders";journal;"25901125";"Elsevier Ltd";Yes;No;0,626;Q3;20;60;146;1874;296;129;1,70;31,23;40,98;0;United Kingdom;Western Europe;"Elsevier Ltd";"2019-2026";"Neurology (clinical) (Q3); Cellular and Molecular Neuroscience (Q4)";"Medicine; Neuroscience"
211;17193;"Interventional Neuroradiology";journal;"15910199, 23852011";"SAGE Publications Inc.";No;No;0,625;Q3;48;349;465;9081;920;437;1,92;26,02;22,22;5;Italy;Western Europe;"SAGE Publications Inc.";"1996-2026";"Cardiology and Cardiovascular Medicine (Q2); Radiology, Nuclear Medicine and Imaging (Q2); Neurology (clinical) (Q3)";"Medicine"
212;19500157041;"Scandinavian Journal of Pain";journal;"18778879, 18778860";"Walter de Gruyter GmbH";Yes;No;0,621;Q3;44;94;250;3759;476;242;1,85;39,99;54,62;1;Germany;Western Europe;"Walter de Gruyter GmbH";"2010-2025";"Anesthesiology and Pain Medicine (Q2); Neurology (clinical) (Q3)";"Medicine"
213;17524;"Neurologia i Neurochirurgia Polska";journal;"00283843, 18974260";"Via Medica";No;No;0,617;Q3;38;86;257;3228;503;182;1,93;37,53;46,38;0;Poland;Eastern Europe;"Via Medica";"1967-2025";"Surgery (Q2); Neurology (clinical) (Q3)";"Medicine"
214;21100896304;"World Neurosurgery: X";journal;"25901397";"Elsevier Inc.";Yes;No;0,617;Q3;21;147;103;5063;206;97;1,99;34,44;23,41;0;United States;Northern America;"Elsevier Inc.";"2019-2026";"Surgery (Q2); Neurology (clinical) (Q3)";"Medicine"
215;17546;"Acta Neurologica Belgica";journal;"03009009, 22402993";"Springer Science and Business Media Deutschland GmbH";No;No;0,612;Q3;47;328;927;6709;1311;550;1,27;20,45;43,69;1;Germany;Western Europe;"Springer Science and Business Media Deutschland GmbH";"1959-1965, 1970-2026";"Medicine (miscellaneous) (Q2); Neurology (clinical) (Q3)";"Medicine"
216;28755;"Brain Tumor Pathology";journal;"14337398, 1861387X";"Springer";No;No;0,611;Q3;49;20;89;521;201;79;2,44;26,05;20,78;0;Singapore;Asiatic Region;"Springer";"1997-2026";"Medicine (miscellaneous) (Q2); Cancer Research (Q3); Neurology (clinical) (Q3); Oncology (Q3)";"Biochemistry, Genetics and Molecular Biology; Medicine"
217;15575;"European Neurology";journal;"14219913, 00143022";"S. Karger AG";No;No;0,611;Q3;96;30;203;1162;426;182;1,93;38,73;42,25;1;Switzerland;Western Europe;"S. Karger AG";"1897-2026";"Neurology (Q3); Neurology (clinical) (Q3)";"Medicine; Neuroscience"
218;21101128453;"ATS Scholar";journal;"26907097";"American Thoracic Society";Yes;No;0,607;Q3;16;77;215;1557;312;171;1,09;20,22;52,33;0;United States;Northern America;"American Thoracic Society";"2020-2025";"Critical Care and Intensive Care Medicine (Q2); Education (Q2); Pulmonary and Respiratory Medicine (Q2); Neurology (clinical) (Q3)";"Medicine; Social Sciences"
219;21101072359;"Biomarkers in Neuropsychiatry";journal;"26661446";"Elsevier B.V.";Yes;No;0,603;Q3;17;28;48;1657;114;45;2,27;59,18;43,98;0;Netherlands;Western Europe;"Elsevier B.V.";"2019-2025";"Biochemistry (medical) (Q2); Clinical Biochemistry (Q3); Neurology (clinical) (Q3); Psychiatry and Mental Health (Q3)";"Biochemistry, Genetics and Molecular Biology; Medicine"
220;12100154808;"Journal of Korean Neurosurgical Society";journal;"15987876, 20053711";"Korean Neurosurgical Society";Yes;No;0,595;Q3;55;89;292;2612;515;272;1,75;29,35;25,38;0;South Korea;Asiatic Region;"Korean Neurosurgical Society";"2008-2026";"Surgery (Q2); Neurology (clinical) (Q3); Neuroscience (miscellaneous) (Q3)";"Medicine; Neuroscience"
221;14895;"Clinical Neurology and Neurosurgery";journal;"18726968, 03038467";"Elsevier B.V.";No;No;0,594;Q3;93;487;1405;15387;2492;1341;1,64;31,60;32,42;0;Netherlands;Western Europe;"Elsevier B.V.";"1974-1976, 1978-2026";"Medicine (miscellaneous) (Q2); Surgery (Q2); Neurology (clinical) (Q3)";"Medicine"
222;130034;"Current Alzheimer Research";journal;"18755828, 15672050";"Bentham Science Publishers";No;No;0,593;Q3;112;58;262;3990;522;252;1,79;68,79;43,17;0;United Arab Emirates;Middle East;"Bentham Science Publishers";"2004-2026";"Neurology (Q3); Neurology (clinical) (Q3)";"Medicine; Neuroscience"
223;16674;"Journal of Child Neurology";journal;"17088283, 08830738";"SAGE Publications Inc.";No;No;0,586;Q3;128;60;339;1924;650;312;1,76;32,07;59,48;0;United States;Northern America;"SAGE Publications Inc.";"1986-2026";"Pediatrics, Perinatology and Child Health (Q2); Neurology (clinical) (Q3)";"Medicine"
224;21100854644;"Current Sleep Medicine Reports";journal;"21986401";"Springer Science and Business Media Deutschland GmbH";No;No;0,584;Q3;34;40;69;2893;134;69;2,17;72,33;52,17;1;Switzerland;Western Europe;"Springer Science and Business Media Deutschland GmbH";"2015-2026";"Pulmonary and Respiratory Medicine (Q2); Neurology (Q3); Neurology (clinical) (Q3)";"Medicine; Neuroscience"
225;14340;"Brain Injury";journal;"1362301X, 02699052";"Taylor and Francis Ltd.";No;No;0,572;Q3;127;146;453;6684;832;446;1,65;45,78;53,54;1;United Kingdom;Western Europe;"Taylor and Francis Ltd.";"1987-2026";"Developmental and Educational Psychology (Q3); Neurology (clinical) (Q3); Neuroscience (miscellaneous) (Q3)";"Medicine; Neuroscience; Psychology"
226;21100936546;"Chinese Neurosurgical Journal";journal;"20574967";"BioMed Central Ltd";Yes;Yes;0,562;Q3;19;32;132;1073;231;127;1,85;33,53;33,19;0;United Kingdom;Western Europe;"BioMed Central Ltd";"2015-2026";"Surgery (Q2); Neurology (Q3); Neurology (clinical) (Q3)";"Medicine; Neuroscience"
227;14320;"Brain and Development";journal;"18727131, 03877604";"Elsevier B.V.";No;No;0,561;Q3;102;61;367;1668;576;337;1,37;27,34;39,73;0;Netherlands;Western Europe;"Elsevier B.V.";"1979-2026";"Medicine (miscellaneous) (Q2); Pediatrics, Perinatology and Child Health (Q2); Developmental Neuroscience (Q3); Neurology (clinical) (Q3)";"Medicine; Neuroscience"
228;21100466753;"Operative Neurosurgery";journal;"23324252, 23324260";"Lippincott Williams and Wilkins";No;No;0,557;Q3;47;353;1456;5202;1454;987;0,89;14,74;20,73;0;United States;Northern America;"Lippincott Williams and Wilkins";"2010, 2012-2026";"Surgery (Q2); Neurology (clinical) (Q3)";"Medicine"
229;21100307455;"Journal of Oral and Facial Pain and Headache";journal;"23330384, 23330376";"MRE Press";No;No;0,556;Q3;57;41;81;1927;171;72;2,02;47,00;45,19;0;Singapore;Asiatic Region;"MRE Press";"1993-2002, 2004-2026";"Anesthesiology and Pain Medicine (Q2); Dentistry (miscellaneous) (Q2); Neurology (clinical) (Q3)";"Dentistry; Medicine"
230;18019;"NeuroRehabilitation";journal;"10538135, 18786448";"SAGE Publications Ltd";No;No;0,552;Q3;87;110;325;5123;623;316;1,67;46,57;48,96;0;United Kingdom;Western Europe;"SAGE Publications Ltd";"1991-2026";"Physical Therapy, Sports Therapy and Rehabilitation (Q2); Rehabilitation (Q2); Neurology (clinical) (Q3)";"Health Professions; Medicine"
231;17940;"Neurological Research";journal;"17431328, 01616412";"Taylor and Francis Ltd.";No;No;0,549;Q3;92;118;403;4676;734;402;1,52;39,63;45,57;0;United Kingdom;Western Europe;"Taylor and Francis Ltd.";"1979-2026";"Medicine (miscellaneous) (Q2); Neurology (Q3); Neurology (clinical) (Q3)";"Medicine; Neuroscience"
232;21100967241;"Epilepsy and Behavior Reports";journal;"25899864";"Elsevier Inc.";Yes;No;0,545;Q3;26;94;231;3142;423;212;1,57;33,43;39,55;0;United States;Northern America;"Elsevier Inc.";"2019-2026";"Neurology (Q3); Neurology (clinical) (Q3); Behavioral Neuroscience (Q4)";"Medicine; Neuroscience"
233;16815;"Journal of Spinal Cord Medicine";journal;"20457723, 10790268";"Taylor and Francis Ltd.";No;No;0,539;Q3;84;108;367;3719;633;341;1,63;34,44;50,18;7;United Kingdom;Western Europe;"Taylor and Francis Ltd.";"1995-2026";"Neurology (clinical) (Q3)";"Medicine"
234;21100217607;"International Journal of MS Care";journal;"15372073";"Consortium of Multiple Sclerosis";No;No;0,536;Q3;41;57;144;1650;243;122;1,63;28,95;57,40;0;United States;Northern America;"Consortium of Multiple Sclerosis";"2012-2026";"Advanced and Specialized Nursing (Q1); Neurology (clinical) (Q3)";"Medicine; Nursing"
235;12736;"Journal of Clinical and Experimental Neuropsychology";journal;"1744411X, 13803395";"Taylor and Francis Ltd.";No;No;0,534;Q3;129;77;207;4942;403;203;1,23;64,18;54,76;0;United Kingdom;Western Europe;"Taylor and Francis Ltd.";"1985-2026";"Clinical Psychology (Q2); Neurology (Q3); Neurology (clinical) (Q3); Neuropsychology and Physiological Psychology (Q3)";"Medicine; Neuroscience; Psychology"
236;130017;"Current Neurovascular Research";journal;"15672026, 18755739";"Bentham Science Publishers";No;No;0,532;Q3;64;59;187;2940;349;173;1,50;49,83;39,21;0;United Arab Emirates;Middle East;"Bentham Science Publishers";"2004-2026";"Developmental Neuroscience (Q3); Neurology (Q3); Neurology (clinical) (Q3); Cellular and Molecular Neuroscience (Q4)";"Medicine; Neuroscience"
237;21100836861;"Advances in Autism";journal;"20563876, 20563868";"Emerald Group Publishing Ltd.";No;No;0,530;Q3;20;28;76;1356;127;71;1,15;48,43;71,43;0;United Kingdom;Western Europe;"Emerald Group Publishing Ltd.";"2015-2026";"Cognitive Neuroscience (Q3); Developmental and Educational Psychology (Q3); Neurology (Q3); Neurology (clinical) (Q3); Psychiatry and Mental Health (Q3)";"Medicine; Neuroscience; Psychology"
238;19228;"Restorative Neurology and Neuroscience";journal;"18783627, 09226028";"SAGE Publications Ltd";No;No;0,530;Q3;89;17;55;1029;122;55;2,08;60,53;47,78;0;United Kingdom;Western Europe;"SAGE Publications Ltd";"1989-2026";"Developmental Neuroscience (Q3); Neurology (Q3); Neurology (clinical) (Q3)";"Medicine; Neuroscience"
239;21101019390;"Personality Neuroscience";journal;"25139886";"Cambridge University Press";Yes;No;0,528;Q3;11;10;22;853;53;21;2,07;85,30;33,33;0;United States;Northern America;"Cambridge University Press";"2018-2026";"Cognitive Neuroscience (Q3); Neurology (clinical) (Q3); Psychiatry and Mental Health (Q3); Behavioral Neuroscience (Q4)";"Medicine; Neuroscience"
240;21100925697;"Spine Surgery and Related Research";journal;"2432261X";"Japanese Society for Spine Surgery and Related Research";Yes;Yes;0,523;Q3;25;93;276;2740;392;244;1,45;29,46;10,70;0;Japan;Asiatic Region;"Japanese Society for Spine Surgery and Related Research";"2017-2026";"Orthopedics and Sports Medicine (Q2); Surgery (Q2); Neurology (clinical) (Q3)";"Medicine"
241;17306;"Neuroimaging Clinics of North America";journal;"10525149, 15579867";"W.B. Saunders";No;No;0,519;Q3;75;60;194;3405;288;145;1,48;56,75;24,81;0;United States;Northern America;"W.B. Saunders";"1993-2026";"Radiology, Nuclear Medicine and Imaging (Q2); Medicine (miscellaneous) (Q3); Neurology (clinical) (Q3)";"Medicine"
242;16102;"Human Psychopharmacology";journal;"10991077, 08856222";"John Wiley and Sons Ltd";No;No;0,510;Q3;89;23;106;1061;177;104;1,86;46,13;42,75;0;United Kingdom;Western Europe;"John Wiley and Sons Ltd";"1986-2026";"Neurology (Q3); Neurology (clinical) (Q3); Pharmacology (medical) (Q3); Psychiatry and Mental Health (Q3)";"Medicine; Neuroscience"
243;28222;"Journal of Neuroscience Nursing";journal;"08880395";"Lippincott Williams and Wilkins Ltd.";No;No;0,505;Q3;54;60;169;1048;232;142;1,38;17,47;67,25;0;United States;Northern America;"Lippincott Williams and Wilkins Ltd.";"1986-2026";"Medical and Surgical Nursing (Q1); Surgery (Q2); Neurology (clinical) (Q3); Endocrine and Autonomic Systems (Q4)";"Medicine; Neuroscience; Nursing"
244;21100396116;"Cerebrovascular Diseases Extra";journal;"16645456";"S. Karger AG";Yes;No;0,503;Q3;25;28;61;953;123;59;1,88;34,04;36,64;1;Switzerland;Western Europe;"S. Karger AG";"2015-2026";"Cardiology and Cardiovascular Medicine (Q2); Neurology (Q3); Neurology (clinical) (Q3)";"Medicine; Neuroscience"
245;17980;"Neuropathology";journal;"09196544, 14401789";"Wiley-Blackwell Publishing Ltd";No;No;0,497;Q3;74;55;184;1698;229;171;1,24;30,87;28,35;0;United Kingdom;Western Europe;"Wiley-Blackwell Publishing Ltd";"1993-2026";"Pathology and Forensic Medicine (Q2); Medicine (miscellaneous) (Q3); Neurology (clinical) (Q3)";"Medicine"
246;21100873619;"European Journal of Translational Myology";journal;"20377460, 20377452";"Page Press Publications";Yes;No;0,496;Q3;22;72;206;2358;420;206;2,26;32,75;38,90;0;Italy;Western Europe;"Page Press Publications";"2018-2025";"Molecular Biology (Q3); Neurology (clinical) (Q3); Orthopedics and Sports Medicine (Q3); Cell Biology (Q4)";"Biochemistry, Genetics and Molecular Biology; Medicine"
247;15628;"Folia Neuropathologica";journal;"16414640, 1509572X";"Termedia Publishing House Ltd.";Yes;No;0,494;Q3;47;47;154;1713;260;152;1,71;36,45;43,70;0;Poland;Eastern Europe;"Termedia Publishing House Ltd.";"1994-2025";"Pathology and Forensic Medicine (Q2); Neurology (clinical) (Q3)";"Medicine"
248;21101081518;"Neurointervention";journal;"22336273, 20939043";"Korean Society of Interventional Neuroradiology";Yes;Yes;0,494;Q3;13;31;107;515;147;95;1,03;16,61;19,84;0;South Korea;Asiatic Region;"Korean Society of Interventional Neuroradiology";"2019-2025";"Radiology, Nuclear Medicine and Imaging (Q2); Neurology (clinical) (Q3)";"Medicine"
249;21101048847;"Mental Health Clinician";journal;"21689709";"Allen Press Inc.";Yes;No;0,488;Q3;29;41;120;1106;146;112;1,05;26,98;69,06;0;United States;Northern America;"Allen Press Inc.";"2011-2025";"Pharmacology, Toxicology and Pharmaceutics (miscellaneous) (Q2); Neurology (clinical) (Q3); Neuropsychology and Physiological Psychology (Q3); Pharmacology (medical) (Q3)";"Medicine; Pharmacology, Toxicology and Pharmaceutics; Psychology"
250;21772;"Neurochirurgie";journal;"17730619, 00283770";"Elsevier Masson s.r.l.";No;No;0,484;Q3;40;87;364;2358;487;278;1,06;27,10;24,00;0;France;Western Europe;"Elsevier Masson s.r.l.";"1955-2026";"Surgery (Q2); Neurology (clinical) (Q3)";"Medicine"
251;14874;"Child's Nervous System";journal;"02567040, 14330350";"Springer Science and Business Media Deutschland GmbH";No;No;0,478;Q3;106;526;1323;14627;1739;1166;1,21;27,81;35,30;0;Germany;Western Europe;"Springer Science and Business Media Deutschland GmbH";"1985-2026";"Pediatrics, Perinatology and Child Health (Q2); Medicine (miscellaneous) (Q3); Neurology (clinical) (Q3)";"Medicine"
252;19700177308;"Stroke Research and Treatment";journal;"20908105, 20420056";"John Wiley and Sons Ltd";Yes;No;0,478;Q3;49;4;41;184;80;41;1,80;46,00;41,67;0;United Kingdom;Western Europe;"John Wiley and Sons Ltd";"2010-2025";"Neurology (clinical) (Q3)";"Medicine"
253;19900191908;"Innovations in Clinical Neuroscience";journal;"21588341, 21588333";"Matrix Medical Communications";Yes;No;0,474;Q3;53;36;128;1025;200;102;1,56;28,47;57,43;0;United States;Northern America;"Matrix Medical Communications";"2011-2025";"Neurology (clinical) (Q3); Psychiatry and Mental Health (Q3)";"Medicine"
254;19700201207;"Journal of Craniovertebral Junction and Spine";journal;"09748237, 09769285";"Wolters Kluwer Medknow Publications";Yes;Yes;0,468;Q3;34;83;183;2251;233;174;1,12;27,12;14,36;0;India;Asiatic Region;"Wolters Kluwer Medknow Publications";"2010-2026";"Surgery (Q2); Neurology (clinical) (Q3)";"Medicine"
255;9500153993;"Neuroradiology Journal";journal;"23851996, 19714009";"SAGE Publications Inc.";No;No;0,462;Q3;36;103;311;3141;429;306;1,22;30,50;27,53;0;Italy;Western Europe;"SAGE Publications Inc.";"2006-2026";"Medicine (miscellaneous) (Q3); Neurology (clinical) (Q3); Radiology, Nuclear Medicine and Imaging (Q3)";"Medicine"
256;21707;"Journal of Neurosurgical Sciences";journal;"03905616, 18271855";"Edizioni Minerva Medica";No;No;0,461;Q3;46;93;316;2830;384;242;1,14;30,43;34,07;0;Italy;Western Europe;"Edizioni Minerva Medica";"1957-2026";"Surgery (Q2); Neurology (clinical) (Q3)";"Medicine"
257;19700172802;"Dementia e Neuropsychologia";journal;"19805764";"Academia Brasileira de Neurologia";Yes;Yes;0,454;Q3;44;59;193;2344;287;187;1,45;39,73;51,40;0;Brazil;Latin America;"Academia Brasileira de Neurologia";"2009-2026";"Cognitive Neuroscience (Q3); Geriatrics and Gerontology (Q3); Neurology (Q3); Neurology (clinical) (Q3); Sensory Systems (Q4)";"Medicine; Neuroscience"
258;21100242270;"Journal of Neurological Surgery, Part B: Skull Base";journal;"2193634X, 21936331";"Thieme Medical Publishers, Inc.";No;No;0,453;Q3;59;126;417;3543;659;410;1,52;28,12;28,14;0;United States;Northern America;"Thieme Medical Publishers, Inc.";"2012-2026";"Neurology (clinical) (Q3)";"Medicine"
259;14224;"Arquivos de Neuro-Psiquiatria";journal;"16784227, 0004282X";"Associacao Arquivos de Neuro-Psiquiatria";Yes;Yes;0,448;Q3;63;151;593;4433;743;503;1,39;29,36;43,89;0;Brazil;Latin America;"Associacao Arquivos de Neuro-Psiquiatria";"1945-1965, 1971-2026";"Neurology (Q3); Neurology (clinical) (Q3); Biological Psychiatry (Q4)";"Medicine; Neuroscience"
260;4700152407;"Annals of Indian Academy of Neurology";journal;"09722327, 19983549";"Wolters Kluwer Medknow Publications";Yes;Yes;0,447;Q3;50;186;859;3134;668;349;0,72;16,85;34,24;0;India;Asiatic Region;"Wolters Kluwer Medknow Publications";"2006-2025";"Neurology (clinical) (Q3)";"Medicine"
261;16868;"Motor Control";journal;"10871640, 15432696";"Human Kinetics Publishers Inc.";No;No;0,441;Q3;55;29;138;1310;181;137;1,43;45,17;29,31;0;United States;Northern America;"Human Kinetics Publishers Inc.";"1987, 1997-2026";"Physical Therapy, Sports Therapy and Rehabilitation (Q2); Neurology (clinical) (Q3); Physiology (medical) (Q3); Sports Science (Q3)";"Health Professions; Medicine"
262;14484;"Journal of Neuro-Ophthalmology";journal;"10708022, 15365166";"Lippincott Williams and Wilkins";No;No;0,433;Q3;80;376;795;3424;775;619;0,84;9,11;44,29;0;United States;Northern America;"Lippincott Williams and Wilkins";"1994-2026";"Medicine (miscellaneous) (Q3); Neurology (clinical) (Q3); Ophthalmology (Q3)";"Medicine"
263;21100216323;"Journal of Neurological Surgery, Part A: Central European Neurosurgery";journal;"21936323, 21936315";"Georg Thieme Verlag";No;No;0,415;Q3;42;88;296;2446;365;292;1,01;27,80;22,10;0;Germany;Western Europe;"Georg Thieme Verlag";"2012-2026";"Surgery (Q2); Medicine (miscellaneous) (Q3); Neurology (clinical) (Q3)";"Medicine"
264;18576;"Pediatric Neurosurgery";journal;"10162291, 14230305";"S. Karger AG";No;No;0,415;Q3;85;20;209;444;224;199;1,15;22,20;39,26;0;Switzerland;Western Europe;"S. Karger AG";"1955, 1975-1985, 1987-2026";"Pediatrics, Perinatology and Child Health (Q2); Surgery (Q2); Medicine (miscellaneous) (Q3); Neurology (clinical) (Q3)";"Medicine"
265;21100932753;"Cerebellum and Ataxias";journal;"20538871";"BioMed Central Ltd";Yes;No;0,414;Q3;27;0;17;0;34;15;0,00;0,00;0,00;0;United Kingdom;Western Europe;"BioMed Central Ltd";"2014-2021";"Neurology (clinical) (Q3)";"Medicine"
266;19700174949;"Postepy Psychiatrii i Neurologii";journal;"12302813";"Termedia Publishing House Ltd.";Yes;Yes;0,411;Q3;12;40;91;1806;110;88;1,29;45,15;58,50;0;Poland;Eastern Europe;"Termedia Publishing House Ltd.";"2007-2025";"Clinical Psychology (Q3); Neurology (Q3); Neurology (clinical) (Q3); Psychiatry and Mental Health (Q3)";"Medicine; Neuroscience; Psychology"
267;20529;"British Journal of Neurosurgery";journal;"02688697, 1360046X";"Taylor and Francis Ltd.";No;No;0,408;Q3;80;252;693;5913;747;591;0,94;23,46;23,67;5;United Kingdom;Western Europe;"Taylor and Francis Ltd.";"1987-2026";"Surgery (Q2); Medicine (miscellaneous) (Q3); Neurology (clinical) (Q3)";"Medicine"
268;15599;"Neuropediatrics";journal;"0174304X, 14391899";"Georg Thieme Verlag";No;No;0,397;Q3;80;68;262;1423;336;229;1,40;20,93;54,78;0;Germany;Western Europe;"Georg Thieme Verlag";"1980-2026";"Pediatrics, Perinatology and Child Health (Q2); Medicine (miscellaneous) (Q3); Neurology (clinical) (Q3)";"Medicine"
269;15873;"Journal of Clinical Neuromuscular Disease";journal;"15371611, 15220443";"Lippincott Williams and Wilkins";No;No;0,394;Q3;37;42;141;565;122;91;0,82;13,45;35,23;0;United States;Northern America;"Lippincott Williams and Wilkins";"1999-2025";"Medicine (miscellaneous) (Q3); Neurology (Q3); Neurology (clinical) (Q3)";"Medicine; Neuroscience"
270;17500155106;"Egyptian Journal of Neurology, Psychiatry and Neurosurgery";journal;"16878329, 11101083";"Springer Science and Business Media Deutschland GmbH";Yes;Yes;0,388;Q3;27;153;516;6359;715;496;1,26;41,56;45,36;1;Germany;Western Europe;"Springer Science and Business Media Deutschland GmbH";"2009-2016, 2018-2026";"Surgery (Q2); Neurology (clinical) (Q3); Psychiatry and Mental Health (Q3); Neuroscience (miscellaneous) (Q4)";"Medicine; Neuroscience"
271;21101089567;"Journal of Cerebrovascular and Endovascular Neurosurgery";journal;"22873139, 22348565";"Korean Society of Cerebrovascular Surgeons (KSCVS)";No;No;0,382;Q3;11;41;145;811;156;142;1,10;19,78;19,25;0;South Korea;Asiatic Region;"Korean Society of Cerebrovascular Surgeons (KSCVS)";"2019-2025";"Cardiology and Cardiovascular Medicine (Q3); Neurology (clinical) (Q3); Surgery (Q3)";"Medicine"
272;19700188334;"Clinical and Experimental Neuroimmunology";journal;"17591961";"John Wiley and Sons Inc";No;No;0,373;Q3;25;30;134;965;98;108;0,92;32,17;28,67;0;United Kingdom;Western Europe;"John Wiley and Sons Inc";"2010-2026";"Immunology and Microbiology (miscellaneous)  (Q3); Neurology (clinical) (Q3); Immunology (Q4); Neuroscience (miscellaneous) (Q4)";"Immunology and Microbiology; Medicine; Neuroscience"
273;21101037129;"Current Otorhinolaryngology Reports";journal;"2167583X";"Springer Science and Business Media Deutschland GmbH";No;No;0,361;Q3;26;19;176;744;186;176;1,15;39,16;42,86;0;Germany;Western Europe;"Springer Science and Business Media Deutschland GmbH";"2013-2026";"Immunology and Allergy (Q3); Neurology (clinical) (Q3); Otorhinolaryngology (Q3); Surgery (Q3)";"Medicine"
274;21101068011;"Brain Hemorrhages";journal;"2589238X";"KeAi Communications Co.";Yes;No;0,356;Q3;13;49;117;1886;143;94;1,07;38,49;28,73;0;China;Asiatic Region;"KeAi Communications Co.";"2020-2025";"Neurology (Q3); Neurology (clinical) (Q3); Surgery (Q3); Neuroscience (miscellaneous) (Q4)";"Medicine; Neuroscience"
275;21100199819;"Epilepsy Currents";journal;"15357511, 15357597";"American Epilepsy Society";Yes;No;0,354;Q3;38;127;333;2085;218;236;0,62;16,42;57,02;1;United States;Northern America;"American Epilepsy Society";"2002-2026";"Neurology (clinical) (Q3)";"Medicine"
276;19400156832;"Brain Impairment";journal;"18395252, 14439646";"";No;No;0,353;Q3;32;51;85;2501;106;82;1,29;49,04;77,88;0;United Kingdom;Western Europe;"";"2002, 2004, 2008-2026";"Neurology (Q3); Neurology (clinical) (Q3); Neuropsychology and Physiological Psychology (Q3); Speech and Hearing (Q3); Behavioral Neuroscience (Q4); Cognitive Neuroscience (Q4)";"Health Professions; Medicine; Neuroscience; Psychology"
277;17969;"Neurology India";journal;"19984022, 00283886";"Wolters Kluwer Medknow Publications";Yes;No;0,353;Q3;61;342;1654;4431;1106;1066;0,50;12,96;30,72;0;India;Asiatic Region;"Wolters Kluwer Medknow Publications";"1965-1979, 1981-1984, 1986-1988, 1994-2026";"Neurology (Q3); Neurology (clinical) (Q3)";"Medicine; Neuroscience"
278;19700201171;"Surgical Neurology International";journal;"22295097, 21527806";"Scientific Scholar";Yes;No;0,351;Q3;52;466;1667;10839;1509;1607;0,88;23,26;22,15;0;India;Asiatic Region;"Scientific Scholar";"2011-2026";"Neurology (clinical) (Q3); Surgery (Q3)";"Medicine"
279;21100199849;"Basic and Clinical Neuroscience";journal;"2008126X, 22287442";"Iran University of Medical Sciences";Yes;Yes;0,348;Q3;34;72;234;3492;297;234;1,07;48,50;36,65;0;Iran;Middle East;"Iran University of Medical Sciences";"2010-2025";"Neurology (clinical) (Q3); Cellular and Molecular Neuroscience (Q4)";"Medicine; Neuroscience"
280;19700201172;"Journal of Neurosciences in Rural Practice";journal;"09763147, 09763155";"Scientific Scholar LLC";Yes;No;0,348;Q3;40;106;437;2211;403;370;0,76;20,86;32,42;0;United States;Northern America;"Scientific Scholar LLC";"2010-2025";"Neurology (clinical) (Q3); Neuroscience (miscellaneous) (Q4)";"Medicine; Neuroscience"
281;62420;"Turkish Neurosurgery";journal;"26515032, 10195149";"Turkish Neurosurgical Society";No;No;0,346;Q3;39;150;452;4009;366;439;0,80;26,73;20,85;0;Turkey;Middle East;"Turkish Neurosurgical Society";"1990-2026";"Neurology (clinical) (Q3); Surgery (Q3)";"Medicine"
282;21101057933;"Personalized Medicine in Psychiatry";journal;"24681725, 24681717";"Elsevier Inc.";No;No;0,343;Q3;13;31;43;1562;40;39;0,90;50,39;46,72;0;United States;Northern America;"Elsevier Inc.";"2017-2026";"Clinical Psychology (Q3); Neurology (clinical) (Q3); Psychiatry and Mental Health (Q3)";"Medicine; Psychology"
283;20602;"Clinical Neuropharmacology";journal;"1537162X, 03625664";"Lippincott Williams and Wilkins";No;No;0,326;Q3;90;41;151;1108;177;145;1,47;27,02;47,17;0;United States;Northern America;"Lippincott Williams and Wilkins";"1982-2026";"Neurology (clinical) (Q3); Pharmacology (Q3); Pharmacology (medical) (Q3)";"Medicine; Pharmacology, Toxicology and Pharmaceutics"
284;21100901222;"Concussion";journal;"20563299";"Future Medicine Ltd.";Yes;No;0,325;Q3;15;0;30;0;35;26;0,79;0,00;0,00;0;United Kingdom;Western Europe;"Future Medicine Ltd.";"2016-2023";"Neurology (Q3); Neurology (clinical) (Q3)";"Medicine; Neuroscience"
285;17459;"Neuro-Ophthalmology";journal;"01658107, 1744506X";"Taylor and Francis Ltd.";No;No;0,323;Q3;32;61;161;1283;144;152;0,90;21,03;40,00;0;United Kingdom;Western Europe;"Taylor and Francis Ltd.";"1980-2002, 2004-2026";"Neurology (clinical) (Q3); Ophthalmology (Q3)";"Medicine"
286;21100975679;"Research and Practice in Intellectual and Developmental Disabilities";journal;"23297026, 23297018";"Taylor and Francis Ltd.";No;No;0,321;Q3;18;25;61;880;41;29;0,70;35,20;78,05;0;United Kingdom;Western Europe;"Taylor and Francis Ltd.";"2014-2026";"Neurology (Q3); Neurology (clinical) (Q3); Rehabilitation (Q3); Developmental Neuroscience (Q4)";"Medicine; Neuroscience"
287;17468;"Neurocase";journal;"13554794, 14653656";"Routledge";No;No;0,308;Q3;74;40;176;1163;152;173;0,75;29,08;50,73;0;United Kingdom;Western Europe;"Routledge";"1995-2026";"Arts and Humanities (miscellaneous) (Q2); Neurology (clinical) (Q3)";"Arts and Humanities; Medicine"
288;18844;"Schmerz";journal;"0932433X, 14322129";"Springer Medizin";No;No;0,308;Q3;50;79;200;1805;147;140;0,53;22,85;45,78;0;Germany;Western Europe;"Springer Medizin";"1987-2026";"Anesthesiology and Pain Medicine (Q3); Medicine (miscellaneous) (Q3); Neurology (clinical) (Q3)";"Medicine"
289;21101140334;"Heart and Mind";journal;"24686476, 24686484";"Wolters Kluwer Medknow Publications";Yes;Yes;0,304;Q3;12;57;110;2386;117;90;1,25;41,86;30,47;1;India;Asiatic Region;"Wolters Kluwer Medknow Publications";"2017-2026";"Cardiology and Cardiovascular Medicine (Q3); Clinical Psychology (Q3); Neurology (clinical) (Q3); Psychiatry and Mental Health (Q3)";"Medicine; Psychology"
290;5800179587;"Journal of Brachial Plexus and Peripheral Nerve Injury";journal;"17497221";"Georg Thieme Verlag";Yes;No;0,304;Q3;27;5;20;120;26;19;1,08;24,00;17,39;0;Germany;Western Europe;"Georg Thieme Verlag";"2006-2025";"Neurology (Q3); Neurology (clinical) (Q3)";"Medicine; Neuroscience"
291;19269;"Revista de Neurologia (discontinued)";journal;"15766578, 02100010";"IMR Press Limited";No;No;0,304;Q3;50;91;374;2545;332;321;0,79;27,97;48,25;1;Spain;Western Europe;"IMR Press Limited";"1959, 1974-1988, 1995-2025";"Medicine (miscellaneous) (Q3); Neurology (clinical) (Q3)";"Medicine"
292;21101152613;"Journal of Neurosurgery: Case Lessons";journal;"26941902";"American Association of Neurological Surgeons";No;No;0,303;Q3;10;359;886;7375;702;883;0,77;20,54;21,68;0;United States;Northern America;"American Association of Neurological Surgeons";"2021-2026";"Neurology (clinical) (Q3); Surgery (Q3)";"Medicine"
293;19700174989;"Iranian Journal of Child Neurology";journal;"20080700, 17354668";"Iranian Child Neurology Society";Yes;No;0,302;Q3;25;48;158;1481;147;156;0,85;30,85;49,53;0;Iran;Middle East;"Iranian Child Neurology Society";"2009-2026";"Neurology (Q3); Neurology (clinical) (Q3); Pediatrics, Perinatology and Child Health (Q3)";"Medicine; Neuroscience"
294;17947;"Neurologist";journal;"10747931, 23312637";"Lippincott Williams and Wilkins";No;No;0,302;Q3;71;64;205;1188;203;200;0,99;18,56;45,53;0;United States;Northern America;"Lippincott Williams and Wilkins";"1996-2013, 2015-2026";"Medicine (miscellaneous) (Q3); Neurology (clinical) (Q3)";"Medicine"
295;21101080425;"Acta Epileptologica";journal;"25244434, 20969384";"BioMed Central Ltd";Yes;Yes;0,301;Q3;12;43;100;1886;111;96;0,78;43,86;45,33;0;United Kingdom;Western Europe;"BioMed Central Ltd";"2019-2026";"Neurology (Q3); Neurology (clinical) (Q3)";"Medicine; Neuroscience"
296;17438;"Der Nervenarzt";journal;"14330407, 00282804";"Springer Medizin";No;No;0,299;Q3;50;162;494;4314;366;373;0,77;26,63;40,47;0;Germany;Western Europe;"Springer Medizin";"1947-2026";"Medicine (miscellaneous) (Q3); Neurology (Q3); Neurology (clinical) (Q3); Psychiatry and Mental Health (Q3)";"Medicine; Neuroscience"
297;144607;"Neuroforum";journal;"09470875, 23637013";"Walter de Gruyter GmbH";No;No;0,296;Q3;14;0;63;0;46;55;0,66;0,00;0,00;0;Germany;Western Europe;"Walter de Gruyter GmbH";"2005-2022";"Neurology (clinical) (Q3); Neurology (Q4)";"Medicine; Neuroscience"
298;21100783389;"Neurohospitalist";journal;"19418744, 19418752";"SAGE Publications Inc.";No;No;0,296;Q3;32;92;307;1489;220;249;0,70;16,18;42,54;1;United States;Northern America;"SAGE Publications Inc.";"2011-2026";"Neurology (clinical) (Q3)";"Medicine"
299;21101019710;"Cephalalgia Reports";journal;"25158163";"SAGE Publications Ltd";Yes;No;0,294;Q3;10;27;49;671;42;48;0,93;24,85;39,84;0;United Kingdom;Western Europe;"SAGE Publications Ltd";"2018-2026";"Neurology (clinical) (Q3)";"Medicine"
300;21100867371;"Sleep Medicine Research";journal;"20939175, 22338853";"Korean Society of Sleep Medicine";Yes;Yes;0,292;Q3;11;42;91;1505;74;91;0,66;35,83;50,00;0;South Korea;Asiatic Region;"Korean Society of Sleep Medicine";"2018-2025";"Neurology (clinical) (Q3); Physiology (medical) (Q3); Psychiatry and Mental Health (Q3); Pulmonary and Respiratory Medicine (Q3); Neurology (Q4)";"Medicine; Neuroscience"
301;17488;"Neurocirugia";journal;"23406305, 11301473";"Neurocirugia";No;No;0,286;Q3;27;44;155;1053;129;147;0,77;23,93;24,62;0;Spain;Western Europe;"Neurocirugia";"1972-1980, 1990-1995, 1999-2026";"Neurology (clinical) (Q3); Surgery (Q3)";"Medicine"
302;21100904572;"Spinal Cord Series and Cases";journal;"20586124";"Springer Nature";Yes;No;0,286;Q3;24;81;241;1986;219;236;0,84;24,52;37,47;1;United Kingdom;Western Europe;"Springer Nature";"2017-2026";"Neurology (clinical) (Q3); Neurology (Q4)";"Medicine; Neuroscience"
303;40483;"Ideggyogyaszati Szemle";journal;"00191442, 24986208";"LifeTime Media Ltd";No;No;0,285;Q4;25;49;147;1571;118;147;0,59;32,06;45,29;0;Hungary;Eastern Europe;"LifeTime Media Ltd";"1954-1964, 1973-1985, 2002-2026";"Neurology (Q4); Neurology (clinical) (Q4)";"Medicine; Neuroscience"
304;18057;"Neurosciences";journal;"13196138";"Saudi Arabian Armed Forces Hospital";No;No;0,285;Q4;34;60;182;0;183;161;0,95;0,00;34,88;0;Saudi Arabia;Middle East;"Saudi Arabian Armed Forces Hospital";"2002-2025";"Psychiatry and Mental Health (Q3); Neurology (clinical) (Q4)";"Medicine"
305;21101199201;"Psychiatry and Clinical Neurosciences Reports";journal;"27692558";"Blackwell Publishing Asia";Yes;No;0,276;Q4;9;117;146;3424;116;124;0,79;29,26;29,62;6;Japan;Asiatic Region;"Blackwell Publishing Asia";"2022-2026";"Psychiatry and Mental Health (Q3); Biological Psychiatry (Q4); Neurology (Q4); Neurology (clinical) (Q4)";"Medicine; Neuroscience"
306;145096;"Neuropsychopharmacologia Hungarica";journal;"20642512, 14198711";"Hungarian Association of Psychopharmacology";Yes;No;0,274;Q4;21;26;66;1051;56;52;0,91;40,42;52,17;0;Hungary;Eastern Europe;"Hungarian Association of Psychopharmacology";"2004-2025";"Pharmacology, Toxicology and Pharmaceutics (miscellaneous) (Q2); Neurology (clinical) (Q4); Neuropsychology and Physiological Psychology (Q4); Neuroscience (miscellaneous) (Q4)";"Medicine; Neuroscience; Pharmacology, Toxicology and Pharmaceutics; Psychology"
307;21101168850;"Journal of Minimally Invasive Spine Surgery and Technique";journal;"25082043";"Korean Minimally Invasive Spine Surgery Society";Yes;Yes;0,268;Q4;7;60;120;1398;69;112;0,54;23,30;16,82;0;South Korea;Asiatic Region;"Korean Minimally Invasive Spine Surgery Society";"2019-2026";"Medicine (miscellaneous) (Q3); Orthopedics and Sports Medicine (Q3); Surgery (Q3); Neurology (clinical) (Q4)";"Medicine"
308;14899;"Clinical Neuropathology";journal;"07225091";"Dustri-Verlag Dr. Karl Feistle";No;No;0,264;Q4;50;24;122;486;72;84;0,59;20,25;44,33;0;Germany;Western Europe;"Dustri-Verlag Dr. Karl Feistle";"1982-2025";"Medicine (miscellaneous) (Q3); Pathology and Forensic Medicine (Q3); Neurology (Q4); Neurology (clinical) (Q4)";"Medicine; Neuroscience"
309;15400154700;"Progress in Neurology and Psychiatry";journal;"13677543, 1931227X";"John Wiley and Sons Ltd";No;No;0,262;Q4;18;32;125;761;90;90;0,33;23,78;54,35;0;United Kingdom;Western Europe;"John Wiley and Sons Ltd";"1946-1948, 1952-1957, 1961, 1963, 1965-1972, 2008-2026";"Neurology (Q4); Neurology (clinical) (Q4); Psychiatry and Mental Health (Q4)";"Medicine; Neuroscience"
310;21101058284;"Current Journal of Neurology";journal;"2717011X";"Tehran University of Medical Sciences";Yes;Yes;0,261;Q4;11;40;120;1119;104;99;0,83;27,98;46,59;0;Iran;Middle East;"Tehran University of Medical Sciences";"2020-2025";"Neurology (Q4); Neurology (clinical) (Q4)";"Medicine; Neuroscience"
311;19700183107;"Case Reports in Neurology";journal;"1662680X";"S. Karger AG";Yes;No;0,254;Q4;22;43;228;697;142;228;0,71;16,21;33,16;0;Switzerland;Western Europe;"S. Karger AG";"2010-2026";"Neurology (clinical) (Q4)";"Medicine"
312;5900153302;"Future Neurology";journal;"14796708, 17486971";"Taylor and Francis Ltd.";No;No;0,253;Q4;41;11;20;321;13;18;0,28;29,18;42,22;0;United Kingdom;Western Europe;"Taylor and Francis Ltd.";"2006-2026";"Neurology (Q4); Neurology (clinical) (Q4)";"Medicine; Neuroscience"
313;21101068039;"Journal of Neurocritical Care";journal;"25081349";"";Yes;Yes;0,252;Q4;8;20;68;318;39;58;0,47;15,90;28,33;0;South Korea;Asiatic Region;"";"2019, 2021-2025";"Advanced and Specialized Nursing (Q3); Neurology (clinical) (Q4); Psychiatry and Mental Health (Q4)";"Medicine; Nursing"
314;21100854898;"NeuroRegulation";journal;"23730587";"International Society for Neurofeedback and Research";Yes;Yes;0,248;Q4;15;28;55;1831;58;55;0,54;65,39;46,09;0;United States;Northern America;"International Society for Neurofeedback and Research";"2014-2025";"Applied Psychology (Q4); Behavioral Neuroscience (Q4); Biological Psychiatry (Q4); Experimental and Cognitive Psychology (Q4); Neurology (clinical) (Q4); Neuropsychology and Physiological Psychology (Q4); Physiology (medical) (Q4); Psychiatry and Mental Health (Q4)";"Medicine; Neuroscience; Psychology"
315;21101023029;"Sleep and Vigilance";journal;"25102265";"Springer";No;No;0,247;Q4;13;45;123;1380;112;94;0,96;30,67;42,55;0;Singapore;Asiatic Region;"Springer";"2017-2026";"Neurology (Q4); Neurology (clinical) (Q4); Psychiatry and Mental Health (Q4)";"Medicine; Neuroscience"
316;17492;"Neuroendocrinology Letters";journal;"0172780X";"Maghira and Maas Publications";Yes;No;0,242;Q4;77;53;178;70;120;176;0,56;1,32;42,32;0;Sweden;Western Europe;"Maghira and Maas Publications";"1979-1982, 1984-1995, 1997-2025";"Endocrine and Autonomic Systems (Q4); Endocrinology (Q4); Endocrinology, Diabetes and Metabolism (Q4); Medicine (miscellaneous) (Q4); Neurology (Q4); Neurology (clinical) (Q4); Physiology (medical) (Q4); Psychiatry and Mental Health (Q4)";"Biochemistry, Genetics and Molecular Biology; Medicine; Neuroscience"
317;21100805728;"Nevrologiya, Neiropsikhiatriya, Psikhosomatika";journal;"20742711, 23101342";"Ima-Press Publishing House";Yes;Yes;0,238;Q4;17;97;367;3549;430;367;1,40;36,59;67,50;0;Russian Federation;Eastern Europe;"Ima-Press Publishing House";"2016-2025";"Clinical Psychology (Q4); Neurology (clinical) (Q4); Psychiatry and Mental Health (Q4)";"Medicine; Psychology"
318;17551;"Acta Neurologica Taiwanica";journal;"1028768X";"Wolters Kluwer Medknow Publications";Yes;Yes;0,237;Q4;30;62;101;931;61;96;0,57;15,02;37,76;0;Taiwan;Asiatic Region;"Wolters Kluwer Medknow Publications";"1997-2026";"Medicine (miscellaneous) (Q4); Neurology (Q4); Neurology (clinical) (Q4)";"Medicine; Neuroscience"
319;16819;"Journal of the History of the Neurosciences";journal;"17445213, 0964704X";"Taylor and Francis Ltd.";No;No;0,227;Q4;34;21;75;1334;37;70;0,43;63,52;19,05;0;United Kingdom;Western Europe;"Taylor and Francis Ltd.";"1992-2026";"History and Philosophy of Science (Q2); Neurology (clinical) (Q4); Neuroscience (miscellaneous) (Q4)";"Arts and Humanities; Medicine; Neuroscience"
320;21100315995;"Interdisciplinary Neurosurgery: Advanced Techniques and Case Management";journal;"22147519";"Elsevier B.V.";Yes;No;0,223;Q4;23;122;967;3075;488;951;0,51;25,20;20,72;1;Netherlands;Western Europe;"Elsevier B.V.";"2014-2026";"Surgery (Q3); Neurology (clinical) (Q4)";"Medicine"
321;21101150732;"Clinical Epileptology";journal;"29481058, 2948104X";"Springer Medizin";No;No;0,221;Q4;7;58;55;1486;44;45;0,80;25,62;37,65;0;Germany;Western Europe;"Springer Medizin";"2023-2026";"Pediatrics, Perinatology and Child Health (Q3); Neurology (clinical) (Q4)";"Medicine"
322;21101251289;"Neurosurgery Practice";journal;"28344383";"Lippincott Williams and Wilkins";Yes;No;0,216;Q4;4;49;34;1194;10;34;0,29;24,37;20,32;0;United States;Northern America;"Lippincott Williams and Wilkins";"2020-2026";"Surgery (Q3); Neurology (clinical) (Q4)";"Medicine"
323;21100202751;"Neurodiagnostic Journal";journal;"21646821, 23758627";"Taylor and Francis Ltd.";No;No;0,210;Q4;25;24;88;327;32;75;0,33;13,63;51,02;0;United Kingdom;Western Europe;"Taylor and Francis Ltd.";"1996-2026";"Medical Laboratory Technology (Q3); Neurology (clinical) (Q4)";"Health Professions; Medicine"
324;21101056923;"OBM Neurobiology";journal;"25734407";"LIDSEN Publishing Inc";No;No;0,205;Q4;9;59;116;3312;98;116;0,88;56,14;47,31;0;United States;Northern America;"LIDSEN Publishing Inc";"2019-2026";"Cellular and Molecular Neuroscience (Q4); Developmental Neuroscience (Q4); Neurology (Q4); Neurology (clinical) (Q4)";"Medicine; Neuroscience"
325;21101092958;"Neurology Perspectives";journal;"26670496";"Spanish Society of Neurology";Yes;No;0,200;Q4;9;37;131;757;84;121;0,64;20,46;37,35;0;Spain;Western Europe;"Spanish Society of Neurology";"2021-2026";"Neurology (clinical) (Q4)";"Medicine"
326;21101091794;"Dusunen Adam - The Journal of Psychiatry and Neurological Sciences";journal;"13095749, 10188681";"Kare Publishing";Yes;No;0,197;Q4;23;35;105;910;54;89;0,37;26,00;46,97;0;Turkey;Middle East;"Kare Publishing";"2011-2025";"Neurology (clinical) (Q4); Psychiatry and Mental Health (Q4)";"Medicine"
327;21100886219;"Neurological Sciences and Neurophysiology";journal;"2636865X";"Wolters Kluwer Medknow Publications";Yes;Yes;0,191;Q4;12;37;112;987;48;96;0,22;26,68;54,11;0;India;Asiatic Region;"Wolters Kluwer Medknow Publications";"2018-2025";"Neurology (Q4); Neurology (clinical) (Q4)";"Medicine; Neuroscience"
328;19800188011;"Geriatrie et Psychologie Neuropsychiatrie du Vieillissement";journal;"21158789, 21157863";"John Libbey";No;No;0,190;Q4;23;58;175;2199;56;156;0,28;37,91;52,17;0;France;Western Europe;"John Libbey";"2011-2025";"Biological Psychiatry (Q4); Geriatrics and Gerontology (Q4); Medicine (miscellaneous) (Q4); Neurology (clinical) (Q4); Neuropsychology and Physiological Psychology (Q4)";"Medicine; Neuroscience; Psychology"
329;21100932750;"Neurology and Clinical Neuroscience";journal;"20494173";"John Wiley and Sons Inc";No;No;0,180;Q4;14;74;246;1449;82;224;0,37;19,58;23,20;0;United Kingdom;Western Europe;"John Wiley and Sons Inc";"2013-2026";"Cellular and Molecular Neuroscience (Q4); Neurology (Q4); Neurology (clinical) (Q4)";"Medicine; Neuroscience"
330;15633;"Fortschritte der Neurologie Psychiatrie";journal;"14393522, 07204299";"Georg Thieme Verlag";No;No;0,179;Q4;36;120;389;1886;79;221;0,19;15,72;42,65;0;Germany;Western Europe;"Georg Thieme Verlag";"1955-1963, 1973-2026";"Medicine (miscellaneous) (Q4); Neurology (Q4); Neurology (clinical) (Q4); Psychiatry and Mental Health (Q4)";"Medicine; Neuroscience"
331;21100784273;"Journal of Intellectual Disability - Diagnosis and Treatment";journal;"22922598";"Lifescience Global";No;No;0,177;Q4;12;29;127;1248;94;126;0,96;43,03;62,50;0;Canada;Northern America;"Lifescience Global";"2013-2025";"Applied Psychology (Q4); Developmental and Educational Psychology (Q4); Health (social science) (Q4); Neurology (Q4); Neurology (clinical) (Q4); Psychiatry and Mental Health (Q4)";"Medicine; Neuroscience; Psychology; Social Sciences"
332;110337;"Zhurnal Nevrologii i Psihiatrii imeni S.S. Korsakova";journal;"23094729, 19977298";"Media Sphera Publishing Group";No;No;0,177;Q4;26;345;1090;12521;728;1082;0,65;36,29;65,03;0;Russian Federation;Eastern Europe;"Media Sphera Publishing Group";"1952-2026";"History and Philosophy of Science (Q3); Clinical Psychology (Q4); Neurology (Q4); Neurology (clinical) (Q4); Psychiatry and Mental Health (Q4)";"Arts and Humanities; Medicine; Neuroscience; Psychology"
333;19700174633;"Turk Noroloji Dergisi";journal;"1301062X";"Turkish Neurosurgical Society";Yes;Yes;0,173;Q4;11;46;225;1083;66;179;0,29;23,54;60,40;0;Turkey;Middle East;"Turkish Neurosurgical Society";"2010-2025";"Neurology (clinical) (Q4)";"Medicine"
334;21100440512;"International Journal of Nutrition, Pharmacology, Neurological Diseases";journal;"22310738, 22312722";"Wolters Kluwer Medknow Publications";No;No;0,169;Q4;15;65;127;1977;76;126;0,58;30,42;44,38;0;India;Asiatic Region;"Wolters Kluwer Medknow Publications";"2014-2025";"Neurology (clinical) (Q4); Nutrition and Dietetics (Q4); Pharmacology (medical) (Q4)";"Medicine; Nursing"
335;19336;"Zhurnal Voprosy Nejrokhirurgii Imeni N.N. Burdenko";journal;"00428817, 23091681";"Media Sphera Publishing Group";No;No;0,169;Q4;15;87;255;2030;122;251;0,48;23,33;38,15;0;Russian Federation;Eastern Europe;"Media Sphera Publishing Group";"1945-2026";"Surgery (Q3); Medicine (miscellaneous) (Q4); Neurology (clinical) (Q4)";"Medicine"
336;21101044831;"Annals of Movement Disorders";journal;"25903454, 25903446";"Wolters Kluwer Medknow Publications";Yes;Yes;0,168;Q4;8;51;89;1250;27;74;0,25;24,51;48,11;0;India;Asiatic Region;"Wolters Kluwer Medknow Publications";"2018-2025";"Surgery (Q3); Cognitive Neuroscience (Q4); Neurology (Q4); Neurology (clinical) (Q4); Neuroscience (miscellaneous) (Q4)";"Medicine; Neuroscience"
337;21101257827;"Chinese Journal of Behavioral Medicine and Brain Science";journal;"16746554";"Chinese Medical Journals Publishing House Co.Ltd";No;No;0,164;Q4;8;181;546;5968;334;546;0,71;32,97;48,74;0;China;Asiatic Region;"Chinese Medical Journals Publishing House Co.Ltd";"2020-2026";"Medicine (miscellaneous) (Q4); Neurology (clinical) (Q4); Psychiatry and Mental Health (Q4)";"Medicine"
338;21101051220;"Annals of Child Neurology";journal;"2635909X, 26359103";"Korean Child Neurology Society";Yes;Yes;0,163;Q4;5;42;129;981;31;63;0,25;23,36;46,96;0;South Korea;Asiatic Region;"Korean Child Neurology Society";"2019-2026";"Pediatrics, Perinatology and Child Health (Q3); Neurology (Q4); Neurology (clinical) (Q4)";"Medicine; Neuroscience"
339;21101175741;"Journal of Critical Limb Ischemia";journal;"26943026";"HMP Global";No;No;0,163;Q4;4;13;73;296;12;52;0,19;22,77;19,48;0;United States;Northern America;"HMP Global";"2021-2025";"Podiatry (Q3); Medicine (miscellaneous) (Q4); Neurology (clinical) (Q4)";"Health Professions; Medicine"
340;19200156707;"Neurology Asia";journal;"18236138";"ASEAN Neurological Association";Yes;No;0,160;Q4;19;138;400;3674;130;391;0,32;26,62;43,64;0;Malaysia;Asiatic Region;"ASEAN Neurological Association";"2008-2025";"Neurology (Q4); Neurology (clinical) (Q4)";"Medicine; Neuroscience"
341;14861;"Ceska a Slovenska Neurologie a Neurochirurgie";journal;"18024041, 12107859";"Czech Medical Association J.E. Purkyne";Yes;No;0,156;Q4;20;62;247;1717;63;163;0,32;27,69;47,62;0;Czech Republic;Eastern Europe;"Czech Medical Association J.E. Purkyne";"1973-2025";"Neurology (clinical) (Q4); Surgery (Q4)";"Medicine"
342;21101055924;"Indian Spine Journal";journal;"25895079, 25895087";"Wolters Kluwer Medknow Publications";Yes;Yes;0,155;Q4;6;34;103;919;13;97;0,15;27,03;8,74;0;India;Asiatic Region;"Wolters Kluwer Medknow Publications";"2018-2026";"Neurology (clinical) (Q4); Orthopedics and Sports Medicine (Q4); Surgery (Q4)";"Medicine"
343;21101201955;"Indian Journal of Neurosurgery";journal;"22779167, 2277954X";"Georg Thieme Verlag";Yes;Yes;0,153;Q4;6;63;164;1030;35;146;0,25;16,35;20,54;0;Germany;Western Europe;"Georg Thieme Verlag";"2015-2017, 2019-2026";"Neurology (clinical) (Q4); Surgery (Q4)";"Medicine"
344;19267;"Revista de Neuro-Psiquiatria";journal;"00348597, 16097394";"Universidad Peruana Cayetano Heredia, Facultad de Medicina Alberto Hurtado";Yes;Yes;0,153;Q4;9;44;122;1275;43;98;0,34;28,98;34,78;0;Peru;Latin America;"Universidad Peruana Cayetano Heredia, Facultad de Medicina Alberto Hurtado";"1960-1961, 1964-1980, 2019-2026";"Neurology (clinical) (Q4); Psychiatry and Mental Health (Q4)";"Medicine"
345;20011;"Chinese Journal of Neurology";journal;"10067876";"Chinese Medical Journals Publishing House Co.Ltd";No;No;0,151;Q4;23;177;627;7513;292;620;0,48;42,45;46,32;0;China;Asiatic Region;"Chinese Medical Journals Publishing House Co.Ltd";"1959, 1997-2026";"Neurology (Q4); Neurology (clinical) (Q4)";"Medicine; Neuroscience"
346;19287;"Revista Ecuatoriana de Neurologia";journal;"10198113";"Fundacion para la difusion neurologica en Ecuador - FUNDINE";Yes;No;0,147;Q4;11;58;199;1261;59;154;0,27;21,74;44,70;0;Ecuador;Latin America;"Fundacion para la difusion neurologica en Ecuador - FUNDINE";"1992-2012, 2014-2025";"Neurology (Q4); Neurology (clinical) (Q4)";"Medicine; Neuroscience"
347;21101094483;"Neuropsychiatric Investigation";journal;"27920070";"Istanbul Universitesi";Yes;Yes;0,146;Q4;10;23;53;689;22;50;0,44;29,96;45,71;0;Turkey;Middle East;"Istanbul Universitesi";"2021-2025";"Biological Psychiatry (Q4); Neurology (clinical) (Q4); Psychiatry and Mental Health (Q4)";"Medicine; Neuroscience"
348;4000148906;"NPG Neurologie - Psychiatrie - Geriatrie";journal;"16274830";"Elsevier Masson s.r.l.";No;No;0,146;Q4;11;48;164;1447;38;146;0,22;30,15;46,81;1;France;Western Europe;"Elsevier Masson s.r.l.";"2004-2026";"Geriatrics and Gerontology (Q4); Neurology (clinical) (Q4); Psychiatry and Mental Health (Q4)";"Medicine"
349;21100903715;"Annals of Clinical and Experimental Neurology";journal;"24092533, 20755473";"Eco-Vector LLC";Yes;Yes;0,145;Q4;8;46;130;1800;80;130;0,68;39,13;59,91;0;Russian Federation;Eastern Europe;"Eco-Vector LLC";"2018-2025";"Cellular and Molecular Neuroscience (Q4); Cognitive Neuroscience (Q4); Multidisciplinary (Q4); Neurology (Q4); Neurology (clinical) (Q4)";"Medicine; Multidisciplinary; Neuroscience"
350;21100364636;"International Journal of Epilepsy";journal;"22136320";"Georg Thieme Verlag";No;No;0,145;Q4;9;25;25;501;10;22;0,29;20,04;27,27;0;India;Asiatic Region;"Georg Thieme Verlag";"2014-2018, 2020-2021, 2023-2026";"Neurology (clinical) (Q4)";"Medicine"
351;21100833041;"Nervno-Myshechnye Bolezni";journal;"24130443, 22228721";"ABV-press Publishing House";Yes;Yes;0,142;Q4;7;48;94;1644;44;92;0,46;34,25;65,45;0;Russian Federation;Eastern Europe;"ABV-press Publishing House";"2017-2025";"Neurology (Q4); Neurology (clinical) (Q4)";"Medicine; Neuroscience"
352;17700155406;"Epilepsy and Seizure";journal;"18825567";"Japan Epilepsy Society";No;No;0,141;Q4;5;0;5;0;2;5;0,00;0,00;0,00;0;Japan;Asiatic Region;"Japan Epilepsy Society";"2009-2014, 2016-2024";"Neurology (clinical) (Q4)";"Medicine"
353;21100829707;"Russkii Zhunal Detskoi Nevrologii";journal;"20738803, 24129178";"ABV-press Publishing House";Yes;Yes;0,140;Q4;5;27;61;731;23;61;0,46;27,07;63,89;0;Russian Federation;Eastern Europe;"ABV-press Publishing House";"2017-2025";"Neurology (clinical) (Q4); Pediatrics, Perinatology and Child Health (Q4)";"Medicine"
354;21100983358;"Epilepsy and Paroxysmal Conditions";journal;"20778333, 23114088";"IRBIS LLC";Yes;No;0,139;Q4;7;37;108;1511;56;108;0,83;40,84;57,35;0;Russian Federation;Eastern Europe;"IRBIS LLC";"2017-2025";"Neurology (Q4); Neurology (clinical) (Q4)";"Medicine; Neuroscience"
355;145368;"Zeitschrift fur Epileptologie";journal;"16100646, 16176782";"Springer Medizin";No;No;0,139;Q4;9;0;123;0;43;103;0,31;0,00;0,00;0;Germany;Western Europe;"Springer Medizin";"2005-2022";"Neurology (clinical) (Q4); Pediatrics, Perinatology and Child Health (Q4)";"Medicine"
356;21101053059;"Caspian Journal of Neurological Sciences";journal;"24234818, 23834307";"Guilan University of Medical Sciences";Yes;No;0,138;Q4;6;37;91;1327;32;91;0,33;35,86;47,56;0;Iran;Middle East;"Guilan University of Medical Sciences";"2019-2026";"Neurology (Q4); Neurology (clinical) (Q4); Neuroscience (miscellaneous) (Q4); Psychiatry and Mental Health (Q4)";"Medicine; Neuroscience"
357;12578;"Douleurs";journal;"16245687";"Elsevier Masson s.r.l.";No;No;0,138;Q4;12;57;85;893;36;79;0,63;15,67;51,92;2;France;Western Europe;"Elsevier Masson s.r.l.";"2001-2026";"Anesthesiology and Pain Medicine (Q4); Neurology (clinical) (Q4)";"Medicine"
358;23426;"Equilibrium Research";journal;"03855716";"Japan Society for Equilibrium Research";No;No;0,136;Q4;13;34;115;666;14;115;0,19;19,59;27,52;0;Japan;Asiatic Region;"Japan Society for Equilibrium Research";"1971-1974, 1978-2025";"Neurology (clinical) (Q4); Otorhinolaryngology (Q4)";"Medicine"
359;21100934661;"Russian Neurological Journal";journal;"26587947, 26867192";"Medicinskoe Informacionnoe agentstvo";No;No;0,135;Q4;9;52;169;1862;72;169;0,45;35,81;69,83;0;Russian Federation;Eastern Europe;"Medicinskoe Informacionnoe agentstvo";"2019-2025";"Neurology (Q4); Neurology (clinical) (Q4); Psychiatry and Mental Health (Q4)";"Medicine; Neuroscience"
360;5000158601;"Journal of Pediatric Neurology";journal;"18759041, 13042580";"Georg Thieme Verlag";No;No;0,134;Q4;21;71;274;3067;44;261;0,16;43,20;55,69;0;Germany;Western Europe;"Georg Thieme Verlag";"2003-2024";"Neurology (clinical) (Q4); Pediatrics, Perinatology and Child Health (Q4)";"Medicine"
361;21101042491;"Journal of Neuroanaesthesiology and Critical Care";journal;"23480548";"Georg Thieme Verlag";Yes;Yes;0,133;Q4;6;79;136;1519;40;90;0,28;19,23;52,79;0;Germany;Western Europe;"Georg Thieme Verlag";"2016, 2019-2026";"Anesthesiology and Pain Medicine (Q4); Critical Care and Intensive Care Medicine (Q4); Neurology (clinical) (Q4)";"Medicine"
362;19264;"Revista Chilena de Neuro-Psiquiatria";journal;"07179227, 00347388";"Sociedad de Neurologia Psiquiatria y Neurocirugia";Yes;Yes;0,131;Q4;20;53;120;1232;35;113;0,24;23,25;40,58;0;Chile;Latin America;"Sociedad de Neurologia Psiquiatria y Neurocirugia";"1948, 1974, 1979, 1981-1988, 1997-1998, 2000-2025";"Neurology (clinical) (Q4); Psychiatry and Mental Health (Q4); Surgery (Q4)";"Medicine"
363;19700175048;"Open Neurology Journal";journal;"1874205X";"Bentham Science Publishers";Yes;No;0,129;Q4;24;11;35;366;10;34;0,33;33,27;48,65;0;United Arab Emirates;Middle East;"Bentham Science Publishers";"2010-2025";"Neurology (Q4); Neurology (clinical) (Q4); Psychiatry and Mental Health (Q4)";"Medicine; Neuroscience"
364;21101160597;"Archives of Epilepsy";journal;"27920550";"Galenos Publishing House";Yes;Yes;0,128;Q4;4;26;56;572;12;56;0,21;22,00;60,49;0;Turkey;Middle East;"Galenos Publishing House";"2022-2025";"Neurology (Q4); Neurology (clinical) (Q4)";"Medicine; Neuroscience"
365;19700187811;"Kranion";journal;"23398736, 15778843";"Permanyer Publications";Yes;Yes;0,127;Q4;3;21;82;793;12;69;0,17;37,76;55,77;0;Spain;Western Europe;"Permanyer Publications";"2011-2014, 2017-2025";"Neurology (clinical) (Q4)";"Medicine"
366;21101067738;"Russian Journal of Neurosurgery";journal;"25877569, 16833295";"ABV-press Publishing House";No;No;0,127;Q4;5;56;158;1453;28;153;0,15;25,95;22,87;0;Russian Federation;Eastern Europe;"ABV-press Publishing House";"2019-2026";"Neurology (Q4); Neurology (clinical) (Q4); Radiology, Nuclear Medicine and Imaging (Q4); Surgery (Q4)";"Medicine; Neuroscience"
367;17439;"Nervenheilkunde";journal;"07221541, 25675788";"Georg Thieme Verlag";Yes;No;0,126;Q4;19;72;309;2128;41;263;0,15;29,56;38,18;0;Germany;Western Europe;"Georg Thieme Verlag";"1982-2026";"Family Practice (Q4); Neurology (clinical) (Q4)";"Medicine"
368;19313;"Clinical Neurology";journal;"18820654, 0009918X";"Societas Neurologica Japonica";No;No;0,125;Q4;23;139;474;2247;68;438;0,13;16,17;24,46;1;Japan;Asiatic Region;"Societas Neurologica Japonica";"1972-2026";"Neurology (clinical) (Q4)";"Medicine"
369;16852;"Klinische Neurophysiologie";journal;"14340275, 14394081";"Georg Thieme Verlag";No;No;0,125;Q4;9;37;149;620;10;106;0,08;16,76;42,55;0;Germany;Western Europe;"Georg Thieme Verlag";"1998-2025";"Neurology (clinical) (Q4); Physiology (medical) (Q4)";"Medicine"
370;19700182733;"Neurologia Argentina";journal;"18530028, 18531490";"Ediciones Doyma, S.L.";No;No;0,122;Q4;9;34;136;853;23;127;0,15;25,09;52,87;0;Spain;Western Europe;"Ediciones Doyma, S.L.";"2010-2026";"Neurology (Q4); Neurology (clinical) (Q4)";"Medicine; Neuroscience"
371;21100855752;"Open Neuroimaging Journal";journal;"18744400";"Bentham Science Publishers";Yes;No;0,122;Q4;12;9;10;428;4;10;0,50;47,56;33,33;0;United Arab Emirates;Middle East;"Bentham Science Publishers";"2016-2018, 2020-2025";"Neurology (clinical) (Q4); Radiology, Nuclear Medicine and Imaging (Q4)";"Medicine"
372;4000151712;"Chinese Journal of Contemporary Neurology and Neurosurgery";journal;"16726731";"Tianjin Huanhu Hospital";Yes;No;0,121;Q4;12;158;512;4992;117;511;0,23;31,59;39,79;1;China;Asiatic Region;"Tianjin Huanhu Hospital";"2006-2026";"Neurology (Q4); Neurology (clinical) (Q4)";"Medicine; Neuroscience"
373;21100820732;"Romanian Journal of Neurology/ Revista Romana de Neurologie";journal;"20696094, 18438148";"Amaltea Medical Publishing House";Yes;No;0,121;Q4;7;72;211;1833;38;206;0,18;25,46;45,23;0;Romania;Eastern Europe;"Amaltea Medical Publishing House";"2009-2025";"Neurology (Q4); Neurology (clinical) (Q4)";"Medicine; Neuroscience"
374;91878;"Archivos de Neurociencias";journal;"10285938, 29544122";"Instituto Nacional de Neurologia y Neurocirugia Manuel Velasco Suarez";No;No;0,118;Q4;7;36;126;838;21;105;0,24;23,28;39,78;0;Mexico;Latin America;"Instituto Nacional de Neurologia y Neurocirugia Manuel Velasco Suarez";"1999-2025";"Neurology (Q4); Neurology (clinical) (Q4)";"Medicine; Neuroscience"
375;11500153302;"Coluna/ Columna";journal;"18081851";"Oficial da Sociedade Brasileira de Coluna";Yes;Yes;0,118;Q4;11;55;179;1207;28;178;0,12;21,95;17,77;0;Brazil;Latin America;"Oficial da Sociedade Brasileira de Coluna";"2008-2026";"Neurology (clinical) (Q4); Orthopedics and Sports Medicine (Q4); Surgery (Q4)";"Medicine"
376;21101020019;"Chinese Journal of Neuromedicine";journal;"16718925";"Chinese Medical Journals Publishing House Co.Ltd";No;No;0,117;Q4;6;165;590;5432;122;587;0,21;32,92;42,46;0;China;Asiatic Region;"Chinese Medical Journals Publishing House Co.Ltd";"2020-2026";"Neurology (Q4); Neurology (clinical) (Q4); Neuropsychology and Physiological Psychology (Q4); Psychiatry and Mental Health (Q4)";"Medicine; Neuroscience; Psychology"
377;21101128534;"Contemporary Diagnostic Radiology";journal;"01499009, 19381395";"Lippincott Williams and Wilkins";No;No;0,116;Q4;3;27;83;433;11;82;0,11;16,04;46,99;0;United States;Northern America;"Lippincott Williams and Wilkins";"1990-1991, 1993-1994, 1996-1997, 2002-2003, 2006, 2008-2010, 2012, 2014, 2016-2017, 2019-2025";"Neurology (clinical) (Q4); Radiology, Nuclear Medicine and Imaging (Q4); Surgery (Q4)";"Medicine"
378;21101174248;"touchREVIEWS in Neurology";journal;"27525465";"Touch Medical Media";No;No;0,116;Q4;6;16;50;832;13;35;0,37;52,00;43,75;1;United Kingdom;Western Europe;"Touch Medical Media";"2021-2025";"Neurology (Q4); Neurology (clinical) (Q4); Neuroscience (miscellaneous) (Q4)";"Medicine; Neuroscience"
379;3200147816;"Chinese Journal of Cerebrovascular Diseases";journal;"16725921";"Society of China University Journals in Natural Sciences";No;No;0,114;Q4;11;107;340;4181;165;340;0,60;39,07;39,23;0;China;Asiatic Region;"Society of China University Journals in Natural Sciences";"2006-2025";"Cardiology and Cardiovascular Medicine (Q4); Neurology (clinical) (Q4); Radiology, Nuclear Medicine and Imaging (Q4)";"Medicine"
380;21101238426;"Ukrainian Neurosurgical Journal";journal;"26639092, 26639084";"SI Romodanov Neurosurgery Institute of the National Academy of Medical Sciences of Ukraine";Yes;Yes;0,114;Q4;3;25;56;934;12;56;0,21;37,36;35,62;0;Ukraine;Eastern Europe;"SI Romodanov Neurosurgery Institute of the National Academy of Medical Sciences of Ukraine";"2022-2025";"Cellular and Molecular Neuroscience (Q4); Critical Care and Intensive Care Medicine (Q4); Neurology (clinical) (Q4); Surgery (Q4)";"Medicine; Neuroscience"
381;14924;"Confinia Cephalalgica";journal;"30350670, 11220279";"Page Press Publications";No;No;0,113;Q4;6;17;64;509;12;53;0,27;29,94;51,46;0;Italy;Western Europe;"Page Press Publications";"1993-2026";"Neurology (Q4); Neurology (clinical) (Q4)";"Medicine; Neuroscience"
382;21101246896;"East African Journal of Neurological Sciences";journal;"29574323, 29574315";"East African Association of Neurological Surgeons";No;No;0,112;Q4;1;13;19;289;2;18;0,11;22,23;29,27;0;Kenya;Africa;"East African Association of Neurological Surgeons";"2022-2026";"Anatomy (Q4); Neurology (clinical) (Q4); Psychiatry and Mental Health (Q4); Surgery (Q4)";"Medicine"
383;21100932739;"Brazilian Neurosurgery";journal;"23595922, 01035355";"Thieme Publishers Rio";Yes;Yes;0,111;Q4;3;0;6;0;1;6;0,00;0,00;0,00;0;Brazil;Latin America;"Thieme Publishers Rio";"2015, 2017-2025";"Neurology (clinical) (Q4); Surgery (Q4)";"Medicine"
384;17946;"Neurologie und Rehabilitation";journal;"18697003, 09472177";"Hippocampus Verlag";No;No;0,111;Q4;14;42;74;831;7;59;0,11;19,79;44,44;0;Germany;Western Europe;"Hippocampus Verlag";"1997-2025";"Neurology (clinical) (Q4); Rehabilitation (Q4)";"Medicine"
385;21101195677;"Iranian Journal of Neurosurgery";journal;"24236829, 24236497";"Guilan University of Medical Sciences";Yes;Yes;0,109;Q4;4;30;99;756;10;94;0,09;25,20;21,74;0;Iran;Middle East;"Guilan University of Medical Sciences";"2019-2025";"Neurology (clinical) (Q4); Surgery (Q4)";"Medicine"
386;21100983352;"Chinese Journal of Urology";journal;"10006702";"Chinese Medical Journals Publishing House Co.Ltd";No;No;0,108;Q4;4;217;514;4392;42;510;0,06;20,24;27,87;0;China;Asiatic Region;"Chinese Medical Journals Publishing House Co.Ltd";"2019-2025";"Nephrology (Q4); Neurology (clinical) (Q4)";"Medicine"
387;21101212706;"International Neurological Journal (Ukraine) (discontinued)";journal;"23071419, 22240713";"Zaslavsky Publishing House";No;No;0,107;Q4;5;68;155;1762;17;152;0,14;25,91;60,00;0;Ukraine;Eastern Europe;"Zaslavsky Publishing House";"2020-2025";"Neurology (clinical) (Q4)";"Medicine"
388;12751;"Japanese Journal of Neurosurgery";journal;"0917950X";"Japanese Congress of Neurological Surgeons";No;No;0,107;Q4;8;79;230;1679;6;229;0,02;21,25;13,16;0;Japan;Asiatic Region;"Japanese Congress of Neurological Surgeons";"1994-2025";"Neurology (clinical) (Q4); Surgery (Q4)";"Medicine"
389;19700175274;"Pratique Neurologique - FMC";journal;"18787762, 18787770";"Elsevier Masson s.r.l.";No;No;0,106;Q4;4;45;133;964;7;119;0,06;21,42;48,05;0;France;Western Europe;"Elsevier Masson s.r.l.";"2010-2026";"Neurology (clinical) (Q4)";"Medicine"
390;21101017657;"Chinese Journal of Neurosurgery";journal;"10012346";"Chinese Medical Journals Publishing House Co.Ltd";No;No;0,105;Q4;3;162;666;3320;48;663;0,05;20,49;30,61;0;China;Asiatic Region;"Chinese Medical Journals Publishing House Co.Ltd";"2020-2026";"Neurology (clinical) (Q4); Surgery (Q4)";"Medicine"
391;36252;"Neurologia, Neurocirugia y Psiquiatria";journal;"00283851";"Sociedad Mexicana de Neurologia y Psiquiatria";No;No;0,105;Q4;3;0;68;0;8;53;0,11;0,00;0,00;0;Mexico;Latin America;"Sociedad Mexicana de Neurologia y Psiquiatria";"1969-1979, 2008-2011, 2017-2023";"Clinical Psychology (Q4); Neurology (Q4); Neurology (clinical) (Q4); Psychiatry and Mental Health (Q4)";"Medicine; Neuroscience; Psychology"
392;130169;"Sinapse";journal;"1645281X";"Sociedade Portuguesa de Neurologia";No;No;0,105;Q4;5;24;105;338;6;73;0,03;14,08;67,48;0;Portugal;Western Europe;"Sociedade Portuguesa de Neurologia";"2005-2025";"Cellular and Molecular Neuroscience (Q4); Neurology (clinical) (Q4)";"Medicine; Neuroscience"
393;19259;"Revista Brasileira de Neurologia e Psiquiatria";journal;"14140365";"Editora Cientifica Nacional Ltda";No;No;0,103;Q4;4;22;80;486;3;71;0,02;22,09;59,09;0;Brazil;Latin America;"Editora Cientifica Nacional Ltda";"1999-2000, 2008-2010, 2013-2024";"Neurology (Q4); Neurology (clinical) (Q4); Neuropsychology and Physiological Psychology (Q4); Psychiatry and Mental Health (Q4)";"Medicine; Neuroscience; Psychology"
394;16243;"Journal fur Neurologie, Neurochirurgie und Psychiatrie";journal;"16081587, 16809440";"Krause und Pachernegg GmbH";Yes;No;0,102;Q4;8;18;80;408;13;65;0,11;22,67;58,62;0;Austria;Western Europe;"Krause und Pachernegg GmbH";"2002-2025";"Neurology (clinical) (Q4); Psychiatry and Mental Health (Q4); Surgery (Q4)";"Medicine"
395;17403;"Motricite Cerebrale";journal;"02455919";"Elsevier Masson s.r.l.";No;No;0,102;Q4;7;16;67;204;4;54;0,08;12,75;54,55;0;France;Western Europe;"Elsevier Masson s.r.l.";"1980-1990, 2004-2026";"Neurology (clinical) (Q4); Rehabilitation (Q4)";"Medicine"
396;18099;"No To Hattatsu";journal;"00290831";"Japanese Society of Child Neurology";No;No;0,102;Q4;14;67;189;897;3;163;0,02;13,39;35,76;0;Japan;Asiatic Region;"Japanese Society of Child Neurology";"1969-2025";"Medicine (miscellaneous) (Q4); Neurology (clinical) (Q4); Pediatrics, Perinatology and Child Health (Q4)";"Medicine"
397;19909;"Journal of the Japan Epilepsy Society";journal;"09120890, 13475509";"Japan Epilepsy Society";No;No;0,101;Q4;5;12;28;482;0;26;0,00;40,17;42,86;0;Japan;Asiatic Region;"Japan Epilepsy Society";"1983-2026";"Neurology (Q4); Neurology (clinical) (Q4)";"Medicine; Neuroscience"
398;21101136866;"Neurologie Up2date";journal;"25113658, 25113453";"Georg Thieme Verlag";No;No;0,101;Q4;2;29;129;697;1;78;0,01;24,03;33,33;0;Germany;Western Europe;"Georg Thieme Verlag";"2018-2026";"Neurology (Q4); Neurology (clinical) (Q4)";"Medicine; Neuroscience"
399;21100912973;"Swiss Archives of Neurology, Psychiatry and Psychotherapy";journal;"22976981, 22977007";"EMH Schweizerischer Arzteverlag AG";Yes;Yes;0,101;Q4;16;7;89;96;1;60;0,02;13,71;53,85;0;Switzerland;Western Europe;"EMH Schweizerischer Arzteverlag AG";"2016-2024";"Clinical Psychology (Q4); Neurology (clinical) (Q4); Psychiatry and Mental Health (Q4)";"Medicine; Psychology"
400;15118;"Neuro-Ophthalmology Japan";journal;"02897024";"Neuro-Ophthalmology Society of Japan";No;No;0,100;Q4;4;37;107;738;0;106;0,00;19,95;28,97;0;Japan;Asiatic Region;"Neuro-Ophthalmology Society of Japan";"1984-2025";"Neurology (clinical) (Q4); Ophthalmology (Q4)";"Medicine"
401;21101284801;"Acta Neurologica Colombiana";journal;"24224022";"Colombian Association of Neurology";Yes;No;;-;3;37;77;926;19;61;0,25;25,03;44,79;0;Colombia;Latin America;"Colombian Association of Neurology";"2022-2026";"Neurology (clinical)";"Medicine"
402;21101300358;"Brain Tumor Research and Treatment";journal;"22882405, 22882413";"The Korean Brain Tumor Society; The Korean Society for Neuro-Oncology; The Korean Society for Pediatric Neuro-Oncology";No;No;;-;12;33;100;997;186;99;1,98;30,21;25,19;0;South Korea;Asiatic Region;"The Korean Brain Tumor Society; The Korean Society for Neuro-Oncology; The Korean Society for Pediatric Neuro-Oncology";"2021-2026";"Cellular and Molecular Neuroscience; Neurology (clinical); Oncology; Surgery";"Medicine; Neuroscience"
403;21101389659;"Chinese Journal of Stroke";journal;"16735765";"Editorial Office of Chinese Journal of Stroke";No;No;;-;8;199;429;6029;127;393;0,30;30,30;47,20;0;China;Asiatic Region;"Editorial Office of Chinese Journal of Stroke";"2022-2025";"Cardiology and Cardiovascular Medicine; Epidemiology; Neurology; Neurology (clinical); Psychiatry and Mental Health";"Medicine; Neuroscience"
404;21101290579;"Frontiers in Stroke";journal;"28133056";"Frontiers Media SA";Yes;No;;-;5;61;39;2478;19;33;0,49;40,62;45,13;0;Switzerland;Western Europe;"Frontiers Media SA";"2022-2026";"Cardiology and Cardiovascular Medicine; Neurology; Neurology (clinical); Rehabilitation";"Medicine; Neuroscience"
405;21101264312;"Imaging Neuroscience";journal;"28376056";"MIT Press";Yes;No;;-;13;335;50;25856;105;49;2,10;77,18;35,87;2;United States;Northern America;"MIT Press";"2023-2026";"Medicine (miscellaneous); Neurology (clinical); Neuroscience (miscellaneous); Radiology, Nuclear Medicine and Imaging";"Medicine; Neuroscience"
406;21101292825;"JMIR Neurotechnology";journal;"2817092X";"JMIR Publications Inc.";Yes;No;;-;5;11;13;938;10;12;0,77;85,27;44,44;0;Canada;Northern America;"JMIR Publications Inc.";"2022-2026";"Health Informatics; Neurology (clinical); Neuroscience (miscellaneous); Rehabilitation";"Medicine; Neuroscience"
407;21101140100;"Neuroimmunology Reports";journal;"2667257X";"Elsevier B.V.";No;No;;-;6;37;178;509;79;177;0,42;13,76;50,00;0;Netherlands;Western Europe;"Elsevier B.V.";"2021-2026";"Immunology and Allergy; Neurology (clinical); Neuroscience (miscellaneous)";"Medicine; Neuroscience"
