Rank;Sourceid;Title;Type;Issn;Publisher;Open Access;Open Access Diamond;SJR;SJR Quartile;H index;Total Docs. (2023);Total Docs. (3years);Total Refs.;Total Citations (3years);Citable Docs. (3years);Citations / Doc. (2years);Ref. / Doc.;%Female;Overton;Country;Region;Publisher;Coverage;Categories;Areas
1;21100198409;"Nature Climate Change";journal;"17586798, 1758678X";"Nature Research";No;No;7,724;Q1;322;315;824;10035;12119;446;13,73;31,86;32,84;130;United Kingdom;Western Europe;"Nature Research";"2009, 2011-2026";"Environmental Science (miscellaneous) (Q1); Social Sciences (miscellaneous) (Q1)";"Environmental Science; Social Sciences"
2;16343;"Applied Catalysis B: Environmental";journal;"18733883, 09263373";"Elsevier B.V.";No;No;5,112;Q1;376;1044;3230;63873;69588;3225;21,54;61,18;34,03;4;Netherlands;Western Europe;"Elsevier B.V.";"1992-2026";"Catalysis (Q1); Environmental Science (miscellaneous) (Q1); Process Chemistry and Technology (Q1)";"Chemical Engineering; Environmental Science"
3;21101153191;"Carbon Research";journal;"27316696";"Springer Nature";Yes;No;4,585;Q1;33;49;30;4105;609;29;20,30;83,78;34,63;2;China;Asiatic Region;"Springer Nature";"2022-2026";"Earth-Surface Processes (Q1); Engineering (miscellaneous) (Q1); Environmental Science (miscellaneous) (Q1)";"Earth and Planetary Sciences; Engineering; Environmental Science"
4;15131;"Global Change Biology";journal;"13652486, 13541013";"Wiley-Blackwell Publishing Ltd";No;No;4,285;Q1;353;513;1541;45562;18652;1427;10,95;88,81;35,48;106;United Kingdom;Western Europe;"Wiley-Blackwell Publishing Ltd";"1959, 1973, 1995-2026";"Ecology (Q1); Environmental Chemistry (Q1); Environmental Science (miscellaneous) (Q1); Global and Planetary Change (Q1)";"Environmental Science"
5;21101166978;"Eco-Environment and Health";journal;"27729850";"Elsevier B.V.";Yes;No;3,678;Q1;29;35;27;2443;418;24;15,48;69,80;42,77;4;Netherlands;Western Europe;"Elsevier B.V.";"2022-2026";"Ecology (Q1); Environmental Science (miscellaneous) (Q1); Health, Toxicology and Mutagenesis (Q1)";"Environmental Science"
6;21101030209;"Energy and Environmental Materials";journal;"25750348, 25750356";"John Wiley &amp; Sons Inc.";No;No;3,493;Q1;81;239;222;17644;3260;212;13,31;73,82;32,11;2;United States;Northern America;"John Wiley &amp; Sons Inc.";"2018-2026";"Energy (miscellaneous) (Q1); Environmental Science (miscellaneous) (Q1); Materials Science (miscellaneous) (Q1); Renewable Energy, Sustainability and the Environment (Q1); Waste Management and Disposal (Q1); Water Science and Technology (Q1)";"Energy; Environmental Science; Materials Science"
7;21101027517;"One Earth";journal;"25903330, 25903322";"Cell Press";No;No;3,392;Q1;89;188;587;10888;5243;385;7,85;57,91;39,88;71;United States;Northern America;"Cell Press";"2019-2025";"Earth and Planetary Sciences (miscellaneous) (Q1); Environmental Science (miscellaneous) (Q1)";"Earth and Planetary Sciences; Environmental Science"
8;20912;"Environment International";journal;"18736750, 01604120";"Elsevier Ltd";Yes;No;3,015;Q1;297;640;2287;44822;28673;2253;11,31;70,03;45,47;129;United Kingdom;Western Europe;"Elsevier Ltd";"1976-2026";"Environmental Science (miscellaneous) (Q1)";"Environmental Science"
9;21101042161;"Environmental Science and Ecotechnology";journal;"26664984";"Elsevier B.V.";Yes;No;2,968;Q1;55;52;109;4154;1560;102;15,37;79,88;35,33;5;China;Asiatic Region;"Elsevier B.V.";"2020-2026";"Ecology (Q1); Environmental Engineering (Q1); Environmental Science (miscellaneous) (Q1)";"Environmental Science"
10;21101049099;"Biochar";journal;"25247867";"Springer Science and Business Media B.V.";Yes;No;2,855;Q1;64;90;157;7768;2501;157;14,17;86,31;35,95;3;Germany;Western Europe;"Springer Science and Business Media B.V.";"2019-2026";"Biomaterials (Q1); Environmental Science (miscellaneous) (Q1); Pollution (Q1); Soil Science (Q1)";"Agricultural and Biological Sciences; Environmental Science; Materials Science"
11;21101065239;"Communications Earth and Environment";journal;"26624435";"Springer Nature";Yes;No;2,835;Q1;75;476;622;32476;5019;590;7,83;68,23;30,78;146;United Kingdom;Western Europe;"Springer Nature";"2020-2026";"Earth and Planetary Sciences (miscellaneous) (Q1); Environmental Science (miscellaneous) (Q1)";"Earth and Planetary Sciences; Environmental Science"
12;19400158343;"Current Opinion in Environmental Sustainability";journal;"18773435";"Elsevier B.V.";No;No;2,511;Q1;145;104;241;6750;2185;216;7,47;64,90;49,74;51;Netherlands;Western Europe;"Elsevier B.V.";"2009-2026";"Environmental Science (miscellaneous) (Q1); Social Sciences (miscellaneous) (Q1)";"Environmental Science; Social Sciences"
13;21100403190;"Earth's Future";journal;"23284277";"John Wiley &amp; Sons Inc.";Yes;No;2,444;Q1;103;241;550;19917;4529;504;7,18;82,64;35,46;0;United States;Northern America;"John Wiley &amp; Sons Inc.";"2014-2026";"Earth and Planetary Sciences (miscellaneous) (Q1); Environmental Science (miscellaneous) (Q1)";"Earth and Planetary Sciences; Environmental Science"
14;21848;"Global Biogeochemical Cycles";journal;"08866236, 19449224";"Wiley-Blackwell";No;No;2,387;Q1;224;130;387;12652;2259;382;5,36;97,32;36,51;0;United States;Northern America;"Wiley-Blackwell";"1987-2026";"Atmospheric Science (Q1); Environmental Chemistry (Q1); Environmental Science (miscellaneous) (Q1); Global and Planetary Change (Q1)";"Earth and Planetary Sciences; Environmental Science"
15;24519;"Environmental Politics";journal;"09644016, 17438934";"Routledge";No;No;2,375;Q1;105;58;199;3055;1402;186;7,27;52,67;36,21;23;United Kingdom;Western Europe;"Routledge";"1992-2026";"Environmental Science (miscellaneous) (Q1); Sociology and Political Science (Q1)";"Environmental Science; Social Sciences"
16;21101055861;"Resources, Environment and Sustainability";journal;"26669161";"Elsevier B.V.";Yes;No;2,370;Q1;36;43;72;3110;960;69;13,66;72,33;34,93;7;Netherlands;Western Europe;"Elsevier B.V.";"2020-2026";"Environmental Engineering (Q1); Environmental Science (miscellaneous) (Q1); Management, Monitoring, Policy and Law (Q1); Pollution (Q1)";"Environmental Science"
17;19700201681;"Environmental Innovation and Societal Transitions";journal;"22104232, 22104224";"Elsevier B.V.";No;No;2,357;Q1;93;87;316;8039;2384;304;6,07;92,40;43,75;38;Netherlands;Western Europe;"Elsevier B.V.";"2011-2026";"Environmental Science (miscellaneous) (Q1); Renewable Energy, Sustainability and the Environment (Q1); Social Sciences (miscellaneous) (Q1)";"Energy; Environmental Science; Social Sciences"
18;20894;"Transportation Research Part D: Transport and Environment";journal;"13619209";"Elsevier Ltd";No;No;2,328;Q1;167;356;1060;22456;9429;1043;8,01;63,08;33,14;51;United Kingdom;Western Europe;"Elsevier Ltd";"1996-2026";"Civil and Structural Engineering (Q1); Environmental Science (miscellaneous) (Q1); Transportation (Q1)";"Engineering; Environmental Science; Social Sciences"
19;22524;"Climate Policy";journal;"14693062, 17527457";"Taylor and Francis Ltd.";No;No;2,245;Q1;105;95;291;5928;2099;279;6,67;62,40;38,32;52;United Kingdom;Western Europe;"Taylor and Francis Ltd.";"2001-2026";"Atmospheric Science (Q1); Environmental Science (miscellaneous) (Q1); Global and Planetary Change (Q1); Management, Monitoring, Policy and Law (Q1)";"Earth and Planetary Sciences; Environmental Science"
20;5200152632;"Environmental Research Letters";journal;"17489326";"Institute of Physics";Yes;No;2,134;Q1;222;717;2739;42249;18834;2721;6,00;58,92;36,43;196;United Kingdom;Western Europe;"Institute of Physics";"2006-2025";"Environmental Science (miscellaneous) (Q1); Public Health, Environmental and Occupational Health (Q1); Renewable Energy, Sustainability and the Environment (Q1)";"Energy; Environmental Science; Medicine"
21;13272;"Environment and Planning A";journal;"14723409, 0308518X";"SAGE Publications Ltd";No;No;2,084;Q1;171;120;328;8079;1793;318;4,91;67,33;39,69;0;United Kingdom;Western Europe;"SAGE Publications Ltd";"1973-2026";"Environmental Science (miscellaneous) (Q1); Geography, Planning and Development (Q1)";"Environmental Science; Social Sciences"
22;19167;"Journal of Cleaner Production";journal;"09596526, 18791786";"Elsevier Ltd";Yes;No;2,058;Q1;397;4407;15022;296758;175440;14974;10,79;67,34;35,08;280;United Kingdom;Western Europe;"Elsevier Ltd";"1993-2026";"Environmental Science (miscellaneous) (Q1); Industrial and Manufacturing Engineering (Q1); Renewable Energy, Sustainability and the Environment (Q1); Strategy and Management (Q1)";"Business, Management and Accounting; Energy; Engineering; Environmental Science"
23;21101089625;"ACS Environmental Au";journal;"26942518";"American Chemical Society";Yes;No;2,043;Q1;30;36;58;2343;399;51;6,88;65,08;40,98;5;United States;Northern America;"American Chemical Society";"2021-2026";"Environmental Engineering (Q1); Environmental Science (miscellaneous) (Q1); Water Science and Technology (Q1)";"Environmental Science"
24;21101137848;"Carbon Capture Science and Technology";journal;"27726568";"Elsevier Ltd";Yes;No;2,041;Q1;41;47;71;4387;839;69;11,82;93,34;37,99;0;United Kingdom;Western Europe;"Elsevier Ltd";"2021-2026";"Chemical Engineering (miscellaneous) (Q1); Energy (miscellaneous) (Q1); Environmental Science (miscellaneous) (Q1)";"Chemical Engineering; Energy; Environmental Science"
25;20290;"Ecological Economics";journal;"09218009";"Elsevier B.V.";No;No;1,983;Q1;279;281;860;20295;6289;832;6,91;72,22;34,17;105;Netherlands;Western Europe;"Elsevier B.V.";"1989-2026";"Economics and Econometrics (Q1); Environmental Science (miscellaneous) (Q1)";"Economics, Econometrics and Finance; Environmental Science"
26;29861;"Organization and Environment";journal;"15527417, 10860266";"SAGE Publications Inc.";No;No;1,893;Q1;91;22;83;1963;510;81;4,49;89,23;37,50;4;United States;Northern America;"SAGE Publications Inc.";"1987-2026";"Environmental Science (miscellaneous) (Q1); Organizational Behavior and Human Resource Management (Q1)";"Business, Management and Accounting; Environmental Science"
27;19600162144;"Science China Life Sciences";journal;"16747305, 18691889";"Science China Press";No;No;1,888;Q1;96;226;620;15915;3998;508;5,93;70,42;39,23;1;China;Asiatic Region;"Science China Press";"2010-2026";"Agricultural and Biological Sciences (miscellaneous) (Q1); Biochemistry, Genetics and Molecular Biology (miscellaneous) (Q1); Environmental Science (miscellaneous) (Q1)";"Agricultural and Biological Sciences; Biochemistry, Genetics and Molecular Biology; Environmental Science"
28;23269;"Computers, Environment and Urban Systems";journal;"01989715";"Elsevier Ltd";No;No;1,861;Q1;128;90;306;5976;2579;306;8,50;66,40;32,76;8;United Kingdom;Western Europe;"Elsevier Ltd";"1980-1986, 1988-2026";"Ecological Modeling (Q1); Environmental Science (miscellaneous) (Q1); Geography, Planning and Development (Q1); Urban Studies (Q1)";"Environmental Science; Social Sciences"
29;15143;"Regional Studies";journal;"13600591, 00343404";"Routledge";No;No;1,815;Q1;157;193;449;12369;2601;427;5,35;64,09;34,57;70;United Kingdom;Western Europe;"Routledge";"1967-2026";"Environmental Science (miscellaneous) (Q1); Social Sciences (miscellaneous) (Q1)";"Environmental Science; Social Sciences"
30;29684;"Urban Studies";journal;"00420980, 1360063X";"SAGE Publications Ltd";No;No;1,806;Q1;195;172;543;10925;2996;536;4,80;63,52;41,44;35;United Kingdom;Western Europe;"SAGE Publications Ltd";"1964-2026";"Environmental Science (miscellaneous) (Q1); Urban Studies (Q1)";"Environmental Science; Social Sciences"
31;29295;"Journal of Transport Geography";journal;"09666923";"Elsevier B.V.";No;No;1,791;Q1;165;199;720;12806;4776;718;5,93;64,35;31,29;40;United Kingdom;Western Europe;"Elsevier B.V.";"1993-2026";"Environmental Science (miscellaneous) (Q1); Geography, Planning and Development (Q1); Transportation (Q1)";"Environmental Science; Social Sciences"
32;13274;"Environment and Planning D: Society and Space";journal;"02637758, 14723433";"SAGE Publications Inc.";No;No;1,780;Q1;140;57;191;4388;848;184;3,14;76,98;61,43;2;United Kingdom;Western Europe;"SAGE Publications Inc.";"1983-2026";"Environmental Science (miscellaneous) (Q1); Geography, Planning and Development (Q1)";"Environmental Science; Social Sciences"
33;23411;"Journal of Industrial Ecology";journal;"10881980, 15309290";"Springer Nature";No;No;1,695;Q1;151;112;370;7636;2434;361;6,25;68,18;37,79;35;Netherlands;Western Europe;"Springer Nature";"1997-2026";"Economics and Econometrics (Q1); Environmental Science (miscellaneous) (Q1); Social Sciences (miscellaneous) (Q1)";"Economics, Econometrics and Finance; Environmental Science; Social Sciences"
34;130030;"Proceedings of the Royal Society B: Biological Sciences";journal;"14712954, 09628452";"Royal Society Publishing";No;No;1,692;Q1;313;562;1808;38274;7710;1778;3,64;68,10;38,63;31;United Kingdom;Western Europe;"Royal Society Publishing";"1946-1947, 1949-2026";"Agricultural and Biological Sciences (miscellaneous) (Q1); Biochemistry, Genetics and Molecular Biology (miscellaneous) (Q1); Environmental Science (miscellaneous) (Q1); Immunology and Microbiology (miscellaneous)  (Q1); Medicine (miscellaneous) (Q1)";"Agricultural and Biological Sciences; Biochemistry, Genetics and Molecular Biology; Environmental Science; Immunology and Microbiology; Medicine"
35;21524;"Environmental Research";journal;"10960953, 00139351";"Academic Press Inc.";No;No;1,679;Q1;217;2610;5000;194807;43764;4933;8,84;74,64;41,29;199;United States;Northern America;"Academic Press Inc.";"1967-1995, 1997-2026";"Biochemistry (Q1); Environmental Science (miscellaneous) (Q1)";"Biochemistry, Genetics and Molecular Biology; Environmental Science"
36;16281;"Journal of Geotechnical and Geoenvironmental Engineering - ASCE";journal;"19435606, 10900241";"American Society of Civil Engineers (ASCE)";No;No;1,671;Q1;216;177;726;8590;2882;626;3,58;48,53;20,37;0;United States;Northern America;"American Society of Civil Engineers (ASCE)";"1996-2026";"Environmental Science (miscellaneous) (Q1); Geotechnical Engineering and Engineering Geology (Q1)";"Earth and Planetary Sciences; Environmental Science"
37;21101163253;"Sustainable Horizons";journal;"27727378";"Elsevier B.V.";No;No;1,603;Q1;24;27;37;1293;275;25;7,43;47,89;34,02;1;Netherlands;Western Europe;"Elsevier B.V.";"2022-2026";"Environmental Science (miscellaneous) (Q1)";"Environmental Science"
38;21101150408;"Unconventional Resources";journal;"26665190";"KeAi Communications Co.";Yes;No;1,587;Q1;18;29;23;1055;159;23;6,91;36,38;30,53;1;China;Asiatic Region;"KeAi Communications Co.";"2021-2026";"Energy (miscellaneous) (Q1); Environmental Science (miscellaneous) (Q1)";"Energy; Environmental Science"
39;14356;"Environment and Behavior";journal;"1552390X, 00139165";"SAGE Publications Ltd";No;No;1,572;Q1;159;22;120;1955;761;120;5,53;88,86;55,32;0;United Kingdom;Western Europe;"SAGE Publications Ltd";"1969-2026";"Environmental Science (miscellaneous) (Q1)";"Environmental Science"
40;21100913557;"Earth Systems and Environment";journal;"25099426, 25099434";"Springer International Publishing AG";No;No;1,521;Q1;49;52;171;3877;1314;170;6,58;74,56;20,88;4;Switzerland;Western Europe;"Springer International Publishing AG";"2017-2026";"Computers in Earth Sciences (Q1); Economic Geology (Q1); Environmental Science (miscellaneous) (Q1); Geology (Q1); Global and Planetary Change (Q1)";"Earth and Planetary Sciences; Environmental Science"
41;7000153205;"Journal of Environmental Informatics";journal;"17262135, 16848799";"International Society for Environmental Information Sciences";No;No;1,491;Q1;41;24;65;1379;365;65;6,74;57,46;31,19;0;Canada;Northern America;"International Society for Environmental Information Sciences";"2007-2025";"Computer Science Applications (Q1); Decision Sciences (miscellaneous) (Q1); Environmental Science (miscellaneous) (Q1)";"Computer Science; Decision Sciences; Environmental Science"
42;21100943534;"Transportation Research Interdisciplinary Perspectives";journal;"25901982";"Elsevier Ltd";Yes;No;1,484;Q1;68;228;596;13828;4363;592;4,88;60,65;36,06;33;United Kingdom;Western Europe;"Elsevier Ltd";"2019-2026";"Automotive Engineering (Q1); Civil and Structural Engineering (Q1); Environmental Science (miscellaneous) (Q1); Geography, Planning and Development (Q1); Management Science and Operations Research (Q1); Transportation (Q1); Urban Studies (Q1)";"Decision Sciences; Engineering; Environmental Science; Social Sciences"
43;5700168527;"Sustainability: Science, Practice, and Policy";journal;"15487733";"Taylor and Francis Ltd.";Yes;No;1,472;Q1;46;37;121;2639;857;120;4,57;71,32;47,13;7;United States;Northern America;"Taylor and Francis Ltd.";"2009-2026";"Environmental Science (miscellaneous) (Q1); Geography, Planning and Development (Q1)";"Environmental Science; Social Sciences"
44;21100371216;"Environmental Science: Nano";journal;"20518161, 20518153";"Royal Society of Chemistry";No;No;1,463;Q1;131;267;922;18075;6502;915;6,00;67,70;42,07;5;United Kingdom;Western Europe;"Royal Society of Chemistry";"2014-2026";"Environmental Science (miscellaneous) (Q1); Materials Science (miscellaneous) (Q1)";"Environmental Science; Materials Science"
45;21100201022;"Frontiers of Environmental Science and Engineering";journal;"20952201, 2095221X";"Higher Education Press Limited Company";No;No;1,460;Q1;75;155;407;9061;2589;402;6,74;58,46;37,24;2;China;Asiatic Region;"Higher Education Press Limited Company";"2013-2025";"Environmental Science (miscellaneous) (Q1)";"Environmental Science"
46;21100920651;"Advanced Sustainable Systems";journal;"23667486";"John Wiley &amp; Sons Inc.";No;No;1,449;Q1;70;153;419;10670;2805;414;6,14;69,74;32,19;1;United States;Northern America;"John Wiley &amp; Sons Inc.";"2017-2026";"Environmental Science (miscellaneous) (Q1); Renewable Energy, Sustainability and the Environment (Q1)";"Energy; Environmental Science"
47;23393;"Journal of Environmental Sciences (China)";journal;"10010742, 18787320";"Chinese Academy of Sciences";No;No;1,422;Q1;151;451;1007;27383;6872;990;6,91;60,72;40,90;14;China;Asiatic Region;"Chinese Academy of Sciences";"1970, 1972-1973, 1980, 1982-1983, 1993, 1995-2026";"Environmental Chemistry (Q1); Environmental Engineering (Q1); Environmental Science (miscellaneous) (Q1); Medicine (miscellaneous) (Q1)";"Environmental Science; Medicine"
48;21101145679;"Energy and Climate Change";journal;"26662787";"Elsevier Ltd";No;No;1,390;Q1;26;29;84;1672;481;82;6,52;57,66;33,33;6;United Kingdom;Western Europe;"Elsevier Ltd";"2020-2026";"Environmental Science (miscellaneous) (Q1); Renewable Energy, Sustainability and the Environment (Q1)";"Energy; Environmental Science"
49;21100239615;"Wiley Interdisciplinary Reviews: Energy and Environment";journal;"20418396, 2041840X";"John Wiley and Sons Ltd";No;No;1,381;Q1;64;35;79;4125;588;76;6,60;117,86;35,04;6;United Kingdom;Western Europe;"John Wiley and Sons Ltd";"2012-2026";"Environmental Science (miscellaneous) (Q1); Renewable Energy, Sustainability and the Environment (Q1)";"Energy; Environmental Science"
50;21100385961;"Environmental Technology and Innovation";journal;"23521864";"Elsevier B.V.";Yes;No;1,356;Q1;110;481;1765;30755;14706;1759;7,84;63,94;36,71;17;Netherlands;Western Europe;"Elsevier B.V.";"2014-2026";"Environmental Science (miscellaneous) (Q1); Plant Science (Q1); Soil Science (Q1)";"Agricultural and Biological Sciences; Environmental Science"
51;21101098869;"Cleaner Logistics and Supply Chain";journal;"27723909";"Elsevier Ltd";Yes;No;1,354;Q1;37;41;83;2409;710;83;8,55;58,76;36,00;4;United Kingdom;Western Europe;"Elsevier Ltd";"2021-2026";"Environmental Science (miscellaneous) (Q1); Industrial and Manufacturing Engineering (Q1); Management, Monitoring, Policy and Law (Q1); Management of Technology and Innovation (Q1)";"Business, Management and Accounting; Engineering; Environmental Science"
52;21101144434;"Energy Nexus";journal;"27724271";"Elsevier Ltd";Yes;No;1,335;Q1;47;92;145;6666;1344;143;9,27;72,46;30,79;5;United Kingdom;Western Europe;"Elsevier Ltd";"2021-2026";"Energy (miscellaneous) (Q1); Environmental Science (miscellaneous) (Q1)";"Energy; Environmental Science"
53;21100220478;"Urban Climate";journal;"22120955";"Elsevier B.V.";No;No;1,318;Q1;102;408;754;29065;5194;752;6,61;71,24;34,55;17;Netherlands;Western Europe;"Elsevier B.V.";"2012-2026";"Atmospheric Science (Q1); Environmental Science (miscellaneous) (Q1); Geography, Planning and Development (Q1); Urban Studies (Q1)";"Earth and Planetary Sciences; Environmental Science; Social Sciences"
54;21527;"Environmental Reviews";journal;"12086053, 11818700";"National Research Council of Canada";No;No;1,316;Q1;99;44;111;5324;667;108;4,59;121,00;47,71;13;Canada;Northern America;"National Research Council of Canada";"1993-2026";"Environmental Science (miscellaneous) (Q1)";"Environmental Science"
55;21101079225;"Cleaner Environmental Systems";journal;"26667894";"Elsevier Ltd";Yes;No;1,289;Q1;32;52;96;3166;658;96;6,82;60,88;35,87;6;United Kingdom;Western Europe;"Elsevier Ltd";"2020-2026";"Environmental Engineering (Q1); Environmental Science (miscellaneous) (Q1); Management, Monitoring, Policy and Law (Q1); Renewable Energy, Sustainability and the Environment (Q1)";"Energy; Environmental Science"
56;21101055712;"Case Studies in Chemical and Environmental Engineering";journal;"26660164";"Elsevier Ltd";Yes;No;1,283;Q1;59;265;267;16957;2222;248;7,58;63,99;32,71;5;United Kingdom;Western Europe;"Elsevier Ltd";"2020-2026";"Chemical Engineering (miscellaneous) (Q1); Engineering (miscellaneous) (Q1); Environmental Chemistry (Q1); Environmental Engineering (Q1); Environmental Science (miscellaneous) (Q1)";"Chemical Engineering; Engineering; Environmental Science"
57;21101126907;"Carbon Neutrality";journal;"27313948, 27888614";"Springer";Yes;Yes;1,250;Q1;28;35;39;3010;259;36;6,64;86,00;33,52;3;China;Asiatic Region;"Springer";"2022-2026";"Economics, Econometrics and Finance (miscellaneous) (Q1); Energy (miscellaneous) (Q1); Environmental Science (miscellaneous) (Q1)";"Economics, Econometrics and Finance; Energy; Environmental Science"
58;21100826425;"Environment and Planning C: Politics and Space";journal;"23996552, 23996544";"SAGE Publications Ltd";No;No;1,231;Q1;93;91;282;6110;959;269;3,36;67,14;47,28;10;United Kingdom;Western Europe;"SAGE Publications Ltd";"2017-2026";"Environmental Science (miscellaneous) (Q1); Geography, Planning and Development (Q1); Management, Monitoring, Policy and Law (Q1); Public Administration (Q1)";"Environmental Science; Social Sciences"
59;21101136304;"Geosystems and Geoenvironment";journal;"27728838";"Elsevier B.V.";Yes;No;1,207;Q1;26;86;74;7281;360;72;4,86;84,66;23,30;2;Netherlands;Western Europe;"Elsevier B.V.";"2022-2026";"Earth and Planetary Sciences (miscellaneous) (Q1); Environmental Science (miscellaneous) (Q1)";"Earth and Planetary Sciences; Environmental Science"
60;27471;"Applied Geography";journal;"01436228";"Elsevier B.V.";No;No;1,204;Q1;143;230;422;15800;2224;422;4,49;68,70;38,90;23;Netherlands;Western Europe;"Elsevier B.V.";"1981-2026";"Environmental Science (miscellaneous) (Q1); Forestry (Q1); Geography, Planning and Development (Q1); Tourism, Leisure and Hospitality Management (Q1)";"Agricultural and Biological Sciences; Business, Management and Accounting; Environmental Science; Social Sciences"
61;23271;"International Journal of Life Cycle Assessment";journal;"09483349, 16147502";"Springer";No;No;1,203;Q1;149;110;421;5975;2140;403;4,70;54,32;39,40;26;Germany;Western Europe;"Springer";"1996-2025";"Environmental Science (miscellaneous) (Q1)";"Environmental Science"
62;23357;"Atmospheric Environment";journal;"13522310, 18732844";"Elsevier Ltd";No;No;1,169;Q1;299;568;1724;35791;8539;1722;4,82;63,01;38,50;45;United Kingdom;Western Europe;"Elsevier Ltd";"1972-1981, 1983, 1986-1987, 1994-2026";"Environmental Science (miscellaneous) (Q1); Atmospheric Science (Q2)";"Earth and Planetary Sciences; Environmental Science"
63;4000148310;"Geobiology";journal;"14724677, 14724669";"John Wiley and Sons Inc";No;No;1,169;Q1;93;47;134;4766;483;132;3,00;101,40;31,54;2;United Kingdom;Western Europe;"John Wiley and Sons Inc";"2003-2026";"Earth and Planetary Sciences (miscellaneous) (Q1); Ecology, Evolution, Behavior and Systematics (Q1); Environmental Science (miscellaneous) (Q1)";"Agricultural and Biological Sciences; Earth and Planetary Sciences; Environmental Science"
64;21101039477;"City and Environment Interactions";journal;"25902520";"Elsevier B.V.";Yes;No;1,166;Q1;28;35;52;2286;270;52;4,88;65,31;27,27;2;Netherlands;Western Europe;"Elsevier B.V.";"2019-2026";"Environmental Science (miscellaneous) (Q1); Geography, Planning and Development (Q1); Management, Monitoring, Policy and Law (Q1); Urban Studies (Q1)";"Environmental Science; Social Sciences"
65;23239;"Land Degradation and Development";journal;"1099145X, 10853278";"John Wiley and Sons Ltd";No;No;1,159;Q1;125;429;944;28922;4809;934;4,65;67,42;36,49;14;United Kingdom;Western Europe;"John Wiley and Sons Ltd";"1989-1990, 1992-2026";"Development (Q1); Environmental Chemistry (Q1); Environmental Science (miscellaneous) (Q1); Soil Science (Q1)";"Agricultural and Biological Sciences; Environmental Science; Social Sciences"
66;21101070986;"Conservation Science and Practice";journal;"25784854";"John Wiley and Sons Ltd";Yes;No;1,103;Q1;44;191;658;12711;2154;631;3,00;66,55;43,92;41;United States;Northern America;"John Wiley and Sons Ltd";"2019-2026";"Ecology (Q1); Environmental Science (miscellaneous) (Q1); Nature and Landscape Conservation (Q1); Global and Planetary Change (Q2)";"Environmental Science"
67;21100894508;"Atmospheric Environment: X";journal;"25901621";"Elsevier Ltd";Yes;No;1,084;Q1;34;31;141;1860;638;141;4,61;60,00;29,09;5;United Kingdom;Western Europe;"Elsevier Ltd";"2019-2026";"Environmental Science (miscellaneous) (Q1); Atmospheric Science (Q2)";"Earth and Planetary Sciences; Environmental Science"
68;26599;"European Urban and Regional Studies";journal;"09697764, 14617145";"SAGE Publications Ltd";No;No;1,079;Q1;83;32;89;1725;316;78;3,59;53,91;45,90;7;United Kingdom;Western Europe;"SAGE Publications Ltd";"1994-2026";"Environmental Science (miscellaneous) (Q1); Urban Studies (Q1)";"Environmental Science; Social Sciences"
69;21101065035;"Environmental Advances";journal;"26667657";"Elsevier B.V.";Yes;No;1,074;Q1;46;124;306;10429;1829;305;5,46;84,10;39,06;11;United Kingdom;Western Europe;"Elsevier B.V.";"2020-2026";"Environmental Science (miscellaneous) (Q1); Environmental Chemistry (Q2); Global and Planetary Change (Q2)";"Environmental Science"
70;13854;"Housing Studies";journal;"14661810, 02673037";"Routledge";No;No;1,054;Q1;99;83;252;5020;950;246;3,14;60,48;42,46;39;United Kingdom;Western Europe;"Routledge";"1986-2026";"Environmental Science (miscellaneous) (Q1); Sociology and Political Science (Q1); Urban Studies (Q1)";"Environmental Science; Social Sciences"
71;27851;"Marine Policy";journal;"0308597X";"Elsevier Ltd";No;No;1,036;Q1;140;453;1353;29946;6117;1350;4,30;66,11;42,05;134;United Kingdom;Western Europe;"Elsevier Ltd";"1977-2026";"Aquatic Science (Q1); Economics and Econometrics (Q1); Environmental Science (miscellaneous) (Q1); Law (Q1); Management, Monitoring, Policy and Law (Q1)";"Agricultural and Biological Sciences; Economics, Econometrics and Finance; Environmental Science; Social Sciences"
72;21101036139;"Environmental and Sustainability Indicators";journal;"26659727";"Elsevier B.V.";Yes;No;1,033;Q1;44;99;192;7258;1112;192;6,16;73,31;26,75;13;Netherlands;Western Europe;"Elsevier B.V.";"2019-2026";"Agricultural and Biological Sciences (miscellaneous) (Q1); Ecology, Evolution, Behavior and Systematics (Q1); Environmental Science (miscellaneous) (Q1); Management, Monitoring, Policy and Law (Q1)";"Agricultural and Biological Sciences; Environmental Science"
73;17700155709;"Fire Ecology";journal;"19339747";"Springer Science and Business Media Deutschland GmbH";Yes;No;1,028;Q1;50;68;93;5394;429;91;3,49;79,32;41,72;8;Germany;Western Europe;"Springer Science and Business Media Deutschland GmbH";"2008-2026";"Ecology, Evolution, Behavior and Systematics (Q1); Environmental Science (miscellaneous) (Q1); Forestry (Q1)";"Agricultural and Biological Sciences; Environmental Science"
74;13933;"Journal of Regional Science";journal;"14679787, 00224146";"Wiley-Blackwell Publishing Ltd";No;No;1,026;Q1;98;44;139;2743;440;137;3,52;62,34;27,12;14;United Kingdom;Western Europe;"Wiley-Blackwell Publishing Ltd";"1958-2026";"Development (Q1); Environmental Science (miscellaneous) (Q1)";"Environmental Science; Social Sciences"
75;145422;"Natural Resources Research";journal;"15207439, 15738981";"Springer";No;No;1,013;Q1;84;147;644;9171;3495;637;5,36;62,39;24,35;2;United States;Northern America;"Springer";"1996-2026";"Environmental Science (miscellaneous) (Q1)";"Environmental Science"
76;21101072516;"Frontiers in Climate";journal;"26249553";"Frontiers Media SA";Yes;No;1,003;Q1;44;164;463;9685;1576;435;3,24;59,05;36,23;54;Switzerland;Western Europe;"Frontiers Media SA";"2019-2026";"Environmental Science (miscellaneous) (Q1); Management, Monitoring, Policy and Law (Q1); Pollution (Q1); Atmospheric Science (Q2); Global and Planetary Change (Q2)";"Earth and Planetary Sciences; Environmental Science"
77;20898;"Environment and Urbanization";journal;"09562478, 17460301";"SAGE Publications Ltd";No;No;0,993;Q1;100;29;92;1395;335;85;2,93;48,10;37,50;8;United Kingdom;Western Europe;"SAGE Publications Ltd";"1989-2025";"Environmental Science (miscellaneous) (Q1); Urban Studies (Q1)";"Environmental Science; Social Sciences"
78;21101097218;"Climate Change Ecology";journal;"26669005";"Elsevier Inc.";Yes;No;0,979;Q1;16;16;55;1162;180;55;3,27;72,63;36,73;2;United States;Northern America;"Elsevier Inc.";"2021-2026";"Ecology (Q1); Environmental Science (miscellaneous) (Q1); Ecological Modeling (Q2); Global and Planetary Change (Q2)";"Environmental Science"
79;12828;"Population and Environment";journal;"15737810, 01990039";"Springer Science and Business Media B.V.";No;No;0,974;Q1;72;29;77;2144;301;75;3,48;73,93;49,25;8;Netherlands;Western Europe;"Springer Science and Business Media B.V.";"1980-1985, 1987-2026";"Demography (Q1); Environmental Science (miscellaneous) (Q1)";"Environmental Science; Social Sciences"
80;21100900344;"Geoenvironmental Disasters";journal;"21978670";"SpringerOpen";Yes;No;0,969;Q1;43;30;91;1572;517;88;4,39;52,40;29,82;0;United Kingdom;Western Europe;"SpringerOpen";"2014-2026";"Environmental Science (miscellaneous) (Q1); Geography, Planning and Development (Q1); Geotechnical Engineering and Engineering Geology (Q1); Management, Monitoring, Policy and Law (Q1); Safety, Risk, Reliability and Quality (Q1)";"Earth and Planetary Sciences; Engineering; Environmental Science; Social Sciences"
81;21101075633;"Current Research in Environmental Sustainability";journal;"26660490";"Elsevier B.V.";Yes;No;0,966;Q1;30;36;187;2511;955;181;4,30;69,75;33,77;6;Netherlands;Western Europe;"Elsevier B.V.";"2020-2026";"Environmental Science (miscellaneous) (Q1)";"Environmental Science"
82;21101089362;"Blue-Green Systems";journal;"26174782";"IWA Publishing";Yes;No;0,965;Q1;20;19;62;1191;286;60;2,23;62,68;46,67;1;United Kingdom;Western Europe;"IWA Publishing";"2019-2025";"Environmental Science (miscellaneous) (Q1); Management, Monitoring, Policy and Law (Q1); Water Science and Technology (Q1)";"Environmental Science"
83;23373;"Journal of Environmental Planning and Management";journal;"13600559, 09640568";"Routledge";No;No;0,960;Q1;100;120;371;8534;1778;369;4,97;71,12;42,14;18;United Kingdom;Western Europe;"Routledge";"1992-2026";"Environmental Science (miscellaneous) (Q1); Fluid Flow and Transfer Processes (Q1); Geography, Planning and Development (Q1); Management, Monitoring, Policy and Law (Q1); Water Science and Technology (Q1)";"Chemical Engineering; Environmental Science; Social Sciences"
84;21101044946;"Frontiers in Forests and Global Change";journal;"2624893X";"Frontiers Media SA";Yes;No;0,953;Q1;51;366;661;26040;2201;630;2,80;71,15;36,27;33;Switzerland;Western Europe;"Frontiers Media SA";"2018-2026";"Ecology (Q1); Environmental Science (miscellaneous) (Q1); Forestry (Q1); Nature and Landscape Conservation (Q1); Global and Planetary Change (Q2)";"Agricultural and Biological Sciences; Environmental Science"
85;19700182745;"Environmental Communication";journal;"17524040, 17524032";"Taylor and Francis Ltd.";No;No;0,952;Q1;65;67;223;3984;801;215;2,99;59,46;54,09;11;United Kingdom;Western Europe;"Taylor and Francis Ltd.";"2010-2026";"Environmental Science (miscellaneous) (Q1); Management, Monitoring, Policy and Law (Q1)";"Environmental Science"
86;21101176928;"Circular Economy and Sustainability";journal;"27305988, 2730597X";"Springer Nature";No;No;0,931;Q1;39;99;156;6884;855;153;5,48;69,54;41,35;22;Switzerland;Western Europe;"Springer Nature";"2021-2026";"Environmental Science (miscellaneous) (Q1); Renewable Energy, Sustainability and the Environment (Q2)";"Energy; Environmental Science"
87;21101021580;"Progress in Disaster Science";journal;"25900617";"Elsevier Ltd";Yes;No;0,931;Q1;43;33;197;1989;1141;197;3,22;60,27;38,05;2;United Kingdom;Western Europe;"Elsevier Ltd";"2019-2026";"Earth and Planetary Sciences (miscellaneous) (Q1); Environmental Science (miscellaneous) (Q1); Geography, Planning and Development (Q1); Safety Research (Q1)";"Earth and Planetary Sciences; Environmental Science; Social Sciences"
88;19700200835;"Geomatics, Natural Hazards and Risk";journal;"19475713, 19475705";"Taylor and Francis Ltd.";Yes;No;0,913;Q1;74;152;396;8949;1938;395;4,89;58,88;27,23;1;United Kingdom;Western Europe;"Taylor and Francis Ltd.";"2010-2026";"Earth and Planetary Sciences (miscellaneous) (Q1); Environmental Science (miscellaneous) (Q1)";"Earth and Planetary Sciences; Environmental Science"
89;21100790929;"Frontiers in Marine Science";journal;"22967745";"Frontiers Media SA";Yes;No;0,907;Q1;135;2308;6004;153377;19623;5815;2,84;66,45;39,77;230;Switzerland;Western Europe;"Frontiers Media SA";"2014-2026";"Aquatic Science (Q1); Environmental Science (miscellaneous) (Q1); Ocean Engineering (Q1); Oceanography (Q1); Water Science and Technology (Q1); Global and Planetary Change (Q2)";"Agricultural and Biological Sciences; Earth and Planetary Sciences; Engineering; Environmental Science"
90;21100928679;"Arctic Science";journal;"23687460";"Canadian Science Publishing";Yes;No;0,905;Q1;23;40;140;3304;400;133;2,72;82,60;44,98;12;Canada;Northern America;"Canadian Science Publishing";"2019-2026";"Agricultural and Biological Sciences (miscellaneous) (Q1); Earth and Planetary Sciences (miscellaneous) (Q1); Environmental Science (miscellaneous) (Q1)";"Agricultural and Biological Sciences; Earth and Planetary Sciences; Environmental Science"
91;21100842665;"Earth and Space Science";journal;"23335084";"Wiley-Blackwell Publishing Ltd";Yes;No;0,902;Q1;62;279;867;17261;2724;836;2,89;61,87;27,81;0;United States;Northern America;"Wiley-Blackwell Publishing Ltd";"2014-2026";"Earth and Planetary Sciences (miscellaneous) (Q1); Environmental Science (miscellaneous) (Q1)";"Earth and Planetary Sciences; Environmental Science"
92;21101170020;"Solar Energy Advances";journal;"26671131";"Elsevier Ltd";Yes;No;0,894;Q1;17;15;29;556;127;29;4,38;37,07;18,52;0;United Kingdom;Western Europe;"Elsevier Ltd";"2021-2026";"Environmental Science (miscellaneous) (Q1); Energy Engineering and Power Technology (Q2); Renewable Energy, Sustainability and the Environment (Q2)";"Energy; Environmental Science"
93;13115;"BMC Ecology and Evolution";journal;"27307182";"BioMed Central Ltd";Yes;No;0,887;Q1;160;77;584;5295;1538;580;2,32;68,77;33,04;3;United Kingdom;Western Europe;"BioMed Central Ltd";"2001-2026";"Ecology, Evolution, Behavior and Systematics (Q1); Environmental Science (miscellaneous) (Q1)";"Agricultural and Biological Sciences; Environmental Science"
94;19010;"Stochastic Environmental Research and Risk Assessment";journal;"14363259, 14363240";"Springer Science and Business Media Deutschland GmbH";No;No;0,879;Q1;96;278;523;16480;2399;518;4,43;59,28;29,36;4;Germany;Western Europe;"Springer Science and Business Media Deutschland GmbH";"1996, 1999-2026";"Environmental Engineering (Q1); Environmental Science (miscellaneous) (Q1); Safety, Risk, Reliability and Quality (Q1); Water Science and Technology (Q1); Environmental Chemistry (Q2)";"Engineering; Environmental Science"
95;20992;"Environmental Geochemistry and Health";journal;"15732983, 02694042";"Springer";No;No;0,875;Q1;106;559;875;37540;4180;850;4,09;67,16;39,55;18;Netherlands;Western Europe;"Springer";"1983-2026";"Environmental Engineering (Q1); Environmental Science (miscellaneous) (Q1); Water Science and Technology (Q1); Environmental Chemistry (Q2); Geochemistry and Petrology (Q2); Medicine (miscellaneous) (Q2)";"Earth and Planetary Sciences; Environmental Science; Medicine"
96;110123;"Natural Resources Forum";journal;"01650203, 14778947";"John Wiley and Sons Inc";No;No;0,846;Q1;65;39;66;2780;335;66;4,00;71,28;27,12;2;United Kingdom;Western Europe;"John Wiley and Sons Inc";"1976-2026";"Environmental Science (miscellaneous) (Q1)";"Environmental Science"
97;25205;"Papers in Regional Science";journal;"14355957, 10568190";"Elsevier B.V.";Yes;No;0,842;Q1;85;47;201;3033;532;199;2,43;64,53;31,25;8;Netherlands;Western Europe;"Elsevier B.V.";"1955-2026";"Environmental Science (miscellaneous) (Q1); Geography, Planning and Development (Q1)";"Environmental Science; Social Sciences"
98;21100205502;"European Journal of Remote Sensing";journal;"22797254";"Taylor and Francis Ltd.";Yes;No;0,833;Q1;60;66;195;4189;771;189;4,19;63,47;28,57;5;United Kingdom;Western Europe;"Taylor and Francis Ltd.";"2012-2026";"Environmental Science (miscellaneous) (Q1); Applied Mathematics (Q2); Atmospheric Science (Q2); Computers in Earth Sciences (Q2)";"Earth and Planetary Sciences; Environmental Science; Mathematics"
99;23354;"Journal of Environmental Education";journal;"19401892, 00958964";"Taylor and Francis Ltd.";No;No;0,824;Q1;81;31;89;1930;275;85;2,10;62,26;59,09;4;United Kingdom;Western Europe;"Taylor and Francis Ltd.";"1971-2026";"Education (Q1); Environmental Science (miscellaneous) (Q1)";"Environmental Science; Social Sciences"
100;21100224426;"Environment Systems and Decisions";journal;"21945411, 21945403";"Springer";No;No;0,820;Q1;65;54;131;2786;602;121;3,25;51,59;39,18;8;United States;Northern America;"Springer";"2013-2026";"Environmental Science (miscellaneous) (Q1)";"Environmental Science"
101;21101107314;"Buildings and Cities";journal;"26326655";"Ubiquity Press";Yes;No;0,817;Q1;26;57;159;3292;564;151;2,95;57,75;43,92;9;United Kingdom;Western Europe;"Ubiquity Press";"2020-2026";"Architecture (Q1); Building and Construction (Q1); Environmental Science (miscellaneous) (Q1); Geography, Planning and Development (Q1); Urban Studies (Q1); Management, Monitoring, Policy and Law (Q2)";"Engineering; Environmental Science; Social Sciences"
102;11600154613;"Environmental Hazards";journal;"17477891, 18780059";"Taylor and Francis Ltd.";No;No;0,816;Q1;67;25;84;1686;362;79;3,24;67,44;36,05;5;United Kingdom;Western Europe;"Taylor and Francis Ltd.";"1983, 1999-2003, 2005, 2007, 2009-2026";"Development (Q1); Environmental Science (miscellaneous) (Q1); Geography, Planning and Development (Q1); Sociology and Political Science (Q1); Global and Planetary Change (Q2)";"Environmental Science; Social Sciences"
103;21101060166;"Research in Globalization";journal;"2590051X";"Elsevier B.V.";Yes;No;0,813;Q2;29;72;91;4444;567;91;4,49;61,72;28,50;11;Netherlands;Western Europe;"Elsevier B.V.";"2019-2026";"Development (Q1); Economics, Econometrics and Finance (miscellaneous) (Q1); Geography, Planning and Development (Q1); Urban Studies (Q1); Environmental Science (miscellaneous) (Q2); Global and Planetary Change (Q2)";"Economics, Econometrics and Finance; Environmental Science; Social Sciences"
104;64975;"Environmental Archaeology";journal;"14614103, 17496314";"Taylor and Francis Ltd.";No;No;0,794;Q2;39;43;119;3666;191;113;1,51;85,26;42,19;2;United Kingdom;Western Europe;"Taylor and Francis Ltd.";"1981, 2002-2026";"Archeology (Q1); Archeology (arts and humanities) (Q1); Environmental Science (miscellaneous) (Q2)";"Arts and Humanities; Environmental Science; Social Sciences"
105;4400151417;"Integrated Environmental Assessment and Management";journal;"15513793, 15513777";"Oxford University Press";No;No;0,781;Q2;83;146;382;7651;1176;335;3,30;52,40;45,26;19;United States;Northern America;"Oxford University Press";"2005-2026";"Geography, Planning and Development (Q1); Environmental Science (miscellaneous) (Q2); Medicine (miscellaneous) (Q2)";"Environmental Science; Medicine; Social Sciences"
106;21101046767;"Environmental Research Communications";journal;"25157620";"IOP Publishing Ltd.";Yes;No;0,780;Q2;37;240;372;13542;1112;320;2,65;56,43;36,71;22;United Kingdom;Western Europe;"IOP Publishing Ltd.";"2019-2026";"Agricultural and Biological Sciences (miscellaneous) (Q1); Earth-Surface Processes (Q1); Food Science (Q1); Geology (Q1); Atmospheric Science (Q2); Environmental Science (miscellaneous) (Q2)";"Agricultural and Biological Sciences; Earth and Planetary Sciences; Environmental Science"
107;5400152639;"IET Intelligent Transport Systems";journal;"17519578, 1751956X";"John Wiley &amp; Sons Inc.";Yes;No;0,780;Q2;74;168;464;8175;1843;453;3,62;48,66;29,92;5;United Kingdom;Western Europe;"John Wiley &amp; Sons Inc.";"2007-2026";"Law (Q1); Mechanical Engineering (Q1); Environmental Science (miscellaneous) (Q2); Transportation (Q2)";"Engineering; Environmental Science; Social Sciences"
108;21100463829;"Chinese Journal of Population Resources and Environment";journal;"23254262, 20969589";"KeAi Communications Co.";Yes;Yes;0,770;Q2;29;28;119;1449;429;119;3,71;51,75;35,92;1;China;Asiatic Region;"KeAi Communications Co.";"1992, 2004-2013, 2015-2025";"Demography (Q1); Environmental Science (miscellaneous) (Q2); Toxicology (Q2)";"Environmental Science; Pharmacology, Toxicology and Pharmaceutics; Social Sciences"
109;28894;"Journal of Leisure Research";journal;"00222216, 21596417";"Routledge";No;No;0,758;Q2;88;37;118;2352;284;100;1,58;63,57;39,33;2;United Kingdom;Western Europe;"Routledge";"1978-1989, 1991, 1996-2016, 2018-2026";"Sociology and Political Science (Q1); Environmental Science (miscellaneous) (Q2); Tourism, Leisure and Hospitality Management (Q2)";"Business, Management and Accounting; Environmental Science; Social Sciences"
110;23552;"Cultural geographies";journal;"14744740, 14770881";"SAGE Publications Ltd";No;No;0,751;Q2;75;42;135;0;288;132;2,10;0,00;61,11;0;United Kingdom;Western Europe;"SAGE Publications Ltd";"1994-1998, 2002-2026";"Cultural Studies (Q1); Geography, Planning and Development (Q1); Environmental Science (miscellaneous) (Q2)";"Environmental Science; Social Sciences"
111;21101064807;"Cleaner and Responsible Consumption";journal;"26667843";"Elsevier B.V.";Yes;No;0,750;Q2;33;64;87;4349;382;87;4,34;67,95;37,57;6;United Kingdom;Western Europe;"Elsevier B.V.";"2020-2026";"Geography, Planning and Development (Q1); Social Sciences (miscellaneous) (Q1); Economics and Econometrics (Q2); Environmental Engineering (Q2); Environmental Science (miscellaneous) (Q2); Management, Monitoring, Policy and Law (Q2); Renewable Energy, Sustainability and the Environment (Q2)";"Economics, Econometrics and Finance; Energy; Environmental Science; Social Sciences"
112;21100924379;"Environments - MDPI";journal;"20763298";"Multidisciplinary Digital Publishing Institute (MDPI)";Yes;No;0,744;Q2;60;223;403;15942;1672;390;3,96;71,49;37,55;15;Switzerland;Western Europe;"Multidisciplinary Digital Publishing Institute (MDPI)";"2014-2026";"Ecology, Evolution, Behavior and Systematics (Q1); Environmental Science (miscellaneous) (Q2); Renewable Energy, Sustainability and the Environment (Q2)";"Agricultural and Biological Sciences; Energy; Environmental Science"
113;21101088421;"Clean Technologies";journal;"25718797";"Multidisciplinary Digital Publishing Institute (MDPI)";Yes;No;0,737;Q2;37;69;161;5009;726;158;4,40;72,59;27,41;1;Switzerland;Western Europe;"Multidisciplinary Digital Publishing Institute (MDPI)";"2019-2025";"Environmental Science (miscellaneous) (Q2); Global and Planetary Change (Q3)";"Environmental Science"
114;21101019623;"Depositional Record";journal;"20554877";"John Wiley &amp; Sons Inc.";Yes;No;0,737;Q2;24;48;102;4953;235;101;2,18;103,19;26,48;0;United States;Northern America;"John Wiley &amp; Sons Inc.";"2015-2026";"Geology (Q1); Paleontology (Q1); Stratigraphy (Q1); Environmental Science (miscellaneous) (Q2); Oceanography (Q2)";"Earth and Planetary Sciences; Environmental Science"
115;21100900376;"Energy, Ecology and Environment";journal;"23637692, 23638338";"Joint Center on Global Change and Earth System Science of the University of Maryland and Beijing Normal University";No;No;0,734;Q2;41;39;117;2366;607;117;4,30;60,67;26,27;1;United States;Northern America;"Joint Center on Global Change and Earth System Science of the University of Maryland and Beijing Normal University";"2016-2026";"Ecology (Q1); Energy (miscellaneous) (Q2); Environmental Science (miscellaneous) (Q2)";"Energy; Environmental Science"
116;4700152713;"Energy Sources, Part B: Economics, Planning and Policy";journal;"15567249, 15567257";"Taylor and Francis Ltd.";No;No;0,733;Q2;60;44;145;2883;586;139;4,01;65,52;27,46;3;United Kingdom;Western Europe;"Taylor and Francis Ltd.";"2006-2026";"Chemical Engineering (miscellaneous) (Q1); Nuclear Energy and Engineering (Q1); Energy Engineering and Power Technology (Q2); Environmental Science (miscellaneous) (Q2); Fuel Technology (Q2); Renewable Energy, Sustainability and the Environment (Q2)";"Chemical Engineering; Energy; Environmental Science"
117;21100826280;"Frontiers in Environmental Science";journal;"2296665X";"Frontiers Media SA";Yes;No;0,715;Q2;107;1453;3442;86513;12111;3325;3,26;59,54;38,77;90;Switzerland;Western Europe;"Frontiers Media SA";"2013-2026";"Environmental Science (miscellaneous) (Q2)";"Environmental Science"
118;26814;"Coastal Management";journal;"08920753, 15210421";"Taylor and Francis Ltd.";No;No;0,703;Q2;64;19;100;1254;277;93;2,03;66,00;46,59;2;United Kingdom;Western Europe;"Taylor and Francis Ltd.";"1987-2026";"Environmental Chemistry (Q2); Environmental Science (miscellaneous) (Q2)";"Environmental Science"
119;21101144408;"International Journal of Engineering and Geosciences";journal;"25480960";"Murat Yakar";No;No;0,700;Q2;18;30;66;1193;179;66;2,73;39,77;30,14;1;Turkey;Middle East;"Murat Yakar";"2019-2025";"Environmental Science (miscellaneous) (Q2)";"Environmental Science"
120;25822;"Society and Natural Resources";journal;"08941920, 15210723";"Taylor and Francis Ltd.";No;No;0,691;Q2;110;91;258;5008;642;242;2,19;55,03;51,09;17;United Kingdom;Western Europe;"Taylor and Francis Ltd.";"1988-2026";"Development (Q1); Sociology and Political Science (Q1); Environmental Science (miscellaneous) (Q2)";"Environmental Science; Social Sciences"
121;20873;"Environment and Development Economics";journal;"1355770X, 14694395";"Cambridge University Press";No;No;0,687;Q2;80;29;84;1386;183;84;2,26;47,79;49,28;0;United Kingdom;Western Europe;"Cambridge University Press";"1996-2026";"Development (Q1); Economics and Econometrics (Q2); Environmental Science (miscellaneous) (Q2)";"Economics, Econometrics and Finance; Environmental Science; Social Sciences"
122;21100981415;"Modeling Earth Systems and Environment";journal;"23636203, 23636211";"Springer International Publishing AG";No;No;0,677;Q2;75;281;803;14805;2897;802;3,39;52,69;20,88;5;Switzerland;Western Europe;"Springer International Publishing AG";"2015-2026";"Agricultural and Biological Sciences (miscellaneous) (Q1); Computers in Earth Sciences (Q2); Environmental Science (miscellaneous) (Q2); Statistics, Probability and Uncertainty (Q2)";"Agricultural and Biological Sciences; Decision Sciences; Earth and Planetary Sciences; Environmental Science"
123;21100240100;"Sustainability (Switzerland)";journal;"20711050";"Multidisciplinary Digital Publishing Institute (MDPI)";Yes;No;0,672;Q2;242;16596;41600;1032593;180502;41251;3,95;62,22;37,40;687;Switzerland;Western Europe;"Multidisciplinary Digital Publishing Institute (MDPI)";"2009-2026";"Geography, Planning and Development (Q1); Computer Networks and Communications (Q2); Energy Engineering and Power Technology (Q2); Environmental Science (miscellaneous) (Q2); Hardware and Architecture (Q2); Management, Monitoring, Policy and Law (Q2); Renewable Energy, Sustainability and the Environment (Q2)";"Computer Science; Energy; Environmental Science; Social Sciences"
124;21101120348;"Journal of Human, Earth, and Future";journal;"27852997";"";Yes;No;0,671;Q2;23;33;91;1867;381;90;4,45;56,58;33,02;0;Italy;Western Europe;"";"2020-2025";"Agricultural and Biological Sciences (miscellaneous) (Q1); Engineering (miscellaneous) (Q1); Environmental Science (miscellaneous) (Q2)";"Agricultural and Biological Sciences; Engineering; Environmental Science"
125;19900192585;"Air, Soil and Water Research";journal;"11786221";"SAGE Publications Inc.";Yes;No;0,669;Q2;32;25;112;1703;421;108;3,32;68,12;33,73;3;United Kingdom;Western Europe;"SAGE Publications Inc.";"2008-2026";"Environmental Science (miscellaneous) (Q2)";"Environmental Science"
126;19700201458;"Carbon Management";journal;"17583012, 17583004";"Taylor and Francis Ltd.";Yes;No;0,662;Q2;57;35;144;2271;522;140;2,95;64,89;35,00;7;United Kingdom;Western Europe;"Taylor and Francis Ltd.";"2010-2026";"Environmental Science (miscellaneous) (Q2)";"Environmental Science"
127;34002;"International Regional Science Review";journal;"01600176, 15526925";"SAGE Publications Inc.";No;No;0,651;Q2;67;25;77;1655;193;73;2,33;66,20;35,71;2;United States;Northern America;"SAGE Publications Inc.";"1975-1984, 1986-2026";"Social Sciences (miscellaneous) (Q1); Environmental Science (miscellaneous) (Q2)";"Environmental Science; Social Sciences"
128;21482;"Environmental Monitoring and Assessment";journal;"01676369, 15732959";"Springer Science and Business Media Deutschland GmbH";No;No;0,643;Q2;161;1537;2560;100393;8663;2551;3,04;65,32;33,94;60;Germany;Western Europe;"Springer Science and Business Media Deutschland GmbH";"1981-2026";"Environmental Science (miscellaneous) (Q2); Management, Monitoring, Policy and Law (Q2); Medicine (miscellaneous) (Q2); Pollution (Q2)";"Environmental Science; Medicine"
129;16284;"Journal of Hydrologic Engineering - ASCE";journal;"19435584, 10840699";"American Society of Civil Engineers (ASCE)";No;No;0,638;Q2;112;86;345;4101;723;301;2,07;47,69;26,94;0;United States;Northern America;"American Society of Civil Engineers (ASCE)";"1996-2026";"Civil and Structural Engineering (Q2); Environmental Chemistry (Q2); Environmental Science (miscellaneous) (Q2); Water Science and Technology (Q2)";"Engineering; Environmental Science"
130;21100809798;"Iraqi Journal of Agricultural Sciences (discontinued)";journal;"00750530, 24100862";"University of Baghdad, College of Agriculture";Yes;No;0,636;Q2;23;182;509;6460;968;509;1,95;35,49;37,17;1;Iraq;Middle East;"University of Baghdad, College of Agriculture";"2016-2025";"Agricultural and Biological Sciences (miscellaneous) (Q1); Animal Science and Zoology (Q1); Food Animals (Q1); Horticulture (Q1); Veterinary (miscellaneous) (Q1); Environmental Science (miscellaneous) (Q2); Food Science (Q2)";"Agricultural and Biological Sciences; Environmental Science; Veterinary"
131;21100854451;"Global Journal of Environmental Science and Management";journal;"23833866, 23833572";"";Yes;No;0,628;Q2;41;85;131;5111;599;131;3,53;60,13;35,32;0;Iran;Middle East;"";"2015-2026";"Agricultural and Biological Sciences (miscellaneous) (Q1); Social Sciences (miscellaneous) (Q1); Environmental Engineering (Q2); Environmental Science (miscellaneous) (Q2); Pollution (Q2); Waste Management and Disposal (Q2)";"Agricultural and Biological Sciences; Environmental Science; Social Sciences"
132;15838;"Atmosphere";journal;"15983560, 20734433";"Multidisciplinary Digital Publishing Institute (MDPI)";Yes;No;0,627;Q2;88;1827;5197;97152;14844;5113;2,71;53,18;35,33;76;Switzerland;Western Europe;"Multidisciplinary Digital Publishing Institute (MDPI)";"2010-2026";"Environmental Science (miscellaneous) (Q2); Atmospheric Science (Q3)";"Earth and Planetary Sciences; Environmental Science"
133;21101142737;"Computational Urban Science";journal;"27306852";"Springer";Yes;Yes;0,627;Q2;21;36;75;2072;280;75;3,73;57,56;35,04;5;Singapore;Asiatic Region;"Springer";"2021-2026";"Urban Studies (Q1); Computer Science Applications (Q2); Environmental Science (miscellaneous) (Q2); Artificial Intelligence (Q3)";"Computer Science; Environmental Science; Social Sciences"
134;34037;"Land Economics";journal;"00237639, 15438325";"University of Wisconsin Press";No;No;0,619;Q2;106;35;128;2010;194;128;1,24;57,43;33,33;1;United States;Northern America;"University of Wisconsin Press";"1964, 1973-1974, 1976-2026";"Economics and Econometrics (Q2); Environmental Science (miscellaneous) (Q2)";"Economics, Econometrics and Finance; Environmental Science"
135;18132;"River Research and Applications";journal;"15351459, 15351467";"John Wiley and Sons Ltd";No;No;0,619;Q2;120;158;465;9279;1059;460;1,84;58,73;31,42;21;United Kingdom;Western Europe;"John Wiley and Sons Ltd";"1996, 1998-2026";"Environmental Chemistry (Q2); Environmental Science (miscellaneous) (Q2); Water Science and Technology (Q2)";"Environmental Science"
136;21101045750;"Journal of Environmental Economics and Policy";journal;"21606544, 21606552";"Taylor and Francis Ltd.";No;No;0,616;Q2;27;28;82;1526;218;81;2,49;54,50;36,51;6;United Kingdom;Western Europe;"Taylor and Francis Ltd.";"2012-2026";"Economics and Econometrics (Q2); Environmental Science (miscellaneous) (Q2); Management, Monitoring, Policy and Law (Q2)";"Economics, Econometrics and Finance; Environmental Science"
137;30715;"Annals of Regional Science";journal;"05701864, 14320592";"Springer Science and Business Media Deutschland GmbH";No;No;0,612;Q2;86;71;175;3916;358;169;2,27;55,15;32,34;11;Germany;Western Europe;"Springer Science and Business Media Deutschland GmbH";"1967-2026";"Social Sciences (miscellaneous) (Q1); Environmental Science (miscellaneous) (Q2)";"Environmental Science; Social Sciences"
138;21101042482;"Environmental Humanities";journal;"22011919";"Duke University Press";Yes;Yes;0,611;Q2;24;46;102;2146;195;98;1,20;46,65;55,93;2;United States;Northern America;"Duke University Press";"2012-2026";"Anthropology (Q1); Social Sciences (miscellaneous) (Q1); Ecology (Q2); Environmental Science (miscellaneous) (Q2)";"Environmental Science; Social Sciences"
139;21100891043;"Open Quaternary";journal;"2055298X";"Ubiquity Press";Yes;No;0,611;Q2;17;3;37;464;48;37;1,08;154,67;36,36;0;United Kingdom;Western Europe;"Ubiquity Press";"2015-2026";"Anthropology (Q1); Archeology (Q1); Ecology (Q2); Environmental Science (miscellaneous) (Q2); Global and Planetary Change (Q3)";"Environmental Science; Social Sciences"
140;13845;"Bulletin of Mathematical Biology";journal;"00928240, 15229602";"Springer";No;No;0,610;Q2;106;122;405;6141;890;402;2,14;50,34;32,65;1;United States;Northern America;"Springer";"1973-2026";"Agricultural and Biological Sciences (miscellaneous) (Q1); Biochemistry, Genetics and Molecular Biology (miscellaneous) (Q2); Computational Theory and Mathematics (Q2); Environmental Science (miscellaneous) (Q2); Mathematics (miscellaneous) (Q2); Pharmacology (Q2); Immunology (Q3); Neuroscience (miscellaneous) (Q3)";"Agricultural and Biological Sciences; Biochemistry, Genetics and Molecular Biology; Computer Science; Environmental Science; Immunology and Microbiology; Mathematics; Neuroscience; Pharmacology, Toxicology and Pharmaceutics"
141;21101061822;"Scientific Culture";journal;"24080071, 24079529";"University of AEGEAN";No;No;0,607;Q2;13;23;78;1398;101;76;0,95;60,78;40,00;0;Greece;Western Europe;"University of AEGEAN";"2019-2026";"Archeology (Q1); Archeology (arts and humanities) (Q1); Arts and Humanities (miscellaneous) (Q1); Conservation (Q1); History (Q1); Social Sciences (miscellaneous) (Q1); Environmental Science (miscellaneous) (Q2)";"Arts and Humanities; Environmental Science; Social Sciences"
142;23179;"Environmental and Ecological Statistics";journal;"13528505, 15733009";"Springer";No;No;0,605;Q2;58;35;111;1467;327;105;3,13;41,91;35,25;3;United States;Northern America;"Springer";"1994-2026";"Environmental Science (miscellaneous) (Q2); Statistics and Probability (Q2); Statistics, Probability and Uncertainty (Q2)";"Decision Sciences; Environmental Science; Mathematics"
143;28910;"Leisure Sciences";journal;"15210588, 01490400";"Taylor and Francis Ltd.";No;No;0,596;Q2;89;46;180;2497;698;127;3,81;54,28;50,43;4;United Kingdom;Western Europe;"Taylor and Francis Ltd.";"1977-2026";"Sociology and Political Science (Q1); Environmental Science (miscellaneous) (Q2); Tourism, Leisure and Hospitality Management (Q2)";"Business, Management and Accounting; Environmental Science; Social Sciences"
144;19900193647;"Genes and Environment";journal;"18807046, 18807062";"BioMed Central Ltd";Yes;No;0,593;Q2;29;37;112;1796;297;109;2,73;48,54;29,59;0;United Kingdom;Western Europe;"BioMed Central Ltd";"2006-2007, 2009-2026";"Environmental Science (miscellaneous) (Q2); Social Psychology (Q2); Genetics (Q3)";"Biochemistry, Genetics and Molecular Biology; Environmental Science; Psychology"
145;21101169023;"Journal of Advanced Research in Numerical Heat Transfer (discontinued)";journal;"27350142";"Penerbit Akademia Baru";No;No;0,592;Q2;16;25;35;650;163;35;5,28;26,00;30,14;0;Malaysia;Asiatic Region;"Penerbit Akademia Baru";"2020-2025";"Computational Mechanics (Q1); Aerospace Engineering (Q2); Automotive Engineering (Q2); Computational Theory and Mathematics (Q2); Environmental Science (miscellaneous) (Q2)";"Computer Science; Engineering; Environmental Science"
146;19600161815;"Australian Journal of Environmental Education";journal;"2049775X, 08140626";"Cambridge University Press";Yes;No;0,588;Q2;33;41;71;1765;158;68;2,43;43,05;61,63;3;United Kingdom;Western Europe;"Cambridge University Press";"1984-1999, 2001-2026";"Education (Q2); Environmental Science (miscellaneous) (Q2)";"Environmental Science; Social Sciences"
147;21101141748;"Urban Science";journal;"24138851";"Multidisciplinary Digital Publishing Institute (MDPI)";Yes;No;0,587;Q2;36;124;265;7756;758;261;2,59;62,55;34,26;4;Switzerland;Western Europe;"Multidisciplinary Digital Publishing Institute (MDPI)";"2017, 2019-2026";"Urban Studies (Q1); Environmental Science (miscellaneous) (Q2); Geography, Planning and Development (Q2); Pollution (Q2); Waste Management and Disposal (Q2)";"Environmental Science; Social Sciences"
148;24778;"Journal of Agricultural and Environmental Ethics";journal;"11877863, 1573322X";"Springer Science and Business Media B.V.";No;No;0,581;Q2;69;21;83;1007;234;82;2,38;47,95;60,00;5;Netherlands;Western Europe;"Springer Science and Business Media B.V.";"1991-2026";"Agricultural and Biological Sciences (miscellaneous) (Q1); History (Q1); Environmental Science (miscellaneous) (Q2); Environmental Chemistry (Q3)";"Agricultural and Biological Sciences; Arts and Humanities; Environmental Science"
149;21101038555;"Cogent Environmental Science";journal;"23311843";"Taylor and Francis Ltd.";Yes;No;0,571;Q2;0;0;0;0;0;0;0,00;0,00;0,00;0;United Kingdom;Western Europe;"Taylor and Francis Ltd.";"2015-2020";"Environmental Science (miscellaneous) (Q2); Public Health, Environmental and Occupational Health (Q2)";"Environmental Science; Medicine"
150;21101020133;"Fire";journal;"25716255";"Multidisciplinary Digital Publishing Institute (MDPI)";Yes;No;0,566;Q2;43;472;378;25756;1213;366;3,20;54,57;28,99;30;Switzerland;Western Europe;"Multidisciplinary Digital Publishing Institute (MDPI)";"2018-2026";"Forestry (Q1); Building and Construction (Q2); Earth and Planetary Sciences (miscellaneous) (Q2); Environmental Science (miscellaneous) (Q2); Safety Research (Q2); Safety, Risk, Reliability and Quality (Q2)";"Agricultural and Biological Sciences; Earth and Planetary Sciences; Engineering; Environmental Science; Social Sciences"
151;21557;"Environmental Values";journal;"09632719, 17527015";"SAGE Publications Ltd";No;No;0,565;Q2;63;37;113;2066;234;96;1,97;55,84;27,78;0;United Kingdom;Western Europe;"SAGE Publications Ltd";"1994-2025";"Philosophy (Q1); Environmental Science (miscellaneous) (Q2)";"Arts and Humanities; Environmental Science"
152;21100447128;"3 Biotech";journal;"2190572X, 21905738";"Springer Science and Business Media Deutschland GmbH";Yes;No;0,563;Q2;102;419;1400;28208;4931;1400;3,13;67,32;41,82;2;Germany;Western Europe;"Springer Science and Business Media Deutschland GmbH";"2011-2026";"Agricultural and Biological Sciences (miscellaneous) (Q2); Biotechnology (Q2); Environmental Science (miscellaneous) (Q2)";"Agricultural and Biological Sciences; Biochemistry, Genetics and Molecular Biology; Environmental Science"
153;22310;"Polar Research";journal;"17518369, 08000395";"Norwegian Polar Institute";Yes;No;0,563;Q2;64;21;83;977;171;81;1,90;46,52;35,63;2;United Kingdom;Western Europe;"Norwegian Polar Institute";"1982-2026";"Earth and Planetary Sciences (miscellaneous) (Q2); Environmental Science (miscellaneous) (Q2); Oceanography (Q2); Environmental Chemistry (Q3)";"Earth and Planetary Sciences; Environmental Science"
154;19429;"Wetlands";journal;"19436246, 02775212";"Springer Science and Business Media B.V.";No;No;0,563;Q2;108;104;472;8624;958;472;1,92;82,92;37,57;8;Netherlands;Western Europe;"Springer Science and Business Media B.V.";"1981-2026";"Ecology (Q2); Environmental Science (miscellaneous) (Q2); Environmental Chemistry (Q3)";"Environmental Science"
155;21101138720;"Discover Sustainability";journal;"26629984";"Springer Nature";Yes;No;0,556;Q2;33;52;108;3581;356;104;3,37;68,87;32,99;8;Switzerland;Western Europe;"Springer Nature";"2020-2026";"Energy (miscellaneous) (Q2); Environmental Science (miscellaneous) (Q2); Geography, Planning and Development (Q2); Renewable Energy, Sustainability and the Environment (Q3)";"Energy; Environmental Science; Social Sciences"
156;11500153412;"International Journal of Environmental Research";journal;"17356865, 20082304";"Springer Science and Business Media Deutschland GmbH";No;No;0,553;Q2;56;61;245;3852;789;245;2,71;63,15;41,80;2;Switzerland;Western Europe;"Springer Science and Business Media Deutschland GmbH";"2007-2026";"Environmental Science (miscellaneous) (Q2)";"Environmental Science"
157;63670;"Bulletin of Geosciences";journal;"12141119";"Czech Geological Survey";Yes;No;0,550;Q2;44;15;65;1450;111;65;1,84;96,67;2,56;0;Czech Republic;Eastern Europe;"Czech Geological Survey";"2003-2025";"Earth and Planetary Sciences (miscellaneous) (Q2); Environmental Science (miscellaneous) (Q2)";"Earth and Planetary Sciences; Environmental Science"
158;21101175796;"Total Environment Research Themes";journal;"27728099";"Elsevier B.V.";No;No;0,550;Q2;0;0;0;0;0;0;0,00;0,00;0,00;0;Netherlands;Western Europe;"Elsevier B.V.";"2022-2023";"Environmental Science (miscellaneous) (Q2)";"Environmental Science"
159;23276;"Environmental Modeling and Assessment";journal;"14202026, 15732967";"Springer Science and Business Media Deutschland GmbH";No;No;0,541;Q2;62;66;179;3746;446;177;2,24;56,76;27,43;9;Germany;Western Europe;"Springer Science and Business Media Deutschland GmbH";"1997-2026";"Environmental Science (miscellaneous) (Q2)";"Environmental Science"
160;19400158591;"Applied Geomatics";journal;"1866928X, 18669298";"Springer Verlag";No;No;0,536;Q2;41;65;183;3315;528;180;2,45;51,00;28,44;0;Germany;Western Europe;"Springer Verlag";"2009-2026";"Earth and Planetary Sciences (miscellaneous) (Q2); Engineering (miscellaneous) (Q2); Environmental Science (miscellaneous) (Q2); Geography, Planning and Development (Q2)";"Earth and Planetary Sciences; Engineering; Environmental Science; Social Sciences"
161;21100854823;"Infection Ecology and Epidemiology";journal;"20008686";"Taylor and Francis Ltd.";Yes;No;0,530;Q2;34;14;37;562;85;31;2,00;40,14;45,21;2;United Kingdom;Western Europe;"Taylor and Francis Ltd.";"2012, 2014-2025";"Environmental Science (miscellaneous) (Q2); Epidemiology (Q3)";"Environmental Science; Medicine"
162;19718;"Geomicrobiology Journal";journal;"01490451, 15210529";"Taylor and Francis Ltd.";No;No;0,529;Q2;98;71;255;4082;716;254;2,47;57,49;42,30;0;United Kingdom;Western Europe;"Taylor and Francis Ltd.";"1978-1981, 1983-1995, 1997-2026";"Earth and Planetary Sciences (miscellaneous) (Q2); Environmental Science (miscellaneous) (Q2); Environmental Chemistry (Q3); Microbiology (Q3)";"Earth and Planetary Sciences; Environmental Science; Immunology and Microbiology"
163;21101167512;"Journal of Ionic Liquids";journal;"27724220";"Elsevier B.V.";Yes;No;0,527;Q2;15;22;41;1447;119;41;2,90;65,77;32,63;0;Netherlands;Western Europe;"Elsevier B.V.";"2021-2025";"Chemical Engineering (miscellaneous) (Q2); Environmental Science (miscellaneous) (Q2)";"Chemical Engineering; Environmental Science"
164;15654;"Journal of Agricultural, Biological, and Environmental Statistics";journal;"10857117, 15372693";"Springer";No;No;0,526;Q2;61;42;108;1602;169;106;1,36;38,14;32,37;3;United States;Northern America;"Springer";"1996-2026";"Agricultural and Biological Sciences (miscellaneous) (Q2); Applied Mathematics (Q2); Environmental Science (miscellaneous) (Q2); Statistics and Probability (Q2); Statistics, Probability and Uncertainty (Q2)";"Agricultural and Biological Sciences; Decision Sciences; Environmental Science; Mathematics"
165;24219;"Scientific World Journal";journal;"23566140, 1537744X";"John Wiley and Sons Ltd";Yes;No;0,526;Q2;146;98;526;4927;1878;526;2,92;50,28;41,21;1;United Kingdom;Western Europe;"John Wiley and Sons Ltd";"2000-2026";"Biochemistry, Genetics and Molecular Biology (miscellaneous) (Q2); Environmental Science (miscellaneous) (Q2); Medicine (miscellaneous) (Q2)";"Biochemistry, Genetics and Molecular Biology; Environmental Science; Medicine"
166;21100900323;"Journal of Sustainable Metallurgy";journal;"21993823, 21993831";"Springer International Publishing AG";No;No;0,521;Q2;53;137;367;5726;1058;366;2,59;41,80;27,42;5;Switzerland;Western Europe;"Springer International Publishing AG";"2015-2026";"Environmental Science (miscellaneous) (Q2); Mechanics of Materials (Q2); Metals and Alloys (Q2)";"Engineering; Environmental Science; Materials Science"
167;21100883675;"Arab Journal of Basic and Applied Sciences";journal;"25765299";"Taylor and Francis Ltd.";Yes;No;0,520;Q2;46;57;115;2390;435;115;2,64;41,93;37,50;0;United Kingdom;Western Europe;"Taylor and Francis Ltd.";"2018-2026";"Agricultural and Biological Sciences (miscellaneous) (Q2); Biochemistry, Genetics and Molecular Biology (miscellaneous) (Q2); Chemistry (miscellaneous) (Q2); Energy (miscellaneous) (Q2); Environmental Science (miscellaneous) (Q2); Materials Science (miscellaneous) (Q2); Mathematics (miscellaneous) (Q2)";"Agricultural and Biological Sciences; Biochemistry, Genetics and Molecular Biology; Chemistry; Energy; Environmental Science; Materials Science; Mathematics"
168;21101165602;"Cleaner Waste Systems";journal;"27729125";"Elsevier B.V.";Yes;No;0,519;Q2;24;61;58;3650;213;58;3,67;59,84;39,62;6;Netherlands;Western Europe;"Elsevier B.V.";"2022-2026";"Environmental Science (miscellaneous) (Q2); Waste Management and Disposal (Q2)";"Environmental Science"
169;21100464902;"Journal of Environmental Studies and Sciences";journal;"21906491, 21906483";"Springer";No;No;0,517;Q2;45;51;171;3180;399;169;2,36;62,35;48,43;8;United States;Northern America;"Springer";"2011-2026";"Environmental Science (miscellaneous) (Q2); Geography, Planning and Development (Q2)";"Environmental Science; Social Sciences"
170;24129;"Natural Hazards Review";journal;"15276988, 15276996";"American Society of Civil Engineers (ASCE)";No;No;0,517;Q2;78;93;244;6135;657;242;2,05;65,97;41,43;0;United States;Northern America;"American Society of Civil Engineers (ASCE)";"2000-2026";"Civil and Structural Engineering (Q2); Environmental Science (miscellaneous) (Q2); Social Sciences (miscellaneous) (Q2)";"Engineering; Environmental Science; Social Sciences"
171;19700200833;"Journal of Integrative Environmental Sciences";journal;"19438168, 1943815X";"Taylor and Francis Ltd.";Yes;No;0,509;Q2;37;18;39;1241;92;36;2,55;68,94;58,06;0;United Kingdom;Western Europe;"Taylor and Francis Ltd.";"2010-2026";"Environmental Science (miscellaneous) (Q2); Public Health, Environmental and Occupational Health (Q2); Renewable Energy, Sustainability and the Environment (Q3)";"Energy; Environmental Science; Medicine"
172;90549;"Landscape Research";journal;"14699710, 01426397";"Routledge";No;No;0,506;Q2;67;70;214;3604;419;206;1,70;51,49;50,31;6;United Kingdom;Western Europe;"Routledge";"1970, 1972-2026";"Environmental Science (miscellaneous) (Q2); Geography, Planning and Development (Q2); Management, Monitoring, Policy and Law (Q2); Nature and Landscape Conservation (Q2)";"Environmental Science; Social Sciences"
173;21101150733;"Frontiers in Sustainability";journal;"26734524";"Frontiers Media SA";Yes;No;0,505;Q2;33;115;296;7517;782;271;2,34;65,37;45,43;17;Switzerland;Western Europe;"Frontiers Media SA";"2020-2026";"Environmental Science (miscellaneous) (Q2); Management, Monitoring, Policy and Law (Q2); Nature and Landscape Conservation (Q2)";"Environmental Science"
174;7300153102;"International Journal of Low-Carbon Technologies";journal;"17481325, 17481317";"Oxford University Press";Yes;No;0,496;Q2;49;124;337;4665;1005;337;2,82;37,62;33,09;0;United Kingdom;Western Europe;"Oxford University Press";"2007-2026";"Architecture (Q1); Civil and Structural Engineering (Q2); Environmental Science (miscellaneous) (Q2)";"Engineering; Environmental Science"
175;25866;"Geo-Marine Letters";journal;"02760460, 14321157";"Springer Verlag";No;No;0,493;Q2;68;21;147;1372;261;140;1,29;65,33;28,24;3;Germany;Western Europe;"Springer Verlag";"1981-1982, 1984-2026";"Earth and Planetary Sciences (miscellaneous) (Q2); Environmental Science (miscellaneous) (Q2); Geotechnical Engineering and Engineering Geology (Q2); Oceanography (Q2)";"Earth and Planetary Sciences; Environmental Science"
176;21101160674;"Frontiers in Fungal Biology";journal;"26736128";"Frontiers Media SA";Yes;No;0,491;Q2;21;33;160;2089;330;147;2,10;63,30;45,93;0;Switzerland;Western Europe;"Frontiers Media SA";"2020-2026";"Ecology, Evolution, Behavior and Systematics (Q2); Environmental Science (miscellaneous) (Q2); Infectious Diseases (Q3); Microbiology (Q3)";"Agricultural and Biological Sciences; Environmental Science; Immunology and Microbiology; Medicine"
177;21101037132;"SN Applied Sciences";journal;"25233971";"Springer Nature";Yes;No;0,491;Q2;0;0;0;0;0;0;0,00;0,00;0,00;0;Switzerland;Western Europe;"Springer Nature";"2019-2023";"Chemical Engineering (miscellaneous) (Q2); Earth and Planetary Sciences (miscellaneous) (Q2); Engineering (miscellaneous) (Q2); Environmental Science (miscellaneous) (Q2); Materials Science (miscellaneous) (Q2); Physics and Astronomy (miscellaneous) (Q2)";"Chemical Engineering; Earth and Planetary Sciences; Engineering; Environmental Science; Materials Science; Physics and Astronomy"
178;17700156701;"Environmental Progress and Sustainable Energy";journal;"19447450, 19447442";"John Wiley and Sons Inc";No;No;0,488;Q2;87;273;614;13731;1721;611;2,58;50,30;30,46;5;United States;Northern America;"John Wiley and Sons Inc";"2009-2026";"Chemical Engineering (miscellaneous) (Q2); Environmental Engineering (Q2); Environmental Science (miscellaneous) (Q2); Water Science and Technology (Q2); Environmental Chemistry (Q3); Renewable Energy, Sustainability and the Environment (Q3); Waste Management and Disposal (Q3)";"Chemical Engineering; Energy; Environmental Science"
179;21101158942;"Watershed Ecology and the Environment";journal;"25894714";"KeAi Communications Co.";Yes;No;0,488;Q2;17;24;29;1372;78;29;2,28;57,17;35,80;2;China;Asiatic Region;"KeAi Communications Co.";"2019-2026";"Ecology (Q2); Environmental Science (miscellaneous) (Q2); Water Science and Technology (Q2)";"Environmental Science"
180;21101164812;"Oceans";journal;"26731924";"Multidisciplinary Digital Publishing Institute (MDPI)";Yes;No;0,484;Q2;16;28;105;1762;187;103;1,78;62,93;38,26;4;Switzerland;Western Europe;"Multidisciplinary Digital Publishing Institute (MDPI)";"2020-2025";"Environmental Science (miscellaneous) (Q2); Oceanography (Q2)";"Earth and Planetary Sciences; Environmental Science"
181;21100812104;"Scientifica";journal;"2090908X";"John Wiley and Sons Ltd";Yes;No;0,484;Q2;45;33;148;1520;511;148;2,84;46,06;40,00;0;United Kingdom;Western Europe;"John Wiley and Sons Ltd";"2012, 2014, 2016-2026";"Agricultural and Biological Sciences (miscellaneous) (Q2); Environmental Science (miscellaneous) (Q2)";"Agricultural and Biological Sciences; Environmental Science"
182;110220;"Human Ecology";journal;"15729915, 03007839";"Springer";No;No;0,483;Q2;90;82;202;6083;381;198;1,78;74,18;40,00;12;United States;Northern America;"Springer";"1972-2026";"Anthropology (Q1); Arts and Humanities (miscellaneous) (Q1); Ecology (Q2); Environmental Science (miscellaneous) (Q2); Health (social science) (Q2); Sociology and Political Science (Q2); Health, Toxicology and Mutagenesis (Q3); Public Health, Environmental and Occupational Health (Q3)";"Arts and Humanities; Environmental Science; Medicine; Social Sciences"
183;23355;"Journal of Environmental Engineering (United States)";journal;"07339372, 19437870";"American Society of Civil Engineers (ASCE)";No;No;0,475;Q2;114;127;457;6249;979;446;1,58;49,20;35,79;0;United States;Northern America;"American Society of Civil Engineers (ASCE)";"1973-2026";"Civil and Structural Engineering (Q2); Environmental Engineering (Q2); Environmental Science (miscellaneous) (Q2); Environmental Chemistry (Q3)";"Engineering; Environmental Science"
184;21100781878;"Bio-based and Applied Economics";journal;"22806180, 22806172";"Firenze University Press";Yes;Yes;0,472;Q2;25;22;59;1388;123;54;2,21;63,09;44,83;3;Italy;Western Europe;"Firenze University Press";"2012-2026";"Agronomy and Crop Science (Q2); Animal Science and Zoology (Q2); Economics, Econometrics and Finance (miscellaneous) (Q2); Environmental Science (miscellaneous) (Q2); Food Science (Q2)";"Agricultural and Biological Sciences; Economics, Econometrics and Finance; Environmental Science"
185;23359;"Bioremediation Journal";journal;"15476529, 10889868";"Taylor and Francis Ltd.";No;No;0,467;Q2;47;36;70;1866;193;35;2,69;51,83;44,83;0;United Kingdom;Western Europe;"Taylor and Francis Ltd.";"1997-2026";"Environmental Science (miscellaneous) (Q2)";"Environmental Science"
186;21101115504;"Journal of Taibah University for Science";journal;"16583655";"Taylor and Francis Ltd.";Yes;Yes;0,461;Q2;63;125;416;6221;1422;414;2,97;49,77;31,41;0;United Kingdom;Western Europe;"Taylor and Francis Ltd.";"2008-2026";"Agricultural and Biological Sciences (miscellaneous) (Q2); Chemistry (miscellaneous) (Q2); Earth and Planetary Sciences (miscellaneous) (Q2); Environmental Science (miscellaneous) (Q2); Mathematics (miscellaneous) (Q2); Physics and Astronomy (miscellaneous) (Q2); Biochemistry, Genetics and Molecular Biology (miscellaneous) (Q3)";"Agricultural and Biological Sciences; Biochemistry, Genetics and Molecular Biology; Chemistry; Earth and Planetary Sciences; Environmental Science; Mathematics; Physics and Astronomy"
187;23407;"Chemistry and Ecology";journal;"02757540, 10290370";"Taylor and Francis Ltd.";No;No;0,457;Q2;51;59;170;3692;364;167;1,83;62,58;43,50;0;United Kingdom;Western Europe;"Taylor and Francis Ltd.";"1982-1984, 1986-2001, 2003-2026";"Earth and Planetary Sciences (miscellaneous) (Q2); Ecology (Q2); Ecology, Evolution, Behavior and Systematics (Q2); Environmental Science (miscellaneous) (Q2)";"Agricultural and Biological Sciences; Earth and Planetary Sciences; Environmental Science"
188;21101133329;"Earth (Switzerland)";journal;"26734834";"Multidisciplinary Digital Publishing Institute (MDPI)";Yes;No;0,457;Q2;25;43;141;2472;347;140;2,54;57,49;26,87;4;Switzerland;Western Europe;"Multidisciplinary Digital Publishing Institute (MDPI)";"2020-2025";"Earth and Planetary Sciences (miscellaneous) (Q2); Environmental Science (miscellaneous) (Q2)";"Earth and Planetary Sciences; Environmental Science"
189;19700201636;"Soil Research";journal;"18386768, 1838675X";"CSIRO Publishing";No;No;0,441;Q2;100;52;216;3535;380;214;1,57;67,98;30,73;0;Australia;Pacific Region;"CSIRO Publishing";"2011-2026";"Earth-Surface Processes (Q2); Environmental Science (miscellaneous) (Q2); Soil Science (Q2)";"Agricultural and Biological Sciences; Earth and Planetary Sciences; Environmental Science"
190;4900153304;"Archives of Environmental and Occupational Health";journal;"19338244, 21544700";"Taylor and Francis Ltd.";No;No;0,435;Q2;71;61;212;2228;406;207;1,86;36,52;53,67;19;United States;Northern America;"Taylor and Francis Ltd.";"2005-2026";"Environmental Science (miscellaneous) (Q2); Health, Toxicology and Mutagenesis (Q3); Public Health, Environmental and Occupational Health (Q3); Toxicology (Q3)";"Environmental Science; Medicine; Pharmacology, Toxicology and Pharmaceutics"
191;14917;"Radiation and Environmental Biophysics";journal;"0301634X, 14322099";"Springer Science and Business Media Deutschland GmbH";No;No;0,434;Q2;64;44;176;1716;307;166;1,53;39,00;47,49;3;Germany;Western Europe;"Springer Science and Business Media Deutschland GmbH";"1974-2026";"Environmental Science (miscellaneous) (Q2); Radiation (Q2); Biophysics (Q3)";"Biochemistry, Genetics and Molecular Biology; Environmental Science; Physics and Astronomy"
192;21100434052;"Journal of Renewable Materials";journal;"21646341, 21646325";"Tech Science Press";No;No;0,429;Q2;46;240;464;11823;1292;463;2,78;49,26;35,78;0;United States;Northern America;"Tech Science Press";"2013-2026";"Environmental Science (miscellaneous) (Q2); Materials Science (miscellaneous) (Q2)";"Environmental Science; Materials Science"
193;21101146405;"Journal of Human Rights, Culture and Legal System";journal;"28072812, 28072979";"Lembaga Contrarius Indonesia";Yes;No;0,421;Q2;17;29;33;1777;99;33;3,00;61,28;30,61;0;Indonesia;Asiatic Region;"Lembaga Contrarius Indonesia";"2021-2026";"Law (Q1); Environmental Science (miscellaneous) (Q2); Political Science and International Relations (Q2); Public Administration (Q2)";"Environmental Science; Social Sciences"
194;23259;"Mountain Research and Development";journal;"02764741";"International Mountain Society";Yes;No;0,420;Q2;76;21;115;992;193;103;1,77;47,24;50,67;2;Switzerland;Western Europe;"International Mountain Society";"1981-2025";"Development (Q2); Environmental Science (miscellaneous) (Q2); Environmental Chemistry (Q3)";"Environmental Science; Social Sciences"
195;21100232822;"Environmental and Climate Technologies";journal;"22558837";"Walter de Gruyter GmbH";Yes;No;0,414;Q2;31;77;326;3756;592;325;1,53;48,78;48,76;4;Germany;Western Europe;"Walter de Gruyter GmbH";"2009-2026";"Environmental Science (miscellaneous) (Q2); Renewable Energy, Sustainability and the Environment (Q3)";"Energy; Environmental Science"
196;23314;"Physical Geography";journal;"02723646";"Taylor and Francis Ltd.";No;No;0,414;Q2;50;30;98;2319;142;95;1,30;77,30;21,88;1;United Kingdom;Western Europe;"Taylor and Francis Ltd.";"1975, 1980-2026";"Earth and Planetary Sciences (miscellaneous) (Q2); Environmental Science (miscellaneous) (Q2); Atmospheric Science (Q3)";"Earth and Planetary Sciences; Environmental Science"
197;18733;"Rendiconti Lincei";journal;"23852623, 20374631";"Springer Science and Business Media Deutschland GmbH";No;No;0,408;Q2;44;93;244;5755;568;237;2,34;61,88;36,17;4;Germany;Western Europe;"Springer Science and Business Media Deutschland GmbH";"1990-1998, 2000-2026";"Agricultural and Biological Sciences (miscellaneous) (Q2); Earth and Planetary Sciences (miscellaneous) (Q2); Environmental Science (miscellaneous) (Q2)";"Agricultural and Biological Sciences; Earth and Planetary Sciences; Environmental Science"
198;21101071896;"Environmental Economics";journal;"19986041, 1998605X";"LLC CPC Business Perspectives";Yes;No;0,407;Q2;14;20;39;1019;127;38;3,74;50,95;40,68;0;Ukraine;Eastern Europe;"LLC CPC Business Perspectives";"2017-2026";"Environmental Science (miscellaneous) (Q2); Geography, Planning and Development (Q2); Public Administration (Q2); Economics and Econometrics (Q3); Global and Planetary Change (Q3); Management, Monitoring, Policy and Law (Q3); Renewable Energy, Sustainability and the Environment (Q3)";"Economics, Econometrics and Finance; Energy; Environmental Science; Social Sciences"
199;22650;"Huanjing Kexue/Environmental Science";journal;"02503301";"Science Press";No;No;0,405;Q2;53;695;1875;34972;5288;1875;2,97;50,32;40,46;0;China;Asiatic Region;"Science Press";"1986, 1988-1989, 1998-2026";"Environmental Science (miscellaneous) (Q2)";"Environmental Science"
200;24130;"Natural Resource Modeling";journal;"08908575, 19397445";"John Wiley and Sons Inc";No;No;0,404;Q2;39;23;103;1053;179;98;1,86;45,78;21,82;0;United States;Northern America;"John Wiley and Sons Inc";"1986-1995, 1997-2026";"Environmental Science (miscellaneous) (Q2); Modeling and Simulation (Q3)";"Environmental Science; Mathematics"
201;21100369233;"Open Geosciences";journal;"23915447";"Walter de Gruyter GmbH";Yes;No;0,401;Q2;45;133;353;6549;730;353;2,05;49,24;29,98;1;Germany;Western Europe;"Walter de Gruyter GmbH";"2014-2026";"Earth and Planetary Sciences (miscellaneous) (Q2); Environmental Science (miscellaneous) (Q2)";"Earth and Planetary Sciences; Environmental Science"
202;200147106;"Geosciences Journal";journal;"15987477, 12264806";"Korean Association of Geoscience Societies";No;No;0,393;Q2;50;48;168;3067;258;164;1,51;63,90;22,12;0;South Korea;Asiatic Region;"Korean Association of Geoscience Societies";"1997-2026";"Earth and Planetary Sciences (miscellaneous) (Q2); Environmental Science (miscellaneous) (Q2)";"Earth and Planetary Sciences; Environmental Science"
203;21100924897;"Journal of Analytical Science and Technology";journal;"20933134, 20933371";"SpringerOpen";Yes;No;0,391;Q2;41;49;159;1755;383;158;2,35;35,82;37,94;1;United Kingdom;Western Europe;"SpringerOpen";"2013-2026";"Chemistry (miscellaneous) (Q2); Environmental Science (miscellaneous) (Q2); Physics and Astronomy (miscellaneous) (Q2); Biochemistry, Genetics and Molecular Biology (miscellaneous) (Q3); Materials Science (miscellaneous) (Q3)";"Biochemistry, Genetics and Molecular Biology; Chemistry; Environmental Science; Materials Science; Physics and Astronomy"
204;24138;"Isotopes in Environmental and Health Studies";journal;"10256016, 14772639";"Taylor and Francis Ltd.";No;No;0,383;Q2;50;31;116;1846;159;111;1,40;59,55;22,54;2;United Kingdom;Western Europe;"Taylor and Francis Ltd.";"1995-2026";"Environmental Science (miscellaneous) (Q2); Inorganic Chemistry (Q2); Environmental Chemistry (Q3)";"Chemistry; Environmental Science"
205;21101176037;"Nitrogen (Switzerland)";journal;"25043129";"Multidisciplinary Digital Publishing Institute (MDPI)";Yes;No;0,380;Q2;16;28;85;1731;141;84;1,65;61,82;45,36;2;Switzerland;Western Europe;"Multidisciplinary Digital Publishing Institute (MDPI)";"2020-2025";"Agricultural and Biological Sciences (miscellaneous) (Q2); Earth and Planetary Sciences (miscellaneous) (Q2); Environmental Science (miscellaneous) (Q2)";"Agricultural and Biological Sciences; Earth and Planetary Sciences; Environmental Science"
206;21100774305;"Journal of Sustainable Development of Energy, Water and Environment Systems";journal;"18489257";"International Centre for Sustainable Development of Energy, Water and Environment Systems SDEWES";Yes;No;0,377;Q2;28;48;150;2551;332;147;2,36;53,15;29,82;1;Croatia;Eastern Europe;"International Centre for Sustainable Development of Energy, Water and Environment Systems SDEWES";"2013-2026";"Environmental Science (miscellaneous) (Q2); Energy Engineering and Power Technology (Q3); Renewable Energy, Sustainability and the Environment (Q3); Water Science and Technology (Q3)";"Energy; Environmental Science"
207;19700182634;"Geographical Research Letters";journal;"02116820, 16979540";"University of La Rioja";Yes;Yes;0,373;Q3;31;21;70;1208;103;70;1,61;57,52;30,86;0;Spain;Western Europe;"University of La Rioja";"2009-2026";"Earth and Planetary Sciences (miscellaneous) (Q2); Geography, Planning and Development (Q2); Environmental Science (miscellaneous) (Q3)";"Earth and Planetary Sciences; Environmental Science; Social Sciences"
208;21101039662;"H2Open Journal";journal;"26166518";"IWA Publishing";Yes;No;0,373;Q3;18;40;106;1612;228;104;1,79;40,30;30,08;2;United Kingdom;Western Europe;"IWA Publishing";"2018-2025";"Environmental Science (miscellaneous) (Q3); Management, Monitoring, Policy and Law (Q3); Water Science and Technology (Q3)";"Environmental Science"
209;21100782674;"Soil Science Annual";journal;"23004975";"Soil Science Society of Poland";Yes;No;0,370;Q3;24;33;105;1842;168;105;1,48;55,82;29,79;0;Poland;Eastern Europe;"Soil Science Society of Poland";"2012-2025";"Earth and Planetary Sciences (miscellaneous) (Q2); Environmental Science (miscellaneous) (Q3); Soil Science (Q3)";"Agricultural and Biological Sciences; Earth and Planetary Sciences; Environmental Science"
210;21101099109;"Euro-Mediterranean Journal for Environmental Integration";journal;"23657448, 23656433";"Springer Nature";No;No;0,365;Q3;32;74;193;4208;409;186;1,79;56,86;35,97;0;United States;Northern America;"Springer Nature";"2016-2026";"Environmental Science (miscellaneous) (Q3)";"Environmental Science"
211;21100265049;"Journal of Engineering and Technological Sciences";journal;"23385502, 23375779";"Institute for Research and Community Services, Institut Teknologi Bandung";Yes;No;0,363;Q3;27;56;217;2006;351;217;1,24;35,82;31,18;0;Indonesia;Asiatic Region;"Institute for Research and Community Services, Institut Teknologi Bandung";"2013-2026";"Earth-Surface Processes (Q2); Engineering (miscellaneous) (Q2); Chemical Engineering (miscellaneous) (Q3); Civil and Structural Engineering (Q3); Environmental Science (miscellaneous) (Q3); Materials Science (miscellaneous) (Q3); Mechanical Engineering (Q3)";"Chemical Engineering; Earth and Planetary Sciences; Engineering; Environmental Science; Materials Science"
212;21100246533;"Journal of Ecological Engineering";journal;"22998993";"Polskie Towarzystwo Inzynierii Ekologicznej (PTIE)";Yes;No;0,361;Q3;40;409;933;15491;1742;933;1,84;37,88;43,58;3;Poland;Eastern Europe;"Polskie Towarzystwo Inzynierii Ekologicznej (PTIE)";"2013-2026";"Agronomy and Crop Science (Q2); Ecology (Q2); Ecology, Evolution, Behavior and Systematics (Q3); Environmental Engineering (Q3); Environmental Science (miscellaneous) (Q3)";"Agricultural and Biological Sciences; Environmental Science"
213;24739;"Polish Journal of Environmental Studies";journal;"12301485";"HARD";No;No;0,356;Q3;77;450;1452;20032;2541;1452;1,55;44,52;38,40;3;Poland;Eastern Europe;"HARD";"1996-2026";"Environmental Chemistry (Q3); Environmental Science (miscellaneous) (Q3)";"Environmental Science"
214;21100840951;"Geography, Environment, Sustainability";journal;"25421565, 20719388";"Lomonosov Moscow State University, Faculty of Geography";Yes;Yes;0,349;Q3;22;63;207;2807;292;205;1,32;44,56;42,74;0;Russian Federation;Eastern Europe;"Lomonosov Moscow State University, Faculty of Geography";"2015-2025";"Agricultural and Biological Sciences (miscellaneous) (Q2); Geography, Planning and Development (Q2); Environmental Science (miscellaneous) (Q3)";"Agricultural and Biological Sciences; Environmental Science; Social Sciences"
215;14976;"Canadian Journal of Civil Engineering";journal;"03151468, 12086029";"National Research Council of Canada";No;No;0,344;Q3;82;81;443;3292;653;435;1,28;40,64;25,24;1;Canada;Northern America;"National Research Council of Canada";"1971, 1974-2026";"Civil and Structural Engineering (Q3); Environmental Science (miscellaneous) (Q3)";"Engineering; Environmental Science"
216;4000148806;"GAIA - Ecological Perspectives for Science and Society";journal;"26255413, 09405550";"Oekom - Gesellschaft fuer Oekologische Kommunikation mbH";No;No;0,343;Q3;45;74;175;1624;184;144;0,96;21,95;50,50;7;Germany;Western Europe;"Oekom - Gesellschaft fuer Oekologische Kommunikation mbH";"2005-2025";"Economics, Econometrics and Finance (miscellaneous) (Q2); Environmental Science (miscellaneous) (Q3)";"Economics, Econometrics and Finance; Environmental Science"
217;6500153246;"Applied Environmental Education and Communication";journal;"15330389, 1533015X";"Routledge";No;No;0,341;Q3;30;15;83;660;101;81;1,10;44,00;57,97;0;United States;Northern America;"Routledge";"2002-2026";"Communication (Q2); Education (Q3); Environmental Science (miscellaneous) (Q3)";"Environmental Science; Social Sciences"
218;21597;"National Identities";journal;"14608944, 14699907";"Routledge";No;No;0,341;Q3;28;29;85;1866;92;82;1,14;64,34;39,53;2;United Kingdom;Western Europe;"Routledge";"2003-2026";"History (Q1); Earth and Planetary Sciences (miscellaneous) (Q3); Environmental Science (miscellaneous) (Q3)";"Arts and Humanities; Earth and Planetary Sciences; Environmental Science"
219;21101121582;"Caraka Tani: Journal of Sustainable Agriculture";journal;"25992570, 26139456";"Sebelas Maret University";Yes;No;0,340;Q3;13;33;98;1861;131;98;1,21;56,39;42,71;0;Indonesia;Asiatic Region;"Sebelas Maret University";"2019-2026";"Agricultural and Biological Sciences (miscellaneous) (Q2); Agronomy and Crop Science (Q2); Environmental Science (miscellaneous) (Q3); Food Science (Q3)";"Agricultural and Biological Sciences; Environmental Science"
220;21101021755;"Journal of Aging and Environment";journal;"26892618, 26892626";"Routledge";No;No;0,340;Q3;38;24;59;1152;97;59;1,17;48,00;72,73;4;United Kingdom;Western Europe;"Routledge";"2020-2026";"Sociology and Political Science (Q2); Environmental Science (miscellaneous) (Q3); Gerontology (Q3); Health (social science) (Q3)";"Environmental Science; Nursing; Social Sciences"
221;21101100205;"Journal of Sustainability Research";journal;"26326582";"";No;No;0,338;Q3;17;16;72;1101;108;70;1,03;68,81;40,91;2;United Kingdom;Western Europe;"";"2019-2026";"Geography, Planning and Development (Q2); Urban Studies (Q2); Environmental Science (miscellaneous) (Q3); Renewable Energy, Sustainability and the Environment (Q3)";"Energy; Environmental Science; Social Sciences"
222;21100220432;"Asian Journal of Atmospheric Environment";journal;"19766912, 22871160";"Springer International Publishing";Yes;No;0,337;Q3;26;21;95;898;142;95;1,25;42,76;26,27;0;Switzerland;Western Europe;"Springer International Publishing";"2007-2026";"Atmospheric Science (Q3); Environmental Science (miscellaneous) (Q3)";"Earth and Planetary Sciences; Environmental Science"
223;21101170302;"C-Journal of Carbon Research";journal;"23115629";"Multidisciplinary Digital Publishing Institute (MDPI)";Yes;No;0,335;Q3;23;120;79;7979;180;78;2,28;66,49;34,20;1;Switzerland;Western Europe;"Multidisciplinary Digital Publishing Institute (MDPI)";"2016-2019, 2022-2025";"Environmental Science (miscellaneous) (Q3)";"Environmental Science"
224;21100370022;"Regional Research of Russia";journal;"20799713, 20799705";"Pleiades Publishing";No;No;0,331;Q3;20;73;196;2076;177;196;0,79;28,44;50,48;0;United States;Northern America;"Pleiades Publishing";"2011-2025";"Cultural Studies (Q1); Economics, Econometrics and Finance (miscellaneous) (Q2); Geography, Planning and Development (Q2); Urban Studies (Q2); Earth and Planetary Sciences (miscellaneous) (Q3); Environmental Science (miscellaneous) (Q3); Public Administration (Q3)";"Earth and Planetary Sciences; Economics, Econometrics and Finance; Environmental Science; Social Sciences"
225;25158;"Global Governance";journal;"10752846, 19426720";"Brill Academic Publishers";No;No;0,330;Q3;76;29;93;1472;122;93;0,73;50,76;44,44;7;United States;Northern America;"Brill Academic Publishers";"1996-2025";"Political Science and International Relations (Q2); Safety Research (Q2); Sociology and Political Science (Q2); Environmental Science (miscellaneous) (Q3)";"Environmental Science; Social Sciences"
226;21100239242;"Research of Environmental Sciences";journal;"10016929";"Editorial Board, Research of Environmental Sciences";No;No;0,324;Q3;36;231;932;10746;2028;930;2,34;46,52;42,27;0;China;Asiatic Region;"Editorial Board, Research of Environmental Sciences";"2013-2026";"Environmental Science (miscellaneous) (Q3)";"Environmental Science"
227;12456;"Acta Biotheoretica";journal;"00015342, 15728358";"Springer Science and Business Media B.V.";No;No;0,321;Q3;42;23;88;1143;128;87;1,69;49,70;26,32;0;Netherlands;Western Europe;"Springer Science and Business Media B.V.";"1935-1943, 1946-1949, 1951-1953, 1955-1965, 1967-1988, 1990-2026";"Philosophy (Q1); Agricultural and Biological Sciences (miscellaneous) (Q2); Applied Mathematics (Q3); Biochemistry, Genetics and Molecular Biology (miscellaneous) (Q3); Environmental Science (miscellaneous) (Q3); Medicine (miscellaneous) (Q3)";"Agricultural and Biological Sciences; Arts and Humanities; Biochemistry, Genetics and Molecular Biology; Environmental Science; Mathematics; Medicine"
228;21100932467;"AIMS Environmental Science";journal;"23720352";"American Institute of Mathematical Sciences";Yes;No;0,321;Q3;29;48;122;2696;244;118;1,86;56,17;38,82;2;United States;Northern America;"American Institute of Mathematical Sciences";"2014-2026";"Environmental Science (miscellaneous) (Q3)";"Environmental Science"
229;12175;"Climate Research";journal;"16161572, 0936577X";"Inter-Research";No;No;0,320;Q3;127;15;114;911;138;114;1,16;60,73;31,25;0;Germany;Western Europe;"Inter-Research";"1990-2025";"Atmospheric Science (Q3); Environmental Science (miscellaneous) (Q3); Environmental Chemistry (Q4)";"Earth and Planetary Sciences; Environmental Science"
230;25423;"Journal of Environmental Horticulture";journal;"25735586, 07382898";"Horticultural Research Institute";No;No;0,319;Q3;14;22;63;713;80;63;1,05;32,41;40,98;1;United States;Northern America;"Horticultural Research Institute";"1984, 1987-1988, 2017-2025";"Horticulture (Q2); Environmental Science (miscellaneous) (Q3)";"Agricultural and Biological Sciences; Environmental Science"
231;21101039227;"Arktika: Ekologia i Ekonomika";journal;"22234594";"Nuclear Safety Institute of the Russian Academy of Sciences";Yes;Yes;0,318;Q3;12;51;140;1301;148;140;1,08;25,51;39,58;1;Russian Federation;Eastern Europe;"Nuclear Safety Institute of the Russian Academy of Sciences";"2020-2025";"Social Sciences (miscellaneous) (Q2); Earth and Planetary Sciences (miscellaneous) (Q3); Earth-Surface Processes (Q3); Ecology (Q3); Environmental Science (miscellaneous) (Q3); Geography, Planning and Development (Q3)";"Earth and Planetary Sciences; Environmental Science; Social Sciences"
232;12200154703;"Archives of Environmental Protection";journal;"20834772, 20834810";"Polska Akademia Nauk";Yes;No;0,315;Q3;34;42;129;1599;206;129;1,52;38,07;49,40;0;Poland;Eastern Europe;"Polska Akademia Nauk";"2007-2025";"Environmental Science (miscellaneous) (Q3)";"Environmental Science"
233;21101021719;"Arid Zone Research";journal;"10014675";"Science Press";No;No;0,314;Q3;20;192;552;7141;886;552;1,87;37,19;41,20;0;China;Asiatic Region;"Science Press";"2019-2026";"Atmospheric Science (Q3); Ecology (Q3); Environmental Science (miscellaneous) (Q3); Geology (Q3); Water Science and Technology (Q3)";"Earth and Planetary Sciences; Environmental Science"
234;21100903770;"Eurasian Journal of Soil Science";journal;"21474249";"Federation of Eurasian Soil Science Societies";Yes;Yes;0,314;Q3;20;40;120;1620;165;120;1,28;40,50;37,93;0;Turkey;Middle East;"Federation of Eurasian Soil Science Societies";"2018-2026";"Agronomy and Crop Science (Q3); Environmental Science (miscellaneous) (Q3); Plant Science (Q3); Soil Science (Q3)";"Agricultural and Biological Sciences; Environmental Science"
235;9100153110;"Boletin de la Asociacion de Geografos Espanoles";journal;"26053322, 02129426";"Radcliffe Cardiology";Yes;No;0,313;Q3;30;54;164;3152;175;164;1,19;58,37;31,03;4;Spain;Western Europe;"Radcliffe Cardiology";"2006-2026";"Urban Studies (Q2); Earth-Surface Processes (Q3); Environmental Science (miscellaneous) (Q3); Geography, Planning and Development (Q3)";"Earth and Planetary Sciences; Environmental Science; Social Sciences"
236;19900193617;"Proceedings of the National Academy of Sciences India Section B - Biological Sciences";journal;"03698211, 22501746";"Springer";No;No;0,312;Q3;39;99;317;2729;566;317;1,19;27,57;41,34;1;India;Asiatic Region;"Springer";"2008-2026";"Agricultural and Biological Sciences (miscellaneous) (Q2); Environmental Science (miscellaneous) (Q3)";"Agricultural and Biological Sciences; Environmental Science"
237;13663;"Periodica Polytechnica Chemical Engineering";journal;"03245853, 15873765";"Budapest University of Technology and Economics";Yes;Yes;0,310;-;32;58;180;2364;292;176;1,50;40,76;37,68;0;Hungary;Eastern Europe;"Budapest University of Technology and Economics";"1968-2025";"Chemical Engineering (miscellaneous) (Q3)";"Chemical Engineering"
238;21100927979;"Pollution";journal;"23834501, 2383451X";"University of Tehran";Yes;Yes;0,306;Q3;22;137;232;7079;396;232;1,47;51,67;35,60;0;Iran;Middle East;"University of Tehran";"2019-2025";"Environmental Science (miscellaneous) (Q3)";"Environmental Science"
239;21100220394;"Climate Law";journal;"18786553, 18786561";"Brill Academic Publishers";No;No;0,304;Q3;27;10;32;995;35;32;0,90;99,50;50,00;1;Netherlands;Western Europe;"Brill Academic Publishers";"2010-2012, 2014-2026";"Law (Q2); Environmental Science (miscellaneous) (Q3); Management, Monitoring, Policy and Law (Q3); Renewable Energy, Sustainability and the Environment (Q3)";"Energy; Environmental Science; Social Sciences"
240;23999;"Instrumentation Science and Technology";journal;"15256030, 10739149";"Taylor and Francis Ltd.";No;No;0,302;Q3;39;45;142;1470;270;142;1,74;32,67;34,62;0;United States;Northern America;"Taylor and Francis Ltd.";"1968-1972, 1974-1977, 1979-1982, 1984-1990, 1992-2026";"Chemical Engineering (miscellaneous) (Q3); Environmental Science (miscellaneous) (Q3); Instrumentation (Q3)";"Chemical Engineering; Environmental Science; Physics and Astronomy"
241;27652;"Strategic Planning for Energy and the Environment";journal;"10485236, 15460126";"";No;No;0,301;Q3;15;31;56;1052;83;55;1,37;33,94;31,88;0;United States;Northern America;"";"1990-2025";"Environmental Science (miscellaneous) (Q3); Renewable Energy, Sustainability and the Environment (Q3)";"Energy; Environmental Science"
242;28604;"Izvestiya, Physics of the Solid Earth";journal;"10693513, 15556506";"Pleiades Publishing";No;No;0,296;Q3;32;85;221;3187;215;220;0,97;37,49;30,69;0;United States;Northern America;"Pleiades Publishing";"1996-2025";"Earth and Planetary Sciences (miscellaneous) (Q3); Environmental Science (miscellaneous) (Q3)";"Earth and Planetary Sciences; Environmental Science"
243;28662;"Bezopasnost' Truda v Promyshlennosti";journal;"26585537, 04092961";"STC Industrial Safety CJSC";No;No;0,294;Q3;12;144;467;2335;239;465;0,55;16,22;40,08;0;Russian Federation;Eastern Europe;"STC Industrial Safety CJSC";"1980, 2001-2005, 2018-2026";"Chemical Health and Safety (Q3); Energy (miscellaneous) (Q3); Environmental Science (miscellaneous) (Q3); Safety, Risk, Reliability and Quality (Q3)";"Chemical Engineering; Energy; Engineering; Environmental Science"
244;25869;"Geochemistry: Exploration, Environment, Analysis";journal;"14677873";"Geological Society of London";No;No;0,292;Q3;54;26;99;2581;184;99;1,03;99,27;28,09;3;United Kingdom;Western Europe;"Geological Society of London";"2001-2026";"Chemistry (miscellaneous) (Q3); Earth and Planetary Sciences (miscellaneous) (Q3); Environmental Science (miscellaneous) (Q3); Geochemistry and Petrology (Q3)";"Chemistry; Earth and Planetary Sciences; Environmental Science"
245;21101067612;"Journal of Earth Sciences and Environment";journal;"16726561";"Chang'an University";No;No;0,290;Q3;17;105;212;5554;303;212;1,63;52,90;33,03;0;China;Asiatic Region;"Chang'an University";"2019-2025";"Earth and Planetary Sciences (miscellaneous) (Q3); Environmental Science (miscellaneous) (Q3)";"Earth and Planetary Sciences; Environmental Science"
246;21101137841;"Economy of Regions";journal;"20726414, 24111406";"Institute of Economics, Ural Branch of the Russian Academy of Sciences";Yes;Yes;0,289;Q3;22;92;285;3247;323;284;1,06;35,29;56,92;1;Russian Federation;Eastern Europe;"Institute of Economics, Ural Branch of the Russian Academy of Sciences";"2010-2025";"Economics, Econometrics and Finance (miscellaneous) (Q2); Business, Management and Accounting (miscellaneous) (Q3); Environmental Science (miscellaneous) (Q3)";"Business, Management and Accounting; Economics, Econometrics and Finance; Environmental Science"
247;21100913647;"Caspian Journal of Environmental Sciences";journal;"17353033, 17353866";"University of Guilan";Yes;No;0,288;Q3;20;128;285;4153;386;285;1,33;32,45;44,14;0;Iran;Middle East;"University of Guilan";"2019-2025";"Agricultural and Biological Sciences (miscellaneous) (Q2); Ecology, Evolution, Behavior and Systematics (Q3); Environmental Science (miscellaneous) (Q3)";"Agricultural and Biological Sciences; Environmental Science"
248;21100996944;"Historia Ambiental Latinoamericana y Caribena";journal;"22372717";"Centro Universitario de Anapolis";Yes;Yes;0,285;Q3;9;85;131;1965;56;116;0,43;23,12;44,21;2;Brazil;Latin America;"Centro Universitario de Anapolis";"2017-2025";"History (Q1); Environmental Science (miscellaneous) (Q3)";"Arts and Humanities; Environmental Science"
249;14692;"Environmental History";journal;"19308892, 10845453";"University of Chicago Press";No;No;0,284;Q3;48;32;104;1460;74;84;0,48;45,63;18,18;1;United States;Northern America;"University of Chicago Press";"1996-2026";"History (Q1); Environmental Science (miscellaneous) (Q3)";"Arts and Humanities; Environmental Science"
250;27789;"International Journal of Marine and Coastal Law";journal;"09273522, 15718085";"Martinus Nijhoff Publishers";No;No;0,283;Q3;42;38;91;3302;116;91;1,14;86,89;62,82;7;Netherlands;Western Europe;"Martinus Nijhoff Publishers";"1986-2025";"Law (Q2); Environmental Science (miscellaneous) (Q3); Geography, Planning and Development (Q3); Management, Monitoring, Policy and Law (Q3); Oceanography (Q3)";"Earth and Planetary Sciences; Environmental Science; Social Sciences"
251;11400153329;"Earth and Environmental Science Transactions of the Royal Society of Edinburgh";journal;"17556910, 17556929";"Cambridge University Press";No;No;0,282;Q3;73;21;63;1376;65;63;0,98;65,52;33,72;0;United Kingdom;Western Europe;"Cambridge University Press";"2007-2025";"Earth and Planetary Sciences (miscellaneous) (Q3); Environmental Science (miscellaneous) (Q3)";"Earth and Planetary Sciences; Environmental Science"
252;19700174747;"Journal of Green Building";journal;"19434618, 15526100";"College Publishing";No;No;0,281;Q3;35;45;143;2262;174;143;0,95;50,27;41,50;0;United States;Northern America;"College Publishing";"2006-2026";"Architecture (Q2); Building and Construction (Q3); Civil and Structural Engineering (Q3); Environmental Engineering (Q3); Environmental Science (miscellaneous) (Q3); Geography, Planning and Development (Q3); Management, Monitoring, Policy and Law (Q3); Nature and Landscape Conservation (Q3); Public Health, Environmental and Occupational Health (Q3)";"Engineering; Environmental Science; Medicine; Social Sciences"
253;21100255516;"International Journal of Interdisciplinary Environmental Studies";journal;"23291621, 23291559";"Common Ground Research Networks";No;No;0,279;Q3;6;0;2;0;3;2;0,00;0,00;0,00;0;United States;Northern America;"Common Ground Research Networks";"2013-2020";"Sociology and Political Science (Q2); Environmental Science (miscellaneous) (Q3)";"Environmental Science; Social Sciences"
254;12452;"Raumforschung und Raumordnung";journal;"18694179, 00340111";"Oekom - Gesellschaft fuer Oekologische Kommunikation mbH";Yes;No;0,279;Q3;25;42;119;2269;109;113;1,00;54,02;26,67;4;Germany;Western Europe;"Oekom - Gesellschaft fuer Oekologische Kommunikation mbH";"1977-1987, 1990-1991, 1993-2025";"Urban Studies (Q2); Earth and Planetary Sciences (miscellaneous) (Q3); Environmental Science (miscellaneous) (Q3); Geography, Planning and Development (Q3)";"Earth and Planetary Sciences; Environmental Science; Social Sciences"
255;21101042191;"Case Studies in the Environment";journal;"24739510";"University of California Press";No;No;0,278;Q3;12;20;89;908;75;89;0,97;45,40;47,56;2;United States;Northern America;"University of California Press";"2017-2025";"Education (Q3); Environmental Science (miscellaneous) (Q3); Renewable Energy, Sustainability and the Environment (Q4)";"Energy; Environmental Science; Social Sciences"
256;21101038722;"Journal of People, Plants, and Environment";journal;"25087681, 25087673";"The Society of People, Plants, and Environment";No;No;0,277;Q3;12;62;182;2390;129;182;0,67;38,55;42,41;1;South Korea;Asiatic Region;"The Society of People, Plants, and Environment";"2019-2025";"Urban Studies (Q2); Environmental Science (miscellaneous) (Q3); Health (social science) (Q3); Nature and Landscape Conservation (Q3)";"Environmental Science; Social Sciences"
257;24578;"Mathematical Medicine and Biology";journal;"14778599, 14778602";"Oxford University Press";No;No;0,276;Q3;52;15;63;734;75;63;1,29;48,93;33,33;0;United Kingdom;Western Europe;"Oxford University Press";"1984-1999, 2001-2025";"Applied Mathematics (Q3); Biochemistry, Genetics and Molecular Biology (miscellaneous) (Q3); Environmental Science (miscellaneous) (Q3); Immunology and Microbiology (miscellaneous)  (Q3); Medicine (miscellaneous) (Q3); Modeling and Simulation (Q3); Pharmacology (Q3); Neuroscience (miscellaneous) (Q4)";"Biochemistry, Genetics and Molecular Biology; Environmental Science; Immunology and Microbiology; Mathematics; Medicine; Neuroscience; Pharmacology, Toxicology and Pharmaceutics"
258;13561;"Revista Chilena de Historia Natural";journal;"0716078X, 07176317";"BioMed Central Ltd";Yes;Yes;0,275;Q3;49;10;25;583;43;22;1,56;58,30;40,00;0;United Kingdom;Western Europe;"BioMed Central Ltd";"2000, 2002-2025";"Agricultural and Biological Sciences (miscellaneous) (Q2); Environmental Science (miscellaneous) (Q3)";"Agricultural and Biological Sciences; Environmental Science"
259;21100456788;"International Journal on Food System Dynamics";journal;"18696945";"CentMa GmbH";Yes;Yes;0,269;Q3;23;34;93;1595;95;93;1,02;46,91;45,05;0;Germany;Western Europe;"CentMa GmbH";"2010-2025";"Business and International Management (Q3); Economics, Econometrics and Finance (miscellaneous) (Q3); Environmental Science (miscellaneous) (Q3); Food Science (Q3); Geography, Planning and Development (Q3); Transportation (Q3); Management Science and Operations Research (Q4)";"Agricultural and Biological Sciences; Business, Management and Accounting; Decision Sciences; Economics, Econometrics and Finance; Environmental Science; Social Sciences"
260;21100205904;"International Journal of Plasma Environmental Science and Technology";journal;"24350125, 18818692";"Institute of Electrostatics";No;No;0,266;Q3;18;16;67;623;72;67;1,00;38,94;8,82;0;Japan;Asiatic Region;"Institute of Electrostatics";"2011-2026";"Environmental Science (miscellaneous) (Q3)";"Environmental Science"
261;21100197358;"Psyecology";journal;"19899386, 21711976";"SAGE Publications Inc.";No;No;0,264;Q3;19;13;52;676;47;50;0,72;52,00;42,00;2;United Kingdom;Western Europe;"SAGE Publications Inc.";"2010-2025";"Environmental Science (miscellaneous) (Q3); Applied Psychology (Q4); Experimental and Cognitive Psychology (Q4)";"Environmental Science; Psychology"
262;19700174610;"Global Nest Journal";journal;"17907632, 2241777X";"Global NEST";No;No;0,262;Q3;44;165;235;6617;287;235;1,12;40,10;38,83;0;Greece;Western Europe;"Global NEST";"2000-2026";"Environmental Science (miscellaneous) (Q3)";"Environmental Science"
263;16400154782;"Contemporary Problems of Ecology";journal;"19954255, 19954263";"";No;No;0,259;Q3;27;95;247;4223;211;247;0,77;44,45;57,48;0;Russian Federation;Eastern Europe;"";"2008-2026";"Environmental Science (miscellaneous) (Q3)";"Environmental Science"
264;21101041838;"Studies in Fungi";journal;"24654973";"Maximum Academic Press";Yes;Yes;0,256;Q3;11;20;98;1202;97;98;1,00;60,10;33,33;0;United States;Northern America;"Maximum Academic Press";"2019-2025";"Agricultural and Biological Sciences (miscellaneous) (Q3); Ecology (Q3); Ecology, Evolution, Behavior and Systematics (Q3); Environmental Science (miscellaneous) (Q3); Plant Science (Q3)";"Agricultural and Biological Sciences; Environmental Science"
265;21100200206;"BioRisk";journal;"13132644, 13132652";"Pensoft Publishers";Yes;No;0,254;Q3;11;17;48;589;50;46;0,91;34,65;57,58;0;Bulgaria;Eastern Europe;"Pensoft Publishers";"2011-2025";"Agricultural and Biological Sciences (miscellaneous) (Q3); Animal Science and Zoology (Q3); Ecology (Q3); Ecology, Evolution, Behavior and Systematics (Q3); Environmental Science (miscellaneous) (Q3); Insect Science (Q3); Plant Science (Q3)";"Agricultural and Biological Sciences; Environmental Science"
266;21101021452;"Environmental Health Engineering and Management";journal;"24233765, 24234311";"Kerman University of Medical Sciences";Yes;Yes;0,254;Q3;19;50;114;2053;171;110;1,52;41,06;37,81;0;Iran;Middle East;"Kerman University of Medical Sciences";"2019-2026";"Environmental Science (miscellaneous) (Q3); Public Health, Environmental and Occupational Health (Q3); Chemical Health and Safety (Q4)";"Chemical Engineering; Environmental Science; Medicine"
267;14200154728;"International Journal of Design and Nature and Ecodynamics";journal;"17557445, 17557437";"International Information and Engineering Technology Association";No;No;0,254;Q3;27;180;317;6700;402;317;1,14;37,22;45,34;0;United Kingdom;Western Europe;"International Information and Engineering Technology Association";"2008-2025";"Agricultural and Biological Sciences (miscellaneous) (Q3); Engineering (miscellaneous) (Q3); Environmental Science (miscellaneous) (Q3)";"Agricultural and Biological Sciences; Engineering; Environmental Science"
268;21100840089;"Environment and Natural Resources Journal";journal;"16865456, 24082384";"Mahidol University";Yes;Yes;0,253;Q3;16;48;147;2386;177;147;1,12;49,71;43,51;2;Thailand;Asiatic Region;"Mahidol University";"2012-2013, 2017-2026";"Environmental Science (miscellaneous) (Q3); Pollution (Q3); Environmental Chemistry (Q4); Waste Management and Disposal (Q4)";"Environmental Science"
269;5600155441;"Ambiente e Sociedade";journal;"1414753X";"Universidade Estadual de Campinas UNICAMP";Yes;No;0,252;Q3;28;53;227;2167;154;217;0,42;40,89;52,59;0;Brazil;Latin America;"Universidade Estadual de Campinas UNICAMP";"2006-2025";"Environmental Science (miscellaneous) (Q3); Social Sciences (miscellaneous) (Q3)";"Environmental Science; Social Sciences"
270;21100926588;"Journal of Agricultural Resources and Environment";journal;"20956819";"Editorial Board of Journal of Agro-Environment Science";Yes;No;0,252;Q3;17;140;361;5547;471;361;1,32;39,62;42,51;0;China;Asiatic Region;"Editorial Board of Journal of Agro-Environment Science";"2019-2026";"Agricultural and Biological Sciences (miscellaneous) (Q3); Environmental Science (miscellaneous) (Q3)";"Agricultural and Biological Sciences; Environmental Science"
271;21100431105;"Atmospheric and Oceanic Optics";journal;"10248560, 20700393";"Pleiades Publishing";No;No;0,251;Q3;28;110;332;3090;508;331;1,39;28,09;32,64;0;United States;Northern America;"Pleiades Publishing";"2009-2026";"Earth-Surface Processes (Q3); Ecological Modeling (Q3); Environmental Science (miscellaneous) (Q3); Oceanography (Q3); Pollution (Q3); Atmospheric Science (Q4); Atomic and Molecular Physics, and Optics (Q4); Instrumentation (Q4)";"Earth and Planetary Sciences; Environmental Science; Physics and Astronomy"
272;15900154727;"Carpathian Journal of Earth and Environmental Sciences";journal;"18424090, 1844489X";"";Yes;No;0,249;Q3;31;39;133;1921;139;133;0,96;49,26;39,60;0;Romania;Eastern Europe;"";"2008-2026";"Earth and Planetary Sciences (miscellaneous) (Q3); Environmental Science (miscellaneous) (Q3)";"Earth and Planetary Sciences; Environmental Science"
273;21101037318;"Environment and Ecology Research";journal;"23316268, 2331625X";"Horizon Research Publishing";No;No;0,248;Q3;11;85;120;3018;150;120;1,32;35,51;45,25;1;United States;Northern America;"Horizon Research Publishing";"2019-2026";"Ecology (Q3); Environmental Science (miscellaneous) (Q3); Nature and Landscape Conservation (Q3); Pollution (Q3)";"Environmental Science"
274;15972;"Industria Textila";journal;"12225347";"Institute National Cercetare-Dezvoltare Textiles Pielarie";No;No;0,246;Q3;22;90;285;2906;337;285;1,19;32,29;48,49;0;Romania;Eastern Europe;"Institute National Cercetare-Dezvoltare Textiles Pielarie";"1994-2025";"Business, Management and Accounting (miscellaneous) (Q3); Environmental Science (miscellaneous) (Q3); Materials Science (miscellaneous) (Q3); Polymers and Plastics (Q3)";"Business, Management and Accounting; Environmental Science; Materials Science"
275;23032;"Transactions of the Royal Society of South Australia";journal;"22040293, 03721426";"Taylor and Francis";No;No;0,245;Q3;20;14;38;630;31;38;0,79;45,00;30,77;4;Australia;Pacific Region;"Taylor and Francis";"1979-1981, 1996-2026";"Anthropology (Q2); Agricultural and Biological Sciences (miscellaneous) (Q3); Environmental Science (miscellaneous) (Q3); Paleontology (Q4)";"Agricultural and Biological Sciences; Earth and Planetary Sciences; Environmental Science; Social Sciences"
276;21100932720;"Applied Environmental Research";journal;"22870741, 2287075X";"Environmental Research Institute, Chulalongkorn University";Yes;Yes;0,244;Q3;13;27;90;1459;108;89;1,03;54,04;45,24;0;Thailand;Asiatic Region;"Environmental Research Institute, Chulalongkorn University";"2019-2026";"Environmental Science (miscellaneous) (Q3)";"Environmental Science"
277;21101039057;"Journal of Korean Society for Atmospheric Environment";journal;"15987132, 23835346";"Korean Society for Atmospheric Environment";No;No;0,244;Q3;15;67;181;2934;185;181;0,99;43,79;37,61;0;South Korea;Asiatic Region;"Korean Society for Atmospheric Environment";"2019-2025";"Environmental Engineering (Q3); Environmental Science (miscellaneous) (Q3); Pollution (Q3); Environmental Chemistry (Q4)";"Environmental Science"
278;22618;"Zhongguo Huanjing Kexue/China Environmental Science";journal;"10006923";"Chinese Society for Environmental Sciences";No;No;0,244;Q3;45;713;1881;31613;2977;1881;1,64;44,34;41,55;0;China;Asiatic Region;"Chinese Society for Environmental Sciences";"2001-2026";"Environmental Science (miscellaneous) (Q3)";"Environmental Science"
279;29186;"Indonesian Journal of Geography";journal;"00249521";"Gadjah Mada University";Yes;No;0,244;-;16;54;146;2470;148;146;1,05;45,74;35,86;1;Indonesia;Asiatic Region;"Gadjah Mada University";"1976-1984, 1986-1987, 1990-1992, 1994-1997, 2015-2025";"Computers in Earth Sciences (Q3); Geography, Planning and Development (Q3)";"Earth and Planetary Sciences; Social Sciences"
280;21100889412;"Agraarteadus";journal;"10240845, 22284893";"Estonian Academic Agricultural Society";Yes;Yes;0,240;Q3;13;8;105;237;136;104;1,45;29,63;47,50;0;Estonia;Eastern Europe;"Estonian Academic Agricultural Society";"2018-2023";"Agricultural and Biological Sciences (miscellaneous) (Q3); Environmental Science (miscellaneous) (Q3); Nature and Landscape Conservation (Q3)";"Agricultural and Biological Sciences; Environmental Science"
281;21101039761;"Ecological Engineering and Environmental Technology";journal;"27197050";"Polskie Towarzystwo Inzynierii Ekologicznej";Yes;No;0,235;Q3;19;262;247;8597;342;247;1,38;32,81;39,06;1;Poland;Eastern Europe;"Polskie Towarzystwo Inzynierii Ekologicznej";"2021-2026";"Ecology (Q3); Environmental Engineering (Q3); Environmental Science (miscellaneous) (Q3)";"Environmental Science"
282;21100785501;"International Journal of Safety and Security Engineering";journal;"2041904X, 20419031";"International Information and Engineering Technology Association";No;No;0,235;Q3;24;118;265;4014;524;265;2,50;34,02;37,58;0;United Kingdom;Western Europe;"International Information and Engineering Technology Association";"2011-2025";"Environmental Science (miscellaneous) (Q3); Safety, Risk, Reliability and Quality (Q3)";"Engineering; Environmental Science"
283;21101152596;"Western Indian Ocean Journal of Marine Science";journal;"26836416, 0856860X";"Western Indian Ocean Marine Science Association";Yes;Yes;0,235;Q3;9;20;111;876;74;111;0,59;43,80;33,87;1;Tanzania;Africa;"Western Indian Ocean Marine Science Association";"2019-2025";"Ecology (Q3); Environmental Science (miscellaneous) (Q3); Management, Monitoring, Policy and Law (Q3)";"Environmental Science"
284;13018;"Pirineos";journal;"19884281, 03732568";"CSIC Consejo Superior de Investigaciones Cientificas";Yes;Yes;0,229;Q3;18;8;26;592;19;26;0,43;74,00;17,50;0;Spain;Western Europe;"CSIC Consejo Superior de Investigaciones Cientificas";"1973, 1981-2002, 2004-2024";"Earth and Planetary Sciences (miscellaneous) (Q3); Ecology (Q3); Environmental Science (miscellaneous) (Q3); Geography, Planning and Development (Q3); Nature and Landscape Conservation (Q3); Ecology, Evolution, Behavior and Systematics (Q4)";"Agricultural and Biological Sciences; Earth and Planetary Sciences; Environmental Science; Social Sciences"
285;21101070987;"Advances in Science and Technology Research Journal";journal;"22998624";"Politechnika Lubelska";Yes;No;0,227;Q3;21;189;419;6040;464;419;1,20;31,96;22,37;1;Poland;Eastern Europe;"Politechnika Lubelska";"2019-2026";"Computer Science (miscellaneous) (Q3); Engineering (miscellaneous) (Q3); Environmental Science (miscellaneous) (Q3); Materials Science (miscellaneous) (Q3)";"Computer Science; Engineering; Environmental Science; Materials Science"
286;21101118628;"Tikrit Journal of Engineering Sciences";journal;"1813162X, 23127589";"Tikrit University";Yes;No;0,225;Q3;14;62;120;1921;144;119;1,44;30,98;23,02;0;Iraq;Middle East;"Tikrit University";"2019-2025";"Chemical Engineering (miscellaneous) (Q3); Electrical and Electronic Engineering (Q3); Environmental Engineering (Q3); Environmental Science (miscellaneous) (Q3); Mechanical Engineering (Q3); Civil and Structural Engineering (Q4)";"Chemical Engineering; Engineering; Environmental Science"
287;21101175298;"Research in Cold and Arid Regions";journal;"29497302, 20971583";"KeAi Communications Co.";No;No;0,224;Q3;14;30;134;1330;113;134;0,72;44,33;34,15;0;China;Asiatic Region;"KeAi Communications Co.";"2022-2026";"Earth-Surface Processes (Q3); Environmental Engineering (Q3); Environmental Science (miscellaneous) (Q3); Geotechnical Engineering and Engineering Geology (Q4)";"Earth and Planetary Sciences; Environmental Science"
288;5000157301;"Transactions of the Royal Society of South Africa";journal;"0035919X, 21540098";"Taylor and Francis Ltd.";No;No;0,224;Q3;33;19;73;1521;85;73;1,08;80,05;25,58;0;United Kingdom;Western Europe;"Taylor and Francis Ltd.";"1909-1910, 1913-1915, 1917-1919, 1921-1926, 1928-1940, 1942-1943, 1945-1949, 1951, 1954-1964, 1967-1972, 1974-1990, 1992-2026";"Multidisciplinary (Q2); Agricultural and Biological Sciences (miscellaneous) (Q3); Earth and Planetary Sciences (miscellaneous) (Q3); Environmental Science (miscellaneous) (Q3); Medicine (miscellaneous) (Q4)";"Agricultural and Biological Sciences; Earth and Planetary Sciences; Environmental Science; Medicine; Multidisciplinary"
289;15882;"Fibres and Textiles in Eastern Europe";journal;"23007354, 12303666";"Sciendo";No;No;0,223;Q3;50;56;255;1531;211;255;0,70;27,34;58,73;1;Poland;Eastern Europe;"Sciendo";"1993, 1995-2025";"Business and International Management (Q3); Environmental Science (miscellaneous) (Q3); Industrial and Manufacturing Engineering (Q3); Materials Science (miscellaneous) (Q3)";"Business, Management and Accounting; Engineering; Environmental Science; Materials Science"
290;18700156711;"International Journal of Energy, Environment and Economics";journal;"1054853X";"Nova Science Publishers, Inc.";No;No;0,221;Q3;12;33;83;1269;66;80;0,85;38,45;28,57;0;United States;Northern America;"Nova Science Publishers, Inc.";"2007, 2009-2025";"Economics, Econometrics and Finance (miscellaneous) (Q3); Energy (miscellaneous) (Q3); Environmental Science (miscellaneous) (Q3)";"Economics, Econometrics and Finance; Energy; Environmental Science"
291;21100829181;"Procedia Environmental Science, Engineering and Management";journal;"23929545, 23929537";"Ecozone, OAIMDD";Yes;No;0,221;Q3;14;84;275;1530;86;275;0,30;18,21;42,66;0;Romania;Eastern Europe;"Ecozone, OAIMDD";"2014-2025";"Environmental Science (miscellaneous) (Q3)";"Environmental Science"
292;21100920640;"International Journal of Environmental Science and Development";journal;"20100264";"International Journal of Environmental Science and Development";Yes;No;0,219;Q3;14;52;190;1684;165;190;0,90;32,38;28,68;0;Singapore;Asiatic Region;"International Journal of Environmental Science and Development";"2019-2026";"Environmental Science (miscellaneous) (Q3)";"Environmental Science"
293;21101021144;"Visions for Sustainability";journal;"23848677";"University of Torino";No;No;0,217;Q3;10;38;47;1814;41;37;0,87;47,74;52,78;0;Italy;Western Europe;"University of Torino";"2019-2025";"Education (Q3); Environmental Science (miscellaneous) (Q3); Renewable Energy, Sustainability and the Environment (Q4)";"Energy; Environmental Science; Social Sciences"
294;23474;"Environmental Ethics";journal;"01634275";"Environmental Philosophy Inc";No;No;0,216;Q3;39;14;55;806;32;46;0,68;57,57;41,18;0;United States;Northern America;"Environmental Philosophy Inc";"1979-1981, 1984, 1988, 1990, 1996-2025";"Philosophy (Q2); Environmental Science (miscellaneous) (Q3)";"Arts and Humanities; Environmental Science"
295;15943;"Indian Journal of Fibre and Textile Research";journal;"09751025, 09710426";"National Institute of Science Communication and Policy Research";Yes;Yes;0,216;Q3;54;57;175;1463;134;175;0,64;25,67;26,04;0;India;Asiatic Region;"National Institute of Science Communication and Policy Research";"1990-2025";"Chemical Engineering (miscellaneous) (Q3); Environmental Science (miscellaneous) (Q3); Materials Science (miscellaneous) (Q3); Polymers and Plastics (Q3)";"Chemical Engineering; Environmental Science; Materials Science"
296;21100239409;"Revista Ambiente e Agua";journal;"1980993X";"Instituto de Pesquisas Ambientais em Bacias Hidrograficas (IPABHi)";Yes;No;0,215;Q3;25;38;237;1614;204;235;0,77;42,47;39,01;0;Brazil;Latin America;"Instituto de Pesquisas Ambientais em Bacias Hidrograficas (IPABHi)";"2013-2026";"Environmental Science (miscellaneous) (Q3); Aquatic Science (Q4); Public Health, Environmental and Occupational Health (Q4)";"Agricultural and Biological Sciences; Environmental Science; Medicine"
297;19700188314;"Pertanika Journal of Science and Technology";journal;"01287680, 22318526";"Universiti Putra Malaysia Press";No;No;0,213;Q3;32;183;447;7449;472;446;1,07;40,70;40,81;0;Malaysia;Asiatic Region;"Universiti Putra Malaysia Press";"2010-2025";"Agricultural and Biological Sciences (miscellaneous) (Q3); Chemical Engineering (miscellaneous) (Q3); Computer Science (miscellaneous) (Q3); Environmental Science (miscellaneous) (Q3)";"Agricultural and Biological Sciences; Chemical Engineering; Computer Science; Environmental Science"
298;21100897507;"Academic Journal of Interdisciplinary Studies (discontinued)";journal;"22813993, 22814612";"Richtmann Publishing Ltd";No;No;0,212;Q3;21;178;475;7499;498;475;1,09;42,13;44,68;2;Italy;Western Europe;"Richtmann Publishing Ltd";"2013, 2018-2024";"Arts and Humanities (miscellaneous) (Q2); Business, Management and Accounting (miscellaneous) (Q3); Economics, Econometrics and Finance (miscellaneous) (Q3); Environmental Science (miscellaneous) (Q3); Social Sciences (miscellaneous) (Q3)";"Arts and Humanities; Business, Management and Accounting; Economics, Econometrics and Finance; Environmental Science; Social Sciences"
299;21101168871;"APN Science Bulletin";journal;"25227971";"Asia-pacific Network for Global Change Research";Yes;Yes;0,211;Q3;9;20;46;614;34;45;0,66;30,70;39,45;2;Japan;Asiatic Region;"Asia-pacific Network for Global Change Research";"2019-2025";"Environmental Science (miscellaneous) (Q3); Energy Engineering and Power Technology (Q4); Global and Planetary Change (Q4); Renewable Energy, Sustainability and the Environment (Q4)";"Energy; Environmental Science"
300;21100413803;"Czech Polar Reports";journal;"18050689, 18050697";"Masaryk University";Yes;No;0,211;Q3;12;21;66;743;51;66;0,79;35,38;42,05;0;Czech Republic;Eastern Europe;"Masaryk University";"2014-2025";"Agricultural and Biological Sciences (miscellaneous) (Q3); Earth and Planetary Sciences (miscellaneous) (Q3); Environmental Science (miscellaneous) (Q3)";"Agricultural and Biological Sciences; Earth and Planetary Sciences; Environmental Science"
301;26673;"International Journal of Critical Infrastructures";journal;"14753219, 17418038";"Inderscience Publishers";No;No;0,211;Q3;33;35;61;1248;74;61;0,67;35,66;27,06;0;United Kingdom;Western Europe;"Inderscience Publishers";"2004-2026";"Environmental Science (miscellaneous) (Q3); Energy (miscellaneous) (Q4); Safety, Risk, Reliability and Quality (Q4)";"Energy; Engineering; Environmental Science"
302;19700175853;"Rocznik Ochrona Srodowiska";journal;"1506218X";"Middle Pomeranian Scientific Society";No;No;0,211;Q3;22;42;169;1374;113;169;0,81;32,71;38,24;0;Poland;Eastern Europe;"Middle Pomeranian Scientific Society";"2007-2026";"Environmental Science (miscellaneous) (Q3)";"Environmental Science"
303;21499;"Environmental Policy and Law";journal;"0378777X";"SAGE Publications Ltd";No;No;0,205;Q3;18;25;156;1131;85;142;0,53;45,24;44,83;0;United Kingdom;Western Europe;"SAGE Publications Ltd";"1975-2026";"Environmental Science (miscellaneous) (Q3); Law (Q3); Management, Monitoring, Policy and Law (Q4)";"Environmental Science; Social Sciences"
304;19700186863;"Nature Environment and Pollution Technology";journal;"23953454, 09726268";"Technoscience Publications";Yes;No;0,204;Q3;25;218;706;7909;568;706;0,80;36,28;38,72;0;India;Asiatic Region;"Technoscience Publications";"2007, 2009-2025";"Environmental Science (miscellaneous) (Q3); Pollution (Q4); Renewable Energy, Sustainability and the Environment (Q4)";"Energy; Environmental Science"
305;21101063835;"Avicenna Journal of Environmental Health Engineering";journal;"24234583, 24236292";"Hamadan University of Medical Sciences";Yes;Yes;0,203;Q3;8;16;48;541;32;47;0,91;33,81;35,09;0;Iran;Middle East;"Hamadan University of Medical Sciences";"2019-2025";"Environmental Science (miscellaneous) (Q3); Environmental Chemistry (Q4); Environmental Engineering (Q4); Health, Toxicology and Mutagenesis (Q4)";"Environmental Science"
306;21100865569;"Granja";journal;"13908596, 13903799";"Universidad Politecnica Salesiana";Yes;Yes;0,202;Q3;11;22;62;833;62;61;0,88;37,86;33,33;0;Ecuador;Latin America;"Universidad Politecnica Salesiana";"2018-2025";"Agricultural and Biological Sciences (miscellaneous) (Q3); Earth and Planetary Sciences (miscellaneous) (Q3); Environmental Science (miscellaneous) (Q3); Biochemistry, Genetics and Molecular Biology (miscellaneous) (Q4)";"Agricultural and Biological Sciences; Biochemistry, Genetics and Molecular Biology; Earth and Planetary Sciences; Environmental Science"
307;23356;"Journal of Environmental Engineering and Science";journal;"1496256X, 14962551";"ICE Publishing";No;No;0,202;Q3;50;28;67;1632;64;64;0,86;58,29;35,37;0;United Kingdom;Western Europe;"ICE Publishing";"2002-2008, 2015-2025";"Environmental Science (miscellaneous) (Q3); Environmental Chemistry (Q4); Environmental Engineering (Q4)";"Environmental Science"
308;12400154715;"Huanjing Kexue Xuebao / Acta Scientiae Circumstantiae";journal;"02532468";"Science Press";No;No;0,196;Q3;39;444;1577;18969;1570;1577;0,99;42,72;42,35;0;China;Asiatic Region;"Science Press";"2008-2026";"Environmental Science (miscellaneous) (Q3); Environmental Chemistry (Q4); Environmental Engineering (Q4)";"Environmental Science"
309;21101042011;"Revista Catalana de Dret Ambiental";journal;"2014038X";"Universitat Rovira i Virgili";Yes;Yes;0,195;Q3;7;90;214;1692;50;212;0,21;18,80;42,62;4;Spain;Western Europe;"Universitat Rovira i Virgili";"2019-2025";"Environmental Science (miscellaneous) (Q3); Law (Q3); Ecology (Q4); Management, Monitoring, Policy and Law (Q4)";"Environmental Science; Social Sciences"
310;21101089058;"Nativa";journal;"23187670";"Federal University of Mato Grosso";Yes;No;0,193;Q3;10;78;251;2403;118;251;0,44;30,81;39,26;2;Brazil;Latin America;"Federal University of Mato Grosso";"2019-2026";"Agricultural and Biological Sciences (miscellaneous) (Q3); Environmental Science (miscellaneous) (Q3); Forestry (Q3); Agronomy and Crop Science (Q4); Animal Science and Zoology (Q4); Nature and Landscape Conservation (Q4)";"Agricultural and Biological Sciences; Environmental Science"
311;10300153374;"WSEAS Transactions on Environment and Development";journal;"17905079, 22243496";"World Scientific and Engineering Academy and Society";No;No;0,192;Q4;29;132;348;4282;327;346;0,97;32,44;48,23;1;Greece;Western Europe;"World Scientific and Engineering Academy and Society";"2007-2015, 2017-2026";"Geography, Planning and Development (Q3); Development (Q4); Ecological Modeling (Q4); Energy (miscellaneous) (Q4); Environmental Chemistry (Q4); Environmental Engineering (Q4); Environmental Science (miscellaneous) (Q4); Management, Monitoring, Policy and Law (Q4); Waste Management and Disposal (Q4)";"Energy; Environmental Science; Social Sciences"
312;21101034113;"Revista Brasileira de Geografia Fisica";journal;"19842295";"Universidade Federal de Pernambuco";Yes;No;0,189;Q4;12;216;689;11276;437;681;0,59;52,20;34,07;4;Brazil;Latin America;"Universidade Federal de Pernambuco";"2019-2026";"Atmospheric Science (Q4); Computers in Earth Sciences (Q4); Earth-Surface Processes (Q4); Environmental Science (miscellaneous) (Q4); Geography, Planning and Development (Q4); Geophysics (Q4)";"Earth and Planetary Sciences; Environmental Science; Social Sciences"
313;14691;"Environment and History";journal;"09673407, 17527023";"White Horse Press";No;No;0,188;Q4;38;35;114;199;58;94;0,40;5,69;36,17;0;United Kingdom;Western Europe;"White Horse Press";"1995-2026";"Arts and Humanities (miscellaneous) (Q2); History (Q2); Environmental Science (miscellaneous) (Q4); Geography, Planning and Development (Q4)";"Arts and Humanities; Environmental Science; Social Sciences"
314;21100829234;"Economic and Environmental Geology";journal;"22887962, 12257281";"The Korean Society of Economic and Environmental Geology";Yes;No;0,187;Q4;9;61;180;2694;83;180;0,43;44,16;39,18;0;South Korea;Asiatic Region;"The Korean Society of Economic and Environmental Geology";"2017-2025";"Economic Geology (Q4); Environmental Science (miscellaneous) (Q4); Geology (Q4)";"Earth and Planetary Sciences; Environmental Science"
315;21100792089;"Ochrona Srodowiska i Zasobow Naturalnych";journal;"12307831, 23538589";"De Gruyter Open Ltd";Yes;No;0,187;Q4;11;23;48;1235;26;48;0,68;53,70;37,14;0;Poland;Eastern Europe;"De Gruyter Open Ltd";"2016-2026";"Environmental Science (miscellaneous) (Q4)";"Environmental Science"
316;21100238408;"Scientific Review Engineering and Environmental Sciences";journal;"25437496, 17329353";"Warsaw University of Life Sciences Press";Yes;No;0,187;Q4;13;24;120;650;91;120;0,72;27,08;30,91;0;Poland;Eastern Europe;"Warsaw University of Life Sciences Press";"2013-2025";"Building and Construction (Q4); Civil and Structural Engineering (Q4); Earth-Surface Processes (Q4); Environmental Science (miscellaneous) (Q4); Geotechnical Engineering and Engineering Geology (Q4)";"Earth and Planetary Sciences; Engineering; Environmental Science"
317;15600154705;"EnvironmentAsia";journal;"19061714";"Thai Society of Higher Eduation Institutes on Environment";Yes;No;0,186;Q4;26;45;132;1629;89;132;0,72;36,20;42,42;0;Thailand;Asiatic Region;"Thai Society of Higher Eduation Institutes on Environment";"2009-2026";"Environmental Science (miscellaneous) (Q4); Toxicology (Q4)";"Environmental Science; Pharmacology, Toxicology and Pharmaceutics"
318;21100204913;"Moscow University Biological Sciences Bulletin";journal;"1934791X, 00963925";"";No;No;0,183;Q4;17;49;115;1503;91;111;0,67;30,67;53,95;0;Russian Federation;Eastern Europe;"";"1980, 1988, 2009, 2011-2025";"Agricultural and Biological Sciences (miscellaneous) (Q3); Biochemistry, Genetics and Molecular Biology (miscellaneous) (Q4); Environmental Science (miscellaneous) (Q4)";"Agricultural and Biological Sciences; Biochemistry, Genetics and Molecular Biology; Environmental Science"
319;21101149189;"Revista Ciencias Marinas y Costeras";journal;"1659407X";"Universidad Nacional";Yes;Yes;0,183;Q4;4;8;35;259;17;35;0,50;32,38;22,73;0;Costa Rica;Latin America;"Universidad Nacional";"2019-2026";"Animal Science and Zoology (Q4); Aquatic Science (Q4); Ecology, Evolution, Behavior and Systematics (Q4); Environmental Science (miscellaneous) (Q4)";"Agricultural and Biological Sciences; Environmental Science"
320;21100853599;"Vestnik of Saint Petersburg University. Earth Sciences";journal;"2587585X, 25419668";"St. Petersburg University Press";No;No;0,183;Q4;11;40;117;1490;72;117;0,51;37,25;49,17;0;Russian Federation;Eastern Europe;"St. Petersburg University Press";"2017-2025";"Earth and Planetary Sciences (miscellaneous) (Q4); Environmental Science (miscellaneous) (Q4); Geography, Planning and Development (Q4); Geology (Q4)";"Earth and Planetary Sciences; Environmental Science; Social Sciences"
321;21100855501;"GMSARN International Journal";journal;"19059094";"Greater Mekong Subregion Academic and Research Network, Asian Institute of Technology";No;No;0,182;Q4;10;48;123;1658;72;123;0,67;34,54;25,81;0;Thailand;Asiatic Region;"Greater Mekong Subregion Academic and Research Network, Asian Institute of Technology";"2017-2026";"Energy Engineering and Power Technology (Q4); Environmental Science (miscellaneous) (Q4); Management, Monitoring, Policy and Law (Q4); Renewable Energy, Sustainability and the Environment (Q4)";"Energy; Environmental Science"
322;21101049093;"Ecocycles";journal;"24162140";"European Ecocycles Society";Yes;Yes;0,181;Q4;8;28;61;1208;42;61;0,79;43,14;50,00;1;Hungary;Eastern Europe;"European Ecocycles Society";"2019-2026";"Environmental Science (miscellaneous) (Q4)";"Environmental Science"
323;15695;"Ecology Law Quarterly";journal;"00461121";"University of California Boalt Law Business";No;No;0,181;Q4;30;30;97;5643;50;88;0,45;188,10;55,81;0;United States;Northern America;"University of California Boalt Law Business";"1973, 1978-1987, 1996, 1999-2024";"Law (Q3); Environmental Science (miscellaneous) (Q4)";"Environmental Science; Social Sciences"
324;20500195092;"International Journal of Sustainable Society";journal;"17562546, 17562538";"Inderscience Enterprises Ltd";No;No;0,181;Q4;21;21;59;1333;35;57;0,28;63,48;59,26;0;United Kingdom;Western Europe;"Inderscience Enterprises Ltd";"2008-2025";"Sociology and Political Science (Q3); Environmental Science (miscellaneous) (Q4); Geography, Planning and Development (Q4); Management, Monitoring, Policy and Law (Q4)";"Environmental Science; Social Sciences"
325;21101151419;"Journal of Korea Water Resources Association";journal;"27998746, 27998754";"Korea Water Resources Association";No;No;0,181;Q4;9;87;330;2421;154;329;0,50;27,83;27,15;0;South Korea;Asiatic Region;"Korea Water Resources Association";"2019-2025";"Civil and Structural Engineering (Q4); Ecological Modeling (Q4); Environmental Science (miscellaneous) (Q4)";"Engineering; Environmental Science"
326;21101175795;"Advances in Bamboo Science";journal;"27731391";"Elsevier B.V.";Yes;No;0,180;Q4;14;41;8;2325;13;7;1,63;56,71;20,31;0;Netherlands;Western Europe;"Elsevier B.V.";"2022-2025";"Environmental Science (miscellaneous) (Q4); Forestry (Q4)";"Agricultural and Biological Sciences; Environmental Science"
327;19700188209;"Soil and Environment";journal;"20751141, 20749546";"Soil Science Society of Pakistan(SSSP)";Yes;Yes;0,180;Q4;28;20;60;1044;40;60;0,49;52,20;27,66;0;Pakistan;Asiatic Region;"Soil Science Society of Pakistan(SSSP)";"2010-2025";"Environmental Science (miscellaneous) (Q4); Soil Science (Q4)";"Agricultural and Biological Sciences; Environmental Science"
328;24771;"Membrane Technology (discontinued)";journal;"09582118, 18734049";"MA Healthcare Ltd";No;No;0,179;Q4;28;36;81;3;25;80;0,26;0,08;0,00;0;United Kingdom;Western Europe;"MA Healthcare Ltd";"1990-2024";"Industrial and Manufacturing Engineering (Q3); Chemistry (miscellaneous) (Q4); Electrical and Electronic Engineering (Q4); Energy Engineering and Power Technology (Q4); Environmental Science (miscellaneous) (Q4); Food Science (Q4); Materials Science (miscellaneous) (Q4)";"Agricultural and Biological Sciences; Chemistry; Energy; Engineering; Environmental Science; Materials Science"
329;14298;"Harvard Environmental Law Review";journal;"01478257";"Harvard University Law School";No;No;0,178;Q4;35;11;33;4225;33;33;0,75;384,09;50,00;0;United States;Northern America;"Harvard University Law School";"1979-1983, 1987, 1989, 1996-2025";"Law (Q3); Environmental Science (miscellaneous) (Q4); Management, Monitoring, Policy and Law (Q4)";"Environmental Science; Social Sciences"
330;21101042153;"Jordan Journal of Earth and Environmental Sciences";journal;"19956681";"Hashemite University";No;No;0,178;Q4;9;32;99;1471;71;99;0,66;45,97;18,42;0;Jordan;Middle East;"Hashemite University";"2019-2025";"Earth and Planetary Sciences (miscellaneous) (Q4); Environmental Science (miscellaneous) (Q4)";"Earth and Planetary Sciences; Environmental Science"
331;21100204915;"Ochrona Srodowiska";journal;"12306169";"Polskie Zrzeszenie Inzynierow";No;No;0,178;Q4;15;0;1;0;1;1;1,00;0,00;0,00;0;Poland;Eastern Europe;"Polskie Zrzeszenie Inzynierow";"2008-2019, 2021";"Environmental Science (miscellaneous) (Q4)";"Environmental Science"
332;21100935800;"Indonesian Journal of Biotechnology";journal;"20892241, 08538654";"Universitas Gadjah Mada, Research Center for Biotechnology";Yes;No;0,177;Q4;10;27;70;1021;52;70;0,67;37,81;52,83;0;Indonesia;Asiatic Region;"Universitas Gadjah Mada, Research Center for Biotechnology";"2018-2025";"Agricultural and Biological Sciences (miscellaneous) (Q4); Biotechnology (Q4); Environmental Science (miscellaneous) (Q4); Food Science (Q4)";"Agricultural and Biological Sciences; Biochemistry, Genetics and Molecular Biology; Environmental Science"
333;21101152867;"International Journal of Environmental Impacts";journal;"23982640, 23982659";"International Information and Engineering Technology Association";Yes;No;0,176;Q4;9;25;84;918;56;84;0,77;36,72;39,66;0;Canada;Northern America;"International Information and Engineering Technology Association";"2019-2025";"Social Sciences (miscellaneous) (Q3); Environmental Science (miscellaneous) (Q4); Geography, Planning and Development (Q4); Materials Science (miscellaneous) (Q4)";"Environmental Science; Materials Science; Social Sciences"
334;5700191202;"WIT Transactions on Ecology and the Environment";journal;"1746448X, 17433541";"WITPress";No;No;0,176;Q4;33;38;440;775;228;425;0,43;20,39;32,17;0;United Kingdom;Western Europe;"WITPress";"2006-2015, 2017-2025";"Environmental Science (miscellaneous) (Q4)";"Environmental Science"
335;21100872774;"Desenvolvimento e Meio Ambiente";journal;"21769109, 1518952X";"Universidade Federal do Parana";Yes;Yes;0,174;Q4;12;104;222;4888;100;219;0,35;47,00;52,11;3;Brazil;Latin America;"Universidade Federal do Parana";"2018-2025";"Environmental Science (miscellaneous) (Q4); Geography, Planning and Development (Q4)";"Environmental Science; Social Sciences"
336;23285;"Natures Sciences Societes";journal;"12401307, 17652979";"EDP Sciences";Yes;Yes;0,173;Q4;24;57;111;2016;44;96;0,36;35,37;38,40;2;France;Western Europe;"EDP Sciences";"1995-2026";"Multidisciplinary (Q3); Social Sciences (miscellaneous) (Q3); Agricultural and Biological Sciences (miscellaneous) (Q4); Biochemistry, Genetics and Molecular Biology (miscellaneous) (Q4); Earth and Planetary Sciences (miscellaneous) (Q4); Environmental Science (miscellaneous) (Q4)";"Agricultural and Biological Sciences; Biochemistry, Genetics and Molecular Biology; Earth and Planetary Sciences; Environmental Science; Multidisciplinary; Social Sciences"
337;18800156733;"Open Ecology Journal";journal;"18742130";"Bentham Science Publishers";Yes;No;0,173;Q4;0;0;0;0;0;0;0,00;0,00;0,00;0;United Arab Emirates;Middle East;"Bentham Science Publishers";"2009-2021";"Environmental Science (miscellaneous) (Q4)";"Environmental Science"
338;21100902551;"International Electronic Journal of Environmental Education";journal;"21460329";"";Yes;No;0,170;Q4;9;0;23;0;20;23;0,78;0,00;0,00;0;Turkey;Middle East;"";"2018-2021";"Education (Q4); Environmental Science (miscellaneous) (Q4)";"Environmental Science; Social Sciences"
339;21101065486;"Journal of Integrated Science and Technology";journal;"23214635";"ScienceIn Publishing";No;No;0,170;Q4;15;64;52;2548;86;52;1,84;39,81;42,15;0;India;Asiatic Region;"ScienceIn Publishing";"2019-2026";"Pharmacology, Toxicology and Pharmaceutics (miscellaneous) (Q3); Biochemistry, Genetics and Molecular Biology (miscellaneous) (Q4); Chemistry (miscellaneous) (Q4); Engineering (miscellaneous) (Q4); Environmental Science (miscellaneous) (Q4); Materials Science (miscellaneous) (Q4); Mathematics (miscellaneous) (Q4); Physics and Astronomy (miscellaneous) (Q4)";"Biochemistry, Genetics and Molecular Biology; Chemistry; Engineering; Environmental Science; Materials Science; Mathematics; Pharmacology, Toxicology and Pharmaceutics; Physics and Astronomy"
340;101060;"Proceedings of the Royal Society of Queensland";journal;"18392547, 0080469X";"Royal Society of Queensland";No;No;0,168;Q4;13;5;106;254;52;90;0,24;50,80;40,00;0;Australia;Pacific Region;"Royal Society of Queensland";"1978, 1982-1983, 1996, 1998-2000, 2002, 2004-2005, 2007-2011, 2013-2018, 2020-2024";"Agricultural and Biological Sciences (miscellaneous) (Q4); Environmental Science (miscellaneous) (Q4)";"Agricultural and Biological Sciences; Environmental Science"
341;19400157142;"Chiang Mai University Journal of Natural Sciences";journal;"16851994";"Chiang Mai University";No;No;0,167;Q4;19;0;228;0;176;228;0,76;0,00;0,00;0;Thailand;Asiatic Region;"Chiang Mai University";"2003, 2006, 2009-2022";"Health Professions (miscellaneous) (Q3); Multidisciplinary (Q3); Pharmacology, Toxicology and Pharmaceutics (miscellaneous) (Q3); Agricultural and Biological Sciences (miscellaneous) (Q4); Dentistry (miscellaneous) (Q4); Environmental Science (miscellaneous) (Q4); Medicine (miscellaneous) (Q4)";"Agricultural and Biological Sciences; Dentistry; Environmental Science; Health Professions; Medicine; Multidisciplinary; Pharmacology, Toxicology and Pharmaceutics"
342;19700175287;"Disaster Advances";journal;"22784543, 0974262X";"World Researchers Associations";No;No;0,166;Q4;22;80;269;2597;114;269;0,56;32,46;22,38;0;India;Asiatic Region;"World Researchers Associations";"2009-2026";"Earth and Planetary Sciences (miscellaneous) (Q4); Environmental Science (miscellaneous) (Q4); Geography, Planning and Development (Q4); Safety, Risk, Reliability and Quality (Q4)";"Earth and Planetary Sciences; Engineering; Environmental Science; Social Sciences"
343;21101016916;"Journal of Applied and Natural Science";journal;"09749411, 22315209";"Applied and Natural Science Foundation";No;No;0,166;Q4;17;200;520;7801;315;520;0,55;39,01;36,29;2;India;Asiatic Region;"Applied and Natural Science Foundation";"2019-2025";"Agricultural and Biological Sciences (miscellaneous) (Q4); Biochemistry, Genetics and Molecular Biology (miscellaneous) (Q4); Environmental Science (miscellaneous) (Q4); Immunology and Microbiology (miscellaneous)  (Q4)";"Agricultural and Biological Sciences; Biochemistry, Genetics and Molecular Biology; Environmental Science; Immunology and Microbiology"
344;21101173095;"Journal of Environmental Media";journal;"26322471, 26322463";"Intellect Ltd.";No;No;0,166;Q4;10;15;78;450;62;70;0,25;30,00;38,89;0;United Kingdom;Western Europe;"Intellect Ltd.";"2020-2026";"Visual Arts and Performing Arts (Q1); Arts and Humanities (miscellaneous) (Q3); Communication (Q3); Environmental Science (miscellaneous) (Q4)";"Arts and Humanities; Environmental Science; Social Sciences"
345;21100934558;"Journal of Nanjing Agricultural University";journal;"10002030";"Editorial Department of Journal of Nanjing Agricultural University";No;No;0,166;Q4;11;129;339;4115;208;339;0,59;31,90;38,91;0;China;Asiatic Region;"Editorial Department of Journal of Nanjing Agricultural University";"2019-2026";"Agricultural and Biological Sciences (miscellaneous) (Q4); Biochemistry, Genetics and Molecular Biology (miscellaneous) (Q4); Environmental Science (miscellaneous) (Q4)";"Agricultural and Biological Sciences; Biochemistry, Genetics and Molecular Biology; Environmental Science"
346;87707;"Biology and Environment";journal;"2009003X, 07917945";"Royal Irish Academy";No;No;0,165;Q4;32;13;50;857;26;43;0,50;65,92;48,33;3;Ireland;Western Europe;"Royal Irish Academy";"1993, 1995-2025";"Agricultural and Biological Sciences (miscellaneous) (Q4); Environmental Science (miscellaneous) (Q4)";"Agricultural and Biological Sciences; Environmental Science"
347;21101144432;"Engineering Geology and Hydrogeology";journal;"02047934, 27386996";"Geological Institute “Strashimir Dimitrov”, Bulgarian Academy of Sciences";No;No;0,165;Q4;4;9;21;309;6;20;0,21;34,33;52,63;0;Bulgaria;Eastern Europe;"Geological Institute “Strashimir Dimitrov”, Bulgarian Academy of Sciences";"2019-2025";"Earth-Surface Processes (Q4); Environmental Science (miscellaneous) (Q4); Geology (Q4); Geotechnical Engineering and Engineering Geology (Q4)";"Earth and Planetary Sciences; Environmental Science"
348;21101046689;"Revista de Geomorfologie";journal;"22856773, 14535068";"Romanian Association of Geomorphologists";Yes;Yes;0,164;Q4;3;1;18;0;11;18;0,17;0,00;0,00;0;Romania;Eastern Europe;"Romanian Association of Geomorphologists";"2019-2023";"Computers in Earth Sciences (Q4); Earth-Surface Processes (Q4); Environmental Science (miscellaneous) (Q4); Geology (Q4); Paleontology (Q4)";"Earth and Planetary Sciences; Environmental Science"
349;5700179464;"Ethics and the Environment";journal;"15355306, 10856633";"Indiana University Press";No;No;0,162;Q4;16;11;32;376;18;31;0,60;34,18;62,50;0;United States;Northern America;"Indiana University Press";"2013-2025";"Philosophy (Q2); Environmental Science (miscellaneous) (Q4)";"Arts and Humanities; Environmental Science"
350;21100902947;"Proceedings of the Pakistan Academy of Sciences: Part B";journal;"2518427X, 25184261";"Pakistan Academy of Sciences";No;No;0,162;Q4;14;74;106;2954;65;105;0,58;39,92;38,24;0;Pakistan;Asiatic Region;"Pakistan Academy of Sciences";"2016-2025";"Agricultural and Biological Sciences (miscellaneous) (Q4); Biochemistry, Genetics and Molecular Biology (miscellaneous) (Q4); Environmental Science (miscellaneous) (Q4)";"Agricultural and Biological Sciences; Biochemistry, Genetics and Molecular Biology; Environmental Science"
351;21101021750;"Journal of Siberian Federal University - Biology";journal;"23135530, 19971389";"Siberian Federal University";Yes;Yes;0,161;Q4;6;33;98;1249;53;97;0,54;37,85;67,54;0;Russian Federation;Eastern Europe;"Siberian Federal University";"2013, 2020-2025";"Agricultural and Biological Sciences (miscellaneous) (Q4); Biochemistry, Genetics and Molecular Biology (miscellaneous) (Q4); Environmental Science (miscellaneous) (Q4)";"Agricultural and Biological Sciences; Biochemistry, Genetics and Molecular Biology; Environmental Science"
352;21100897722;"Cuadernos de Geografia: Revista Colombiana de Geografia";journal;"0121215X, 22565442";"Universidad Nacional de Colombia";Yes;Yes;0,160;Q4;10;28;87;1315;45;82;0,51;46,96;51,85;0;Colombia;Latin America;"Universidad Nacional de Colombia";"2018-2025";"Earth and Planetary Sciences (miscellaneous) (Q4); Environmental Science (miscellaneous) (Q4); Geography, Planning and Development (Q4)";"Earth and Planetary Sciences; Environmental Science; Social Sciences"
353;21100894498;"Vestnik Tomskogo Gosudarstvennogo Universiteta, Biologiya";journal;"23112077, 19988591";"Tomsk State University";Yes;No;0,160;Q4;9;46;100;937;56;100;0,56;20,37;37,07;0;Russian Federation;Eastern Europe;"Tomsk State University";"2018-2025";"Agricultural and Biological Sciences (miscellaneous) (Q4); Biochemistry (Q4); Environmental Science (miscellaneous) (Q4)";"Agricultural and Biological Sciences; Biochemistry, Genetics and Molecular Biology; Environmental Science"
354;12100155635;"Anuario do Instituto de Geociencias";journal;"19823908, 01019759";"Universidade Federal do Rio de Janeiro - UFRJ";Yes;Yes;0,158;Q4;19;80;331;2903;130;327;0,37;36,29;36,14;0;Brazil;Latin America;"Universidade Federal do Rio de Janeiro - UFRJ";"2004-2026";"Development (Q4); Economic Geology (Q4); Environmental Science (miscellaneous) (Q4); Geography, Planning and Development (Q4); Geology (Q4)";"Earth and Planetary Sciences; Environmental Science; Social Sciences"
355;20993;"Environmental Geosciences";journal;"10759565, 15260984";"American Association of Petroleum Geologists";No;No;0,158;Q4;35;0;6;0;7;6;0,00;0,00;0,00;0;United States;Northern America;"American Association of Petroleum Geologists";"1995, 1998-2020";"Earth and Planetary Sciences (miscellaneous) (Q4); Environmental Science (miscellaneous) (Q4)";"Earth and Planetary Sciences; Environmental Science"
356;21100809804;"Journal of Agriculture and Environment for International Development";journal;"22402802";"Firenze University Press";Yes;Yes;0,158;Q4;14;14;32;1152;18;31;0,43;82,29;33,87;1;Italy;Western Europe;"Firenze University Press";"2016-2025";"Agricultural and Biological Sciences (miscellaneous) (Q4); Development (Q4); Environmental Science (miscellaneous) (Q4)";"Agricultural and Biological Sciences; Environmental Science; Social Sciences"
357;19192;"Natural Resources Journal";journal;"00280739";"University of New Mexico";Yes;No;0,157;Q4;33;14;36;0;20;32;0,38;0,00;30,00;0;United States;Northern America;"University of New Mexico";"1977-2025";"Law (Q3); Environmental Science (miscellaneous) (Q4)";"Environmental Science; Social Sciences"
358;21100891786;"Produccion y Limpia";journal;"23230703, 19090455";"Corporacion Universitaria Lasallista";Yes;Yes;0,157;Q4;6;22;71;703;23;65;0,33;31,95;38,46;0;Colombia;Latin America;"Corporacion Universitaria Lasallista";"2018-2025";"Environmental Science (miscellaneous) (Q4); Management, Monitoring, Policy and Law (Q4)";"Environmental Science"
359;21100205922;"ISLE Interdisciplinary Studies in Literature and Environment";journal;"10760962, 17591090";"The Association for the Study of Literature and Environment (ASLE)";No;No;0,156;Q4;19;50;200;1651;65;183;0,21;33,02;56,14;0;United States;Northern America;"The Association for the Study of Literature and Environment (ASLE)";"1993-1994, 1998-2002, 2004-2006, 2008, 2011-2025";"Literature and Literary Theory (Q1); Environmental Science (miscellaneous) (Q4)";"Arts and Humanities; Environmental Science"
360;21100205739;"Journal of Environmental Science and Management";journal;"01191144";"University of the Philippines Los Banos";No;No;0,156;Q4;17;24;66;1032;34;65;0,28;43,00;44,62;0;Philippines;Asiatic Region;"University of the Philippines Los Banos";"2011-2025";"Environmental Science (miscellaneous) (Q4)";"Environmental Science"
361;144824;"Standort";journal;"1432220X, 01743635";"Springer Science and Business Media Deutschland GmbH";No;No;0,155;Q4;8;45;78;713;22;64;0,26;15,84;41,27;1;Germany;Western Europe;"Springer Science and Business Media Deutschland GmbH";"2005-2026";"Urban Studies (Q3); Development (Q4); Earth and Planetary Sciences (miscellaneous) (Q4); Environmental Science (miscellaneous) (Q4); Geography, Planning and Development (Q4); Management, Monitoring, Policy and Law (Q4); Social Sciences (miscellaneous) (Q4)";"Earth and Planetary Sciences; Environmental Science; Social Sciences"
362;21101120452;"Korean Journal of Environmental Agriculture";journal;"22334173, 12253537";"The Korean Society of Environmental Agriculture";No;No;0,151;Q4;8;52;106;1386;50;106;0,52;26,65;36,59;0;South Korea;Asiatic Region;"The Korean Society of Environmental Agriculture";"2019-2024";"Agronomy and Crop Science (Q4); Environmental Chemistry (Q4); Environmental Science (miscellaneous) (Q4); Soil Science (Q4)";"Agricultural and Biological Sciences; Environmental Science"
363;35948;"Zhejiang Daxue Xuebao (Nongye yu Shengming Kexue Ban)/Journal of the Zhejiang University - Agriculture and Life Science";journal;"10089209";"Zhejiang University";No;No;0,151;Q4;14;54;177;2097;101;176;0,54;38,83;44,57;0;China;Asiatic Region;"Zhejiang University";"2001-2006, 2019-2025";"Agricultural and Biological Sciences (miscellaneous) (Q4); Biochemistry, Genetics and Molecular Biology (miscellaneous) (Q4); Environmental Science (miscellaneous) (Q4); Food Science (Q4); Veterinary (miscellaneous) (Q4)";"Agricultural and Biological Sciences; Biochemistry, Genetics and Molecular Biology; Environmental Science; Veterinary"
364;21101070779;"Journal of Environmental and Earth Sciences (discontinued)";journal;"26613190";"Bilingual Publishing Group";No;No;0,150;Q4;9;16;35;640;22;35;0,75;40,00;48,33;1;Singapore;Asiatic Region;"Bilingual Publishing Group";"2019-2025";"Earth and Planetary Sciences (miscellaneous) (Q4); Environmental Science (miscellaneous) (Q4); Geochemistry and Petrology (Q4); Geology (Q4); Geophysics (Q4)";"Earth and Planetary Sciences; Environmental Science"
365;21101151938;"Studia Ecologiae et Bioethicae";journal;"17331218, 2719826X";"Scientific Publishing House of the Cardinal Stefan Wyszynski University";Yes;Yes;0,150;Q4;5;35;135;1156;38;130;0,38;33,03;52,08;0;Poland;Eastern Europe;"Scientific Publishing House of the Cardinal Stefan Wyszynski University";"2019-2026";"Arts and Humanities (miscellaneous) (Q3); Philosophy (Q3); Environmental Science (miscellaneous) (Q4); Health Policy (Q4)";"Arts and Humanities; Environmental Science; Medicine"
366;145503;"Agrociencia";journal;"14053195, 25219766";"Colegio de Postgraduados";Yes;No;0,148;Q4;31;71;194;2256;71;194;0,38;31,77;27,52;0;Mexico;Latin America;"Colegio de Postgraduados";"2000-2025";"Agronomy and Crop Science (Q4); Animal Science and Zoology (Q4); Environmental Science (miscellaneous) (Q4); Plant Science (Q4)";"Agricultural and Biological Sciences; Environmental Science"
367;21101164611;"Environment, Space, Place";journal;"20689616, 20665377";"University of Minnesota Press";No;No;0,148;Q4;4;12;32;623;6;31;0,14;51,92;66,67;0;United States;Northern America;"University of Minnesota Press";"2019-2024";"Arts and Humanities (miscellaneous) (Q3); Demography (Q4); Environmental Science (miscellaneous) (Q4); Geography, Planning and Development (Q4); Sociology and Political Science (Q4)";"Arts and Humanities; Environmental Science; Social Sciences"
368;21101067386;"Revista U.D.C.A Actualidad and Divulgacion Cientifica";journal;"26192551, 01234226";"Universidad de Ciencias Aplicadas y Ambientales U.D.C.A";Yes;Yes;0,148;Q4;8;34;172;1136;65;167;0,34;33,41;38,66;1;Colombia;Latin America;"Universidad de Ciencias Aplicadas y Ambientales U.D.C.A";"2019-2025";"Agricultural and Biological Sciences (miscellaneous) (Q4); Biochemistry, Genetics and Molecular Biology (miscellaneous) (Q4); Environmental Science (miscellaneous) (Q4); Geography, Planning and Development (Q4)";"Agricultural and Biological Sciences; Biochemistry, Genetics and Molecular Biology; Environmental Science; Social Sciences"
369;21101065665;"Aguas Subterraneas";journal;"21799784, 01017004";"ABAS - Brazilian Association of Groundwater";Yes;Yes;0,146;Q4;7;21;106;665;20;106;0,22;31,67;27,08;0;Brazil;Latin America;"ABAS - Brazilian Association of Groundwater";"2019-2026";"Environmental Science (miscellaneous) (Q4); Geology (Q4); Geophysics (Q4); Geotechnical Engineering and Engineering Geology (Q4); Water Science and Technology (Q4)";"Earth and Planetary Sciences; Environmental Science"
370;21100903458;"International Journal of Geospatial and Environmental Research";journal;"23322047";"Korea-America Association for Geospatial and Environmental Sciences";Yes;No;0,145;Q4;5;2;27;30;17;27;0,33;15,00;40,00;0;United States;Northern America;"Korea-America Association for Geospatial and Environmental Sciences";"2019-2025";"Earth and Planetary Sciences (miscellaneous) (Q4); Environmental Science (miscellaneous) (Q4); Geography, Planning and Development (Q4); Information Systems (Q4)";"Computer Science; Earth and Planetary Sciences; Environmental Science; Social Sciences"
371;20000195063;"Revista em Agronegocio e Meio Ambiente";journal;"21769168, 19819951";"University Center of Maringa";Yes;Yes;0,145;Q4;10;84;292;2883;75;292;0,24;34,32;41,32;1;Brazil;Latin America;"University Center of Maringa";"2008-2025";"Agricultural and Biological Sciences (miscellaneous) (Q4); Environmental Science (miscellaneous) (Q4)";"Agricultural and Biological Sciences; Environmental Science"
372;21100808405;"Tropicultura";journal;"07713312, 22958010";"Agri Overseas";Yes;Yes;0,143;Q4;11;4;47;168;22;47;0,53;42,00;25,00;0;Belgium;Western Europe;"Agri Overseas";"2016-2024";"Agricultural and Biological Sciences (miscellaneous) (Q4); Environmental Science (miscellaneous) (Q4)";"Agricultural and Biological Sciences; Environmental Science"
373;21100258751;"International Journal of Sustainability in Economic, Social, and Cultural Context";journal;"2325114X, 23251115";"Common Ground Research Networks";No;No;0,140;Q4;8;7;33;352;9;33;0,32;50,29;30,00;0;United States;Northern America;"Common Ground Research Networks";"2013-2025";"Environmental Science (miscellaneous) (Q4); Geography, Planning and Development (Q4); Sociology and Political Science (Q4)";"Environmental Science; Social Sciences"
374;21101141648;"Iranian Journal of Health and Environment";journal;"20083718, 20082029";"Tehran University of Medical Sciences";Yes;Yes;0,137;Q4;7;48;144;1735;57;144;0,43;36,15;38,82;0;Iran;Middle East;"Tehran University of Medical Sciences";"2019-2025";"Environmental Science (miscellaneous) (Q4); Health Policy (Q4); Immunology and Allergy (Q4); Infectious Diseases (Q4)";"Environmental Science; Medicine"
375;21100211302;"Pakistan Journal of Life and Social Sciences (discontinued)";journal;"22217630, 17274915";"Elite Scientific Publications";No;No;0,137;Q4;16;72;52;2764;36;52;0,75;38,39;39,57;0;Pakistan;Asiatic Region;"Elite Scientific Publications";"2012-2025";"Agricultural and Biological Sciences (miscellaneous) (Q4); Biochemistry, Genetics and Molecular Biology (miscellaneous) (Q4); Environmental Science (miscellaneous) (Q4); Medicine (miscellaneous) (Q4); Social Sciences (miscellaneous) (Q4)";"Agricultural and Biological Sciences; Biochemistry, Genetics and Molecular Biology; Environmental Science; Medicine; Social Sciences"
376;5300152224;"Research Journal of Chemistry and Environment";journal;"22784527, 09720626";"World Researchers Associations";No;No;0,137;Q4;26;211;866;7090;276;866;0,30;33,60;34,51;0;India;Asiatic Region;"World Researchers Associations";"2007-2026";"Agricultural and Biological Sciences (miscellaneous) (Q4); Biochemistry (Q4); Chemical Engineering (miscellaneous) (Q4); Chemistry (miscellaneous) (Q4); Earth and Planetary Sciences (miscellaneous) (Q4); Environmental Science (miscellaneous) (Q4); Renewable Energy, Sustainability and the Environment (Q4)";"Agricultural and Biological Sciences; Biochemistry, Genetics and Molecular Biology; Chemical Engineering; Chemistry; Earth and Planetary Sciences; Energy; Environmental Science"
377;21101101853;"Vietnam Journal of Science and Technology";journal;"25252518, 28155874";"Publishing House of Natural Science and Technology, VAST";No;No;0,137;Q4;9;87;241;2493;94;241;0,29;28,66;26,56;0;Viet Nam;Asiatic Region;"Publishing House of Natural Science and Technology, VAST";"2019-2025";"Chemistry (miscellaneous) (Q4); Environmental Science (miscellaneous) (Q4)";"Chemistry; Environmental Science"
378;21100201540;"Economia Agraria y Recursos Naturales";journal;"15780732, 21747350";"Universidad Politecnica de Valencia";Yes;Yes;0,136;Q4;16;12;37;804;16;37;0,36;67,00;35,29;0;Spain;Western Europe;"Universidad Politecnica de Valencia";"2001, 2004, 2011-2025";"Agricultural and Biological Sciences (miscellaneous) (Q4); Environmental Science (miscellaneous) (Q4); Geography, Planning and Development (Q4)";"Agricultural and Biological Sciences; Environmental Science; Social Sciences"
379;27636;"Cartographic Perspectives";journal;"10489053";"NACIS (North American Cartographic Information Society)";No;No;0,133;Q4;21;10;28;302;16;21;0,53;30,20;20,00;0;United States;Northern America;"NACIS (North American Cartographic Information Society)";"1990-1992, 1996, 2005-2025";"Earth and Planetary Sciences (miscellaneous) (Q4); Environmental Science (miscellaneous) (Q4)";"Earth and Planetary Sciences; Environmental Science"
380;21101160716;"Plant Protection Bulletin (Turkey)";journal;"13088122, 04063597";"Plant Protection Central Research Institute";No;No;0,133;Q4;4;20;20;833;9;20;0,45;41,65;32,73;0;Turkey;Middle East;"Plant Protection Central Research Institute";"2022-2025";"Agricultural and Biological Sciences (miscellaneous) (Q4); Environmental Science (miscellaneous) (Q4); Health, Toxicology and Mutagenesis (Q4); Insect Science (Q4); Molecular Biology (Q4); Toxicology (Q4)";"Agricultural and Biological Sciences; Biochemistry, Genetics and Molecular Biology; Environmental Science; Pharmacology, Toxicology and Pharmaceutics"
381;7200153148;"Revista Brasileira de Gestao e Desenvolvimento Regional";journal;"1809239X";"Universidade de Taubate";Yes;No;0,132;Q4;10;61;161;2294;46;149;0,24;37,61;37,11;0;Brazil;Latin America;"Universidade de Taubate";"2007-2026";"Environmental Science (miscellaneous) (Q4); Geography, Planning and Development (Q4); Sociology and Political Science (Q4); Urban Studies (Q4)";"Environmental Science; Social Sciences"
382;21100197359;"Comunicacoes Geologicas";journal;"0873948X, 1647581X";"Laboratorio Nacional de Energia e Geologia";No;No;0,130;Q4;21;10;123;288;35;120;0,30;28,80;31,58;0;Portugal;Western Europe;"Laboratorio Nacional de Energia e Geologia";"2007-2025";"Earth and Planetary Sciences (miscellaneous) (Q4); Environmental Science (miscellaneous) (Q4); Renewable Energy, Sustainability and the Environment (Q4)";"Earth and Planetary Sciences; Energy; Environmental Science"
383;21101089397;"Ecosystem Transformation";journal;"26190931, 2619094X";"Cherepovets State University";Yes;Yes;0,128;Q4;4;37;57;1327;14;57;0,23;35,86;67,37;0;Russian Federation;Eastern Europe;"Cherepovets State University";"2019-2025";"Ecology (Q4); Environmental Science (miscellaneous) (Q4); Pollution (Q4); Water Science and Technology (Q4)";"Environmental Science"
384;64631;"Cientifica";journal;"01000039, 19845529";"Universidade Estadual Paulista (UNESP)";No;Yes;0,125;Q4;6;10;71;431;19;71;0,40;43,10;32,26;0;Brazil;Latin America;"Universidade Estadual Paulista (UNESP)";"1981-1982, 2018-2025";"Agricultural and Biological Sciences (miscellaneous) (Q4); Environmental Science (miscellaneous) (Q4)";"Agricultural and Biological Sciences; Environmental Science"
385;21100266696;"International Journal of Environmental Sustainability";journal;"23251077, 23251085";"Common Ground Research Networks";No;No;0,124;Q4;9;4;29;223;8;29;0,30;55,75;44,44;0;United States;Northern America;"Common Ground Research Networks";"2012-2025";"Environmental Science (miscellaneous) (Q4); Renewable Energy, Sustainability and the Environment (Q4)";"Energy; Environmental Science"
386;19600157204;"Studia Universitatis Vasile Goldis Arad, Seria Stiintele Vietii";journal;"18427863, 15842363";"Universitatea de Vest Vasile Goldis din Arad";Yes;Yes;0,122;Q4;12;8;58;257;10;57;0,14;32,13;57,69;0;Romania;Eastern Europe;"Universitatea de Vest Vasile Goldis din Arad";"2009-2025";"Agricultural and Biological Sciences (miscellaneous) (Q4); Biochemistry, Genetics and Molecular Biology (miscellaneous) (Q4); Environmental Science (miscellaneous) (Q4); Medicine (miscellaneous) (Q4)";"Agricultural and Biological Sciences; Biochemistry, Genetics and Molecular Biology; Environmental Science; Medicine"
387;21100464746;"Fronteiras";journal;"22388869";"Centro Universitario de Anapolis";Yes;Yes;0,121;Q4;10;61;206;2672;52;198;0,20;43,80;46,99;0;Brazil;Latin America;"Centro Universitario de Anapolis";"2015-2025";"Environmental Science (miscellaneous) (Q4); Social Sciences (miscellaneous) (Q4)";"Environmental Science; Social Sciences"
388;8000153105;"International Journal of Environment and Health";journal;"17434963, 17434955";"Inderscience Enterprises Ltd";No;No;0,121;Q4;19;4;17;218;4;16;0,00;54,50;40,00;0;United Kingdom;Western Europe;"Inderscience Enterprises Ltd";"2007-2021, 2023-2024";"Business, Management and Accounting (miscellaneous) (Q4); Environmental Science (miscellaneous) (Q4); Public Health, Environmental and Occupational Health (Q4)";"Business, Management and Accounting; Environmental Science; Medicine"
389;21101096350;"International Journal of Environmental Sciences (India) (discontinued)";journal;"09764402, 22297359";"Academic Science Publications and Distributions";No;No;0,120;Q4;5;10;13;298;4;13;0,50;29,80;41,38;0;India;Asiatic Region;"Academic Science Publications and Distributions";"2020-2024";"Ecology, Evolution, Behavior and Systematics (Q4); Environmental Science (miscellaneous) (Q4); Geology (Q4)";"Agricultural and Biological Sciences; Earth and Planetary Sciences; Environmental Science"
390;5100152918;"Jeoloji Muhendisligi Dergisi";journal;"10169172";"TMMOB Chamber of Geological Engineers";Yes;No;0,120;Q4;10;10;34;283;9;34;0,19;28,30;12,50;0;Turkey;Middle East;"TMMOB Chamber of Geological Engineers";"2005-2023, 2025";"Earth and Planetary Sciences (miscellaneous) (Q4); Environmental Science (miscellaneous) (Q4)";"Earth and Planetary Sciences; Environmental Science"
391;33154;"Journal of Architectural and Planning Research";journal;"07380895";"Locke Science Publishing Company Inc.";No;No;0,119;Q4;36;0;6;0;1;6;0,17;0,00;0,00;0;United States;Northern America;"Locke Science Publishing Company Inc.";"1984-2019, 2022";"Architecture (Q4); Environmental Science (miscellaneous) (Q4); Geography, Planning and Development (Q4); Urban Studies (Q4)";"Engineering; Environmental Science; Social Sciences"
392;95801;"Naturschutz und Landschaftsplanung";journal;"09406808, 18695191";"Verlag Eugen Ulmer";No;No;0,118;Q4;15;102;329;79;27;168;0,10;0,77;25,77;0;Germany;Western Europe;"Verlag Eugen Ulmer";"1995-2025";"Ecology (Q4); Environmental Science (miscellaneous) (Q4)";"Environmental Science"
393;21101140508;"International Journal of Experimental Research and Review (discontinued)";journal;"24554855";"";No;No;0,117;Q4;11;169;66;5791;30;66;0,55;34,27;36,63;0;India;Asiatic Region;"";"2019-2024";"Agricultural and Biological Sciences (miscellaneous) (Q4); Animal Science and Zoology (Q4); Ecology, Evolution, Behavior and Systematics (Q4); Environmental Science (miscellaneous) (Q4); Health, Toxicology and Mutagenesis (Q4); Multidisciplinary (Q4); Plant Science (Q4)";"Agricultural and Biological Sciences; Environmental Science; Multidisciplinary"
394;21101049617;"International Review of Environmental History";journal;"22053212, 22053204";"ANU Press";Yes;Yes;0,117;Q4;5;16;48;1146;15;42;0,44;71,63;37,50;2;Australia;Pacific Region;"ANU Press";"2019-2025";"History (Q3); Environmental Science (miscellaneous) (Q4)";"Arts and Humanities; Environmental Science"
395;21101042007;"Studia Universitatis Babes-Bolyai Biologia";journal;"12218103, 20659512";"Babes-Bolyai University";Yes;Yes;0,116;Q4;4;10;61;480;9;59;0,12;48,00;46,88;1;Romania;Eastern Europe;"Babes-Bolyai University";"2019-2025";"Biochemistry, Genetics and Molecular Biology (miscellaneous) (Q4); Cell Biology (Q4); Ecology (Q4); Environmental Science (miscellaneous) (Q4)";"Biochemistry, Genetics and Molecular Biology; Environmental Science"
396;22688;"Indian Journal of Environmental Protection";journal;"02537141";"Kalpana Corporation";No;No;0,115;Q4;22;150;619;5175;63;619;0,09;34,50;38,89;1;India;Asiatic Region;"Kalpana Corporation";"1981-1990, 2000-2025";"Environmental Science (miscellaneous) (Q4)";"Environmental Science"
397;21100840936;"Revista Luna Azul";journal;"19092474, 01225391";"Universidad de Caldas";Yes;No;0,114;Q4;8;20;63;682;15;62;0,14;34,10;39,39;0;Colombia;Latin America;"Universidad de Caldas";"2017-2025";"Education (Q4); Environmental Science (miscellaneous) (Q4)";"Environmental Science; Social Sciences"
398;21101123952;"Food Studies";journal;"21601933, 21601941";"Common Ground Research Networks";No;No;0,110;Q4;5;4;35;202;8;34;0,08;50,50;62,50;0;United States;Northern America;"Common Ground Research Networks";"2019-2025";"Cultural Studies (Q4); Environmental Science (miscellaneous) (Q4); Food Science (Q4); Nutrition and Dietetics (Q4); Public Health, Environmental and Occupational Health (Q4)";"Agricultural and Biological Sciences; Environmental Science; Medicine; Nursing; Social Sciences"
399;21101169872;"International Research Journal of Multidisciplinary Technovation";journal;"25821040";"Asian Research Association";No;No;0,110;Q4;10;21;79;788;19;78;0,17;37,52;7,89;0;India;Asiatic Region;"Asian Research Association";"2019-2026";"Engineering (miscellaneous) (Q4); Environmental Science (miscellaneous) (Q4); Materials Science (miscellaneous) (Q4)";"Engineering; Environmental Science; Materials Science"
400;21100825858;"Relations. Beyond Anthropocentrism";journal;"22833196, 22809643";"LED Edizioni Universitarie";Yes;Yes;0,110;Q4;7;11;25;273;6;25;0,22;24,82;33,33;0;Italy;Western Europe;"LED Edizioni Universitarie";"2017-2024";"Philosophy (Q3); Ecology (Q4); Environmental Science (miscellaneous) (Q4); Management, Monitoring, Policy and Law (Q4)";"Arts and Humanities; Environmental Science"
401;21101048987;"Earozoru Kenkyu";journal;"1881543X, 09122834";"Japan Association of Aerosol Science and Technology";No;No;0,109;Q4;3;29;98;668;6;79;0,08;23,03;23,88;0;Japan;Asiatic Region;"Japan Association of Aerosol Science and Technology";"2019-2025";"Environmental Chemistry (Q4); Environmental Science (miscellaneous) (Q4); Materials Science (miscellaneous) (Q4); Pollution (Q4)";"Environmental Science; Materials Science"
402;25243;"Renewable Resources Journal";journal;"07386532";"Renewable Natural Resources Foundation";Yes;No;0,107;Q4;11;0;58;0;7;56;0,05;0,00;0,00;0;United States;Northern America;"Renewable Natural Resources Foundation";"1993-2011, 2014-2022";"Environmental Science (miscellaneous) (Q4); Renewable Energy, Sustainability and the Environment (Q4)";"Energy; Environmental Science"
403;51442;"CONCAWE Reports";journal;"01660810";"Concawe";No;No;0,105;Q4;6;12;27;539;2;27;0,07;44,92;22,22;0;Belgium;Western Europe;"Concawe";"1999-2019, 2021-2025";"Energy (miscellaneous) (Q4); Environmental Science (miscellaneous) (Q4); Process Chemistry and Technology (Q4); Safety, Risk, Reliability and Quality (Q4)";"Chemical Engineering; Energy; Engineering; Environmental Science"
404;37857;"Humans and Nature";journal;"09181725";"Museum of Nature and Human Activities";No;No;0,105;Q4;6;9;17;164;3;16;0,18;18,22;16,67;0;Japan;Asiatic Region;"Museum of Nature and Human Activities";"1993-2003, 2005-2010, 2013-2019, 2021-2026";"Environmental Science (miscellaneous) (Q4)";"Environmental Science"
405;21101152859;"Revista Kawsaypacha: Sociedad y Medio Ambiente";journal;"27093689, 25232894";"Pontificia Universidad Catolica del Peru";Yes;Yes;0,105;Q4;4;25;50;848;8;44;0,19;33,92;32,43;0;Peru;Latin America;"Pontificia Universidad Catolica del Peru";"2019-2025";"Cultural Studies (Q4); Ecology (Q4); Environmental Science (miscellaneous) (Q4); Management, Monitoring, Policy and Law (Q4); Nature and Landscape Conservation (Q4)";"Environmental Science; Social Sciences"
406;17311;"Natur und Recht";journal;"14390515, 01721631";"Springer Science and Business Media Deutschland GmbH";No;No;0,103;Q4;9;44;196;0;25;104;0,09;0,00;23,08;4;Germany;Western Europe;"Springer Science and Business Media Deutschland GmbH";"1980, 1997-1998, 2004-2026";"Agricultural and Biological Sciences (miscellaneous) (Q4); Environmental Science (miscellaneous) (Q4)";"Agricultural and Biological Sciences; Environmental Science"
407;21100220342;"Studies in Regional Science";journal;"02876256, 18806465";"Japan Section of the Regional Science Association International";No;No;0,103;Q4;14;13;57;207;4;57;0,05;15,92;23,08;0;Japan;Asiatic Region;"Japan Section of the Regional Science Association International";"1970-2025";"Environmental Science (miscellaneous) (Q4); Social Sciences (miscellaneous) (Q4)";"Environmental Science; Social Sciences"
408;21101165610;"Advanced Energy and Sustainability Research";journal;"26999412";"Wiley-VCH Verlag";Yes;No;;-;48;119;304;9472;1915;301;6,33;79,60;30,56;0;United States;Northern America;"Wiley-VCH Verlag";"2020-2026";"Ecology; Energy Engineering and Power Technology; Environmental Science (miscellaneous); Waste Management and Disposal";"Energy; Environmental Science"
409;21101323221;"Advanced Technologies";journal;"24063037, 24062979";"University of Nis";No;No;;-;5;17;38;576;22;38;0,58;33,88;57,83;0;Serbia;Eastern Europe;"University of Nis";"2021-2025";"Chemical Engineering (miscellaneous); Chemistry (miscellaneous); Environmental Science (miscellaneous); Materials Science (miscellaneous)";"Chemical Engineering; Chemistry; Environmental Science; Materials Science"
410;21101342513;"Advances in Environmental and Engineering Research";journal;"27666190";"LIDSEN Publishing Inc";No;No;;-;11;55;95;3250;86;93;0,91;59,09;40,38;1;United States;Northern America;"LIDSEN Publishing Inc";"2021-2026";"Ecology; Engineering (miscellaneous); Environmental Science (miscellaneous); Management, Monitoring, Policy and Law";"Engineering; Environmental Science"
411;21101347331;"Agrochemicals";journal;"28133145";"Multidisciplinary Digital Publishing Institute (MDPI)";Yes;No;;-;10;34;5;2858;9;4;1,80;84,06;41,79;0;Switzerland;Western Europe;"Multidisciplinary Digital Publishing Institute (MDPI)";"2022-2025";"Agricultural and Biological Sciences (miscellaneous); Chemistry (miscellaneous); Environmental Science (miscellaneous)";"Agricultural and Biological Sciences; Chemistry; Environmental Science"
412;21101283170;"Annals of the Polish Association of Agricultural and Agribusiness Economists";journal;"26577828, 2657781X";"Association of Agricultural and Agribusiness Economists";Yes;No;;-;5;92;62;2221;23;62;0,37;24,14;55,48;0;Poland;Eastern Europe;"Association of Agricultural and Agribusiness Economists";"2022-2025";"Agricultural and Biological Sciences (miscellaneous); Economics, Econometrics and Finance (miscellaneous); Environmental Science (miscellaneous)";"Agricultural and Biological Sciences; Economics, Econometrics and Finance; Environmental Science"
413;21101334494;"Annals of Tropical Research";journal;"01160710, 27043541";"Visayas State University";Yes;No;;-;3;17;38;550;3;38;0,08;32,35;43,33;0;Philippines;Asiatic Region;"Visayas State University";"2021-2025";"Agricultural and Biological Sciences (miscellaneous); Environmental Science (miscellaneous); Food Science; Social Sciences (miscellaneous)";"Agricultural and Biological Sciences; Environmental Science; Social Sciences"
414;21101270281;"Cambridge Prisms: Coastal Futures";journal;"27547205";"Cambridge University Press";Yes;No;;-;11;30;0;3730;0;0;0,00;124,33;49,41;5;United Kingdom;Western Europe;"Cambridge University Press";"2023-2026";"Ecology; Environmental Science (miscellaneous); Law";"Environmental Science; Social Sciences"
415;21101293208;"Cambridge Prisms: Plastics";journal;"2755094X";"Cambridge University Press";Yes;No;;-;13;22;0;1927;0;0;0,00;87,59;67,19;4;United Kingdom;Western Europe;"Cambridge University Press";"2023-2026";"Ecology; Environmental Chemistry; Environmental Science (miscellaneous); Health, Toxicology and Mutagenesis";"Environmental Science"
416;21101303338;"Carbon Footprints";journal;"2831932X";"OAE Publishing Inc.";No;No;;-;11;18;8;1567;34;6;4,25;87,06;32,39;2;United States;Northern America;"OAE Publishing Inc.";"2022-2025";"Environmental Science (miscellaneous)";"Environmental Science"
417;96415;"Carsologica Sinica";journal;"10014810";"Institute of Karst Geology of Chinese Academy of Geology Sciences";Yes;No;;-;14;119;311;3975;372;311;1,10;33,40;35,42;0;China;Asiatic Region;"Institute of Karst Geology of Chinese Academy of Geology Sciences";"1982, 1986, 2019-2025";"Environmental Science (miscellaneous); Nature and Landscape Conservation; Stratigraphy; Water Science and Technology";"Earth and Planetary Sciences; Environmental Science"
418;21101149540;"Catrina -The International Journal of Environmental Sciences";journal;"20902786, 16875052";"Egyptian Society for Environmental Science";No;No;;-;8;16;34;1059;9;34;0,26;66,19;58,62;0;Egypt;Africa/Middle East;"Egyptian Society for Environmental Science";"2006-2025";"Environmental Science (miscellaneous)";"Environmental Science"
419;21101294612;"China Rural Water and Hydropower";journal;"10072284";"Editorial Office Of China Rural Water And Hydropower";No;No;;-;10;466;851;10046;412;851;0,48;21,56;31,97;0;China;Asiatic Region;"Editorial Office Of China Rural Water And Hydropower";"2021-2026";"Earth and Planetary Sciences (miscellaneous); Engineering (miscellaneous); Environmental Science (miscellaneous); Water Science and Technology";"Earth and Planetary Sciences; Engineering; Environmental Science"
420;21101186887;"Chinese Journal of Geological Hazard and Control";journal;"10038035";"";Yes;No;;-;17;97;302;2381;467;302;1,83;24,55;29,20;0;China;Asiatic Region;"";"2019-2026";"Environmental Engineering; Environmental Science (miscellaneous)";"Environmental Science"
421;21101194311;"Cleaner and Circular Bioeconomy";journal;"27728013";"Elsevier B.V.";Yes;No;;-;18;32;31;2231;129;30;4,16;69,72;32,21;2;Netherlands;Western Europe;"Elsevier B.V.";"2022-2026";"Economics and Econometrics; Environmental Science (miscellaneous); Finance";"Economics, Econometrics and Finance; Environmental Science"
422;21101267700;"Climate Resilience and Sustainability";journal;"26924587";"John Wiley and Sons Ltd";Yes;No;;-;13;9;23;978;97;21;4,22;108,67;33,33;5;United Kingdom;Western Europe;"John Wiley and Sons Ltd";"2022-2026";"Environmental Science (miscellaneous)";"Environmental Science"
423;21101314563;"Coasts";journal;"2673964X";"Multidisciplinary Digital Publishing Institute (MDPI)";Yes;No;;-;10;25;23;1529;30;23;1,30;61,16;34,83;0;Switzerland;Western Europe;"Multidisciplinary Digital Publishing Institute (MDPI)";"2021-2025";"Energy (miscellaneous); Environmental Science (miscellaneous)";"Energy; Environmental Science"
424;21101307616;"Comparative Immunology Reports";journal;"29503116";"Elsevier Ltd";Yes;No;;-;17;43;64;2630;128;63;2,06;61,16;38,67;1;United Kingdom;Western Europe;"Elsevier Ltd";"2024-2026";"Environmental Science (miscellaneous); Immunology";"Environmental Science; Immunology and Microbiology"
425;21101240663;"Conservation";journal;"26737159";"Multidisciplinary Digital Publishing Institute (MDPI)";Yes;No;;-;14;36;73;2633;145;71;1,99;73,14;37,65;1;Switzerland;Western Europe;"Multidisciplinary Digital Publishing Institute (MDPI)";"2021-2025";"Agricultural and Biological Sciences (miscellaneous); Environmental Science (miscellaneous); Nature and Landscape Conservation";"Agricultural and Biological Sciences; Environmental Science"
426;21101240286;"Construction Materials";journal;"26737108";"Multidisciplinary Digital Publishing Institute (MDPI)";Yes;No;;-;11;34;32;1644;80;31;2,50;48,35;21,74;0;Switzerland;Western Europe;"Multidisciplinary Digital Publishing Institute (MDPI)";"2021-2025";"Building and Construction; Engineering (miscellaneous); Environmental Science (miscellaneous); Materials Science (miscellaneous)";"Engineering; Environmental Science; Materials Science"
427;21101255617;"Crops";journal;"26737655";"Multidisciplinary Digital Publishing Institute (MDPI)";Yes;No;;-;12;28;49;1121;86;48;1,76;40,04;23,77;1;Switzerland;Western Europe;"Multidisciplinary Digital Publishing Institute (MDPI)";"2021-2025";"Agronomy and Crop Science; Biochemistry, Genetics and Molecular Biology (miscellaneous); Environmental Science (miscellaneous)";"Agricultural and Biological Sciences; Biochemistry, Genetics and Molecular Biology; Environmental Science"
428;21101308310;"CTU Journal of Innovation and Sustainable Development";journal;"25881418, 28156412";"Can Tho University";Yes;No;;-;5;57;92;1507;29;92;0,32;26,44;23,30;0;Viet Nam;Asiatic Region;"Can Tho University";"2021-2025";"Business, Management and Accounting (miscellaneous); Energy (miscellaneous); Environmental Science (miscellaneous)";"Business, Management and Accounting; Energy; Environmental Science"
429;21101207446;"Discover Applied Sciences";journal;"30049261";"Springer Nature";Yes;No;;-;90;362;3348;15579;11209;3344;3,42;43,04;25,97;7;Switzerland;Western Europe;"Springer Nature";"2024-2026";"Chemical Engineering (miscellaneous); Earth and Planetary Sciences (miscellaneous); Engineering (miscellaneous); Environmental Science (miscellaneous); Materials Science (miscellaneous); Physics and Astronomy (miscellaneous)";"Chemical Engineering; Earth and Planetary Sciences; Engineering; Environmental Science; Materials Science; Physics and Astronomy"
430;21101223503;"Ecologia Aplicada";journal;"19939507, 17262216";"Universidad Nacional Agraria La Molina";No;Yes;;-;5;19;47;771;21;47;0,39;40,58;24,44;1;Peru;Latin America;"Universidad Nacional Agraria La Molina";"2020-2026";"Agricultural and Biological Sciences (miscellaneous); Ecology; Environmental Science (miscellaneous)";"Agricultural and Biological Sciences; Environmental Science"
431;21101149370;"Egyptian Journal of Occupational Medicine";journal;"2357058X, 11101881";"The Egyptian Society of Industrial Medicine";No;No;;-;4;24;44;727;15;44;0,34;30,29;87,23;0;Egypt;Africa/Middle East;"The Egyptian Society of Industrial Medicine";"2007-2026";"Environmental Science (miscellaneous); Health, Toxicology and Mutagenesis; Public Health, Environmental and Occupational Health; Water Science and Technology";"Environmental Science; Medicine"
432;21101221558;"Environment and Health";journal;"28338278";"American Chemical Society";Yes;No;;-;16;41;0;2702;0;0;0,00;65,90;43,30;4;United States;Northern America;"American Chemical Society";"2023-2026";"Environmental Science (miscellaneous); Health, Toxicology and Mutagenesis; Pollution";"Environmental Science"
433;21101274527;"Environment and Water Engineering";journal;"24763683";"Iranian Rainwater Catchment Systems Association";Yes;No;;-;6;40;170;1041;40;170;0,20;26,03;20,75;0;Iran;Middle East;"Iranian Rainwater Catchment Systems Association";"2020-2026";"Environmental Engineering; Environmental Science (miscellaneous); Water Science and Technology";"Environmental Science"
434;21101214769;"Environment Conservation Journal";journal;"09723099, 22785124";"";Yes;No;;-;8;171;202;5269;71;202;0,35;30,81;33,86;0;India;Asiatic Region;"";"2021-2025";"Environmental Science (miscellaneous); Nature and Landscape Conservation";"Environmental Science"
435;21101280286;"Environmental Data Science";journal;"26344602";"Cambridge University Press";Yes;No;;-;11;44;30;1829;68;28;2,27;41,57;23,89;4;United Kingdom;Western Europe;"Cambridge University Press";"2022-2026";"Artificial Intelligence; Environmental Science (miscellaneous); Global and Planetary Change; Statistics and Probability";"Computer Science; Environmental Science; Mathematics"
436;21101274715;"Environmental Problems";journal;"25224417, 24145955";"Lviv Polytechnic National University";Yes;Yes;;-;4;34;71;645;18;71;0,25;18,97;50,00;0;Ukraine;Eastern Europe;"Lviv Polytechnic National University";"2021-2025";"Environmental Science (miscellaneous)";"Environmental Science"
437;21101287773;"Environmental Research: Climate";journal;"27525295";"Institute of Physics";Yes;No;;-;18;70;31;4717;141;31;4,55;67,39;38,14;16;United Kingdom;Western Europe;"Institute of Physics";"2022-2026";"Environmental Science (miscellaneous); Global and Planetary Change";"Environmental Science"
438;21101194987;"Environmental Research: Infrastructure and Sustainability";journal;"26344505";"Institute of Physics";Yes;No;;-;22;62;94;4154;270;91;2,87;67,00;43,32;13;United Kingdom;Western Europe;"Institute of Physics";"2021-2026";"Environmental Engineering; Environmental Science (miscellaneous); Geography, Planning and Development; Renewable Energy, Sustainability and the Environment";"Energy; Environmental Science; Social Sciences"
439;21101266013;"Environmental Resources Research";journal;"27834832, 27834670";"Gorgan University of Agricultural Sciences and Natural Resources";Yes;Yes;;-;5;24;62;910;18;62;0,23;37,92;28,13;0;Iran;Middle East;"Gorgan University of Agricultural Sciences and Natural Resources";"2020-2025";"Environmental Engineering; Environmental Science (miscellaneous); Nature and Landscape Conservation; Waste Management and Disposal";"Environmental Science"
440;21101215111;"Environmental Systems Research";journal;"21932697";"Springer Medizin";Yes;No;;-;40;34;103;2375;598;103;4,42;69,85;21,78;2;Germany;Western Europe;"Springer Medizin";"2012-2026";"Ecological Modeling; Environmental Science (miscellaneous); Materials Science (miscellaneous)";"Environmental Science; Materials Science"
441;21101271729;"European Journal of Sustainable Development Research";journal;"25424742";"Modestum";No;No;;-;9;38;29;2077;41;29;1,41;54,66;18,42;3;Serbia;Eastern Europe;"Modestum";"2022-2026";"Environmental Science (miscellaneous); Geography, Planning and Development; Management, Monitoring, Policy and Law; Pollution; Renewable Energy, Sustainability and the Environment";"Energy; Environmental Science; Social Sciences"
442;21101176729;"Forum Geografi";journal;"24603945, 08520682";"Muhammadiyah University of Surakarta";Yes;No;;-;9;17;0;814;0;0;0,00;47,88;31,25;0;Indonesia;Asiatic Region;"Muhammadiyah University of Surakarta";"2023-2025";"Environmental Science (miscellaneous); Geography, Planning and Development";"Environmental Science; Social Sciences"
443;21101339713;"Frontiers in Environmental Economics";journal;"28132823";"Frontiers Media SA";Yes;No;;-;7;25;8;1211;16;7;2,00;48,44;27,78;2;Switzerland;Western Europe;"Frontiers Media SA";"2022-2026";"Economics and Econometrics; Environmental Science (miscellaneous); Renewable Energy, Sustainability and the Environment";"Economics, Econometrics and Finance; Energy; Environmental Science"
444;21101388282;"Frontiers in Environmental Health";journal;"2813558X";"Frontiers Media SA";Yes;No;;-;5;13;0;699;0;0;0,00;53,77;50,00;2;Switzerland;Western Europe;"Frontiers Media SA";"2023-2026";"Environmental Science (miscellaneous); Epidemiology; Health (social science); Public Health, Environmental and Occupational Health";"Environmental Science; Medicine; Social Sciences"
445;21101315873;"Frontiers in Sustainable Tourism";journal;"28132815";"Frontiers Media SA";Yes;No;;-;6;28;5;1719;3;3;0,60;61,39;60,00;1;Switzerland;Western Europe;"Frontiers Media SA";"2022-2026";"Environmental Science (miscellaneous); Management Information Systems";"Business, Management and Accounting; Environmental Science"
446;21101268333;"Gases";journal;"26735628";"Multidisciplinary Digital Publishing Institute (MDPI)";Yes;No;;-;11;13;23;648;47;22;2,04;49,85;26,83;2;Switzerland;Western Europe;"Multidisciplinary Digital Publishing Institute (MDPI)";"2021-2025";"Chemical Engineering (miscellaneous); Energy (miscellaneous); Environmental Science (miscellaneous)";"Chemical Engineering; Energy; Environmental Science"
447;21101226034;"Geographical Environment and Living Systems";journal;"27127621";"State University of Education";Yes;No;;-;4;46;96;789;27;96;0,29;17,15;50,00;0;Russian Federation;Eastern Europe;"State University of Education";"2020-2025";"Ecological Modeling; Ecology; Environmental Science (miscellaneous); Nature and Landscape Conservation";"Environmental Science"
448;21101196048;"Geographies";journal;"26737086";"Multidisciplinary Digital Publishing Institute (MDPI)";Yes;No;;-;14;43;67;2638;111;64;1,66;61,35;27,97;0;Switzerland;Western Europe;"Multidisciplinary Digital Publishing Institute (MDPI)";"2021-2025";"Agricultural and Biological Sciences (miscellaneous); Environmental Science (miscellaneous); Geography, Planning and Development; Social Sciences (miscellaneous)";"Agricultural and Biological Sciences; Environmental Science; Social Sciences"
449;21101201903;"GeoHazards";journal;"2624795X";"Multidisciplinary Digital Publishing Institute (MDPI)";Yes;No;;-;13;29;57;1386;96;55;1,67;47,79;25,00;0;Switzerland;Western Europe;"Multidisciplinary Digital Publishing Institute (MDPI)";"2020-2025";"Environmental Science (miscellaneous)";"Environmental Science"
450;21101268328;"Geomatics";journal;"26737418";"Multidisciplinary Digital Publishing Institute (MDPI)";Yes;No;;-;16;30;56;2028;128;54;2,29;67,60;25,00;0;Switzerland;Western Europe;"Multidisciplinary Digital Publishing Institute (MDPI)";"2021-2025";"Earth and Planetary Sciences (miscellaneous); Engineering (miscellaneous); Environmental Science (miscellaneous)";"Earth and Planetary Sciences; Engineering; Environmental Science"
451;21101268321;"Geotechnics";journal;"26737094";"Multidisciplinary Digital Publishing Institute (MDPI)";Yes;No;;-;17;71;78;3857;205;77;2,63;54,32;18,62;1;Switzerland;Western Europe;"Multidisciplinary Digital Publishing Institute (MDPI)";"2021-2025";"Engineering (miscellaneous); Environmental Science (miscellaneous); Geotechnical Engineering and Engineering Geology";"Earth and Planetary Sciences; Engineering; Environmental Science"
452;21101226632;"Grassroots Journal of Natural Resources (discontinued)";journal;"25816853";"Grassroots Institute";No;No;;-;5;16;25;772;3;25;0,12;48,25;45,45;0;Canada;Northern America;"Grassroots Institute";"2022-2025";"Agricultural and Biological Sciences (miscellaneous); Ecology; Environmental Chemistry; Environmental Engineering; Environmental Science (miscellaneous); Law";"Agricultural and Biological Sciences; Environmental Science; Social Sciences"
453;21101393713;"Green and Low-Carbon Economy";journal;"29723787";"Bon View Publishing Pte Ltd";No;No;;-;14;18;0;573;0;0;0,00;31,83;33,33;0;Singapore;Asiatic Region;"Bon View Publishing Pte Ltd";"2023-2026";"Economics, Econometrics and Finance (miscellaneous); Environmental Chemistry; Environmental Engineering; Environmental Science (miscellaneous); Renewable Energy, Sustainability and the Environment";"Economics, Econometrics and Finance; Energy; Environmental Science"
454;21101226474;"Green Energy and Resources";journal;"29497205";"Elsevier B.V.";Yes;No;;-;18;29;0;2430;0;0;0,00;83,79;29,19;0;Netherlands;Western Europe;"Elsevier B.V.";"2023-2026";"Environmental Science (miscellaneous); Renewable Energy, Sustainability and the Environment";"Energy; Environmental Science"
455;21101248690;"Green Technologies and Sustainability";journal;"29497361";"KeAi Communications Co.";Yes;No;;-;22;22;0;1608;0;0;0,00;73,09;23,61;3;China;Asiatic Region;"KeAi Communications Co.";"2023-2026";"Ecology; Energy (miscellaneous); Engineering (miscellaneous); Environmental Science (miscellaneous); Renewable Energy, Sustainability and the Environment";"Energy; Engineering; Environmental Science"
456;21101222992;"Holistic Approach to Environment";journal;"18480071";"Association for Promotion of Holistic Approach to Environment";Yes;Yes;;-;7;16;47;488;27;47;0,66;30,50;41,03;0;Croatia;Eastern Europe;"Association for Promotion of Holistic Approach to Environment";"2020-2026";"Ecology; Environmental Science (miscellaneous); Waste Management and Disposal; Water Science and Technology";"Environmental Science"
457;21101272204;"Hydrobiology";journal;"26739917";"Multidisciplinary Digital Publishing Institute (MDPI)";Yes;No;;-;12;38;31;2484;65;29;2,10;65,37;33,57;7;Switzerland;Western Europe;"Multidisciplinary Digital Publishing Institute (MDPI)";"2022-2025";"Agricultural and Biological Sciences (miscellaneous); Earth and Planetary Sciences (miscellaneous); Environmental Science (miscellaneous)";"Agricultural and Biological Sciences; Earth and Planetary Sciences; Environmental Science"
458;21101182768;"Hygiene and Environmental Health Advances";journal;"27730492";"Elsevier B.V.";Yes;No;;-;15;42;35;2327;59;34;1,69;55,40;51,61;1;Netherlands;Western Europe;"Elsevier B.V.";"2022-2026";"Environmental Science (miscellaneous); Epidemiology";"Environmental Science; Medicine"
459;21101257967;"Indonesian Journal of Urban and Environmental Technology";journal;"25799150, 25799207";"";No;No;;-;8;16;40;477;37;40;1,07;29,81;46,30;0;Indonesia;Asiatic Region;"";"2020-2026";"Environmental Engineering; Environmental Science (miscellaneous); Pollution; Urban Studies; Waste Management and Disposal";"Environmental Science; Social Sciences"
460;21101271598;"Innovation Geoscience";journal;"29598753";"Innovation Press";Yes;No;;-;16;42;0;2238;0;0;0,00;53,29;28,66;2;China;Asiatic Region;"Innovation Press";"2023-2026";"Earth and Planetary Sciences (miscellaneous); Environmental Science (miscellaneous)";"Earth and Planetary Sciences; Environmental Science"
461;21101189037;"International Journal of Advancement in Life Sciences Research";journal;"25814877";"Dr Tarak Nath Podder Memorial Foundation";No;No;;-;9;20;60;478;25;60;0,32;23,90;65,91;0;India;Asiatic Region;"Dr Tarak Nath Podder Memorial Foundation";"2019-2026";"Agricultural and Biological Sciences (miscellaneous); Environmental Science (miscellaneous); Health, Toxicology and Mutagenesis; Pharmacology, Toxicology and Pharmaceutics (miscellaneous)";"Agricultural and Biological Sciences; Environmental Science; Pharmacology, Toxicology and Pharmaceutics"
462;21101052926;"International Journal of Applied Engineering and Technology (London) (discontinued)";journal;"26334828";"Roman Science Publications and Distributions";No;No;;-;4;51;67;1158;22;65;0,39;22,71;35,11;0;United Kingdom;Western Europe;"Roman Science Publications and Distributions";"2019-2023";"Biochemistry, Genetics and Molecular Biology (miscellaneous); Engineering (miscellaneous); Environmental Science (miscellaneous)";"Biochemistry, Genetics and Molecular Biology; Engineering; Environmental Science"
463;21101262912;"International Journal of Aquatic Research and Environmental Studies";journal;"29807840";"";No;No;;-;11;20;24;575;6;24;0,25;28,75;32,14;0;Iran;Middle East;"";"2021-2025";"Agricultural and Biological Sciences (miscellaneous); Environmental Science (miscellaneous)";"Agricultural and Biological Sciences; Environmental Science"
464;21101277885;"International Journal of Basic and Applied Sciences (discontinued)";journal;"22275053";"Science Publishing Corporation Inc.";No;No;;-;5;4;13;94;2;13;0,15;23,50;28,57;0;Jordan;Middle East;"Science Publishing Corporation Inc.";"2021-2025";"Agricultural and Biological Sciences (miscellaneous); Computer Science (miscellaneous); Environmental Science (miscellaneous)";"Agricultural and Biological Sciences; Computer Science; Environmental Science"
465;21101179124;"International Journal of Biological and Chemical Sciences";journal;"1997342X, 19918631";"International Formulae Group (IFG)";No;No;;-;13;231;709;7039;331;709;0,37;30,47;18,71;1;Cameroon;Africa;"International Formulae Group (IFG)";"2019-2025";"Agricultural and Biological Sciences (miscellaneous); Animal Science and Zoology; Biochemistry, Genetics and Molecular Biology (miscellaneous); Chemistry (miscellaneous); Environmental Science (miscellaneous); Immunology and Microbiology (miscellaneous) ; Medicine (miscellaneous); Pharmacology, Toxicology and Pharmaceutics (miscellaneous)";"Agricultural and Biological Sciences; Biochemistry, Genetics and Molecular Biology; Chemistry; Environmental Science; Immunology and Microbiology; Medicine; Pharmacology, Toxicology and Pharmaceutics"
466;21101302100;"International Journal of Environment, Engineering and Education";journal;"26568039";"Three E Science Institute";No;No;;-;7;16;30;614;17;30;0,57;38,38;47,37;0;Indonesia;Asiatic Region;"Three E Science Institute";"2021-2025";"Education; Engineering (miscellaneous); Environmental Science (miscellaneous)";"Engineering; Environmental Science; Social Sciences"
467;21101265944;"Iraqi Journal of Architecture and Planning";journal;"26179555, 26179547";"University of Technology - Iraq";Yes;Yes;;-;3;17;31;541;2;31;0,05;31,82;40,00;0;Iraq;Middle East;"University of Technology - Iraq";"2020-2026";"Computer Graphics and Computer-Aided Design; Cultural Studies; Environmental Science (miscellaneous); Urban Studies";"Computer Science; Environmental Science; Social Sciences"
468;21101277902;"Iron Steel Vanadium Titanium";journal;"10047638";"Pangang Group Research Institute Co Ltd";No;No;;-;6;173;352;3154;102;352;0,29;18,23;32,32;1;China;Asiatic Region;"Pangang Group Research Institute Co Ltd";"2021-2025";"Environmental Science (miscellaneous); Materials Science (miscellaneous)";"Environmental Science; Materials Science"
469;21101276716;"Izvestiya Rossiiskoi Akademii Nauk. Seriya Geograficheskaya";journal;"25875566, 26586975";"Russian Academy of Sciences";No;No;;-;16;91;227;3101;169;223;0,70;34,08;48,74;0;Russian Federation;Eastern Europe;"Russian Academy of Sciences";"2016-2025";"Cultural Studies; Earth and Planetary Sciences (miscellaneous); Environmental Science (miscellaneous); Geography, Planning and Development; Social Sciences (miscellaneous); Urban Studies";"Earth and Planetary Sciences; Environmental Science; Social Sciences"
470;21101260306;"Journal of Advanced Research in Experimental Fluid Mechanics and Heat Transfer (discontinued)";journal;"27568202";"Penerbit Akademia Baru";No;No;;-;11;4;20;109;63;20;4,17;27,25;37,50;0;Malaysia;Asiatic Region;"Penerbit Akademia Baru";"2020-2025";"Environmental Science (miscellaneous); Mechanical Engineering";"Engineering; Environmental Science"
471;21101300352;"Journal of Advances in Environmental Health Research";journal;"23453990, 26763478";"Kurdistan University of Medical Sciences";Yes;No;;-;7;32;64;1156;30;64;0,47;36,13;33,98;0;Iran;Middle East;"Kurdistan University of Medical Sciences";"2021-2025";"Environmental Science (miscellaneous)";"Environmental Science"
472;21101284211;"Journal of Applied Science, Engineering, Technology, and Education";journal;"26850591";"PT Mattawang Mediatama Solution";No;No;;-;4;25;28;538;3;28;0,11;21,52;38,46;0;Indonesia;Asiatic Region;"PT Mattawang Mediatama Solution";"2022-2025";"Agricultural and Biological Sciences (miscellaneous); Decision Sciences (miscellaneous); Engineering (miscellaneous); Environmental Science (miscellaneous); Statistics, Probability and Uncertainty";"Agricultural and Biological Sciences; Decision Sciences; Engineering; Environmental Science"
473;21101294613;"Journal of Catastrophology";journal;"1000811X";"Shaanxi Earthquake Agency";No;No;;-;11;127;279;1400;196;279;0,70;11,02;38,94;0;China;Asiatic Region;"Shaanxi Earthquake Agency";"2021-2026";"Environmental Science (miscellaneous); Geotechnical Engineering and Engineering Geology; Management, Monitoring, Policy and Law; Nature and Landscape Conservation";"Earth and Planetary Sciences; Environmental Science"
474;21101178118;"Journal of Chemical Reviews";journal;"26764938, 26766868";"Sami Publishing Company";No;No;;-;28;23;68;2080;270;68;3,27;90,43;33,33;0;France;Western Europe;"Sami Publishing Company";"2019-2025";"Biochemistry; Chemistry (miscellaneous); Environmental Science (miscellaneous); Organic Chemistry";"Biochemistry, Genetics and Molecular Biology; Chemistry; Environmental Science"
475;21101196042;"Journal of Environmental Exposure Assessment";journal;"27715949";"OAE Publishing Inc.";No;No;;-;8;22;21;1209;47;21;2,24;54,95;36,79;1;United States;Northern America;"OAE Publishing Inc.";"2022-2026";"Environmental Science (miscellaneous); Public Health, Environmental and Occupational Health";"Environmental Science; Medicine"
476;21101194308;"Journal of Environmental Nanotechnology";journal;"22790748, 23195541";"Institute for Environmental Nanotechnology";No;No;;-;8;22;12;680;7;11;0,58;30,91;26,09;0;India;Asiatic Region;"Institute for Environmental Nanotechnology";"2022-2025";"Environmental Science (miscellaneous); Materials Science (miscellaneous)";"Environmental Science; Materials Science"
477;21101291268;"Journal of Environmental Science and Sustainable Development";journal;"26556847";"School of Environmental Science, Universitas Indonesia";No;No;;-;6;26;26;1273;12;24;0,46;48,96;31,91;1;Indonesia;Asiatic Region;"School of Environmental Science, Universitas Indonesia";"2022-2025";"Cultural Studies; Earth and Planetary Sciences (miscellaneous); Environmental Science (miscellaneous); Geography, Planning and Development; Law; Management, Monitoring, Policy and Law; Religious Studies; Waste Management and Disposal";"Arts and Humanities; Earth and Planetary Sciences; Environmental Science; Social Sciences"
478;21101371114;"Journal of Environmental Science International";journal;"22873503, 12254517";"The Korean Environmental Sciences Society";No;No;;-;5;95;210;2210;46;209;0,22;23,26;35,32;0;South Korea;Asiatic Region;"The Korean Environmental Sciences Society";"2021-2026";"Earth and Planetary Sciences (miscellaneous); Environmental Science (miscellaneous)";"Earth and Planetary Sciences; Environmental Science"
479;21101254822;"Journal of Food Health and Bioenvironmental Science";journal;"26300311";"Research and Development Institute Suan Dusit University";No;No;;-;3;24;71;995;5;71;0,06;41,46;63,89;0;Thailand;Asiatic Region;"Research and Development Institute Suan Dusit University";"2020-2025";"Agricultural and Biological Sciences (miscellaneous); Environmental Science (miscellaneous); Food Science; Health Professions (miscellaneous)";"Agricultural and Biological Sciences; Environmental Science; Health Professions"
480;21101147602;"Journal of Multidisciplinary Applied Natural Science";journal;"27743047";"Pandawa Institute";Yes;No;;-;11;14;28;562;95;28;3,39;40,14;44,74;0;Indonesia;Asiatic Region;"Pandawa Institute";"2021-2026";"Chemistry (miscellaneous); Environmental Science (miscellaneous); Materials Science (miscellaneous); Multidisciplinary";"Chemistry; Environmental Science; Materials Science; Multidisciplinary"
481;21101339663;"Journal of Natural Resources";journal;"10003037";"Science Press (China)";Yes;No;;-;35;194;446;8174;1682;443;3,77;42,13;34,04;1;China;Asiatic Region;"Science Press (China)";"2021-2025";"Energy (miscellaneous); Environmental Science (miscellaneous); Geography, Planning and Development";"Energy; Environmental Science; Social Sciences"
482;21101183722;"Journal of Risk Analysis and Crisis Response";journal;"22108505";"";Yes;Yes;;-;6;25;69;920;33;66;0,78;36,80;34,48;0;China;Asiatic Region;"";"2019-2025";"Decision Sciences (miscellaneous); Economics, Econometrics and Finance (miscellaneous); Environmental Science (miscellaneous); Information Systems and Management; Management Science and Operations Research; Safety Research; Social Sciences (miscellaneous); Statistics, Probability and Uncertainty";"Decision Sciences; Economics, Econometrics and Finance; Environmental Science; Social Sciences"
483;21101207029;"Journal of Shanghai Ocean University";journal;"16745566";"";No;No;;-;10;127;280;4449;194;280;0,69;35,03;37,80;0;China;Asiatic Region;"";"2021-2026";"Environmental Science (miscellaneous); Oceanography";"Earth and Planetary Sciences; Environmental Science"
484;21101293999;"Journal of Tropical Biology and Conservation";journal;"18233902, 25501909";"Universiti Malaysia Sabah, Institute for Tropical Biology and Conservation";No;No;;-;4;18;38;744;17;36;0,45;41,33;36,54;1;Malaysia;Asiatic Region;"Universiti Malaysia Sabah, Institute for Tropical Biology and Conservation";"2021-2025";"Conservation; Ecology, Evolution, Behavior and Systematics; Environmental Science (miscellaneous); Geography, Planning and Development; Plant Science";"Agricultural and Biological Sciences; Arts and Humanities; Environmental Science; Social Sciences"
485;21101294475;"Jurnal Entomologi Indonesia";journal;"20890257, 18297722";"IPB University Faculty of Agriculture";Yes;No;;-;5;24;43;799;15;43;0,35;33,29;53,45;0;Indonesia;Asiatic Region;"IPB University Faculty of Agriculture";"2021-2025";"Agricultural and Biological Sciences (miscellaneous); Environmental Science (miscellaneous); Forestry; Insect Science";"Agricultural and Biological Sciences; Environmental Science"
486;21101390797;"Jurnal Presipitasi";journal;"25500023";"Diponegoro University";No;No;;-;3;71;65;2179;14;65;0,22;30,69;45,53;0;Indonesia;Asiatic Region;"Diponegoro University";"2022-2025";"Ecology; Environmental Engineering; Environmental Science (miscellaneous); Pollution";"Environmental Science"
487;21101387913;"Management of Sustainable Development";journal;"22470220, 20669380";"Lucian Blaga University of Sibiu";Yes;No;;-;5;20;22;567;10;21;0,45;28,35;30,77;0;Romania;Eastern Europe;"Lucian Blaga University of Sibiu";"2022-2025";"Economics and Econometrics; Environmental Science (miscellaneous); Geography, Planning and Development; Management, Monitoring, Policy and Law; Renewable Energy, Sustainability and the Environment; Strategy and Management";"Business, Management and Accounting; Economics, Econometrics and Finance; Energy; Environmental Science; Social Sciences"
488;21101263160;"Microplastics";journal;"26738929";"Multidisciplinary Digital Publishing Institute (MDPI)";Yes;No;;-;22;30;45;2004;213;43;4,73;66,80;50,00;3;Switzerland;Western Europe;"Multidisciplinary Digital Publishing Institute (MDPI)";"2022-2025";"Environmental Science (miscellaneous)";"Environmental Science"
489;21101197364;"Mineral Resources of Ukraine";journal;"27078698, 1682721X";"Ukrainian Geological Company";Yes;Yes;;-;6;30;64;512;21;64;0,31;17,07;48,89;0;Ukraine;Eastern Europe;"Ukrainian Geological Company";"2019-2025";"Ecology; Economic Geology; Environmental Science (miscellaneous); Geology";"Earth and Planetary Sciences; Environmental Science"
490;21101200282;"Mining";journal;"26736489";"Multidisciplinary Digital Publishing Institute (MDPI)";Yes;No;;-;18;43;66;2137;194;65;2,94;49,70;21,74;4;Switzerland;Western Europe;"Multidisciplinary Digital Publishing Institute (MDPI)";"2021-2025";"Earth and Planetary Sciences (miscellaneous); Engineering (miscellaneous); Environmental Science (miscellaneous); Geology";"Earth and Planetary Sciences; Engineering; Environmental Science"
491;21101197355;"Mining Safety and Environmental Protection";journal;"10084495";"";Yes;No;;-;11;145;435;3270;251;435;0,68;22,55;30,10;0;China;Asiatic Region;"";"2019-2025";"Ecology; Environmental Science (miscellaneous); Geochemistry and Petrology; Geology; Nature and Landscape Conservation";"Earth and Planetary Sciences; Environmental Science"
492;21101230649;"Naturae";journal;"25538756";"Museum National d'Histoire Naturelle";No;No;;-;4;10;59;1521;13;59;0,23;152,10;33,33;0;France;Western Europe;"Museum National d'Histoire Naturelle";"2020-2026";"Ecology; Environmental Engineering; Environmental Science (miscellaneous); Nature and Landscape Conservation";"Environmental Science"
493;21101152863;"Natural and Life Sciences Communications";journal;"28220838";"Chiang Mai University";No;No;;-;6;70;0;2816;0;0;0,00;40,23;55,77;0;Thailand;Asiatic Region;"Chiang Mai University";"2023-2026";"Agricultural and Biological Sciences (miscellaneous); Dentistry (miscellaneous); Environmental Science (miscellaneous); Health Professions (miscellaneous); Pharmacology, Toxicology and Pharmaceutics (miscellaneous)";"Agricultural and Biological Sciences; Dentistry; Environmental Science; Health Professions; Pharmacology, Toxicology and Pharmaceutics"
494;21101186481;"Natural Hazards Research";journal;"26665921";"KeAi Communications Co.";Yes;No;;-;26;67;63;3392;314;61;4,98;50,63;30,35;5;China;Asiatic Region;"KeAi Communications Co.";"2021-2026";"Earth and Planetary Sciences (miscellaneous); Environmental Science (miscellaneous); Geography, Planning and Development";"Earth and Planetary Sciences; Environmental Science; Social Sciences"
495;21101270120;"Nature Water";journal;"27316084";"Springer Nature";No;No;;-;50;168;0;6458;0;0;0,00;38,44;33,70;37;Netherlands;Western Europe;"Springer Nature";"2023-2026";"Environmental Engineering; Environmental Science (miscellaneous); Water Science and Technology";"Environmental Science"
496;21101266871;"Nature-Based Solutions";journal;"27724115";"Elsevier Inc.";Yes;No;;-;23;56;41;3760;246;40;6,00;67,14;46,96;13;United States;Northern America;"Elsevier Inc.";"2021-2026";"Environmental Science (miscellaneous)";"Environmental Science"
497;21101152766;"NJAS: Impact in Agricultural and Life Sciences";journal;"27685241";"Taylor and Francis Ltd.";No;No;;-;5;10;0;782;0;0;0,00;78,20;30,95;2;United Kingdom;Western Europe;"Taylor and Francis Ltd.";"2023-2026";"Agricultural and Biological Sciences (miscellaneous); Business, Management and Accounting (miscellaneous); Environmental Science (miscellaneous); Global and Planetary Change; Pollution; Water Science and Technology";"Agricultural and Biological Sciences; Business, Management and Accounting; Environmental Science"
498;21101254070;"NPJ Ocean Sustainability";journal;"2731426X";"Springer Nature";Yes;No;;-;18;25;7;1464;63;4;9,00;58,56;47,62;11;United Kingdom;Western Europe;"Springer Nature";"2022-2026";"Aquatic Science; Earth and Planetary Sciences (miscellaneous); Environmental Science (miscellaneous); Oceanography";"Agricultural and Biological Sciences; Earth and Planetary Sciences; Environmental Science"
499;21101197374;"Open Environmental Research Journal";journal;"25902776";"Bentham Science Publishers";No;No;;-;20;3;6;168;7;6;0,75;56,00;23,08;0;United Arab Emirates;Middle East;"Bentham Science Publishers";"2019, 2022-2023, 2025-2026";"Environmental Science (miscellaneous)";"Environmental Science"
500;21101268324;"PLOS Climate";journal;"27673200";"Public Library of Science";Yes;No;;-;26;157;79;8832;300;55;3,80;56,25;43,88;60;United States;Northern America;"Public Library of Science";"2022-2026";"Atmospheric Science; Environmental Science (miscellaneous)";"Earth and Planetary Sciences; Environmental Science"
501;21101286157;"PLOS Sustainability and Transformation";journal;"27673197";"Public Library of Science";Yes;No;;-;18;35;37;2165;122;33;3,30;61,86;44,72;10;United States;Northern America;"Public Library of Science";"2022-2026";"Environmental Science (miscellaneous)";"Environmental Science"
502;21101290577;"Pollutants";journal;"26734672";"Multidisciplinary Digital Publishing Institute (MDPI)";Yes;No;;-;16;39;55;2642;148;50;2,69;67,74;33,33;0;Switzerland;Western Europe;"Multidisciplinary Digital Publishing Institute (MDPI)";"2021-2026";"Engineering (miscellaneous); Environmental Science (miscellaneous); Pharmacology, Toxicology and Pharmaceutics (miscellaneous)";"Engineering; Environmental Science; Pharmacology, Toxicology and Pharmaceutics"
503;21101264296;"Przeglad Prawa Rolnego";journal;"18977626, 27197026";"Adam Mickiewicz University Faculty of Law and Administration";Yes;Yes;;-;4;22;90;508;8;89;0,10;23,09;33,33;0;Poland;Eastern Europe;"Adam Mickiewicz University Faculty of Law and Administration";"2020-2025";"Agricultural and Biological Sciences (miscellaneous); Environmental Science (miscellaneous); Law; Public Administration";"Agricultural and Biological Sciences; Environmental Science; Social Sciences"
504;21101254622;"Radiation Environment and Medicine";journal;"24239097, 2432163X";"Hirosaki University";No;No;;-;6;13;46;769;22;40;0,53;59,15;22,64;0;Japan;Asiatic Region;"Hirosaki University";"2020-2025";"Environmental Science (miscellaneous); Medicine (miscellaneous); Radiation; Radiology, Nuclear Medicine and Imaging";"Environmental Science; Medicine; Physics and Astronomy"
505;21101257051;"Research in Ecology";journal;"26613379";"Bilingual Publishing Group";No;No;;-;6;11;19;476;9;16;0,47;43,27;15,00;0;Singapore;Asiatic Region;"Bilingual Publishing Group";"2022-2026";"Ecological Modeling; Ecology; Environmental Science (miscellaneous); Nature and Landscape Conservation";"Environmental Science"
506;21101256261;"Revista Brasileira de Ciencias Ambientais";journal;"21769478, 18084524";"ABES - Associacao Brasileira de Engenharia Sanitaria e Ambiental";Yes;Yes;;-;5;42;60;2069;30;60;0,50;49,26;46,01;0;Brazil;Latin America;"ABES - Associacao Brasileira de Engenharia Sanitaria e Ambiental";"2022-2025";"Environmental Science (miscellaneous)";"Environmental Science"
507;21101147597;"Revista Brasileira de Meio Ambiente";journal;"25954431";"Reativar Ambiental";Yes;Yes;;-;5;45;138;1504;37;135;0,26;33,42;32,69;0;Brazil;Latin America;"Reativar Ambiental";"2019-2026";"Education; Environmental Science (miscellaneous)";"Environmental Science; Social Sciences"
508;21101267553;"Riset Geologi dan Pertambangan";journal;"01259849, 23546638";"National Research and Innovation Agency (BRIN)";No;No;;-;3;10;19;272;4;19;0,21;27,20;29,63;0;Indonesia;Asiatic Region;"National Research and Innovation Agency (BRIN)";"2021-2025";"Energy (miscellaneous); Environmental Science (miscellaneous); Geology; Geophysics";"Earth and Planetary Sciences; Energy; Environmental Science"
509;21101226105;"Safety in Extreme Environments";journal;"25248189, 25248170";"Springer International Publishing";No;No;;-;17;23;58;1294;149;57;3,00;56,26;18,33;1;Switzerland;Western Europe;"Springer International Publishing";"2019-2026";"Environmental Chemistry; Environmental Engineering; Environmental Science (miscellaneous); Health, Toxicology and Mutagenesis";"Environmental Science"
510;21101220778;"Science in One Health";journal;"29497043";"Elsevier B.V.";Yes;No;;-;16;19;13;1391;28;11;2,15;73,21;32,95;1;Netherlands;Western Europe;"Elsevier B.V.";"2022-2026";"Environmental Science (miscellaneous); Global and Planetary Change; Health Policy; Management, Monitoring, Policy and Law; Pollution; Public Health, Environmental and Occupational Health";"Environmental Science; Medicine"
511;21101185512;"Small Structures";journal;"26884062";"Wiley-VCH Verlag";Yes;No;;-;73;196;290;15161;3897;287;13,67;77,35;33,65;0;United States;Northern America;"Wiley-VCH Verlag";"2020-2026";"Chemistry (miscellaneous); Energy (miscellaneous); Engineering (miscellaneous); Environmental Science (miscellaneous); Materials Science (miscellaneous)";"Chemistry; Energy; Engineering; Environmental Science; Materials Science"
512;21101196047;"Soil and Environmental Health";journal;"29499194";"Elsevier B.V.";Yes;No;;-;15;27;0;1725;0;0;0,00;63,89;36,22;3;Netherlands;Western Europe;"Elsevier B.V.";"2023-2026";"Environmental Science (miscellaneous); Soil Science";"Agricultural and Biological Sciences; Environmental Science"
513;21101277816;"Solar";journal;"26739941";"Multidisciplinary Digital Publishing Institute (MDPI)";Yes;No;;-;18;31;37;1897;75;35;2,03;61,19;23,08;3;Switzerland;Western Europe;"Multidisciplinary Digital Publishing Institute (MDPI)";"2021-2025";"Energy (miscellaneous); Environmental Science (miscellaneous); Materials Science (miscellaneous)";"Energy; Environmental Science; Materials Science"
514;21101107569;"Sustainable Environment";journal;"27658511";"Taylor and Francis Ltd.";Yes;No;;-;33;40;94;2596;304;94;2,71;64,90;30,33;2;United Kingdom;Western Europe;"Taylor and Francis Ltd.";"2021-2026";"Environmental Science (miscellaneous); Public Health, Environmental and Occupational Health";"Environmental Science; Medicine"
515;21101274439;"Sustainable Marine Structures";journal;"26613158";"Nan Yang Academy of Sciences Pte. Ltd";No;No;;-;5;11;19;289;12;18;0,63;26,27;41,94;0;Singapore;Asiatic Region;"Nan Yang Academy of Sciences Pte. Ltd";"2021-2025";"Ecology; Environmental Engineering; Environmental Science (miscellaneous); Ocean Engineering";"Engineering; Environmental Science"
516;21101185191;"TeMA Journal of Land Use, Mobility and Environment";journal;"19709889, 19709870";"FeDOA - Federico II University Press";Yes;Yes;;-;9;70;0;2552;0;0;0,00;36,46;48,70;0;Italy;Western Europe;"FeDOA - Federico II University Press";"2023-2025";"Environmental Science (miscellaneous); Geography, Planning and Development; Management, Monitoring, Policy and Law";"Environmental Science; Social Sciences"
517;21101331264;"Thai Journal of Public Health";journal;"2697584X, 26975866";"Mahidol University Faculty of Public Health";No;No;;-;3;23;57;663;8;50;0,14;28,83;70,97;0;Thailand;Asiatic Region;"Mahidol University Faculty of Public Health";"2021-2025";"Environmental Science (miscellaneous); Food Science; Public Health, Environmental and Occupational Health";"Agricultural and Biological Sciences; Environmental Science; Medicine"
518;21101270643;"Torrential Rain and Disasters";journal;"20972164";"";Yes;No;;-;9;72;228;2222;210;228;0,93;30,86;46,20;0;China;Asiatic Region;"";"2020-2025";"Atmospheric Science; Environmental Science (miscellaneous); Geophysics";"Earth and Planetary Sciences; Environmental Science"
519;21101301503;"Total Environment Advances";journal;"29503957";"Elsevier B.V.";No;No;;-;24;61;19;4217;62;19;3,26;69,13;27,88;2;Netherlands;Western Europe;"Elsevier B.V.";"2024-2026";"Environmental Science (miscellaneous)";"Environmental Science"
520;21101256250;"Waste Management Bulletin";journal;"29497507";"Elsevier B.V.";Yes;No;;-;22;22;0;930;0;0;0,00;42,27;25,71;3;Netherlands;Western Europe;"Elsevier B.V.";"2023-2026";"Ecological Modeling; Environmental Science (miscellaneous); Waste Management and Disposal";"Environmental Science"
521;21101298383;"Watershed Engineering and Management";journal;"22519300, 2322536X";"Soil Conservation and Watershed Management Research Institute";No;No;;-;4;40;119;1350;23;119;0,19;33,75;20,56;0;Iran;Middle East;"Soil Conservation and Watershed Management Research Institute";"2021-2026";"Earth-Surface Processes; Environmental Science (miscellaneous); Geography, Planning and Development; Management, Monitoring, Policy and Law";"Earth and Planetary Sciences; Environmental Science; Social Sciences"
522;21101256426;"Wind";journal;"2674032X";"Multidisciplinary Digital Publishing Institute (MDPI)";Yes;No;;-;12;30;47;1120;83;46;1,77;37,33;22,12;0;Switzerland;Western Europe;"Multidisciplinary Digital Publishing Institute (MDPI)";"2021-2025";"Energy (miscellaneous); Engineering (miscellaneous); Environmental Science (miscellaneous); Renewable Energy, Sustainability and the Environment";"Energy; Engineering; Environmental Science"
523;21101272728;"World Journal of Environmental Biosciences";journal;"22778047";"Deniz Publication";No;No;;-;14;30;122;1115;103;122;1,07;37,17;32,69;0;Turkey;Middle East;"Deniz Publication";"2020-2025";"Environmental Science (miscellaneous); Pollution; Waste Management and Disposal; Water Science and Technology";"Environmental Science"
524;21101197366;"ZooNotes (discontinued)";journal;"13139916";"Plovdiv University Press";No;No;;-;5;17;76;215;22;75;0,39;12,65;37,50;0;Bulgaria;Eastern Europe;"Plovdiv University Press";"2019-2025";"Ecology; Environmental Science (miscellaneous); Health, Toxicology and Mutagenesis; Nature and Landscape Conservation";"Environmental Science"
