Rank;Sourceid;Title;Type;Issn;Publisher;Open Access;Open Access Diamond;SJR;SJR Quartile;H index;Total Docs. (2023);Total Docs. (3years);Total Refs.;Total Citations (3years);Citable Docs. (3years);Citations / Doc. (2years);Ref. / Doc.;%Female;Overton;Country;Region;Publisher;Coverage;Categories;Areas
1;19164;"International Journal of Machine Tools and Manufacture";journal;"08906955";"Elsevier Ltd";No;No;3,479;Q1;216;43;186;4042;2653;182;14,88;94,00;23,18;0;United Kingdom;Western Europe;"Elsevier Ltd";"1987-2026";"Industrial and Manufacturing Engineering (Q1); Mechanical Engineering (Q1)";"Engineering"
2;14966;"Journal of Manufacturing Systems";journal;"02786125";"Elsevier B.V.";No;No;3,168;Q1;138;196;606;12998;9218;598;15,62;66,32;26,37;3;Netherlands;Western Europe;"Elsevier B.V.";"1982-2026";"Control and Systems Engineering (Q1); Hardware and Architecture (Q1); Industrial and Manufacturing Engineering (Q1); Software (Q1)";"Computer Science; Engineering"
3;19165;"International Journal of Production Economics";journal;"09255273";"Elsevier B.V.";No;No;3,074;Q1;264;297;902;20634;11488;889;10,84;69,47;28,54;9;Netherlands;Western Europe;"Elsevier B.V.";"1991-2026";"Business, Management and Accounting (miscellaneous) (Q1); Economics and Econometrics (Q1); Industrial and Manufacturing Engineering (Q1); Management Science and Operations Research (Q1)";"Business, Management and Accounting; Decision Sciences; Economics, Econometrics and Finance; Engineering"
4;22405;"Production and Operations Management";journal;"10591478, 19375956";"SAGE Publications Inc.";No;No;3,035;Q1;161;227;633;12703;3368;628;4,79;55,96;24,53;12;United States;Northern America;"SAGE Publications Inc.";"1992-2026";"Industrial and Manufacturing Engineering (Q1); Management of Technology and Innovation (Q1); Management Science and Operations Research (Q1)";"Business, Management and Accounting; Decision Sciences; Engineering"
5;19169;"Journal of Operations Management";journal;"18731317, 02726963";"John Wiley &amp; Sons Inc.";No;No;3,009;Q1;238;59;122;4805;883;111;5,92;81,44;20,61;6;Netherlands;Western Europe;"John Wiley &amp; Sons Inc.";"1980-1991, 1993-2026";"Computer Science Applications (Q1); Industrial and Manufacturing Engineering (Q1); Management Science and Operations Research (Q1); Strategy and Management (Q1)";"Business, Management and Accounting; Computer Science; Decision Sciences; Engineering"
6;18080;"Robotics and Computer-Integrated Manufacturing";journal;"07365845";"Elsevier Ltd";No;No;2,906;Q1;147;139;451;7589;5940;448;11,70;54,60;25,46;1;United Kingdom;Western Europe;"Elsevier Ltd";"1984-1994, 1996-2026";"Computer Science Applications (Q1); Control and Systems Engineering (Q1); Industrial and Manufacturing Engineering (Q1); Mathematics (miscellaneous) (Q1); Software (Q1)";"Computer Science; Engineering; Mathematics"
7;16398;"Chemical Engineering Journal";journal;"13858947";"Elsevier B.V.";No;No;2,852;Q1;369;8642;14978;539672;222921;14965;14,49;62,45;35,94;41;Netherlands;Western Europe;"Elsevier B.V.";"1975, 1979, 1996-2026";"Chemical Engineering (miscellaneous) (Q1); Chemistry (miscellaneous) (Q1); Environmental Chemistry (Q1); Industrial and Manufacturing Engineering (Q1)";"Chemical Engineering; Chemistry; Engineering; Environmental Science"
8;21100349533;"Additive Manufacturing";journal;"22148604";"Elsevier B.V.";No;No;2,837;Q1;194;557;2013;32031;24515;2011;11,01;57,51;22,83;2;Netherlands;Western Europe;"Elsevier B.V.";"2014-2026";"Biomedical Engineering (Q1); Engineering (miscellaneous) (Q1); Industrial and Manufacturing Engineering (Q1); Materials Science (miscellaneous) (Q1)";"Engineering; Materials Science"
9;21101162817;"IEEE Open Journal of Industry Applications";journal;"26441241";"Institute of Electrical and Electronics Engineers Inc.";Yes;No;2,805;Q1;22;29;75;1246;694;75;7,13;42,97;16,67;0;United States;Northern America;"Institute of Electrical and Electronics Engineers Inc.";"2020-2026";"Control and Systems Engineering (Q1); Electrical and Electronic Engineering (Q1); Industrial and Manufacturing Engineering (Q1)";"Engineering"
10;28635;"Composites Part B: Engineering";journal;"13598368";"Elsevier Ltd";No;No;2,802;Q1;248;553;2151;34020;29709;2144;13,31;61,52;30,37;4;United Kingdom;Western Europe;"Elsevier Ltd";"1996-2026";"Ceramics and Composites (Q1); Industrial and Manufacturing Engineering (Q1); Mechanical Engineering (Q1); Mechanics of Materials (Q1)";"Engineering; Materials Science"
11;21100787106;"Journal of Industrial Information Integration";journal;"2452414X";"Elsevier B.V.";No;No;2,692;Q1;71;78;173;5376;2683;171;14,10;68,92;28,48;1;Netherlands;Western Europe;"Elsevier B.V.";"2016-2026";"Industrial and Manufacturing Engineering (Q1); Information Systems and Management (Q1)";"Decision Sciences; Engineering"
12;27656;"International Journal of Production Research";journal;"00207543, 1366588X";"Taylor and Francis Ltd.";No;No;2,668;Q1;217;444;1170;28596;13000;1152;8,65;64,41;28,91;28;United Kingdom;Western Europe;"Taylor and Francis Ltd.";"1961, 1963-1968, 1970-2026";"Industrial and Manufacturing Engineering (Q1); Management Science and Operations Research (Q1); Strategy and Management (Q1)";"Business, Management and Accounting; Decision Sciences; Engineering"
13;21101023196;"International Journal of Extreme Manufacturing";journal;"26317990, 26318644";"IOP Publishing Ltd.";Yes;Yes;2,654;Q1;73;80;110;10424;1700;109;15,60;130,30;27,63;0;United Kingdom;Western Europe;"IOP Publishing Ltd.";"2019-2026";"Industrial and Manufacturing Engineering (Q1)";"Engineering"
14;5800207505;"IEEE Industrial Electronics Magazine";journal;"19410115, 19324529";"Institute of Electrical and Electronics Engineers Inc.";No;No;2,634;Q1;94;55;155;923;983;121;4,58;16,78;16,52;0;United States;Northern America;"Institute of Electrical and Electronics Engineers Inc.";"2007-2026";"Electrical and Electronic Engineering (Q1); Industrial and Manufacturing Engineering (Q1)";"Engineering"
15;21100416081;"Sustainable Production and Consumption";journal;"23525509";"Elsevier B.V.";No;No;2,359;Q1;116;333;882;25551;10803;875;12,35;76,73;39,20;65;Netherlands;Western Europe;"Elsevier B.V.";"2015-2026";"Environmental Chemistry (Q1); Environmental Engineering (Q1); Industrial and Manufacturing Engineering (Q1); Renewable Energy, Sustainability and the Environment (Q1)";"Energy; Engineering; Environmental Science"
16;22489;"European Journal of Operational Research";journal;"03772217";"Elsevier B.V.";No;No;2,321;Q1;333;703;1941;38041;13711;1932;6,79;54,11;26,68;16;Netherlands;Western Europe;"Elsevier B.V.";"1977-2026";"Computer Science (miscellaneous) (Q1); Industrial and Manufacturing Engineering (Q1); Information Systems and Management (Q1); Management Science and Operations Research (Q1); Modeling and Simulation (Q1)";"Computer Science; Decision Sciences; Engineering; Mathematics"
17;21101146418;"Light: Advanced Manufacturing";journal;"26899620, 28314093";"Light Publishing Group";Yes;Yes;2,288;Q1;37;41;88;2974;777;82;9,14;72,54;33,47;0;China;Asiatic Region;"Light Publishing Group";"2020-2025";"Industrial and Manufacturing Engineering (Q1); Instrumentation (Q1); Materials Science (miscellaneous) (Q1); Metals and Alloys (Q1)";"Engineering; Materials Science; Physics and Astronomy"
18;21101048278;"Advanced Industrial and Engineering Polymer Research";journal;"25425048";"KeAi Communications Co.";Yes;Yes;2,234;Q1;49;33;78;2876;1260;69;10,46;87,15;29,75;1;China;Asiatic Region;"KeAi Communications Co.";"2018-2025";"Chemical Engineering (miscellaneous) (Q1); Industrial and Manufacturing Engineering (Q1); Materials Science (miscellaneous) (Q1); Polymers and Plastics (Q1)";"Chemical Engineering; Engineering; Materials Science"
19;5800173379;"Virtual and Physical Prototyping";journal;"17452767, 17452759";"Taylor and Francis Ltd.";Yes;No;2,206;Q1;85;144;137;10200;1692;135;11,11;70,83;24,26;0;United Kingdom;Western Europe;"Taylor and Francis Ltd.";"2006-2026";"Computer Graphics and Computer-Aided Design (Q1); Industrial and Manufacturing Engineering (Q1); Modeling and Simulation (Q1); Signal Processing (Q1)";"Computer Science; Engineering; Mathematics"
20;21101081610;"International Journal of Information Management Data Insights";journal;"26670968";"Elsevier B.V.";Yes;No;2,137;Q1;61;65;137;5733;2164;137;15,80;88,20;25,65;2;Netherlands;Western Europe;"Elsevier B.V.";"2021-2026";"Artificial Intelligence (Q1); Industrial and Manufacturing Engineering (Q1); Information Systems (Q1); Information Systems and Management (Q1); Library and Information Sciences (Q1); Management Information Systems (Q1)";"Business, Management and Accounting; Computer Science; Decision Sciences; Engineering; Social Sciences"
21;29348;"Energy";journal;"18736785, 03605442";"Elsevier Ltd";No;No;2,110;Q1;293;4000;8122;208807;81931;8104;10,22;52,20;28,31;77;United Kingdom;Western Europe;"Elsevier Ltd";"1976-2026";"Building and Construction (Q1); Civil and Structural Engineering (Q1); Electrical and Electronic Engineering (Q1); Energy Engineering and Power Technology (Q1); Energy (miscellaneous) (Q1); Fuel Technology (Q1); Industrial and Manufacturing Engineering (Q1); Management, Monitoring, Policy and Law (Q1); Mechanical Engineering (Q1); Modeling and Simulation (Q1); Pollution (Q1); Renewable Energy, Sustainability and the Environment (Q1)";"Energy; Engineering; Environmental Science; Mathematics"
22;24363;"Journal of Intelligent Manufacturing";journal;"15728145, 09565515";"Springer Netherlands";No;No;2,071;Q1;124;184;399;10634;4385;392;8,38;57,79;23,29;3;Netherlands;Western Europe;"Springer Netherlands";"1990-2026";"Artificial Intelligence (Q1); Industrial and Manufacturing Engineering (Q1); Software (Q1)";"Computer Science; Engineering"
23;19167;"Journal of Cleaner Production";journal;"09596526, 18791786";"Elsevier Ltd";Yes;No;2,058;Q1;397;4407;15022;296758;175440;14974;10,79;67,34;35,08;280;United Kingdom;Western Europe;"Elsevier Ltd";"1993-2026";"Environmental Science (miscellaneous) (Q1); Industrial and Manufacturing Engineering (Q1); Renewable Energy, Sustainability and the Environment (Q1); Strategy and Management (Q1)";"Business, Management and Accounting; Energy; Engineering; Environmental Science"
24;13853;"Reliability Engineering and System Safety";journal;"18790836, 09518320";"Elsevier Ltd";No;No;2,028;Q1;209;662;1708;34411;16461;1702;10,39;51,98;29,40;3;United Kingdom;Western Europe;"Elsevier Ltd";"1983, 1988-2026";"Applied Mathematics (Q1); Industrial and Manufacturing Engineering (Q1); Safety, Risk, Reliability and Quality (Q1)";"Engineering; Mathematics"
25;18658;"Production Planning and Control";journal;"09537287, 13665871";"Taylor and Francis Ltd.";No;No;2,020;Q1;121;102;273;9067;3001;265;10,36;88,89;28,31;10;United Kingdom;Western Europe;"Taylor and Francis Ltd.";"1990-2026";"Computer Science Applications (Q1); Industrial and Manufacturing Engineering (Q1); Management Science and Operations Research (Q1); Strategy and Management (Q1)";"Business, Management and Accounting; Computer Science; Decision Sciences; Engineering"
26;18644;"Journal of Manufacturing Technology Management";journal;"1741038X";"Emerald Group Publishing Ltd.";No;No;1,948;Q1;108;73;228;5414;2293;225;8,57;74,16;28,38;0;United Kingdom;Western Europe;"Emerald Group Publishing Ltd.";"2004-2026";"Computer Science Applications (Q1); Control and Systems Engineering (Q1); Industrial and Manufacturing Engineering (Q1); Software (Q1); Strategy and Management (Q1)";"Business, Management and Accounting; Computer Science; Engineering"
27;21955;"Critical Reviews in Food Science and Nutrition";journal;"15497852, 10408398";"Taylor and Francis Ltd.";No;No;1,893;Q1;262;600;992;86906;13955;992;12,27;144,84;43,44;32;United Kingdom;Western Europe;"Taylor and Francis Ltd.";"1981, 1983-1984, 1988-2026";"Food Science (Q1); Industrial and Manufacturing Engineering (Q1); Medicine (miscellaneous) (Q1)";"Agricultural and Biological Sciences; Engineering; Medicine"
28;21101068036;"IEEE Open Journal of the Industrial Electronics Society";journal;"26441284";"Institute of Electrical and Electronics Engineers Inc.";Yes;No;1,813;Q1;35;54;121;2738;945;121;7,87;50,70;11,21;0;United States;Northern America;"Institute of Electrical and Electronics Engineers Inc.";"2020-2026";"Control and Systems Engineering (Q1); Electrical and Electronic Engineering (Q1); Industrial and Manufacturing Engineering (Q1)";"Engineering"
29;17361;"IEEE Transactions on Industry Applications";journal;"00939994, 19399367";"Institute of Electrical and Electronics Engineers Inc.";No;No;1,785;Q1;243;839;2010;26872;12482;2004;5,67;32,03;21,42;0;United States;Northern America;"Institute of Electrical and Electronics Engineers Inc.";"1972-2026";"Control and Systems Engineering (Q1); Electrical and Electronic Engineering (Q1); Industrial and Manufacturing Engineering (Q1)";"Engineering"
30;21100843238;"Advanced Materials Technologies";journal;"2365709X";"Wiley-Blackwell";No;No;1,694;Q1;122;896;1309;60609;10005;1301;6,93;67,64;31,77;2;United States;Northern America;"Wiley-Blackwell";"2016-2026";"Industrial and Manufacturing Engineering (Q1); Materials Science (miscellaneous) (Q1); Mechanics of Materials (Q1)";"Engineering; Materials Science"
31;21100442376;"Sustainable Materials and Technologies";journal;"22149929, 22149937";"Elsevier B.V.";Yes;No;1,681;Q1;86;248;384;18521;3995;383;9,54;74,68;34,74;7;Netherlands;Western Europe;"Elsevier B.V.";"2014-2026";"Industrial and Manufacturing Engineering (Q1); Materials Science (miscellaneous) (Q1); Renewable Energy, Sustainability and the Environment (Q1); Waste Management and Disposal (Q1)";"Energy; Engineering; Environmental Science; Materials Science"
32;21101107945;"Sustainable Operations and Computers";journal;"26664127";"KeAi Communications Co.";Yes;No;1,628;Q1;32;20;59;1216;864;59;14,46;60,80;27,78;2;China;Asiatic Region;"KeAi Communications Co.";"2020-2026";"Computer Science Applications (Q1); Global and Planetary Change (Q1); Industrial and Manufacturing Engineering (Q1); Management Science and Operations Research (Q1); Renewable Energy, Sustainability and the Environment (Q1)";"Computer Science; Decision Sciences; Energy; Engineering; Environmental Science"
33;21100884993;"Microsystems and Nanoengineering";journal;"20557434";"Nature Publishing Group";Yes;No;1,626;Q1;83;152;349;8734;2869;349;7,60;57,46;29,60;2;United Kingdom;Western Europe;"Nature Publishing Group";"2015-2026";"Atomic and Molecular Physics, and Optics (Q1); Condensed Matter Physics (Q1); Electrical and Electronic Engineering (Q1); Industrial and Manufacturing Engineering (Q1); Materials Science (miscellaneous) (Q1)";"Engineering; Materials Science; Physics and Astronomy"
34;20972;"Journal of Materials Processing Technology";journal;"09240136, 18734774";"Elsevier Ltd";No;No;1,579;Q1;247;346;1169;13672;8437;1167;7,50;39,51;24,87;0;United Kingdom;Western Europe;"Elsevier Ltd";"1990-2026";"Ceramics and Composites (Q1); Computer Science Applications (Q1); Industrial and Manufacturing Engineering (Q1); Metals and Alloys (Q1); Modeling and Simulation (Q1)";"Computer Science; Engineering; Materials Science; Mathematics"
35;21105;"International Journal of Fatigue";journal;"01421123";"Elsevier Ltd";No;No;1,528;Q1;173;613;1545;30316;10136;1538;6,51;49,46;22,50;2;United Kingdom;Western Europe;"Elsevier Ltd";"1979-2026";"Industrial and Manufacturing Engineering (Q1); Materials Science (miscellaneous) (Q1); Mechanical Engineering (Q1); Mechanics of Materials (Q1); Modeling and Simulation (Q1)";"Engineering; Materials Science; Mathematics"
36;13688;"Applied Thermal Engineering";journal;"13594311";"Elsevier Ltd";No;No;1,488;Q1;238;1941;4137;94632;29252;4128;6,93;48,75;26,57;9;United Kingdom;Western Europe;"Elsevier Ltd";"1996-2026";"Energy Engineering and Power Technology (Q1); Fluid Flow and Transfer Processes (Q1); Industrial and Manufacturing Engineering (Q1); Mechanical Engineering (Q1)";"Chemical Engineering; Energy; Engineering"
37;17987;"International Journal of Robust and Nonlinear Control";journal;"10498923, 10991239";"John Wiley and Sons Ltd";No;No;1,459;Q1;134;588;1495;23958;6148;1486;4,00;40,74;27,96;0;United Kingdom;Western Europe;"John Wiley and Sons Ltd";"1991-2026";"Aerospace Engineering (Q1); Biomedical Engineering (Q1); Chemical Engineering (miscellaneous) (Q1); Control and Systems Engineering (Q1); Electrical and Electronic Engineering (Q1); Industrial and Manufacturing Engineering (Q1); Mechanical Engineering (Q1)";"Chemical Engineering; Engineering"
38;27677;"Journal of Manufacturing Processes";journal;"15266125";"Elsevier B.V.";No;No;1,390;Q1;124;962;2358;45771;16232;2356;6,64;47,58;23,71;2;Netherlands;Western Europe;"Elsevier B.V.";"1999-2026";"Industrial and Manufacturing Engineering (Q1); Management Science and Operations Research (Q1); Strategy and Management (Q1)";"Business, Management and Accounting; Decision Sciences; Engineering"
39;20058;"Innovative Food Science and Emerging Technologies";journal;"14668564";"Elsevier B.V.";No;No;1,384;Q1;167;230;748;11962;5626;745;6,78;52,01;42,78;4;Netherlands;Western Europe;"Elsevier B.V.";"2000-2026";"Chemistry (miscellaneous) (Q1); Food Science (Q1); Industrial and Manufacturing Engineering (Q1)";"Agricultural and Biological Sciences; Chemistry; Engineering"
40;15700154705;"Operations Management Research";journal;"19369743, 19369735";"Springer New York";No;No;1,377;Q1;57;113;109;10091;1080;107;10,35;89,30;21,84;6;United States;Northern America;"Springer New York";"2008-2026";"Industrial and Manufacturing Engineering (Q1); Management of Technology and Innovation (Q1); Management Science and Operations Research (Q1); Strategy and Management (Q1)";"Business, Management and Accounting; Decision Sciences; Engineering"
41;21101098869;"Cleaner Logistics and Supply Chain";journal;"27723909";"Elsevier Ltd";Yes;No;1,354;Q1;37;41;83;2409;710;83;8,55;58,76;36,00;4;United Kingdom;Western Europe;"Elsevier Ltd";"2021-2026";"Environmental Science (miscellaneous) (Q1); Industrial and Manufacturing Engineering (Q1); Management, Monitoring, Policy and Law (Q1); Management of Technology and Innovation (Q1)";"Business, Management and Accounting; Engineering; Environmental Science"
42;21100901136;"Bio-Design and Manufacturing";journal;"25228552, 20965524";"Zhejiang University";No;No;1,330;Q1;49;47;151;3214;1246;138;8,57;68,38;39,93;1;China;Asiatic Region;"Zhejiang University";"2018-2026";"Biomedical Engineering (Q1); Biotechnology (Q1); Industrial and Manufacturing Engineering (Q1); Materials Science (miscellaneous) (Q1)";"Biochemistry, Genetics and Molecular Biology; Engineering; Materials Science"
43;21101112543;"Complex System Modeling and Simulation";journal;"20969929";"Tsinghua University Press";Yes;Yes;1,298;Q1;21;24;49;959;317;48;6,47;39,96;32,98;0;China;Asiatic Region;"Tsinghua University Press";"2021-2025";"Control and Systems Engineering (Q1); Electrical and Electronic Engineering (Q1); Industrial and Manufacturing Engineering (Q1)";"Engineering"
44;19804;"CIRP Annals";journal;"00078506, 17260604";"Elsevier Inc.";No;No;1,256;Q1;202;137;406;4522;1923;406;4,13;33,01;14,79;0;United States;Northern America;"Elsevier Inc.";"1964, 1969-2025";"Industrial and Manufacturing Engineering (Q1); Mechanical Engineering (Q1)";"Engineering"
45;19600166327;"Food Engineering Reviews";journal;"18667910, 18667929";"Springer New York";No;No;1,225;Q1;87;34;119;4173;966;117;7,04;122,74;43,12;2;United States;Northern America;"Springer New York";"2009-2026";"Industrial and Manufacturing Engineering (Q1)";"Engineering"
46;6200180161;"International Journal of Greenhouse Gas Control";journal;"17505836";"Elsevier";No;No;1,208;Q1;163;143;669;8014;3436;662;5,16;56,04;24,09;6;Netherlands;Western Europe;"Elsevier";"2007-2026";"Energy (miscellaneous) (Q1); Industrial and Manufacturing Engineering (Q1); Management, Monitoring, Policy and Law (Q1); Pollution (Q1)";"Energy; Engineering; Environmental Science"
47;19170;"Industrial Management and Data Systems";journal;"02635577";"Emerald Group Publishing Ltd.";No;No;1,207;Q1;141;127;355;10179;2229;346;5,13;80,15;36,17;0;United Kingdom;Western Europe;"Emerald Group Publishing Ltd.";"1980-2026";"Computer Science Applications (Q1); Industrial and Manufacturing Engineering (Q1); Industrial Relations (Q1); Management Information Systems (Q1); Strategy and Management (Q1)";"Business, Management and Accounting; Computer Science; Engineering"
48;12300154704;"CIRP Journal of Manufacturing Science and Technology";journal;"17555817, 18780016";"Elsevier Ltd";No;No;1,120;Q1;77;151;451;7559;2722;448;5,22;50,06;18,79;1;United Kingdom;Western Europe;"Elsevier Ltd";"2008-2026";"Industrial and Manufacturing Engineering (Q1)";"Engineering"
49;21101162721;"Additive Manufacturing Letters";journal;"27723690";"Elsevier B.V.";Yes;No;1,094;Q1;25;75;92;2623;394;91;4,28;34,97;17,24;0;Netherlands;Western Europe;"Elsevier B.V.";"2021-2026";"Engineering (miscellaneous) (Q1); Industrial and Manufacturing Engineering (Q1); Materials Science (miscellaneous) (Q1); Mechanics of Materials (Q1)";"Engineering; Materials Science"
50;21100933196;"ChemBioEng Reviews";journal;"21969744";"Wiley-Blackwell Publishing Ltd";No;No;1,089;Q1;54;60;83;7980;607;80;6,72;133,00;29,52;0;United Kingdom;Western Europe;"Wiley-Blackwell Publishing Ltd";"2014-2026";"Biochemistry (Q1); Bioengineering (Q1); Chemical Engineering (miscellaneous) (Q1); Filtration and Separation (Q1); Industrial and Manufacturing Engineering (Q1); Process Chemistry and Technology (Q1)";"Biochemistry, Genetics and Molecular Biology; Chemical Engineering; Engineering"
51;21100431860;"Facta Universitatis, Series: Mechanical Engineering";journal;"23350164, 03542025";"University of Nis";Yes;Yes;1,072;Q1;47;42;132;1967;1088;131;10,29;46,83;18,55;0;Serbia;Eastern Europe;"University of Nis";"2015-2025";"Civil and Structural Engineering (Q1); Industrial and Manufacturing Engineering (Q1); Mechanical Engineering (Q1); Mechanics of Materials (Q1); Polymers and Plastics (Q1)";"Engineering; Materials Science"
52;21100310027;"Advances in Manufacturing";journal;"20953127, 21953597";"Springer Science + Business Media";No;No;1,065;Q1;49;44;119;1733;725;119;6,82;39,39;26,67;0;United States;Northern America;"Springer Science + Business Media";"2013-2026";"Industrial and Manufacturing Engineering (Q1); Mechanical Engineering (Q1); Mechanics of Materials (Q1); Polymers and Plastics (Q1)";"Engineering; Materials Science"
53;21054;"Materials and Manufacturing Processes";journal;"10426914, 15322475";"Taylor and Francis Ltd.";No;No;1,058;Q1;105;188;496;7828;2499;493;5,19;41,64;14,99;0;United States;Northern America;"Taylor and Francis Ltd.";"1989-2026";"Industrial and Manufacturing Engineering (Q1); Materials Science (miscellaneous) (Q1); Mechanical Engineering (Q1); Mechanics of Materials (Q1)";"Engineering; Materials Science"
54;21101080173;"Chemical Engineering Journal Advances";journal;"26668211";"Elsevier B.V.";Yes;No;1,056;Q1;54;149;411;10335;2555;405;5,88;69,36;32,19;4;Netherlands;Western Europe;"Elsevier B.V.";"2020-2026";"Chemical Engineering (miscellaneous) (Q1); Chemistry (miscellaneous) (Q1); Industrial and Manufacturing Engineering (Q1); Environmental Chemistry (Q2)";"Chemical Engineering; Chemistry; Engineering; Environmental Science"
55;21101095936;"Journal of Leather Science and Engineering";journal;"25247859, 20966873";"Springer";Yes;Yes;1,043;Q1;0;0;0;0;0;0;0,00;0,00;0,00;0;Singapore;Asiatic Region;"Springer";"2019-2023";"Chemical Engineering (miscellaneous) (Q1); Chemistry (miscellaneous) (Q1); Industrial and Manufacturing Engineering (Q1); Process Chemistry and Technology (Q1); Waste Management and Disposal (Q1)";"Chemical Engineering; Chemistry; Engineering; Environmental Science"
56;19990;"International Journal of Industrial Organization";journal;"01677187";"Elsevier Inc.";No;No;1,036;Q1;100;74;185;3163;304;184;1,52;42,74;21,79;23;United States;Northern America;"Elsevier Inc.";"1983-2026";"Aerospace Engineering (Q1); Economics and Econometrics (Q1); Economics, Econometrics and Finance (miscellaneous) (Q1); Industrial and Manufacturing Engineering (Q1); Industrial Relations (Q1); Strategy and Management (Q1)";"Business, Management and Accounting; Economics, Econometrics and Finance; Engineering"
57;20593;"Engineering Failure Analysis";journal;"13506307";"Elsevier B.V.";No;No;1,031;Q1;123;757;2276;35026;11049;2275;4,77;46,27;24,94;7;Netherlands;Western Europe;"Elsevier B.V.";"1994-2026";"Aerospace Engineering (Q1); Automotive Engineering (Q1); Engineering (miscellaneous) (Q1); Industrial and Manufacturing Engineering (Q1); Materials Science (miscellaneous) (Q1); Mechanical Engineering (Q1); Mechanics of Materials (Q1); Safety, Risk, Reliability and Quality (Q1)";"Engineering; Materials Science"
58;21100981413;"International Journal of Lightweight Materials and Manufacture";journal;"25888404";"KeAi Publishing Communications Ltd.";Yes;Yes;1,017;Q1;41;48;139;2411;799;139;5,82;50,23;23,63;0;China;Asiatic Region;"KeAi Publishing Communications Ltd.";"2018-2026";"Industrial and Manufacturing Engineering (Q1); Materials Science (miscellaneous) (Q1); Mechanics of Materials (Q1)";"Engineering; Materials Science"
59;14200154736;"Food and Bioprocess Technology";journal;"19355149, 19355130";"Springer";No;No;1,006;Q1;136;204;527;13885;3226;525;5,60;68,06;46,50;0;United States;Northern America;"Springer";"2008-2026";"Food Science (Q1); Industrial and Manufacturing Engineering (Q1); Process Chemistry and Technology (Q1); Safety, Risk, Reliability and Quality (Q1)";"Agricultural and Biological Sciences; Chemical Engineering; Engineering"
60;18198;"International Journal of Computer Integrated Manufacturing";journal;"0951192X, 13623052";"Taylor and Francis Ltd.";No;No;0,987;Q1;79;90;242;5040;1350;236;5,11;56,00;22,96;0;United Kingdom;Western Europe;"Taylor and Francis Ltd.";"1988-2026";"Aerospace Engineering (Q1); Computer Science Applications (Q1); Electrical and Electronic Engineering (Q1); Industrial and Manufacturing Engineering (Q1); Mechanical Engineering (Q1)";"Computer Science; Engineering"
61;12133;"Hydrometallurgy";journal;"0304386X";"Elsevier B.V.";No;No;0,981;Q1;155;172;601;8352;3165;600;5,05;48,56;31,93;1;Netherlands;Western Europe;"Elsevier B.V.";"1975-2026";"Industrial and Manufacturing Engineering (Q1); Materials Chemistry (Q1); Metals and Alloys (Q1)";"Engineering; Materials Science"
62;21184;"Journal of Quality Technology";journal;"00224065";"Taylor and Francis Ltd.";No;No;0,975;Q1;102;35;97;1399;283;89;3,09;39,97;24,78;0;United States;Northern America;"Taylor and Francis Ltd.";"1969-1980, 1982-1985, 1987-1988, 1990, 1992-2026";"Industrial and Manufacturing Engineering (Q1); Safety, Risk, Reliability and Quality (Q1); Management Science and Operations Research (Q2); Strategy and Management (Q2)";"Business, Management and Accounting; Decision Sciences; Engineering"
63;17388;"IEEE Transactions on Semiconductor Manufacturing";journal;"08946507, 15582345";"Institute of Electrical and Electronics Engineers Inc.";No;No;0,967;Q1;87;78;230;2299;753;216;2,47;29,47;19,46;0;United States;Northern America;"Institute of Electrical and Electronics Engineers Inc.";"1988-2026";"Condensed Matter Physics (Q1); Electrical and Electronic Engineering (Q1); Electronic, Optical and Magnetic Materials (Q1); Industrial and Manufacturing Engineering (Q1)";"Engineering; Materials Science; Physics and Astronomy"
64;24360;"Journal of Intelligent and Robotic Systems: Theory and Applications";journal;"15730409, 09210296";"Springer Nature";No;No;0,960;Q1;111;237;748;10536;3114;710;3,86;44,46;19,28;2;Netherlands;Western Europe;"Springer Nature";"1988-2026";"Electrical and Electronic Engineering (Q1); Industrial and Manufacturing Engineering (Q1); Mechanical Engineering (Q1); Artificial Intelligence (Q2); Control and Systems Engineering (Q2); Software (Q2)";"Computer Science; Engineering"
65;21100317418;"International Journal of Precision Engineering and Manufacturing - Green Technology";journal;"21980810, 22886206";"Springer Science + Business Media";No;No;0,946;Q1;65;100;311;5679;1606;308;5,30;56,79;21,79;0;United States;Northern America;"Springer Science + Business Media";"2014-2026";"Industrial and Manufacturing Engineering (Q1); Materials Science (miscellaneous) (Q1); Mechanical Engineering (Q1); Management of Technology and Innovation (Q2); Renewable Energy, Sustainability and the Environment (Q2)";"Business, Management and Accounting; Energy; Engineering; Materials Science"
66;14414;"Journal of Process Control";journal;"09591524";"Elsevier Ltd";No;No;0,908;Q1;138;167;430;7183;1846;430;3,81;43,01;22,95;1;United Kingdom;Western Europe;"Elsevier Ltd";"1991-2026";"Industrial and Manufacturing Engineering (Q1); Modeling and Simulation (Q1); Computer Science Applications (Q2); Control and Systems Engineering (Q2)";"Computer Science; Engineering; Mathematics"
67;19806;"Chinese Journal of Mechanical Engineering (English Edition)";journal;"21928258, 10009345";"KeAi Communications Co.";Yes;Yes;0,877;Q1;64;155;384;6150;1917;377;4,73;39,68;27,10;0;China;Asiatic Region;"KeAi Communications Co.";"1990, 1998-2026";"Industrial and Manufacturing Engineering (Q1); Mechanical Engineering (Q1)";"Engineering"
68;17600155397;"International Journal of Design";journal;"1994036X, 19913761";"Chinese Institute of Design";Yes;No;0,876;Q1;59;18;60;1247;182;59;2,65;69,28;52,46;0;Taiwan;Asiatic Region;"Chinese Institute of Design";"2007-2025";"Computer Graphics and Computer-Aided Design (Q1); Industrial and Manufacturing Engineering (Q1); Visual Arts and Performing Arts (Q1); Computer Science Applications (Q2); Marketing (Q2); Strategy and Management (Q2)";"Arts and Humanities; Business, Management and Accounting; Computer Science; Engineering"
69;21100942825;"Progress in Additive Manufacturing";journal;"23639520, 23639512";"Springer Verlag";No;No;0,875;Q1;53;121;212;5735;1052;198;4,78;47,40;19,33;1;Germany;Western Europe;"Springer Verlag";"2016-2026";"Industrial and Manufacturing Engineering (Q1)";"Engineering"
70;13896;"Construction Management and Economics";journal;"01446193, 1466433X";"Taylor and Francis Ltd.";No;No;0,874;Q1;121;55;193;4011;896;181;3,95;72,93;39,61;7;United Kingdom;Western Europe;"Taylor and Francis Ltd.";"1983-2026";"Building and Construction (Q1); Industrial and Manufacturing Engineering (Q1); Management Information Systems (Q1)";"Business, Management and Accounting; Engineering"
71;21100377744;"International Journal of Lean Six Sigma";journal;"20404166, 20404174";"Emerald Publishing";No;No;0,873;Q1;65;72;154;5578;864;150;4,69;77,47;30,77;0;United Kingdom;Western Europe;"Emerald Publishing";"2010-2026";"Industrial and Manufacturing Engineering (Q1); Management Science and Operations Research (Q2); Strategy and Management (Q2)";"Business, Management and Accounting; Decision Sciences; Engineering"
72;30286;"Journal of King Saud University - Engineering Sciences";journal;"10183639";"Springer International Publishing";Yes;Yes;0,865;Q1;65;63;213;2331;1065;209;4,61;37,00;21,08;1;Switzerland;Western Europe;"Springer International Publishing";"1989-2026";"Civil and Structural Engineering (Q1); Electrical and Electronic Engineering (Q1); Environmental Engineering (Q1); Fluid Flow and Transfer Processes (Q1); Fuel Technology (Q1); Industrial and Manufacturing Engineering (Q1); Materials Science (miscellaneous) (Q1); Mechanical Engineering (Q1); Catalysis (Q2); Computer Networks and Communications (Q2); Renewable Energy, Sustainability and the Environment (Q2)";"Chemical Engineering; Computer Science; Energy; Engineering; Environmental Science; Materials Science"
73;21100794597;"IISE Transactions";journal;"24725862, 24725854";"Taylor and Francis Ltd.";No;No;0,862;Q1;115;86;268;4405;794;268;2,15;51,22;31,08;3;United Kingdom;Western Europe;"Taylor and Francis Ltd.";"2017-2026";"Industrial and Manufacturing Engineering (Q1)";"Engineering"
74;21101055806;"Advances in Industrial and Manufacturing Engineering";journal;"26669129";"Elsevier B.V.";Yes;No;0,826;Q1;28;26;71;1410;376;69;5,45;54,23;9,18;1;Netherlands;Western Europe;"Elsevier B.V.";"2020-2025";"Engineering (miscellaneous) (Q1); Industrial and Manufacturing Engineering (Q1); Mechanical Engineering (Q1); Mechanics of Materials (Q1)";"Engineering"
75;16413;"Chemical Engineering Science";journal;"00092509";"Elsevier B.V.";No;No;0,817;Q1;233;1011;2460;52018;11136;2451;4,43;51,45;30,60;2;United Kingdom;Western Europe;"Elsevier B.V.";"1951-2026";"Chemical Engineering (miscellaneous) (Q1); Chemistry (miscellaneous) (Q1); Industrial and Manufacturing Engineering (Q1); Applied Mathematics (Q2)";"Chemical Engineering; Chemistry; Engineering; Mathematics"
76;13057;"Industrial and Engineering Chemistry Research";journal;"15205045, 08885885";"American Chemical Society";No;No;0,811;Q1;278;1812;5287;102500;22217;5235;3,91;56,57;31,31;7;United States;Northern America;"American Chemical Society";"1987-2026";"Chemical Engineering (miscellaneous) (Q1); Chemistry (miscellaneous) (Q1); Industrial and Manufacturing Engineering (Q1)";"Chemical Engineering; Chemistry; Engineering"
77;21101055807;"Journal of Advanced Joining Processes";journal;"26663309";"Elsevier B.V.";Yes;No;0,806;-;28;34;129;1355;598;124;4,21;39,85;16,41;0;Netherlands;Western Europe;"Elsevier B.V.";"2020-2026";"Chemical Engineering (miscellaneous) (Q1); Engineering (miscellaneous) (Q1); Mechanical Engineering (Q1); Mechanics of Materials (Q1)";"Chemical Engineering; Engineering"
78;18145;"CAD Computer Aided Design";journal;"00104485";"Elsevier Ltd";No;No;0,791;Q1;135;108;270;5236;976;265;3,37;48,48;22,47;0;United Kingdom;Western Europe;"Elsevier Ltd";"1968-2026";"Industrial and Manufacturing Engineering (Q1); Computer Graphics and Computer-Aided Design (Q2); Computer Science Applications (Q2)";"Computer Science; Engineering"
79;21101024218;"Applied System Innovation";journal;"25715577";"Multidisciplinary Digital Publishing Institute (MDPI)";Yes;No;0,788;Q1;44;113;281;5855;1622;275;5,74;51,81;29,63;3;Switzerland;Western Europe;"Multidisciplinary Digital Publishing Institute (MDPI)";"2018-2026";"Industrial and Manufacturing Engineering (Q1); Applied Mathematics (Q2); Artificial Intelligence (Q2); Control and Systems Engineering (Q2); Human-Computer Interaction (Q2); Information Systems (Q2)";"Computer Science; Engineering; Mathematics"
80;21100853806;"Molecular Systems Design and Engineering";journal;"20589689";"Royal Society of Chemistry";No;No;0,783;Q1;51;107;383;6808;1315;376;3,16;63,63;28,27;1;United Kingdom;Western Europe;"Royal Society of Chemistry";"2016-2026";"Chemical Engineering (miscellaneous) (Q1); Chemistry (miscellaneous) (Q1); Industrial and Manufacturing Engineering (Q1); Materials Chemistry (Q1); Biomedical Engineering (Q2); Energy Engineering and Power Technology (Q2); Process Chemistry and Technology (Q2)";"Chemical Engineering; Chemistry; Energy; Engineering; Materials Science"
81;21101048330;"Mining Science and Technology (Russian Federation)";journal;"25000632";"National University of Science and Technology MISIS";Yes;Yes;0,773;Q1;15;31;86;797;167;86;2,54;25,71;35,37;0;Russian Federation;Eastern Europe;"National University of Science and Technology MISIS";"2016-2025";"Geology (Q1); Industrial and Manufacturing Engineering (Q1); Geotechnical Engineering and Engineering Geology (Q2); Process Chemistry and Technology (Q2)";"Chemical Engineering; Earth and Planetary Sciences; Engineering"
82;20952;"Journal of Computing and Information Science in Engineering";journal;"15309827";"The American Society of Mechanical Engineers(ASME)";No;No;0,768;Q1;66;105;256;5324;914;249;3,36;50,70;18,96;1;United States;Northern America;"The American Society of Mechanical Engineers(ASME)";"2001-2026";"Industrial and Manufacturing Engineering (Q1); Computer Graphics and Computer-Aided Design (Q2); Computer Science Applications (Q2); Software (Q2)";"Computer Science; Engineering"
83;17600155106;"Flexible Services and Manufacturing Journal";journal;"19366590, 19366582";"Springer New York";No;No;0,766;Q1;58;43;97;1810;309;92;3,45;42,09;20,00;1;United States;Northern America;"Springer New York";"2006, 2008-2026";"Industrial and Manufacturing Engineering (Q1); Management Science and Operations Research (Q2)";"Decision Sciences; Engineering"
84;21101041933;"IET Collaborative Intelligent Manufacturing";journal;"25168398";"John Wiley &amp; Sons Inc.";Yes;No;0,754;Q1;21;24;76;1203;259;71;3,14;50,13;34,78;1;United States;Northern America;"John Wiley &amp; Sons Inc.";"2019-2026";"Industrial and Manufacturing Engineering (Q1); Artificial Intelligence (Q2); Computer Science Applications (Q2); Hardware and Architecture (Q2)";"Computer Science; Engineering"
85;21100894513;"Chemical Engineering Science: X";journal;"25901400";"Elsevier Ltd";Yes;No;0,750;Q1;24;0;63;0;274;61;4,26;0,00;0,00;0;United Kingdom;Western Europe;"Elsevier Ltd";"2019-2022";"Chemical Engineering (miscellaneous) (Q1); Chemistry (miscellaneous) (Q1); Industrial and Manufacturing Engineering (Q1)";"Chemical Engineering; Chemistry; Engineering"
86;21100241791;"Journal of Industrial and Production Engineering";journal;"21681023, 21681015";"Taylor and Francis Ltd.";No;No;0,746;Q1;44;40;124;2392;565;124;5,43;59,80;20,95;1;United Kingdom;Western Europe;"Taylor and Francis Ltd.";"2013-2026";"Industrial and Manufacturing Engineering (Q1); Control and Systems Engineering (Q2)";"Engineering"
87;21100935975;"Integrating Materials and Manufacturing Innovation";journal;"21939764, 21939772";"Springer International Publishing AG";No;No;0,742;Q1;40;36;123;1632;386;123;2,66;45,33;20,97;0;Switzerland;Western Europe;"Springer International Publishing AG";"2012-2026";"Industrial and Manufacturing Engineering (Q1); Materials Science (miscellaneous) (Q2)";"Engineering; Materials Science"
88;16392;"Chemical Engineering and Processing - Process Intensification";journal;"02552701";"Elsevier B.V.";No;No;0,739;Q1;139;302;1133;15922;4996;1128;4,36;52,72;29,34;0;Netherlands;Western Europe;"Elsevier B.V.";"1984-2026";"Chemical Engineering (miscellaneous) (Q1); Industrial and Manufacturing Engineering (Q1); Chemistry (miscellaneous) (Q2); Energy Engineering and Power Technology (Q2); Process Chemistry and Technology (Q2)";"Chemical Engineering; Chemistry; Energy; Engineering"
89;4500151512;"Nanotechnology and Precision Engineering";journal;"16726030, 25895540";"American Institute of Physics";Yes;Yes;0,739;Q1;27;32;75;1477;337;74;3,94;46,16;24,65;0;United States;Northern America;"American Institute of Physics";"2006-2026";"Industrial and Manufacturing Engineering (Q1); Instrumentation (Q1); Mechanical Engineering (Q1); Electrical and Electronic Engineering (Q2); Nanoscience and Nanotechnology (Q2)";"Engineering; Materials Science; Physics and Astronomy"
90;21691;"Rapid Prototyping Journal";journal;"13552546";"Emerald Group Publishing Ltd.";No;No;0,733;Q1;134;161;482;8026;2174;482;3,86;49,85;19,06;0;United Kingdom;Western Europe;"Emerald Group Publishing Ltd.";"1995-2026";"Industrial and Manufacturing Engineering (Q1); Mechanical Engineering (Q1)";"Engineering"
91;28585;"Acta Metallurgica Sinica (English Letters)";journal;"21941289, 10067191";"Springer International Publishing";No;No;0,732;Q1;60;161;495;7872;1778;477;3,23;48,89;29,66;0;China;Asiatic Region;"Springer International Publishing";"1997-2025";"Industrial and Manufacturing Engineering (Q1); Metals and Alloys (Q1)";"Engineering; Materials Science"
92;21100857214;"International Journal of Bioprinting";journal;"24247723, 24248002";"AccScience Publishing";Yes;No;0,724;Q1;50;158;198;10838;1111;196;4,99;68,59;37,27;1;Singapore;Asiatic Region;"AccScience Publishing";"2015-2026";"Industrial and Manufacturing Engineering (Q1); Biotechnology (Q2); Materials Science (miscellaneous) (Q2)";"Biochemistry, Genetics and Molecular Biology; Engineering; Materials Science"
93;20966;"Journal of Manufacturing Science and Engineering";journal;"10871357, 15288935";"American Society of Mechanical Engineers (ASME)";No;No;0,719;Q1;125;156;474;7370;1711;473;2,80;47,24;20,04;1;United States;Northern America;"American Society of Mechanical Engineers (ASME)";"1960-2026";"Industrial and Manufacturing Engineering (Q1); Mechanical Engineering (Q1); Computer Science Applications (Q2); Control and Systems Engineering (Q2)";"Computer Science; Engineering"
94;20428;"International Journal of Advanced Manufacturing Technology";journal;"02683768, 14333015";"Springer London";No;No;0,696;Q2;188;2143;5663;84384;20365;5658;3,27;39,38;23,04;4;United Kingdom;Western Europe;"Springer London";"1985-2026";"Computer Science Applications (Q2); Control and Systems Engineering (Q2); Industrial and Manufacturing Engineering (Q2); Mechanical Engineering (Q2); Software (Q2)";"Computer Science; Engineering"
95;21100319031;"Green Processing and Synthesis";journal;"21919550, 21919542";"Walter de Gruyter GmbH";Yes;No;0,692;Q2;54;122;245;6139;1271;245;4,06;50,32;37,52;0;Germany;Western Europe;"Walter de Gruyter GmbH";"2012-2026";"Chemical Engineering (miscellaneous) (Q2); Environmental Chemistry (Q2); Fuel Technology (Q2); Health, Toxicology and Mutagenesis (Q2); Industrial and Manufacturing Engineering (Q2); Renewable Energy, Sustainability and the Environment (Q2)";"Chemical Engineering; Energy; Engineering; Environmental Science"
96;13559;"Journal of Loss Prevention in the Process Industries";journal;"09504230";"Elsevier B.V.";No;No;0,689;Q2;117;223;764;9384;3220;756;4,06;42,08;31,41;4;Netherlands;Western Europe;"Elsevier B.V.";"1988-2026";"Food Science (Q1); Chemical Engineering (miscellaneous) (Q2); Control and Systems Engineering (Q2); Energy Engineering and Power Technology (Q2); Industrial and Manufacturing Engineering (Q2); Management Science and Operations Research (Q2); Safety, Risk, Reliability and Quality (Q2)";"Agricultural and Biological Sciences; Chemical Engineering; Decision Sciences; Energy; Engineering"
97;20115;"International Journal of Food Science and Technology";journal;"09505423, 13652621";"Oxford University Press";Yes;No;0,685;Q2;134;653;1774;28131;6156;1745;3,14;43,08;48,06;2;United Kingdom;Western Europe;"Oxford University Press";"1966-2026";"Food Science (Q1); Industrial and Manufacturing Engineering (Q2)";"Agricultural and Biological Sciences; Engineering"
98;21100456196;"Production and Manufacturing Research";journal;"21693277";"Taylor and Francis Ltd.";Yes;No;0,685;Q2;36;33;74;2719;311;74;2,87;82,39;28,57;2;United Kingdom;Western Europe;"Taylor and Francis Ltd.";"2013-2026";"Industrial and Manufacturing Engineering (Q2)";"Engineering"
99;21100977478;"Journal of Manufacturing and Materials Processing";journal;"25044494";"Multidisciplinary Digital Publishing Institute (MDPI)";Yes;No;0,681;Q2;50;223;423;10673;1578;419;3,74;47,86;17,51;0;Switzerland;Western Europe;"Multidisciplinary Digital Publishing Institute (MDPI)";"2017-2026";"Industrial and Manufacturing Engineering (Q2); Mechanical Engineering (Q2); Mechanics of Materials (Q2)";"Engineering"
100;23068;"European Food Research and Technology";journal;"14382385, 14382377";"Springer Science and Business Media Deutschland GmbH";No;No;0,674;Q2;136;252;719;13089;2913;718;3,82;51,94;50,56;3;Germany;Western Europe;"Springer Science and Business Media Deutschland GmbH";"1996-2026";"Food Science (Q1); Biochemistry (Q2); Biotechnology (Q2); Chemistry (miscellaneous) (Q2); Industrial and Manufacturing Engineering (Q2)";"Agricultural and Biological Sciences; Biochemistry, Genetics and Molecular Biology; Chemistry; Engineering"
101;21101080423;"Energetic Materials Frontiers";journal;"26666472";"KeAi Communications Co.";Yes;Yes;0,670;Q2;25;31;102;1469;397;96;3,58;47,39;29,30;0;China;Asiatic Region;"KeAi Communications Co.";"2020-2026";"Chemical Engineering (miscellaneous) (Q2); Industrial and Manufacturing Engineering (Q2); Materials Chemistry (Q2); Materials Science (miscellaneous) (Q2)";"Chemical Engineering; Engineering; Materials Science"
102;20406;"Proceedings of the Institution of Mechanical Engineers, Part B: Journal of Engineering Manufacture";journal;"20412975, 09544054";"SAGE Publications Inc.";No;No;0,661;Q2;89;186;485;6724;1459;480;2,96;36,15;21,09;0;United Kingdom;Western Europe;"SAGE Publications Inc.";"1983-2026";"Industrial and Manufacturing Engineering (Q2); Mechanical Engineering (Q2)";"Engineering"
103;13858;"Research in Engineering Design - Theory, Applications, and Concurrent Engineering";journal;"14356066, 09349839";"Springer London";No;No;0,649;Q2;81;22;73;1926;257;68;2,94;87,55;29,85;0;United Kingdom;Western Europe;"Springer London";"1989-2026";"Architecture (Q1); Civil and Structural Engineering (Q2); Industrial and Manufacturing Engineering (Q2); Mechanical Engineering (Q2)";"Engineering"
104;21100779062;"3D Printing and Additive Manufacturing";journal;"23297662, 23297670";"Mary Ann Liebert Inc.";No;No;0,646;Q2;54;117;121;5513;514;118;3,46;47,12;29,13;0;United States;Northern America;"Mary Ann Liebert Inc.";"2014-2026";"Industrial and Manufacturing Engineering (Q2); Materials Science (miscellaneous) (Q2)";"Engineering; Materials Science"
105;21223;"Machining Science and Technology";journal;"10910344, 15322483";"Taylor and Francis Ltd.";No;No;0,634;Q2;68;24;108;1352;366;108;2,64;56,33;16,46;0;United States;Northern America;"Taylor and Francis Ltd.";"1997-2026";"Industrial and Manufacturing Engineering (Q2); Materials Science (miscellaneous) (Q2); Mechanical Engineering (Q2)";"Engineering; Materials Science"
106;21100386518;"Advances in Production Engineering and Management";journal;"18556531, 18546250";"Production Engineering Institute";No;No;0,633;Q2;35;36;108;1219;389;108;3,44;33,86;32,67;0;Slovenia;Eastern Europe;"Production Engineering Institute";"2014-2025";"Industrial and Manufacturing Engineering (Q2); Management of Technology and Innovation (Q2); Management Science and Operations Research (Q2); Mechanical Engineering (Q2); Nuclear and High Energy Physics (Q2)";"Business, Management and Accounting; Decision Sciences; Engineering; Physics and Astronomy"
107;21100224010;"Journal of Food Measurement and Characterization";journal;"21934134, 21934126";"Springer Science + Business Media";No;No;0,622;Q2;66;539;1295;26761;4898;1295;3,72;49,65;46,17;3;United States;Northern America;"Springer Science + Business Media";"2012-2026";"Chemical Engineering (miscellaneous) (Q2); Food Science (Q2); Industrial and Manufacturing Engineering (Q2); Safety, Risk, Reliability and Quality (Q2)";"Agricultural and Biological Sciences; Chemical Engineering; Engineering"
108;29114;"Engineering Optimization";journal;"0305215X, 10290273";"Taylor and Francis Ltd.";No;No;0,621;Q2;82;117;366;4064;1116;366;2,81;34,74;21,67;0;United Kingdom;Western Europe;"Taylor and Francis Ltd.";"1974-2026";"Applied Mathematics (Q2); Computer Science Applications (Q2); Control and Optimization (Q2); Industrial and Manufacturing Engineering (Q2); Management Science and Operations Research (Q2)";"Computer Science; Decision Sciences; Engineering; Mathematics"
109;10900153307;"Journal of Simulation";journal;"17477778, 17477786";"Taylor and Francis Ltd.";No;No;0,621;Q2;36;48;86;2611;256;83;1,98;54,40;28,06;1;United Kingdom;Western Europe;"Taylor and Francis Ltd.";"2008-2026";"Industrial and Manufacturing Engineering (Q2); Management Science and Operations Research (Q2); Modeling and Simulation (Q2); Software (Q2)";"Computer Science; Decision Sciences; Engineering; Mathematics"
110;26091;"Wood Science and Technology";journal;"00437719, 14325225";"Springer Science and Business Media Deutschland GmbH";No;No;0,615;Q2;97;73;281;3482;958;278;3,45;47,70;38,25;0;Germany;Western Europe;"Springer Science and Business Media Deutschland GmbH";"1967-2026";"Forestry (Q1); Industrial and Manufacturing Engineering (Q2); Materials Science (miscellaneous) (Q2); Plant Science (Q2)";"Agricultural and Biological Sciences; Engineering; Materials Science"
111;21100810712;"Journal of Remanufacturing";journal;"2210464X, 22104690";"SpringerOpen";Yes;No;0,590;Q2;30;16;41;832;120;41;2,93;52,00;29,03;2;Netherlands;Western Europe;"SpringerOpen";"2011-2026";"Industrial and Manufacturing Engineering (Q2); Management, Monitoring, Policy and Law (Q2); Waste Management and Disposal (Q2)";"Engineering; Environmental Science"
112;21100283796;"Manufacturing Letters";journal;"22138463";"Society of Manufacturing Engineers";No;No;0,587;Q2;52;222;352;6407;1111;348;2,51;28,86;20,09;2;United States;Northern America;"Society of Manufacturing Engineers";"2013-2026";"Industrial and Manufacturing Engineering (Q2); Mechanics of Materials (Q2)";"Engineering"
113;15300154820;"Production Engineering";journal;"09446524, 18637353";"Springer Science and Business Media Deutschland GmbH";No;No;0,586;Q2;47;73;207;2336;512;206;2,42;32,00;12,66;0;Germany;Western Europe;"Springer Science and Business Media Deutschland GmbH";"1977, 2008-2026";"Industrial and Manufacturing Engineering (Q2); Mechanical Engineering (Q2)";"Engineering"
114;18047;"Industrial Robot";journal;"17585791, 0143991X";"Emerald Publishing";No;No;0,576;Q2;69;88;281;2909;821;278;2,92;33,06;24,00;0;United Kingdom;Western Europe;"Emerald Publishing";"1973-1989, 1991, 1993, 1995-2026";"Computer Science Applications (Q2); Control and Systems Engineering (Q2); Industrial and Manufacturing Engineering (Q2)";"Computer Science; Engineering"
115;21100286906;"Eurasian Mining";journal;"24140120, 20720823";"Ore and Metals Publishing house";No;No;0,574;Q2;21;45;108;1198;187;108;1,45;26,62;33,94;0;Russian Federation;Eastern Europe;"Ore and Metals Publishing house";"2013-2025";"Business and International Management (Q2); Economic Geology (Q2); Geotechnical Engineering and Engineering Geology (Q2); Industrial and Manufacturing Engineering (Q2); Management of Technology and Innovation (Q2)";"Business, Management and Accounting; Earth and Planetary Sciences; Engineering"
116;10600153345;"International Journal of Precision Engineering and Manufacturing";journal;"22347593, 20054602";"Korean Society of Precision Engineering";No;No;0,573;Q2;78;174;473;5351;1170;473;2,51;30,75;23,52;0;South Korea;Asiatic Region;"Korean Society of Precision Engineering";"2008-2026";"Electrical and Electronic Engineering (Q2); Industrial and Manufacturing Engineering (Q2); Mechanical Engineering (Q2)";"Engineering"
117;21101107172;"International Journal of Forest Engineering";journal;"14942119, 19132220";"Informa UK Limited";No;No;0,570;Q2;17;39;94;1669;194;90;1,97;42,79;24,24;9;United Kingdom;Western Europe;"Informa UK Limited";"2019-2026";"Agricultural and Biological Sciences (miscellaneous) (Q1); Forestry (Q1); Agronomy and Crop Science (Q2); Engineering (miscellaneous) (Q2); Industrial and Manufacturing Engineering (Q2)";"Agricultural and Biological Sciences; Engineering"
118;21100199777;"IEEE Transactions on Components, Packaging and Manufacturing Technology";journal;"21563950, 21563985";"Institute of Electrical and Electronics Engineers Inc.";No;No;0,562;Q2;122;219;681;7061;1900;676;2,89;32,24;20,28;0;United States;Northern America;"Institute of Electrical and Electronics Engineers Inc.";"2011-2026";"Electrical and Electronic Engineering (Q2); Electronic, Optical and Magnetic Materials (Q2); Industrial and Manufacturing Engineering (Q2)";"Engineering; Materials Science"
119;21101022435;"Nanomanufacturing and Metrology";journal;"25208128, 2520811X";"Springer Nature";No;No;0,561;Q2;27;36;99;1398;293;90;2,60;38,83;27,10;0;Netherlands;Western Europe;"Springer Nature";"2018-2026";"Industrial and Manufacturing Engineering (Q2); Materials Science (miscellaneous) (Q2); Mechanical Engineering (Q2)";"Engineering; Materials Science"
120;21100223326;"International Journal of Industrial Engineering Computations";journal;"19232934, 19232926";"Growing Science";Yes;No;0,560;Q2;42;50;106;1994;336;106;2,33;39,88;35,46;0;Canada;Northern America;"Growing Science";"2010-2026";"Industrial and Manufacturing Engineering (Q2)";"Engineering"
121;21101152520;"Robotic Intelligence and Automation";journal;"27546977, 27546969";"Emerald Publishing";No;No;0,555;Q2;56;54;211;2054;521;209;2,30;38,04;25,39;0;United Kingdom;Western Europe;"Emerald Publishing";"2023-2026";"Computer Science Applications (Q2); Control and Systems Engineering (Q2); Electrical and Electronic Engineering (Q2); Industrial and Manufacturing Engineering (Q2); Artificial Intelligence (Q3); Human-Computer Interaction (Q3)";"Computer Science; Engineering"
122;144950;"Journal of Geophysics and Engineering";journal;"17422140, 17422132";"Oxford University Press";Yes;No;0,542;Q2;57;102;259;3480;427;258;1,71;34,12;33,61;0;United Kingdom;Western Europe;"Oxford University Press";"2004-2026";"Geology (Q2); Geophysics (Q2); Industrial and Manufacturing Engineering (Q2); Management, Monitoring, Policy and Law (Q2)";"Earth and Planetary Sciences; Engineering; Environmental Science"
123;23678;"Artificial Intelligence for Engineering Design, Analysis and Manufacturing: AIEDAM";journal;"08900604, 14691760";"Cambridge University Press";No;No;0,526;Q2;65;25;102;1711;257;98;2,56;68,44;27,16;0;United Kingdom;Western Europe;"Cambridge University Press";"1987-2026";"Industrial and Manufacturing Engineering (Q2); Artificial Intelligence (Q3)";"Computer Science; Engineering"
124;21100198509;"International Journal of Metalcasting";journal;"21633193, 19395981";"Springer Science and Business Media Deutschland GmbH";No;No;0,526;Q2;41;247;393;7909;1071;380;2,78;32,02;21,36;0;Germany;Western Europe;"Springer Science and Business Media Deutschland GmbH";"2007-2026";"Industrial and Manufacturing Engineering (Q2); Materials Chemistry (Q2); Mechanics of Materials (Q2); Metals and Alloys (Q2)";"Engineering; Materials Science"
125;21100211751;"International Journal of Industrial Engineering and Management";journal;"22172661, 2683345X";"University of Novi Sad";Yes;Yes;0,519;Q2;27;25;77;1218;251;73;3,56;48,72;29,23;0;Serbia;Eastern Europe;"University of Novi Sad";"2010-2025";"Business, Management and Accounting (miscellaneous) (Q2); Industrial and Manufacturing Engineering (Q2)";"Business, Management and Accounting; Engineering"
126;21100224432;"Journal of the Korean Wood Science and Technology";journal;"22337180, 10170715";"Korean Society of Wood Science Technology";No;No;0,518;Q2;27;43;164;1921;487;163;3,23;44,67;36,36;0;South Korea;Asiatic Region;"Korean Society of Wood Science Technology";"2012-2026";"Industrial and Manufacturing Engineering (Q2); Materials Science (miscellaneous) (Q2)";"Engineering; Materials Science"
127;21100842867;"HardwareX";journal;"24680672";"Elsevier Ltd";Yes;No;0,511;Q2;34;115;282;3458;769;282;2,52;30,07;22,36;1;United Kingdom;Western Europe;"Elsevier Ltd";"2017-2026";"Civil and Structural Engineering (Q2); Industrial and Manufacturing Engineering (Q2); Instrumentation (Q2); Mechanical Engineering (Q2); Biomedical Engineering (Q3)";"Engineering; Physics and Astronomy"
128;19700201670;"CYTA - Journal of Food";journal;"19476345, 19476337";"Taylor and Francis Ltd.";Yes;No;0,510;Q2;56;82;219;4065;619;219;2,46;49,57;46,39;0;United Kingdom;Western Europe;"Taylor and Francis Ltd.";"2009-2026";"Chemical Engineering (miscellaneous) (Q2); Chemistry (miscellaneous) (Q2); Food Science (Q2); Industrial and Manufacturing Engineering (Q2)";"Agricultural and Biological Sciences; Chemical Engineering; Chemistry; Engineering"
129;13832;"Quality Engineering";journal;"15324222, 08982112";"Taylor and Francis Ltd.";No;No;0,504;Q2;53;57;171;1854;347;153;1,52;32,53;37,16;1;United States;Northern America;"Taylor and Francis Ltd.";"1970-1972, 1974, 1988-2026";"Industrial and Manufacturing Engineering (Q2); Safety, Risk, Reliability and Quality (Q2)";"Engineering"
130;23189;"Food Science and Technology International";journal;"15321738, 10820132";"SAGE Publications Inc.";No;No;0,502;Q2;79;74;202;3664;648;202;3,11;49,51;46,93;1;United States;Northern America;"SAGE Publications Inc.";"1995-2026";"Chemical Engineering (miscellaneous) (Q2); Food Science (Q2); Industrial and Manufacturing Engineering (Q2)";"Agricultural and Biological Sciences; Chemical Engineering; Engineering"
131;21101061412;"Journal of the Global Power and Propulsion Society";journal;"25153080";"Global Power and Propulsion Society";Yes;No;0,498;Q2;14;25;56;718;93;55;1,57;28,72;11,63;0;Switzerland;Western Europe;"Global Power and Propulsion Society";"2019-2026";"Aerospace Engineering (Q2); Industrial and Manufacturing Engineering (Q2); Mechanical Engineering (Q2)";"Engineering"
132;21100898936;"Mining Informational and Analytical Bulletin";journal;"02361493";"Publishing house Mining book";No;No;0,492;Q2;25;251;998;7039;1376;998;1,48;28,04;35,92;0;Russian Federation;Eastern Europe;"Publishing house Mining book";"2018-2026";"Ecology (Q2); Geochemistry and Petrology (Q2); Geology (Q2); Geotechnical Engineering and Engineering Geology (Q2); Industrial and Manufacturing Engineering (Q2)";"Earth and Planetary Sciences; Engineering; Environmental Science"
133;17158;"Textile Progress";journal;"17542278, 00405167";"Taylor and Francis Ltd.";No;No;0,492;Q2;39;4;11;776;44;11;2,50;194,00;56,25;0;United Kingdom;Western Europe;"Taylor and Francis Ltd.";"1969-1978, 1981-1995, 1997-1998, 2000-2025";"Chemical Engineering (miscellaneous) (Q2); Industrial and Manufacturing Engineering (Q2); Materials Science (miscellaneous) (Q2)";"Chemical Engineering; Engineering; Materials Science"
134;16015;"Journal of Industrial Textiles";journal;"15308057, 15280837";"SAGE Publications Ltd";Yes;No;0,488;Q2;66;112;753;4421;2105;753;2,65;39,47;37,06;1;United Kingdom;Western Europe;"SAGE Publications Ltd";"1971-1998, 2000-2026";"Chemical Engineering (miscellaneous) (Q2); Industrial and Manufacturing Engineering (Q2); Materials Science (miscellaneous) (Q2); Polymers and Plastics (Q2)";"Chemical Engineering; Engineering; Materials Science"
135;19700182638;"Eksploatacja i Niezawodnosc";journal;"15072711";"Polish Maintanace Society";Yes;No;0,476;Q2;37;80;240;3232;677;240;2,89;40,40;22,22;0;Poland;Eastern Europe;"Polish Maintanace Society";"2008-2026";"Industrial and Manufacturing Engineering (Q2); Safety, Risk, Reliability and Quality (Q2)";"Engineering"
136;12921;"European Journal of Lipid Science and Technology";journal;"14389312, 14387697";"Wiley-VCH Verlag";No;No;0,475;Q2;120;69;303;3207;799;300;2,05;46,48;46,67;0;Germany;Western Europe;"Wiley-VCH Verlag";"2000-2026";"Chemistry (miscellaneous) (Q2); Food Science (Q2); Industrial and Manufacturing Engineering (Q2); Biotechnology (Q3)";"Agricultural and Biological Sciences; Biochemistry, Genetics and Molecular Biology; Chemistry; Engineering"
137;19171;"Journal of Quality in Maintenance Engineering";journal;"13552511";"Emerald Group Publishing Ltd.";No;No;0,475;Q2;66;44;118;2439;291;118;2,40;55,43;24,76;0;United Kingdom;Western Europe;"Emerald Group Publishing Ltd.";"1995-2026";"Industrial and Manufacturing Engineering (Q2); Safety, Risk, Reliability and Quality (Q2); Strategy and Management (Q2)";"Business, Management and Accounting; Engineering"
138;21100902866;"Advances in Materials and Processing Technologies";journal;"2374068X, 23740698";"Taylor and Francis Ltd.";No;No;0,474;Q2;37;39;634;1567;1257;633;1,81;40,18;15,79;0;United Kingdom;Western Europe;"Taylor and Francis Ltd.";"2015-2026";"Industrial and Manufacturing Engineering (Q2); Materials Science (miscellaneous) (Q2); Mechanics of Materials (Q2)";"Engineering; Materials Science"
139;21100838145;"Machines";journal;"20751702";"Multidisciplinary Digital Publishing Institute (MDPI)";Yes;No;0,474;Q2;55;1089;1703;44135;4610;1690;2,62;40,53;22,04;5;Switzerland;Western Europe;"Multidisciplinary Digital Publishing Institute (MDPI)";"2013-2026";"Computer Science (miscellaneous) (Q2); Control and Optimization (Q2); Control and Systems Engineering (Q2); Electrical and Electronic Engineering (Q2); Industrial and Manufacturing Engineering (Q2); Mechanical Engineering (Q2)";"Computer Science; Engineering; Mathematics"
140;21100438196;"CIS Iron and Steel Review";journal;"24141089, 20720815";"Ore and Metals Publishing house";No;No;0,472;Q2;20;39;107;955;137;107;1,11;24,49;38,00;1;Russian Federation;Eastern Europe;"Ore and Metals Publishing house";"2014-2025";"Industrial and Manufacturing Engineering (Q2); Metals and Alloys (Q2)";"Engineering; Materials Science"
141;4600151401;"Boletin de la Sociedad Espanola de Ceramica y Vidrio";journal;"03663175, 21730431";"Sociedad Espanola de Ceramica y Vidrio";Yes;Yes;0,463;Q2;38;56;165;2461;380;136;2,13;43,95;35,86;1;Spain;Western Europe;"Sociedad Espanola de Ceramica y Vidrio";"2001-2026";"Ceramics and Composites (Q2); Industrial and Manufacturing Engineering (Q2); Mechanics of Materials (Q2)";"Engineering; Materials Science"
142;19700188349;"Journal of Industrial Engineering and Management";journal;"20138423, 20130953";"OmniaScience";Yes;No;0,463;Q2;49;30;118;2008;336;116;2,87;66,93;39,56;1;Spain;Western Europe;"OmniaScience";"2008-2026";"Industrial and Manufacturing Engineering (Q2); Strategy and Management (Q2)";"Business, Management and Accounting; Engineering"
143;21101017705;"Frontiers in Mechanical Engineering";journal;"22973079";"Frontiers Media SA";Yes;No;0,460;Q2;37;101;342;4445;930;322;2,20;44,01;21,39;1;Switzerland;Western Europe;"Frontiers Media SA";"2015-2026";"Industrial and Manufacturing Engineering (Q2); Materials Science (miscellaneous) (Q2); Mechanical Engineering (Q2); Computer Science Applications (Q3)";"Computer Science; Engineering; Materials Science"
144;21101026986;"Production Engineering Archives";journal;"23537779, 23535156";"";Yes;No;0,453;Q2;26;52;124;1979;464;124;3,67;38,06;34,16;1;Poland;Eastern Europe;"";"2017-2025";"Industrial and Manufacturing Engineering (Q2); Management Information Systems (Q2); Safety, Risk, Reliability and Quality (Q2); Management of Technology and Innovation (Q3)";"Business, Management and Accounting; Engineering"
145;15632;"Food Technology and Biotechnology";journal;"13342606, 13309862";"University of Zagreb";Yes;Yes;0,450;Q2;88;49;142;2693;398;140;2,62;54,96;65,25;2;Croatia;Eastern Europe;"University of Zagreb";"1996-2026";"Chemical Engineering (miscellaneous) (Q2); Food Science (Q2); Industrial and Manufacturing Engineering (Q2); Biotechnology (Q3)";"Agricultural and Biological Sciences; Biochemistry, Genetics and Molecular Biology; Chemical Engineering; Engineering"
146;16423;"Chemie-Ingenieur-Technik";journal;"15222640, 0009286X";"John Wiley and Sons Inc";No;No;0,449;Q2;55;214;596;7729;1138;543;1,60;36,12;24,90;2;Germany;Western Europe;"John Wiley and Sons Inc";"1949-2026";"Chemical Engineering (miscellaneous) (Q2); Chemistry (miscellaneous) (Q2); Industrial and Manufacturing Engineering (Q2)";"Chemical Engineering; Chemistry; Engineering"
147;22202;"Operations Research Letters";journal;"01676377";"Elsevier B.V.";No;No;0,449;Q2;89;124;412;2356;473;410;0,97;19,00;20,86;1;Netherlands;Western Europe;"Elsevier B.V.";"1981-2026";"Applied Mathematics (Q2); Industrial and Manufacturing Engineering (Q2); Management Science and Operations Research (Q3); Software (Q3)";"Computer Science; Decision Sciences; Engineering; Mathematics"
148;21112;"International Journal of Modelling and Simulation";journal;"02286203, 19257082";"Taylor and Francis Ltd.";No;No;0,447;Q2;33;68;137;3429;478;136;3,73;50,43;18,83;1;United Kingdom;Western Europe;"Taylor and Francis Ltd.";"1985-1987, 1990-1991, 1993, 1996-2026";"Electrical and Electronic Engineering (Q2); Engineering (miscellaneous) (Q2); Industrial and Manufacturing Engineering (Q2); Mathematics (miscellaneous) (Q2); Mechanics of Materials (Q2); Modeling and Simulation (Q2); Hardware and Architecture (Q3); Software (Q3)";"Computer Science; Engineering; Mathematics"
149;10900153301;"International Journal of Mechanical and Materials Engineering";journal;"18230334, 21982791";"Springer";Yes;No;0,444;Q2;0;0;0;0;0;0;0,00;0,00;0,00;0;Singapore;Asiatic Region;"Springer";"2007-2022";"Industrial and Manufacturing Engineering (Q2); Materials Science (miscellaneous) (Q2); Mechanical Engineering (Q2); Mechanics of Materials (Q2)";"Engineering; Materials Science"
150;21100781705;"Journal of Machine Engineering";journal;"18957595, 23918071";"Editorial Institution of Wroclaw Board of Scientific";Yes;No;0,443;Q2;18;43;118;1437;213;118;2,11;33,42;15,27;0;Poland;Eastern Europe;"Editorial Institution of Wroclaw Board of Scientific";"2016-2025";"Industrial and Manufacturing Engineering (Q2); Computer Science Applications (Q3)";"Computer Science; Engineering"
151;15810;"Probability in the Engineering and Informational Sciences";journal;"02699648, 14698951";"Cambridge University Press";No;No;0,434;Q2;44;55;150;1697;165;150;0,97;30,85;25,93;0;United Kingdom;Western Europe;"Cambridge University Press";"1987-2026";"Industrial and Manufacturing Engineering (Q2); Management Science and Operations Research (Q3); Statistics and Probability (Q3); Statistics, Probability and Uncertainty (Q3)";"Decision Sciences; Engineering; Mathematics"
152;21101024200;"Designs";journal;"24119660";"Multidisciplinary Digital Publishing Institute (MDPI)";Yes;No;0,433;Q2;35;143;256;7156;798;253;2,91;50,04;24,75;1;Switzerland;Western Europe;"Multidisciplinary Digital Publishing Institute (MDPI)";"2017-2025";"Engineering (miscellaneous) (Q2); Industrial and Manufacturing Engineering (Q2); Mechanical Engineering (Q2)";"Engineering"
153;21100828148;"Manufacturing Review";journal;"22654224";"EDP Sciences";Yes;No;0,433;Q2;31;16;107;1068;292;107;2,73;66,75;20,69;0;France;Western Europe;"EDP Sciences";"2014-2026";"Industrial and Manufacturing Engineering (Q2)";"Engineering"
154;21101039774;"Material Design and Processing Communications";journal;"25776576";"John Wiley and Sons Ltd";Yes;No;0,433;Q2;22;5;160;149;330;155;2,15;29,80;33,33;0;United Kingdom;Western Europe;"John Wiley and Sons Ltd";"2019-2026";"Industrial and Manufacturing Engineering (Q2); Mechanical Engineering (Q2); Mechanics of Materials (Q2)";"Engineering"
155;55762;"International Journal of Crashworthiness";journal;"17542111, 13588265";"Taylor and Francis Ltd.";No;No;0,428;Q2;52;64;260;2415;531;260;1,95;37,73;22,27;0;United Kingdom;Western Europe;"Taylor and Francis Ltd.";"1996-2026";"Industrial and Manufacturing Engineering (Q2); Mechanical Engineering (Q2); Transportation (Q3)";"Engineering; Social Sciences"
156;16258;"Journal of Cold Regions Engineering - ASCE";journal;"0887381X, 19435495";"American Society of Civil Engineers (ASCE)";No;No;0,424;Q2;40;32;89;1215;146;89;1,24;37,97;24,73;0;United States;Northern America;"American Society of Civil Engineers (ASCE)";"1987-2026";"Geotechnical Engineering and Engineering Geology (Q2); Industrial and Manufacturing Engineering (Q2)";"Earth and Planetary Sciences; Engineering"
157;21101156859;"Journal of Micromanufacturing";journal;"25165984, 25165992";"SAGE Publications Ltd";No;No;0,424;Q2;11;19;21;511;52;20;2,48;26,89;20,83;0;United Kingdom;Western Europe;"SAGE Publications Ltd";"2022-2026";"Industrial and Manufacturing Engineering (Q2); Mechanical Engineering (Q2)";"Engineering"
158;21100810612;"IEEJ Journal of Industry Applications";journal;"21871108, 21871094";"The Institute of Electrical Engineers of Japan";No;No;0,423;Q2;30;130;276;2645;429;276;1,67;20,35;12,37;0;Japan;Asiatic Region;"The Institute of Electrical Engineers of Japan";"2012-2026";"Automotive Engineering (Q2); Electrical and Electronic Engineering (Q2); Industrial and Manufacturing Engineering (Q2); Mechanical Engineering (Q2); Energy Engineering and Power Technology (Q3)";"Energy; Engineering"
159;21100463939;"Journal of Engineering (United Kingdom)";journal;"23144912, 23144904";"John Wiley and Sons Ltd";Yes;No;0,422;Q2;42;51;116;2005;320;116;1,87;39,31;23,03;0;United Kingdom;Western Europe;"John Wiley and Sons Ltd";"2013-2026";"Chemical Engineering (miscellaneous) (Q2); Civil and Structural Engineering (Q2); Electrical and Electronic Engineering (Q2); Industrial and Manufacturing Engineering (Q2); Mechanical Engineering (Q2); Hardware and Architecture (Q3)";"Chemical Engineering; Computer Science; Engineering"
160;21101019334;"Journal of Business Analytics";journal;"2573234X, 25732358";"Taylor and Francis Ltd.";No;No;0,420;Q2;15;18;36;1197;86;35;2,72;66,50;22,41;0;United Kingdom;Western Europe;"Taylor and Francis Ltd.";"2018-2026";"Industrial and Manufacturing Engineering (Q2); Information Systems and Management (Q2); Management Information Systems (Q2); Artificial Intelligence (Q3); Information Systems (Q3); Management Science and Operations Research (Q3); Statistics, Probability and Uncertainty (Q3)";"Business, Management and Accounting; Computer Science; Decision Sciences; Engineering"
161;71359;"Journal of the Brazilian Society of Mechanical Sciences and Engineering";journal;"16785878, 18063691";"Springer Verlag";Yes;No;0,413;Q2;67;652;1805;27528;3952;1801;1,94;42,22;17,74;0;Germany;Western Europe;"Springer Verlag";"2003-2026";"Aerospace Engineering (Q2); Automotive Engineering (Q2); Engineering (miscellaneous) (Q2); Industrial and Manufacturing Engineering (Q2); Mechanical Engineering (Q2); Applied Mathematics (Q3)";"Engineering; Mathematics"
162;21100827945;"Lasers in Manufacturing and Materials Processing";journal;"21967237, 21967229";"Springer US";No;No;0,412;Q2;27;34;88;1655;185;88;2,07;48,68;11,90;0;United States;Northern America;"Springer US";"2014-2026";"Industrial and Manufacturing Engineering (Q2); Instrumentation (Q3); Modeling and Simulation (Q3); Nuclear and High Energy Physics (Q3)";"Engineering; Mathematics; Physics and Astronomy"
163;19700186851;"International Journal of Automation and Control";journal;"17407516, 17407524";"Inderscience Enterprises Ltd";No;No;0,410;Q2;26;30;110;1102;212;106;1,73;36,73;26,67;0;United Kingdom;Western Europe;"Inderscience Enterprises Ltd";"2007-2026";"Industrial and Manufacturing Engineering (Q2); Control and Systems Engineering (Q3); Hardware and Architecture (Q3); Software (Q3)";"Computer Science; Engineering"
164;11200153401;"European Journal of Industrial Engineering";journal;"17515254, 17515262";"Inderscience Enterprises Ltd";No;No;0,408;Q2;36;30;90;1603;185;90;2,05;53,43;40,23;0;United Kingdom;Western Europe;"Inderscience Enterprises Ltd";"2007-2026";"Industrial and Manufacturing Engineering (Q2)";"Engineering"
165;16396;"Chemical Engineering and Technology";journal;"09307516, 15214125";"Wiley-VCH Verlag";No;No;0,405;Q2;104;293;788;11541;1659;775;1,82;39,39;30,67;0;Germany;Western Europe;"Wiley-VCH Verlag";"1987-2026";"Chemical Engineering (miscellaneous) (Q2); Chemistry (miscellaneous) (Q2); Industrial and Manufacturing Engineering (Q2)";"Chemical Engineering; Chemistry; Engineering"
166;19900192119;"IET Wireless Sensor Systems";journal;"20436386, 20436394";"John Wiley &amp; Sons Inc.";Yes;No;0,404;Q2;40;19;68;622;156;68;1,97;32,74;20,69;0;United Kingdom;Western Europe;"John Wiley &amp; Sons Inc.";"2011-2026";"Industrial and Manufacturing Engineering (Q2)";"Engineering"
167;21100197318;"International Journal of Automation Technology";journal;"18838022, 18817629";"Fuji Technology Press";Yes;No;0,404;Q2;30;65;300;1429;326;281;1,17;21,98;9,22;0;Japan;Asiatic Region;"Fuji Technology Press";"2007-2026";"Industrial and Manufacturing Engineering (Q2); Mechanical Engineering (Q2)";"Engineering"
168;17600155309;"International Journal of Fashion Design, Technology and Education";journal;"17543266, 17543274";"Taylor and Francis Ltd.";No;No;0,402;Q2;39;32;118;1362;249;116;1,95;42,56;65,28;2;United Kingdom;Western Europe;"Taylor and Francis Ltd.";"2008-2026";"Visual Arts and Performing Arts (Q1); Education (Q2); Industrial and Manufacturing Engineering (Q2)";"Arts and Humanities; Engineering; Social Sciences"
169;20408;"Proceedings of the Institution of Mechanical Engineers, Part E: Journal of Process Mechanical Engineering";journal;"20413009, 09544089";"SAGE Publications Inc.";No;No;0,401;Q2;46;246;549;10899;1454;545;2,68;44,30;13,95;0;United Kingdom;Western Europe;"SAGE Publications Inc.";"1989-2026";"Industrial and Manufacturing Engineering (Q2); Mechanical Engineering (Q2)";"Engineering"
170;12000154536;"International Journal on Interactive Design and Manufacturing";journal;"19552513, 19552505";"Springer Paris";No;No;0,394;Q2;52;262;350;12383;1012;349;2,46;47,26;17,34;0;France;Western Europe;"Springer Paris";"2007-2026";"Industrial and Manufacturing Engineering (Q2); Modeling and Simulation (Q3)";"Engineering; Mathematics"
171;17141;"Journal of the Textile Institute";journal;"17542340, 00405000";"Taylor and Francis Ltd.";No;No;0,390;Q2;68;202;699;6496;1490;699;2,12;32,16;36,88;0;United Kingdom;Western Europe;"Taylor and Francis Ltd.";"1967-2026";"Agricultural and Biological Sciences (miscellaneous) (Q2); Industrial and Manufacturing Engineering (Q2); Polymers and Plastics (Q2); Materials Science (miscellaneous) (Q3)";"Agricultural and Biological Sciences; Engineering; Materials Science"
172;22804;"Chemical Papers";journal;"03666352, 25857290";"Springer International Publishing AG";Yes;No;0,381;Q2;68;617;1547;29306;3686;1545;2,28;47,50;37,38;2;Switzerland;Western Europe;"Springer International Publishing AG";"1973, 1996-2026";"Chemical Engineering (miscellaneous) (Q2); Industrial and Manufacturing Engineering (Q2); Biochemistry (Q3); Chemistry (miscellaneous) (Q3); Materials Chemistry (Q3)";"Biochemistry, Genetics and Molecular Biology; Chemical Engineering; Chemistry; Engineering; Materials Science"
173;21100937108;"Smart and Sustainable Manufacturing Systems";journal;"25206478, 25723928";"ASTM International";No;No;0,380;Q2;15;7;87;327;103;86;0,83;46,71;13,16;0;United States;Northern America;"ASTM International";"2017-2026";"Industrial and Manufacturing Engineering (Q2); Computer Science Applications (Q3); Control and Systems Engineering (Q3)";"Computer Science; Engineering"
174;21101046369;"Brazilian Journal of Operations and Production Management";journal;"16798171, 22378960";"Associacao Brasileira de Engenharia de Producao";Yes;Yes;0,377;Q2;19;33;114;1877;226;112;2,55;56,88;33,33;0;Brazil;Latin America;"Associacao Brasileira de Engenharia de Producao";"2019-2025";"Industrial and Manufacturing Engineering (Q2); Computer Science Applications (Q3); Management of Technology and Innovation (Q3); Management Science and Operations Research (Q3); Strategy and Management (Q3)";"Business, Management and Accounting; Computer Science; Decision Sciences; Engineering"
175;21100884987;"Engineering Management in Production and Services";journal;"25436597, 2543912X";"De Gruyter Open Ltd";Yes;No;0,377;Q2;26;33;105;2017;224;105;1,90;61,12;50,00;1;Poland;Eastern Europe;"De Gruyter Open Ltd";"2016-2025";"Industrial and Manufacturing Engineering (Q2); Management Information Systems (Q2); Management of Technology and Innovation (Q3); Strategy and Management (Q3)";"Business, Management and Accounting; Engineering"
176;13538;"Advanced Composites Letters";journal;"2633366X, 09636935";"SAGE Publications Ltd";Yes;No;0,370;Q2;0;0;0;0;0;0;0,00;0,00;0,00;0;United Kingdom;Western Europe;"SAGE Publications Ltd";"1995-2020";"Industrial and Manufacturing Engineering (Q2); Ceramics and Composites (Q3)";"Engineering; Materials Science"
177;21100286862;"Advances in Natural Sciences: Nanoscience and Nanotechnology";journal;"20436262";"IOP Publishing Ltd.";Yes;No;0,369;Q2;73;73;213;3776;483;213;1,86;51,73;36,30;0;United Kingdom;Western Europe;"IOP Publishing Ltd.";"2010-2025";"Industrial and Manufacturing Engineering (Q2); Electrical and Electronic Engineering (Q3); Materials Science (miscellaneous) (Q3)";"Engineering; Materials Science"
178;7900153109;"Production";journal;"19805411, 01036513";"Associacao Brasileira de Engenharia de Producao";Yes;Yes;0,352;Q2;28;33;108;1876;196;108;1,42;56,85;32,97;0;Brazil;Latin America;"Associacao Brasileira de Engenharia de Producao";"2007-2026";"Industrial and Manufacturing Engineering (Q2)";"Engineering"
179;21100872779;"Management Systems in Production Engineering";journal;"22990461, 24505781";"Sciendo";Yes;No;0,349;Q2;21;52;133;2281;288;133;2,06;43,87;38,81;0;Germany;Western Europe;"Sciendo";"2018-2026";"Industrial and Manufacturing Engineering (Q2); Management Information Systems (Q3); Management of Technology and Innovation (Q3)";"Business, Management and Accounting; Engineering"
180;6600153110;"Journal of Applied and Industrial Mathematics";journal;"19904789, 19904797";"Pleiades Publishing";No;No;0,348;Q2;23;86;208;2011;120;208;0,50;23,38;21,35;0;United States;Northern America;"Pleiades Publishing";"2007-2025";"Industrial and Manufacturing Engineering (Q2); Applied Mathematics (Q3)";"Engineering; Mathematics"
181;21101023959;"International Journal of Production Management and Engineering";journal;"23404876, 23405317";"Universidad Politecnica de Valencia";Yes;Yes;0,347;Q2;12;16;43;725;77;43;2,00;45,31;33,33;1;Spain;Western Europe;"Universidad Politecnica de Valencia";"2019-2025";"Industrial and Manufacturing Engineering (Q2); Business and International Management (Q3); Management Science and Operations Research (Q3); Strategy and Management (Q3)";"Business, Management and Accounting; Decision Sciences; Engineering"
182;144831;"Advances in Applied Ceramics";journal;"17436761, 17436753";"SAGE Publications Ltd";No;No;0,342;Q2;62;34;128;1254;253;125;1,31;36,88;26,67;0;United Kingdom;Western Europe;"SAGE Publications Ltd";"2004-2025";"Industrial and Manufacturing Engineering (Q2); Ceramics and Composites (Q3)";"Engineering; Materials Science"
183;21100301410;"International Journal for Quality Research";journal;"18007473, 18006450";"Centar for Quality";Yes;Yes;0,332;Q2;33;84;240;3015;417;240;1,77;35,89;51,80;0;Serbia;Eastern Europe;"Centar for Quality";"2012-2025";"Industrial and Manufacturing Engineering (Q2); Management Science and Operations Research (Q3); Safety, Risk, Reliability and Quality (Q3)";"Decision Sciences; Engineering"
184;21101038723;"Gornaya Promyshlennost";journal;"16099192, 25879138";"Scientific and Industrial company 'Gemos Ltd.'";No;No;0,330;Q2;12;149;208;2238;185;208;0,84;15,02;26,88;0;Russian Federation;Eastern Europe;"Scientific and Industrial company 'Gemos Ltd.'";"2019-2025";"Industrial and Manufacturing Engineering (Q2); Geology (Q3); Geotechnical Engineering and Engineering Geology (Q3); Mechanical Engineering (Q3)";"Earth and Planetary Sciences; Engineering"
185;21101055722;"Measurement: Sensors";journal;"26659174";"Elsevier Ltd";Yes;No;0,328;Q3;47;332;556;9658;1476;555;2,65;29,09;35,28;1;United Kingdom;Western Europe;"Elsevier Ltd";"2019-2026";"Electrical and Electronic Engineering (Q3); Electronic, Optical and Magnetic Materials (Q3); Industrial and Manufacturing Engineering (Q3); Mechanics of Materials (Q3)";"Engineering; Materials Science"
186;21100201938;"Manufacturing Technology";journal;"12132489";"Jan-Evangelista-Purkyne-University";No;No;0,326;Q3;32;115;310;2665;465;310;1,69;23,17;28,65;0;Czech Republic;Eastern Europe;"Jan-Evangelista-Purkyne-University";"2011-2025";"Industrial and Manufacturing Engineering (Q3)";"Engineering"
187;20000195025;"Jordan Journal of Mechanical and Industrial Engineering";journal;"19956665";"Hashemite University";Yes;No;0,324;Q3;29;57;171;2414;282;170;1,86;42,35;16,55;0;Jordan;Middle East;"Hashemite University";"2009-2025";"Industrial and Manufacturing Engineering (Q3); Mechanical Engineering (Q3)";"Engineering"
188;19900193618;"Journal of Advanced Mechanical Design, Systems and Manufacturing";journal;"18813054";"Japan Society of Mechanical Engineers";Yes;No;0,323;Q3;28;82;257;1832;289;250;0,91;22,34;20,64;0;Japan;Asiatic Region;"Japan Society of Mechanical Engineers";"2010-2026";"Industrial and Manufacturing Engineering (Q3); Mechanical Engineering (Q3)";"Engineering"
189;21100236602;"Mechanics and Industry";journal;"22577777, 22577750";"EDP Sciences";Yes;No;0,320;Q3;32;43;184;1329;293;182;1,51;30,91;21,05;0;France;Western Europe;"EDP Sciences";"2012-2026";"Industrial and Manufacturing Engineering (Q3); Materials Science (miscellaneous) (Q3); Mechanical Engineering (Q3)";"Engineering; Materials Science"
190;17260;"IEEE Industry Applications Magazine";journal;"15580598, 10772618";"Institute of Electrical and Electronics Engineers Inc.";No;No;0,318;Q3;64;69;229;903;149;168;0,61;13,09;16,67;0;United States;Northern America;"Institute of Electrical and Electronics Engineers Inc.";"1995-2026";"Control and Systems Engineering (Q3); Electrical and Electronic Engineering (Q3); Energy Engineering and Power Technology (Q3); Industrial and Manufacturing Engineering (Q3)";"Energy; Engineering"
191;21100320405;"Journal of Agricultural Engineering";journal;"22396268, 19747071";"Page Press Publications";Yes;No;0,318;Q3;29;44;106;1755;189;106;1,78;39,89;34,86;0;Italy;Western Europe;"Page Press Publications";"2012-2026";"Industrial and Manufacturing Engineering (Q3); Mechanical Engineering (Q3); Bioengineering (Q4)";"Chemical Engineering; Engineering"
192;21100829246;"Mechanical Sciences";journal;"2191916X, 21919151";"Copernicus Publications";Yes;No;0,317;Q3;37;44;207;1362;273;207;1,23;30,95;27,78;0;Germany;Western Europe;"Copernicus Publications";"2010-2026";"Civil and Structural Engineering (Q3); Control and Systems Engineering (Q3); Fluid Flow and Transfer Processes (Q3); Industrial and Manufacturing Engineering (Q3); Mechanical Engineering (Q3); Mechanics of Materials (Q3)";"Chemical Engineering; Engineering"
193;26608;"Hanneng Cailiao/Chinese Journal of Energetic Materials";journal;"10069941";"Institute of Chemical Materials, China Academy of Engineering Physics";No;No;0,313;Q3;29;126;459;4402;519;459;1,06;34,94;32,70;0;China;Asiatic Region;"Institute of Chemical Materials, China Academy of Engineering Physics";"1996-2025";"Chemistry (miscellaneous) (Q3); Industrial and Manufacturing Engineering (Q3); Materials Science (miscellaneous) (Q3); Mechanical Engineering (Q3)";"Chemistry; Engineering; Materials Science"
194;19266;"International Journal of Computer Applications in Technology";journal;"09528091";"Inderscience Enterprises Ltd";No;No;0,313;Q3;35;108;296;3557;511;291;1,89;32,94;34,11;0;United Kingdom;Western Europe;"Inderscience Enterprises Ltd";"1976, 1988-2026";"Computer Networks and Communications (Q3); Computer Science Applications (Q3); Electrical and Electronic Engineering (Q3); Industrial and Manufacturing Engineering (Q3); Information Systems (Q3); Software (Q3)";"Computer Science; Engineering"
195;24196;"Scientia Iranica";journal;"23453605, 10263098";"Sharif University of Technology";Yes;No;0,312;Q3;72;149;780;5797;1118;780;1,44;38,91;16,27;0;Iran;Middle East;"Sharif University of Technology";"1999-2025";"Engineering (miscellaneous) (Q2); Chemistry (miscellaneous) (Q3); Civil and Structural Engineering (Q3); Computer Science (miscellaneous) (Q3); Industrial and Manufacturing Engineering (Q3); Materials Science (miscellaneous) (Q3); Mechanical Engineering (Q3); Physics and Astronomy (miscellaneous) (Q3)";"Chemistry; Computer Science; Engineering; Materials Science; Physics and Astronomy"
196;4700152859;"Maderas: Ciencia y Tecnologia";journal;"07173644, 0718221X";"";Yes;Yes;0,308;Q3;42;40;168;1558;249;168;1,21;38,95;23,87;0;Chile;Latin America;"";"2001-2002, 2006-2026";"Forestry (Q2); Chemical Engineering (miscellaneous) (Q3); Industrial and Manufacturing Engineering (Q3); Materials Science (miscellaneous) (Q3)";"Agricultural and Biological Sciences; Chemical Engineering; Engineering; Materials Science"
197;21100457058;"Management and Production Engineering Review";journal;"20821344, 20808208";"Polska Akademia Nauk";Yes;No;0,307;Q3;28;48;139;1637;225;139;1,18;34,10;39,50;1;Poland;Eastern Europe;"Polska Akademia Nauk";"2012-2013, 2015-2025";"Business and International Management (Q3); Industrial and Manufacturing Engineering (Q3); Management of Technology and Innovation (Q3); Management Science and Operations Research (Q3); Organizational Behavior and Human Resource Management (Q3)";"Business, Management and Accounting; Decision Sciences; Engineering"
198;21100904322;"Research Journal of Textile and Apparel";journal;"15606074, 25158090";"Emerald Group Publishing Ltd.";No;No;0,305;Q3;29;31;85;1409;157;85;1,62;45,45;30,51;0;United Kingdom;Western Europe;"Emerald Group Publishing Ltd.";"1997-2026";"Business and International Management (Q3); Industrial and Manufacturing Engineering (Q3); Management of Technology and Innovation (Q3); Materials Science (miscellaneous) (Q3)";"Business, Management and Accounting; Engineering; Materials Science"
199;21100826286;"Fuzzy Information and Engineering";journal;"16168658, 16168666";"Tsinghua University Press";Yes;Yes;0,304;Q3;29;23;88;682;147;88;1,60;29,65;23,81;0;United Kingdom;Western Europe;"Tsinghua University Press";"2011, 2014-2025";"Applied Mathematics (Q3); Control and Systems Engineering (Q3); Industrial and Manufacturing Engineering (Q3); Information Systems (Q3); Logic (Q3); Management Science and Operations Research (Q3); Artificial Intelligence (Q4); Theoretical Computer Science (Q4)";"Computer Science; Decision Sciences; Engineering; Mathematics"
200;21100205758;"International Journal of Fluid Machinery and Systems";journal;"18829554";"Turbomachinery Society of Japan";No;No;0,302;Q3;21;26;138;820;97;138;0,62;31,54;23,81;0;Japan;Asiatic Region;"Turbomachinery Society of Japan";"2012-2025";"Industrial and Manufacturing Engineering (Q3); Mechanical Engineering (Q3)";"Engineering"
201;22679;"Jisuanji Jicheng Zhizao Xitong/Computer Integrated Manufacturing Systems, CIMS";journal;"10065911";"Computer Integrated Manufacturing Systems";No;No;0,299;Q3;46;352;990;9577;1429;990;1,58;27,21;34,65;0;China;Asiatic Region;"Computer Integrated Manufacturing Systems";"1996-2025";"Computer Science Applications (Q3); Control and Systems Engineering (Q3); Electrical and Electronic Engineering (Q3); Industrial and Manufacturing Engineering (Q3); Software (Q3)";"Computer Science; Engineering"
202;21101154817;"Iraqi Journal for Electrical and Electronic Engineering";journal;"20786069, 18145892";"College of Engineering, University of Basrah";Yes;No;0,296;Q3;12;34;71;931;124;71;1,75;27,38;20,63;0;Iraq;Middle East;"College of Engineering, University of Basrah";"2021-2025";"Control and Systems Engineering (Q3); Electrical and Electronic Engineering (Q3); Engineering (miscellaneous) (Q3); Industrial and Manufacturing Engineering (Q3); Mechanical Engineering (Q3)";"Engineering"
203;21100455428;"Communications in Applied and Industrial Mathematics";journal;"20380909";"de Gruyter";Yes;No;0,294;Q3;16;4;16;196;12;16;0,64;49,00;25,00;0;Germany;Western Europe;"de Gruyter";"2014-2025";"Applied Mathematics (Q3); Industrial and Manufacturing Engineering (Q3)";"Engineering; Mathematics"
204;12225;"Laser Physics";journal;"1054660X, 15556611";"Institute of Physics Publishing";No;No;0,291;Q3;65;167;564;6060;727;563;1,26;36,29;29,62;0;United States;Northern America;"Institute of Physics Publishing";"1996-2025";"Atomic and Molecular Physics, and Optics (Q3); Condensed Matter Physics (Q3); Industrial and Manufacturing Engineering (Q3); Instrumentation (Q3)";"Engineering; Physics and Astronomy"
205;15974;"Circuit World";journal;"03056120";"Emerald Group Publishing Ltd.";No;No;0,288;Q3;29;48;133;1568;218;132;1,63;32,67;29,63;0;United Kingdom;Western Europe;"Emerald Group Publishing Ltd.";"1974-2026";"Electrical and Electronic Engineering (Q3); Industrial and Manufacturing Engineering (Q3)";"Engineering"
206;21100450083;"Eastern-European Journal of Enterprise Technologies";journal;"17293774, 17294061";"Technology Center";Yes;No;0,288;Q3;42;565;1714;14668;2109;1714;1,31;25,96;39,42;2;Ukraine;Eastern Europe;"Technology Center";"2013-2025";"Applied Mathematics (Q3); Computer Science Applications (Q3); Control and Systems Engineering (Q3); Electrical and Electronic Engineering (Q3); Energy Engineering and Power Technology (Q3); Food Science (Q3); Industrial and Manufacturing Engineering (Q3); Management of Technology and Innovation (Q3); Mechanical Engineering (Q3); Environmental Chemistry (Q4)";"Agricultural and Biological Sciences; Business, Management and Accounting; Computer Science; Energy; Engineering; Environmental Science; Mathematics"
207;21100831410;"Journal of The Institution of Engineers (India): Series C";journal;"22500545, 22500553";"Springer";No;No;0,286;Q3;33;109;352;4031;509;348;1,41;36,98;11,50;0;India;Asiatic Region;"Springer";"2012-2026";"Aerospace Engineering (Q3); Industrial and Manufacturing Engineering (Q3); Mechanical Engineering (Q3); Ocean Engineering (Q3)";"Engineering"
208;74937;"Autex Research Journal";journal;"23000929, 14709589";"Walter de Gruyter GmbH";Yes;No;0,280;Q3;43;53;177;1774;242;177;1,38;33,47;50,00;0;Poland;Eastern Europe;"Walter de Gruyter GmbH";"1999-2000, 2002-2026";"Industrial and Manufacturing Engineering (Q3); Management of Technology and Innovation (Q3); Materials Science (miscellaneous) (Q3)";"Business, Management and Accounting; Engineering; Materials Science"
209;21100394266;"International Journal of Agile Systems and Management";journal;"17419174, 17419182";"Inderscience";No;No;0,279;Q3;31;20;64;1454;117;64;1,43;72,70;35,71;0;Switzerland;Western Europe;"Inderscience";"2006-2009, 2011-2026";"Multidisciplinary (Q2); Computer Science (miscellaneous) (Q3); Decision Sciences (miscellaneous) (Q3); Engineering (miscellaneous) (Q3); Industrial and Manufacturing Engineering (Q3); Management Information Systems (Q3); Strategy and Management (Q3)";"Business, Management and Accounting; Computer Science; Decision Sciences; Engineering; Multidisciplinary"
210;21100943826;"Journal of Transport and Supply Chain Management";journal;"19955235, 23108789";"AOSIS (Pty) Ltd";Yes;No;0,278;Q3;14;23;80;1246;104;74;1,21;54,17;31,25;1;South Africa;Africa;"AOSIS (Pty) Ltd";"2018-2026";"Industrial and Manufacturing Engineering (Q3); Information Systems and Management (Q3); Management Information Systems (Q3); Management Science and Operations Research (Q3); Transportation (Q3)";"Business, Management and Accounting; Decision Sciences; Engineering; Social Sciences"
211;29044;"Canadian Metallurgical Quarterly";journal;"18791395, 00084433";"Taylor and Francis Ltd.";No;No;0,273;Q3;47;69;117;3024;148;113;1,21;43,83;20,25;1;United Kingdom;Western Europe;"Taylor and Francis Ltd.";"1962-1977, 1979-2026";"Metals and Alloys (Q2); Industrial and Manufacturing Engineering (Q3)";"Engineering; Materials Science"
212;5800179616;"International Journal of Industrial and Systems Engineering";journal;"17485037, 17485045";"Inderscience Enterprises Ltd";No;No;0,270;Q3;36;76;238;3489;268;238;0,86;45,91;29,95;0;United Kingdom;Western Europe;"Inderscience Enterprises Ltd";"2006-2026";"Control and Systems Engineering (Q3); Industrial and Manufacturing Engineering (Q3)";"Engineering"
213;21101073709;"Journal of Mining and Environment";journal;"22518606, 22518592";"Shahrood University of Technology";No;No;0,268;Q3;18;80;234;3946;271;234;1,23;49,33;19,35;0;Iran;Middle East;"Shahrood University of Technology";"2019-2026";"Geochemistry and Petrology (Q3); Geophysics (Q3); Geotechnical Engineering and Engineering Geology (Q3); Industrial and Manufacturing Engineering (Q3); Pollution (Q3)";"Earth and Planetary Sciences; Engineering; Environmental Science"
214;12415;"International Journal of Reliability, Quality and Safety Engineering";journal;"02185393, 17936446";"World Scientific";No;No;0,266;Q3;35;42;129;1256;142;125;1,14;29,90;39,77;0;Singapore;Asiatic Region;"World Scientific";"1994, 1996-2026";"Aerospace Engineering (Q3); Computer Science (miscellaneous) (Q3); Electrical and Electronic Engineering (Q3); Energy Engineering and Power Technology (Q3); Industrial and Manufacturing Engineering (Q3); Nuclear Energy and Engineering (Q3); Safety, Risk, Reliability and Quality (Q3)";"Computer Science; Energy; Engineering"
215;21100198238;"Journal of Machinery Manufacture and Reliability";journal;"10526188, 19349394";"Pleiades Publishing";No;No;0,265;Q3;21;156;399;2402;215;399;0,54;15,40;30,48;0;United States;Northern America;"Pleiades Publishing";"1990, 2008-2025";"Industrial and Manufacturing Engineering (Q3); Mechanical Engineering (Q3); Safety, Risk, Reliability and Quality (Q3)";"Engineering"
216;4500151510;"International Journal of Six Sigma and Competitive Advantage";journal;"14792753, 14792494";"Inderscience Enterprises Ltd";No;No;0,264;Q3;31;9;58;392;78;57;1,37;43,56;21,74;0;United Kingdom;Western Europe;"Inderscience Enterprises Ltd";"2004-2017, 2019-2025";"Industrial and Manufacturing Engineering (Q3); Strategy and Management (Q3)";"Business, Management and Accounting; Engineering"
217;21100903447;"Journal of Optimization in Industrial Engineering";journal;"24233935, 22519904";"Qazvin Islamic Azad University";Yes;No;0,264;Q3;15;55;133;2297;181;133;1,39;41,76;36,57;0;Iran;Middle East;"Qazvin Islamic Azad University";"2018-2025";"Industrial and Manufacturing Engineering (Q3)";"Engineering"
218;23936;"Russian Engineering Research";journal;"19348088, 1068798X";"Pleiades Publishing";No;No;0,262;Q3;29;354;929;4171;548;929;0,63;11,78;32,39;0;United States;Northern America;"Pleiades Publishing";"1992-1997, 2008-2025";"Industrial and Manufacturing Engineering (Q3); Mechanical Engineering (Q3)";"Engineering"
219;21101060318;"Textile and Leather Review";journal;"26236281, 26236257";"idd3";Yes;No;0,260;Q3;15;45;77;1734;124;75;1,59;38,53;28,70;0;Croatia;Eastern Europe;"idd3";"2018-2026";"Chemistry (miscellaneous) (Q3); Industrial and Manufacturing Engineering (Q3); Materials Science (miscellaneous) (Q3); Waste Management and Disposal (Q4)";"Chemistry; Engineering; Environmental Science; Materials Science"
220;29458;"China Welding (English Edition)";journal;"10045341";"KeAi Communications Co.";No;No;0,258;Q3;13;26;99;756;99;99;1,22;29,08;25,40;0;China;Asiatic Region;"KeAi Communications Co.";"1997-2025";"Industrial and Manufacturing Engineering (Q3); Mechanics of Materials (Q3)";"Engineering"
221;9500154150;"Progress in Agricultural Engineering Sciences";journal;"1786335X, 17870321";"Akademiai Kiado ZRt.";No;No;0,258;Q3;13;21;72;527;91;72;1,74;25,10;47,56;0;Hungary;Eastern Europe;"Akademiai Kiado ZRt.";"2007-2009, 2011-2026";"Environmental Engineering (Q3); Industrial and Manufacturing Engineering (Q3); Mechanical Engineering (Q3)";"Engineering; Environmental Science"
222;3300147409;"IEEJ Transactions on Industry Applications";journal;"09136339, 13488163";"The Institute of Electrical Engineers of Japan";No;No;0,257;Q3;35;109;402;1352;114;394;0,28;12,40;6,67;0;Japan;Asiatic Region;"The Institute of Electrical Engineers of Japan";"1987-2026";"Electrical and Electronic Engineering (Q3); Industrial and Manufacturing Engineering (Q3)";"Engineering"
223;27676;"Journal of Advanced Manufacturing Systems";journal;"17936896, 02196867";"World Scientific";No;No;0,257;Q3;28;49;120;1863;172;119;1,24;38,02;19,05;0;Singapore;Asiatic Region;"World Scientific";"2004-2026";"Industrial and Manufacturing Engineering (Q3); Strategy and Management (Q3); Computer Science Applications (Q4)";"Business, Management and Accounting; Computer Science; Engineering"
224;17700155304;"International Journal of Mechatronics and Manufacturing Systems";journal;"17531039, 17531047";"Inderscience Enterprises Ltd";No;No;0,256;Q3;21;21;51;843;76;50;1,50;40,14;16,07;0;United Kingdom;Western Europe;"Inderscience Enterprises Ltd";"2008-2025";"Electrical and Electronic Engineering (Q3); Industrial and Manufacturing Engineering (Q3); Mechanical Engineering (Q3)";"Engineering"
225;21101043234;"Agricultural Engineering";journal;"24495999, 20831587";"";No;No;0,247;-;13;25;74;913;96;74;1,79;36,52;24,42;0;Poland;Eastern Europe;"";"2019-2026";"Agricultural and Biological Sciences (miscellaneous) (Q3); Environmental Engineering (Q3)";"Agricultural and Biological Sciences; Environmental Science"
226;23201;"Food Science and Technology Research";journal;"13446606";"Japanese Society for Food Science and Technology";No;No;0,246;Q3;57;56;246;1882;211;246;0,72;33,61;31,30;0;Switzerland;Western Europe;"Japanese Society for Food Science and Technology";"1999-2026";"Biotechnology (Q3); Chemical Engineering (miscellaneous) (Q3); Food Science (Q3); Industrial and Manufacturing Engineering (Q3); Marketing (Q3)";"Agricultural and Biological Sciences; Biochemistry, Genetics and Molecular Biology; Business, Management and Accounting; Chemical Engineering; Engineering"
227;21100206261;"Naukovyi Visnyk Natsionalnoho Hirnychoho Universytetu";journal;"20712227, 22232362";"";Yes;No;0,244;Q3;31;163;517;3268;501;517;0,98;20,05;47,15;1;Ukraine;Eastern Europe;"";"2012-2025";"Engineering (miscellaneous) (Q3); Geotechnical Engineering and Engineering Geology (Q3); Industrial and Manufacturing Engineering (Q3)";"Earth and Planetary Sciences; Engineering"
228;12400154711;"International Journal of Machining and Machinability of Materials";journal;"17485711, 1748572X";"Inderscience Enterprises Ltd";No;No;0,242;Q3;32;10;82;328;68;82;0,53;32,80;28,00;0;United Kingdom;Western Europe;"Inderscience Enterprises Ltd";"2006-2026";"Industrial and Manufacturing Engineering (Q3); Mechanical Engineering (Q3); Mechanics of Materials (Q3)";"Engineering"
229;11700154397;"Surface Engineering and Applied Electrochemistry";journal;"10683755, 19348002";"Pleiades Publishing";No;No;0,242;Q3;27;99;245;2736;280;245;1,10;27,64;36,36;0;United States;Northern America;"Pleiades Publishing";"2008-2025";"Industrial and Manufacturing Engineering (Q3); Surfaces, Coatings and Films (Q3); Surfaces and Interfaces (Q4)";"Engineering; Materials Science; Physics and Astronomy"
230;19900192412;"Journal of Mobile Multimedia";journal;"15504646, 15504654";"";No;No;0,239;Q3;22;63;148;2186;179;145;1,31;34,70;31,17;0;United States;Northern America;"";"2011-2025";"Media Technology (Q2); Communication (Q3); Industrial and Manufacturing Engineering (Q3)";"Engineering; Social Sciences"
231;21100855821;"Journal of Achievements in Materials and Manufacturing Engineering";journal;"2300892X, 17348412";"International OCSCO World Press";Yes;No;0,237;Q3;19;71;122;2226;154;122;1,23;31,35;31,49;0;Poland;Eastern Europe;"International OCSCO World Press";"2016-2025";"Industrial and Manufacturing Engineering (Q3); Materials Science (miscellaneous) (Q3); Mechanics of Materials (Q3)";"Engineering; Materials Science"
232;21100840458;"Periodicals of Engineering and Natural Sciences";journal;"23034521";"International University of Sarajevo";Yes;No;0,235;Q3;30;114;699;3386;740;698;1,11;29,70;37,05;0;Bosnia and Herzegovina;Eastern Europe;"International University of Sarajevo";"2017-2026";"Architecture (Q2); Computer Science (miscellaneous) (Q3); Education (Q3); Electrical and Electronic Engineering (Q3); Industrial and Manufacturing Engineering (Q3); Mechanical Engineering (Q3); Bioengineering (Q4); Biomedical Engineering (Q4)";"Chemical Engineering; Computer Science; Engineering; Social Sciences"
233;4000149611;"International Journal of Rotating Machinery";journal;"15423034, 1023621X";"John Wiley and Sons Ltd";Yes;No;0,234;Q3;44;6;39;158;47;39;1,18;26,33;45,00;0;United Kingdom;Western Europe;"John Wiley and Sons Ltd";"1994-2002, 2004, 2006-2026";"Industrial and Manufacturing Engineering (Q3); Mechanical Engineering (Q3)";"Engineering"
234;21100228052;"Annals of the University Dunarea de Jos of Galati, Fascicle VI: Food Technology";journal;"2068259X, 18435157";"Galati University Press";Yes;Yes;0,232;Q3;15;26;78;1109;80;78;0,73;42,65;63,95;0;Romania;Eastern Europe;"Galati University Press";"2012-2025";"Food Science (Q3); Industrial and Manufacturing Engineering (Q3)";"Agricultural and Biological Sciences; Engineering"
235;21100912227;"Acta Logistica";journal;"13395629";"4S go, s.r.o";Yes;No;0,231;Q3;13;60;126;2488;146;126;1,20;41,47;36,88;0;Slovakia;Eastern Europe;"4S go, s.r.o";"2019-2025";"Business and International Management (Q3); Industrial and Manufacturing Engineering (Q3); Civil and Structural Engineering (Q4); Transportation (Q4)";"Business, Management and Accounting; Engineering; Social Sciences"
236;25495;"Journal Europeen des Systemes Automatises";journal;"21167087, 12696935";"International Information and Engineering Technology Association";No;No;0,229;Q3;25;120;300;3653;357;300;1,18;30,44;22,73;0;France;Western Europe;"International Information and Engineering Technology Association";"1996-2014, 2016-2025";"Electrical and Electronic Engineering (Q3); Industrial and Manufacturing Engineering (Q3); Computer Science Applications (Q4); Control and Systems Engineering (Q4)";"Computer Science; Engineering"
237;21100852994;"Journal of Micro and Nano-Manufacturing";journal;"21660468, 21660476";"The American Society of Mechanical Engineers(ASME)";No;No;0,228;Q3;23;18;116;382;107;112;0,84;21,22;25,93;0;United States;Northern America;"The American Society of Mechanical Engineers(ASME)";"2013-2024";"Industrial and Manufacturing Engineering (Q3); Mechanics of Materials (Q3); Process Chemistry and Technology (Q3)";"Chemical Engineering; Engineering"
238;21100202510;"International Journal of Mining and Mineral Engineering";journal;"1754890X, 17548918";"Inderscience";No;No;0,226;Q3;23;32;45;1498;59;45;1,04;46,81;12,09;0;Switzerland;Western Europe;"Inderscience";"2008-2025";"Industrial and Manufacturing Engineering (Q3); Geotechnical Engineering and Engineering Geology (Q4)";"Earth and Planetary Sciences; Engineering"
239;13655;"International Polymer Processing";journal;"21958602, 0930777X";"Walter de Gruyter GmbH";No;No;0,224;Q3;44;55;162;1854;204;159;1,21;33,71;22,82;0;Germany;Western Europe;"Walter de Gruyter GmbH";"1988-1990, 1996-2026";"Chemical Engineering (miscellaneous) (Q3); Industrial and Manufacturing Engineering (Q3); Materials Chemistry (Q3); Polymers and Plastics (Q3)";"Chemical Engineering; Engineering; Materials Science"
240;15882;"Fibres and Textiles in Eastern Europe";journal;"23007354, 12303666";"Sciendo";No;No;0,223;Q3;50;56;255;1531;211;255;0,70;27,34;58,73;1;Poland;Eastern Europe;"Sciendo";"1993, 1995-2025";"Business and International Management (Q3); Environmental Science (miscellaneous) (Q3); Industrial and Manufacturing Engineering (Q3); Materials Science (miscellaneous) (Q3)";"Business, Management and Accounting; Engineering; Environmental Science; Materials Science"
241;21100337502;"MM Science Journal";journal;"18050476, 18031269";"MM Science Journal";Yes;No;0,223;Q3;22;132;388;3102;305;387;0,76;23,50;21,59;0;Czech Republic;Eastern Europe;"MM Science Journal";"2014-2025";"Automotive Engineering (Q3); Electrical and Electronic Engineering (Q3); Industrial and Manufacturing Engineering (Q3); Mechanical Engineering (Q3)";"Engineering"
242;4000148902;"International Journal of Services and Operations Management";journal;"17442370, 17442389";"Inderscience Enterprises Ltd";No;No;0,222;Q3;38;76;239;4888;225;239;0,61;64,32;27,57;0;United Kingdom;Western Europe;"Inderscience Enterprises Ltd";"2005-2026";"Industrial and Manufacturing Engineering (Q3); Management of Technology and Innovation (Q4); Management Science and Operations Research (Q4)";"Business, Management and Accounting; Decision Sciences; Engineering"
243;19700174666;"SAE International Journal of Materials and Manufacturing";journal;"19463987, 19463979";"SAE International";No;No;0,220;Q3;31;22;87;601;68;85;0,82;27,32;8,33;0;United States;Northern America;"SAE International";"2002, 2009-2026";"Industrial and Manufacturing Engineering (Q3); Mechanical Engineering (Q3); Mechanics of Materials (Q4)";"Engineering"
244;21101021863;"Water Conservation and Management";journal;"25235664, 25235672";"Zibeline International Publishing Sdn. Bhd.";Yes;No;0,220;Q3;18;20;61;906;71;60;1,09;45,30;37,88;0;Malaysia;Asiatic Region;"Zibeline International Publishing Sdn. Bhd.";"2017-2026";"Industrial and Manufacturing Engineering (Q3); Ocean Engineering (Q3); Water Science and Technology (Q3); Waste Management and Disposal (Q4)";"Engineering; Environmental Science"
245;21100831407;"Journal of The Institution of Engineers (India): Series E";journal;"22502483, 22502491";"Springer";No;No;0,219;Q3;22;29;99;935;122;98;1,18;32,24;33,33;0;India;Asiatic Region;"Springer";"2012-2026";"Chemical Engineering (miscellaneous) (Q3); Industrial and Manufacturing Engineering (Q3); Materials Science (miscellaneous) (Q3)";"Chemical Engineering; Engineering; Materials Science"
246;29675;"Meditsina Truda I Promyshlennaya Ekologiya";journal;"26188945, 10269428";"Izmerov Research Institute of Occupational Medicine";No;No;0,215;Q3;14;100;370;2880;162;365;0,54;28,80;58,15;1;Russian Federation;Eastern Europe;"Izmerov Research Institute of Occupational Medicine";"1965-2016, 2019-2026";"Industrial and Manufacturing Engineering (Q3); Chemical Health and Safety (Q4); Public Health, Environmental and Occupational Health (Q4); Safety, Risk, Reliability and Quality (Q4)";"Chemical Engineering; Engineering; Medicine"
247;19700186834;"International Journal of Abrasive Technology";journal;"1752265X, 17522641";"Inderscience Enterprises Ltd";No;No;0,214;Q3;18;11;29;250;16;29;0,20;22,73;15,38;0;United Kingdom;Western Europe;"Inderscience Enterprises Ltd";"2007-2024";"Industrial and Manufacturing Engineering (Q3); Materials Science (miscellaneous) (Q3); Mechanical Engineering (Q4); Mechanics of Materials (Q4)";"Engineering; Materials Science"
248;23954;"Sensor Review";journal;"02602288";"Emerald Group Publishing Ltd.";No;No;0,212;Q3;54;34;177;1318;305;176;1,84;38,76;32,46;0;United Kingdom;Western Europe;"Emerald Group Publishing Ltd.";"1981-2026";"Industrial and Manufacturing Engineering (Q3); Electrical and Electronic Engineering (Q4)";"Engineering"
249;21100382438;"Archives of Foundry Engineering";journal;"18973310, 22992944";"Polska Akademia Nauk";Yes;No;0,205;Q3;20;73;204;1765;146;204;0,59;24,18;24,53;0;Poland;Eastern Europe;"Polska Akademia Nauk";"2012-2025";"Industrial and Manufacturing Engineering (Q3); Metals and Alloys (Q3)";"Engineering; Materials Science"
250;21100199310;"Tekstil ve Konfeksiyon";journal;"13003356";"Ege Universitesi";No;No;0,205;Q3;24;36;132;1311;98;132;0,51;36,42;56,32;0;Turkey;Middle East;"Ege Universitesi";"2008-2025";"Industrial and Manufacturing Engineering (Q3); Materials Science (miscellaneous) (Q4)";"Engineering; Materials Science"
251;14328;"Suxing Gongcheng Xuebao/Journal of Plasticity Engineering";journal;"10072012";"Beijing Res. Inst. of Mechanical and Elec. Technology";No;No;0,202;-;16;311;948;6889;663;948;0,81;22,15;29,40;0;China;Asiatic Region;"Beijing Res. Inst. of Mechanical and Elec. Technology";"2001-2025";"Chemical Engineering (miscellaneous) (Q3); Polymers and Plastics (Q3); Materials Chemistry (Q4)";"Chemical Engineering; Materials Science"
252;21100204508;"INMATEH - Agricultural Engineering";journal;"20684215, 20682239";"INMA Bucharest";Yes;No;0,201;Q3;19;203;448;4901;344;448;0,71;24,14;30,29;0;Romania;Eastern Europe;"INMA Bucharest";"2012-2025";"Food Science (Q3); Industrial and Manufacturing Engineering (Q3); Mechanical Engineering (Q4)";"Agricultural and Biological Sciences; Engineering"
253;4700152225;"Gestao e Producao";journal;"0104530X, 18069649";"Brazilian Institute for Information in Science and Technology";Yes;No;0,200;Q3;24;21;205;1074;169;205;0,76;51,14;32,69;0;Brazil;Latin America;"Brazilian Institute for Information in Science and Technology";"2006-2025";"Industrial and Manufacturing Engineering (Q3); Business and International Management (Q4)";"Business, Management and Accounting; Engineering"
254;19151;"International Journal of Industrial Engineering : Theory Applications and Practice";journal;"1943670X, 10724761";"University of Cincinnati";No;No;0,200;Q3;29;98;146;4154;161;146;1,09;42,39;31,91;0;United States;Northern America;"University of Cincinnati";"1994, 1996-2006, 2008-2025";"Industrial and Manufacturing Engineering (Q3)";"Engineering"
255;19700173182;"South African Journal of Industrial Engineering";journal;"1012277X, 22247890";"South African Institute of Industrial Engineering";Yes;No;0,200;Q3;29;63;201;2281;174;190;0,69;36,21;29,55;2;South Africa;Africa;"South African Institute of Industrial Engineering";"2008-2025";"Industrial and Manufacturing Engineering (Q3)";"Engineering"
256;21100901841;"International Journal of Industrial Engineering and Production Research";journal;"20084889, 2345363X";"Iran University of Science and Technology";Yes;Yes;0,199;Q3;12;45;145;2271;125;145;0,83;50,47;40,00;0;Iran;Middle East;"Iran University of Science and Technology";"2018-2025";"Industrial and Manufacturing Engineering (Q3); Management Science and Operations Research (Q4); Statistics, Probability and Uncertainty (Q4); Strategy and Management (Q4)";"Business, Management and Accounting; Decision Sciences; Engineering"
257;21100406772;"Journal of Computational and Applied Research in Mechanical Engineering";journal;"22516549, 22287922";"Shahid Rajaee Teacher Tarining University (SRTTU)";Yes;Yes;0,199;Q3;12;11;106;365;95;106;0,89;33,18;5,88;0;Iran;Middle East;"Shahid Rajaee Teacher Tarining University (SRTTU)";"2015-2025";"Industrial and Manufacturing Engineering (Q3); Computational Mechanics (Q4); Mechanical Engineering (Q4); Mechanics of Materials (Q4)";"Engineering"
258;17600155219;"Shenyang Gongye Daxue Xuebao/Journal of Shenyang University of Technology";journal;"10001646";"Shenyang University of Technology";No;No;0,199;Q3;15;115;362;1784;190;362;0,51;15,51;28,24;0;China;Asiatic Region;"Shenyang University of Technology";"2009-2025";"Industrial and Manufacturing Engineering (Q3); Control and Systems Engineering (Q4); Electrical and Electronic Engineering (Q4); Mechanical Engineering (Q4)";"Engineering"
259;21101128137;"Engineering Proceedings";journal;"26734591";"Multidisciplinary Digital Publishing Institute (MDPI)";Yes;Yes;0,198;Q3;25;1914;1059;32021;960;1047;0,88;16,73;32,23;6;Switzerland;Western Europe;"Multidisciplinary Digital Publishing Institute (MDPI)";"2020-2025";"Industrial and Manufacturing Engineering (Q3); Biomedical Engineering (Q4); Electrical and Electronic Engineering (Q4); Mechanical Engineering (Q4)";"Engineering"
260;21100848408;"International Journal of Integrated Engineering";journal;"2229838X";"Penerbit UTHM";Yes;No;0,198;Q3;25;206;745;5715;621;745;0,67;27,74;32,05;1;Malaysia;Asiatic Region;"Penerbit UTHM";"2017-2025";"Industrial and Manufacturing Engineering (Q3); Civil and Structural Engineering (Q4); Electrical and Electronic Engineering (Q4); Materials Science (miscellaneous) (Q4); Mechanical Engineering (Q4); Mechanics of Materials (Q4)";"Engineering; Materials Science"
261;19800188069;"Journal of Laser Micro Nanoengineering";journal;"18800688";"Japan Laser Processing Society";Yes;No;0,198;Q3;37;32;104;893;104;104;0,82;27,91;18,10;0;Japan;Asiatic Region;"Japan Laser Processing Society";"2006-2026";"Industrial and Manufacturing Engineering (Q3); Electrical and Electronic Engineering (Q4); Instrumentation (Q4); Nanoscience and Nanotechnology (Q4)";"Engineering; Materials Science; Physics and Astronomy"
262;21100199343;"Agricultural Engineering International: CIGR Journal";journal;"16821130";"International Commission of Agricultural and Biosystems Engineering";Yes;No;0,191;Q3;34;86;316;2867;249;310;0,55;33,34;15,45;0;United States;Northern America;"International Commission of Agricultural and Biosystems Engineering";"2011-2025";"Automotive Engineering (Q3); Industrial and Manufacturing Engineering (Q3); Agronomy and Crop Science (Q4); Energy (miscellaneous) (Q4)";"Agricultural and Biological Sciences; Energy; Engineering"
263;21100239852;"Journal of Chemical Technology and Metallurgy";journal;"13147978, 13147471";"University of Chemical Technology and Metallurgy";Yes;No;0,190;Q3;32;139;477;3858;346;477;0,76;27,76;48,84;0;Bulgaria;Eastern Europe;"University of Chemical Technology and Metallurgy";"2013-2026";"Industrial and Manufacturing Engineering (Q3); Chemical Engineering (miscellaneous) (Q4)";"Chemical Engineering; Engineering"
264;19700173133;"Drewno";journal;"16443985, 29569141";"Lukasiewicz Research Network - Poznan Institute of Technology";Yes;Yes;0,186;Q3;19;18;61;718;43;59;0,64;39,89;23,44;0;Poland;Eastern Europe;"Lukasiewicz Research Network - Poznan Institute of Technology";"2009-2025";"Forestry (Q3); Industrial and Manufacturing Engineering (Q3); Biomaterials (Q4)";"Agricultural and Biological Sciences; Engineering; Materials Science"
265;11200153523;"International Journal of Manufacturing Research";journal;"17500591, 17500605";"Inderscience Enterprises Ltd";No;No;0,186;Q3;25;21;32;1002;22;32;0,35;47,71;33,33;0;United Kingdom;Western Europe;"Inderscience Enterprises Ltd";"2006-2025";"Industrial and Manufacturing Engineering (Q3); Computer Science Applications (Q4); Control and Systems Engineering (Q4); Modeling and Simulation (Q4)";"Computer Science; Engineering; Mathematics"
266;21100199523;"Direccion y Organizacion";journal;"1132175X, 21716323";"ADINGOR – Asociación para el Desarrollo de la Ingeniería de Organización";No;Yes;0,185;Q3;12;20;57;845;44;57;0,66;42,25;24,07;0;Spain;Western Europe;"ADINGOR – Asociación para el Desarrollo de la Ingeniería de Organización";"2011-2025";"Industrial and Manufacturing Engineering (Q3); Business, Management and Accounting (miscellaneous) (Q4)";"Business, Management and Accounting; Engineering"
267;21565;"Noise Control Engineering Journal";journal;"07362501, 21688710";"Institute of Noise Control Engineering";No;No;0,185;Q3;37;40;129;919;71;129;0,47;22,98;18,60;0;United States;Northern America;"Institute of Noise Control Engineering";"1979-1985, 1987-2025";"Industrial and Manufacturing Engineering (Q3); Acoustics and Ultrasonics (Q4); Aerospace Engineering (Q4); Automotive Engineering (Q4); Building and Construction (Q4); Mechanical Engineering (Q4); Public Health, Environmental and Occupational Health (Q4)";"Engineering; Medicine; Physics and Astronomy"
268;21136;"Jinshu Rechuli/Heat Treatment of Metals";journal;"02546051";"Chinese Heat Treatment Society";No;No;0,184;Q3;20;490;1698;7781;827;1698;0,52;15,88;29,55;0;China;Asiatic Region;"Chinese Heat Treatment Society";"1980, 1986-1994, 1998, 2001-2025";"Industrial and Manufacturing Engineering (Q3); Mechanical Engineering (Q4); Mechanics of Materials (Q4); Metals and Alloys (Q4)";"Engineering; Materials Science"
269;21100199124;"International Journal of Sustainable Manufacturing";journal;"17427223, 17427231";"Inderscience";No;No;0,182;Q3;19;0;28;0;16;28;0,33;0,00;0,00;0;Switzerland;Western Europe;"Inderscience";"2008-2015, 2018, 2020-2022";"Industrial and Manufacturing Engineering (Q3); Social Sciences (miscellaneous) (Q3); Decision Sciences (miscellaneous) (Q4); Management of Technology and Innovation (Q4)";"Business, Management and Accounting; Decision Sciences; Engineering; Social Sciences"
270;17118;"Textile History";journal;"17432952, 00404969";"Maney Publishing";No;No;0,182;Q3;16;12;37;502;14;30;0,25;41,83;80,00;0;United Kingdom;Western Europe;"Maney Publishing";"1968-2023, 2025";"History (Q2); Industrial and Manufacturing Engineering (Q3); Business and International Management (Q4); Business, Management and Accounting (miscellaneous) (Q4)";"Arts and Humanities; Business, Management and Accounting; Engineering"
271;24771;"Membrane Technology (discontinued)";journal;"09582118, 18734049";"MA Healthcare Ltd";No;No;0,179;Q3;28;36;81;3;25;80;0,26;0,08;0,00;0;United Kingdom;Western Europe;"MA Healthcare Ltd";"1990-2024";"Industrial and Manufacturing Engineering (Q3); Chemistry (miscellaneous) (Q4); Electrical and Electronic Engineering (Q4); Energy Engineering and Power Technology (Q4); Environmental Science (miscellaneous) (Q4); Food Science (Q4); Materials Science (miscellaneous) (Q4)";"Agricultural and Biological Sciences; Chemistry; Energy; Engineering; Environmental Science; Materials Science"
272;17700156710;"Japan Journal of Food Engineering";journal;"13457942";"Japan Society for Food Engineering";No;No;0,178;Q4;18;14;43;315;12;41;0,30;22,50;10,34;0;Japan;Asiatic Region;"Japan Society for Food Engineering";"2000-2025";"Food Science (Q4); Industrial and Manufacturing Engineering (Q4)";"Agricultural and Biological Sciences; Engineering"
273;21100827462;"Journal of Advanced Manufacturing Technology";journal;"19853157, 22898107";"Penerbit Universiti Teknikal Malaysia Melaka";Yes;Yes;0,178;Q4;12;25;103;531;38;102;0,53;21,24;32,88;0;Malaysia;Asiatic Region;"Penerbit Universiti Teknikal Malaysia Melaka";"2017-2025";"Automotive Engineering (Q4); Computer Networks and Communications (Q4); Control and Optimization (Q4); Hardware and Architecture (Q4); Industrial and Manufacturing Engineering (Q4); Management of Technology and Innovation (Q4); Software (Q4)";"Business, Management and Accounting; Computer Science; Engineering; Mathematics"
274;21101087787;"Photonics Russia";journal;"2686844X, 19937296";"Technosphera Publishing House";No;No;0,178;Q4;7;49;147;646;44;144;0,31;13,18;18,79;0;Russian Federation;Eastern Europe;"Technosphera Publishing House";"2019-2025";"Atomic and Molecular Physics, and Optics (Q4); Electronic, Optical and Magnetic Materials (Q4); Industrial and Manufacturing Engineering (Q4); Instrumentation (Q4)";"Engineering; Materials Science; Physics and Astronomy"
275;19700201518;"Engineering in Agriculture, Environment and Food";journal;"18818366";"";Yes;No;0,176;Q4;36;12;40;398;38;40;0,75;33,17;30,00;0;Netherlands;Western Europe;"";"2008-2025";"Chemical Engineering (miscellaneous) (Q4); Food Science (Q4); Industrial and Manufacturing Engineering (Q4)";"Agricultural and Biological Sciences; Chemical Engineering; Engineering"
276;21100935077;"Journal of Design, Business and Society";journal;"20552106, 20552114";"Intellect Ltd.";No;No;0,175;Q4;7;13;42;546;24;35;0,81;42,00;53,85;0;United Kingdom;Western Europe;"Intellect Ltd.";"2019-2024";"Visual Arts and Performing Arts (Q1); Cultural Studies (Q2); Business and International Management (Q4); Industrial and Manufacturing Engineering (Q4)";"Arts and Humanities; Business, Management and Accounting; Engineering; Social Sciences"
277;19900193838;"Leather and Footwear Journal";journal;"15834433";"Institute National Cercetare-Dezvoltare Textiles Pielarie";No;No;0,174;Q4;12;27;82;664;43;82;0,38;24,59;55,42;0;Romania;Eastern Europe;"Institute National Cercetare-Dezvoltare Textiles Pielarie";"2010-2025";"Chemical Engineering (miscellaneous) (Q4); Chemistry (miscellaneous) (Q4); Industrial and Manufacturing Engineering (Q4)";"Chemical Engineering; Chemistry; Engineering"
278;19700190300;"WSEAS Transactions on Power Systems";journal;"17905060, 2224350X";"World Scientific and Engineering Academy and Society";Yes;No;0,172;Q4;18;50;109;1307;62;109;0,56;26,14;21,00;0;Greece;Western Europe;"World Scientific and Engineering Academy and Society";"2010-2014, 2018-2025";"Cultural Studies (Q2); Anthropology (Q3); Sociology and Political Science (Q3); Urban Studies (Q3); Electrical and Electronic Engineering (Q4); Energy (miscellaneous) (Q4); Industrial and Manufacturing Engineering (Q4)";"Energy; Engineering; Social Sciences"
279;12227;"Lasers in Engineering";journal;"1029029X, 08981507";"Old City Publishing";No;No;0,170;Q4;20;73;222;1913;120;218;0,64;26,21;23,83;0;United States;Northern America;"Old City Publishing";"1996-2025";"Atomic and Molecular Physics, and Optics (Q4); Electrical and Electronic Engineering (Q4); Industrial and Manufacturing Engineering (Q4)";"Engineering; Physics and Astronomy"
280;21101120334;"Journal of Graphics";journal;"2095302X";"";No;No;0,169;Q4;16;130;363;3768;322;362;0,80;28,98;36,17;0;China;Asiatic Region;"";"2019-2025";"Computer Graphics and Computer-Aided Design (Q4); Computer Science Applications (Q4); Computer Vision and Pattern Recognition (Q4); Engineering (miscellaneous) (Q4); Industrial and Manufacturing Engineering (Q4)";"Computer Science; Engineering"
281;21100397338;"International Journal of Modern Manufacturing Technologies";journal;"20673604";"ModTech Publishing House";No;No;0,168;Q4;14;68;230;1407;106;230;0,33;20,69;19,34;0;Romania;Eastern Europe;"ModTech Publishing House";"2015-2025";"Industrial and Manufacturing Engineering (Q4)";"Engineering"
282;19300157106;"International Journal of Internet Manufacturing and Services";journal;"17516056, 17516048";"Inderscience Enterprises Ltd";No;No;0,167;Q4;11;27;52;1200;32;51;0,28;44,44;27,54;0;United Kingdom;Western Europe;"Inderscience Enterprises Ltd";"2007-2011, 2013-2025";"Computer Networks and Communications (Q4); Industrial and Manufacturing Engineering (Q4); Information Systems and Management (Q4)";"Computer Science; Decision Sciences; Engineering"
283;21101089333;"Proceedings on Engineering Sciences";journal;"26202832, 26834111";"Faculty of Engineering, University of Kragujevac";Yes;Yes;0,165;Q4;13;115;145;3389;156;145;1,29;29,47;39,47;0;Serbia;Eastern Europe;"Faculty of Engineering, University of Kragujevac";"2019-2025";"Engineering (miscellaneous) (Q4); Industrial and Manufacturing Engineering (Q4); Management Information Systems (Q4); Materials Science (miscellaneous) (Q4)";"Business, Management and Accounting; Engineering; Materials Science"
284;21108;"International Journal of Materials and Product Technology";journal;"17415209, 02681900";"Inderscience Publishers";No;No;0,162;Q4;37;50;119;1535;68;117;0,51;30,70;26,72;0;United Kingdom;Western Europe;"Inderscience Publishers";"1986-2026";"Industrial and Manufacturing Engineering (Q4); Mechanical Engineering (Q4); Mechanics of Materials (Q4); Safety, Risk, Reliability and Quality (Q4)";"Engineering"
285;21101028329;"Food Processing: Techniques and Technology";journal;"20749414, 23131748";"Kemerovo State University";Yes;No;0,161;Q4;10;73;227;2558;191;227;0,91;35,04;63,10;0;Russian Federation;Eastern Europe;"Kemerovo State University";"2019-2025";"Economics, Econometrics and Finance (miscellaneous) (Q4); Food Science (Q4); Industrial and Manufacturing Engineering (Q4)";"Agricultural and Biological Sciences; Economics, Econometrics and Finance; Engineering"
286;12364;"International Journal of Information and Management Sciences";journal;"10171819";"Tamkang University";No;No;0,159;Q4;27;20;60;625;40;58;0,28;31,25;31,11;0;Taiwan;Asiatic Region;"Tamkang University";"1996-2025";"Control and Systems Engineering (Q4); Industrial and Manufacturing Engineering (Q4); Information Systems and Management (Q4); Management Information Systems (Q4); Strategy and Management (Q4)";"Business, Management and Accounting; Decision Sciences; Engineering"
287;21100833806;"Journal of the Korean Society of Clothing and Textiles";journal;"22340793, 12251151";"Korean Society of Clothing and Textiles";No;No;0,158;Q4;10;73;217;3519;76;217;0,38;48,21;72,57;0;South Korea;Asiatic Region;"Korean Society of Clothing and Textiles";"2016-2025";"Arts and Humanities (miscellaneous) (Q3); Social Sciences (miscellaneous) (Q3); Human Factors and Ergonomics (Q4); Industrial and Manufacturing Engineering (Q4); Materials Science (miscellaneous) (Q4); Polymers and Plastics (Q4)";"Arts and Humanities; Engineering; Materials Science; Social Sciences"
288;13000;"Guocheng Gongcheng Xuebao/The Chinese Journal of Process Engineering";journal;"1009606X";"Science Press";No;No;0,156;Q4;22;148;491;5651;301;491;0,59;38,18;32,51;0;China;Asiatic Region;"Science Press";"2001-2026";"Chemical Engineering (miscellaneous) (Q4); Industrial and Manufacturing Engineering (Q4)";"Chemical Engineering; Engineering"
289;19700173167;"Zywnosc. Nauka. Technologia. Jakosc/Food. Science Technology. Quality";journal;"24510777, 24510769";"Polish Society of Food Technologists";No;No;0,155;Q4;18;51;109;1966;62;108;0,56;38,55;71,98;0;Poland;Eastern Europe;"Polish Society of Food Technologists";"2009-2025";"Food Science (Q4); Industrial and Manufacturing Engineering (Q4)";"Agricultural and Biological Sciences; Engineering"
290;21100853929;"International Journal of Systematic Innovation";journal;"20778767, 20777973";"Society of Sytematic Innovation";No;No;0,151;Q4;8;24;58;1008;35;58;0,59;42,00;31,58;0;Taiwan;Asiatic Region;"Society of Sytematic Innovation";"2010-2025";"Artificial Intelligence (Q4); Computer Science Applications (Q4); Electrical and Electronic Engineering (Q4); Industrial and Manufacturing Engineering (Q4); Information Systems and Management (Q4); Management of Technology and Innovation (Q4); Mechanical Engineering (Q4); Multidisciplinary (Q4); Organizational Behavior and Human Resource Management (Q4); Strategy and Management (Q4)";"Business, Management and Accounting; Computer Science; Decision Sciences; Engineering; Multidisciplinary"
291;29665;"Funtai Oyobi Fummatsu Yakin/Journal of the Japan Society of Powder and Powder Metallurgy";journal;"18809014, 05328799";"Journal of the Japan Society of Powder and Powder Metallurgy";No;No;0,150;Q4;24;54;233;1522;53;202;0,23;28,19;10,16;0;Japan;Asiatic Region;"Journal of the Japan Society of Powder and Powder Metallurgy";"1949-1950, 1956, 1958-2026";"Industrial and Manufacturing Engineering (Q4); Materials Chemistry (Q4); Mechanical Engineering (Q4); Metals and Alloys (Q4)";"Engineering; Materials Science"
292;21101021169;"Applied Computer Science";journal;"18953735, 23536977";"Polish Association for Knowledge Promotion";Yes;No;0,148;Q4;14;39;96;1165;76;96;0,92;29,87;28,32;0;Poland;Eastern Europe;"Polish Association for Knowledge Promotion";"2019-2025";"Artificial Intelligence (Q4); Biomedical Engineering (Q4); Computer Science Applications (Q4); Control and Systems Engineering (Q4); Economics, Econometrics and Finance (miscellaneous) (Q4); Industrial and Manufacturing Engineering (Q4); Information Systems (Q4); Mechanical Engineering (Q4)";"Computer Science; Economics, Econometrics and Finance; Engineering"
293;94708;"Journal of Insect Biotechnology and Sericology";journal;"13468073, 18847978";"Japanese Society of Sericultural Sciences";No;No;0,146;Q4;23;6;21;161;7;21;0,42;26,83;20,00;0;Japan;Asiatic Region;"Japanese Society of Sericultural Sciences";"2001-2025";"Agricultural and Biological Sciences (miscellaneous) (Q4); Applied Microbiology and Biotechnology (Q4); Biotechnology (Q4); Business, Management and Accounting (miscellaneous) (Q4); Industrial and Manufacturing Engineering (Q4); Insect Science (Q4)";"Agricultural and Biological Sciences; Biochemistry, Genetics and Molecular Biology; Business, Management and Accounting; Engineering; Immunology and Microbiology"
294;21100857529;"Journal of Silk";journal;"10017003";"China Silk Association";No;No;0,146;Q4;11;231;590;5933;250;590;0,46;25,68;50,93;0;China;Asiatic Region;"China Silk Association";"2017-2026";"Cultural Studies (Q2); History (Q2); Chemistry (miscellaneous) (Q4); Industrial and Manufacturing Engineering (Q4); Materials Science (miscellaneous) (Q4)";"Arts and Humanities; Chemistry; Engineering; Materials Science; Social Sciences"
295;20449;"International Journal of Manufacturing Technology and Management";journal;"13682148, 17415195";"Inderscience Publishers";No;No;0,145;Q4;27;37;88;948;48;88;0,41;25,62;34,57;0;United Kingdom;Western Europe;"Inderscience Publishers";"2000-2026";"Computer Science Applications (Q4); Electrical and Electronic Engineering (Q4); Industrial and Manufacturing Engineering (Q4); Information Systems and Management (Q4); Strategy and Management (Q4)";"Business, Management and Accounting; Computer Science; Decision Sciences; Engineering"
296;17115;"Journal of the Textile Association";journal;"03684636";"Textile Association (India)";Yes;No;0,145;Q4;14;78;16;1013;5;15;0,23;12,99;50,59;0;India;Asiatic Region;"Textile Association (India)";"1999-2025";"Business and International Management (Q4); Industrial and Manufacturing Engineering (Q4); Polymers and Plastics (Q4)";"Business, Management and Accounting; Engineering; Materials Science"
297;21100848432;"Scientific Mining Journal";journal;"25647024, 25872613";"Chamber of Mining Engineers of Turkey";No;No;0,145;Q4;9;21;72;659;25;72;0,35;31,38;25,00;0;Turkey;Middle East;"Chamber of Mining Engineers of Turkey";"2017-2025";"Geotechnical Engineering and Engineering Geology (Q4); Industrial and Manufacturing Engineering (Q4)";"Earth and Planetary Sciences; Engineering"
298;21100820673;"Journal of the Korean Society for Precision Engineering";journal;"12259071, 22878769";"Korean Society for Precision Engineeing";No;No;0,144;Q4;12;120;337;2031;80;336;0,22;16,93;15,18;0;South Korea;Asiatic Region;"Korean Society for Precision Engineeing";"2017-2025";"Industrial and Manufacturing Engineering (Q4); Mechanical Engineering (Q4); Safety, Risk, Reliability and Quality (Q4)";"Engineering"
299;19700186841;"International Journal of RF Technologies: Research and Applications";journal;"17545749, 17545730";"SAGE Publications Ltd";No;No;0,143;Q4;19;6;16;230;10;16;0,71;38,33;52,94;0;United Kingdom;Western Europe;"SAGE Publications Ltd";"2009-2025";"Electrical and Electronic Engineering (Q4); Industrial and Manufacturing Engineering (Q4); Management Information Systems (Q4); Management of Technology and Innovation (Q4)";"Business, Management and Accounting; Engineering"
300;144786;"Journal of Japan Industrial Management Association";journal;"13422618, 21879079";"Japan Industrial Management Association";Yes;No;0,143;Q4;11;21;69;457;22;68;0,36;21,76;19,67;0;Japan;Asiatic Region;"Japan Industrial Management Association";"2004-2026";"Applied Mathematics (Q4); Industrial and Manufacturing Engineering (Q4); Management Science and Operations Research (Q4); Strategy and Management (Q4)";"Business, Management and Accounting; Decision Sciences; Engineering; Mathematics"
301;21101138522;"Journal of Applied Engineering and Technological Science";journal;"27156087, 27156079";"";Yes;No;0,139;Q4;13;82;118;3762;153;118;1,14;45,88;35,29;0;Indonesia;Asiatic Region;"";"2019-2025";"Computer Science (miscellaneous) (Q4); Engineering (miscellaneous) (Q4); Industrial and Manufacturing Engineering (Q4); Information Systems (Q4)";"Computer Science; Engineering"
302;21100325719;"International Journal of Mechatronics and Automation";journal;"20451059, 20451067";"Inderscience";No;No;0,138;Q4;17;0;64;0;42;64;0,72;0,00;0,00;0;Switzerland;Western Europe;"Inderscience";"2011-2018, 2020-2022";"Artificial Intelligence (Q4); Computational Mathematics (Q4); Computational Mechanics (Q4); Control and Systems Engineering (Q4); Electrical and Electronic Engineering (Q4); Industrial and Manufacturing Engineering (Q4)";"Computer Science; Engineering; Mathematics"
303;110073;"KGK Kautschuk Gummi Kunststoffe";journal;"09483276";"Huthig GmbH";No;No;0,135;Q4;35;29;115;328;35;93;0,10;11,31;14,29;0;Germany;Western Europe;"Huthig GmbH";"1978-1980, 1982, 1988, 1996-2024";"Industrial and Manufacturing Engineering (Q4); Materials Chemistry (Q4); Mechanical Engineering (Q4); Polymers and Plastics (Q4)";"Engineering; Materials Science"
304;21101176845;"Journal of Engineering and Technology for Industrial Applications";journal;"24470228";"Galileo Institute of Technology and Education of the Amazon (ITEGAM)";Yes;Yes;0,134;Q4;9;39;127;1079;43;127;0,34;27,67;23,33;0;Brazil;Latin America;"Galileo Institute of Technology and Education of the Amazon (ITEGAM)";"2019-2026";"Artificial Intelligence (Q4); Electrical and Electronic Engineering (Q4); Industrial and Manufacturing Engineering (Q4)";"Computer Science; Engineering"
305;16538;"Journal of Fiber Science and Technology";journal;"21897654";"Society of Fiber Science and Technology";Yes;No;0,133;Q4;24;106;398;1732;89;364;0,15;16,34;27,18;0;Japan;Asiatic Region;"Society of Fiber Science and Technology";"1946-1948, 1951, 1954-2026";"Chemical Engineering (miscellaneous) (Q4); Industrial and Manufacturing Engineering (Q4); Materials Science (miscellaneous) (Q4); Polymers and Plastics (Q4)";"Chemical Engineering; Engineering; Materials Science"
306;21101097255;"Frontier Materials and Technologies";journal;"27824039, 27826074";"Togliatti State University";Yes;Yes;0,132;Q4;5;37;75;994;34;75;0,45;26,86;30,83;0;Russian Federation;Eastern Europe;"Togliatti State University";"2022-2025";"Industrial and Manufacturing Engineering (Q4); Materials Science (miscellaneous) (Q4); Mechanical Engineering (Q4); Metals and Alloys (Q4)";"Engineering; Materials Science"
307;15345;"Journal of Donghua University (English Edition)";journal;"16725220";"";No;No;0,129;Q4;13;82;227;2180;48;227;0,27;26,59;38,13;0;China;Asiatic Region;"";"1986-2025";"Industrial and Manufacturing Engineering (Q4); Polymers and Plastics (Q4)";"Engineering; Materials Science"
308;54207;"Tekstil ve Muhendis";journal;"13007599, 21470510";"Chamber of Textile Engineers";Yes;No;0,129;Q4;9;40;93;1526;26;93;0,26;38,15;65,56;0;Turkey;Middle East;"Chamber of Textile Engineers";"1991-1992, 2012-2025";"Industrial and Manufacturing Engineering (Q4); Materials Science (miscellaneous) (Q4)";"Engineering; Materials Science"
309;18300156723;"International Journal of Nanomanufacturing";journal;"17469406, 17469392";"Inderscience Enterprises Ltd";No;No;0,128;Q4;18;14;42;357;13;42;0,24;25,50;30,91;0;United Kingdom;Western Europe;"Inderscience Enterprises Ltd";"2006-2024";"Industrial and Manufacturing Engineering (Q4); Nanoscience and Nanotechnology (Q4)";"Engineering; Materials Science"
310;19900192427;"Academic Journal of Manufacturing Engineering";journal;"15837904";"Editura Politechnica";No;No;0,121;Q4;14;64;235;1267;51;235;0,24;19,80;23,31;0;Romania;Eastern Europe;"Editura Politechnica";"2010-2011, 2013-2025";"Industrial and Manufacturing Engineering (Q4)";"Engineering"
311;21101128459;"Aibi, Revista de Investigacion Administracion e Ingenierias";journal;"2346030X";"Universidad de Santander";Yes;Yes;0,116;Q4;8;39;149;1461;32;149;0,13;37,46;42,86;0;Colombia;Latin America;"Universidad de Santander";"2019-2026";"Computer Science (miscellaneous) (Q4); Electrical and Electronic Engineering (Q4); Engineering (miscellaneous) (Q4); Industrial and Manufacturing Engineering (Q4)";"Computer Science; Engineering"
312;59651;"International Journal of Powder Metallurgy (Princeton, New Jersey)";journal;"08887462";"American Powder Metallurgy Institute";No;No;0,115;Q4;30;6;53;72;7;33;0,24;12,00;14,29;0;United States;Northern America;"American Powder Metallurgy Institute";"1969-1973, 1986-1994, 1996-2023";"Industrial and Manufacturing Engineering (Q4); Metals and Alloys (Q4)";"Engineering; Materials Science"
313;70012;"World of Metallurgy - ERZMETALL";journal;"16132394";"GDMB Gesellschaft fur Bergbau, Metallurgie, Rohstoff- und Umwelttechnik e.V.";No;No;0,111;Q4;19;57;87;283;17;72;0,22;4,96;34,43;0;Germany;Western Europe;"GDMB Gesellschaft fur Bergbau, Metallurgie, Rohstoff- und Umwelttechnik e.V.";"2004-2025";"Environmental Chemistry (Q4); Geotechnical Engineering and Engineering Geology (Q4); Industrial and Manufacturing Engineering (Q4); Waste Management and Disposal (Q4)";"Earth and Planetary Sciences; Engineering; Environmental Science"
314;17700156005;"WSEAS Transactions on Heat and Mass Transfer";journal;"17905044, 22243461";"World Scientific and Engineering Academy and Society";No;No;0,110;Q4;12;28;24;862;10;24;0,42;30,79;29,31;0;Greece;Western Europe;"World Scientific and Engineering Academy and Society";"2009-2015, 2022-2025";"Condensed Matter Physics (Q4); Energy (miscellaneous) (Q4); Industrial and Manufacturing Engineering (Q4); Mechanical Engineering (Q4)";"Energy; Engineering; Physics and Astronomy"
315;12754;"International Journal of COMADEM";journal;"13637681";"COMADEM International";No;No;0,109;Q4;14;32;75;652;10;75;0,12;20,38;18,64;0;United Kingdom;Western Europe;"COMADEM International";"2003-2023";"Bioengineering (Q4); Electrical and Electronic Engineering (Q4); Industrial and Manufacturing Engineering (Q4); Safety, Risk, Reliability and Quality (Q4); Signal Processing (Q4); Strategy and Management (Q4)";"Business, Management and Accounting; Chemical Engineering; Computer Science; Engineering"
316;22473;"Quality Progress";journal;"0033524X";"American Society for Quality";No;No;0,108;Q4;38;136;383;122;16;129;0,04;0,90;31,11;0;United States;Northern America;"American Society for Quality";"1974, 1978-2025";"Industrial and Manufacturing Engineering (Q4); Management Science and Operations Research (Q4); Safety, Risk, Reliability and Quality (Q4); Strategy and Management (Q4)";"Business, Management and Accounting; Decision Sciences; Engineering"
317;19400157242;"Revista Latinoamericana de Metalurgia y Materiales";journal;"02556952";"Universidad Simon Bolivar";Yes;No;0,105;Q4;12;4;29;81;2;24;0,00;20,25;44,44;0;Venezuela;Latin America;"Universidad Simon Bolivar";"2009-2023, 2025";"Industrial and Manufacturing Engineering (Q4); Materials Science (miscellaneous) (Q4)";"Engineering; Materials Science"
318;21979;"Deutsche Lebensmittel-Rundschau";journal;"00120413";"Wissenschaftliche Verlagsgesellschaft mbH";Yes;No;0,103;Q4;27;237;1131;571;22;202;0,01;2,41;55,56;6;Germany;Western Europe;"Wissenschaftliche Verlagsgesellschaft mbH";"1948-1949, 1961, 1973-1989, 1996-2025";"Food Science (Q4); Industrial and Manufacturing Engineering (Q4); Law (Q4)";"Agricultural and Biological Sciences; Engineering; Social Sciences"
319;21101023684;"Fabriksoftware";journal;"25697692";"Gito Verlag";No;No;0,103;Q4;2;40;127;29;5;98;0,03;0,73;13,33;0;Germany;Western Europe;"Gito Verlag";"2018-2025";"Computer Science Applications (Q4); Industrial and Manufacturing Engineering (Q4); Information Systems (Q4); Information Systems and Management (Q4); Management of Technology and Innovation (Q4); Software (Q4)";"Business, Management and Accounting; Computer Science; Decision Sciences; Engineering"
320;20056;"Industrie Alimentari";journal;"0019901X";"Chiriotti Editori";No;No;0,103;Q4;14;387;188;483;3;138;0,01;1,25;60,71;0;Italy;Western Europe;"Chiriotti Editori";"1996-2026";"Food Science (Q4); Industrial and Manufacturing Engineering (Q4)";"Agricultural and Biological Sciences; Engineering"
321;21100200607;"Ernahrung";journal;"02501554";"Fachzeitschriftenverlagsges. m. b. H";No;No;0,101;Q4;3;54;112;22;0;45;0,00;0,41;44,44;0;Austria;Western Europe;"Fachzeitschriftenverlagsges. m. b. H";"2011-2013, 2017-2025";"Biotechnology (Q4); Food Science (Q4); Industrial and Manufacturing Engineering (Q4); Nutrition and Dietetics (Q4)";"Agricultural and Biological Sciences; Biochemistry, Genetics and Molecular Biology; Engineering; Nursing"
322;15197;"COSSMA";journal;"14397676";"Health and Beauty Business Media GmbH";No;No;0,100;Q4;3;114;367;348;0;147;0,00;3,05;65,82;0;Germany;Western Europe;"Health and Beauty Business Media GmbH";"1999-2015, 2017-2025";"Industrial and Manufacturing Engineering (Q4); Materials Science (miscellaneous) (Q4)";"Engineering; Materials Science"
323;29049;"Engineering";journal;"00137782";"Gillard Welch Ltd";No;No;0,100;Q4;2;123;625;1;0;271;0,00;0,01;17,31;0;United Kingdom;Western Europe;"Gillard Welch Ltd";"1968, 1970-1990, 1994-2010, 2012, 2014-2025";"Electrical and Electronic Engineering (Q4); Industrial and Manufacturing Engineering (Q4); Mechanical Engineering (Q4)";"Engineering"
324;5100155026;"New Design";journal;"14722674";"Gillard Welch Ltd";No;No;0,100;Q4;2;0;150;0;0;112;0,00;0,00;0,00;0;United Kingdom;Western Europe;"Gillard Welch Ltd";"2005-2020, 2022";"Control and Systems Engineering (Q4); Industrial and Manufacturing Engineering (Q4)";"Engineering"
325;21101153201;"Operations Engineer";journal;"26323451";"Society of Operations Engineers";No;No;0,100;Q4;2;135;157;0;0;93;0,00;0,00;17,39;0;United Kingdom;Western Europe;"Society of Operations Engineers";"2022-2026";"Industrial and Manufacturing Engineering (Q4); Strategy and Management (Q4)";"Business, Management and Accounting; Engineering"
326;11400153338;"Printed Circuit Design and Fab/Circuits Assembly";journal;"19395442, 21530912";"U P Media Group Inc.";No;No;0,100;Q4;6;175;378;131;1;210;0,00;0,75;14,29;0;United States;Northern America;"U P Media Group Inc.";"2008-2026";"Electrical and Electronic Engineering (Q4); Industrial and Manufacturing Engineering (Q4); Industrial Relations (Q4); Management of Technology and Innovation (Q4)";"Business, Management and Accounting; Engineering"
327;13366;"Textile Rental";journal;"01950118";"Textile Rental Association of America";No;No;0,100;Q4;1;126;330;0;0;222;0,00;0,00;36,36;0;United States;Northern America;"Textile Rental Association of America";"1979-1993, 2005-2015, 2017-2025";"Business and International Management (Q4); Industrial and Manufacturing Engineering (Q4); Polymers and Plastics (Q4)";"Business, Management and Accounting; Engineering; Materials Science"
328;21101289973;"Advanced Engineering Letters";journal;"28129709";"The Association of Intellectuals for the Development of Science in Serbia "The Serbian Academic Center" Novi Sad";Yes;No;;-;10;20;20;663;31;20;1,55;33,15;29,82;0;Serbia;Eastern Europe;"The Association of Intellectuals for the Development of Science in Serbia "The Serbian Academic Center" Novi Sad";"2022-2025";"Energy Engineering and Power Technology; Industrial and Manufacturing Engineering; Materials Science (miscellaneous); Mechanical Engineering";"Energy; Engineering; Materials Science"
329;21101288928;"Amirkabir Journal of Mechanical Engineering";journal;"20086032, 24763446";"Amirkabir University of Technology";No;No;;-;6;91;441;2736;76;441;0,17;30,07;10,70;0;Iran;Middle East;"Amirkabir University of Technology";"2021-2025";"Industrial and Manufacturing Engineering; Materials Science (miscellaneous); Mechanical Engineering";"Engineering; Materials Science"
330;21101234843;"An-Najah University Journal for Research - A (Natural Sciences)";journal;"23118865, 17272114";"An-Najah National University";Yes;Yes;;-;4;12;24;384;5;24;0,24;32,00;39,29;0;Palestine;Middle East;"An-Najah National University";"2020-2026";"Agronomy and Crop Science; Animal Science and Zoology; Architecture; Industrial and Manufacturing Engineering";"Agricultural and Biological Sciences; Engineering"
331;21101390127;"Archives for Technical Sciences";journal;"18404855, 22330046";"Technical institute of Bijeljina";No;No;;-;15;15;37;364;7;37;0,19;24,27;56,76;0;Bosnia and Herzegovina;Eastern Europe;"Technical institute of Bijeljina";"2021-2025";"Business and International Management; Civil and Structural Engineering; Engineering (miscellaneous); Industrial and Manufacturing Engineering; Medicine (miscellaneous)";"Business, Management and Accounting; Engineering; Medicine"
332;21101268314;"ASME Letters in Dynamic Systems and Control";journal;"26896125, 26896117";"American Society of Mechanical Engineers (ASME)";No;No;;-;11;40;96;879;87;94;0,91;21,98;14,05;0;United States;Northern America;"American Society of Mechanical Engineers (ASME)";"2021-2026";"Automotive Engineering; Biomedical Engineering; Industrial and Manufacturing Engineering; Mechanical Engineering";"Engineering"
333;21101295905;"AUT Journal of Mechanical Engineering";journal;"25882945, 25882937";"Amirkabir University of Technology";No;No;;-;6;24;76;859;35;76;0,46;35,79;14,29;0;Iran;Middle East;"Amirkabir University of Technology";"2021-2026";"Computational Mechanics; Industrial and Manufacturing Engineering; Mechanical Engineering; Mechanics of Materials";"Engineering"
334;21101194575;"Cleaner Production Letters";journal;"26667916";"Elsevier B.V.";Yes;No;;-;16;23;26;1511;114;26;4,38;65,70;35,71;5;Netherlands;Western Europe;"Elsevier B.V.";"2021-2026";"Waste Management and Disposal";"Environmental Science"
335;21101392295;"Engineering and Technology Horizons";journal;"29851688";"King Mongkut's Institute of Technology Ladkrabang";No;No;;-;2;48;0;1026;0;0;0,00;21,38;34,21;0;Thailand;Asiatic Region;"King Mongkut's Institute of Technology Ladkrabang";"2023-2025";"Chemical Engineering (miscellaneous); Civil and Structural Engineering; Electrical and Electronic Engineering; Industrial and Manufacturing Engineering; Management of Technology and Innovation; Mechanical Engineering";"Business, Management and Accounting; Chemical Engineering; Engineering"
336;21101229244;"Human Factors and Ergonomics in Manufacturing and Service Industries";journal;"15206564, 10908471";"John Wiley and Sons Inc";No;No;;-;56;32;118;1957;383;116;3,30;61,16;39,34;3;United States;Northern America;"John Wiley and Sons Inc";"1996-2026";"Human Factors and Ergonomics; Industrial and Manufacturing Engineering";"Engineering; Social Sciences"
337;21101199356;"IAES International Journal of Robotics and Automation";journal;"27222586, 20894856";"Intelektual Pustaka Media Utama";No;No;;-;6;37;0;1067;0;0;0,00;28,84;22,99;0;Indonesia;Asiatic Region;"Intelektual Pustaka Media Utama";"2023-2025";"Control and Systems Engineering; Engineering (miscellaneous); Industrial and Manufacturing Engineering";"Engineering"
338;21101246775;"Instrumentation";journal;"20957521";"Popular Science Press";No;No;;-;6;19;63;455;40;63;0,70;23,95;34,55;0;China;Asiatic Region;"Popular Science Press";"2020-2025";"Control and Systems Engineering; Electrical and Electronic Engineering; Engineering (miscellaneous); Industrial and Manufacturing Engineering";"Engineering"
339;21101358081;"International Journal of Automotive Manufacturing and Materials";journal;"2653777X";"Scilight Press Pty. Ltd";No;No;;-;8;25;11;1433;10;10;0,91;57,32;28,72;0;Australia;Pacific Region;"Scilight Press Pty. Ltd";"2022-2025";"Automotive Engineering; Energy Engineering and Power Technology; Industrial and Manufacturing Engineering; Materials Science (miscellaneous)";"Energy; Engineering; Materials Science"
340;21101258752;"International Journal of Industrial Engineering and Operations Management";journal;"26906090, 26906104";"Emerald Publishing";Yes;Yes;;-;12;14;4;730;10;4;2,50;52,14;23,08;0;United Kingdom;Western Europe;"Emerald Publishing";"2022-2026";"Industrial and Manufacturing Engineering; Management Science and Operations Research; Renewable Energy, Sustainability and the Environment; Safety, Risk, Reliability and Quality; Statistics, Probability and Uncertainty";"Decision Sciences; Energy; Engineering"
341;21101257844;"International Journal of Research in Industrial Engineering";journal;"27831337, 27172937";"";Yes;Yes;;-;6;28;0;1115;0;0;0,00;39,82;11,29;0;Iran;Middle East;"";"2023-2026";"Industrial and Manufacturing Engineering; Information Systems and Management; Management Science and Operations Research; Statistics, Probability and Uncertainty";"Decision Sciences; Engineering"
342;21101206092;"Journal of Applied Research on Industrial Engineering";journal;"26766167, 25385100";"Research Expansion Alliance (REA)";Yes;Yes;;-;13;40;82;1761;127;82;1,55;44,03;20,62;0;Serbia;Eastern Europe;"Research Expansion Alliance (REA)";"2021-2025";"Control and Systems Engineering; Industrial and Manufacturing Engineering; Information Systems and Management; Management Science and Operations Research";"Decision Sciences; Engineering"
343;21101375099;"Journal of Engineering Management and Systems Engineering";journal;"29583527, 29583519";"Acadlore Publishing Services Limited";No;No;;-;10;20;10;877;31;9;3,10;43,85;20,37;0;Hong Kong;Asiatic Region;"Acadlore Publishing Services Limited";"2022-2025";"Control and Systems Engineering; Engineering (miscellaneous); Industrial and Manufacturing Engineering; Safety, Risk, Reliability and Quality";"Engineering"
344;21101264304;"Jurnal Mekanikal";journal;"22893873";"Penerbit UTM Press";No;No;;-;4;24;34;745;4;34;0,18;31,04;38,60;0;Malaysia;Asiatic Region;"Penerbit UTM Press";"2020-2025";"Industrial and Manufacturing Engineering; Materials Science (miscellaneous); Mechanical Engineering; Physical and Theoretical Chemistry";"Chemistry; Engineering; Materials Science"
345;21101184661;"Jurnal Optimasi Sistem Industri";journal;"20884842, 24428795";"Andalas University Faculty of Engineering";Yes;Yes;;-;7;18;45;619;21;43;0,46;34,39;36,84;0;Indonesia;Asiatic Region;"Andalas University Faculty of Engineering";"2019-2025";"Industrial and Manufacturing Engineering; Management Science and Operations Research; Safety, Risk, Reliability and Quality; Statistics, Probability and Uncertainty";"Decision Sciences; Engineering"
346;21101300205;"Jurnal Teknologi dan Industri Pangan / Journal of Food Technology and Industry";journal;"19797788, 2087751X";"Department of Food Science and Technology, Faculty of Agricultural Engineering and Technology, IPB University";Yes;No;;-;4;22;40;873;15;40;0,38;39,68;53,49;0;Indonesia;Asiatic Region;"Department of Food Science and Technology, Faculty of Agricultural Engineering and Technology, IPB University";"2021-2025";"Food Science; Industrial and Manufacturing Engineering";"Agricultural and Biological Sciences; Engineering"
347;93545;"Mari Papel y Corrugado";journal;"17943396";"Latin Press Inc.";No;No;;-;3;9;8;178;0;8;0,00;19,78;41,67;0;United States;Northern America;"Latin Press Inc.";"1999-2000, 2002-2010, 2016, 2020-2025";"Industrial and Manufacturing Engineering; Materials Science (miscellaneous)";"Engineering; Materials Science"
348;21101256293;"Materials Science in Additive Manufacturing";journal;"28109635";"AccScience Publishing";No;No;;-;14;24;23;1468;129;22;5,61;61,17;34,38;0;Singapore;Asiatic Region;"AccScience Publishing";"2022-2026";"Industrial and Manufacturing Engineering; Materials Science (miscellaneous)";"Engineering; Materials Science"
349;21101298384;"Nanofabrication";journal;"2299680X";"Eurasia Academic Publishing Group";No;No;;-;11;25;27;2121;96;27;3,56;84,84;41,49;0;Hong Kong;Asiatic Region;"Eurasia Academic Publishing Group";"2021-2025";"Bioengineering; Biotechnology; Industrial and Manufacturing Engineering; Process Chemistry and Technology";"Biochemistry, Genetics and Molecular Biology; Chemical Engineering; Engineering"
350;21101264297;"NIPES - Journal of Science and Technology Research";journal;"26825821, 27342352";"Nigerian Institution of Professional Engineers and Scientists";No;No;;-;7;107;303;2694;58;303;0,14;25,18;22,83;0;Nigeria;Africa;"Nigerian Institution of Professional Engineers and Scientists";"2020-2025";"Electrical and Electronic Engineering; Industrial and Manufacturing Engineering; Mechanical Engineering";"Engineering"
351;21101192674;"npj Urban Sustainability";journal;"26618001";"Springer Nature";Yes;No;;-;35;52;72;3427;678;62;9,42;65,90;44,96;11;United Kingdom;Western Europe;"Springer Nature";"2021-2026";"Computational Mechanics; Ecology; Environmental Engineering; Industrial and Manufacturing Engineering";"Engineering; Environmental Science"
352;21101393345;"Prospecting and Development of Oil and Gas Fields";journal;"19939973, 2415332X";"Ivano Frankivsk National Technical University of Oil and Gas";No;No;;-;4;12;46;232;6;46;0,13;19,33;42,86;0;Ukraine;Eastern Europe;"Ivano Frankivsk National Technical University of Oil and Gas";"2024-2025";"Energy Engineering and Power Technology; Environmental Engineering; Fuel Technology; Geology; Geophysics; Industrial and Manufacturing Engineering";"Earth and Planetary Sciences; Energy; Engineering; Environmental Science"
353;21100829573;"Revista de Quimica e Industria Textil";journal;"23854812, 23854804";"Asociacion Espanola de Quimicos y Coloristas Textiles";No;No;;-;4;30;28;90;0;19;0,00;3,00;52,50;0;Spain;Western Europe;"Asociacion Espanola de Quimicos y Coloristas Textiles";"2010-2012, 2014-2018, 2021-2024";"Business and International Management; Chemical Engineering (miscellaneous); Industrial and Manufacturing Engineering; Polymers and Plastics";"Business, Management and Accounting; Chemical Engineering; Engineering; Materials Science"
354;21101158604;"Sinergi (Indonesia)";journal;"14102331, 24601217";"Mercu Buana University";Yes;No;;-;8;46;0;1512;0;0;0,00;32,87;31,03;0;Indonesia;Asiatic Region;"Mercu Buana University";"2023-2026";"Civil and Structural Engineering; Electrical and Electronic Engineering; Industrial and Manufacturing Engineering; Mechanical Engineering";"Engineering"
355;21101303676;"Sugar Industry International";journal;"2941749X";"Verlag Dr. Albert Bartens KG";No;No;;-;0;4;0;96;0;0;0,00;24,00;33,33;0;Germany;Western Europe;"Verlag Dr. Albert Bartens KG";"2023-2024";"Agronomy and Crop Science; Food Science; Industrial and Manufacturing Engineering";"Agricultural and Biological Sciences; Engineering"
