Rank;Sourceid;Title;Type;Issn;Publisher;Open Access;Open Access Diamond;SJR;SJR Quartile;H index;Total Docs. (2025);Total Docs. (3years);Total Refs.;Total Citations (3years);Citable Docs. (3years);Citations / Doc. (2years);Ref. / Doc.;%Female;Overton;Country;Region;Publisher;Coverage;Categories;Areas
1;24204;"Review of Economics and Statistics";journal;"00346535, 15309142";"MIT Press";No;No;8,830;Q1;219;61;310;2861;1861;310;5,47;46,90;19,16;44;United States;Northern America;"MIT Press";"1978-2025";"Economics and Econometrics (Q1); Social Sciences (miscellaneous) (Q1)";"Economics, Econometrics and Finance; Social Sciences"
2;21100198409;"Nature Climate Change";journal;"17586798, 1758678X";"Nature Research";No;No;7,978;Q1;322;348;898;10520;12673;492;11,93;30,23;34,95;38;United Kingdom;Western Europe;"Nature Research";"2009, 2011-2026";"Environmental Science (miscellaneous) (Q1); Social Sciences (miscellaneous) (Q1)";"Environmental Science; Social Sciences"
3;27069;"Human Relations";journal;"00187267, 1741282X";"SAGE Publications Ltd";No;No;4,141;Q1;181;76;214;6613;2325;212;8,48;87,01;56,31;3;United Kingdom;Western Europe;"SAGE Publications Ltd";"1947-2026";"Arts and Humanities (miscellaneous) (Q1); Management of Technology and Innovation (Q1); Social Sciences (miscellaneous) (Q1); Strategy and Management (Q1)";"Arts and Humanities; Business, Management and Accounting; Social Sciences"
4;28964;"Journal of Applied Econometrics";journal;"10991255, 08837252";"John Wiley and Sons Ltd";No;No;3,547;Q1;128;55;210;2449;741;210;2,74;44,53;12,80;10;United Kingdom;Western Europe;"John Wiley and Sons Ltd";"1986-2026";"Economics and Econometrics (Q1); Social Sciences (miscellaneous) (Q1)";"Economics, Econometrics and Finance; Social Sciences"
5;27162;"Journal of Business and Economic Statistics";journal;"07350015, 15372707";"Taylor and Francis Ltd.";No;No;3,508;Q1;127;121;360;5071;1273;336;2,92;41,91;23,67;10;United Kingdom;Western Europe;"Taylor and Francis Ltd.";"1983-2026";"Economics and Econometrics (Q1); Social Sciences (miscellaneous) (Q1); Statistics and Probability (Q1); Statistics, Probability and Uncertainty (Q1)";"Decision Sciences; Economics, Econometrics and Finance; Mathematics; Social Sciences"
6;18091;"Sociological Methods and Research";journal;"00491241, 15528294";"SAGE Publications Inc.";No;No;3,471;Q1;106;78;173;5283;1644;172;9,58;67,73;31,08;5;United States;Northern America;"SAGE Publications Inc.";"1972-2026";"Social Sciences (miscellaneous) (Q1); Sociology and Political Science (Q1)";"Social Sciences"
7;21100899528;"Adolescent Research Review";journal;"23638354, 23638346";"Springer International Publishing AG";No;No;3,275;Q1;46;41;73;4155;794;73;9,18;101,34;59,16;3;Switzerland;Western Europe;"Springer International Publishing AG";"2016-2026";"Developmental and Educational Psychology (Q1); Pediatrics, Perinatology and Child Health (Q1); Psychiatry and Mental Health (Q1); Social Sciences (miscellaneous) (Q1)";"Medicine; Psychology; Social Sciences"
8;11200153507;"Journal of Mixed Methods Research";journal;"15586898, 15586901";"SAGE Publications Ltd";No;No;3,240;Q1;78;39;99;2013;739;72;9,77;51,62;44,68;0;United States;Northern America;"SAGE Publications Ltd";"2007-2026";"Education (Q1); Social Sciences (miscellaneous) (Q1); Statistics, Probability and Uncertainty (Q1)";"Decision Sciences; Social Sciences"
9;20143;"Business and Society";journal;"00076503, 15524205";"SAGE Publications Ltd";No;No;2,832;Q1;114;78;180;6597;1557;148;6,10;84,58;36,98;2;United Kingdom;Western Europe;"SAGE Publications Ltd";"1960-1978, 1980-1981, 1983-2026";"Business, Management and Accounting (miscellaneous) (Q1); Social Sciences (miscellaneous) (Q1)";"Business, Management and Accounting; Social Sciences"
10;21101160600;"Research Methods in Applied Linguistics";journal;"27727661";"Elsevier B.V.";No;No;2,794;Q1;19;115;151;6335;2110;149;7,33;55,09;44,40;0;Netherlands;Western Europe;"Elsevier B.V.";"2022-2026";"Linguistics and Language (Q1); Social Sciences (miscellaneous) (Q1)";"Social Sciences"
11;21100936623;"Campbell Systematic Reviews";journal;"18911803";"John Wiley &amp; Sons Inc.";Yes;Yes;2,460;Q1;35;61;225;6185;2198;214;3,73;101,39;57,49;5;United States;Northern America;"John Wiley &amp; Sons Inc.";"2019-2025";"Social Sciences (miscellaneous) (Q1)";"Social Sciences"
12;21100325067;"Energy Research and Social Science";journal;"22146326, 22146296";"Elsevier Ltd";No;No;2,432;Q1;145;621;1276;54908;11487;1276;8,18;88,42;45,77;44;United Kingdom;Western Europe;"Elsevier Ltd";"2014-2026";"Energy Engineering and Power Technology (Q1); Fuel Technology (Q1); Nuclear Energy and Engineering (Q1); Renewable Energy, Sustainability and the Environment (Q1); Social Sciences (miscellaneous) (Q1)";"Energy; Social Sciences"
13;19400158483;"Social Issues and Policy Review";journal;"17512409, 17512395";"Wiley-Blackwell Publishing Ltd";No;No;2,273;Q1;58;8;24;1327;245;24;9,67;165,88;60,87;0;United Kingdom;Western Europe;"Wiley-Blackwell Publishing Ltd";"2008-2025";"Applied Psychology (Q1); Social Psychology (Q1); Social Sciences (miscellaneous) (Q1); Sociology and Political Science (Q1)";"Psychology; Social Sciences"
14;19400158343;"Current Opinion in Environmental Sustainability";journal;"18773435";"Elsevier B.V.";No;No;2,228;Q1;145;51;199;3138;1967;192;9,81;61,53;51,63;4;Netherlands;Western Europe;"Elsevier B.V.";"2009-2026";"Environmental Science (miscellaneous) (Q1); Social Sciences (miscellaneous) (Q1)";"Environmental Science; Social Sciences"
15;22738;"Philosophy and Public Affairs";journal;"10884963, 00483915";"Wiley-Blackwell Publishing Ltd";No;No;2,204;Q1;91;20;46;1265;171;43;2,55;63,25;0,00;0;United Kingdom;Western Europe;"Wiley-Blackwell Publishing Ltd";"1973-1982, 1984-1986, 1988-2001, 2003-2026";"History and Philosophy of Science (Q1); Political Science and International Relations (Q1); Social Sciences (miscellaneous) (Q1)";"Arts and Humanities; Social Sciences"
16;23574;"Public Opinion Quarterly";journal;"0033362X, 15375331";"Oxford University Press";No;No;2,191;Q1;129;54;159;2901;711;157;4,35;53,72;41,67;0;United Kingdom;Western Europe;"Oxford University Press";"1937-2025";"Communication (Q1); History (Q1); History and Philosophy of Science (Q1); Social Sciences (miscellaneous) (Q1); Sociology and Political Science (Q1)";"Arts and Humanities; Social Sciences"
17;19700201681;"Environmental Innovation and Societal Transitions";journal;"22104232, 22104224";"Elsevier B.V.";No;No;2,155;Q1;93;80;290;6716;2204;278;6,76;83,95;40,00;7;Netherlands;Western Europe;"Elsevier B.V.";"2011-2026";"Environmental Science (miscellaneous) (Q1); Renewable Energy, Sustainability and the Environment (Q1); Social Sciences (miscellaneous) (Q1)";"Energy; Environmental Science; Social Sciences"
18;100147024;"Qualitative Research";journal;"17413109, 14687941";"SAGE Publications Ltd";No;No;1,968;Q1;109;120;229;7150;1452;225;5,46;59,58;71,17;3;United Kingdom;Western Europe;"SAGE Publications Ltd";"2001-2026";"History and Philosophy of Science (Q1); Social Sciences (miscellaneous) (Q1)";"Arts and Humanities; Social Sciences"
19;21100902871;"International Journal for Educational Integrity";journal;"18332595";"BioMed Central Ltd";Yes;No;1,935;Q1;35;33;78;1830;1144;74;19,73;55,45;54,00;1;United Kingdom;Western Europe;"BioMed Central Ltd";"2015-2026";"Education (Q1); Social Sciences (miscellaneous) (Q1)";"Social Sciences"
20;25680;"Journal of Youth and Adolescence";journal;"15736601, 00472891";"Springer New York";No;No;1,893;Q1;165;230;521;15902;3008;517;5,36;69,14;59,05;1;United States;Northern America;"Springer New York";"1972-2026";"Developmental and Educational Psychology (Q1); Education (Q1); Social Psychology (Q1); Social Sciences (miscellaneous) (Q1)";"Psychology; Social Sciences"
21;15143;"Regional Studies";journal;"13600591, 00343404";"Routledge";No;No;1,883;Q1;157;223;498;15121;3268;475;6,34;67,81;33,46;36;United Kingdom;Western Europe;"Routledge";"1967-2026";"Environmental Science (miscellaneous) (Q1); Social Sciences (miscellaneous) (Q1)";"Environmental Science; Social Sciences"
22;15653;"Journal of Marriage and Family";journal;"17413737, 00222445";"Wiley-Blackwell Publishing Ltd";No;No;1,821;Q1;199;129;207;8711;1023;207;4,72;67,53;67,61;5;United Kingdom;Western Europe;"Wiley-Blackwell Publishing Ltd";"1973-1981, 1985, 1987, 1996-2026";"Anthropology (Q1); Arts and Humanities (miscellaneous) (Q1); Social Sciences (miscellaneous) (Q1); Social Work (Q1)";"Arts and Humanities; Social Sciences"
23;18173;"Mathematical Finance";journal;"09601627, 14679965";"Wiley-Blackwell Publishing Ltd";No;No;1,761;Q1;92;31;98;1343;351;96;4,09;43,32;17,33;1;United Kingdom;Western Europe;"Wiley-Blackwell Publishing Ltd";"1991-2026";"Accounting (Q1); Applied Mathematics (Q1); Economics and Econometrics (Q1); Finance (Q1); Social Sciences (miscellaneous) (Q1)";"Business, Management and Accounting; Economics, Econometrics and Finance; Mathematics; Social Sciences"
24;21101257044;"Life Medicine";journal;"27551733";"Oxford University Press";Yes;Yes;1,754;Q1;16;34;148;2441;496;120;3,55;71,79;40,79;0;United Kingdom;Western Europe;"Oxford University Press";"2022-2026";"Aging (Q1); Arts and Humanities (miscellaneous) (Q1); Law (Q1); Mathematics (miscellaneous) (Q1); Social Sciences (miscellaneous) (Q1)";"Arts and Humanities; Biochemistry, Genetics and Molecular Biology; Mathematics; Social Sciences"
25;23411;"Journal of Industrial Ecology";journal;"10881980, 15309290";"Springer Nature";No;No;1,741;Q1;151;164;399;10710;2979;393;6,38;65,30;35,52;7;Netherlands;Western Europe;"Springer Nature";"1997-2026";"Economics and Econometrics (Q1); Environmental Science (miscellaneous) (Q1); Social Sciences (miscellaneous) (Q1)";"Economics, Econometrics and Finance; Environmental Science; Social Sciences"
26;21100777183;"Journal of Family Theory and Review";journal;"17562589, 17562570";"Wiley-Blackwell Publishing Ltd";No;No;1,662;Q1;50;61;130;4216;652;121;4,69;69,11;64,22;0;United Kingdom;Western Europe;"Wiley-Blackwell Publishing Ltd";"2009, 2013, 2016-2026";"Health (social science) (Q1); Social Psychology (Q1); Social Sciences (miscellaneous) (Q1)";"Psychology; Social Sciences"
27;28464;"Econometric Theory";journal;"02664666, 14694360";"Cambridge University Press";No;No;1,623;Q1;87;58;132;2598;151;128;1,07;44,79;27,12;0;United Kingdom;Western Europe;"Cambridge University Press";"1985-2026";"Economics and Econometrics (Q1); Social Sciences (miscellaneous) (Q1)";"Economics, Econometrics and Finance; Social Sciences"
28;24377;"Social Studies of Science";journal;"14603659, 03063127";"SAGE Publications Ltd";No;No;1,584;Q1;116;57;127;4041;575;119;4,39;70,89;42,86;0;United Kingdom;Western Europe;"SAGE Publications Ltd";"1971-2026";"History (Q1); History and Philosophy of Science (Q1); Social Sciences (miscellaneous) (Q1)";"Arts and Humanities; Social Sciences"
29;21100886215;"RSF";journal;"23778253, 23778261";"Russell Sage Foundation";Yes;Yes;1,532;Q1;45;16;154;952;691;154;3,99;59,50;51,22;0;United States;Northern America;"Russell Sage Foundation";"2015-2025";"Social Sciences (miscellaneous) (Q1)";"Social Sciences"
30;21101075549;"Postdigital Science and Education";journal;"2524485X, 25244868";"Springer International Publishing AG";No;No;1,529;Q1;44;92;192;5549;1283;110;6,47;60,32;54,71;2;Switzerland;Western Europe;"Springer International Publishing AG";"2019-2026";"Arts and Humanities (miscellaneous) (Q1); Education (Q1); Social Sciences (miscellaneous) (Q1)";"Arts and Humanities; Social Sciences"
31;21101114532;"Ijtihad: Jurnal Wacana Hukum Islam dan Kemanusiaan";journal;"14119544, 24778036";"Faculty of Sharia State Islamic University of Salatiga";Yes;No;1,515;Q1;17;13;40;992;291;40;7,68;76,31;30,77;0;Indonesia;Asiatic Region;"Faculty of Sharia State Islamic University of Salatiga";"2019-2025";"Law (Q1); Religious Studies (Q1); Social Sciences (miscellaneous) (Q1)";"Arts and Humanities; Social Sciences"
32;18090;"Sociological Methodology";journal;"14679531, 00811750";"SAGE Publications Ltd";No;No;1,500;Q1;70;13;37;734;144;37;3,73;56,46;52,63;1;United Kingdom;Western Europe;"SAGE Publications Ltd";"1987-1990, 1993, 1996-2026";"Social Sciences (miscellaneous) (Q1); Sociology and Political Science (Q1)";"Social Sciences"
33;13300154704;"Geography Compass";journal;"17498198";"John Wiley and Sons Inc";No;No;1,495;Q1;97;42;121;4041;648;119;5,01;96,21;48,78;1;United States;Northern America;"John Wiley and Sons Inc";"2007-2026";"Atmospheric Science (Q1); Computers in Earth Sciences (Q1); Earth-Surface Processes (Q1); Social Sciences (miscellaneous) (Q1); Water Science and Technology (Q1)";"Earth and Planetary Sciences; Environmental Science; Social Sciences"
34;14871;"International Journal of Behavioral Development";journal;"01650254, 14640651";"SAGE Publications Ltd";No;No;1,495;Q1;119;126;161;7423;759;160;3,17;58,91;68,05;0;United Kingdom;Western Europe;"SAGE Publications Ltd";"1978-2026";"Developmental and Educational Psychology (Q1); Developmental Neuroscience (Q1); Education (Q1); Life-span and Life-course Studies (Q1); Social Psychology (Q1); Social Sciences (miscellaneous) (Q1)";"Neuroscience; Psychology; Social Sciences"
35;23439;"Politics and Society";journal;"00323292, 15527514";"SAGE Publications Inc.";No;No;1,482;Q1;89;22;64;1257;325;59;3,37;57,14;30,95;2;United States;Northern America;"SAGE Publications Inc.";"1970-1990, 1992-2026";"Political Science and International Relations (Q1); Social Sciences (miscellaneous) (Q1); Sociology and Political Science (Q1)";"Social Sciences"
36;16444;"Journal of Educational and Behavioral Statistics";journal;"10769986, 19351054";"SAGE Publications Inc.";No;No;1,445;Q1;79;57;101;2681;278;97;2,26;47,04;30,30;0;United States;Northern America;"SAGE Publications Inc.";"1986, 1996-2026";"Education (Q1); Social Sciences (miscellaneous) (Q1)";"Social Sciences"
37;21101045327;"AERA Open";journal;"23328584";"SAGE Publications Inc.";Yes;No;1,435;Q1;56;119;250;9060;1096;250;3,44;76,13;63,32;7;United States;Northern America;"SAGE Publications Inc.";"2015-2026";"Developmental and Educational Psychology (Q1); Education (Q1); Social Sciences (miscellaneous) (Q1)";"Psychology; Social Sciences"
38;21100855741;"Sociological Science";journal;"23306696";"Society for Sociological Science";Yes;No;1,434;Q1;50;41;95;2931;292;95;2,74;71,49;31,18;0;United States;Northern America;"Society for Sociological Science";"2014-2026";"Social Sciences (miscellaneous) (Q1)";"Social Sciences"
39;27204;"International Journal of Social Research Methodology: Theory and Practice";journal;"14645300, 13645579";"Taylor and Francis Ltd.";No;No;1,417;Q1;95;99;188;3979;1012;182;3,76;40,19;59,66;1;United Kingdom;Western Europe;"Taylor and Francis Ltd.";"1998-2026";"Social Sciences (miscellaneous) (Q1)";"Social Sciences"
40;144986;"Career Development International";journal;"13620436";"Emerald Group Publishing Ltd.";No;No;1,386;Q1;92;74;131;4292;758;123;4,47;58,00;56,63;0;United Kingdom;Western Europe;"Emerald Group Publishing Ltd.";"1996-2026";"Organizational Behavior and Human Resource Management (Q1); Social Sciences (miscellaneous) (Q1)";"Business, Management and Accounting; Social Sciences"
41;21101097039;"Sociology of Race and Ethnicity";journal;"23326506, 23326492";"SAGE Publications Inc.";No;No;1,381;Q1;47;47;121;3009;435;111;3,03;64,02;54,12;1;United States;Northern America;"SAGE Publications Inc.";"2015-2026";"Anthropology (Q1); Social Sciences (miscellaneous) (Q1)";"Social Sciences"
42;144820;"Journal of Happiness Studies";journal;"13894978, 15737780";"Springer Science and Business Media B.V.";No;No;1,378;Q1;126;144;428;10627;2039;428;4,30;73,80;52,04;0;Netherlands;Western Europe;"Springer Science and Business Media B.V.";"2001, 2003, 2005-2026";"Social Sciences (miscellaneous) (Q1)";"Social Sciences"
43;21101063742;"Earth System Governance";journal;"25898116";"Elsevier B.V.";Yes;No;1,371;Q1;29;68;89;5484;504;80;4,72;80,65;50,86;4;Netherlands;Western Europe;"Elsevier B.V.";"2019-2026";"Geography, Planning and Development (Q1); Management, Monitoring, Policy and Law (Q1); Political Science and International Relations (Q1); Social Sciences (miscellaneous) (Q1); Global and Planetary Change (Q2)";"Environmental Science; Social Sciences"
44;21100386467;"Sleep Health";journal;"23527218";"Elsevier Inc.";No;No;1,363;Q1;58;130;373;5514;1594;336;4,43;42,42;57,61;1;United States;Northern America;"Elsevier Inc.";"2015-2026";"Behavioral Neuroscience (Q1); Health (social science) (Q1); Neuropsychology and Physiological Psychology (Q1); Social Sciences (miscellaneous) (Q1)";"Neuroscience; Psychology; Social Sciences"
45;21101158576;"Harvard Kennedy School Misinformation Review";journal;"27661652";"Harvard Kennedy School";Yes;Yes;1,362;Q1;37;22;81;952;446;68;5,10;43,27;40,63;0;United States;Northern America;"Harvard Kennedy School";"2020-2026";"Social Sciences (miscellaneous) (Q1)";"Social Sciences"
46;25678;"Journal of Research on Adolescence";journal;"10508392, 15327795";"Wiley-Blackwell Publishing Ltd";No;No;1,340;Q1;127;155;335;10792;1284;320;2,95;69,63;64,62;2;United Kingdom;Western Europe;"Wiley-Blackwell Publishing Ltd";"1993, 1996-2026";"Behavioral Neuroscience (Q1); Cultural Studies (Q1); Developmental and Educational Psychology (Q1); Social Sciences (miscellaneous) (Q1)";"Neuroscience; Psychology; Social Sciences"
47;21101252431;"Computers and Education: X Reality";journal;"29496780";"Elsevier B.V.";Yes;No;1,339;Q1;19;34;84;1906;700;83;8,27;56,06;34,85;0;Netherlands;Western Europe;"Elsevier B.V.";"2022-2026";"Human-Computer Interaction (Q1); Social Sciences (miscellaneous) (Q1)";"Computer Science; Social Sciences"
48;12282;"Journal of Social Policy";journal;"14697823, 00472794";"Cambridge University Press";No;No;1,335;Q1;87;82;162;4305;719;161;3,88;52,50;43,84;0;United Kingdom;Western Europe;"Cambridge University Press";"1973, 1976, 1978-1984, 1986-2026";"Management, Monitoring, Policy and Law (Q1); Public Administration (Q1); Social Sciences (miscellaneous) (Q1); Social Work (Q1)";"Environmental Science; Social Sciences"
49;11600154701;"Police Quarterly";journal;"10986111, 1552745X";"SAGE Publications Inc.";No;No;1,320;Q1;73;27;66;1904;290;66;3,84;70,52;57,83;2;United States;Northern America;"SAGE Publications Inc.";"1998-2026";"Law (Q1); Social Sciences (miscellaneous) (Q1)";"Social Sciences"
50;30088;"Journal of Social Issues";journal;"00224537, 15404560";"Wiley-Blackwell Publishing Ltd";No;No;1,309;Q1;160;56;167;4450;814;166;4,34;79,46;59,86;2;United Kingdom;Western Europe;"Wiley-Blackwell Publishing Ltd";"1945-2025";"Social Sciences (miscellaneous) (Q1)";"Social Sciences"
51;23168;"Language Testing";journal;"02655322, 14770946";"SAGE Publications Ltd";No;No;1,291;Q1;96;29;123;1559;437;106;3,46;53,76;45,71;0;United Kingdom;Western Europe;"SAGE Publications Ltd";"1984-2026";"Linguistics and Language (Q1); Social Sciences (miscellaneous) (Q1)";"Social Sciences"
52;21101184500;"Applied Corpus Linguistics";journal;"26667991";"Elsevier Inc.";No;No;1,288;Q1;14;45;89;2268;406;88;5,13;50,40;49,44;0;United States;Northern America;"Elsevier Inc.";"2021-2026";"Linguistics and Language (Q1); Social Sciences (miscellaneous) (Q1)";"Social Sciences"
53;12028;"Applied Psychological Measurement";journal;"01466216, 15523497";"SAGE Publications Inc.";No;No;1,287;Q1;79;39;102;1332;207;99;2,06;34,15;38,64;0;United States;Northern America;"SAGE Publications Inc.";"1977-2026";"Psychology (miscellaneous) (Q1); Social Sciences (miscellaneous) (Q1)";"Psychology; Social Sciences"
54;13197;"Nonprofit and Voluntary Sector Quarterly";journal;"15527395, 08997640";"SAGE Publications Inc.";No;No;1,285;Q1;111;89;226;6581;1017;218;4,68;73,94;50,68;0;United States;Northern America;"SAGE Publications Inc.";"1972-2026";"Social Sciences (miscellaneous) (Q1)";"Social Sciences"
55;22773;"Policy Sciences";journal;"00322687, 15730891";"Springer Netherlands";No;No;1,273;Q1;85;38;110;2811;603;101;4,92;73,97;46,46;2;Netherlands;Western Europe;"Springer Netherlands";"1970-2026";"Development (Q1); Management, Monitoring, Policy and Law (Q1); Public Administration (Q1); Social Sciences (miscellaneous) (Q1); Sociology and Political Science (Q1)";"Environmental Science; Social Sciences"
56;21101134736;"SSM - Mental Health";journal;"26665603";"Elsevier Ltd";Yes;No;1,260;Q1;23;191;311;11325;1244;299;3,79;59,29;63,42;2;United Kingdom;Western Europe;"Elsevier Ltd";"2021-2026";"Psychology (miscellaneous) (Q1); Social Sciences (miscellaneous) (Q1)";"Psychology; Social Sciences"
57;21101134668;"Human-Machine Communication";journal;"2638602X, 26386038";"";Yes;Yes;1,259;Q1;18;10;56;565;198;56;3,53;56,50;39,13;0;United States;Northern America;"";"2020-2025";"Communication (Q1); Health (social science) (Q1); Social Sciences (miscellaneous) (Q1)";"Social Sciences"
58;18916;"Social Science Computer Review";journal;"15528286, 08944393";"SAGE Publications Inc.";No;No;1,254;Q1;104;119;272;7788;1654;272;5,31;65,45;38,55;2;United States;Northern America;"SAGE Publications Inc.";"1983-2026";"Computer Science Applications (Q1); Law (Q1); Library and Information Sciences (Q1); Social Sciences (miscellaneous) (Q1)";"Computer Science; Social Sciences"
59;18140;"Sociology of Religion";journal;"10694404";"Association for the Sociology of Religion";No;No;1,235;Q1;63;21;55;1507;160;55;2,64;71,76;45,95;1;United States;Northern America;"Association for the Sociology of Religion";"1964-1975, 1977-1978, 1980-1984, 1986-1996, 1998-2025";"Religious Studies (Q1); Social Sciences (miscellaneous) (Q1)";"Arts and Humanities; Social Sciences"
60;21100364916;"IEEE Transactions on Computational Social Systems";journal;"2329924X";"Institute of Electrical and Electronics Engineers Inc.";No;No;1,220;Q1;76;584;1116;30092;7042;1100;6,09;51,53;33,02;0;United States;Northern America;"Institute of Electrical and Electronics Engineers Inc.";"2014-2026";"Human-Computer Interaction (Q1); Modeling and Simulation (Q1); Social Sciences (miscellaneous) (Q1)";"Computer Science; Mathematics; Social Sciences"
61;25987;"Social Networks";journal;"03788733";"Elsevier B.V.";No;No;1,203;Q1;123;43;235;2836;769;232;3,19;65,95;32,82;1;Netherlands;Western Europe;"Elsevier B.V.";"1978-2026";"Anthropology (Q1); Psychology (miscellaneous) (Q1); Social Sciences (miscellaneous) (Q1); Sociology and Political Science (Q1)";"Psychology; Social Sciences"
62;36450;"Design Studies";journal;"0142694X";"Elsevier Ltd";No;No;1,202;Q1;123;35;86;2397;607;81;5,83;68,49;46,24;0;United Kingdom;Western Europe;"Elsevier Ltd";"1979-2026";"Architecture (Q1); Artificial Intelligence (Q1); Arts and Humanities (miscellaneous) (Q1); Computer Science Applications (Q1); Engineering (miscellaneous) (Q1); Social Sciences (miscellaneous) (Q1)";"Arts and Humanities; Computer Science; Engineering; Social Sciences"
63;21101095132;"Behavioural Public Policy";journal;"23980648, 2398063X";"Cambridge University Press";No;No;1,200;Q1;29;86;159;4451;610;153;3,45;51,76;35,29;10;United Kingdom;Western Europe;"Cambridge University Press";"2017-2026";"Applied Psychology (Q1); Political Science and International Relations (Q1); Social Psychology (Q1); Social Sciences (miscellaneous) (Q1); Sociology and Political Science (Q1)";"Psychology; Social Sciences"
64;26043;"Economy and Society";journal;"03085147, 14695766";"Routledge";No;No;1,190;Q1;109;34;93;2554;455;92;4,62;75,12;36,84;1;United Kingdom;Western Europe;"Routledge";"1972-2026";"Business and International Management (Q1); Economics and Econometrics (Q1); Economics, Econometrics and Finance (miscellaneous) (Q1); History (Q1); Social Sciences (miscellaneous) (Q1)";"Arts and Humanities; Business, Management and Accounting; Economics, Econometrics and Finance; Social Sciences"
65;14929;"Global Networks";journal;"14710374, 14702266";"Wiley-Blackwell Publishing Ltd";No;No;1,186;Q1;94;60;158;4114;647;155;3,38;68,57;57,94;1;United Kingdom;Western Europe;"Wiley-Blackwell Publishing Ltd";"2001-2026";"Social Sciences (miscellaneous) (Q1)";"Social Sciences"
66;26350;"Journal of European Social Policy";journal;"14617269, 09589287";"SAGE Publications Ltd";No;No;1,181;Q1;96;53;113;2808;544;113;3,68;52,98;48,36;5;United Kingdom;Western Europe;"SAGE Publications Ltd";"1991-2026";"Management, Monitoring, Policy and Law (Q1); Social Sciences (miscellaneous) (Q1)";"Environmental Science; Social Sciences"
67;145502;"Journal of Youth Studies";journal;"14699680, 13676261";"Routledge";No;No;1,178;Q1;83;170;239;9475;1110;236;3,70;55,74;61,98;5;United Kingdom;Western Europe;"Routledge";"2003-2026";"Life-span and Life-course Studies (Q1); Social Sciences (miscellaneous) (Q1); Sociology and Political Science (Q1)";"Social Sciences"
68;25675;"Journal of Early Adolescence";journal;"15525449, 02724316";"SAGE Publications Inc.";No;No;1,176;Q1;89;74;133;5112;502;132;3,30;69,08;65,99;1;United States;Northern America;"SAGE Publications Inc.";"1981-2026";"Developmental and Educational Psychology (Q1); Life-span and Life-course Studies (Q1); Social Sciences (miscellaneous) (Q1); Sociology and Political Science (Q1)";"Psychology; Social Sciences"
69;20369;"Journal of Family Violence";journal;"08857482, 15732851";"Springer New York";No;No;1,162;Q1;103;339;398;20647;1742;394;3,28;60,91;72,32;15;United States;Northern America;"Springer New York";"1986-2026";"Clinical Psychology (Q1); Law (Q1); Social Sciences (miscellaneous) (Q1); Sociology and Political Science (Q1)";"Psychology; Social Sciences"
70;21100830505;"Communication and Sport";journal;"21674809, 21674795";"SAGE Publications Ltd";No;No;1,151;Q1;43;126;183;7588;962;168;4,61;60,22;41,08;0;United Kingdom;Western Europe;"SAGE Publications Ltd";"2015-2026";"Communication (Q1); Social Sciences (miscellaneous) (Q1)";"Social Sciences"
71;21101167206;"Advances in Simulation";journal;"20590628";"BioMed Central Ltd";Yes;No;1,148;Q1;37;65;123;2848;568;120;3,93;43,82;52,72;0;United Kingdom;Western Europe;"BioMed Central Ltd";"2016-2026";"Ecology, Evolution, Behavior and Systematics (Q1); Psychiatry and Mental Health (Q1); Psychology (miscellaneous) (Q1); Social Sciences (miscellaneous) (Q1); Cognitive Neuroscience (Q2); Developmental Neuroscience (Q2)";"Agricultural and Biological Sciences; Medicine; Neuroscience; Psychology; Social Sciences"
72;23715;"Science Technology and Human Values";journal;"01622439, 15528251";"SAGE Publications Inc.";No;No;1,141;Q1;99;88;185;5911;722;169;2,88;67,17;60,95;0;United States;Northern America;"SAGE Publications Inc.";"1976-2026";"Anthropology (Q1); Economics and Econometrics (Q1); Engineering (miscellaneous) (Q1); Human-Computer Interaction (Q1); Philosophy (Q1); Social Sciences (miscellaneous) (Q1); Sociology and Political Science (Q1)";"Arts and Humanities; Computer Science; Economics, Econometrics and Finance; Engineering; Social Sciences"
73;12125;"Behaviour and Information Technology";journal;"13623001, 0144929X";"Taylor and Francis Ltd.";No;No;1,137;Q1;111;415;614;34612;4088;608;6,17;83,40;42,70;0;United Kingdom;Western Europe;"Taylor and Francis Ltd.";"1982-2026";"Arts and Humanities (miscellaneous) (Q1); Developmental and Educational Psychology (Q1); Human-Computer Interaction (Q1); Social Sciences (miscellaneous) (Q1)";"Arts and Humanities; Computer Science; Psychology; Social Sciences"
74;21101064807;"Cleaner and Responsible Consumption";journal;"26667843";"Elsevier B.V.";Yes;No;1,137;Q1;33;120;193;9117;1494;190;8,26;75,98;42,53;0;United Kingdom;Western Europe;"Elsevier B.V.";"2020-2026";"Economics and Econometrics (Q1); Environmental Engineering (Q1); Environmental Science (miscellaneous) (Q1); Geography, Planning and Development (Q1); Management, Monitoring, Policy and Law (Q1); Social Sciences (miscellaneous) (Q1); Renewable Energy, Sustainability and the Environment (Q2)";"Economics, Econometrics and Finance; Energy; Environmental Science; Social Sciences"
75;21101076323;"Digital Geography and Society";journal;"26663783";"Elsevier Ltd";Yes;No;1,133;Q1;17;40;76;2476;376;73;4,16;61,90;55,68;1;United Kingdom;Western Europe;"Elsevier Ltd";"2020-2026";"Computer Science Applications (Q1); Development (Q1); Geography, Planning and Development (Q1); Information Systems (Q1); Social Sciences (miscellaneous) (Q1)";"Computer Science; Social Sciences"
76;23651;"System Dynamics Review";journal;"10991727, 08837066";"John Wiley and Sons Ltd";No;No;1,097;Q1;72;16;75;620;301;66;4,48;38,75;27,27;0;United Kingdom;Western Europe;"John Wiley and Sons Ltd";"1985-2026";"Management of Technology and Innovation (Q1); Modeling and Simulation (Q1); Social Sciences (miscellaneous) (Q1); Strategy and Management (Q1)";"Business, Management and Accounting; Mathematics; Social Sciences"
77;21100975562;"Sports Coaching Review";journal;"21640637, 21640629";"Taylor and Francis Ltd.";No;No;1,096;Q1;33;61;81;3511;339;80;3,70;57,56;35,51;0;United Kingdom;Western Europe;"Taylor and Francis Ltd.";"2012-2026";"Business and International Management (Q1); Social Sciences (miscellaneous) (Q1); Tourism, Leisure and Hospitality Management (Q1)";"Business, Management and Accounting; Social Sciences"
78;21101183612;"Al-Manahij: Jurnal Kajian Hukum Islam";journal;"19786670, 25794167";"Universitas Islam Negeri Profesor Kiai Haji Saifuddin Zuhri Purwokerto";Yes;No;1,088;Q1;15;21;60;1322;305;60;6,41;62,95;20,93;0;Indonesia;Asiatic Region;"Universitas Islam Negeri Profesor Kiai Haji Saifuddin Zuhri Purwokerto";"2019-2025";"Law (Q1); Religious Studies (Q1); Social Sciences (miscellaneous) (Q1)";"Arts and Humanities; Social Sciences"
79;17508;"Social Development";journal;"14679507, 0961205X";"Wiley-Blackwell Publishing Ltd";No;No;1,082;Q1;120;78;217;5222;604;216;2,45;66,95;74,17;0;United Kingdom;Western Europe;"Wiley-Blackwell Publishing Ltd";"1992-2026";"Developmental and Educational Psychology (Q1); Social Sciences (miscellaneous) (Q1); Sociology and Political Science (Q1)";"Psychology; Social Sciences"
80;23952;"Cooperation and Conflict";journal;"00108367, 14603691";"SAGE Publications Ltd";No;No;1,078;Q1;61;76;91;6328;345;89;3,59;83,26;50,38;9;United Kingdom;Western Europe;"SAGE Publications Ltd";"1965, 1967-2026";"Development (Q1); Political Science and International Relations (Q1); Social Sciences (miscellaneous) (Q1); Strategy and Management (Q1)";"Business, Management and Accounting; Social Sciences"
81;24222;"Scientometrics";journal;"15882861, 01389130";"Springer Nature";No;No;1,077;Q1;167;284;991;17093;4262;931;3,92;60,19;36,42;4;Switzerland;Western Europe;"Springer Nature";"1978-2026";"Computer Science Applications (Q1); Library and Information Sciences (Q1); Social Sciences (miscellaneous) (Q1)";"Computer Science; Social Sciences"
82;21101042482;"Environmental Humanities";journal;"22011919";"Duke University Press";Yes;Yes;1,072;Q1;24;44;146;2118;328;139;2,08;48,14;46,88;0;United States;Northern America;"Duke University Press";"2012-2026";"Anthropology (Q1); Ecology (Q1); Environmental Science (miscellaneous) (Q1); Social Sciences (miscellaneous) (Q1)";"Environmental Science; Social Sciences"
83;21100454953;"Mineral Economics";journal;"21912203, 21912211";"Springer Science and Business Media Deutschland GmbH";No;No;1,068;Q1;34;101;171;7058;835;153;4,70;69,88;25,53;0;Germany;Western Europe;"Springer Science and Business Media Deutschland GmbH";"2011-2026";"Economic Geology (Q1); Economics, Econometrics and Finance (miscellaneous) (Q1); Geography, Planning and Development (Q1); Social Sciences (miscellaneous) (Q1)";"Earth and Planetary Sciences; Economics, Econometrics and Finance; Social Sciences"
84;28846;"Disability and Society";journal;"13600508, 09687599";"Routledge";No;No;1,058;Q1;107;210;367;10715;1759;365;4,44;51,02;64,30;8;United Kingdom;Western Europe;"Routledge";"1994-2026";"Health Professions (miscellaneous) (Q1); Health (social science) (Q1); Social Sciences (miscellaneous) (Q1)";"Health Professions; Social Sciences"
85;21101158600;"Journal of Metaverse";journal;"27920232";"Izmir Academy Association";Yes;Yes;1,054;Q1;19;15;46;919;423;46;7,83;61,27;25,49;0;Turkey;Middle East;"Izmir Academy Association";"2021-2025";"Artificial Intelligence (Q1); Social Sciences (miscellaneous) (Q1)";"Computer Science; Social Sciences"
86;21101089492;"Project Leadership and Society";journal;"26667215";"Elsevier Ltd";Yes;No;1,036;Q1;26;34;107;2405;708;107;5,15;70,74;43,56;0;United Kingdom;Western Europe;"Elsevier Ltd";"2020-2025";"Public Administration (Q1); Social Sciences (miscellaneous) (Q1); Sociology and Political Science (Q1)";"Social Sciences"
87;21101140103;"SSM - Qualitative Research in Health";journal;"26673215";"Elsevier Ltd";Yes;No;1,033;Q1;22;160;477;9756;1563;471;2,85;60,98;72,59;2;United Kingdom;Western Europe;"Elsevier Ltd";"2021-2026";"Health (social science) (Q1); Social Sciences (miscellaneous) (Q1)";"Social Sciences"
88;18699;"Theory, Culture and Society";journal;"02632764, 14603616";"SAGE Publications Ltd";No;No;1,025;Q1;140;70;198;4001;613;192;1,71;57,16;33,73;0;United Kingdom;Western Europe;"SAGE Publications Ltd";"1982-2026";"Social Sciences (miscellaneous) (Q1); Sociology and Political Science (Q1)";"Social Sciences"
89;14152;"Family Process";journal;"15455300, 00147370";"Wiley-Blackwell Publishing Ltd";No;No;1,024;Q1;104;160;356;9415;1168;345;2,79;58,84;61,55;1;United Kingdom;Western Europe;"Wiley-Blackwell Publishing Ltd";"1962-2026";"Clinical Psychology (Q1); Social Psychology (Q1); Social Sciences (miscellaneous) (Q1)";"Psychology; Social Sciences"
90;20563;"Minerva";journal;"00264695, 15731871";"Springer Netherlands";Yes;No;1,005;Q1;57;80;76;6220;384;76;3,88;77,75;45,18;2;Netherlands;Western Europe;"Springer Netherlands";"1962-2026";"Education (Q1); Social Sciences (miscellaneous) (Q1)";"Social Sciences"
91;15528;"Annals of the American Academy of Political and Social Science";journal;"15523349, 00027162";"SAGE Publications Inc.";No;No;0,993;Q1;137;1;240;46;798;228;1,37;46,00;0,00;0;United States;Northern America;"SAGE Publications Inc.";"1890-2025";"Social Sciences (miscellaneous) (Q1); Sociology and Political Science (Q1)";"Social Sciences"
92;15300154806;"Dementia";journal;"17412684, 14713012";"SAGE Publications Ltd";No;No;0,993;Q1;75;156;306;8153;1157;304;3,28;52,26;74,37;0;United Kingdom;Western Europe;"SAGE Publications Ltd";"2002-2026";"History (Q1); Medicine (miscellaneous) (Q1); Social Sciences (miscellaneous) (Q1); Sociology and Political Science (Q1)";"Arts and Humanities; Medicine; Social Sciences"
93;20848;"Health and Social Care in the Community";journal;"09660410, 13652524";"John Wiley and Sons Ltd";No;No;0,984;Q1;91;160;1088;9660;3583;1087;1,94;60,38;70,14;5;United Kingdom;Western Europe;"John Wiley and Sons Ltd";"1993-2026";"Health Policy (Q1); Public Health, Environmental and Occupational Health (Q1); Social Sciences (miscellaneous) (Q1); Social Work (Q1); Sociology and Political Science (Q1)";"Medicine; Social Sciences"
94;27896;"Studies in Family Planning";journal;"17284465, 00393665";"Wiley-Blackwell Publishing Ltd";No;No;0,983;Q1;82;47;84;2486;273;75;3,52;52,89;73,14;4;United Kingdom;Western Europe;"Wiley-Blackwell Publishing Ltd";"1970-2026";"Demography (Q1); Social Sciences (miscellaneous) (Q1)";"Social Sciences"
95;144933;"Review of Economics of the Household";journal;"15737152, 15695239";"Kluwer Academic Publishers";No;No;0,978;Q1;52;93;157;5050;405;156;1,94;54,30;50,00;7;Netherlands;Western Europe;"Kluwer Academic Publishers";"2005-2026";"Social Sciences (miscellaneous) (Q1); Economics and Econometrics (Q2)";"Economics, Econometrics and Finance; Social Sciences"
96;19900191756;"Social Responsibility Journal";journal;"1758857X, 17471117";"Emerald Group Publishing Ltd.";No;No;0,973;Q1;71;160;306;13030;2231;306;7,24;81,44;45,01;0;United Kingdom;Western Europe;"Emerald Group Publishing Ltd.";"2005-2026";"Business, Management and Accounting (miscellaneous) (Q1); Social Sciences (miscellaneous) (Q1)";"Business, Management and Accounting; Social Sciences"
97;21101167219;"Journal of Digital Economy";journal;"27730670";"KeAi Publishing Communications Ltd.";No;No;0,971;Q1;17;22;59;1660;407;59;5,59;75,45;34,55;0;China;Asiatic Region;"KeAi Publishing Communications Ltd.";"2022-2026";"Business, Management and Accounting (miscellaneous) (Q1); Economics, Econometrics and Finance (miscellaneous) (Q1); Social Sciences (miscellaneous) (Q1)";"Business, Management and Accounting; Economics, Econometrics and Finance; Social Sciences"
98;22902;"Oxford Bulletin of Economics and Statistics";journal;"03059049, 14680084";"Wiley-Blackwell Publishing Ltd";No;No;0,971;Q1;93;74;159;3701;342;159;2,18;50,01;22,16;15;United Kingdom;Western Europe;"Wiley-Blackwell Publishing Ltd";"1973-2026";"Social Sciences (miscellaneous) (Q1); Statistics and Probability (Q1); Statistics, Probability and Uncertainty (Q1); Economics and Econometrics (Q2)";"Decision Sciences; Economics, Econometrics and Finance; Mathematics; Social Sciences"
99;19700201530;"International Journal of Sport Policy and Politics";journal;"19406940, 19406959";"Taylor and Francis Ltd.";No;No;0,969;Q1;47;75;134;4969;526;124;3,99;66,25;32,64;0;United Kingdom;Western Europe;"Taylor and Francis Ltd.";"2010-2026";"Social Sciences (miscellaneous) (Q1); Tourism, Leisure and Hospitality Management (Q1)";"Business, Management and Accounting; Social Sciences"
100;147233;"Punishment and Society";journal;"17413095, 14624745";"SAGE Publications Ltd";No;No;0,969;Q1;78;46;151;3209;441;150;2,82;69,76;56,57;0;United Kingdom;Western Europe;"SAGE Publications Ltd";"1999-2026";"Law (Q1); Social Sciences (miscellaneous) (Q1)";"Social Sciences"
101;21101055720;"International Journal of Bullying Prevention";journal;"25233653, 25233661";"Springer International Publishing";No;No;0,966;Q1;24;109;110;7713;459;109;3,53;70,76;69,12;6;Switzerland;Western Europe;"Springer International Publishing";"2019-2026";"Social Psychology (Q1); Social Sciences (miscellaneous) (Q1); Developmental and Educational Psychology (Q2)";"Psychology; Social Sciences"
102;147231;"International Review for the Sociology of Sport";journal;"10126902, 14617218";"SAGE Publications Ltd";No;No;0,964;Q1;80;137;198;8467;870;196;4,37;61,80;38,26;2;United Kingdom;Western Europe;"SAGE Publications Ltd";"1966-2002, 2004-2026";"Social Sciences (miscellaneous) (Q1); Sociology and Political Science (Q1); Sports Science (Q2)";"Health Professions; Social Sciences"
103;24274;"Social Politics";journal;"10724745, 14682893";"Oxford University Press";No;No;0,959;Q1;73;30;150;1897;452;147;2,99;63,23;93,62;1;United Kingdom;Western Europe;"Oxford University Press";"1994-2025";"Gender Studies (Q1); Social Sciences (miscellaneous) (Q1)";"Social Sciences"
104;23509;"Ethical Theory and Moral Practice";journal;"13862820, 15728447";"Springer Netherlands";No;No;0,942;Q1;42;67;165;2392;360;150;1,93;35,70;29,76;0;Netherlands;Western Europe;"Springer Netherlands";"1999-2002, 2004-2026";"Philosophy (Q1); Social Sciences (miscellaneous) (Q1)";"Arts and Humanities; Social Sciences"
105;21101226899;"World Development Sustainability";journal;"2772655X";"Elsevier B.V.";Yes;No;0,934;Q1;20;64;181;4896;1133;177;5,99;76,50;30,51;1;Netherlands;Western Europe;"Elsevier B.V.";"2022-2026";"Geography, Planning and Development (Q1); Social Sciences (miscellaneous) (Q1)";"Social Sciences"
106;4100151507;"Research in Social Stratification and Mobility";journal;"02765624";"Emerald Publishing";No;No;0,922;Q1;66;67;181;5302;502;179;2,46;79,13;49,64;3;United States;Northern America;"Emerald Publishing";"2001-2026";"Social Sciences (miscellaneous) (Q1); Sociology and Political Science (Q1)";"Social Sciences"
107;19391;"Social Indicators Research";journal;"03038300, 15730921";"Springer Netherlands";No;No;0,918;Q1;157;280;732;18581;3115;728;3,86;66,36;45,51;10;Netherlands;Western Europe;"Springer Netherlands";"1974-2026";"Arts and Humanities (miscellaneous) (Q1); Social Sciences (miscellaneous) (Q1); Sociology and Political Science (Q1); Developmental and Educational Psychology (Q2)";"Arts and Humanities; Psychology; Social Sciences"
108;21101038730;"International Journal of Geoheritage and Parks";journal;"25774441, 2577445X";"KeAi Communications Co.";Yes;Yes;0,915;Q1;32;43;121;2366;700;118;5,46;55,02;24,52;0;China;Asiatic Region;"KeAi Communications Co.";"2018-2026";"Development (Q1); Geography, Planning and Development (Q1); Geology (Q1); Nature and Landscape Conservation (Q1); Social Sciences (miscellaneous) (Q1); Urban Studies (Q1)";"Earth and Planetary Sciences; Environmental Science; Social Sciences"
109;16473;"Journal of Contemporary Asia";journal;"00472336, 17527554";"Taylor and Francis Ltd.";No;No;0,914;Q1;58;57;117;3376;421;115;3,46;59,23;28,79;5;United Kingdom;Western Europe;"Taylor and Francis Ltd.";"1970-2026";"Cultural Studies (Q1); Social Sciences (miscellaneous) (Q1)";"Social Sciences"
110;21101210522;"Journal of Islamic Law";journal;"27215032, 27215040";"Institut Agama Islam Negeri Pontianak";Yes;No;0,914;Q1;13;17;38;1395;160;38;4,85;82,06;27,27;0;Indonesia;Asiatic Region;"Institut Agama Islam Negeri Pontianak";"2020-2025";"Arts and Humanities (miscellaneous) (Q1); Law (Q1); Religious Studies (Q1); Social Sciences (miscellaneous) (Q1)";"Arts and Humanities; Social Sciences"
111;27446;"Youth and Society";journal;"15528499, 0044118X";"SAGE Publications Inc.";No;No;0,907;Q1;82;95;212;5721;707;210;2,97;60,22;57,50;0;United States;Northern America;"SAGE Publications Inc.";"1969-2026";"Social Sciences (miscellaneous) (Q1); Sociology and Political Science (Q1)";"Social Sciences"
112;21101018925;"Humanities and Social Sciences Communications";journal;"26629992";"Springer Nature";Yes;No;0,904;Q1;84;1976;3072;139707;17257;3021;5,68;70,70;43,66;21;United Kingdom;Western Europe;"Springer Nature";"2020-2026";"Arts and Humanities (miscellaneous) (Q1); Business, Management and Accounting (miscellaneous) (Q1); Economics, Econometrics and Finance (miscellaneous) (Q1); Psychology (miscellaneous) (Q1); Social Sciences (miscellaneous) (Q1)";"Arts and Humanities; Business, Management and Accounting; Economics, Econometrics and Finance; Psychology; Social Sciences"
113;28710;"British Journal of Social Work";journal;"00453102, 1468263X";"Oxford University Press";No;No;0,898;Q1;105;229;717;10225;2001;685;2,60;44,65;71,90;5;United Kingdom;Western Europe;"Oxford University Press";"1971-2026";"Health (social science) (Q1); Social Sciences (miscellaneous) (Q1); Social Work (Q1)";"Social Sciences"
114;21101019738;"Human Behavior and Emerging Technologies";journal;"25781863";"John Wiley and Sons Inc";Yes;No;0,898;Q1;49;180;220;13928;1444;220;6,59;77,38;43,25;0;United States;Northern America;"John Wiley and Sons Inc";"2019-2026";"Social Sciences (miscellaneous) (Q1); Human-Computer Interaction (Q2); Social Psychology (Q2)";"Computer Science; Psychology; Social Sciences"
115;15641;"Journal of Family Issues";journal;"15525481, 0192513X";"SAGE Publications Inc.";No;No;0,898;Q1;107;93;434;5087;1214;434;2,58;54,70;69,50;0;United States;Northern America;"SAGE Publications Inc.";"1980-2026";"Social Sciences (miscellaneous) (Q1)";"Social Sciences"
116;5700163050;"Qualitative Social Work";journal;"17413117, 14733250";"SAGE Publications Inc.";No;No;0,893;Q1;64;57;211;2215;562;188;2,37;38,86;77,78;0;United States;Northern America;"SAGE Publications Inc.";"2002-2026";"Health (social science) (Q1); Social Sciences (miscellaneous) (Q1); Social Work (Q1)";"Social Sciences"
117;13530;"Journal of the Royal Statistical Society. Series A: Statistics in Society";journal;"09641998, 1467985X";"Oxford University Press";No;No;0,890;Q1;101;95;302;2884;523;254;1,63;30,36;31,02;3;United Kingdom;Western Europe;"Oxford University Press";"1988-2026";"Social Sciences (miscellaneous) (Q1); Statistics and Probability (Q1); Statistics, Probability and Uncertainty (Q1); Economics and Econometrics (Q2)";"Decision Sciences; Economics, Econometrics and Finance; Mathematics; Social Sciences"
118;19400157156;"Journal of Pacific Rim Psychology";journal;"18344909";"SAGE Publications Ltd";Yes;Yes;0,887;Q1;31;29;84;2250;304;80;3,68;77,59;48,55;0;United Kingdom;Western Europe;"SAGE Publications Ltd";"2008-2026";"Psychology (miscellaneous) (Q1); Social Sciences (miscellaneous) (Q1)";"Psychology; Social Sciences"
119;14000155895;"Sociology Compass";journal;"17519020";"John Wiley and Sons Inc";No;No;0,881;Q1;72;125;308;10596;1033;303;2,89;84,77;53,30;1;United States;Northern America;"John Wiley and Sons Inc";"2010-2026";"Social Sciences (miscellaneous) (Q1)";"Social Sciences"
120;28149;"Affilia - Feminist Inquiry in Social Work";journal;"15523020, 08861099";"SAGE Publications Inc.";No;No;0,880;Q1;51;46;134;2477;429;122;2,82;53,85;81,48;0;United States;Northern America;"SAGE Publications Inc.";"1986-2026";"Gender Studies (Q1); Social Sciences (miscellaneous) (Q1); Social Work (Q1)";"Social Sciences"
121;27699;"Synthese";journal;"00397857, 15730964";"Springer Netherlands";No;No;0,877;Q1;95;543;1312;31244;2499;1287;1,76;57,54;23,31;1;Netherlands;Western Europe;"Springer Netherlands";"1936-1939, 1946-1949, 1955-1956, 1959-1963, 1966-2026";"Philosophy (Q1); Social Sciences (miscellaneous) (Q1)";"Arts and Humanities; Social Sciences"
122;20600195519;"Contemporary Social Science";journal;"2158205X, 21582041";"Routledge, Taylor &amp; Francis Group";No;No;0,876;Q1;38;48;117;3067;508;108;5,62;63,90;45,61;2;United Kingdom;Western Europe;"Routledge, Taylor &amp; Francis Group";"2011-2026";"History (Q1); Social Sciences (miscellaneous) (Q1)";"Arts and Humanities; Social Sciences"
123;11800154587;"China Information";journal;"0920203X, 1741590X";"SAGE Publications Ltd";No;No;0,875;Q1;37;24;53;1385;158;51;2,23;57,71;46,88;0;United Kingdom;Western Europe;"SAGE Publications Ltd";"1986-2026";"Arts and Humanities (miscellaneous) (Q1); Economics, Econometrics and Finance (miscellaneous) (Q1); Social Sciences (miscellaneous) (Q1)";"Arts and Humanities; Economics, Econometrics and Finance; Social Sciences"
124;27207;"Social Epistemology";journal;"02691728, 14645297";"Routledge";No;No;0,873;Q1;47;95;184;4312;584;180;3,27;45,39;38,89;1;United Kingdom;Western Europe;"Routledge";"1987-2026";"Philosophy (Q1); Social Sciences (miscellaneous) (Q1)";"Arts and Humanities; Social Sciences"
125;5600153659;"European Journal of Social Work";journal;"13691457, 14682664";"Routledge";No;No;0,869;Q1;42;140;277;5931;741;259;2,41;42,36;68,35;1;United Kingdom;Western Europe;"Routledge";"2008-2026";"Social Sciences (miscellaneous) (Q1); Social Work (Q1); Sociology and Political Science (Q1)";"Social Sciences"
126;15591;"JASSS";journal;"14607425";"University of Surrey";Yes;No;0,869;Q1;69;32;110;1830;356;109;3,26;57,19;29,90;1;United Kingdom;Western Europe;"University of Surrey";"2000-2026";"Computer Science (miscellaneous) (Q1); Social Sciences (miscellaneous) (Q1)";"Computer Science; Social Sciences"
127;24455;"Child and Youth Care Forum";journal;"15733319, 10531890";"Springer New York";No;No;0,858;Q1;56;101;181;7000;508;181;2,68;69,31;72,57;1;United States;Northern America;"Springer New York";"1991-2026";"Social Sciences (miscellaneous) (Q1); Life-span and Life-course Studies (Q2)";"Social Sciences"
128;19994;"Bulletin of Science, Technology and Society";journal;"02704676, 15524183";"SAGE Publications Inc.";No;No;0,854;Q1;33;8;26;623;155;26;4,93;77,88;35,29;0;United Kingdom;Western Europe;"SAGE Publications Inc.";"1982-1985, 1987-2005, 2008, 2012, 2014-2026";"Arts and Humanities (miscellaneous) (Q1); Education (Q1); History and Philosophy of Science (Q1); Social Sciences (miscellaneous) (Q1); Management of Technology and Innovation (Q2)";"Arts and Humanities; Business, Management and Accounting; Social Sciences"
129;19900192615;"Cyberpsychology";journal;"18027962";"Masaryk University";Yes;Yes;0,852;Q1;47;41;134;3327;460;134;2,64;81,15;52,26;0;Czech Republic;Eastern Europe;"Masaryk University";"2011-2026";"Communication (Q1); Social Sciences (miscellaneous) (Q1); Psychology (miscellaneous) (Q2)";"Psychology; Social Sciences"
130;3600148104;"Journal of Family Studies";journal;"13229400";"Taylor and Francis Ltd.";No;No;0,839;Q1;37;87;270;5715;822;269;2,96;65,69;76,15;1;United Kingdom;Western Europe;"Taylor and Francis Ltd.";"1995, 1997-2002, 2005-2026";"Social Sciences (miscellaneous) (Q1)";"Social Sciences"
131;21101021489;"Socius";journal;"23780231";"SAGE Publications Inc.";Yes;No;0,838;Q1;50;123;401;8230;931;401;1,92;66,91;50,56;4;United States;Northern America;"SAGE Publications Inc.";"2015-2026";"Social Sciences (miscellaneous) (Q1)";"Social Sciences"
132;21101198697;"El-Usrah";journal;"26208075, 26208083";"State Islamic University of Ar-Raniry Faculty of Sharia and Law";No;No;0,830;Q1;13;60;110;2997;364;110;4,49;49,95;34,19;0;Indonesia;Asiatic Region;"State Islamic University of Ar-Raniry Faculty of Sharia and Law";"2020-2025";"Anthropology (Q1); Gender Studies (Q1); Law (Q1); Social Sciences (miscellaneous) (Q1)";"Social Sciences"
133;21101176851;"Volksgeist: Jurnal Ilmu Hukum dan Konstitusi";journal;"2615174X, 26155648";"Universitas Islam Negeri Profesor Kiai Haji Saifuddin Zuhri Purwokerto";Yes;No;0,830;Q1;14;29;62;1476;250;62;4,48;50,90;28,00;0;Indonesia;Asiatic Region;"Universitas Islam Negeri Profesor Kiai Haji Saifuddin Zuhri Purwokerto";"2019-2025";"Law (Q1); Political Science and International Relations (Q1); Social Sciences (miscellaneous) (Q1); Sociology and Political Science (Q1)";"Social Sciences"
134;130173;"Community, Work and Family";journal;"14693615, 13668803";"Routledge";No;No;0,829;Q1;59;96;137;6296;449;123;2,29;65,58;72,29;4;United Kingdom;Western Europe;"Routledge";"2003-2026";"Development (Q1); Social Sciences (miscellaneous) (Q1); Sociology and Political Science (Q1)";"Social Sciences"
135;19372;"Quality and Quantity";journal;"00335177, 15737845";"Springer Netherlands";No;No;0,828;Q1;92;592;788;37266;3798;780;3,37;62,95;39,76;3;Netherlands;Western Europe;"Springer Netherlands";"1967-2026";"Social Sciences (miscellaneous) (Q1); Statistics and Probability (Q2)";"Mathematics; Social Sciences"
136;19700180783;"International Journal of Sports Science and Coaching";journal;"2048397X, 17479541";"SAGE Publications Inc.";No;No;0,826;Q1;54;377;583;18186;1744;579;2,94;48,24;25,46;0;United Kingdom;Western Europe;"SAGE Publications Inc.";"2009-2026";"Social Sciences (miscellaneous) (Q1); Sports Science (Q2)";"Health Professions; Social Sciences"
137;21100797724;"Journal of Survey Statistics and Methodology";journal;"23250992, 23250984";"Oxford University Press";No;No;0,824;Q1;29;27;184;1052;336;182;1,88;38,96;47,06;2;United States;Northern America;"Oxford University Press";"2013-2025";"Applied Mathematics (Q1); Social Sciences (miscellaneous) (Q1); Statistics and Probability (Q2); Statistics, Probability and Uncertainty (Q2)";"Decision Sciences; Mathematics; Social Sciences"
138;100147343;"Sex Education";journal;"14720825, 14681811";"Routledge";No;No;0,813;Q1;55;100;165;4557;537;157;3,30;45,57;71,25;4;United Kingdom;Western Europe;"Routledge";"2004-2026";"Education (Q1); Social Sciences (miscellaneous) (Q1)";"Social Sciences"
139;14432;"Daedalus";journal;"00115266, 15486192";"MIT Press";No;No;0,810;Q1;76;53;230;2348;882;210;2,12;44,30;59,42;1;United States;Northern America;"MIT Press";"1965, 1968-1989, 1992-1996, 1998-2025";"Arts and Humanities (miscellaneous) (Q1); History and Philosophy of Science (Q1); Political Science and International Relations (Q1); Social Sciences (miscellaneous) (Q1)";"Arts and Humanities; Social Sciences"
140;23704;"Journal of Gender Studies";journal;"14653869, 09589236";"Routledge";No;No;0,807;Q1;60;199;253;11434;899;228;2,45;57,46;68,06;3;United Kingdom;Western Europe;"Routledge";"1991-2026";"Arts and Humanities (miscellaneous) (Q1); Gender Studies (Q1); Social Sciences (miscellaneous) (Q1)";"Arts and Humanities; Social Sciences"
141;21101079132;"Wellbeing, Space and Society";journal;"26665581";"Elsevier B.V.";Yes;No;0,805;Q1;21;90;154;6218;524;151;3,22;69,09;61,68;0;Netherlands;Western Europe;"Elsevier B.V.";"2020-2026";"Geography, Planning and Development (Q1); Health (social science) (Q1); Social Sciences (miscellaneous) (Q1)";"Social Sciences"
142;21101227929;"Nordic Journal of Media Studies";journal;"2003184X";"Goteborg University";Yes;Yes;0,803;Q1;11;9;29;451;60;29;1,50;50,11;73,33;0;Germany;Western Europe;"Goteborg University";"2019-2025";"Communication (Q1); Education (Q1); Media Technology (Q1); Social Sciences (miscellaneous) (Q1); Sociology and Political Science (Q1); Computer Networks and Communications (Q2); Global and Planetary Change (Q2)";"Computer Science; Engineering; Environmental Science; Social Sciences"
143;21101059716;"Al-Ihkam: Jurnal Hukum dan Pranata Sosial";journal;"24423084, 1907591X";"Faculty of Shariah Institut Agama Islam Negeri Madura";Yes;No;0,795;Q1;15;15;74;709;304;74;3,13;47,27;47,22;0;Indonesia;Asiatic Region;"Faculty of Shariah Institut Agama Islam Negeri Madura";"2018-2026";"Arts and Humanities (miscellaneous) (Q1); Law (Q1); Philosophy (Q1); Religious Studies (Q1); Social Sciences (miscellaneous) (Q1); Sociology and Political Science (Q1); Social Psychology (Q2)";"Arts and Humanities; Psychology; Social Sciences"
144;21101392301;"Work in the Global Economy";journal;"27324176";"Policy Press";No;No;0,795;Q1;11;21;41;1488;136;38;2,50;70,86;35,00;0;United Kingdom;Western Europe;"Policy Press";"2021-2025";"Social Sciences (miscellaneous) (Q1); Economics and Econometrics (Q2); Industrial Relations (Q2); Organizational Behavior and Human Resource Management (Q2)";"Business, Management and Accounting; Economics, Econometrics and Finance; Social Sciences"
145;28902;"Family Relations";journal;"01976664, 17413729";"Wiley-Blackwell Publishing Ltd";No;No;0,791;Q1;109;166;489;10232;1287;484;2,43;61,64;69,18;1;United Kingdom;Western Europe;"Wiley-Blackwell Publishing Ltd";"1981, 1992, 1996-2026";"Education (Q1); Social Sciences (miscellaneous) (Q1); Developmental and Educational Psychology (Q2); Social Work (Q2)";"Psychology; Social Sciences"
146;21101077305;"Asian Association of Open Universities Journal";journal;"24146994, 18583431";"Emerald Group Publishing Ltd.";Yes;Yes;0,790;Q1;25;23;61;941;263;61;4,22;40,91;39,58;0;United Kingdom;Western Europe;"Emerald Group Publishing Ltd.";"2005-2006, 2008-2026";"Education (Q1); Social Sciences (miscellaneous) (Q1)";"Social Sciences"
147;5700167223;"Critical Discourse Studies";journal;"17405912, 17405904";"Routledge";No;No;0,788;Q1;45;56;127;3079;483;122;3,56;54,98;51,52;0;United Kingdom;Western Europe;"Routledge";"2005, 2009-2026";"Social Sciences (miscellaneous) (Q1)";"Social Sciences"
148;4700151608;"Journal of the Philosophy of Sport";journal;"00948705, 15432939";"Routledge";No;No;0,786;Q1;38;40;79;1110;151;79;1,64;27,75;22,22;0;United Kingdom;Western Europe;"Routledge";"1974-1993, 1995-2026";"Health (social science) (Q1); Philosophy (Q1); Physical Therapy, Sports Therapy and Rehabilitation (Q1); Social Sciences (miscellaneous) (Q1); Sports Science (Q2)";"Arts and Humanities; Health Professions; Social Sciences"
149;21101038575;"Agrarian South";journal;"23210281, 22779760";"SAGE Publications Inc.";No;No;0,781;Q1;22;19;58;795;112;53;1,93;41,84;27,27;1;United States;Northern America;"SAGE Publications Inc.";"2012-2026";"Cultural Studies (Q1); Ecology (Q1); Geography, Planning and Development (Q1); Social Sciences (miscellaneous) (Q1)";"Environmental Science; Social Sciences"
150;21100372152;"Journal of Behavioral and Experimental Economics";journal;"22148051, 22148043";"Elsevier Inc.";No;No;0,771;Q1;86;129;373;7322;781;370;1,88;56,76;33,92;2;United States;Northern America;"Elsevier Inc.";"2014-2026";"Social Sciences (miscellaneous) (Q1); Applied Psychology (Q2); Economics and Econometrics (Q2)";"Economics, Econometrics and Finance; Psychology; Social Sciences"
151;21101142419;"International Journal of Applied Positive Psychology";journal;"23645040, 23645059";"Springer Nature";No;No;0,769;Q1;20;72;140;4830;485;138;3,54;67,08;52,91;0;Netherlands;Western Europe;"Springer Nature";"2016, 2018-2026";"Social Sciences (miscellaneous) (Q1); Applied Psychology (Q2)";"Psychology; Social Sciences"
152;6300153126;"Cultural Sociology";journal;"17499763, 17499755";"SAGE Publications Ltd";No;No;0,763;Q1;51;49;84;3450;232;83;2,26;70,41;43,59;2;United Kingdom;Western Europe;"SAGE Publications Ltd";"2007-2026";"Cultural Studies (Q1); Social Sciences (miscellaneous) (Q1)";"Social Sciences"
153;21101228048;"Disciplinary and Interdisciplinary Science Education Research";journal;"26622300";"Springer";Yes;Yes;0,760;Q1;20;28;69;2174;283;69;3,17;77,64;56,12;0;Singapore;Asiatic Region;"Springer";"2019-2026";"Social Sciences (miscellaneous) (Q1); Pharmacology (Q2)";"Pharmacology, Toxicology and Pharmaceutics; Social Sciences"
154;21101045325;"Samarah";journal;"25493167, 25493132";"Universitas Islam Negeri Ar-Raniry";No;No;0,758;Q1;18;81;230;3973;736;230;3,30;49,05;28,90;0;Indonesia;Asiatic Region;"Universitas Islam Negeri Ar-Raniry";"2017-2025";"Law (Q1); Social Sciences (miscellaneous) (Q1)";"Social Sciences"
155;5700162931;"Journal of Social Work";journal;"14680173";"SAGE Publications Ltd";No;No;0,756;Q1;49;75;168;3832;478;167;2,90;51,09;67,11;0;United Kingdom;Western Europe;"SAGE Publications Ltd";"2001-2026";"Social Sciences (miscellaneous) (Q1); Health (social science) (Q2); Social Work (Q2)";"Social Sciences"
156;30715;"Annals of Regional Science";journal;"05701864, 14320592";"Springer Science and Business Media Deutschland GmbH";No;No;0,752;Q1;86;97;258;5788;837;246;2,79;59,67;35,10;3;Germany;Western Europe;"Springer Science and Business Media Deutschland GmbH";"1967-2026";"Social Sciences (miscellaneous) (Q1); Environmental Science (miscellaneous) (Q2)";"Environmental Science; Social Sciences"
157;21101023171;"Frontiers in Sociology";journal;"22977775";"Frontiers Media SA";Yes;No;0,752;Q1;41;340;839;20731;2594;762;2,56;60,97;52,37;2;Switzerland;Western Europe;"Frontiers Media SA";"2016-2026";"Social Sciences (miscellaneous) (Q1)";"Social Sciences"
158;20672;"Journal of Productivity Analysis";journal;"0895562X, 15730441";"Springer Netherlands";No;No;0,749;Q1;96;50;112;2378;303;110;2,68;47,56;23,76;2;Netherlands;Western Europe;"Springer Netherlands";"1989-2026";"Social Sciences (miscellaneous) (Q1); Business and International Management (Q2); Economics and Econometrics (Q2)";"Business, Management and Accounting; Economics, Econometrics and Finance; Social Sciences"
159;21100215718;"Weather, Climate, and Society";journal;"19488335, 19488327";"American Meteorological Society";No;No;0,747;Q1;59;70;213;4440;603;210;2,57;63,43;47,26;0;United States;Northern America;"American Meteorological Society";"2009-2026";"Social Sciences (miscellaneous) (Q1); Atmospheric Science (Q2); Global and Planetary Change (Q3)";"Earth and Planetary Sciences; Environmental Science; Social Sciences"
160;26439;"Social Science Quarterly";journal;"00384941, 15406237";"Wiley-Blackwell Publishing Ltd";No;No;0,746;Q1;114;138;354;7824;765;352;1,72;56,70;37,68;2;United Kingdom;Western Europe;"Wiley-Blackwell Publishing Ltd";"1970, 1974, 1976-1984, 1987, 1989-1992, 1994, 1996-2026";"Social Sciences (miscellaneous) (Q1)";"Social Sciences"
161;100147327;"Discourse";journal;"01596306, 14693739";"Routledge";Yes;No;0,744;Q1;75;113;174;5718;551;169;2,82;50,60;58,54;0;United Kingdom;Western Europe;"Routledge";"1980-2026";"Education (Q1); Linguistics and Language (Q1); Social Sciences (miscellaneous) (Q1)";"Social Sciences"
162;5700168360;"Police Practice and Research";journal;"15614263, 1477271X";"Routledge";No;No;0,737;Q1;44;68;141;3724;388;139;2,82;54,76;51,11;0;United Kingdom;Western Europe;"Routledge";"2009-2026";"Law (Q1); Social Sciences (miscellaneous) (Q1)";"Social Sciences"
163;14119;"Disasters";journal;"03613666, 14677717";"Wiley-Blackwell Publishing Ltd";No;No;0,736;Q1;93;58;157;3881;543;156;2,97;66,91;44,08;6;United Kingdom;Western Europe;"Wiley-Blackwell Publishing Ltd";"1977-2026";"Earth and Planetary Sciences (miscellaneous) (Q1); Social Sciences (miscellaneous) (Q1)";"Earth and Planetary Sciences; Social Sciences"
164;12055;"Asian Journal of Social Psychology";journal;"1467839X, 13672223";"Wiley-Blackwell Publishing Ltd";No;No;0,728;Q1;66;86;168;5982;376;166;1,86;69,56;48,55;0;United Kingdom;Western Europe;"Wiley-Blackwell Publishing Ltd";"1998-2026";"Social Sciences (miscellaneous) (Q1); Social Psychology (Q2)";"Psychology; Social Sciences"
165;21101271807;"Technology in Language Teaching and Learning";journal;"26521687";"Castledown Publishers";Yes;Yes;0,725;Q1;8;30;41;1745;166;41;4,37;58,17;44,23;0;Australia;Pacific Region;"Castledown Publishers";"2021-2026";"Education (Q1); Linguistics and Language (Q1); Social Sciences (miscellaneous) (Q1)";"Social Sciences"
166;21101041706;"Adult Learning";journal;"21624070, 10451595";"SAGE Publications Inc.";No;No;0,723;Q1;29;40;74;1264;220;69;3,53;31,60;60,00;0;United States;Northern America;"SAGE Publications Inc.";"1989-2026";"Education (Q1); Social Sciences (miscellaneous) (Q1)";"Social Sciences"
167;12693;"Military Psychology";journal;"15327876, 08995605";"Taylor and Francis Ltd.";No;No;0,723;Q1;56;102;187;4955;451;179;1,90;48,58;52,05;2;United Kingdom;Western Europe;"Taylor and Francis Ltd.";"1990, 1996-2026";"Social Sciences (miscellaneous) (Q1); Experimental and Cognitive Psychology (Q2); Psychology (miscellaneous) (Q2)";"Psychology; Social Sciences"
168;21101058963;"Methodological Innovations";journal;"20597991";"SAGE Publications Inc.";Yes;No;0,712;Q1;31;20;81;1072;250;81;3,22;53,60;71,43;0;United States;Northern America;"SAGE Publications Inc.";"2016-2026";"Social Sciences (miscellaneous) (Q1); Sociology and Political Science (Q1)";"Social Sciences"
169;21100850750;"European Journal of Futures Research";journal;"21952248, 21954194";"Springer Verlag";Yes;No;0,709;Q1;32;15;56;1029;229;56;2,19;68,60;41,94;0;Germany;Western Europe;"Springer Verlag";"2013-2026";"Economics, Econometrics and Finance (miscellaneous) (Q1); Social Sciences (miscellaneous) (Q1); Sociology and Political Science (Q1); Management of Technology and Innovation (Q2); Tourism, Leisure and Hospitality Management (Q2)";"Business, Management and Accounting; Economics, Econometrics and Finance; Social Sciences"
170;21100443918;"Distinktion";journal;"21599149, 1600910X";"Routledge";No;No;0,708;Q1;28;47;75;3421;186;69;2,14;72,79;24,29;0;United Kingdom;Western Europe;"Routledge";"2009-2026";"Social Sciences (miscellaneous) (Q1); Sociology and Political Science (Q1)";"Social Sciences"
171;5600154403;"Australian Social Work";journal;"0312407X, 14470748";"Taylor and Francis Ltd.";No;No;0,706;Q1;47;79;140;2887;356;120;2,57;36,54;76,39;0;United Kingdom;Western Europe;"Taylor and Francis Ltd.";"1971-2004, 2006-2026";"Social Sciences (miscellaneous) (Q1); Sociology and Political Science (Q1); Health (social science) (Q2); Social Work (Q2)";"Social Sciences"
172;21100854808;"Journal of the Society for Social Work and Research";journal;"1948822X, 23342315";"University of Chicago Press";Yes;No;0,702;Q1;35;37;116;2087;306;113;2,69;56,41;61,70;0;United States;Northern America;"University of Chicago Press";"2014-2026";"Social Sciences (miscellaneous) (Q1); Sociology and Political Science (Q1)";"Social Sciences"
173;21101075277;"Nordic Social Work Research";journal;"2156857X, 21568588";"UBM Exhibition Singapore PTE LTD";Yes;No;0,699;Q1;22;91;186;4273;430;175;1,66;46,96;75,00;0;United Kingdom;Western Europe;"UBM Exhibition Singapore PTE LTD";"2011-2026";"Social Sciences (miscellaneous) (Q1)";"Social Sciences"
174;21101266482;"MILRev: Metro Islamic Law Review";journal;"2986528X";"Faculty of Sharia, IAIN Metro";Yes;No;0,698;Q1;9;55;51;2467;177;51;4,71;44,85;22,76;0;Indonesia;Asiatic Region;"Faculty of Sharia, IAIN Metro";"2022-2026";"Law (Q1); Religious Studies (Q1); Social Sciences (miscellaneous) (Q1)";"Arts and Humanities; Social Sciences"
175;5700166357;"Social Work Education";journal;"14701227, 02615479";"Taylor and Francis Ltd.";No;No;0,695;Q1;57;212;415;10663;1045;408;2,19;50,30;66,15;0;United Kingdom;Western Europe;"Taylor and Francis Ltd.";"1981-2026";"Social Sciences (miscellaneous) (Q1); Education (Q2); Social Work (Q2)";"Social Sciences"
176;14200154737;"Biosemiotics";journal;"18751342, 18751350";"Springer Science and Business Media B.V.";No;No;0,693;Q1;30;43;111;2318;161;86;1,43;53,91;41,30;0;Netherlands;Western Europe;"Springer Science and Business Media B.V.";"2008-2026";"Communication (Q1); Linguistics and Language (Q1); Social Sciences (miscellaneous) (Q1)";"Social Sciences"
177;21101308702;"Journal of Participatory Research Methods";journal;"26880261";"Specialty Publications";Yes;No;0,693;Q1;11;61;89;2669;256;88;2,12;43,75;70,57;0;United States;Northern America;"Specialty Publications";"2020-2025";"Social Sciences (miscellaneous) (Q1)";"Social Sciences"
178;19700175819;"Patient Preference and Adherence";journal;"1177889X";"Dove Medical Press Ltd";Yes;No;0,690;Q1;80;328;810;13990;2289;781;2,63;42,65;58,53;0;New Zealand;Pacific Region;"Dove Medical Press Ltd";"2007-2026";"Pharmacology, Toxicology and Pharmaceutics (miscellaneous) (Q1); Social Sciences (miscellaneous) (Q1); Health Policy (Q2); Medicine (miscellaneous) (Q2)";"Medicine; Pharmacology, Toxicology and Pharmaceutics; Social Sciences"
179;21101091647;"LGBTQ+ Family: An Interdisciplinary Journal";journal;"27703371, 2770338X";"Routledge";No;No;0,687;Q1;50;56;81;3194;264;81;2,68;57,04;61,21;0;United Kingdom;Western Europe;"Routledge";"2022-2026";"Gender Studies (Q1); Social Sciences (miscellaneous) (Q1)";"Social Sciences"
180;17610;"Child and Adolescent Social Work Journal";journal;"07380151, 15732797";"Springer New York";No;No;0,686;Q1;57;126;203;8383;606;195;2,87;66,53;66,67;3;United States;Northern America;"Springer New York";"1984-2026";"Social Sciences (miscellaneous) (Q1); Social Work (Q2)";"Social Sciences"
181;21100873341;"Journal of Chinese Sociology";journal;"21982635";"SpringerOpen";Yes;Yes;0,683;Q1;22;24;67;1407;220;66;3,32;58,63;58,14;0;United Kingdom;Western Europe;"SpringerOpen";"2014-2026";"Social Sciences (miscellaneous) (Q1)";"Social Sciences"
182;16907;"Research on Social Work Practice";journal;"10497315, 15527581";"SAGE Publications Inc.";No;No;0,679;Q1;82;166;225;8585;623;206;2,44;51,72;56,63;2;United States;Northern America;"SAGE Publications Inc.";"1991-2026";"Social Sciences (miscellaneous) (Q1); Sociology and Political Science (Q1); Psychology (miscellaneous) (Q2); Social Work (Q2)";"Psychology; Social Sciences"
183;3900148210;"Evidence and Policy";journal;"17442648, 17442656";"Policy Press";No;No;0,677;Q1;51;29;113;1489;347;109;2,94;51,34;54,78;0;United Kingdom;Western Europe;"Policy Press";"2006-2025";"Social Sciences (miscellaneous) (Q1); Cardiology and Cardiovascular Medicine (Q2); Orthopedics and Sports Medicine (Q2); Physiology (Q3)";"Biochemistry, Genetics and Molecular Biology; Medicine; Social Sciences"
184;21101093327;"Asian Journal of Sport and Exercise Psychology";journal;"26672391";"KeAi Communications Co.";Yes;Yes;0,676;Q1;13;14;77;646;216;69;2,53;46,14;16,67;0;China;Asiatic Region;"KeAi Communications Co.";"2021-2025";"Social Sciences (miscellaneous) (Q1); Applied Psychology (Q2); Cognitive Neuroscience (Q2)";"Neuroscience; Psychology; Social Sciences"
185;21101172261;"Journalism and Media";journal;"26735172";"Multidisciplinary Digital Publishing Institute (MDPI)";Yes;No;0,672;Q1;23;205;242;11620;850;239;3,27;56,68;48,47;3;Switzerland;Western Europe;"Multidisciplinary Digital Publishing Institute (MDPI)";"2020-2025";"Arts and Humanities (miscellaneous) (Q1); Linguistics and Language (Q1); Social Sciences (miscellaneous) (Q1)";"Arts and Humanities; Social Sciences"
186;24129;"Natural Hazards Review";journal;"15276988, 15276996";"American Society of Civil Engineers (ASCE)";No;No;0,671;Q1;78;91;246;5354;851;243;3,58;58,84;33,03;0;United States;Northern America;"American Society of Civil Engineers (ASCE)";"2000-2026";"Social Sciences (miscellaneous) (Q1); Civil and Structural Engineering (Q2); Environmental Science (miscellaneous) (Q2)";"Engineering; Environmental Science; Social Sciences"
187;21101144505;"Data and Policy";journal;"26323249";"Cambridge University Press";Yes;No;0,668;Q1;21;81;164;4956;572;162;3,23;61,19;44,40;6;United Kingdom;Western Europe;"Cambridge University Press";"2020-2026";"Social Sciences (miscellaneous) (Q1); Artificial Intelligence (Q2); Computer Science (miscellaneous) (Q2); Public Administration (Q2)";"Computer Science; Social Sciences"
188;21101280880;"Frontiers in Environmental Archaeology";journal;"2813432X";"Frontiers Media SA";Yes;No;0,666;Q1;7;47;59;4923;121;57;1,96;104,74;49,02;0;Switzerland;Western Europe;"Frontiers Media SA";"2022-2026";"Archeology (Q1); Archeology (arts and humanities) (Q1); Social Sciences (miscellaneous) (Q1)";"Arts and Humanities; Social Sciences"
189;15565;"Journal of Loss and Trauma";journal;"15325024, 15325032";"Routledge";No;No;0,666;Q1;63;98;212;5936;475;157;2,71;60,57;61,75;1;United States;Northern America;"Routledge";"1996-2026";"Social Sciences (miscellaneous) (Q1); Psychiatry and Mental Health (Q2); Social Psychology (Q2)";"Medicine; Psychology; Social Sciences"
190;27159;"Innovation: The European Journal of Social Science Research";journal;"13511610, 14698412";"Routledge";No;No;0,665;Q1;50;138;183;9818;549;160;2,06;71,14;44,19;8;United Kingdom;Western Europe;"Routledge";"1988-2026";"Cultural Studies (Q1); Social Sciences (miscellaneous) (Q1); Sociology and Political Science (Q1); Geography, Planning and Development (Q2); Management of Technology and Innovation (Q2); Organizational Behavior and Human Resource Management (Q2); Strategy and Management (Q2)";"Business, Management and Accounting; Social Sciences"
191;5700184957;"Methodology";journal;"16142241, 16141881";"PsychOpen";Yes;Yes;0,662;Q1;43;15;50;723;155;49;3,09;48,20;27,27;0;Germany;Western Europe;"PsychOpen";"2005-2025";"Social Sciences (miscellaneous) (Q1); Psychology (miscellaneous) (Q2)";"Psychology; Social Sciences"
192;29502;"Race and Class";journal;"03063968, 17413125";"SAGE Publications Ltd";No;No;0,661;Q1;58;23;70;1487;216;57;3,16;64,65;50,00;2;United Kingdom;Western Europe;"SAGE Publications Ltd";"1959, 1962-2026";"Anthropology (Q1); Archeology (Q1); Archeology (arts and humanities) (Q1); Cultural Studies (Q1); Social Sciences (miscellaneous) (Q1); Sociology and Political Science (Q1)";"Arts and Humanities; Social Sciences"
193;16156;"Marriage and Family Review";journal;"15409635, 01494929";"Routledge";No;No;0,660;Q1;57;52;86;3400;165;75;1,48;65,38;54,39;0;United States;Northern America;"Routledge";"1978-2026";"Social Sciences (miscellaneous) (Q1)";"Social Sciences"
194;5600152871;"International Studies in Sociology of Education";journal;"09620214, 17475066";"Routledge";No;No;0,659;Q1;44;38;104;2158;254;99;2,64;56,79;48,72;0;United Kingdom;Western Europe;"Routledge";"1991-2026";"Social Sciences (miscellaneous) (Q1); Education (Q2)";"Social Sciences"
195;144833;"Qualitative Inquiry";journal;"15527565, 10778004";"SAGE Publications Inc.";No;No;0,657;Q1;118;133;367;6190;811;341;2,03;46,54;70,63;0;United States;Northern America;"SAGE Publications Inc.";"1995-2026";"Anthropology (Q1); Social Sciences (miscellaneous) (Q1)";"Social Sciences"
196;12981;"Kybernetes";journal;"0368492X";"Emerald Publishing";No;No;0,654;Q1;65;444;751;31971;3554;746;4,87;72,01;37,78;0;United Kingdom;Western Europe;"Emerald Publishing";"1972-2026";"Engineering (miscellaneous) (Q1); Library and Information Sciences (Q1); Social Sciences (miscellaneous) (Q1); Artificial Intelligence (Q2); Computer Science (miscellaneous) (Q2); Control and Systems Engineering (Q2); Electrical and Electronic Engineering (Q2); Human-Computer Interaction (Q2); Information Systems (Q2); Information Systems and Management (Q2); Management Information Systems (Q2); Management Science and Operations Research (Q2); Software (Q2); Strategy and Management (Q2); Theoretical Computer Science (Q2)";"Business, Management and Accounting; Computer Science; Decision Sciences; Engineering; Mathematics; Social Sciences"
197;16562;"Armed Forces and Society";journal;"15560848, 0095327X";"SAGE Publications Inc.";No;No;0,653;Q1;54;114;162;7049;366;145;2,37;61,83;41,03;0;United States;Northern America;"SAGE Publications Inc.";"1974-2026";"Safety Research (Q1); Social Sciences (miscellaneous) (Q1); Sociology and Political Science (Q1)";"Social Sciences"
198;21100869492;"Chinese Journal of Sociology";journal;"2057150X, 20571518";"SAGE Publications Ltd";No;No;0,650;Q1;19;25;69;1664;160;68;2,07;66,56;32,43;0;United Kingdom;Western Europe;"SAGE Publications Ltd";"2015-2026";"Social Sciences (miscellaneous) (Q1)";"Social Sciences"
199;1100147103;"Analyses of Social Issues and Public Policy";journal;"15297489, 15302415";"John Wiley and Sons Inc";No;No;0,649;Q1;43;68;136;5020;321;135;1,57;73,82;59,74;1;United Kingdom;Western Europe;"John Wiley and Sons Inc";"2005-2026";"Social Sciences (miscellaneous) (Q1); Management, Monitoring, Policy and Law (Q2)";"Environmental Science; Social Sciences"
200;34002;"International Regional Science Review";journal;"01600176, 15526925";"SAGE Publications Inc.";No;No;0,645;Q1;67;26;71;1868;212;70;3,15;71,85;41,46;0;United States;Northern America;"SAGE Publications Inc.";"1975-1984, 1986-2026";"Social Sciences (miscellaneous) (Q1); Environmental Science (miscellaneous) (Q2)";"Environmental Science; Social Sciences"
201;17504;"Social and Legal Studies";journal;"09646639, 14617390";"SAGE Publications Ltd";No;No;0,640;Q1;57;61;134;4323;312;133;1,89;70,87;74,71;2;United Kingdom;Western Europe;"SAGE Publications Ltd";"1992-2026";"Law (Q1); Social Sciences (miscellaneous) (Q1); Sociology and Political Science (Q1)";"Social Sciences"
202;15567;"Journal of Marital and Family Therapy";journal;"17520606, 0194472X";"Wiley-Blackwell";No;No;0,639;Q1;84;111;163;6550;406;162;1,55;59,01;63,71;0;United States;Northern America;"Wiley-Blackwell";"1975-2026";"Social Sciences (miscellaneous) (Q1); Sociology and Political Science (Q1); Clinical Psychology (Q2); Social Psychology (Q2)";"Psychology; Social Sciences"
203;21100819062;"Social Currents";journal;"23294973, 23294965";"SAGE Publications Inc.";No;No;0,638;Q1;34;30;86;1751;190;85;2,11;58,37;54,10;0;United States;Northern America;"SAGE Publications Inc.";"2014-2026";"Social Sciences (miscellaneous) (Q1)";"Social Sciences"
204;26941;"Theory and Decision";journal;"15737187, 00405833";"Springer Netherlands";No;No;0,638;Q1;51;102;176;4187;214;174;0,68;41,05;21,43;1;Netherlands;Western Europe;"Springer Netherlands";"1970-2026";"Arts and Humanities (miscellaneous) (Q1); Economics, Econometrics and Finance (miscellaneous) (Q1); Social Sciences (miscellaneous) (Q1); Computer Science Applications (Q2); Decision Sciences (miscellaneous) (Q2); Developmental and Educational Psychology (Q2); Applied Psychology (Q3)";"Arts and Humanities; Computer Science; Decision Sciences; Economics, Econometrics and Finance; Psychology; Social Sciences"
205;24733;"American Behavioral Scientist";journal;"15523381, 00027642";"SAGE Publications Inc.";No;No;0,635;Q1;149;171;426;8225;971;412;1,98;48,10;48,48;7;United States;Northern America;"SAGE Publications Inc.";"1957-2026";"Cultural Studies (Q1); Social Sciences (miscellaneous) (Q1); Sociology and Political Science (Q1); Education (Q2); Social Psychology (Q2)";"Psychology; Social Sciences"
206;21101337219;"Journal of Pacifism and Nonviolence";journal;"27727882, 27727874";"Brill Academic Publishers";No;No;0,635;Q1;6;18;27;1159;53;27;1,96;64,39;40,91;0;Netherlands;Western Europe;"Brill Academic Publishers";"2023-2026";"Political Science and International Relations (Q1); Social Sciences (miscellaneous) (Q1); Sociology and Political Science (Q1)";"Social Sciences"
207;21101142603;"Social Sciences and Humanities Open";journal;"25902911";"Elsevier Ltd";Yes;No;0,634;Q1;45;1087;953;66247;4140;948;4,34;60,94;44,68;4;United Kingdom;Western Europe;"Elsevier Ltd";"2019-2026";"Social Sciences (miscellaneous) (Q1); Decision Sciences (miscellaneous) (Q2); Psychology (miscellaneous) (Q2)";"Decision Sciences; Psychology; Social Sciences"
208;21101298336;"Consumption and Society";journal;"27528499";"Bristol University Press";No;No;0,632;Q1;12;26;70;1460;194;53;2,28;56,15;71,43;0;United Kingdom;Western Europe;"Bristol University Press";"2022-2026";"Social Sciences (miscellaneous) (Q1); Sociology and Political Science (Q1); Global and Planetary Change (Q3)";"Environmental Science; Social Sciences"
209;21100840031;"Critical Military Studies";journal;"23337486, 23337494";"Taylor and Francis Ltd.";No;No;0,632;Q1;27;52;98;3030;177;96;1,70;58,27;60,32;2;United Kingdom;Western Europe;"Taylor and Francis Ltd.";"2015-2026";"History (Q1); Law (Q1); Political Science and International Relations (Q1); Social Sciences (miscellaneous) (Q1); Sociology and Political Science (Q1); Management Science and Operations Research (Q2)";"Arts and Humanities; Decision Sciences; Social Sciences"
210;23434;"Journal of Risk Research";journal;"14664461, 13669877";"Routledge";No;No;0,627;Q1;87;101;267;6398;767;249;2,45;63,35;51,37;0;United Kingdom;Western Europe;"Routledge";"1998-2026";"Social Sciences (miscellaneous) (Q1); Engineering (miscellaneous) (Q2); Safety, Risk, Reliability and Quality (Q2); Strategy and Management (Q2)";"Business, Management and Accounting; Engineering; Social Sciences"
211;23098;"Review of Regional Research";journal;"01737600, 16139836";"Springer Verlag";No;No;0,621;Q1;27;46;53;3711;148;48;3,13;80,67;42,86;0;Germany;Western Europe;"Springer Verlag";"1998-2026";"Social Sciences (miscellaneous) (Q1); Economics and Econometrics (Q2); Geography, Planning and Development (Q2)";"Economics, Econometrics and Finance; Social Sciences"
212;20642;"Empirical Economics";journal;"14358921, 03777332";"Physica-Verlag";No;No;0,617;Q1;78;208;590;11517;1577;587;2,28;55,37;27,86;17;Germany;Western Europe;"Physica-Verlag";"1976-2026";"Social Sciences (miscellaneous) (Q1); Economics and Econometrics (Q2); Mathematics (miscellaneous) (Q2); Statistics and Probability (Q2)";"Economics, Econometrics and Finance; Mathematics; Social Sciences"
213;29840;"International Social Work";journal;"00208728, 14617234";"SAGE Publications Ltd";No;No;0,607;Q1;60;95;336;3686;666;307;1,90;38,80;66,00;2;United Kingdom;Western Europe;"SAGE Publications Ltd";"1959-2026";"Social Sciences (miscellaneous) (Q1); Social Work (Q2); Sociology and Political Science (Q2)";"Social Sciences"
214;72639;"International Journal of Comparative Sociology";journal;"00207152";"SAGE Publications Ltd";No;No;0,606;Q1;60;62;83;5041;190;83;2,14;81,31;44,34;2;United Kingdom;Western Europe;"SAGE Publications Ltd";"1960-2026";"Social Sciences (miscellaneous) (Q1); Sociology and Political Science (Q2)";"Social Sciences"
215;27132;"Jahrbucher fur Nationalokonomie und Statistik";journal;"2366049X, 00214027";"Walter de Gruyter GmbH";No;No;0,606;Q1;29;42;92;1535;142;82;1,14;36,55;25,58;9;Germany;Western Europe;"Walter de Gruyter GmbH";"1863, 1896, 1898-1903, 1905-1908, 1910, 1914, 1916, 1918, 1920, 1923, 1927-1928, 1944, 1949, 1959, 1978, 1980, 1982, 1985, 1987-1990, 1992-2026";"Social Sciences (miscellaneous) (Q1); Business, Management and Accounting (miscellaneous) (Q2); Economics and Econometrics (Q2)";"Business, Management and Accounting; Economics, Econometrics and Finance; Social Sciences"
216;21101162682;"Al-Istinbath: Jurnal Hukum Islam";journal;"25483374, 25483382";"State Institute for Islamic Studies Curup";Yes;Yes;0,604;Q1;12;39;102;1742;261;102;2,69;44,67;41,49;0;Indonesia;Asiatic Region;"State Institute for Islamic Studies Curup";"2019-2025";"Law (Q1); Religious Studies (Q1); Social Sciences (miscellaneous) (Q1)";"Arts and Humanities; Social Sciences"
217;21101037131;"Advances in Neurodevelopmental Disorders";journal;"23667532, 23667540";"Springer Science and Business Media Deutschland GmbH";No;No;0,603;Q1;22;73;158;4107;386;150;2,60;56,26;69,44;0;Netherlands;Western Europe;"Springer Science and Business Media Deutschland GmbH";"2017-2026";"Social Sciences (miscellaneous) (Q1); Psychology (miscellaneous) (Q2)";"Psychology; Social Sciences"
218;17272;"Defence and Peace Economics";journal;"14768267, 10242694";"Routledge";No;No;0,601;Q1;53;89;173;5759;480;173;2,52;64,71;18,39;9;United Kingdom;Western Europe;"Routledge";"1994-2026";"Social Sciences (miscellaneous) (Q1); Economics and Econometrics (Q2)";"Economics, Econometrics and Finance; Social Sciences"
219;12308;"Journal of Social Work Education";journal;"10437797, 21635811";"Taylor and Francis Ltd.";No;No;0,599;Q1;69;73;237;3267;491;202;1,96;44,75;69,81;1;United Kingdom;Western Europe;"Taylor and Francis Ltd.";"1985-2026";"Social Sciences (miscellaneous) (Q1); Education (Q2); Social Work (Q2)";"Social Sciences"
220;21101082056;"China Economic Quarterly International";journal;"26669331";"KeAi Communications Co.";Yes;No;0,597;Q1;13;18;67;911;220;67;3,48;50,61;43,18;0;China;Asiatic Region;"KeAi Communications Co.";"2021-2025";"Economics, Econometrics and Finance (miscellaneous) (Q1); Social Sciences (miscellaneous) (Q1); Geography, Planning and Development (Q2); Sociology and Political Science (Q2)";"Economics, Econometrics and Finance; Social Sciences"
221;21101298217;"Frontiers in Social Psychology";journal;"28137876";"Frontiers Media SA";Yes;No;0,595;Q1;6;27;66;1861;118;66;1,79;68,93;53,26;0;Switzerland;Western Europe;"Frontiers Media SA";"2023-2026";"Social Sciences (miscellaneous) (Q1); Social Psychology (Q2)";"Psychology; Social Sciences"
222;21101173090;"International Journal of Community Well-Being";journal;"25245309, 25245295";"Springer Nature";No;No;0,590;Q1;20;48;93;2624;241;86;3,35;54,67;39,55;0;Switzerland;Western Europe;"Springer Nature";"2018-2026";"Social Sciences (miscellaneous) (Q1); Geography, Planning and Development (Q2); Psychology (miscellaneous) (Q2)";"Psychology; Social Sciences"
223;27067;"Human Nature";journal;"19364776, 10456767";"Springer New York";No;No;0,589;Q1;88;25;66;2375;142;66;1,91;95,00;39,33;0;United States;Northern America;"Springer New York";"1990-2026";"Anthropology (Q1); Arts and Humanities (miscellaneous) (Q1); Social Sciences (miscellaneous) (Q1); Ecology, Evolution, Behavior and Systematics (Q2); Sociology and Political Science (Q2)";"Agricultural and Biological Sciences; Arts and Humanities; Social Sciences"
224;21100908534;"Tapuya: Latin American Science, Technology and Society";journal;"25729861";"Routledge";Yes;Yes;0,589;Q1;18;25;116;1039;172;92;0,89;41,56;44,83;0;United States;Northern America;"Routledge";"2018-2025";"Multidisciplinary (Q1); Social Sciences (miscellaneous) (Q1)";"Multidisciplinary; Social Sciences"
225;19700182329;"City, Culture and Society";journal;"18779174, 18779166";"Elsevier Ltd";No;No;0,587;Q1;50;37;86;2182;244;82;2,93;58,97;60,26;0;United Kingdom;Western Europe;"Elsevier Ltd";"2010-2026";"Social Sciences (miscellaneous) (Q1); Urban Studies (Q1); Economics, Econometrics and Finance (miscellaneous) (Q2)";"Economics, Econometrics and Finance; Social Sciences"
226;19318;"Group Decision and Negotiation";journal;"09262644, 15729907";"Springer Netherlands";No;No;0,582;Q1;75;49;147;2721;507;142;2,92;55,53;35,71;0;Netherlands;Western Europe;"Springer Netherlands";"1992-2026";"Arts and Humanities (miscellaneous) (Q1); Social Sciences (miscellaneous) (Q1); Decision Sciences (miscellaneous) (Q2); Management of Technology and Innovation (Q2); Strategy and Management (Q2)";"Arts and Humanities; Business, Management and Accounting; Decision Sciences; Social Sciences"
227;21101136810;"Journal of Global Scholars of Marketing Science: Bridging Asia and the World";journal;"21639159, 21639167";"Taylor and Francis Ltd.";No;No;0,580;Q1;30;32;94;2297;360;93;3,90;71,78;30,43;0;United Kingdom;Western Europe;"Taylor and Francis Ltd.";"2011-2026";"Arts and Humanities (miscellaneous) (Q1); Social Sciences (miscellaneous) (Q1); Marketing (Q2)";"Arts and Humanities; Business, Management and Accounting; Social Sciences"
228;17585;"Law and Social Inquiry";journal;"08976546, 17474469";"Cambridge University Press";No;No;0,580;Q1;68;59;223;5028;363;223;1,57;85,22;62,35;0;United States;Northern America;"Cambridge University Press";"1976-2026";"Law (Q1); Social Sciences (miscellaneous) (Q1)";"Social Sciences"
229;11800154594;"AStA Advances in Statistical Analysis";journal;"1863818X, 18638171";"Springer Verlag";No;No;0,576;Q1;36;40;100;1538;190;97;1,99;38,45;42,72;1;Germany;Western Europe;"Springer Verlag";"2008-2026";"Social Sciences (miscellaneous) (Q1); Analysis (Q2); Applied Mathematics (Q2); Economics and Econometrics (Q2); Modeling and Simulation (Q2); Statistics and Probability (Q2)";"Economics, Econometrics and Finance; Mathematics; Social Sciences"
230;21101152733;"Legality: Jurnal Ilmiah Hukum";journal;"08546509, 25494600";"University of Muhammadiyah Malang";No;No;0,576;Q1;13;30;65;1707;206;65;3,64;56,90;29,23;0;Indonesia;Asiatic Region;"University of Muhammadiyah Malang";"2019-2025";"Law (Q1); Religious Studies (Q1); Social Sciences (miscellaneous) (Q1); Political Science and International Relations (Q2)";"Arts and Humanities; Social Sciences"
231;25432;"Monash Bioethics Review";journal;"18366716, 13212753";"Springer Publishing Company";No;No;0,573;Q1;21;59;61;2586;122;58;1,71;43,83;50,93;1;United States;Northern America;"Springer Publishing Company";"1994-2026";"Philosophy (Q1); Social Sciences (miscellaneous) (Q1); Health Policy (Q2); Medicine (miscellaneous) (Q2)";"Arts and Humanities; Medicine; Social Sciences"
232;29553;"Journal of Gerontological Social Work";journal;"15404048, 01634372";"Routledge";No;No;0,571;Q1;57;109;206;5520;410;184;2,01;50,64;67,58;1;United States;Northern America;"Routledge";"1979-2026";"Social Sciences (miscellaneous) (Q1); Nursing (miscellaneous) (Q2); Social Work (Q3)";"Nursing; Social Sciences"
233;19400156804;"Qualitative Research Journal";journal;"14480980, 14439883";"Emerald Group Publishing Ltd.";No;No;0,571;Q1;32;146;152;7023;430;148;3,04;48,10;59,86;0;United Kingdom;Western Europe;"Emerald Group Publishing Ltd.";"2006-2026";"Social Sciences (miscellaneous) (Q1); Education (Q2)";"Social Sciences"
234;12188;"Simulation and Gaming";journal;"1552826X, 10468781";"SAGE Publications Inc.";No;No;0,569;Q1;78;37;132;1553;375;114;2,56;41,97;53,10;0;United States;Northern America;"SAGE Publications Inc.";"1970-1976, 1978-1983, 1985, 1987-2026";"Social Sciences (miscellaneous) (Q1); Business, Management and Accounting (miscellaneous) (Q2); Computer Science Applications (Q2)";"Business, Management and Accounting; Computer Science; Social Sciences"
235;23717;"International Journal of Social Economics";journal;"03068293";"Emerald Group Publishing Ltd.";Yes;No;0,569;Q2;60;140;326;7322;1215;323;3,56;52,30;34,70;0;United Kingdom;Western Europe;"Emerald Group Publishing Ltd.";"1974-2026";"Economics and Econometrics (Q2); Social Sciences (miscellaneous) (Q2)";"Economics, Econometrics and Finance; Social Sciences"
236;21101087907;"PSU Research Review";journal;"23984007, 23991747";"Emerald Group Holdings Ltd.";Yes;Yes;0,562;Q2;25;0;80;0;369;80;4,40;0,00;0,00;0;United Kingdom;Western Europe;"Emerald Group Holdings Ltd.";"2017-2024";"Business, Management and Accounting (miscellaneous) (Q2); Computer Science Applications (Q2); Economics, Econometrics and Finance (miscellaneous) (Q2); Education (Q2); Social Sciences (miscellaneous) (Q2)";"Business, Management and Accounting; Computer Science; Economics, Econometrics and Finance; Social Sciences"
237;21101307581;"Trends in Higher Education";journal;"28134346";"Multidisciplinary Digital Publishing Institute (MDPI)";Yes;No;0,558;Q2;12;77;116;4771;377;114;3,17;61,96;62,50;1;Switzerland;Western Europe;"Multidisciplinary Digital Publishing Institute (MDPI)";"2022-2026";"Education (Q2); Psychology (miscellaneous) (Q2); Social Sciences (miscellaneous) (Q2)";"Psychology; Social Sciences"
238;21100810500;"Social Sciences";journal;"20760760";"Multidisciplinary Digital Publishing Institute (MDPI)";Yes;No;0,557;Q2;59;723;1971;44884;5147;1928;2,54;62,08;62,05;7;Switzerland;Western Europe;"Multidisciplinary Digital Publishing Institute (MDPI)";"2012-2026";"Social Sciences (miscellaneous) (Q2)";"Social Sciences"
239;72827;"Forum Qualitative Sozialforschung";journal;"14385627";"Institut fur Klinische Sychologie and Gemeindesychologie";Yes;Yes;0,545;Q2;65;59;150;4076;295;150;1,76;69,08;74,55;0;Germany;Western Europe;"Institut fur Klinische Sychologie and Gemeindesychologie";"2002-2026";"Social Sciences (miscellaneous) (Q2)";"Social Sciences"
240;21101043321;"Recreational Sports Journal";journal;"15588661, 1558867X";"SAGE Publications Ltd";No;No;0,543;Q2;24;20;51;896;97;50;1,63;44,80;60,94;0;United Kingdom;Western Europe;"SAGE Publications Ltd";"1992-1993, 1995-1996, 2002-2026";"Education (Q2); Health (social science) (Q2); Social Sciences (miscellaneous) (Q2); Tourism, Leisure and Hospitality Management (Q2)";"Business, Management and Accounting; Social Sciences"
241;21100255401;"SAGE Open";journal;"21582440";"SAGE Publications Inc.";Yes;No;0,541;Q2;90;1995;3334;143094;11526;3331;3,12;71,73;43,53;2;United States;Northern America;"SAGE Publications Inc.";"2011-2026";"Arts and Humanities (miscellaneous) (Q1); Social Sciences (miscellaneous) (Q2)";"Arts and Humanities; Social Sciences"
242;26603;"Evaluation Review";journal;"15523926, 0193841X";"SAGE Publications Inc.";No;No;0,540;Q2;64;50;115;2745;388;109;3,86;54,90;46,62;0;United States;Northern America;"SAGE Publications Inc.";"1977-2026";"Arts and Humanities (miscellaneous) (Q1); Social Sciences (miscellaneous) (Q2)";"Arts and Humanities; Social Sciences"
243;21101179113;"Jurnal Media Hukum";journal;"25031023, 08548919";"Faculty of Law, Universitas Muhammadiyah Yogyakarta";Yes;No;0,540;Q2;9;20;40;882;123;40;3,30;44,10;37,29;0;Indonesia;Asiatic Region;"Faculty of Law, Universitas Muhammadiyah Yogyakarta";"2019-2025";"Law (Q1); Political Science and International Relations (Q2); Social Sciences (miscellaneous) (Q2)";"Social Sciences"
244;12909;"Systems Research and Behavioral Science";journal;"10991743, 10927026";"John Wiley and Sons Ltd";No;No;0,538;Q2;64;161;214;11009;681;195;2,60;68,38;32,73;1;United Kingdom;Western Europe;"John Wiley and Sons Ltd";"1969, 1973, 1996-2026";"Information Systems and Management (Q2); Social Sciences (miscellaneous) (Q2); Strategy and Management (Q2)";"Business, Management and Accounting; Decision Sciences; Social Sciences"
245;14730;"Revista Latinoamericana de Psicologia";journal;"01200534";"Konrad Lorenz Editores";Yes;Yes;0,535;Q2;38;7;82;358;123;82;1,38;51,14;39,39;0;Colombia;Latin America;"Konrad Lorenz Editores";"1980, 1984, 1992, 1996-2025";"Psychology (miscellaneous) (Q2); Social Sciences (miscellaneous) (Q2)";"Psychology; Social Sciences"
246;21101042148;"Societies";journal;"20754698";"Multidisciplinary Digital Publishing Institute (MDPI)";Yes;No;0,535;Q2;46;357;723;22465;2113;709;2,88;62,93;52,77;4;Switzerland;Western Europe;"Multidisciplinary Digital Publishing Institute (MDPI)";"2011-2026";"Social Sciences (miscellaneous) (Q2)";"Social Sciences"
247;12309;"Journal of Social Work Practice";journal;"14653885, 02650533";"Routledge";No;No;0,527;Q2;42;45;105;1543;185;93;1,65;34,29;65,91;1;United Kingdom;Western Europe;"Routledge";"1983-2026";"Drug Guides (Q1); Health (social science) (Q2); Social Sciences (miscellaneous) (Q2); Social Work (Q3)";"Medicine; Social Sciences"
248;145207;"Asia Europe Journal";journal;"16102932, 16121031";"Springer Science and Business Media Deutschland GmbH";No;No;0,525;Q2;32;57;88;2981;168;85;1,60;52,30;43,27;2;Germany;Western Europe;"Springer Science and Business Media Deutschland GmbH";"2003-2026";"Business, Management and Accounting (miscellaneous) (Q2); Social Sciences (miscellaneous) (Q2)";"Business, Management and Accounting; Social Sciences"
249;14234;"Cultural Studies";journal;"14664348, 09502386";"Taylor and Francis Ltd.";No;No;0,523;Q2;70;54;138;2866;233;130;1,67;53,07;53,23;1;United Kingdom;Western Europe;"Taylor and Francis Ltd.";"1987-1996, 1998-2001, 2003-2026";"Anthropology (Q1); Arts and Humanities (miscellaneous) (Q1); Cultural Studies (Q1); Social Sciences (miscellaneous) (Q2)";"Arts and Humanities; Social Sciences"
250;12000154533;"Canadian Review of Sociology";journal;"17556171, 1755618X";"John Wiley &amp; Sons Inc.";No;No;0,516;Q2;48;21;111;1464;212;102;1,48;69,71;54,29;0;United States;Northern America;"John Wiley &amp; Sons Inc.";"1964-1995, 2008-2026";"Arts and Humanities (miscellaneous) (Q1); Social Sciences (miscellaneous) (Q2)";"Arts and Humanities; Social Sciences"
251;4700152785;"Journal of Intergenerational Relationships";journal;"15350770, 15350932";"Routledge";No;No;0,516;Q2;36;61;101;2579;226;101;1,92;42,28;75,81;2;United States;Northern America;"Routledge";"2003-2026";"Archeology (Q1); Social Sciences (miscellaneous) (Q2); Sociology and Political Science (Q2); Geriatrics and Gerontology (Q3); Life-span and Life-course Studies (Q3); Social Psychology (Q3)";"Medicine; Psychology; Social Sciences"
252;26619;"Symbolic Interaction";journal;"15338665, 01956086";"Wiley-Blackwell";No;No;0,515;Q2;65;52;74;3303;152;71;2,00;63,52;51,81;0;United States;Northern America;"Wiley-Blackwell";"1977-2026";"Communication (Q2); Education (Q2); Nursing (miscellaneous) (Q2); Social Sciences (miscellaneous) (Q2); Sociology and Political Science (Q2); Social Psychology (Q3)";"Nursing; Psychology; Social Sciences"
253;21101185523;"Adolescents";journal;"26737051";"Multidisciplinary Digital Publishing Institute (MDPI)";Yes;No;0,512;Q2;11;82;129;4548;236;125;1,98;55,46;58,36;0;Switzerland;Western Europe;"Multidisciplinary Digital Publishing Institute (MDPI)";"2021-2025";"Health Professions (miscellaneous) (Q1); Social Sciences (miscellaneous) (Q2); Psychology (miscellaneous) (Q3)";"Health Professions; Psychology; Social Sciences"
254;21101043799;"Emotions and Society";journal;"26316900, 26316897";"Policy Press";No;No;0,511;Q2;14;18;68;984;139;61;1,67;54,67;80,00;0;United Kingdom;Western Europe;"Policy Press";"2019-2025";"Cultural Studies (Q1); Social Sciences (miscellaneous) (Q2); Sociology and Political Science (Q2); Social Psychology (Q3)";"Psychology; Social Sciences"
255;21100239261;"Journal of Social Studies Research";journal;"0885985X";"Sage Publications";No;No;0,509;Q2;25;18;63;1352;113;63;1,75;75,11;58,70;0;United States;Northern America;"Sage Publications";"1985-1986, 2013-2026";"Education (Q2); Social Sciences (miscellaneous) (Q2)";"Social Sciences"
256;21101196048;"Geographies";journal;"26737086";"Multidisciplinary Digital Publishing Institute (MDPI)";Yes;No;0,508;Q2;14;78;132;5039;355;128;2,80;64,60;32,35;2;Switzerland;Western Europe;"Multidisciplinary Digital Publishing Institute (MDPI)";"2021-2025";"Agricultural and Biological Sciences (miscellaneous) (Q2); Environmental Science (miscellaneous) (Q2); Geography, Planning and Development (Q2); Social Sciences (miscellaneous) (Q2)";"Agricultural and Biological Sciences; Environmental Science; Social Sciences"
257;21101091648;"Finance and Society";journal;"20595999";"Cambridge University Press";Yes;No;0,501;Q2;10;31;60;2517;113;57;1,90;81,19;35,94;2;United Kingdom;Western Europe;"Cambridge University Press";"2019, 2021-2026";"Arts and Humanities (miscellaneous) (Q1); History and Philosophy of Science (Q1); Finance (Q2); Social Sciences (miscellaneous) (Q2); Sociology and Political Science (Q2)";"Arts and Humanities; Economics, Econometrics and Finance; Social Sciences"
258;21100854451;"Global Journal of Environmental Science and Management";journal;"23833866, 23833572";"";Yes;No;0,501;Q2;41;95;271;6229;854;271;3,17;65,57;44,05;0;Iran;Middle East;"";"2015-2026";"Architecture (Q1); Agricultural and Biological Sciences (miscellaneous) (Q2); Environmental Engineering (Q2); Environmental Science (miscellaneous) (Q2); Social Sciences (miscellaneous) (Q2); Pollution (Q3); Waste Management and Disposal (Q3)";"Agricultural and Biological Sciences; Engineering; Environmental Science; Social Sciences"
259;144975;"Family Journal";journal;"10664807, 15523950";"SAGE Publications Inc.";No;No;0,499;Q2;48;176;301;8390;485;294;1,37;47,67;67,34;0;United States;Northern America;"SAGE Publications Inc.";"1993-2026";"Social Sciences (miscellaneous) (Q2); Social Psychology (Q3)";"Psychology; Social Sciences"
260;21101326198;"Pro Jure Revista de Derecho";journal;"28107659";"Pontificia Universidad Catolica de Valparaiso";No;No;0,498;Q2;4;35;34;1979;16;30;0,42;56,54;32,50;0;Chile;Latin America;"Pontificia Universidad Catolica de Valparaiso";"2024-2025";"Law (Q1); Social Sciences (miscellaneous) (Q2)";"Social Sciences"
261;21100908414;"Proceedings of the ACM on Human-Computer Interaction";journal;"25730142";"Association for Computing Machinery";No;No;0,498;Q2;95;695;1602;66171;9698;1586;5,83;95,21;43,72;5;United States;Northern America;"Association for Computing Machinery";"2017-2025";"Computer Networks and Communications (Q2); Social Sciences (miscellaneous) (Q2); Human-Computer Interaction (Q3)";"Computer Science; Social Sciences"
262;13414;"Contemporary Family Therapy";journal;"08922764, 15733335";"Kluwer Academic/Human Sciences Press Inc.";No;No;0,496;Q2;46;58;116;3775;230;115;1,30;65,09;58,24;0;United States;Northern America;"Kluwer Academic/Human Sciences Press Inc.";"1986-2026";"Cultural Studies (Q1); Clinical Psychology (Q2); Social Sciences (miscellaneous) (Q2); Social Psychology (Q3)";"Psychology; Social Sciences"
263;21101188408;"Frontiers in Research Metrics and Analytics";journal;"25040537";"Frontiers Media SA";Yes;No;0,495;Q2;29;54;216;2317;513;198;2,80;42,91;40,85;1;Switzerland;Western Europe;"Frontiers Media SA";"2016-2026";"Library and Information Sciences (Q2); Social Sciences (miscellaneous) (Q2)";"Social Sciences"
264;14547;"Social Choice and Welfare";journal;"01761714, 1432217X";"Springer New York";No;No;0,489;Q2;64;106;189;3726;239;187;1,41;35,15;16,74;2;United States;Northern America;"Springer New York";"1984-2026";"Economics and Econometrics (Q2); Social Sciences (miscellaneous) (Q2)";"Economics, Econometrics and Finance; Social Sciences"
265;15035;"Social Work with Groups";journal;"01609513, 15409481";"Routledge";No;No;0,489;Q2;28;30;91;863;152;79;1,63;28,77;62,90;0;United States;Northern America;"Routledge";"1978-2026";"Education (Q2); Social Sciences (miscellaneous) (Q2); Social Work (Q3)";"Social Sciences"
266;21101162627;"Infinity Journal";journal;"20896867, 24609285";"STKIP Siliwangi Bandung (IKIP Siliwangi)";Yes;No;0,487;Q2;15;52;80;3001;359;80;5,09;57,71;47,24;0;Indonesia;Asiatic Region;"STKIP Siliwangi Bandung (IKIP Siliwangi)";"2019-2025";"Development (Q2); Education (Q2); Mathematics (miscellaneous) (Q2); Social Sciences (miscellaneous) (Q2)";"Mathematics; Social Sciences"
267;21100872366;"Cogent Social Sciences";journal;"23311886";"Cogent OA";Yes;No;0,486;Q2;43;492;1422;34769;4512;1418;3,01;70,67;38,02;4;United Kingdom;Western Europe;"Cogent OA";"2015-2026";"Social Sciences (miscellaneous) (Q2)";"Social Sciences"
268;16931;"American Sociologist";journal;"00031232, 19364784";"Springer";No;No;0,483;Q2;32;48;111;3399;169;104;1,46;70,81;33,33;0;United States;Northern America;"Springer";"1973-1975, 1978-1979, 1981, 1987-1996, 2002, 2004-2026";"Social Sciences (miscellaneous) (Q2); Sociology and Political Science (Q2)";"Social Sciences"
269;144948;"Journal of Occupational Science";journal;"21581576, 14427591";"Taylor and Francis Ltd.";No;No;0,482;Q2;60;95;164;5317;435;142;2,18;55,97;71,78;0;United Kingdom;Western Europe;"Taylor and Francis Ltd.";"1993-2026";"Social Sciences (miscellaneous) (Q2); Sociology and Political Science (Q2)";"Social Sciences"
270;12679;"IEEE Technology and Society Magazine";journal;"02780097, 1937416X";"Institute of Electrical and Electronics Engineers Inc.";No;No;0,481;Q2;47;34;155;1083;270;119;2,12;31,85;24,00;0;United States;Northern America;"Institute of Electrical and Electronics Engineers Inc.";"1982-2025";"Engineering (miscellaneous) (Q2); Social Sciences (miscellaneous) (Q2)";"Engineering; Social Sciences"
271;23442;"Politics and the Life Sciences";journal;"14715457, 07309384";"Cambridge University Press";No;No;0,481;Q2;26;26;61;1661;112;55;1,35;63,88;40,23;1;United Kingdom;Western Europe;"Cambridge University Press";"1982-1984, 1986-2026";"Public Administration (Q2); Social Sciences (miscellaneous) (Q2); Sociology and Political Science (Q2)";"Social Sciences"
272;21100447802;"Asian Education and Development Studies";journal;"20463170, 20463162";"Emerald Publishing";No;No;0,480;Q2;26;97;118;6818;344;116;2,97;70,29;39,91;0;United Kingdom;Western Europe;"Emerald Publishing";"2013-2026";"Development (Q2); Education (Q2); Social Sciences (miscellaneous) (Q2)";"Social Sciences"
273;21100874350;"Baltic Region";journal;"23100524, 20798555";"Immanuel Kant Baltic Federal University";Yes;Yes;0,480;Q2;12;21;105;777;122;103;1,16;37,00;48,65;0;Russian Federation;Eastern Europe;"Immanuel Kant Baltic Federal University";"2018-2025";"Cultural Studies (Q1); History (Q1); Economics, Econometrics and Finance (miscellaneous) (Q2); Geography, Planning and Development (Q2); Social Sciences (miscellaneous) (Q2); Sociology and Political Science (Q2)";"Arts and Humanities; Economics, Econometrics and Finance; Social Sciences"
274;21101080475;"Asian Journal of Business Ethics";journal;"22106731, 22106723";"Springer Science and Business Media B.V.";No;No;0,476;Q2;19;21;82;1448;275;80;2,44;68,95;56,14;0;Netherlands;Western Europe;"Springer Science and Business Media B.V.";"2012-2026";"Philosophy (Q1); Business, Management and Accounting (miscellaneous) (Q2); Economics, Econometrics and Finance (miscellaneous) (Q2); Social Sciences (miscellaneous) (Q2)";"Arts and Humanities; Business, Management and Accounting; Economics, Econometrics and Finance; Social Sciences"
275;24762;"Human Rights Quarterly";journal;"1085794X, 02750392";"Johns Hopkins University Press";No;No;0,474;Q2;85;17;75;358;108;74;1,23;21,06;47,83;0;United States;Northern America;"Johns Hopkins University Press";"1981, 1990, 1992, 1994-2025";"Social Sciences (miscellaneous) (Q2); Sociology and Political Science (Q2)";"Social Sciences"
276;145571;"Journal for General Philosophy of Science";journal;"09254560, 15728587";"Springer Netherlands";No;No;0,474;Q2;25;54;97;2887;139;91;0,97;53,46;18,46;1;Netherlands;Western Europe;"Springer Netherlands";"1980, 1986, 1990-2026";"History and Philosophy of Science (Q1); Philosophy (Q1); Social Sciences (miscellaneous) (Q2)";"Arts and Humanities; Social Sciences"
277;21101274044;"Asian Journal for Mathematics Education";journal;"27527271, 27527263";"SAGE Publications Ltd";Yes;Yes;0,473;Q2;7;29;71;1558;125;70;1,70;53,72;38,46;0;United Kingdom;Western Europe;"SAGE Publications Ltd";"2022-2026";"Education (Q2); Social Sciences (miscellaneous) (Q2)";"Social Sciences"
278;19469;"Journal of Early Childhood Teacher Education";journal;"17455642, 10901027";"Taylor and Francis Ltd.";No;No;0,472;Q2;32;125;117;6675;227;95;1,49;53,40;75,07;0;United Kingdom;Western Europe;"Taylor and Francis Ltd.";"1990-2026";"Education (Q2); Social Sciences (miscellaneous) (Q2)";"Social Sciences"
279;21101165605;"Discover Social Science and Health";journal;"27310469";"Springer Nature";Yes;No;0,471;Q2;8;176;134;8461;224;133;1,67;48,07;44,39;0;Switzerland;Western Europe;"Springer Nature";"2021-2026";"Health (social science) (Q2); Social Sciences (miscellaneous) (Q2); Health Policy (Q3); Public Health, Environmental and Occupational Health (Q3)";"Medicine; Social Sciences"
280;15594;"Journal of Biosocial Science";journal;"00219320, 14697599";"Cambridge University Press";Yes;No;0,470;Q2;67;47;209;2317;365;209;1,58;49,30;55,48;0;United Kingdom;Western Europe;"Cambridge University Press";"1969-2026";"Social Sciences (miscellaneous) (Q2); Public Health, Environmental and Occupational Health (Q3)";"Medicine; Social Sciences"
281;21101043445;"Interdisciplinary Journal for Religion and Transformation in Contemporary Society";journal;"23642807, 23653140";"Brill Academic Publishers";Yes;Yes;0,469;Q2;9;38;79;1418;47;79;0,76;37,32;28,57;0;Netherlands;Western Europe;"Brill Academic Publishers";"2015-2026";"Religious Studies (Q1); Social Sciences (miscellaneous) (Q2)";"Arts and Humanities; Social Sciences"
282;21101185486;"Documentation, Information and Knowledge";journal;"10032797";"";No;No;0,468;Q2;11;76;255;3683;391;253;1,71;48,46;50,00;0;China;Asiatic Region;"";"2019-2025";"Communication (Q2); Library and Information Sciences (Q2); Social Sciences (miscellaneous) (Q2)";"Social Sciences"
283;21101251299;"Interpreting and Society";journal;"27523810";"SAGE Publications Ltd";Yes;Yes;0,468;Q2;7;8;25;494;60;23;1,94;61,75;53,33;0;United Kingdom;Western Europe;"SAGE Publications Ltd";"2021-2025";"Linguistics and Language (Q1); Social Sciences (miscellaneous) (Q2)";"Social Sciences"
284;29197;"Journal of Elder Abuse and Neglect";journal;"08946566, 15404129";"Routledge";No;No;0,468;Q2;53;29;63;1468;118;54;1,15;50,62;56,38;0;United States;Northern America;"Routledge";"1988-2026";"Social Sciences (miscellaneous) (Q2); Geriatrics and Gerontology (Q3)";"Medicine; Social Sciences"
285;21101061926;"Frontiers in Communication";journal;"2297900X";"Frontiers Media SA";Yes;No;0,466;Q2;46;358;869;20975;1849;786;2,04;58,59;50,12;2;Switzerland;Western Europe;"Frontiers Media SA";"2016-2026";"Communication (Q2); Social Sciences (miscellaneous) (Q2)";"Social Sciences"
286;12247;"Journal of Human Behavior in the Social Environment";journal;"15403556, 10911359";"Routledge";No;No;0,462;Q2;52;182;244;9815;549;244;2,29;53,93;53,07;1;United States;Northern America;"Routledge";"1998-2026";"Anthropology (Q1); Social Sciences (miscellaneous) (Q2)";"Social Sciences"
287;21101056926;"Central and Eastern European Migration Review";journal;"23001682";"Polska Akademia Nauk";Yes;Yes;0,460;Q2;13;10;64;606;94;63;1,32;60,60;63,64;0;Poland;Eastern Europe;"Polska Akademia Nauk";"2019-2025";"Demography (Q2); Social Sciences (miscellaneous) (Q2); Sociology and Political Science (Q2)";"Social Sciences"
288;5700165171;"Korea Observer";journal;"25863053, 00233919";"Institute of Korean Studies";No;No;0,460;Q2;19;26;75;1732;97;75;1,48;66,62;33,33;0;South Korea;Asiatic Region;"Institute of Korean Studies";"2007-2025";"Arts and Humanities (miscellaneous) (Q1); Social Sciences (miscellaneous) (Q2)";"Arts and Humanities; Social Sciences"
289;21100888787;"Annals of Economics and Statistics";journal;"21154430, 19683863";"Groupe des ecoles nationales d'economie et statistique";No;No;0,447;Q2;9;9;56;295;44;55;0,72;32,78;31,82;0;France;Western Europe;"Groupe des ecoles nationales d'economie et statistique";"2018-2025";"Social Sciences (miscellaneous) (Q2); Economics and Econometrics (Q3); Statistics and Probability (Q3); Statistics, Probability and Uncertainty (Q3)";"Decision Sciences; Economics, Econometrics and Finance; Mathematics; Social Sciences"
290;21101314094;"ASEAN Journal of Educational Research and Technology";journal;"28284860, 28284887";"Yayasan Bumi Publikasi Nusantara";No;No;0,447;Q2;13;30;82;1111;208;82;2,64;37,03;50,00;0;Indonesia;Asiatic Region;"Yayasan Bumi Publikasi Nusantara";"2022-2025";"Social Sciences (miscellaneous) (Q2)";"Social Sciences"
291;21101190207;"Tourism and Hospitality";journal;"26735768";"Multidisciplinary Digital Publishing Institute (MDPI)";Yes;No;0,443;Q2;21;278;181;19760;622;176;3,25;71,08;45,82;1;Switzerland;Western Europe;"Multidisciplinary Digital Publishing Institute (MDPI)";"2020-2026";"Economics, Econometrics and Finance (miscellaneous) (Q2); Social Sciences (miscellaneous) (Q2); Tourism, Leisure and Hospitality Management (Q3)";"Business, Management and Accounting; Economics, Econometrics and Finance; Social Sciences"
292;25330;"Rationality and Society";journal;"14617358, 10434631";"SAGE Publications Ltd";No;No;0,442;Q2;56;19;58;988;103;58;2,03;52,00;25,81;0;United Kingdom;Western Europe;"SAGE Publications Ltd";"1989-2026";"Social Sciences (miscellaneous) (Q2); Sociology and Political Science (Q2)";"Social Sciences"
293;29908;"Families in Society";journal;"10443894, 19451350";"SAGE Publications Ltd";No;No;0,440;Q2;59;159;141;9789;240;129;1,82;61,57;68,35;2;United States;Northern America;"SAGE Publications Ltd";"1990, 1993, 1996-2026";"Social Sciences (miscellaneous) (Q2); Social Work (Q3)";"Social Sciences"
294;20500195024;"Journal of Quantitative Analysis in Sports";journal;"21946388, 15590410";"Walter de Gruyter GmbH";No;No;0,439;Q2;29;28;61;798;112;60;1,60;28,50;17,65;0;Germany;Western Europe;"Walter de Gruyter GmbH";"2011-2026";"Decision Sciences (miscellaneous) (Q2); Social Sciences (miscellaneous) (Q2)";"Decision Sciences; Social Sciences"
295;21101148008;"Australian and International Journal of Rural Education";journal;"18397387";"Society for the Provision of Education in Rural Education";Yes;Yes;0,438;Q2;10;25;90;892;128;88;1,29;35,68;55,56;0;Australia;Pacific Region;"Society for the Provision of Education in Rural Education";"2019-2025";"Education (Q2); Social Sciences (miscellaneous) (Q2)";"Social Sciences"
296;21101176676;"Disabilities";journal;"26737272";"Multidisciplinary Digital Publishing Institute (MDPI)";Yes;No;0,438;Q2;12;119;170;6332;373;167;1,99;53,21;68,54;0;Switzerland;Western Europe;"Multidisciplinary Digital Publishing Institute (MDPI)";"2021-2025";"Health Professions (miscellaneous) (Q2); Health (social science) (Q2); Social Sciences (miscellaneous) (Q2)";"Health Professions; Social Sciences"
297;25049;"American Journal of Comparative Law";journal;"0002919X, 23269197";"Oxford University Press";No;No;0,437;Q2;56;16;83;3089;119;79;1,09;193,06;35,00;0;United States;Northern America;"Oxford University Press";"1963, 1974, 1977, 1985-1988, 1990, 1992, 1995-2025";"Law (Q2); Social Sciences (miscellaneous) (Q2)";"Social Sciences"
298;21101108507;"Geohumanities";journal;"2373566X, 23735678";"Informa UK Limited";No;No;0,437;Q2;12;41;99;2114;122;97;1,23;51,56;56,96;0;United Kingdom;Western Europe;"Informa UK Limited";"2015, 2018-2026";"Arts and Humanities (miscellaneous) (Q1); Geography, Planning and Development (Q2); Social Sciences (miscellaneous) (Q2)";"Arts and Humanities; Social Sciences"
299;21100258853;"F1000Research";journal;"20461402";"F1000 Research Ltd";Yes;No;0,432;Q2;129;625;1988;31173;3679;1969;1,92;49,88;43,40;0;United Kingdom;Western Europe;"F1000 Research Ltd";"2012-2026";"Arts and Humanities (miscellaneous) (Q1); Library and Information Sciences (Q2); Pharmacology, Toxicology and Pharmaceutics (miscellaneous) (Q2); Social Sciences (miscellaneous) (Q2); Biochemistry, Genetics and Molecular Biology (miscellaneous) (Q3); Immunology and Microbiology (miscellaneous)  (Q3); Medicine (miscellaneous) (Q3)";"Arts and Humanities; Biochemistry, Genetics and Molecular Biology; Immunology and Microbiology; Medicine; Pharmacology, Toxicology and Pharmaceutics; Social Sciences"
300;21101155951;"Journal of Curriculum Studies Research";journal;"26902788";"OpenED Network";Yes;No;0,432;Q2;15;33;67;1829;179;67;2,98;55,42;55,79;0;Turkey;Middle East;"OpenED Network";"2019-2025";"Education (Q2); Social Sciences (miscellaneous) (Q2)";"Social Sciences"
301;21101170632;"Journal of Agriculture, Food Systems, and Community Development";journal;"21520801";"Thomas A. Lyson Center for Civic Agriculture and Food Systems";Yes;No;0,431;Q2;20;126;227;5298;354;189;1,46;42,05;65,87;0;United States;Northern America;"Thomas A. Lyson Center for Civic Agriculture and Food Systems";"2012, 2015-2026";"Development (Q2); Geography, Planning and Development (Q2); Health (social science) (Q2); Social Sciences (miscellaneous) (Q2)";"Social Sciences"
302;18500158100;"Forum (Germany)";journal;"21946183, 15408884";"Walter de Gruyter GmbH";Yes;No;0,427;Q2;28;17;89;903;81;82;0,73;53,12;44,44;0;Germany;Western Europe;"Walter de Gruyter GmbH";"2000, 2002, 2004-2025";"Social Sciences (miscellaneous) (Q2); Sociology and Political Science (Q2)";"Social Sciences"
303;5700176240;"Practice";journal;"17424909, 09503153";"Taylor and Francis Ltd.";No;No;0,427;Q2;28;35;92;1269;124;76;1,08;36,26;70,27;1;United Kingdom;Western Europe;"Taylor and Francis Ltd.";"1987-1992, 1994-2006, 2008-2026";"Social Sciences (miscellaneous) (Q2); Sociology and Political Science (Q2)";"Social Sciences"
304;21101185196;"Nazhruna: Jurnal Pendidikan Islam";journal;"26148013";"Institut Pesantren KH Abdul Chalim";Yes;No;0,424;Q2;13;44;69;2491;207;69;3,00;56,61;30,10;0;Indonesia;Asiatic Region;"Institut Pesantren KH Abdul Chalim";"2023-2026";"History (Q1); Philosophy (Q1); Religious Studies (Q1); Education (Q2); Social Sciences (miscellaneous) (Q2)";"Arts and Humanities; Social Sciences"
305;17600155136;"Kotuitui";journal;"1177083X";"Routledge";Yes;Yes;0,423;Q2;25;71;84;4550;228;84;2,85;64,08;64,45;0;United Kingdom;Western Europe;"Routledge";"2009-2010, 2012-2025";"Social Sciences (miscellaneous) (Q2)";"Social Sciences"
306;19700201335;"Scandinavian Journal of Disability Research";journal;"17453011, 15017419";"Stockholm University Press";Yes;No;0,423;Q2;38;51;102;2441;205;101;2,03;47,86;68,33;0;Sweden;Western Europe;"Stockholm University Press";"1999-2026";"Rehabilitation (Q2); Social Sciences (miscellaneous) (Q2); Physical Therapy, Sports Therapy and Rehabilitation (Q3)";"Health Professions; Medicine; Social Sciences"
307;21101142417;"Journal of Social and Economic Development";journal;"21996873, 09725792";"Springer";No;No;0,422;Q2;19;138;161;7160;339;158;2,25;51,88;32,95;1;Germany;Western Europe;"Springer";"2015-2026";"Economics, Econometrics and Finance (miscellaneous) (Q2); Education (Q2); Social Sciences (miscellaneous) (Q2)";"Economics, Econometrics and Finance; Social Sciences"
308;21101176849;"Jurnal Ilmiah Peuradeun";journal;"23388617, 24432067";"SCAD Independent";No;No;0,421;Q2;14;90;170;4826;449;170;3,15;53,62;35,69;0;Indonesia;Asiatic Region;"SCAD Independent";"2019-2026";"Arts and Humanities (miscellaneous) (Q1); Linguistics and Language (Q1); Religious Studies (Q1); Education (Q2); Law (Q2); Social Sciences (miscellaneous) (Q2)";"Arts and Humanities; Social Sciences"
309;21101136847;"International Tax Studies";journal;"25901117";"International Bureau of Fiscal Documentation (IBFD)";No;No;0,419;Q2;4;9;30;500;7;30;0,37;55,56;14,29;0;Netherlands;Western Europe;"International Bureau of Fiscal Documentation (IBFD)";"2019-2025";"Economics, Econometrics and Finance (miscellaneous) (Q2); Law (Q2); Social Sciences (miscellaneous) (Q2); Sociology and Political Science (Q2)";"Economics, Econometrics and Finance; Social Sciences"
310;21101238109;"Entrepreneurship Education";journal;"25208152, 25208144";"Springer";No;No;0,416;Q2;7;29;41;2528;128;39;3,12;87,17;28,79;0;Singapore;Asiatic Region;"Springer";"2023-2026";"Business, Management and Accounting (miscellaneous) (Q2); Economics, Econometrics and Finance (miscellaneous) (Q2); Education (Q2); Social Sciences (miscellaneous) (Q2)";"Business, Management and Accounting; Economics, Econometrics and Finance; Social Sciences"
311;21101283114;"Justicia Islamica";journal;"16935926, 25027646";"Faculty of Sharia, UIN Kiai Ageng Muhammad Besari Ponorogo";No;No;0,415;Q2;6;20;60;1301;101;60;1,93;65,05;27,91;0;Indonesia;Asiatic Region;"Faculty of Sharia, UIN Kiai Ageng Muhammad Besari Ponorogo";"2022-2025";"Religious Studies (Q1); Law (Q2); Social Sciences (miscellaneous) (Q2)";"Arts and Humanities; Social Sciences"
312;25991;"Social Science Information";journal;"05390184, 14617412";"SAGE Publications Ltd";No;No;0,415;Q2;51;25;72;1455;146;68;1,90;58,20;31,25;0;United Kingdom;Western Europe;"SAGE Publications Ltd";"1962-2026";"Library and Information Sciences (Q2); Social Sciences (miscellaneous) (Q2)";"Social Sciences"
313;19637;"Crime, Law and Social Change";journal;"15730751, 09254994";"Springer Netherlands";No;No;0,412;Q2;63;56;192;3731;411;190;2,06;66,63;37,17;0;Netherlands;Western Europe;"Springer Netherlands";"1991-2026";"Law (Q2); Social Sciences (miscellaneous) (Q2); Pathology and Forensic Medicine (Q3)";"Medicine; Social Sciences"
314;26481;"Society";journal;"01472011, 19364725";"Springer New York";No;No;0,412;Q2;36;86;171;3337;248;150;1,38;38,80;30,21;0;United States;Northern America;"Springer New York";"1968, 1971-1999, 2002-2026";"Social Sciences (miscellaneous) (Q2); Sociology and Political Science (Q2)";"Social Sciences"
315;144730;"Studies in Nonlinear Dynamics and Econometrics";journal;"15583708, 10811826";"Walter de Gruyter GmbH";No;No;0,411;Q2;38;66;107;3256;110;106;1,14;49,33;25,00;1;Germany;Western Europe;"Walter de Gruyter GmbH";"2002-2026";"Social Sciences (miscellaneous) (Q2); Analysis (Q3); Economics and Econometrics (Q3)";"Economics, Econometrics and Finance; Mathematics; Social Sciences"
316;21100780549;"Russian Sociological Review";journal;"1728192X, 17281938";"National Research University Higher School of Economics (HSE University)";Yes;Yes;0,410;Q2;12;30;141;1825;104;139;0,78;60,83;27,27;0;Russian Federation;Eastern Europe;"National Research University Higher School of Economics (HSE University)";"2001-2003, 2016-2025";"Cultural Studies (Q1); Philosophy (Q1); Social Sciences (miscellaneous) (Q2); Sociology and Political Science (Q2)";"Arts and Humanities; Social Sciences"
317;11200153529;"Journal of Spirituality in Mental Health";journal;"19349645, 19349637";"Routledge";No;No;0,409;Q2;23;53;68;2978;110;68;1,45;56,19;51,52;0;United States;Northern America;"Routledge";"2006-2026";"Religious Studies (Q1); Social Sciences (miscellaneous) (Q2); Applied Psychology (Q3); Social Psychology (Q3)";"Arts and Humanities; Psychology; Social Sciences"
318;21101105751;"Jurnal Pendidikan Islam";journal;"24608149, 23554339";"Faculty of Tarbiya and Teacher Training UIN Sunan Gunung";Yes;Yes;0,409;Q2;11;30;67;1514;215;67;3,10;50,47;47,06;0;Indonesia;Asiatic Region;"Faculty of Tarbiya and Teacher Training UIN Sunan Gunung";"2019-2025";"Religious Studies (Q1); Education (Q2); Social Sciences (miscellaneous) (Q2)";"Arts and Humanities; Social Sciences"
319;12000154348;"International Journal of Electronic Government Research";journal;"15483894, 15483886";"IGI Publishing";No;No;0,408;Q2;38;14;62;718;172;62;2,67;51,29;30,00;0;United States;Northern America;"IGI Publishing";"2005-2025";"Computer Networks and Communications (Q2); Social Sciences (miscellaneous) (Q2); E-learning (Q3); Hardware and Architecture (Q3); Software (Q3)";"Computer Science; Social Sciences"
320;78505;"Italian Review of Agricultural Economics";journal;"22811559, 00356190";"Firenze University Press";No;No;0,408;Q2;9;5;68;336;115;63;1,60;67,20;38,46;0;Italy;Western Europe;"Firenze University Press";"1978-1979, 2019-2026";"Agronomy and Crop Science (Q2); Animal Science and Zoology (Q2); Development (Q2); Economics, Econometrics and Finance (miscellaneous) (Q2); Food Science (Q2); Geography, Planning and Development (Q2); Social Sciences (miscellaneous) (Q2)";"Agricultural and Biological Sciences; Economics, Econometrics and Finance; Social Sciences"
321;21101267547;"Revista General de Derecho Constitucional";journal;"18867650, 18866212";"Iustel";No;No;0,408;Q2;3;18;58;838;13;56;0,32;46,56;41,67;0;Spain;Western Europe;"Iustel";"2020-2025";"Law (Q2); Social Sciences (miscellaneous) (Q2)";"Social Sciences"
322;21100426136;"Critical African Studies";journal;"21681392, 20407211";"Taylor and Francis Ltd.";No;No;0,407;Q2;21;36;69;2152;98;62;1,02;59,78;37,04;0;United Kingdom;Western Europe;"Taylor and Francis Ltd.";"2015-2026";"Arts and Humanities (miscellaneous) (Q1); Social Sciences (miscellaneous) (Q2)";"Arts and Humanities; Social Sciences"
323;21100429296;"Journal of Social Studies Education Research";journal;"13099108";"Association for Social Studies Educa";Yes;No;0,406;Q2;25;47;168;2764;379;168;2,37;58,81;70,00;0;Turkey;Middle East;"Association for Social Studies Educa";"2015-2025";"Education (Q2); Social Sciences (miscellaneous) (Q2)";"Social Sciences"
324;21101046174;"International Journal of Educational Reform";journal;"10567879, 26319675";"SAGE Publications Inc.";No;No;0,405;Q2;19;111;134;5408;278;134;1,96;48,72;50,00;1;United States;Northern America;"SAGE Publications Inc.";"1992-2026";"Education (Q2); Social Sciences (miscellaneous) (Q2)";"Social Sciences"
325;12283;"Journal of Social Service Research";journal;"01488376, 15407314";"Routledge";No;No;0,405;Q2;50;126;192;7137;303;189;1,31;56,64;60,52;1;United States;Northern America;"Routledge";"1978-2026";"Social Sciences (miscellaneous) (Q2); Sociology and Political Science (Q2); Social Work (Q3)";"Social Sciences"
326;7000153207;"NanoEthics";journal;"18714765, 18714757";"Springer Netherlands";Yes;No;0,404;Q2;39;19;56;921;128;51;2,80;48,47;36,54;0;Netherlands;Western Europe;"Springer Netherlands";"2007-2026";"History and Philosophy of Science (Q1); Philosophy (Q1); Social Sciences (miscellaneous) (Q2); Sociology and Political Science (Q2); Management of Technology and Innovation (Q3); Nanoscience and Nanotechnology (Q3)";"Arts and Humanities; Business, Management and Accounting; Materials Science; Social Sciences"
327;145675;"Social Work in Mental Health";journal;"15332985, 15332993";"Routledge";No;No;0,404;Q2;33;48;131;2666;185;126;1,46;55,54;62,59;0;United States;Northern America;"Routledge";"2002-2026";"Social Sciences (miscellaneous) (Q2); Public Health, Environmental and Occupational Health (Q3); Social Work (Q3)";"Medicine; Social Sciences"
328;21100996939;"Revista Cientifica General Jose Maria Cordova";journal;"19006586, 25007645";"Escuela Militar de Cadetes";Yes;Yes;0,400;Q2;10;45;164;2113;158;150;0,80;46,96;24,36;0;Colombia;Latin America;"Escuela Militar de Cadetes";"2011-2013, 2015-2026";"Law (Q2); Political Science and International Relations (Q2); Public Administration (Q2); Safety Research (Q2); Safety, Risk, Reliability and Quality (Q2); Social Sciences (miscellaneous) (Q2); Sociology and Political Science (Q2)";"Engineering; Social Sciences"
329;21100790521;"Polar Journal";journal;"21548978, 2154896X";"Taylor and Francis Ltd.";No;No;0,399;Q2;27;38;84;1844;133;69;1,72;48,53;64,91;0;United Kingdom;Western Europe;"Taylor and Francis Ltd.";"2011-2026";"Arts and Humanities (miscellaneous) (Q1); Social Sciences (miscellaneous) (Q2)";"Arts and Humanities; Social Sciences"
330;8100153107;"Magallania";journal;"07180209, 07182244";"Universidad de Magallanes";Yes;Yes;0,398;Q2;25;5;44;178;32;44;0,74;35,60;33,33;0;Chile;Latin America;"Universidad de Magallanes";"2007-2025";"Social Sciences (miscellaneous) (Q2)";"Social Sciences"
331;22830;"Canadian Journal of Criminology and Criminal Justice";journal;"17077753, 19110219";"University of Toronto Press";No;No;0,397;Q2;48;12;57;778;80;56;1,11;64,83;66,67;0;Canada;Northern America;"University of Toronto Press";"2003-2025";"Law (Q2); Social Sciences (miscellaneous) (Q2)";"Social Sciences"
332;21101218126;"International Journal of Disability and Social Justice";journal;"27324044, 27324036";"Pluto Journals";Yes;Yes;0,397;Q2;8;17;49;967;98;46;1,84;56,88;73,21;0;United Kingdom;Western Europe;"Pluto Journals";"2021-2025";"Education (Q2); Social Sciences (miscellaneous) (Q2); Sociology and Political Science (Q2)";"Social Sciences"
333;21100199128;"REVESCO Revista de Estudios Cooperativos";journal;"18858031, 11356618";"Universidad Complutense Madrid";Yes;Yes;0,397;Q2;20;29;72;1669;82;72;1,09;57,55;49,21;0;Spain;Western Europe;"Universidad Complutense Madrid";"2011-2025";"Social Sciences (miscellaneous) (Q2); Economics and Econometrics (Q3)";"Economics, Econometrics and Finance; Social Sciences"
334;21570;"Prison Journal";journal;"00328855, 15527522";"SAGE Publications Inc.";No;No;0,396;Q2;63;36;109;1879;157;109;1,29;52,19;59,78;1;United States;Northern America;"SAGE Publications Inc.";"1921-1992, 1996-2026";"Law (Q2); Social Sciences (miscellaneous) (Q2)";"Social Sciences"
335;19421;"Journal of Technology in Human Services";journal;"15228991, 15228835";"Routledge";No;No;0,394;Q2;41;29;50;1567;103;50;1,74;54,03;65,71;0;United States;Northern America;"Routledge";"1996-2026";"Computer Networks and Communications (Q2); Social Sciences (miscellaneous) (Q2); Health (social science) (Q3)";"Computer Science; Social Sciences"
336;21100829274;"Journal of International Studies";journal;"20718330, 23063483";"Centre of Sociological Research";Yes;Yes;0,393;Q2;39;59;179;3455;543;178;3,52;58,56;54,07;0;Poland;Eastern Europe;"Centre of Sociological Research";"2008-2025";"Political Science and International Relations (Q2); Social Sciences (miscellaneous) (Q2); Sociology and Political Science (Q2); Business and International Management (Q3); Economics and Econometrics (Q3)";"Business, Management and Accounting; Economics, Econometrics and Finance; Social Sciences"
337;21101041537;"Indian Journal of Human Development";journal;"09737030, 2456480X";"Sage Publications India Pvt. Ltd";No;No;0,392;Q2;17;10;92;329;93;81;0,95;32,90;53,85;1;India;Asiatic Region;"Sage Publications India Pvt. Ltd";"2007-2026";"Social Sciences (miscellaneous) (Q2); Economics and Econometrics (Q3); Human Factors and Ergonomics (Q3)";"Economics, Econometrics and Finance; Social Sciences"
338;21101060456;"China International Strategy Review";journal;"25245635, 25245627";"Springer";No;No;0,389;Q2;14;18;57;875;98;57;1,46;48,61;18,18;0;Singapore;Asiatic Region;"Springer";"2019-2025";"Political Science and International Relations (Q2); Social Sciences (miscellaneous) (Q2)";"Social Sciences"
339;26333;"Continuity and Change";journal;"1469218X, 02684160";"Cambridge University Press";No;No;0,387;Q2;33;14;44;1701;30;43;0,41;121,50;50,00;0;United Kingdom;Western Europe;"Cambridge University Press";"1986-2025";"History (Q1); Social Sciences (miscellaneous) (Q2)";"Arts and Humanities; Social Sciences"
340;21101037151;"Human Arenas";journal;"25225804";"Springer Science and Business Media Deutschland GmbH";No;No;0,387;Q2;18;150;227;8170;379;224;1,70;54,47;44,24;2;Netherlands;Western Europe;"Springer Science and Business Media Deutschland GmbH";"2018-2026";"Arts and Humanities (miscellaneous) (Q1); Social Sciences (miscellaneous) (Q2); Psychology (miscellaneous) (Q3)";"Arts and Humanities; Psychology; Social Sciences"
341;21101077475;"International Journal of Community and Social Development";journal;"25166034, 25166026";"Sage Publications India Pvt. Ltd";No;No;0,387;Q2;15;41;77;1777;113;63;1,71;43,34;40,00;1;Singapore;Asiatic Region;"Sage Publications India Pvt. Ltd";"2019-2026";"Development (Q2); Social Sciences (miscellaneous) (Q2)";"Social Sciences"
342;21100860053;"eTropic";journal;"14482940";"James Cook University";Yes;Yes;0,383;Q2;10;27;78;1161;102;78;1,08;43,00;53,13;0;Australia;Pacific Region;"James Cook University";"2018-2025";"Arts and Humanities (miscellaneous) (Q1); Cultural Studies (Q1); History (Q1); Literature and Literary Theory (Q1); Social Sciences (miscellaneous) (Q2); Urban Studies (Q2)";"Arts and Humanities; Social Sciences"
343;28227;"Asian Pacific Journal of Social Work";journal;"02185385";"Routledge";No;No;0,382;Q2;22;0;55;0;69;47;1,15;0,00;0,00;0;United Kingdom;Western Europe;"Routledge";"1991-2024";"Social Sciences (miscellaneous) (Q2); Sociology and Political Science (Q2)";"Social Sciences"
344;5600153391;"Historical Materialism";journal;"14654466, 1569206X";"Brill Academic Publishers";No;No;0,378;Q2;42;29;115;1945;122;113;1,17;67,07;21,88;0;Netherlands;Western Europe;"Brill Academic Publishers";"1997-1998, 2002-2025";"History (Q1); Economics, Econometrics and Finance (miscellaneous) (Q2); Political Science and International Relations (Q2); Social Sciences (miscellaneous) (Q2); Sociology and Political Science (Q2)";"Arts and Humanities; Economics, Econometrics and Finance; Social Sciences"
345;21100395923;"Citizenship Teaching and Learning";journal;"17511917, 17511925";"Intellect Ltd.";No;No;0,377;Q2;13;15;66;808;110;61;1,73;53,87;58,06;0;United Kingdom;Western Europe;"Intellect Ltd.";"2013-2025";"Social Sciences (miscellaneous) (Q2)";"Social Sciences"
346;21101393930;"Demographic Review";journal;"24092274";"National Research University Higher School of Economics (HSE University)";No;No;0,377;Q2;6;28;79;985;76;79;1,11;35,18;43,18;0;Russian Federation;Eastern Europe;"National Research University Higher School of Economics (HSE University)";"2024-2025";"Demography (Q2); Geography, Planning and Development (Q2); Social Sciences (miscellaneous) (Q2)";"Social Sciences"
347;21100972446;"International Journal of Sociology";journal;"15579336";"Taylor and Francis Ltd.";No;No;0,375;Q2;18;22;68;1403;116;65;1,36;63,77;46,51;0;United Kingdom;Western Europe;"Taylor and Francis Ltd.";"2001, 2016, 2019-2026";"Social Sciences (miscellaneous) (Q2)";"Social Sciences"
348;21100348975;"Studia Historica Slovenica";journal;"15808122";"Zgodovinsko Drustvo Dr. Franca Kovacica v Mariboru";No;No;0,375;Q2;12;20;65;979;58;65;0,81;48,95;40,00;0;Slovenia;Eastern Europe;"Zgodovinsko Drustvo Dr. Franca Kovacica v Mariboru";"2002-2003, 2006-2025";"History (Q1); Social Sciences (miscellaneous) (Q2)";"Arts and Humanities; Social Sciences"
349;21101051704;"Central Asian Affairs";journal;"22142290, 22142282";"Brill Academic Publishers";No;No;0,374;Q2;14;11;46;698;61;45;0,78;63,45;58,33;0;Netherlands;Western Europe;"Brill Academic Publishers";"2014-2025";"Political Science and International Relations (Q2); Social Sciences (miscellaneous) (Q2); Sociology and Political Science (Q2)";"Social Sciences"
350;21100208059;"Journal of International Political Theory";journal;"17551722, 17550882";"SAGE Publications Ltd";No;No;0,373;Q2;22;50;69;2354;84;68;1,00;47,08;40,82;0;United Kingdom;Western Europe;"SAGE Publications Ltd";"2008-2009, 2014-2026";"Social Sciences (miscellaneous) (Q2); Sociology and Political Science (Q2)";"Social Sciences"
351;21100941737;"Hawaii Journal of Health and Social Welfare";journal;"26415216, 26415224";"University Health Partners of Hawaii";No;No;0,372;Q2;38;39;189;939;233;166;1,42;24,08;65,44;0;United States;Northern America;"University Health Partners of Hawaii";"2019-2026";"Social Sciences (miscellaneous) (Q2); Health (social science) (Q3); Public Health, Environmental and Occupational Health (Q3)";"Medicine; Social Sciences"
352;22963;"Interdisciplinary Science Reviews";journal;"03080188, 17432790";"SAGE Publications Ltd";No;No;0,371;Q2;35;8;116;150;185;102;2,05;18,75;50,00;0;United Kingdom;Western Europe;"SAGE Publications Ltd";"1976-2025";"History and Philosophy of Science (Q1); Multidisciplinary (Q2); Social Sciences (miscellaneous) (Q2)";"Arts and Humanities; Multidisciplinary; Social Sciences"
353;21101388869;"Lex Social";journal;"21746419";"Universidad Pablo de Olavide";No;No;0,371;Q2;4;36;116;1607;43;103;0,39;44,64;40,00;0;Spain;Western Europe;"Universidad Pablo de Olavide";"2022-2025";"Law (Q2); Social Sciences (miscellaneous) (Q2); Sociology and Political Science (Q2)";"Social Sciences"
354;26436;"Social Science Japan Journal";journal;"13691465, 14682680";"Oxford University Press";No;No;0,371;Q2;29;25;39;1719;67;37;1,63;68,76;36,36;0;United Kingdom;Western Europe;"Oxford University Press";"1998-2026";"Social Sciences (miscellaneous) (Q2)";"Social Sciences"
355;21101170027;"Materia Socio-Medica";journal;"15127680, 1986597X";"";No;No;0,370;Q2;18;51;150;1319;231;148;1,30;25,86;51,04;0;Bosnia and Herzegovina;Eastern Europe;"";"2019-2025";"Economics, Econometrics and Finance (miscellaneous) (Q2); Social Sciences (miscellaneous) (Q2)";"Economics, Econometrics and Finance; Social Sciences"
356;21101100275;"Bestuur";journal;"27224708, 23023783";"Sebelas Maret University Faculty of Law";Yes;No;0,369;Q2;15;9;43;651;86;43;2,03;72,33;42,31;0;Indonesia;Asiatic Region;"Sebelas Maret University Faculty of Law";"2019-2025";"Law (Q2); Public Administration (Q2); Social Sciences (miscellaneous) (Q2); Management, Monitoring, Policy and Law (Q3)";"Environmental Science; Social Sciences"
357;21100208020;"Economics and Sociology";journal;"2071789X, 23063459";"Centre of Sociological Research";Yes;Yes;0,369;Q2;41;62;204;3517;529;203;2,74;56,73;57,30;0;Poland;Eastern Europe;"Centre of Sociological Research";"2008-2025";"Economics, Econometrics and Finance (miscellaneous) (Q2); Social Sciences (miscellaneous) (Q2); Sociology and Political Science (Q2); Business, Management and Accounting (miscellaneous) (Q3)";"Business, Management and Accounting; Economics, Econometrics and Finance; Social Sciences"
358;19500157802;"Asian Social Work and Policy Review";journal;"17531403, 17531411";"Wiley-Blackwell Publishing Ltd";No;No;0,367;Q2;23;16;76;809;104;75;1,15;50,56;40,00;0;Australia;Pacific Region;"Wiley-Blackwell Publishing Ltd";"2008-2026";"Social Sciences (miscellaneous) (Q2); Sociology and Political Science (Q2); Social Work (Q4)";"Social Sciences"
359;22363;"Periodica Polytechnica Social and Management Sciences";journal;"14163837, 15873803";"Budapest University of Technology and Economics";Yes;No;0,367;Q2;18;18;54;994;97;54;2,22;55,22;68,29;0;Hungary;Eastern Europe;"Budapest University of Technology and Economics";"1999-2026";"Engineering (miscellaneous) (Q2); Social Sciences (miscellaneous) (Q2); Decision Sciences (miscellaneous) (Q3); Strategy and Management (Q3)";"Business, Management and Accounting; Decision Sciences; Engineering; Social Sciences"
360;23241;"International Journal of Game Theory";journal;"14321270, 00207276";"Springer Verlag";No;No;0,361;Q2;51;48;128;1300;76;128;0,61;27,08;18,18;0;Germany;Western Europe;"Springer Verlag";"1971, 1973-2026";"Mathematics (miscellaneous) (Q2); Social Sciences (miscellaneous) (Q2); Economics and Econometrics (Q3); Statistics and Probability (Q3); Statistics, Probability and Uncertainty (Q3)";"Decision Sciences; Economics, Econometrics and Finance; Mathematics; Social Sciences"
361;21101257960;"Mobility Humanities";journal;"27998118, 27998509";"";No;No;0,361;Q2;5;22;58;1006;42;48;0,82;45,73;54,29;0;South Korea;Asiatic Region;"";"2022-2026";"Arts and Humanities (miscellaneous) (Q2); Geography, Planning and Development (Q2); Social Sciences (miscellaneous) (Q2)";"Arts and Humanities; Social Sciences"
362;21101089371;"Law, Technology and Humans";journal;"26524074";"Queensland University of Technology";Yes;Yes;0,359;Q2;11;35;74;2562;134;73;1,96;73,20;54,76;0;Australia;Pacific Region;"Queensland University of Technology";"2019-2025";"Computer Science (miscellaneous) (Q2); Information Systems and Management (Q2); Law (Q2); Social Sciences (miscellaneous) (Q2); Artificial Intelligence (Q3); Biotechnology (Q3); Computer Networks and Communications (Q3)";"Biochemistry, Genetics and Molecular Biology; Computer Science; Decision Sciences; Social Sciences"
363;21101284640;"Discover Global Society";journal;"27319687";"Springer Nature";Yes;No;0,356;Q2;8;179;129;11264;246;128;1,91;62,93;36,83;1;Netherlands;Western Europe;"Springer Nature";"2023-2026";"Anthropology (Q2); Gender Studies (Q2); Social Sciences (miscellaneous) (Q2); Sociology and Political Science (Q2)";"Social Sciences"
364;21100897202;"FWU Journal of Social Sciences";journal;"19951272";"Shaheed Benazir Bhutto Women University";No;No;0,356;Q2;11;48;126;2430;265;126;1,47;50,63;44,23;0;Pakistan;Asiatic Region;"Shaheed Benazir Bhutto Women University";"2018-2025";"History (Q1); Social Sciences (miscellaneous) (Q2); Sociology and Political Science (Q2); Education (Q3); Psychology (miscellaneous) (Q3)";"Arts and Humanities; Psychology; Social Sciences"
365;21101055930;"Open Education Studies";journal;"25447831";"Walter de Gruyter GmbH";Yes;No;0,356;Q2;13;50;126;3102;235;126;1,89;62,04;45,39;0;Poland;Eastern Europe;"Walter de Gruyter GmbH";"2019-2026";"Social Sciences (miscellaneous) (Q2); Developmental and Educational Psychology (Q3); Education (Q3)";"Psychology; Social Sciences"
366;21101122746;"Journal of Labor and Society";journal;"24714607";"Brill Academic Publishers";No;No;0,355;Q2;16;28;74;1857;67;71;0,67;66,32;12,20;0;Netherlands;Western Europe;"Brill Academic Publishers";"2017-2026";"Cultural Studies (Q1); History (Q1); Political Science and International Relations (Q2); Social Sciences (miscellaneous) (Q2); Sociology and Political Science (Q2); Economics and Econometrics (Q3)";"Arts and Humanities; Economics, Econometrics and Finance; Social Sciences"
367;21101154265;"African Human Mobility Review";journal;"24107972, 24116955";"University of the Western Cape";Yes;Yes;0,354;Q2;7;18;56;774;64;49;0,90;43,00;31,25;1;South Africa;Africa;"University of the Western Cape";"2019-2025";"Law (Q2); Social Sciences (miscellaneous) (Q2); Sociology and Political Science (Q2); Development (Q3)";"Social Sciences"
368;21101086731;"Global Perspectives";journal;"25757350";"University of California Press";No;No;0,354;Q2;15;21;137;1160;171;134;1,09;55,24;40,74;0;United States;Northern America;"University of California Press";"2020-2026";"Communication (Q2); Social Sciences (miscellaneous) (Q2); Sociology and Political Science (Q2)";"Social Sciences"
369;21101230594;"Human-Animal Interactions";journal;"29579538";"CABI International";Yes;No;0,354;Q2;7;57;114;2913;224;100;1,99;51,11;76,54;0;United Kingdom;Western Europe;"CABI International";"2022-2025";"Social Sciences (miscellaneous) (Q2); Veterinary (miscellaneous) (Q2); Applied Psychology (Q3); Psychology (miscellaneous) (Q3)";"Psychology; Social Sciences; Veterinary"
370;21100440523;"Interaction Design and Architecture(s)";journal;"18269745, 22832998";"ASLERD";Yes;Yes;0,354;Q2;22;10;123;705;157;122;1,05;70,50;52,38;0;Italy;Western Europe;"ASLERD";"2007, 2011-2026";"Architecture (Q1); Media Technology (Q2); Multidisciplinary (Q2); Social Sciences (miscellaneous) (Q2); Computer Science Applications (Q3); Education (Q3); Human-Computer Interaction (Q3); Pharmacology (Q3)";"Computer Science; Engineering; Multidisciplinary; Pharmacology, Toxicology and Pharmaceutics; Social Sciences"
371;4700152783;"Journal of Couple and Relationship Therapy";journal;"15332683, 15332691";"Routledge";No;No;0,354;Q2;31;21;58;1062;84;57;1,31;50,57;58,90;0;United States;Northern America;"Routledge";"2002-2026";"Gender Studies (Q2); Social Sciences (miscellaneous) (Q2); Applied Psychology (Q3); Social Psychology (Q3)";"Psychology; Social Sciences"
372;21100401254;"Western Pacific Surveillance and Response Journal : WPSAR";journal;"20947313, 20947321";"World Health Organization";Yes;Yes;0,352;Q2;25;45;139;588;140;124;1,11;13,07;53,27;0;Philippines;Asiatic Region;"World Health Organization";"2013-2026";"Social Sciences (miscellaneous) (Q2); Health (social science) (Q3); Infectious Diseases (Q3); Public Health, Environmental and Occupational Health (Q3)";"Medicine; Social Sciences"
373;21101045282;"Acta Innovations";journal;"23005599";"Rotherham Academic Press Ltd";Yes;No;0,351;Q2;17;23;80;961;183;80;2,62;41,78;32,84;0;United Kingdom;Western Europe;"Rotherham Academic Press Ltd";"2013-2025";"Engineering (miscellaneous) (Q2); Social Sciences (miscellaneous) (Q2); Education (Q3); Energy (miscellaneous) (Q3); Environmental Engineering (Q3); Management of Technology and Innovation (Q3); Medicine (miscellaneous) (Q3); Public Health, Environmental and Occupational Health (Q3); Renewable Energy, Sustainability and the Environment (Q3)";"Business, Management and Accounting; Energy; Engineering; Environmental Science; Medicine; Social Sciences"
374;21101121576;"South African Journal of Agricultural Extension";journal;"24133221, 0301603X";"";Yes;No;0,350;Q2;19;59;111;2540;193;111;1,62;43,05;26,47;0;South Africa;Africa;"";"1998-2009, 2011-2026";"Agricultural and Biological Sciences (miscellaneous) (Q2); Social Sciences (miscellaneous) (Q2)";"Agricultural and Biological Sciences; Social Sciences"
375;21101181970;"Yustisia";journal;"08520941, 25490907";"Sebelas Maret University Faculty of Law";Yes;No;0,348;Q2;4;18;50;927;71;50;1,40;51,50;40,74;0;Indonesia;Asiatic Region;"Sebelas Maret University Faculty of Law";"2022-2025";"Law (Q2); Political Science and International Relations (Q2); Social Sciences (miscellaneous) (Q2); Health (social science) (Q3); Management, Monitoring, Policy and Law (Q3)";"Environmental Science; Social Sciences"
376;19349;"Journal of Mathematical Sociology";journal;"15455874, 0022250X";"Taylor and Francis Ltd.";No;No;0,347;Q2;39;13;43;729;68;42;1,29;56,08;18,75;0;United Kingdom;Western Europe;"Taylor and Francis Ltd.";"1971-2026";"Social Sciences (miscellaneous) (Q2); Sociology and Political Science (Q2); Algebra and Number Theory (Q3)";"Mathematics; Social Sciences"
377;21101039227;"Arktika: Ekologia i Ekonomika";journal;"22234594";"Nuclear Safety Institute of the Russian Academy of Sciences";Yes;Yes;0,346;Q2;12;52;151;1382;137;151;0,98;26,58;47,55;0;Russian Federation;Eastern Europe;"Nuclear Safety Institute of the Russian Academy of Sciences";"2020-2025";"Geography, Planning and Development (Q2); Social Sciences (miscellaneous) (Q2); Earth and Planetary Sciences (miscellaneous) (Q3); Earth-Surface Processes (Q3); Ecology (Q3); Environmental Science (miscellaneous) (Q3)";"Earth and Planetary Sciences; Environmental Science; Social Sciences"
378;16707;"Journal of Family Therapy";journal;"14676427, 01634445";"Wiley-Blackwell Publishing Ltd";No;No;0,346;Q2;55;30;99;1750;129;87;0,98;58,33;55,22;1;United Kingdom;Western Europe;"Wiley-Blackwell Publishing Ltd";"1979-2026";"Social Sciences (miscellaneous) (Q2); Clinical Psychology (Q3); Social Psychology (Q3)";"Psychology; Social Sciences"
379;25953;"Dados";journal;"16784588, 00115258";"Instituto de Estudos Sociais e Politicos (IESP), UERJ";Yes;Yes;0,344;Q2;34;68;92;4441;73;91;1,02;65,31;32,08;5;Brazil;Latin America;"Instituto de Estudos Sociais e Politicos (IESP), UERJ";"1996-2025";"Social Sciences (miscellaneous) (Q2)";"Social Sciences"
380;21100420104;"Voluntary Sector Review";journal;"20408056, 20408064";"Policy Press";No;No;0,342;Q2;20;17;97;999;131;93;1,36;58,76;52,08;0;United Kingdom;Western Europe;"Policy Press";"2015-2025";"Social Sciences (miscellaneous) (Q2)";"Social Sciences"
381;21101162892;"Petita: Jurnal Kajian Ilmu Hukum dan Syariah";journal;"25028006, 25498274";"Lembaga Kajian Konstitusi Indonesia (LKKI), Fakultas Syariah dan Hukum, Universitas Islam Negeri Ar-Raniry";No;No;0,340;Q2;9;51;70;3960;258;66;3,69;77,65;27,27;0;Indonesia;Asiatic Region;"Lembaga Kajian Konstitusi Indonesia (LKKI), Fakultas Syariah dan Hukum, Universitas Islam Negeri Ar-Raniry";"2023-2025";"Religious Studies (Q1); Arts and Humanities (miscellaneous) (Q2); Law (Q2); Social Sciences (miscellaneous) (Q2)";"Arts and Humanities; Social Sciences"
382;21100940999;"Revista Latinoamericana de Ciencias Sociales, Ninez y Juventud";journal;"20277679, 1692715X";"Revista Latinoamericana de Ciencias Sociales";Yes;Yes;0,340;Q2;11;49;174;2662;152;172;0,75;54,33;58,27;0;Colombia;Latin America;"Revista Latinoamericana de Ciencias Sociales";"2019-2025";"Social Sciences (miscellaneous) (Q2); Developmental and Educational Psychology (Q3)";"Psychology; Social Sciences"
383;18083;"Sociological Focus";journal;"00380237, 21621128";"Taylor and Francis Inc.";No;No;0,340;Q2;36;34;89;2809;101;88;0,98;82,62;50,72;0;United States;Northern America;"Taylor and Francis Inc.";"1970-1984, 1987-2013, 2015-2026";"Social Sciences (miscellaneous) (Q2); Psychology (miscellaneous) (Q3)";"Psychology; Social Sciences"
384;21101254043;"Studies in Science of Science";journal;"10032053";"";No;No;0,340;Q2;16;166;678;4653;662;678;0,87;28,03;42,96;0;China;Asiatic Region;"";"2021-2025";"Social Sciences (miscellaneous) (Q2)";"Social Sciences"
385;21101021437;"Advances in Social Work";journal;"23314125, 15278565";"Indiana University School of Social Work";Yes;Yes;0,339;Q2;17;42;137;2176;162;127;0,60;51,81;71,43;0;United States;Northern America;"Indiana University School of Social Work";"2015, 2019-2025";"Social Sciences (miscellaneous) (Q2); Sociology and Political Science (Q2); Education (Q3)";"Social Sciences"
386;21101149930;"Bialostockie Studia Prawnicze";journal;"16897404, 27199452";"Sciendo";Yes;Yes;0,337;Q2;5;60;124;2815;94;124;0,76;46,92;49,49;0;Poland;Eastern Europe;"Sciendo";"2023-2025";"Law (Q2); Political Science and International Relations (Q2); Social Sciences (miscellaneous) (Q2); Public Administration (Q3)";"Social Sciences"
387;21100248874;"Dilemas";journal;"19835922, 21782792";"Universidade Federal do Rio de Janeiro";Yes;Yes;0,334;Q2;14;45;149;2312;64;147;0,18;51,38;43,33;0;Brazil;Latin America;"Universidade Federal do Rio de Janeiro";"2013-2025";"Law (Q2); Pharmacology, Toxicology and Pharmaceutics (miscellaneous) (Q2); Social Sciences (miscellaneous) (Q2); Sociology and Political Science (Q2)";"Pharmacology, Toxicology and Pharmaceutics; Social Sciences"
388;12043;"Interchange";journal;"15731790, 08264805";"Springer Netherlands";No;No;0,334;Q2;26;17;84;605;153;84;1,71;35,59;53,85;0;Netherlands;Western Europe;"Springer Netherlands";"1970-2003, 2005-2026";"Arts and Humanities (miscellaneous) (Q2); Law (Q2); Social Sciences (miscellaneous) (Q2); Education (Q3)";"Arts and Humanities; Social Sciences"
389;15347;"International Review of Social History";journal;"1469512X, 00208590";"Cambridge University Press";No;No;0,334;Q2;41;30;105;2201;87;101;0,67;73,37;35,29;0;United Kingdom;Western Europe;"Cambridge University Press";"1956-2026";"History (Q1); Social Sciences (miscellaneous) (Q2)";"Arts and Humanities; Social Sciences"
390;21100199108;"Contemporary Economics";journal;"23008814, 20840845";"VIZJA University";Yes;No;0,333;Q2;27;28;86;1675;172;86;2,07;59,82;45,07;0;Poland;Eastern Europe;"VIZJA University";"2011-2025";"Economics, Econometrics and Finance (miscellaneous) (Q2); Social Sciences (miscellaneous) (Q2); Accounting (Q3); Business and International Management (Q3); Business, Management and Accounting (miscellaneous) (Q3); Finance (Q3)";"Business, Management and Accounting; Economics, Econometrics and Finance; Social Sciences"
391;21101046171;"Agraris";journal;"25279238, 2407814X";"Department of Agribusiness, Universitas Muhammadiyah Yogyakarta";Yes;No;0,332;Q2;10;19;51;1051;89;51;1,76;55,32;40,00;0;Indonesia;Asiatic Region;"Department of Agribusiness, Universitas Muhammadiyah Yogyakarta";"2019-2025";"Agricultural and Biological Sciences (miscellaneous) (Q2); Social Sciences (miscellaneous) (Q2); Economics and Econometrics (Q3)";"Agricultural and Biological Sciences; Economics, Econometrics and Finance; Social Sciences"
392;26731;"History of the Family";journal;"1081602X";"Taylor and Francis Ltd.";No;No;0,332;Q2;33;50;97;3305;111;88;1,00;66,10;47,76;0;United Kingdom;Western Europe;"Taylor and Francis Ltd.";"1996-2026";"History (Q1); Social Sciences (miscellaneous) (Q2); Sociology and Political Science (Q2)";"Arts and Humanities; Social Sciences"
393;12840;"Child and Family Behavior Therapy";journal;"1545228X, 07317107";"Taylor and Francis Ltd.";No;No;0,331;Q2;38;24;53;1742;57;53;1,14;72,58;68,60;0;United States;Northern America;"Taylor and Francis Ltd.";"1983-2026";"Social Sciences (miscellaneous) (Q2); Clinical Psychology (Q3)";"Psychology; Social Sciences"
394;23067;"Media Asia";journal;"23776277, 01296612";"Routledge";No;No;0,328;Q2;17;88;135;3357;142;108;1,04;38,15;52,81;0;United Kingdom;Western Europe;"Routledge";"1974-2026";"Communication (Q2); Linguistics and Language (Q2); Social Sciences (miscellaneous) (Q2)";"Social Sciences"
395;26918;"Negotiation Journal";journal;"15719979, 07484526";"MIT Press";No;No;0,328;Q2;42;18;62;587;74;48;1,48;32,61;45,00;0;United States;Northern America;"MIT Press";"1985-2025";"Social Sciences (miscellaneous) (Q2); Management of Technology and Innovation (Q3); Strategy and Management (Q3)";"Business, Management and Accounting; Social Sciences"
396;21101174182;"Critical Gambling Studies";journal;"2563190X";"University of Alberta Library";Yes;Yes;0,327;Q2;6;5;52;214;37;36;0,69;42,80;62,50;0;Canada;Northern America;"University of Alberta Library";"2020-2025";"Arts and Humanities (miscellaneous) (Q2); Social Sciences (miscellaneous) (Q2)";"Arts and Humanities; Social Sciences"
397;17600155208;"Journal of South Asian Development";journal;"09731741, 09731733";"Sage Publications India Pvt. Ltd";No;No;0,327;Q2;22;15;50;1034;93;49;2,00;68,93;26,09;1;India;Asiatic Region;"Sage Publications India Pvt. Ltd";"2006-2007, 2009-2026";"History (Q1); Economics, Econometrics and Finance (miscellaneous) (Q2); Social Sciences (miscellaneous) (Q2); Business and International Management (Q3); Development (Q3)";"Arts and Humanities; Business, Management and Accounting; Economics, Econometrics and Finance; Social Sciences"
398;21101039805;"Sriwijaya Law Review";journal;"25416464, 25415298";"Sriwijaya University";Yes;Yes;0,326;Q2;11;21;67;1223;109;67;1,69;58,24;38,46;0;Indonesia;Asiatic Region;"Sriwijaya University";"2017-2025";"Law (Q2); Social Sciences (miscellaneous) (Q2); Sociology and Political Science (Q2)";"Social Sciences"
399;15341;"International Journal of the History of Sport";journal;"09523367, 17439035";"Routledge";No;No;0,324;Q2;33;102;249;4773;148;239;0,45;46,79;32,24;0;United Kingdom;Western Europe;"Routledge";"1984-1995, 2000-2002, 2010-2026";"History (Q1); Social Sciences (miscellaneous) (Q2); Sports Science (Q4)";"Arts and Humanities; Health Professions; Social Sciences"
400;14000156195;"Journal of Applied Social Science";journal;"19370245, 19367244";"SAGE Publications Inc.";No;No;0,324;Q2;18;29;83;1662;113;83;1,60;57,31;45,31;0;United States;Northern America;"SAGE Publications Inc.";"2003-2026";"Social Sciences (miscellaneous) (Q2)";"Social Sciences"
401;4500151513;"Narrative Inquiry";journal;"15699935, 13876740";"John Benjamins Publishing Company";No;No;0,323;Q2;57;20;58;1002;67;55;1,39;50,10;62,50;0;Netherlands;Western Europe;"John Benjamins Publishing Company";"1998-2026";"History (Q1); Literature and Literary Theory (Q1); Social Sciences (miscellaneous) (Q2); Education (Q3)";"Arts and Humanities; Social Sciences"
402;21101232819;"World Food Policy";journal;"23728639";"John Wiley and Sons Inc";No;No;0,323;Q2;10;16;37;822;74;35;2,30;51,38;37,14;0;United States;Northern America;"John Wiley and Sons Inc";"2014-2026";"Agricultural and Biological Sciences (miscellaneous) (Q2); Political Science and International Relations (Q2); Social Sciences (miscellaneous) (Q2); Food Science (Q3)";"Agricultural and Biological Sciences; Social Sciences"
403;21101298940;"Culture, Practice and Europeanization";journal;"25667742";"Nomos Verlagsgesellschaft mbH und Co KG";Yes;No;0,322;Q2;9;16;45;894;64;36;0,70;55,88;47,83;0;Germany;Western Europe;"Nomos Verlagsgesellschaft mbH und Co KG";"2017-2025";"Political Science and International Relations (Q2); Social Sciences (miscellaneous) (Q2); Sociology and Political Science (Q2)";"Social Sciences"
404;21101361220;"Journal of Awareness-Based Systems Change";journal;"27676013, 27676021";"Presencing Institute";Yes;No;0,321;Q2;9;16;58;763;69;52;0,98;47,69;69,57;0;United States;Northern America;"Presencing Institute";"2021-2025";"Social Sciences (miscellaneous) (Q2); Education (Q3)";"Social Sciences"
405;21101071123;"Knowledge and Performance Management";journal;"26163829, 25435507";"LLC CPC Business Perspectives";Yes;No;0,320;Q2;10;30;43;1402;128;43;2,76;46,73;51,72;0;Ukraine;Eastern Europe;"LLC CPC Business Perspectives";"2019-2026";"Information Systems and Management (Q2); Law (Q2); Social Sciences (miscellaneous) (Q2); Business, Management and Accounting (miscellaneous) (Q3); Economics and Econometrics (Q3); Management of Technology and Innovation (Q3); Marketing (Q3); Organizational Behavior and Human Resource Management (Q3); Strategy and Management (Q3)";"Business, Management and Accounting; Decision Sciences; Economics, Econometrics and Finance; Social Sciences"
406;21101267701;"Journal of Sistan and Baluchistan Studies";journal;"28210808";"University of Zabol";No;No;0,319;Q2;5;12;36;620;32;36;0,83;51,67;28,57;0;Iran;Middle East;"University of Zabol";"2021-2026";"Cultural Studies (Q1); History (Q1); Linguistics and Language (Q2); Social Sciences (miscellaneous) (Q2)";"Arts and Humanities; Social Sciences"
407;21101045770;"Nordic Journal of Studies in Policing";journal;"27037045";"Scandinavian University Press";Yes;Yes;0,319;Q2;6;12;29;674;34;29;1,25;56,17;72,73;0;Norway;Western Europe;"Scandinavian University Press";"2020-2025";"Law (Q2); Social Sciences (miscellaneous) (Q2); Sociology and Political Science (Q2); Education (Q3)";"Social Sciences"
408;7200153157;"International Journal of Children's Rights";journal;"15718182, 09275568";"Martinus Nijhoff Publishers";No;No;0,318;Q2;47;38;111;2082;133;103;0,91;54,79;65,63;0;Netherlands;Western Europe;"Martinus Nijhoff Publishers";"1993-2025";"Political Science and International Relations (Q2); Social Sciences (miscellaneous) (Q2); Sociology and Political Science (Q2)";"Social Sciences"
409;21101168863;"Malaysian Journal of Syariah and Law";journal;"19857454, 25904396";"Faculty of Syariah and Law, Islamic Science University of Malaysia (USIM)";Yes;No;0,318;Q2;8;47;109;2567;160;103;1,63;54,62;39,34;0;Malaysia;Asiatic Region;"Faculty of Syariah and Law, Islamic Science University of Malaysia (USIM)";"2019-2025";"Religious Studies (Q1); Law (Q2); Political Science and International Relations (Q2); Social Sciences (miscellaneous) (Q2)";"Arts and Humanities; Social Sciences"
410;25237;"Philosophy of the Social Sciences";journal;"15527441, 00483931";"SAGE Publications Inc.";No;No;0,318;Q2;45;30;77;1445;65;76;0,90;48,17;22,22;0;United States;Northern America;"SAGE Publications Inc.";"1971-2026";"Philosophy (Q1); Social Sciences (miscellaneous) (Q2)";"Arts and Humanities; Social Sciences"
411;21101022444;"Aerospace Systems";journal;"25233955";"";No;No;0,315;Q2;15;132;188;4579;349;187;1,90;34,69;27,76;0;Singapore;Asiatic Region;"";"2018-2026";"Social Sciences (miscellaneous) (Q2); Aerospace Engineering (Q3); Computers in Earth Sciences (Q3); Control and Systems Engineering (Q3); Mechanical Engineering (Q3); Space and Planetary Science (Q3)";"Earth and Planetary Sciences; Engineering; Social Sciences"
412;5600152899;"Revista de Ciencias Sociales";journal;"13159518";"Universidad del Zulia";Yes;Yes;0,314;Q2;29;234;610;10126;998;595;1,42;43,27;44,46;0;Venezuela;Latin America;"Universidad del Zulia";"2007-2025";"Social Sciences (miscellaneous) (Q2); Public Administration (Q3)";"Social Sciences"
413;21101317179;"Humans";journal;"26739461";"Multidisciplinary Digital Publishing Institute (MDPI)";Yes;No;0,313;Q2;7;34;68;2467;113;65;1,80;72,56;50,60;0;Switzerland;Western Europe;"Multidisciplinary Digital Publishing Institute (MDPI)";"2021-2025";"Anthropology (Q2); Archeology (Q2); Archeology (arts and humanities) (Q2); Social Sciences (miscellaneous) (Q2)";"Arts and Humanities; Social Sciences"
414;21100924767;"Fudan Journal of the Humanities and Social Sciences";journal;"16740750, 21982600";"Springer Verlag";No;No;0,311;Q2;21;43;79;3042;145;79;1,69;70,74;32,91;0;Germany;Western Europe;"Springer Verlag";"2014-2026";"Arts and Humanities (miscellaneous) (Q2); Social Sciences (miscellaneous) (Q2)";"Arts and Humanities; Social Sciences"
415;21101039844;"International Journal of Men's Social and Community Health";journal;"25619179";"University of Toronto Press";Yes;No;0,311;Q2;10;10;21;547;28;19;0,86;54,70;41,46;0;Canada;Northern America;"University of Toronto Press";"2018-2025";"Gender Studies (Q2); Social Sciences (miscellaneous) (Q2); Health (social science) (Q3)";"Social Sciences"
416;3300147702;"Journal of Progressive Human Services";journal;"10428232, 15407616";"Routledge";No;No;0,310;Q2;30;55;50;1985;63;40;0,92;36,09;63,86;0;United States;Northern America;"Routledge";"1987, 1990-2026";"Social Sciences (miscellaneous) (Q2); Sociology and Political Science (Q2)";"Social Sciences"
417;27217;"International Social Science Journal";journal;"00208701, 14682451";"Wiley-Blackwell Publishing Ltd";No;No;0,309;Q2;59;76;198;5226;359;196;1,67;68,76;36,84;0;United Kingdom;Western Europe;"Wiley-Blackwell Publishing Ltd";"1973-1975, 1978-2006, 2008-2014, 2016-2026";"Social Sciences (miscellaneous) (Q2)";"Social Sciences"
418;5600152911;"Irish Journal of Sociology";journal;"20505280, 07916035";"SAGE Publications Ltd";No;No;0,308;Q2;25;21;62;1018;94;55;1,72;48,48;83,78;0;United Kingdom;Western Europe;"SAGE Publications Ltd";"1996-2007, 2009-2026";"Social Sciences (miscellaneous) (Q2)";"Social Sciences"
419;21101037316;"European Journal of Human Movement";journal;"23864095";"Miguel Hernandez University";Yes;Yes;0,307;Q2;10;0;64;0;79;58;1,00;0,00;0,00;0;Spain;Western Europe;"Miguel Hernandez University";"2019-2024";"Social Sciences (miscellaneous) (Q2); Health (social science) (Q3); Physical Therapy, Sports Therapy and Rehabilitation (Q3)";"Health Professions; Social Sciences"
420;21101072213;"Diplomatica";journal;"25891774, 25891766";"Brill Academic Publishers";No;No;0,306;Q2;10;20;41;1367;55;37;1,32;68,35;55,17;0;Netherlands;Western Europe;"Brill Academic Publishers";"2019-2025";"History (Q1); Political Science and International Relations (Q2); Social Sciences (miscellaneous) (Q2)";"Arts and Humanities; Social Sciences"
421;19700170105;"Problems and Perspectives in Management";journal;"17277051, 18105467";"LLC CPC Business Perspectives";Yes;No;0,306;Q2;40;225;637;11352;1428;637;2,42;50,45;50,15;0;Ukraine;Eastern Europe;"LLC CPC Business Perspectives";"2003-2026";"Information Systems and Management (Q2); Law (Q2); Social Sciences (miscellaneous) (Q2); Sociology and Political Science (Q2); Business and International Management (Q3); Business, Management and Accounting (miscellaneous) (Q3); Public Administration (Q3); Strategy and Management (Q3)";"Business, Management and Accounting; Decision Sciences; Social Sciences"
422;21100226416;"Cauriensia";journal;"23404256, 18864945";"Universidad de Extremadura";Yes;Yes;0,305;Q2;9;59;166;2163;56;165;0,32;36,66;30,77;0;Spain;Western Europe;"Universidad de Extremadura";"2012-2025";"Philosophy (Q1); Religious Studies (Q1); Arts and Humanities (miscellaneous) (Q2); Social Sciences (miscellaneous) (Q2)";"Arts and Humanities; Social Sciences"
423;21100775412;"Foresight and STI Governance";journal;"23129972, 25002597";"National Research University Higher School of Economics (HSE University)";Yes;Yes;0,304;Q2;31;30;87;1677;142;86;1,63;55,90;33,78;0;Russian Federation;Eastern Europe;"National Research University Higher School of Economics (HSE University)";"2015-2025";"Economics, Econometrics and Finance (miscellaneous) (Q2); History and Philosophy of Science (Q2); Social Sciences (miscellaneous) (Q2); Business and International Management (Q3); Business, Management and Accounting (miscellaneous) (Q3); Decision Sciences (miscellaneous) (Q3); Development (Q3); Management of Technology and Innovation (Q3); Statistics, Probability and Uncertainty (Q3); Strategy and Management (Q3)";"Arts and Humanities; Business, Management and Accounting; Decision Sciences; Economics, Econometrics and Finance; Social Sciences"
424;21101056927;"Spatial Economics";journal;"25875957, 18159834";"Economic Research Institute, Far Eastern Branch, Russian Academy of Sciences";Yes;Yes;0,303;Q2;8;33;101;878;56;101;0,55;26,61;59,09;0;Russian Federation;Eastern Europe;"Economic Research Institute, Far Eastern Branch, Russian Academy of Sciences";"2019-2025";"Economics, Econometrics and Finance (miscellaneous) (Q2); Social Sciences (miscellaneous) (Q2); Business and International Management (Q3)";"Business, Management and Accounting; Economics, Econometrics and Finance; Social Sciences"
425;5600155211;"Historia Critica";journal;"19006152, 01211617";"Universidad de los Andes, Colombia";Yes;Yes;0,302;Q2;15;23;67;1057;32;67;0,62;45,96;46,67;0;Colombia;Latin America;"Universidad de los Andes, Colombia";"2002-2025";"Cultural Studies (Q1); History (Q1); Social Sciences (miscellaneous) (Q2); Geography, Planning and Development (Q3)";"Arts and Humanities; Social Sciences"
426;21101075508;"Journal of Applied Youth Studies";journal;"22049207, 22049193";"Springer Nature";No;No;0,302;Q2;14;53;67;2988;108;57;1,60;56,38;61,29;1;Singapore;Asiatic Region;"Springer Nature";"2020-2026";"Cultural Studies (Q1); Anthropology (Q2); Social Sciences (miscellaneous) (Q2); Sociology and Political Science (Q2); Education (Q3)";"Social Sciences"
427;21101044834;"Iconos";journal;"13901249, 13908065";"FLACSO Ecuador";Yes;Yes;0,301;Q2;9;33;99;1415;74;93;0,50;42,88;58,33;0;Ecuador;Latin America;"FLACSO Ecuador";"2019-2026";"Anthropology (Q2); Gender Studies (Q2); Social Sciences (miscellaneous) (Q2); Sociology and Political Science (Q2)";"Social Sciences"
428;21101316723;"International Journal of Sport Studies for Health";journal;"25885782";"KMAN Publication Inc.";No;No;0,301;Q2;8;40;70;1548;93;68;1,54;38,70;41,94;0;Canada;Northern America;"KMAN Publication Inc.";"2021-2026";"Social Sciences (miscellaneous) (Q2); Orthopedics and Sports Medicine (Q3); Physical Therapy, Sports Therapy and Rehabilitation (Q3)";"Health Professions; Medicine; Social Sciences"
429;21101089566;"Sexuality, Gender and Policy";journal;"26395355";"John Wiley and Sons Inc";No;No;0,300;Q2;7;39;57;1553;61;48;0,96;39,82;36,67;0;United States;Northern America;"John Wiley and Sons Inc";"2017, 2019-2026";"Cultural Studies (Q1); Gender Studies (Q2); Political Science and International Relations (Q2); Social Sciences (miscellaneous) (Q2)";"Social Sciences"
430;21101214489;"Modern Economic Science";journal;"10022848";"";No;No;0,299;Q2;9;57;179;1754;148;179;0,96;30,77;36,84;0;China;Asiatic Region;"";"2020-2025";"Economics, Econometrics and Finance (miscellaneous) (Q2); Social Sciences (miscellaneous) (Q2)";"Economics, Econometrics and Finance; Social Sciences"
431;25698;"World Affairs";journal;"19401582, 00438200";"John Wiley and Sons Inc";No;No;0,298;Q2;22;65;118;3875;128;96;1,17;59,62;25,00;0;United States;Northern America;"John Wiley and Sons Inc";"1988-1990, 1992-2026";"Social Sciences (miscellaneous) (Q2)";"Social Sciences"
432;7100153137;"Transformations in Business and Economics";journal;"16484460";"Vilnius University Press";Yes;No;0,297;Q2;32;80;298;4673;426;286;1,49;58,41;51,03;0;Lithuania;Eastern Europe;"Vilnius University Press";"2006-2025";"Political Science and International Relations (Q2); Social Sciences (miscellaneous) (Q2); Business and International Management (Q3); Economics and Econometrics (Q3); Marketing (Q3)";"Business, Management and Accounting; Economics, Econometrics and Finance; Social Sciences"
433;21100927369;"Apuntes";journal;"22231757, 02521865";"Universidad del Pacifico Press";Yes;Yes;0,296;Q2;7;17;58;1035;53;55;0,79;60,88;43,75;0;Peru;Latin America;"Universidad del Pacifico Press";"2019-2026";"Social Sciences (miscellaneous) (Q2); Economics, Econometrics and Finance (miscellaneous) (Q3)";"Economics, Econometrics and Finance; Social Sciences"
434;21101254987;"Jurnal Ilmiah Al-Syir'ah";journal;"16934202, 25280368";"";No;No;0,296;Q2;7;20;56;1069;63;56;1,25;53,45;24,14;0;Indonesia;Asiatic Region;"";"2020-2025";"Cultural Studies (Q1); Religious Studies (Q1); Law (Q2); Social Sciences (miscellaneous) (Q2)";"Arts and Humanities; Social Sciences"
435;5600155285;"Parameters";journal;"00311723, 21582106";"United States Army War College";No;No;0,296;Q2;7;37;130;1126;88;112;0,62;30,43;11,32;2;United States;Northern America;"United States Army War College";"1982, 2019-2025";"Cultural Studies (Q1); History (Q1); Political Science and International Relations (Q2); Social Sciences (miscellaneous) (Q2); Sociology and Political Science (Q2); Safety Research (Q3)";"Arts and Humanities; Social Sciences"
436;19700171003;"China: An International Journal";journal;"02197472";"Centre for Medical Education (CenMed) Yong Loo Lin School of Medicine National University of Singapore";No;No;0,295;Q2;21;34;115;2027;97;105;0,74;59,62;52,38;0;Singapore;Asiatic Region;"Centre for Medical Education (CenMed) Yong Loo Lin School of Medicine National University of Singapore";"2008-2025";"Social Sciences (miscellaneous) (Q2); Business and International Management (Q3); Economics and Econometrics (Q3)";"Business, Management and Accounting; Economics, Econometrics and Finance; Social Sciences"
437;5000154001;"Bijdragen tot de Taal-, Land- en Volkenkunde";journal;"22134379, 00062294";"Brill Academic Publishers";Yes;Yes;0,294;Q2;21;19;37;431;44;35;1,14;22,68;46,15;0;Netherlands;Western Europe;"Brill Academic Publishers";"1993, 2005-2025";"Cultural Studies (Q1); Anthropology (Q2); Linguistics and Language (Q2); Social Sciences (miscellaneous) (Q2)";"Social Sciences"
438;20835;"Technical Communication";journal;"00493155";"Society for Technical Communication";No;No;0,294;Q2;41;0;72;0;121;57;1,15;0,00;0,00;0;United States;Northern America;"Society for Technical Communication";"1973-1985, 1987-1988, 1996-2024";"Communication (Q2); Social Sciences (miscellaneous) (Q2)";"Social Sciences"
439;5600152867;"Historical Social Research";journal;"01726404";"GESIS - Leibniz Institute for the Social Sciences";No;No;0,293;Q2;38;49;147;3360;140;147;0,70;68,57;41,94;0;Germany;Western Europe;"GESIS - Leibniz Institute for the Social Sciences";"2006-2025";"History (Q1); Social Sciences (miscellaneous) (Q2); Sociology and Political Science (Q2)";"Arts and Humanities; Social Sciences"
440;21100846015;"Indian Journal of Extension Education";journal;"05371996, 2454552X";"Indian Society of Extension Education";No;No;0,293;Q2;9;114;238;2545;381;224;1,60;22,32;33,75;0;India;Asiatic Region;"Indian Society of Extension Education";"1981-1982, 2023-2026";"Communication (Q2); Social Sciences (miscellaneous) (Q2); Development (Q3)";"Social Sciences"
441;4700152739;"Child and Youth Services";journal;"15452298, 0145935X";"Routledge";No;No;0,292;Q2;26;84;89;5445;123;85;1,33;64,82;70,50;0;United States;Northern America;"Routledge";"1977-1983, 1985-1991, 1993-1994, 1997-1999, 2001, 2004-2026";"Social Sciences (miscellaneous) (Q2); Health (social science) (Q3)";"Social Sciences"
442;21100793178;"Psicoperspectivas";journal;"07186924";"Pontificia Universidad Catolica de Valparaiso";Yes;Yes;0,292;Q2;27;21;100;891;84;90;0,65;42,43;47,37;0;Chile;Latin America;"Pontificia Universidad Catolica de Valparaiso";"2006-2025";"Social Sciences (miscellaneous) (Q2); Psychology (miscellaneous) (Q3)";"Psychology; Social Sciences"
443;21101264428;"Journal of Culture and Values in Education";journal;"2590342X";"OpenED Network";Yes;No;0,290;Q2;9;36;109;1925;186;108;1,81;53,47;61,36;0;Turkey;Middle East;"OpenED Network";"2020, 2022-2025";"Cultural Studies (Q1); Linguistics and Language (Q2); Social Sciences (miscellaneous) (Q2); Education (Q3)";"Social Sciences"
444;21100264820;"Prisma Social";journal;"19893469";"Fundacion para la Investigacion Social Avanzada";Yes;No;0,290;Q2;17;65;163;2805;146;152;0,78;43,15;51,56;0;Spain;Western Europe;"Fundacion para la Investigacion Social Avanzada";"2013-2026";"Communication (Q2); Social Sciences (miscellaneous) (Q2); Education (Q3)";"Social Sciences"
445;21101090700;"Journal of Higher Education Policy and Leadership Studies";journal;"27171426";"";Yes;Yes;0,288;Q2;11;45;134;1893;143;110;0,78;42,07;58,43;0;Iran;Middle East;"";"2020-2025";"Social Sciences (miscellaneous) (Q2); Education (Q3); Public Administration (Q3); Strategy and Management (Q3)";"Business, Management and Accounting; Social Sciences"
446;26800;"Pomorstvo";journal;"13320718";"University of Rijeka, Faculty of Maritime Studies Rijeka";Yes;Yes;0,288;Q2;18;25;90;1231;145;90;1,51;49,24;17,39;1;Croatia;Eastern Europe;"University of Rijeka, Faculty of Maritime Studies Rijeka";"2001-2026";"Social Sciences (miscellaneous) (Q2); Engineering (miscellaneous) (Q3); Geography, Planning and Development (Q3); Ocean Engineering (Q3)";"Engineering; Social Sciences"
447;21101081508;"Przeglad Socjologii Jakosciowej";journal;"17338069";"Lodz University Press";Yes;Yes;0,286;Q2;6;28;101;1193;52;98;0,51;42,61;57,14;0;Poland;Eastern Europe;"Lodz University Press";"2019-2025";"Social Sciences (miscellaneous) (Q2)";"Social Sciences"
448;21100887621;"Contemporary Japan";journal;"18692737, 18692729";"Taylor and Francis Ltd.";No;No;0,285;Q2;15;25;49;1475;37;38;0,67;59,00;54,55;1;United Kingdom;Western Europe;"Taylor and Francis Ltd.";"2012-2026";"Cultural Studies (Q1); History (Q1); Social Sciences (miscellaneous) (Q2); Sociology and Political Science (Q3)";"Arts and Humanities; Social Sciences"
449;21101016919;"Onati Socio-Legal Series";journal;"20795971";"Onati International Institute for the Sociology of Law";Yes;Yes;0,285;Q2;13;82;264;4604;153;244;0,56;56,15;48,19;0;Spain;Western Europe;"Onati International Institute for the Sociology of Law";"2019-2026";"Law (Q2); Social Sciences (miscellaneous) (Q2)";"Social Sciences"
450;17400154822;"East Asian Science, Technology and Society";journal;"18752152, 18752160";"Routledge";No;No;0,283;Q2;23;36;93;1919;92;59;1,00;53,31;38,46;0;United States;Northern America;"Routledge";"2008-2026";"Social Sciences (miscellaneous) (Q2)";"Social Sciences"
451;36664;"Human Organization";journal;"19383525, 00187259";"Taylor and Francis Ltd.";No;No;0,282;Q2;67;44;110;1845;90;100;0,93;41,93;66,67;0;United Kingdom;Western Europe;"Taylor and Francis Ltd.";"1948, 1951, 1961-1962, 1969-1970, 1974-1991, 1993-2026";"Anthropology (Q2); Arts and Humanities (miscellaneous) (Q2); Social Sciences (miscellaneous) (Q2)";"Arts and Humanities; Social Sciences"
452;21101055962;"Journal of Park and Recreation Administration";journal;"21606862, 07351968";"Sagamore Publishing LLC";No;No;0,282;Q2;15;25;104;1263;129;98;0,88;50,52;48,81;0;United States;Northern America;"Sagamore Publishing LLC";"2019-2026";"Social Sciences (miscellaneous) (Q2); Urban Studies (Q2); Nature and Landscape Conservation (Q3); Tourism, Leisure and Hospitality Management (Q3)";"Business, Management and Accounting; Environmental Science; Social Sciences"
453;21101116672;"International Critical Thought";journal;"21598312, 21598282";"Taylor and Francis Ltd.";No;No;0,281;Q2;16;34;103;2177;99;102;0,68;64,03;22,22;1;United Kingdom;Western Europe;"Taylor and Francis Ltd.";"2011-2026";"Cultural Studies (Q1); Social Sciences (miscellaneous) (Q2); Political Science and International Relations (Q3); Sociology and Political Science (Q3)";"Social Sciences"
454;21100259119;"Journal of International and Comparative Social Policy";journal;"21699763, 2169978X";"Cambridge University Press";No;No;0,281;Q2;28;21;55;1541;77;54;1,29;73,38;46,81;0;United Kingdom;Western Europe;"Cambridge University Press";"2013-2026";"Social Sciences (miscellaneous) (Q2); Health (social science) (Q3); Sociology and Political Science (Q3)";"Social Sciences"
455;24834;"Journal of Value Inquiry";journal;"15730492, 00225363";"Springer Netherlands";No;No;0,281;Q2;25;66;145;2335;112;144;0,60;35,38;17,57;0;Netherlands;Western Europe;"Springer Netherlands";"1967-2026";"Law (Q2); Philosophy (Q2); Social Sciences (miscellaneous) (Q2)";"Arts and Humanities; Social Sciences"
456;21101291267;"Nurani";journal;"16938437, 24609102";"Fakultas Syariah dan Hukum, Universitas Islam Negeri Raden Fatah";Yes;No;0,279;Q2;6;40;88;2067;101;88;1,40;51,68;35,56;0;Indonesia;Asiatic Region;"Fakultas Syariah dan Hukum, Universitas Islam Negeri Raden Fatah";"2021-2025";"Religious Studies (Q1); Law (Q2); Social Sciences (miscellaneous) (Q2)";"Arts and Humanities; Social Sciences"
457;5600155076;"Revista de Estudios Sociales";journal;"19005180, 0123885X";"Universidad de los Andes, Colombia";Yes;Yes;0,279;Q2;22;36;95;1913;101;95;1,00;53,14;38,46;0;Colombia;Latin America;"Universidad de los Andes, Colombia";"2007, 2009-2026";"Cultural Studies (Q1); History (Q1); Arts and Humanities (miscellaneous) (Q2); Gender Studies (Q2); Social Sciences (miscellaneous) (Q2); Sociology and Political Science (Q3)";"Arts and Humanities; Social Sciences"
458;21100800034;"OBETS";journal;"19891385, 25299727";"Universidad de Alicante";Yes;Yes;0,278;Q2;13;11;49;610;46;49;1,13;55,45;57,14;0;Spain;Western Europe;"Universidad de Alicante";"2014-2025";"Arts and Humanities (miscellaneous) (Q2); Social Sciences (miscellaneous) (Q2)";"Arts and Humanities; Social Sciences"
459;21100463861;"HSE Social and Education History";journal;"20143567";"Hipatia Editorial";Yes;No;0,277;Q2;10;11;36;471;40;36;1,17;42,82;62,50;0;Spain;Western Europe;"Hipatia Editorial";"2016-2025";"History (Q1); Social Sciences (miscellaneous) (Q2); Education (Q3)";"Arts and Humanities; Social Sciences"
460;25990;"Social Science History";journal;"01455532, 15278034";"Cambridge University Press";No;No;0,277;Q2;38;57;112;3684;98;109;0,94;64,63;26,73;0;United Kingdom;Western Europe;"Cambridge University Press";"1977-1978, 1980-1984, 1986, 1988-1989, 1996-2013, 2015-2026";"History (Q1); Social Sciences (miscellaneous) (Q2)";"Arts and Humanities; Social Sciences"
461;5600152989;"Sotsiologicheskiy Zhurnal";journal;"15622495, 16841581";"Institut Sociologii RAN";Yes;Yes;0,276;Q2;9;37;97;1068;40;97;0,40;28,86;56,60;0;Russian Federation;Eastern Europe;"Institut Sociologii RAN";"2017-2025";"Social Sciences (miscellaneous) (Q2); Sociology and Political Science (Q3)";"Social Sciences"
462;21100899301;"International Journal of Sociology of Education";journal;"20143575";"Hipatia Editorial";Yes;No;0,274;Q2;11;12;35;590;41;35;0,87;49,17;61,54;0;Spain;Western Europe;"Hipatia Editorial";"2018-2025";"Social Sciences (miscellaneous) (Q2); Education (Q3)";"Social Sciences"
463;21101182773;"Economics and Culture";journal;"22557563, 22560173";"Sciendo";Yes;Yes;0,273;Q2;7;22;65;1018;106;65;1,91;46,27;52,08;0;Germany;Western Europe;"Sciendo";"2022-2025";"Law (Q2); Social Sciences (miscellaneous) (Q2); Business, Management and Accounting (miscellaneous) (Q3); Demography (Q3); Economics, Econometrics and Finance (miscellaneous) (Q3); Sociology and Political Science (Q3)";"Business, Management and Accounting; Economics, Econometrics and Finance; Social Sciences"
464;5600153108;"Papers";journal;"02102862, 20139004";"Universitat Autonoma de Barcelona";Yes;Yes;0,273;Q2;19;17;81;980;63;81;0,69;57,65;44,44;1;Spain;Western Europe;"Universitat Autonoma de Barcelona";"2011-2025";"Social Sciences (miscellaneous) (Q2); Sociology and Political Science (Q3)";"Social Sciences"
465;21100843015;"RUDN Journal of Sociology";journal;"23132272, 24088897";"RUDN University";Yes;Yes;0,273;Q2;10;75;212;2348;96;210;0,42;31,31;51,20;0;Russian Federation;Eastern Europe;"RUDN University";"2017-2025";"Social Sciences (miscellaneous) (Q2)";"Social Sciences"
466;21100202940;"International Journal of Multicultural Education";journal;"19345267";"Eastern University";Yes;Yes;0,272;Q2;30;14;46;886;67;46;1,35;63,29;57,58;0;United States;Northern America;"Eastern University";"2007-2025";"Cultural Studies (Q1); Anthropology (Q2); Social Sciences (miscellaneous) (Q2); Education (Q3)";"Social Sciences"
467;21101336774;"International Journal of Social Pedagogy";journal;"20515804";"UCL Press";Yes;No;0,271;Q2;6;15;42;801;59;40;1,66;53,40;68,00;0;United Kingdom;Western Europe;"UCL Press";"2021-2026";"Social Sciences (miscellaneous) (Q2); Education (Q3)";"Social Sciences"
468;21101111520;"Journal of Road Safety";journal;"26524260, 26524252";"Australasian College of Road Safety";Yes;Yes;0,271;Q2;8;24;74;985;71;69;0,90;41,04;43,48;0;Australia;Pacific Region;"Australasian College of Road Safety";"2019-2025";"Social Sciences (miscellaneous) (Q2); Safety Research (Q3); Safety, Risk, Reliability and Quality (Q3); Transportation (Q4)";"Engineering; Social Sciences"
469;21101073716;"Revista de Artes Marciales Asiaticas";journal;"21740747";"Universidad de Leon";Yes;Yes;0,269;Q2;10;17;37;872;44;37;1,33;51,29;8,16;0;Spain;Western Europe;"Universidad de Leon";"2019-2026";"Anthropology (Q2); Social Sciences (miscellaneous) (Q2); Physical Therapy, Sports Therapy and Rehabilitation (Q3); Tourism, Leisure and Hospitality Management (Q3)";"Business, Management and Accounting; Health Professions; Social Sciences"
470;21101276716;"Izvestiya Rossiiskoi Akademii Nauk. Seriya Geograficheskaya";journal;"25875566, 26586975";"Russian Academy of Sciences";No;No;0,268;Q3;16;65;230;2488;159;223;0,61;38,28;47,97;0;Russian Federation;Eastern Europe;"Russian Academy of Sciences";"2016-2025";"Cultural Studies (Q1); Urban Studies (Q2); Earth and Planetary Sciences (miscellaneous) (Q3); Environmental Science (miscellaneous) (Q3); Geography, Planning and Development (Q3); Social Sciences (miscellaneous) (Q3)";"Earth and Planetary Sciences; Environmental Science; Social Sciences"
471;21100200415;"Revista Colombiana de Psicologia";journal;"23448644, 01215469";"Universidad Nacional de Colombia";Yes;Yes;0,268;Q3;16;18;37;991;28;37;0,70;55,06;53,62;0;Colombia;Latin America;"Universidad Nacional de Colombia";"2011-2025";"Psychology (miscellaneous) (Q3); Social Sciences (miscellaneous) (Q3)";"Psychology; Social Sciences"
472;21101044732;"E-Balonmano.com: Revista de Ciencias del Deporte";journal;"18857019";"Federacion Extremena de Balonmano, University of Extremadura";Yes;Yes;0,265;Q3;9;54;77;2581;90;77;1,40;47,80;25,37;0;Spain;Western Europe;"Federacion Extremena de Balonmano, University of Extremadura";"2019-2025";"Cultural Studies (Q1); Education (Q3); Physical Therapy, Sports Therapy and Rehabilitation (Q3); Social Sciences (miscellaneous) (Q3); Tourism, Leisure and Hospitality Management (Q3)";"Business, Management and Accounting; Health Professions; Social Sciences"
473;21101211209;"Journal of Family Research";journal;"26992337";"University of Bamberg";Yes;Yes;0,265;Q3;16;21;26;1389;25;26;0,96;66,14;84,00;0;Germany;Western Europe;"University of Bamberg";"2024-2026";"Social Sciences (miscellaneous) (Q3)";"Social Sciences"
474;19600162021;"Pertanika Journal of Social Sciences and Humanities";journal;"01287702, 22318534";"Universiti Putra Malaysia";Yes;No;0,265;Q3;24;127;289;7338;373;289;1,03;57,78;46,18;0;Malaysia;Asiatic Region;"Universiti Putra Malaysia";"2009-2025";"Arts and Humanities (miscellaneous) (Q2); Business, Management and Accounting (miscellaneous) (Q3); Economics, Econometrics and Finance (miscellaneous) (Q3); Social Sciences (miscellaneous) (Q3)";"Arts and Humanities; Business, Management and Accounting; Economics, Econometrics and Finance; Social Sciences"
475;5600153211;"South African Review of Sociology";journal;"21528586, 20721978";"Taylor and Francis Ltd.";No;No;0,264;Q3;27;26;79;1069;66;59;0,67;41,12;37,04;0;United Kingdom;Western Europe;"Taylor and Francis Ltd.";"2006-2026";"Social Sciences (miscellaneous) (Q3)";"Social Sciences"
476;21100395158;"Italian Sociological Review";journal;"22398589";"QuiEdit";Yes;Yes;0,262;Q3;12;47;136;2202;119;136;0,79;46,85;53,75;0;Italy;Western Europe;"QuiEdit";"2011-2026";"Social Sciences (miscellaneous) (Q3)";"Social Sciences"
477;21101078229;"Revista de Estudios Latinoamericanos sobre Reduccion del Riesgo de Desastres";journal;"07198477";"Corporation for the Management and Reduction of Disaster Risk in Chile (GRID-Chile)";Yes;Yes;0,262;Q3;8;32;89;1478;68;86;0,76;46,19;38,03;0;Chile;Latin America;"Corporation for the Management and Reduction of Disaster Risk in Chile (GRID-Chile)";"2017-2026";"Development (Q3); Earth and Planetary Sciences (miscellaneous) (Q3); Ecology (Q3); Social Sciences (miscellaneous) (Q3)";"Earth and Planetary Sciences; Environmental Science; Social Sciences"
478;20400195022;"Journal of Empirical Theology";journal;"15709256, 09222936";"Brill Academic Publishers";No;No;0,261;Q3;15;24;46;1071;24;44;0,49;44,63;43,75;0;Netherlands;Western Europe;"Brill Academic Publishers";"1988-1994, 2010-2025";"Religious Studies (Q1); Social Sciences (miscellaneous) (Q3)";"Arts and Humanities; Social Sciences"
479;21101301814;"Business Ethics and Leadership";journal;"25206311, 25206761";"Academic Research and Publishing UG";Yes;No;0,260;Q3;14;76;156;3740;345;156;2,50;49,21;47,83;0;Germany;Western Europe;"Academic Research and Publishing UG";"2019-2025";"Gender Studies (Q2); Law (Q2); Business, Management and Accounting (miscellaneous) (Q3); Decision Sciences (miscellaneous) (Q3); Issues, Ethics and Legal Aspects (Q3); Organizational Behavior and Human Resource Management (Q3); Social Sciences (miscellaneous) (Q3); Sociology and Political Science (Q3)";"Business, Management and Accounting; Decision Sciences; Nursing; Social Sciences"
480;21101146384;"Health in Emergencies and Disasters Quarterly";journal;"23454210";"Negah Institute for Social Research and Scientific Communication";Yes;Yes;0,259;Q3;9;33;103;1225;94;90;0,85;37,12;36,57;0;Iran;Middle East;"Negah Institute for Social Research and Scientific Communication";"2019-2026";"Emergency Medical Services (Q2); Building and Construction (Q3); Civil and Structural Engineering (Q3); Emergency Medicine (Q3); Social Sciences (miscellaneous) (Q3)";"Engineering; Health Professions; Medicine; Social Sciences"
481;25366;"South Asia Research";journal;"17413141, 02627280";"Sage Publications India Pvt. Ltd";No;No;0,259;Q3;25;19;67;963;66;65;0,63;50,68;50,00;0;India;Asiatic Region;"Sage Publications India Pvt. Ltd";"1981-2026";"Arts and Humanities (miscellaneous) (Q2); Economics, Econometrics and Finance (miscellaneous) (Q3); Social Sciences (miscellaneous) (Q3)";"Arts and Humanities; Economics, Econometrics and Finance; Social Sciences"
482;21600;"Studies in East European Thought";journal;"15730948, 09259392";"Springer Netherlands";No;No;0,259;Q3;14;134;150;5681;61;131;0,34;42,40;32,56;0;Netherlands;Western Europe;"Springer Netherlands";"1993-2026";"Cultural Studies (Q1); Literature and Literary Theory (Q1); Law (Q2); Philosophy (Q2); Social Sciences (miscellaneous) (Q3)";"Arts and Humanities; Social Sciences"
483;21101247620;"International Journal of Anthropology and Ethnology";journal;"23661003";"Springer Nature";Yes;Yes;0,258;Q3;12;25;63;1196;79;63;1,25;47,84;39,39;0;Netherlands;Western Europe;"Springer Nature";"2017-2026";"Cultural Studies (Q1); Anthropology (Q2); Social Sciences (miscellaneous) (Q3)";"Social Sciences"
484;21100828754;"Journal of Comparative Social Work";journal;"08099936";"University of Stavanger, Department of Social Studies";Yes;Yes;0,258;Q3;8;19;40;847;20;31;0,52;44,58;66,67;0;Norway;Western Europe;"University of Stavanger, Department of Social Studies";"2017-2025";"Social Sciences (miscellaneous) (Q3); Sociology and Political Science (Q3)";"Social Sciences"
485;21100935076;"International and Multidisciplinary Journal of Social Sciences";journal;"20143680";"Hipatia Editorial";Yes;No;0,257;Q3;11;13;38;762;55;38;1,42;58,62;47,22;0;Spain;Western Europe;"Hipatia Editorial";"2014, 2019-2025";"History (Q1); Philosophy (Q2); Economics and Econometrics (Q3); Social Sciences (miscellaneous) (Q3)";"Arts and Humanities; Economics, Econometrics and Finance; Social Sciences"
486;5600152992;"Sociologija";journal;"00380318";"Sociological Association of Serbia";Yes;Yes;0,256;Q3;12;27;84;1512;59;84;0,56;56,00;53,33;0;Serbia;Eastern Europe;"Sociological Association of Serbia";"2007-2025";"Social Sciences (miscellaneous) (Q3)";"Social Sciences"
487;21101022737;"Doxa Comunicacion";journal;"1696019X, 23863978";"CEU Ediciones";Yes;Yes;0,255;Q3;13;50;129;2513;127;129;1,01;50,26;57,94;0;Spain;Western Europe;"CEU Ediciones";"2019-2026";"Communication (Q3); Social Sciences (miscellaneous) (Q3)";"Social Sciences"
488;21101129709;"European Review of International Studies";journal;"21967415, 21966923";"Brill Nijhoff";No;No;0,254;Q3;14;6;44;503;41;43;0,66;83,83;37,50;0;Netherlands;Western Europe;"Brill Nijhoff";"2014-2025";"Political Science and International Relations (Q3); Social Sciences (miscellaneous) (Q3)";"Social Sciences"
489;4900152713;"Revista de Economia e Sociologia Rural";journal;"01032003";"Sociedade Brasileira de Economia e Sociologia Rural";Yes;No;0,253;Q3;25;59;208;2892;160;207;0,74;49,02;38,52;0;Brazil;Latin America;"Sociedade Brasileira de Economia e Sociologia Rural";"2006-2025";"Agronomy and Crop Science (Q3); Economics and Econometrics (Q3); Forestry (Q3); Social Sciences (miscellaneous) (Q3)";"Agricultural and Biological Sciences; Economics, Econometrics and Finance; Social Sciences"
490;21100931880;"Uniciencia";journal;"22153470";"Universidad Nacional";Yes;Yes;0,252;Q3;11;30;114;1322;111;114;0,98;44,07;37,76;1;Costa Rica;Latin America;"Universidad Nacional";"2019-2025";"Agricultural and Biological Sciences (miscellaneous) (Q3); Biochemistry, Genetics and Molecular Biology (miscellaneous) (Q3); Chemistry (miscellaneous) (Q3); Computer Science (miscellaneous) (Q3); Earth and Planetary Sciences (miscellaneous) (Q3); Mathematics (miscellaneous) (Q3); Physics and Astronomy (miscellaneous) (Q3); Social Sciences (miscellaneous) (Q3)";"Agricultural and Biological Sciences; Biochemistry, Genetics and Molecular Biology; Chemistry; Computer Science; Earth and Planetary Sciences; Mathematics; Physics and Astronomy; Social Sciences"
491;21101021795;"South Asia Multidisciplinary Academic Journal";journal;"19606060";"OpenEditions Journals";Yes;Yes;0,251;Q3;10;8;52;528;47;50;0,56;66,00;57,14;0;France;Western Europe;"OpenEditions Journals";"2015, 2020-2025";"Social Sciences (miscellaneous) (Q3)";"Social Sciences"
492;21100889434;"Investigaciones Turisticas";journal;"21745609";"Universidad de Alicante. Instituto Universitario de Investigaciones Turísticas";Yes;Yes;0,250;Q3;11;29;92;1909;118;92;1,47;65,83;50,00;0;Spain;Western Europe;"Universidad de Alicante. Instituto Universitario de Investigaciones Turísticas";"2018-2025";"Social Sciences (miscellaneous) (Q3); Tourism, Leisure and Hospitality Management (Q4)";"Business, Management and Accounting; Social Sciences"
493;21101064806;"Mongolian Studies";journal;"25001523, 27128059";"Kalmyk Scientific Centre of Russian Academy of Sciences";Yes;Yes;0,250;Q3;4;37;156;1110;27;156;0,19;30,00;64,15;0;Russian Federation;Eastern Europe;"Kalmyk Scientific Centre of Russian Academy of Sciences";"2016-2025";"History (Q1); Literature and Literary Theory (Q1); Anthropology (Q2); Arts and Humanities (miscellaneous) (Q2); Cultural Studies (Q2); Linguistics and Language (Q2); Social Sciences (miscellaneous) (Q3)";"Arts and Humanities; Social Sciences"
494;21101123948;"Nordic Welfare Research";journal;"24644161";"Scandinavian University Press";Yes;Yes;0,250;Q3;9;29;57;1181;57;55;0,94;40,72;66,67;0;Norway;Western Europe;"Scandinavian University Press";"2019-2026";"Demography (Q3); Health (social science) (Q3); Social Sciences (miscellaneous) (Q3); Life-span and Life-course Studies (Q4)";"Social Sciences"
495;25057;"Mathematical Social Sciences";journal;"01654896";"Elsevier B.V.";No;No;0,249;Q3;46;63;173;1782;120;173;0,71;28,29;20,00;0;Netherlands;Western Europe;"Elsevier B.V.";"1980-2026";"Psychology (miscellaneous) (Q3); Social Sciences (miscellaneous) (Q3); Sociology and Political Science (Q3); Statistics, Probability and Uncertainty (Q4)";"Decision Sciences; Psychology; Social Sciences"
496;21101021796;"Iberoamericana - Nordic Journal of Latin American and Caribbean Studies";journal;"00468444, 20024509";"Stockholm University Press";Yes;Yes;0,248;Q3;6;7;30;328;15;30;0,52;46,86;50,00;0;Sweden;Western Europe;"Stockholm University Press";"2019-2025";"Arts and Humanities (miscellaneous) (Q2); Social Sciences (miscellaneous) (Q3)";"Arts and Humanities; Social Sciences"
497;6500153227;"Nature and Culture";journal;"15585468, 15586073";"Berghahn Journals";No;No;0,248;Q3;28;13;43;656;38;43;0,64;50,46;47,62;0;United Kingdom;Western Europe;"Berghahn Journals";"2008-2025";"Social Sciences (miscellaneous) (Q3)";"Social Sciences"
498;21101133629;"Eunomia. Revista en Cultura de la Legalidad";journal;"22536655";"Universidad Carlos III de Madrid";Yes;Yes;0,246;Q3;9;42;170;1815;56;164;0,39;43,21;31,71;0;Spain;Western Europe;"Universidad Carlos III de Madrid";"2019-2025";"Law (Q2); Gender Studies (Q3); Public Administration (Q3); Social Sciences (miscellaneous) (Q3)";"Social Sciences"
499;21101168855;"Journal of the British Academy";journal;"20527217";"British Academy";Yes;Yes;0,246;Q3;17;43;165;1494;160;148;0,84;34,74;57,75;1;United Kingdom;Western Europe;"British Academy";"2019-2025";"Arts and Humanities (miscellaneous) (Q2); Social Sciences (miscellaneous) (Q3)";"Arts and Humanities; Social Sciences"
500;21100870382;"ABAC Journal";journal;"08580855";"Assumption University";No;No;0,244;Q3;15;53;185;3044;470;183;2,72;57,43;51,16;0;Thailand;Asiatic Region;"Assumption University";"2018-2025";"Literature and Literary Theory (Q1); Business, Management and Accounting (miscellaneous) (Q3); Economics, Econometrics and Finance (miscellaneous) (Q3); Education (Q3); Social Sciences (miscellaneous) (Q3)";"Arts and Humanities; Business, Management and Accounting; Economics, Econometrics and Finance; Social Sciences"
501;12100155723;"Andamios";journal;"18700063, 25941917";"Universidad Autonoma de la Ciudad de Mexico";Yes;No;0,244;Q3;17;60;162;2200;58;143;0,25;36,67;38,24;0;Mexico;Latin America;"Universidad Autonoma de la Ciudad de Mexico";"2008-2025";"Arts and Humanities (miscellaneous) (Q2); Social Sciences (miscellaneous) (Q3)";"Arts and Humanities; Social Sciences"
502;21101146408;"Si Somos Americanos";journal;"07190948, 07182910";"Arturo Prat University";Yes;Yes;0,244;Q3;8;21;47;1303;37;47;0,50;62,05;31,03;0;Chile;Latin America;"Arturo Prat University";"2019-2026";"History (Q1); Cultural Studies (Q2); Social Sciences (miscellaneous) (Q3)";"Arts and Humanities; Social Sciences"
503;21100889435;"Academica Turistica";journal;"23354194, 18553303";"University of Primorska";No;No;0,243;Q3;10;12;64;920;87;64;1,30;76,67;30,30;0;Slovenia;Eastern Europe;"University of Primorska";"2018-2025";"Management of Technology and Innovation (Q3); Social Sciences (miscellaneous) (Q3); Tourism, Leisure and Hospitality Management (Q4)";"Business, Management and Accounting; Social Sciences"
504;21100855500;"Journal of Population and Social Studies";journal;"24654418";"Mahidol University, Institute for Population and Social Research";No;No;0,243;Q3;15;41;152;2134;139;152;0,94;52,05;40,35;0;Thailand;Asiatic Region;"Mahidol University, Institute for Population and Social Research";"2017-2027";"Anthropology (Q2); Demography (Q3); Geography, Planning and Development (Q3); Health (social science) (Q3); Social Sciences (miscellaneous) (Q3); Sociology and Political Science (Q3)";"Social Sciences"
505;21100451190;"International Journal of Microsimulation";journal;"17475864";"International Microsimulation Association";No;No;0,241;Q3;11;19;60;837;33;55;0,69;44,05;30,00;3;Luxembourg;Western Europe;"International Microsimulation Association";"2015-2025";"Demography (Q3); Economics and Econometrics (Q3); Economics, Econometrics and Finance (miscellaneous) (Q3); Epidemiology (Q3); Health (social science) (Q3); Modeling and Simulation (Q3); Public Health, Environmental and Occupational Health (Q3); Social Sciences (miscellaneous) (Q3)";"Economics, Econometrics and Finance; Mathematics; Medicine; Social Sciences"
506;21100901172;"Military Behavioral Health";journal;"21635781, 21635803";"Taylor and Francis Ltd.";No;No;0,241;Q3;20;0;84;0;72;84;0,58;0,00;0,00;0;United Kingdom;Western Europe;"Taylor and Francis Ltd.";"2015-2024";"Psychology (miscellaneous) (Q3); Social Sciences (miscellaneous) (Q3)";"Psychology; Social Sciences"
507;21100792095;"Recerca";journal;"22544135, 11306149";"Universitat Jaume I";Yes;Yes;0,240;Q3;11;21;59;1019;38;58;0,68;48,52;39,29;0;Spain;Western Europe;"Universitat Jaume I";"2016-2025";"Philosophy (Q2); Social Sciences (miscellaneous) (Q3)";"Arts and Humanities; Social Sciences"
508;27208;"Social Philosophy and Policy";journal;"02650525, 14716437";"Cambridge University Press";No;No;0,240;Q3;45;29;77;1760;70;77;1,08;60,69;37,93;0;United Kingdom;Western Europe;"Cambridge University Press";"1970, 1983-2025";"Philosophy (Q2); Social Sciences (miscellaneous) (Q3)";"Arts and Humanities; Social Sciences"
509;21100944566;"International Journal of Islamic Thought";journal;"22321314, 22896023";"Universiti Kebangsaan Malaysia Press";Yes;No;0,239;Q3;8;34;92;1314;102;92;1,08;38,65;25,40;0;Malaysia;Asiatic Region;"Universiti Kebangsaan Malaysia Press";"2019-2025";"Arts and Humanities (miscellaneous) (Q2); Social Sciences (miscellaneous) (Q3)";"Arts and Humanities; Social Sciences"
510;21101045043;"Disegno";journal;"25332899";"UID Unione Italiana Disegno";Yes;Yes;0,237;Q3;7;25;142;547;60;114;0,30;21,88;66,67;0;Italy;Western Europe;"UID Unione Italiana Disegno";"2017-2025";"Visual Arts and Performing Arts (Q1); Architecture (Q2); Arts and Humanities (miscellaneous) (Q2); Social Sciences (miscellaneous) (Q3)";"Arts and Humanities; Engineering; Social Sciences"
511;21101142418;"Disena";journal;"07188447, 24524298";"Pontificia Universidad Catolica de Chile";Yes;Yes;0,237;Q3;8;15;57;429;69;51;1,39;28,60;35,29;0;Chile;Latin America;"Pontificia Universidad Catolica de Chile";"2019-2025";"Arts and Humanities (miscellaneous) (Q2); Engineering (miscellaneous) (Q3); Human Factors and Ergonomics (Q3); Social Sciences (miscellaneous) (Q3)";"Arts and Humanities; Engineering; Social Sciences"
512;19700183093;"Revista Austral de Ciencias Sociales";journal;"07173202, 07181795";"Universidad Austral de Chile";Yes;Yes;0,237;Q3;12;50;95;2461;43;95;0,44;49,22;57,00;0;Chile;Latin America;"Universidad Austral de Chile";"2008-2010, 2012-2025";"Social Sciences (miscellaneous) (Q3)";"Social Sciences"
513;18067;"Sociological Bulletin";journal;"00380229, 24570257";"SAGE Publications Ltd";No;No;0,237;Q3;11;32;92;1163;78;89;0,65;36,34;56,67;0;United Kingdom;Western Europe;"SAGE Publications Ltd";"1963, 1974, 1986, 1994-1996, 2014-2026";"History (Q1); Cultural Studies (Q2); Social Sciences (miscellaneous) (Q3); Sociology and Political Science (Q3)";"Arts and Humanities; Social Sciences"
514;21101079126;"Tecnoscienza";journal;"20383460";"STS Italia";Yes;Yes;0,237;Q3;7;12;42;667;51;38;0,90;55,58;56,67;0;Italy;Western Europe;"STS Italia";"2019-2025";"Communication (Q3); Human Factors and Ergonomics (Q3); Social Sciences (miscellaneous) (Q3); Sociology and Political Science (Q3)";"Social Sciences"
515;27456;"Peace Review";journal;"14699982, 10402659";"Taylor and Francis Ltd.";Yes;No;0,236;Q3;24;52;203;1782;148;177;0,65;34,27;50,85;0;United Kingdom;Western Europe;"Taylor and Francis Ltd.";"1989-1996, 2005-2026";"Arts and Humanities (miscellaneous) (Q2); Safety Research (Q3); Safety, Risk, Reliability and Quality (Q3); Social Sciences (miscellaneous) (Q3); Sociology and Political Science (Q3); Transportation (Q4)";"Arts and Humanities; Engineering; Social Sciences"
516;21101052353;"Research Data Journal for the Humanities and Social Sciences";journal;"24523666";"Brill Academic Publishers";Yes;Yes;0,236;Q3;5;0;33;0;19;33;0,52;0,00;0,00;0;Netherlands;Western Europe;"Brill Academic Publishers";"2016, 2020-2024";"Arts and Humanities (miscellaneous) (Q2); Social Sciences (miscellaneous) (Q3); Computer Science Applications (Q4)";"Arts and Humanities; Computer Science; Social Sciences"
517;21101123123;"Autoctonia";journal;"07198213";"Universidad Bernardo O'Higgins";Yes;Yes;0,235;Q3;4;71;157;3798;42;150;0,27;53,49;48,36;2;Chile;Latin America;"Universidad Bernardo O'Higgins";"2019-2026";"History (Q1); Arts and Humanities (miscellaneous) (Q2); Social Sciences (miscellaneous) (Q3)";"Arts and Humanities; Social Sciences"
518;21100942816;"Shagi/ Steps";journal;"27821765, 24129410";"Russian Presidential Academy of National Economy and Public Administration";Yes;Yes;0,235;Q3;4;73;206;2392;24;198;0,13;32,77;59,26;0;Russian Federation;Eastern Europe;"Russian Presidential Academy of National Economy and Public Administration";"2019-2025";"Arts and Humanities (miscellaneous) (Q2); Social Sciences (miscellaneous) (Q3); Psychology (miscellaneous) (Q4)";"Arts and Humanities; Psychology; Social Sciences"
519;26462;"Social Sciences in China";journal;"19405952, 02529203";"Taylor and Francis Ltd.";No;No;0,235;Q3;22;36;138;921;86;129;0,70;25,58;15,56;0;United Kingdom;Western Europe;"Taylor and Francis Ltd.";"1980-1981, 1983-1989, 1991-1997, 2008-2025";"Social Sciences (miscellaneous) (Q3)";"Social Sciences"
520;21101124070;"Nordic Journal of Social Research";journal;"18922783";"Scandinavian University Press";Yes;Yes;0,234;Q3;7;4;27;172;46;27;0,93;43,00;71,43;0;Norway;Western Europe;"Scandinavian University Press";"2019-2025";"Anthropology (Q2); Health (social science) (Q3); Social Sciences (miscellaneous) (Q3); Sociology and Political Science (Q3)";"Social Sciences"
521;21101120346;"International Journal of Human Capital in Urban Management";journal;"24764701, 24764698";"Tehran Urban Research and Planning Center";Yes;Yes;0,233;Q3;10;47;128;2682;172;128;1,78;57,06;27,78;0;Iran;Middle East;"Tehran Urban Research and Planning Center";"2019-2026";"Public Administration (Q3); Social Sciences (miscellaneous) (Q3); Urban Studies (Q3); Water Science and Technology (Q3); Management, Monitoring, Policy and Law (Q4); Pollution (Q4); Waste Management and Disposal (Q4)";"Environmental Science; Social Sciences"
522;21101032633;"Social Psychology and Society";journal;"22211527, 23117052";"Moscow State University of Psychology and Education";Yes;Yes;0,233;Q3;11;48;161;1634;103;159;0,66;34,04;74,14;0;Russian Federation;Eastern Europe;"Moscow State University of Psychology and Education";"2016-2025";"Social Sciences (miscellaneous) (Q3); Applied Psychology (Q4); Social Psychology (Q4)";"Psychology; Social Sciences"
523;5800207553;"Linguistics in the Netherlands";journal;"09297332, 15699919";"John Benjamins Publishing Company";No;No;0,231;Q3;19;0;38;0;20;36;0,55;0,00;0,00;0;Netherlands;Western Europe;"John Benjamins Publishing Company";"1996-2023";"Health Professions (miscellaneous) (Q2); Linguistics and Language (Q2); Multidisciplinary (Q2); Social Sciences (miscellaneous) (Q3); Psychology (miscellaneous) (Q4)";"Health Professions; Multidisciplinary; Psychology; Social Sciences"
524;5600153242;"Polish Sociological Review";journal;"12311413";"Polish Sociological Association";Yes;Yes;0,229;Q3;16;24;73;1337;51;73;0,49;55,71;48,65;0;Poland;Eastern Europe;"Polish Sociological Association";"2006-2025";"Social Sciences (miscellaneous) (Q3)";"Social Sciences"
525;25988;"Social Research";journal;"0037783X";"Johns Hopkins University Press";No;No;0,228;Q3;63;52;168;1676;121;147;0,47;32,23;41,30;0;United States;Northern America;"Johns Hopkins University Press";"1946-1947, 1972-1974, 1976, 1979-1980, 1982-1986, 1988, 1995-2025";"History (Q1); Cultural Studies (Q2); Philosophy (Q2); Political Science and International Relations (Q3); Social Sciences (miscellaneous) (Q3); Sociology and Political Science (Q3)";"Arts and Humanities; Social Sciences"
526;21101361175;"Sustainable Social Development";journal;"29724880";"Asia Pacific Academy of Science Pte Ltd";No;No;0,227;Q3;5;31;89;1921;123;80;1,38;61,97;33,87;0;Singapore;Asiatic Region;"Asia Pacific Academy of Science Pte Ltd";"2023-2025";"Development (Q3); Public Administration (Q3); Social Sciences (miscellaneous) (Q3); Renewable Energy, Sustainability and the Environment (Q4)";"Energy; Social Sciences"
527;21101055967;"Journal of Language and Discrimination";journal;"23972645, 23972637";"Equinox Publishing Ltd";No;No;0,226;Q3;8;6;39;319;39;36;0,72;53,17;88,89;0;United Kingdom;Western Europe;"Equinox Publishing Ltd";"2019-2025";"Linguistics and Language (Q2); Social Sciences (miscellaneous) (Q3); Sociology and Political Science (Q3)";"Social Sciences"
528;21101100272;"PASOS Revista de Turismo y Patrimonio Cultural";journal;"16957121, 2529959X";"University of La Laguna";Yes;Yes;0,226;Q3;12;76;197;4205;175;196;0,85;55,33;44,52;0;Spain;Western Europe;"University of La Laguna";"2019-2026";"Anthropology (Q2); Cultural Studies (Q2); Geography, Planning and Development (Q3); Social Sciences (miscellaneous) (Q3); Tourism, Leisure and Hospitality Management (Q4)";"Business, Management and Accounting; Social Sciences"
529;21100896882;"Journal of Educational and Social Research";journal;"2239978X, 22400524";"Richtmann Publishing Ltd";No;No;0,225;Q3;19;235;532;9758;565;532;1,09;41,52;47,15;0;Poland;Eastern Europe;"Richtmann Publishing Ltd";"2018-2026";"Education (Q3); Social Sciences (miscellaneous) (Q3)";"Social Sciences"
530;21101347015;"Journal of Pedagogical Sociology and Psychology";journal;"26873788";"Duzce University, Faculty of Education";Yes;No;0,225;Q3;7;45;81;2203;83;80;1,03;48,96;39,51;0;Turkey;Middle East;"Duzce University, Faculty of Education";"2021-2025";"Education (Q3); Social Sciences (miscellaneous) (Q3); Developmental and Educational Psychology (Q4); Social Psychology (Q4)";"Psychology; Social Sciences"
531;24329;"Women's Studies";journal;"00497878, 15477045";"Routledge";No;No;0,224;Q3;23;71;165;2125;51;154;0,28;29,93;66,28;0;United Kingdom;Western Europe;"Routledge";"1972-1984, 1986-2026";"Arts and Humanities (miscellaneous) (Q2); Gender Studies (Q3); Social Sciences (miscellaneous) (Q3)";"Arts and Humanities; Social Sciences"
532;28104;"Die Erde";journal;"00139998";"Gesellschaft fur Erdkunde zu Berlin";Yes;No;0,223;Q3;33;7;51;414;52;47;1,07;59,14;80,00;0;Germany;Western Europe;"Gesellschaft fur Erdkunde zu Berlin";"1977-2025";"Earth and Planetary Sciences (miscellaneous) (Q3); Ecology (Q3); Social Sciences (miscellaneous) (Q3); Atmospheric Science (Q4); Energy (miscellaneous) (Q4)";"Earth and Planetary Sciences; Energy; Environmental Science; Social Sciences"
533;21101199381;"Journal of Philosophy in Schools";journal;"22042482";"University of Birmingham Library Services";Yes;Yes;0,223;Q3;4;16;42;538;15;36;0,34;33,63;38,10;0;United Kingdom;Western Europe;"University of Birmingham Library Services";"2020-2025";"Philosophy (Q2); Education (Q3); Social Sciences (miscellaneous) (Q3)";"Arts and Humanities; Social Sciences"
534;21101152867;"International Journal of Environmental Impacts";journal;"23982640, 23982659";"International Information and Engineering Technology Association";Yes;No;0,222;Q3;9;120;130;5252;158;130;1,32;43,77;37,46;0;Canada;Northern America;"International Information and Engineering Technology Association";"2019-2025";"Environmental Science (miscellaneous) (Q3); Geography, Planning and Development (Q3); Social Sciences (miscellaneous) (Q3); Materials Science (miscellaneous) (Q4)";"Environmental Science; Materials Science; Social Sciences"
535;21101100267;"Museum and Society";journal;"14798360";"University of Leicester";Yes;Yes;0,222;Q3;12;23;80;1329;51;76;0,56;57,78;61,76;0;United Kingdom;Western Europe;"University of Leicester";"2019-2025";"Museology (Q2); Social Sciences (miscellaneous) (Q3)";"Arts and Humanities; Social Sciences"
536;21101037907;"African Human Rights Law Journal";journal;"19962096, 1609073X";"Pretoria University Law Press";Yes;Yes;0,221;Q3;10;44;83;926;51;74;0,46;21,05;43,75;0;South Africa;Africa;"Pretoria University Law Press";"2008, 2015, 2019-2025";"Law (Q3); Social Sciences (miscellaneous) (Q3)";"Social Sciences"
537;21100456164;"Kontakt";journal;"18047122, 12124117";"University of South Bohemia";Yes;No;0,221;Q3;14;61;156;1724;101;144;0,57;28,26;75,26;0;Czech Republic;Eastern Europe;"University of South Bohemia";"2014-2025";"Health (social science) (Q3); Nursing (miscellaneous) (Q3); Public Administration (Q3); Social Sciences (miscellaneous) (Q3); Public Health, Environmental and Occupational Health (Q4)";"Medicine; Nursing; Social Sciences"
538;21100264817;"Revista de Estudios Internacionales Mediterraneos";journal;"18874460";"Taller de Estudios Internacionales Mediterraneos";Yes;Yes;0,220;Q3;8;20;99;1155;38;97;0,47;57,75;29,41;0;Spain;Western Europe;"Taller de Estudios Internacionales Mediterraneos";"2013-2025";"Social Sciences (miscellaneous) (Q3)";"Social Sciences"
539;5600154145;"Bilig";journal;"13010549";"Ahmet Yesevi University";No;No;0,219;Q3;12;29;86;1532;42;86;0,48;52,83;33,33;0;Turkey;Middle East;"Ahmet Yesevi University";"2008-2025";"Arts and Humanities (miscellaneous) (Q2); Social Sciences (miscellaneous) (Q3)";"Arts and Humanities; Social Sciences"
540;21100894549;"New Labor Forum";journal;"15572978, 10957960";"SAGE Publications Inc.";No;No;0,219;Q3;15;38;122;607;83;88;0,60;15,97;41,18;0;United States;Northern America;"SAGE Publications Inc.";"2015-2026";"Economics, Econometrics and Finance (miscellaneous) (Q3); Industrial Relations (Q3); Social Sciences (miscellaneous) (Q3); Urban Studies (Q3)";"Business, Management and Accounting; Economics, Econometrics and Finance; Social Sciences"
541;21101160596;"Journal of Asian American Studies";journal;"10968598";"Johns Hopkins University Press";No;No;0,218;Q3;8;40;76;1026;41;55;0,58;25,65;53,33;0;United States;Northern America;"Johns Hopkins University Press";"2019-2025";"History (Q1); Arts and Humanities (miscellaneous) (Q2); Gender Studies (Q3); Social Sciences (miscellaneous) (Q3)";"Arts and Humanities; Social Sciences"
542;21100870922;"Journal of Behavioral Science";journal;"19064675";"Srinakharinwirot University-Behavioral Science Research Institute";No;No;0,218;Q3;13;26;77;1010;87;77;0,98;38,85;66,67;0;Thailand;Asiatic Region;"Srinakharinwirot University-Behavioral Science Research Institute";"2018-2025";"Social Sciences (miscellaneous) (Q3); Applied Psychology (Q4); Psychology (miscellaneous) (Q4); Social Psychology (Q4)";"Psychology; Social Sciences"
543;21101234844;"Revista Pesquisa Qualitativa";journal;"25258222";"Sociedade de Estudos e Pesquisa Qualitativos";No;Yes;0,218;Q3;7;90;115;3136;58;114;0,47;34,84;62,84;0;Brazil;Latin America;"Sociedade de Estudos e Pesquisa Qualitativos";"2020-2026";"History and Philosophy of Science (Q2); Education (Q3); Health (social science) (Q3); Social Sciences (miscellaneous) (Q3)";"Arts and Humanities; Social Sciences"
544;21101225725;"Collected Papers of the Faculty of Law of the University of Rijeka";journal;"18468314, 1330349X";"University of Rijeka Faculty of Law";Yes;Yes;0,217;Q3;3;31;102;1298;21;101;0,17;41,87;41,86;0;Croatia;Eastern Europe;"University of Rijeka Faculty of Law";"2013, 2020-2025";"Law (Q3); Social Sciences (miscellaneous) (Q3)";"Social Sciences"
545;17505;"Social Change";journal;"00490857, 09763538";"SAGE Publications Ltd";No;No;0,217;Q3;20;35;96;1265;97;80;0,86;36,14;38,78;0;United Kingdom;Western Europe;"SAGE Publications Ltd";"1971-2026";"Geography, Planning and Development (Q3); Social Sciences (miscellaneous) (Q3); Sociology and Political Science (Q3); Development (Q4)";"Social Sciences"
546;21101038677;"Vestnik Moskovskogo Universiteta. Seriya 10. Zhurnalistika";journal;"03208079, 26583526";"MSU Publishing House";No;No;0,217;Q3;7;43;129;1232;45;127;0,42;28,65;59,42;0;Russian Federation;Eastern Europe;"MSU Publishing House";"2019-2025";"Communication (Q3); Social Sciences (miscellaneous) (Q3)";"Social Sciences"
547;21100938281;"Open Cultural Studies";journal;"24513474";"Walter de Gruyter GmbH";Yes;No;0,216;Q3;12;49;103;2430;97;100;0,72;49,59;58,47;0;Germany;Western Europe;"Walter de Gruyter GmbH";"2017-2026";"Arts and Humanities (miscellaneous) (Q2); Social Sciences (miscellaneous) (Q3)";"Arts and Humanities; Social Sciences"
548;14543;"Smith College Studies in Social Work";journal;"15530426, 00377317";"Routledge";No;No;0,216;Q3;29;0;39;0;57;36;1,28;0,00;0,00;0;United States;Northern America;"Routledge";"1930-2023";"Social Sciences (miscellaneous) (Q3); Sociology and Political Science (Q3); Social Work (Q4)";"Social Sciences"
549;12691;"Merrill-Palmer Quarterly";journal;"0272930X, 15350266";"Wayne State University Press";No;No;0,215;Q3;83;6;61;368;27;60;0,24;61,33;55,56;0;United States;Northern America;"Wayne State University Press";"1973, 1982, 1985, 1991, 1994, 1996-2025";"Education (Q3); Social Sciences (miscellaneous) (Q3); Developmental and Educational Psychology (Q4)";"Psychology; Social Sciences"
550;21101061450;"Population and Economics";journal;"26583798";"Pensoft Publishers";Yes;Yes;0,215;Q3;13;39;104;1693;93;101;0,91;43,41;52,00;0;Bulgaria;Eastern Europe;"Pensoft Publishers";"2019-2026";"Demography (Q3); Gender Studies (Q3); Social Sciences (miscellaneous) (Q3); Economics and Econometrics (Q4)";"Economics, Econometrics and Finance; Social Sciences"
551;21101053558;"Revista de Educacion y Derecho";journal;"23864885, 2013584X";"Universitat de Barcelona";Yes;Yes;0,215;Q3;8;20;91;603;75;89;0,87;30,15;60,53;0;Spain;Western Europe;"Universitat de Barcelona";"2019-2025";"Education (Q3); Law (Q3); Social Sciences (miscellaneous) (Q3)";"Social Sciences"
552;21101393931;"Emancipations";journal;"27658414";"Mississippi State University";No;No;0,214;Q3;6;16;78;451;60;52;0,68;28,19;45,45;0;United States;Northern America;"Mississippi State University";"2022-2025";"Social Sciences (miscellaneous) (Q3); Sociology and Political Science (Q3); Economics and Econometrics (Q4)";"Economics, Econometrics and Finance; Social Sciences"
553;19700175735;"Philippine Journal of Science";journal;"00317683";"Department of Science and Technology";No;No;0,214;Q3;27;101;666;4030;591;643;0,79;39,90;49,52;0;Philippines;Asiatic Region;"Department of Science and Technology";"1979, 1982, 1986-1988, 2009-2025";"Multidisciplinary (Q3); Social Sciences (miscellaneous) (Q3)";"Multidisciplinary; Social Sciences"
554;21101090838;"Revista Interdisciplinar da Mobilidade Humana";journal;"19808585, 22379843";"Scalabrini Migration Study Centers";Yes;Yes;0,214;Q3;10;51;145;2091;80;130;0,48;41,00;63,53;0;Italy;Western Europe;"Scalabrini Migration Study Centers";"2019-2025";"Demography (Q3); Geography, Planning and Development (Q3); Social Sciences (miscellaneous) (Q3); Sociology and Political Science (Q3)";"Social Sciences"
555;21101040605;"Turyzm/Tourism";journal;"08675856, 20806922";"Lodz University Press";Yes;Yes;0,213;Q3;13;28;73;2148;105;73;1,25;76,71;41,43;0;Poland;Eastern Europe;"Lodz University Press";"2001-2025";"Economics, Econometrics and Finance (miscellaneous) (Q3); Geography, Planning and Development (Q3); Social Sciences (miscellaneous) (Q3); Sociology and Political Science (Q3); Tourism, Leisure and Hospitality Management (Q4)";"Business, Management and Accounting; Economics, Econometrics and Finance; Social Sciences"
556;21101041815;"Journal of ASEAN Studies";journal;"23381361, 23381353";"Bina Nusantara University";Yes;No;0,212;Q3;9;10;59;686;83;54;1,16;68,60;54,17;0;Indonesia;Asiatic Region;"Bina Nusantara University";"2019-2025";"Cultural Studies (Q2); Geography, Planning and Development (Q3); Social Sciences (miscellaneous) (Q3); Sociology and Political Science (Q3)";"Social Sciences"
557;4700152250;"Revista Brasileira de Ciencias Sociais";journal;"01026909, 18069053";"Associacao Nacional de Pos-Graduacao e Pesquisa em Ciencias Sociais - ANPOCS";Yes;No;0,212;Q3;23;37;112;1670;50;111;0,41;45,14;61,54;0;Brazil;Latin America;"Associacao Nacional de Pos-Graduacao e Pesquisa em Ciencias Sociais - ANPOCS";"2006-2025";"Social Sciences (miscellaneous) (Q3)";"Social Sciences"
558;21101041806;"Meridians";journal;"15478424, 15366936";"Duke University Press";No;No;0,211;Q3;8;32;83;1061;64;75;0,88;33,16;81,08;0;United States;Northern America;"Duke University Press";"2019-2025";"Anthropology (Q2); Gender Studies (Q3); Social Sciences (miscellaneous) (Q3)";"Social Sciences"
559;21100244867;"Empiria";journal;"21740682, 11395737";"Universidad Nacional de Educacion a Distancia (UNED)";Yes;Yes;0,210;Q3;15;15;80;669;48;80;0,63;44,60;42,31;0;Spain;Western Europe;"Universidad Nacional de Educacion a Distancia (UNED)";"2013-2025";"Social Sciences (miscellaneous) (Q3)";"Social Sciences"
560;21101175744;"Iberoamerican Journal of Science Measurement and Communication";journal;"27097595, 27093158";"Pro-Metrics";No;No;0,210;Q3;13;44;68;1338;100;66;1,32;30,41;28,16;0;Estonia;Eastern Europe;"Pro-Metrics";"2021-2026";"Communication (Q3); Library and Information Sciences (Q3); Media Technology (Q3); Social Sciences (miscellaneous) (Q3)";"Engineering; Social Sciences"
561;5000154506;"Neohelicon";journal;"15882810, 03244652";"Springer Science and Business Media B.V.";No;No;0,210;Q3;15;58;154;2206;80;146;0,36;38,03;49,23;0;Netherlands;Western Europe;"Springer Science and Business Media B.V.";"1973-2002, 2005-2026";"Literature and Literary Theory (Q1); Arts and Humanities (miscellaneous) (Q2); Law (Q3); Social Sciences (miscellaneous) (Q3)";"Arts and Humanities; Social Sciences"
562;18239;"Relations Industrielles";journal;"0034379X, 17038138";"";No;No;0,210;Q3;34;18;106;892;70;101;0,26;49,56;54,05;0;Canada;Northern America;"";"1996-2011, 2016-2017, 2020, 2022-2025";"Social Sciences (miscellaneous) (Q3); Management of Technology and Innovation (Q4); Organizational Behavior and Human Resource Management (Q4); Strategy and Management (Q4)";"Business, Management and Accounting; Social Sciences"
563;21101128329;"Sporting Traditions";journal;"08132577";"Australian Society for Sports History";No;No;0,210;Q3;4;18;27;256;9;25;0,26;14,22;29,17;0;Australia;Pacific Region;"Australian Society for Sports History";"2019-2025";"History (Q1); Social Sciences (miscellaneous) (Q3); Health (social science) (Q4)";"Arts and Humanities; Social Sciences"
564;21100827151;"Foundation Review";journal;"19445660, 19445679";"Dorothy A. Johnson Center for Philanthropy, Grand Valley State University";No;No;0,209;Q3;18;25;83;423;45;74;0,62;16,92;82,35;0;United States;Northern America;"Dorothy A. Johnson Center for Philanthropy, Grand Valley State University";"2009-2013, 2015-2025";"Social Sciences (miscellaneous) (Q3); Sociology and Political Science (Q3)";"Social Sciences"
565;21101333304;"Journal of Applied Sport Management";journal;"23270179, 23270187";"The University of Tennessee Knoxville";No;No;0,209;Q3;5;21;62;442;41;47;0,63;21,05;23,68;0;United States;Northern America;"The University of Tennessee Knoxville";"2021-2025";"Social Sciences (miscellaneous) (Q3); Marketing (Q4); Organizational Behavior and Human Resource Management (Q4); Tourism, Leisure and Hospitality Management (Q4)";"Business, Management and Accounting; Social Sciences"
566;21100920650;"New Global Studies";journal;"19400004";"Walter de Gruyter GmbH";No;No;0,209;Q3;14;16;49;942;50;48;0,97;58,88;15,00;0;Germany;Western Europe;"Walter de Gruyter GmbH";"2007-2026";"Arts and Humanities (miscellaneous) (Q2); Economics, Econometrics and Finance (miscellaneous) (Q3); Social Sciences (miscellaneous) (Q3)";"Arts and Humanities; Economics, Econometrics and Finance; Social Sciences"
567;5600155441;"Ambiente e Sociedade";journal;"1414753X";"Universidade Estadual de Campinas UNICAMP";Yes;No;0,208;Q3;28;60;187;2545;108;173;0,39;42,42;45,95;0;Brazil;Latin America;"Universidade Estadual de Campinas UNICAMP";"2006-2025";"Social Sciences (miscellaneous) (Q3); Environmental Science (miscellaneous) (Q4)";"Environmental Science; Social Sciences"
568;21100211326;"Araucaria";journal;"15756823";"Departamento de Literatura Espanola-Universidad de Sevilla";Yes;Yes;0,208;Q3;10;72;277;3041;88;271;0,30;42,24;26,98;0;Spain;Western Europe;"Departamento de Literatura Espanola-Universidad de Sevilla";"2012-2025";"History (Q1); Arts and Humanities (miscellaneous) (Q2); Philosophy (Q2); Social Sciences (miscellaneous) (Q3); Sociology and Political Science (Q3)";"Arts and Humanities; Social Sciences"
569;12100155324;"Qualitative Sociology Review";journal;"17338077";"Lodz University";Yes;Yes;0,208;Q3;21;18;67;987;72;66;0,87;54,83;73,91;1;Poland;Eastern Europe;"Lodz University";"2008-2025";"Social Sciences (miscellaneous) (Q3)";"Social Sciences"
570;21100925894;"Humanities and Social Sciences Letters";journal;"23125659, 23124318";"Conscientia Beam";No;No;0,207;Q3;12;110;173;5569;205;173;1,25;50,63;45,74;0;Pakistan;Asiatic Region;"Conscientia Beam";"2019-2026";"Business, Management and Accounting (miscellaneous) (Q3); Economics, Econometrics and Finance (miscellaneous) (Q3); Social Sciences (miscellaneous) (Q3)";"Business, Management and Accounting; Economics, Econometrics and Finance; Social Sciences"
571;5700181944;"Deutsche Sprache";journal;"03409341, 1868775X";"Erich Schmidt Verlag GmbH and Co Berlin";No;No;0,206;Q3;11;7;36;237;10;35;0,08;33,86;50,00;0;Germany;Western Europe;"Erich Schmidt Verlag GmbH and Co Berlin";"2002-2011, 2017-2025";"Linguistics and Language (Q2); Social Sciences (miscellaneous) (Q3); Psychology (miscellaneous) (Q4)";"Psychology; Social Sciences"
572;21100865012;"Economia Agro-Alimentare";journal;"19724802, 11261668";"FrancoAngeli";Yes;No;0,206;Q3;14;18;76;1027;53;64;0,56;57,06;43,24;0;Italy;Western Europe;"FrancoAngeli";"2012-2025";"Cultural Studies (Q2); Agricultural and Biological Sciences (miscellaneous) (Q3); Food Animals (Q3); Food Science (Q3); Geography, Planning and Development (Q3); Social Sciences (miscellaneous) (Q3); Agronomy and Crop Science (Q4); Business, Management and Accounting (miscellaneous) (Q4); Economics and Econometrics (Q4); Management, Monitoring, Policy and Law (Q4)";"Agricultural and Biological Sciences; Business, Management and Accounting; Economics, Econometrics and Finance; Environmental Science; Social Sciences; Veterinary"
573;21101142547;"Japanese Journal of Sociology";journal;"27691357, 27691365";"John Wiley and Sons Inc";No;No;0,206;Q3;21;13;21;514;20;19;0,31;39,54;45,45;1;United States;Northern America;"John Wiley and Sons Inc";"2023-2026";"Social Sciences (miscellaneous) (Q3)";"Social Sciences"
574;21100790345;"Revista Mad";journal;"07180527";"Universidad de Chile";Yes;Yes;0,206;Q3;5;15;41;653;13;39;0,22;43,53;18,75;0;Chile;Latin America;"Universidad de Chile";"2016-2025";"Social Sciences (miscellaneous) (Q3)";"Social Sciences"
575;21101134692;"Studia Warminskie";journal;"01376624";"University of Warmia and Mazury";Yes;Yes;0,206;Q3;7;28;96;865;31;95;0,33;30,89;42,42;0;Poland;Eastern Europe;"University of Warmia and Mazury";"2019-2025";"History (Q1); Philosophy (Q2); Religious Studies (Q2); Law (Q3); Social Sciences (miscellaneous) (Q3); Developmental and Educational Psychology (Q4); Social Psychology (Q4)";"Arts and Humanities; Psychology; Social Sciences"
576;21100927210;"Balkan Social Science Review";journal;"18578772, 18578799";"Goce Delchev University of Shtip";No;No;0,205;Q3;8;30;96;1342;54;96;0,54;44,73;50,94;0;Macedonia;Eastern Europe;"Goce Delchev University of Shtip";"2013-2025";"Law (Q3); Political Science and International Relations (Q3); Social Sciences (miscellaneous) (Q3); Sociology and Political Science (Q3); Public Administration (Q4)";"Social Sciences"
577;21101218357;"Revista da Defensoria Publica do Distrito Federal";journal;"26745755, 26745739";"Defensoria Publica do Distrito Federal";Yes;Yes;0,205;Q3;2;0;27;0;1;23;0,00;0,00;0,00;0;Brazil;Latin America;"Defensoria Publica do Distrito Federal";"2019-2024";"Law (Q3); Social Sciences (miscellaneous) (Q3)";"Social Sciences"
578;21101272842;"Scientometrics Research Journal";journal;"24235563, 24233773";"Shahed University";Yes;Yes;0,205;Q3;5;26;96;1267;45;91;0,44;48,73;49,02;0;Iran;Middle East;"Shahed University";"2021-2025";"Library and Information Sciences (Q3); Social Sciences (miscellaneous) (Q3)";"Social Sciences"
579;21100897945;"Educacao and Realidade";journal;"01003143, 21756236";"Universidade Federal do Rio Grande do Sul,Faculdade de Educacao";Yes;Yes;0,204;Q3;9;60;185;2219;62;184;0,26;36,98;55,88;0;Brazil;Latin America;"Universidade Federal do Rio Grande do Sul,Faculdade de Educacao";"2018-2025";"Arts and Humanities (miscellaneous) (Q2); Education (Q3); Social Sciences (miscellaneous) (Q3)";"Arts and Humanities; Social Sciences"
580;4700152401;"Psychoanalytic Social Work";journal;"15229033, 15228878";"Routledge";No;No;0,204;Q3;15;22;37;780;15;36;0,36;35,45;56,67;0;United States;Northern America;"Routledge";"1999-2025";"Social Sciences (miscellaneous) (Q3); Social Psychology (Q4); Social Work (Q4)";"Psychology; Social Sciences"
581;22016;"Teorija in Praksa";journal;"00403598";"Ljubljana University, Faculty of Social Sciences";No;No;0,204;Q3;13;41;137;2300;56;125;0,33;56,10;55,93;0;Slovenia;Eastern Europe;"Ljubljana University, Faculty of Social Sciences";"1981-1983, 1985, 2011-2025";"Social Sciences (miscellaneous) (Q3)";"Social Sciences"
582;21101347033;"Journal of Public Space";journal;"22069658";"City Space Architecture";Yes;No;0,203;Q3;6;11;104;415;88;95;0,53;37,73;47,62;0;Italy;Western Europe;"City Space Architecture";"2021-2025";"Arts and Humanities (miscellaneous) (Q2); Geography, Planning and Development (Q3); Social Sciences (miscellaneous) (Q3); Urban Studies (Q3)";"Arts and Humanities; Social Sciences"
583;21101093350;"Kriminologie";journal;"26986779";"Universitat zu Koln";Yes;Yes;0,203;Q3;6;27;59;1300;21;56;0,24;48,15;55,56;0;Germany;Western Europe;"Universitat zu Koln";"2019-2025";"Cultural Studies (Q2); Law (Q3); Social Sciences (miscellaneous) (Q3); Sociology and Political Science (Q3)";"Social Sciences"
584;21101036620;"Sport und Gesellschaft";journal;"23660465, 16103181";"De Gruyter Oldenbourg";No;No;0,203;Q3;12;11;51;479;13;44;0,31;43,55;44,44;0;Germany;Western Europe;"De Gruyter Oldenbourg";"2004-2026";"History (Q2); Philosophy (Q2); Social Sciences (miscellaneous) (Q3)";"Arts and Humanities; Social Sciences"
585;21101066733;"Yillik: Annual of Istanbul Studies";journal;"26875012, 26875691";"Istanbul Research Institute";No;No;0,203;Q3;5;15;36;665;13;35;0,25;44,33;33,33;0;Turkey;Middle East;"Istanbul Research Institute";"2019-2025";"Visual Arts and Performing Arts (Q1); Archeology (arts and humanities) (Q2); Arts and Humanities (miscellaneous) (Q2); History (Q2); Anthropology (Q3); Geography, Planning and Development (Q3); Social Sciences (miscellaneous) (Q3); Urban Studies (Q3)";"Arts and Humanities; Social Sciences"
586;5700164001;"Athenea Digital";journal;"15788946, 20144539";"Universitat Autonoma de Barcelona";Yes;Yes;0,202;Q3;19;47;99;1904;46;99;0,39;40,51;51,25;0;Spain;Western Europe;"Universitat Autonoma de Barcelona";"2007-2026";"Social Sciences (miscellaneous) (Q3)";"Social Sciences"
587;21101233960;"Ethnologia Polona";journal;"27196976, 01374079";"Institute of Archaeology and Ethnology, Polish Academy of Sciences";Yes;Yes;0,202;Q3;4;10;29;521;20;27;0,32;52,10;45,45;0;Poland;Eastern Europe;"Institute of Archaeology and Ethnology, Polish Academy of Sciences";"2022-2025";"Arts and Humanities (miscellaneous) (Q2); Cultural Studies (Q2); Anthropology (Q3); Social Sciences (miscellaneous) (Q3)";"Arts and Humanities; Social Sciences"
588;21101267123;"International Journal of Social Imaginaries";journal;"27727858, 27727866";"Brill Academic Publishers";No;No;0,202;Q3;4;19;44;465;25;38;0,57;24,47;18,75;0;Netherlands;Western Europe;"Brill Academic Publishers";"2022-2026";"Social Sciences (miscellaneous) (Q3)";"Social Sciences"
589;5600153163;"New Zealand Sociology";journal;"0112921X, 11731036";"New Zealand Sociology";No;No;0,202;Q3;14;17;44;1010;25;41;0,52;59,41;52,17;0;New Zealand;Pacific Region;"New Zealand Sociology";"2010-2025";"Social Sciences (miscellaneous) (Q3)";"Social Sciences"
590;19900189254;"International Journal of Technology, Knowledge and Society";journal;"28350391, 18323669";"Common Ground Research Networks";No;No;0,201;Q3;11;22;18;1134;24;18;1,38;51,55;52,38;0;United States;Northern America;"Common Ground Research Networks";"2008-2014, 2016-2025";"Library and Information Sciences (Q3); Social Sciences (miscellaneous) (Q3); Computer Science Applications (Q4); Education (Q4); Engineering (miscellaneous) (Q4)";"Computer Science; Engineering; Social Sciences"
591;21101053580;"Journal of Psychosocial Studies";journal;"14786737";"Policy Press";No;No;0,201;Q3;8;20;68;495;52;59;0,84;24,75;58,33;0;United Kingdom;Western Europe;"Policy Press";"2019-2025";"Cultural Studies (Q2); Social Sciences (miscellaneous) (Q3); Sociology and Political Science (Q3); Social Psychology (Q4)";"Psychology; Social Sciences"
592;21101183722;"Journal of Risk Analysis and Crisis Response";journal;"22108505";"";Yes;Yes;0,201;Q3;6;40;78;2096;78;78;0,83;52,40;27,50;0;China;Asiatic Region;"";"2019-2025";"Economics, Econometrics and Finance (miscellaneous) (Q3); Information Systems and Management (Q3); Social Sciences (miscellaneous) (Q3); Decision Sciences (miscellaneous) (Q4); Environmental Science (miscellaneous) (Q4); Management Science and Operations Research (Q4); Safety Research (Q4); Statistics, Probability and Uncertainty (Q4)";"Decision Sciences; Economics, Econometrics and Finance; Environmental Science; Social Sciences"
593;15690;"Journal of Sociology and Social Welfare";journal;"01915096";"Western Michigan University";No;No;0,201;Q3;38;14;66;496;51;65;0,67;35,43;65,22;0;United States;Northern America;"Western Michigan University";"1976-1977, 1981, 1988, 1990-1991, 1995-1996, 2005-2025";"Social Sciences (miscellaneous) (Q3); Sociology and Political Science (Q3)";"Social Sciences"
594;5000155902;"Radical Philosophy";journal;"0300211X";"Radical Philosophy";No;No;0,201;Q3;30;14;48;507;58;17;1,43;36,21;0,00;0;United Kingdom;Western Europe;"Radical Philosophy";"2006-2016, 2019-2025";"Arts and Humanities (miscellaneous) (Q2); Philosophy (Q2); Social Sciences (miscellaneous) (Q3)";"Arts and Humanities; Social Sciences"
595;21101040212;"Journal of Liberty and International Affairs";journal;"18579760";"Institute for Research and European Studies";Yes;No;0,200;Q3;9;22;191;988;185;191;1,07;44,91;60,00;0;Macedonia;Eastern Europe;"Institute for Research and European Studies";"2019-2025";"Law (Q3); Political Science and International Relations (Q3); Social Sciences (miscellaneous) (Q3); Public Administration (Q4)";"Social Sciences"
596;21101059785;"Kasetsart Journal of Social Sciences";journal;"24523151";"Kasetsart University";Yes;No;0,200;Q3;34;138;421;4922;324;421;0,69;35,67;45,13;0;Thailand;Asiatic Region;"Kasetsart University";"2015-2025";"Social Sciences (miscellaneous) (Q3)";"Social Sciences"
597;21101263031;"Humanimalia";journal;"21518645";"OpenJournals";Yes;Yes;0,199;Q3;5;21;41;1072;19;36;0,30;51,05;65,00;0;Netherlands;Western Europe;"OpenJournals";"2009, 2016-2017, 2020, 2022-2025";"Cultural Studies (Q2); Gender Studies (Q3); Social Sciences (miscellaneous) (Q3); Sociology and Political Science (Q3)";"Social Sciences"
598;17445;"Swiss Journal of Sociology";journal;"03793664, 22978348";"Schweizerische Gesellschaft fur Soziologie";Yes;Yes;0,199;Q3;13;0;53;0;42;49;1,15;0,00;0,00;0;Switzerland;Western Europe;"Schweizerische Gesellschaft fur Soziologie";"1982, 1986, 1993, 2016-2023";"Social Sciences (miscellaneous) (Q3)";"Social Sciences"
599;21101128485;"Historia Agraria de America Latina";journal;"24525162";"Centro de Estudios de Historia Agraria de America Latina";Yes;Yes;0,198;Q3;3;18;40;812;15;40;0,39;45,11;39,13;0;Chile;Latin America;"Centro de Estudios de Historia Agraria de America Latina";"2020-2025";"Arts and Humanities (miscellaneous) (Q2); History (Q2); Social Sciences (miscellaneous) (Q3)";"Arts and Humanities; Social Sciences"
600;21100373810;"Industrial Engineering and Management Systems";journal;"15987248, 22346473";"Korean Institute of Industrial Engineers";Yes;No;0,198;Q3;22;54;137;2097;213;137;0,76;38,83;37,07;0;South Korea;Asiatic Region;"Korean Institute of Industrial Engineers";"2014-2025";"Economics, Econometrics and Finance (miscellaneous) (Q3); Social Sciences (miscellaneous) (Q3)";"Economics, Econometrics and Finance; Social Sciences"
601;21100792502;"Trashumante";journal;"23229675, 23229381";"Universidad de Antioquia";Yes;Yes;0,198;Q3;7;21;88;724;25;87;0,29;34,48;65,22;0;Colombia;Latin America;"Universidad de Antioquia";"2013-2026";"History (Q2); Social Sciences (miscellaneous) (Q3)";"Arts and Humanities; Social Sciences"
602;5600152954;"Convergencia";journal;"24485799, 14051435";"Universidad Autonoma del Estado de Mexico";Yes;Yes;0,197;Q3;18;20;40;1029;36;40;0,61;51,45;60,61;0;Mexico;Latin America;"Universidad Autonoma del Estado de Mexico";"2008-2026";"Social Sciences (miscellaneous) (Q3)";"Social Sciences"
603;21101062494;"Studies in Media and Communication";journal;"2325808X, 23258071";"Redfame Publishing Inc.";No;No;0,197;Q3;16;133;356;5785;617;353;2,03;43,50;48,36;0;United States;Northern America;"Redfame Publishing Inc.";"2019-2026";"Communication (Q3); Political Science and International Relations (Q3); Social Sciences (miscellaneous) (Q3); Sociology and Political Science (Q3)";"Social Sciences"
604;21101162635;"Review of Behavioral Economics";journal;"23266201, 23266198";"Now Publishers Inc";No;No;0,196;Q3;7;19;51;1006;27;49;0,53;52,95;14,71;0;United States;Northern America;"Now Publishers Inc";"2019-2025";"Economics, Econometrics and Finance (miscellaneous) (Q3); Social Sciences (miscellaneous) (Q3); Social Psychology (Q4)";"Economics, Econometrics and Finance; Psychology; Social Sciences"
605;25973;"Social Dynamics";journal;"02533952, 19407874";"Centre for African Studies";No;No;0,196;Q3;33;9;93;458;85;86;1,11;50,89;66,67;0;South Africa;Africa;"Centre for African Studies";"1975-2026";"Social Sciences (miscellaneous) (Q3)";"Social Sciences"
606;27142;"Indian Economic and Social History Review";journal;"09730893, 00194646";"SAGE Publications Ltd";No;No;0,195;Q3;33;16;49;1091;21;49;0,39;68,19;33,33;0;United Kingdom;Western Europe;"SAGE Publications Ltd";"1963-2026";"History (Q2); Social Sciences (miscellaneous) (Q3); Economics and Econometrics (Q4)";"Arts and Humanities; Economics, Econometrics and Finance; Social Sciences"
607;5700167148;"International Journal of Asian Studies";journal;"14795914, 14795922";"Cambridge University Press";No;No;0,195;Q3;16;27;97;2086;68;97;0,74;77,26;24,14;0;United Kingdom;Western Europe;"Cambridge University Press";"1996, 2004-2005, 2007, 2009-2026";"Arts and Humanities (miscellaneous) (Q2); Social Sciences (miscellaneous) (Q3)";"Arts and Humanities; Social Sciences"
608;21101060495;"Journal of Entrepreneurial and Organizational Diversity";journal;"22818642";"EURICSE";No;No;0,195;Q3;6;13;25;590;26;23;0,76;45,38;33,33;0;Italy;Western Europe;"EURICSE";"2019-2025";"Economics, Econometrics and Finance (miscellaneous) (Q3); Social Sciences (miscellaneous) (Q3); Organizational Behavior and Human Resource Management (Q4); Strategy and Management (Q4)";"Business, Management and Accounting; Economics, Econometrics and Finance; Social Sciences"
609;21101044720;"REDES";journal;"23854626, 15790185";"Universidad Autonoma de Barcelona, Departamento de Antropologia Social y Cultural";Yes;Yes;0,194;Q3;6;17;46;838;20;46;0,52;49,29;53,13;1;Spain;Western Europe;"Universidad Autonoma de Barcelona, Departamento de Antropologia Social y Cultural";"2019-2026";"Communication (Q3); Social Sciences (miscellaneous) (Q3)";"Social Sciences"
610;21101121575;"American Journal of Islam and Society";journal;"26903733, 26903741";"International Institute of Islamic Thought";Yes;Yes;0,193;Q3;5;11;49;558;33;40;0,61;50,73;11,11;0;United States;Northern America;"International Institute of Islamic Thought";"2010-2013, 2020-2025";"Cultural Studies (Q2); History (Q2); Philosophy (Q2); Religious Studies (Q2); Law (Q3); Social Sciences (miscellaneous) (Q3); Sociology and Political Science (Q3)";"Arts and Humanities; Social Sciences"
611;21101209808;"Economic Thought and Practice";journal;"13301039, 1848963X";"University of Dubronvnik";Yes;Yes;0,193;Q3;8;30;90;1445;79;90;0,58;48,17;45,45;0;Croatia;Eastern Europe;"University of Dubronvnik";"2020-2025";"Economics, Econometrics and Finance (miscellaneous) (Q3); Social Sciences (miscellaneous) (Q3); Economics and Econometrics (Q4); Finance (Q4)";"Economics, Econometrics and Finance; Social Sciences"
612;21100829925;"HiSTOReLo";journal;"2145132X";"Universidad Nacional de Colombia";Yes;Yes;0,193;Q3;6;25;72;1291;18;62;0,09;51,64;47,22;0;Colombia;Latin America;"Universidad Nacional de Colombia";"2013-2026";"Cultural Studies (Q2); History (Q2); Pharmacology, Toxicology and Pharmaceutics (miscellaneous) (Q3); Social Sciences (miscellaneous) (Q3)";"Arts and Humanities; Pharmacology, Toxicology and Pharmaceutics; Social Sciences"
613;21101090412;"Historia Scholastica";journal;"2336680X, 18044913";"Comenius National Pedagogical Library";Yes;Yes;0,193;Q3;3;19;71;718;15;66;0,18;37,79;63,64;0;Czech Republic;Eastern Europe;"Comenius National Pedagogical Library";"2019-2025";"History (Q2); Social Sciences (miscellaneous) (Q3); Education (Q4)";"Arts and Humanities; Social Sciences"
614;21101281057;"Indonesian Journal of Criminal Law Studies";journal;"25481576, 25481568";"Universitas Negeri Semarang";No;No;0,193;Q3;2;28;26;1264;19;26;0,73;45,14;33,80;0;Indonesia;Asiatic Region;"Universitas Negeri Semarang";"2023-2025";"Gender Studies (Q3); Law (Q3); Social Sciences (miscellaneous) (Q3); Social Psychology (Q4)";"Psychology; Social Sciences"
615;21100831449;"Italian Journal of Sociology of Education";journal;"20354983";"Padova University Press";Yes;Yes;0,193;Q3;11;12;81;585;58;78;0,74;48,75;82,61;0;Italy;Western Europe;"Padova University Press";"2017-2025";"Social Sciences (miscellaneous) (Q3); Education (Q4)";"Social Sciences"
616;144824;"Standort";journal;"1432220X, 01743635";"Springer Science and Business Media Deutschland GmbH";No;No;0,193;Q3;8;64;114;973;44;64;0,31;15,20;40,51;0;Germany;Western Europe;"Springer Science and Business Media Deutschland GmbH";"2005-2026";"Social Sciences (miscellaneous) (Q3); Urban Studies (Q3); Development (Q4); Earth and Planetary Sciences (miscellaneous) (Q4); Environmental Science (miscellaneous) (Q4); Geography, Planning and Development (Q4); Management, Monitoring, Policy and Law (Q4)";"Earth and Planetary Sciences; Environmental Science; Social Sciences"
617;21101285837;"African Multidisciplinary Tax Journal (AMTJ)";journal;"27100685, 27098575";"Juta and Company Ltd";No;No;0,191;Q3;3;17;51;407;17;48;0,38;23,94;14,29;0;South Africa;Africa;"Juta and Company Ltd";"2021-2025";"Social Sciences (miscellaneous) (Q3); Business, Management and Accounting (miscellaneous) (Q4); Public Administration (Q4)";"Business, Management and Accounting; Social Sciences"
618;21100945164;"Alternativas";journal;"19899971, 11330473";"University of Alicante - Department of Social Work and Social Services";Yes;Yes;0,191;Q3;5;12;53;661;34;53;0,82;55,08;53,85;0;Spain;Western Europe;"University of Alicante - Department of Social Work and Social Services";"2019-2025";"Social Sciences (miscellaneous) (Q3); Sociology and Political Science (Q3); Health (social science) (Q4)";"Social Sciences"
619;5600154056;"Futuribles: Analyse et Prospective";journal;"0337307X";"Futuribles";No;No;0,191;Q3;7;48;156;877;17;132;0,15;18,27;15,79;0;France;Western Europe;"Futuribles";"1977, 1979, 1983-1987, 1989-1997, 1999, 2005-2026";"Social Sciences (miscellaneous) (Q3); Business, Management and Accounting (miscellaneous) (Q4)";"Business, Management and Accounting; Social Sciences"
620;21101039230;"International Journal of Information, Diversity and Inclusion";journal;"25743430";"University of Hawaii at Manoa";Yes;Yes;0,191;Q3;11;6;50;167;44;50;0,82;27,83;71,43;0;United States;Northern America;"University of Hawaii at Manoa";"2019-2025";"Library and Information Sciences (Q3); Social Sciences (miscellaneous) (Q3)";"Social Sciences"
621;21100900365;"Cogito";journal;"20686706, 22479384";"PROUniversitaria Publishing House";Yes;Yes;0,190;Q3;9;41;123;1388;60;123;0,46;33,85;50,00;0;Romania;Eastern Europe;"PROUniversitaria Publishing House";"2018-2025";"Arts and Humanities (miscellaneous) (Q2); Social Sciences (miscellaneous) (Q3)";"Arts and Humanities; Social Sciences"
622;22449;"Indian Journal of History of Science";journal;"24549991, 00195235";"Indian National Science Academy";No;No;0,190;Q3;4;44;98;1434;46;98;0,46;32,59;29,51;0;India;Asiatic Region;"Indian National Science Academy";"1970-1973, 1975-1976, 1978-1984, 1986-1987, 1989-1991, 1994, 2021-2026";"Agricultural and Biological Sciences (miscellaneous) (Q3); History and Philosophy of Science (Q3); Social Sciences (miscellaneous) (Q3)";"Agricultural and Biological Sciences; Arts and Humanities; Social Sciences"
623;21101152743;"Indonesia Law Review";journal;"20888430, 23562129";"University of Indonesia Faculty of Law";Yes;Yes;0,190;Q3;7;12;39;462;23;39;0,54;38,50;36,00;0;Indonesia;Asiatic Region;"University of Indonesia Faculty of Law";"2019-2025";"Law (Q3); Social Sciences (miscellaneous) (Q3); Education (Q4)";"Social Sciences"
624;21100897527;"Journal of Arabian Studies";journal;"21534780";"Taylor and Francis Ltd.";No;No;0,190;Q3;19;9;49;734;33;47;0,44;81,56;46,15;0;United Kingdom;Western Europe;"Taylor and Francis Ltd.";"2011-2026";"Arts and Humanities (miscellaneous) (Q2); Cultural Studies (Q2); Social Sciences (miscellaneous) (Q3)";"Arts and Humanities; Social Sciences"
625;21101189040;"Journal of Sustainable Development Law and Policy";journal;"24678392, 24678406";"Institute for Oil, Gas, Environment, Energy and Sustainable Development, Afe Babalola University";Yes;Yes;0,190;Q3;6;58;93;3453;83;84;0,93;59,53;48,75;0;Nigeria;Africa;"Institute for Oil, Gas, Environment, Energy and Sustainable Development, Afe Babalola University";"2019-2026";"Law (Q3); Social Sciences (miscellaneous) (Q3); Development (Q4)";"Social Sciences"
626;21100874136;"Sozialer Fortschritt";journal;"18655386, 0038609X";"Duncker und Humblot GmbH";No;No;0,190;Q3;10;35;180;1090;44;159;0,22;31,14;47,27;2;Germany;Western Europe;"Duncker und Humblot GmbH";"2008-2025";"Social Sciences (miscellaneous) (Q3); Sociology and Political Science (Q3)";"Social Sciences"
627;21101192682;"Nuevo Derecho";journal;"20114540, 2500672X";"University Institution of Envigado";Yes;Yes;0,189;Q3;3;10;43;489;12;37;0,24;48,90;28,57;0;Colombia;Latin America;"University Institution of Envigado";"2019-2025";"Law (Q3); Social Sciences (miscellaneous) (Q3)";"Social Sciences"
628;21101033834;"Review of Applied Socio-Economic Research";journal;"22476172";"Pro Global Science Association";No;No;0,189;Q3;7;26;76;1085;69;69;0,55;41,73;46,00;0;Romania;Eastern Europe;"Pro Global Science Association";"2019-2025";"Social Sciences (miscellaneous) (Q3); Business and International Management (Q4); Economics and Econometrics (Q4); Management of Technology and Innovation (Q4); Marketing (Q4)";"Business, Management and Accounting; Economics, Econometrics and Finance; Social Sciences"
629;5600156255;"Tydskrif vir Geesteswetenskappe";journal;"00414751, 22247912";"South African Academy for Science and the Arts";Yes;No;0,189;Q3;9;46;154;1859;17;138;0,09;40,41;32,50;0;South Africa;Africa;"South African Academy for Science and the Arts";"2009-2025";"Arts and Humanities (miscellaneous) (Q2); Social Sciences (miscellaneous) (Q3)";"Arts and Humanities; Social Sciences"
630;21101192681;"Bosniaca";journal;"15125033, 23038888";"National and University Library of Bosnia and Herzegovina";Yes;Yes;0,188;Q3;2;18;39;485;13;36;0,35;26,94;80,95;0;Bosnia and Herzegovina;Eastern Europe;"National and University Library of Bosnia and Herzegovina";"2022-2025";"Cultural Studies (Q2); Social Sciences (miscellaneous) (Q3); Education (Q4)";"Social Sciences"
631;21100464775;"Hospitality and Society";journal;"20427921, 20427913";"Intellect Ltd.";No;No;0,188;Q3;25;15;44;1035;58;40;0,64;69,00;54,55;0;United Kingdom;Western Europe;"Intellect Ltd.";"2011-2026";"Social Sciences (miscellaneous) (Q3); Tourism, Leisure and Hospitality Management (Q4)";"Business, Management and Accounting; Social Sciences"
632;21101088439;"Canadian Journal of Nonprofit and Social Economy Research";journal;"19209355";"University of Alberta Library";Yes;Yes;0,187;Q3;14;22;78;807;42;68;0,58;36,68;52,83;0;Canada;Northern America;"University of Alberta Library";"2010-2025";"Social Sciences (miscellaneous) (Q3); Sociology and Political Science (Q3)";"Social Sciences"
633;21100889415;"African Journal of Social Work";journal;"24095605";"National Association of Social Workers";Yes;Yes;0,186;Q3;15;27;108;508;95;108;0,81;18,81;50,00;0;Zimbabwe;Africa;"National Association of Social Workers";"2018-2025";"Social Sciences (miscellaneous) (Q3); Sociology and Political Science (Q3); Education (Q4); Health (social science) (Q4)";"Social Sciences"
634;21100901477;"Historia Regional";journal;"03298213, 24690732";"Seccion Historia. Instituto Superior del Profesorado 'Eduardo Lafferriere'";Yes;Yes;0,186;Q3;3;56;167;2000;21;162;0,13;35,71;51,39;0;Argentina;Latin America;"Seccion Historia. Instituto Superior del Profesorado 'Eduardo Lafferriere'";"2018-2026";"History (Q2); Social Sciences (miscellaneous) (Q3)";"Arts and Humanities; Social Sciences"
635;21100256950;"Movement and Sports Sciences - Science et Motricite";journal;"21185735, 21185743";"EDP Sciences";No;No;0,186;Q3;19;43;83;2231;31;80;0,29;51,88;38,89;0;France;Western Europe;"EDP Sciences";"2010-2025";"Multidisciplinary (Q3); Social Sciences (miscellaneous) (Q3); Neuropsychology and Physiological Psychology (Q4); Orthopedics and Sports Medicine (Q4); Physical Therapy, Sports Therapy and Rehabilitation (Q4); Physiology (Q4); Physiology (medical) (Q4); Psychology (miscellaneous) (Q4)";"Biochemistry, Genetics and Molecular Biology; Health Professions; Medicine; Multidisciplinary; Psychology; Social Sciences"
636;21101050073;"Revista Espanola de Investigacion Criminologica";journal;"16969219";"Sociedad Espanola de Investigacion Criminologica";Yes;Yes;0,186;Q3;6;13;63;693;35;57;0,60;53,31;58,06;0;Spain;Western Europe;"Sociedad Espanola de Investigacion Criminologica";"2016, 2019-2025";"Law (Q3); Social Sciences (miscellaneous) (Q3)";"Social Sciences"
637;21100868416;"Laboratorium: Russian Review of Social Research";journal;"20781938, 20768214";"Institute for European Russian and Eurasian Studies, The George Washington University";No;No;0,185;Q3;8;15;56;741;29;56;0,50;49,40;52,38;0;United States;Northern America;"Institute for European Russian and Eurasian Studies, The George Washington University";"2018-2025";"Cultural Studies (Q2); History (Q2); Anthropology (Q3); Gender Studies (Q3); Political Science and International Relations (Q3); Social Sciences (miscellaneous) (Q3); Sociology and Political Science (Q3)";"Arts and Humanities; Social Sciences"
638;25234;"Perspectives on Global Development and Technology";journal;"15691497, 15691500";"Brill Academic Publishers";No;No;0,185;Q3;24;35;78;1538;58;75;0,83;43,94;27,12;0;Netherlands;Western Europe;"Brill Academic Publishers";"2002-2025";"Political Science and International Relations (Q3); Social Sciences (miscellaneous) (Q3); Development (Q4); Education (Q4); Geography, Planning and Development (Q4); Health (social science) (Q4)";"Social Sciences"
639;21101179091;"Revista Eletronica Direito e Sociedade";journal;"23188081";"Universidade LaSalle - Unilasalle";Yes;Yes;0,184;Q3;4;39;101;1416;22;96;0,28;36,31;48,94;0;Brazil;Latin America;"Universidade LaSalle - Unilasalle";"2019-2025";"Cultural Studies (Q2); Gender Studies (Q3); Social Sciences (miscellaneous) (Q3)";"Social Sciences"
640;21101007249;"Humanities, Arts and Social Sciences Studies";journal;"26300079";"Silpakorn University";No;No;0,183;Q3;6;65;189;2394;131;189;0,70;36,83;53,13;0;Thailand;Asiatic Region;"Silpakorn University";"2019-2025";"Arts and Humanities (miscellaneous) (Q2); Social Sciences (miscellaneous) (Q3)";"Arts and Humanities; Social Sciences"
641;21101224872;"International Journal of Innovation";journal;"23189975";"Universidade Nove de Julho-UNINOVE";No;No;0,183;Q3;4;27;60;1648;57;54;0,95;61,04;21,15;0;Brazil;Latin America;"Universidade Nove de Julho-UNINOVE";"2023-2025";"Social Sciences (miscellaneous) (Q3); Management of Technology and Innovation (Q4)";"Business, Management and Accounting; Social Sciences"
642;21101152604;"International Journal of Population Studies";journal;"24248606, 24248150";"AccScience Publishing";No;No;0,183;Q3;6;60;81;3185;70;78;0,82;53,08;39,73;2;Singapore;Asiatic Region;"AccScience Publishing";"2019-2026";"Demography (Q3); Social Sciences (miscellaneous) (Q3); Sociology and Political Science (Q3)";"Social Sciences"
643;21101307221;"Journal Of Economic Sciences: Theory And Practice";journal;"30790425, 30790433";"Azerbaijan State University of Economics";No;No;0,183;Q3;3;12;33;478;25;33;1,04;39,83;43,75;0;Azerbaijan;Eastern Europe;"Azerbaijan State University of Economics";"2022-2025";"Economics, Econometrics and Finance (miscellaneous) (Q3); Social Sciences (miscellaneous) (Q3); Economics and Econometrics (Q4); Finance (Q4); Health (social science) (Q4)";"Economics, Econometrics and Finance; Social Sciences"
644;5600152962;"Trames";journal;"17367514, 14060922";"Estonian Academy Publishers";Yes;No;0,183;Q3;21;15;69;718;61;69;0,78;47,87;31,03;0;Estonia;Eastern Europe;"Estonian Academy Publishers";"2008-2025";"Arts and Humanities (miscellaneous) (Q2); Social Sciences (miscellaneous) (Q3)";"Arts and Humanities; Social Sciences"
645;26001;"Drustvena Istrazivanja";journal;"18486096, 13300288";"Institute of Social Sciences Ivo Pilar";Yes;Yes;0,181;Q3;22;17;92;738;51;90;0,48;43,41;73,17;0;Croatia;Eastern Europe;"Institute of Social Sciences Ivo Pilar";"1996-2026";"Social Sciences (miscellaneous) (Q3); Sociology and Political Science (Q3)";"Social Sciences"
646;8300153102;"Religion and Human Rights";journal;"18710328, 1871031X";"Martinus Nijhoff Publishers";No;No;0,181;Q3;12;9;23;777;9;22;0,38;86,33;41,18;0;Netherlands;Western Europe;"Martinus Nijhoff Publishers";"2006-2025";"Religious Studies (Q2); Political Science and International Relations (Q3); Social Sciences (miscellaneous) (Q3); Sociology and Political Science (Q3)";"Arts and Humanities; Social Sciences"
647;24698;"African Studies Quarterly";journal;"21522448";"University of Florida";Yes;No;0,180;Q3;29;13;36;1184;24;35;0,30;91,08;22,73;0;United States;Northern America;"University of Florida";"2002-2025";"Social Sciences (miscellaneous) (Q3)";"Social Sciences"
648;21100199124;"International Journal of Sustainable Manufacturing";journal;"17427223, 17427231";"Inderscience";No;No;0,180;Q3;19;0;6;0;8;6;0,00;0,00;0,00;0;Switzerland;Western Europe;"Inderscience";"2008-2015, 2018, 2020-2022";"Industrial and Manufacturing Engineering (Q3); Social Sciences (miscellaneous) (Q3); Decision Sciences (miscellaneous) (Q4); Management of Technology and Innovation (Q4)";"Business, Management and Accounting; Decision Sciences; Engineering; Social Sciences"
649;12115;"Journal of Economic and Social Measurement";journal;"07479662, 18758932";"SAGE Publications Ltd";No;No;0,180;Q3;26;0;6;0;2;6;0,00;0,00;0,00;0;Netherlands;Western Europe;"SAGE Publications Ltd";"1985-1986, 1989-2002, 2004-2020, 2022-2023";"Social Sciences (miscellaneous) (Q3)";"Social Sciences"
650;23285;"Natures Sciences Societes";journal;"12401307, 17652979";"EDP Sciences";Yes;Yes;0,179;Q3;24;27;119;841;42;102;0,32;31,15;45,83;0;France;Western Europe;"EDP Sciences";"1995-2026";"Multidisciplinary (Q3); Social Sciences (miscellaneous) (Q3); Agricultural and Biological Sciences (miscellaneous) (Q4); Biochemistry, Genetics and Molecular Biology (miscellaneous) (Q4); Earth and Planetary Sciences (miscellaneous) (Q4); Environmental Science (miscellaneous) (Q4)";"Agricultural and Biological Sciences; Biochemistry, Genetics and Molecular Biology; Earth and Planetary Sciences; Environmental Science; Multidisciplinary; Social Sciences"
651;17356;"Revista Mexicana de Sociologia";journal;"25940651, 01882503";"Universidad Nacional Autonoma de Mexico";Yes;Yes;0,179;Q3;19;30;122;1489;58;122;0,40;49,63;28,95;0;Mexico;Latin America;"Universidad Nacional Autonoma de Mexico";"1976, 1978-1979, 1981, 1983, 1985, 1988, 1990, 1993, 1995-1996, 2011-2025";"Social Sciences (miscellaneous) (Q3); Sociology and Political Science (Q3)";"Social Sciences"
652;5600155299;"Annales-Anali za Istrske in Mediteranske Studije - Series Historia et Sociologia";journal;"13189425, 14085348";"The Historical Society of Southern Primorska of Koper, Institute IRRIS for Research, Development and Strategies of Society, Culture and Environment";Yes;Yes;0,178;Q3;14;53;130;2687;37;130;0,37;50,70;50,47;0;Slovenia;Eastern Europe;"The Historical Society of Southern Primorska of Koper, Institute IRRIS for Research, Development and Strategies of Society, Culture and Environment";"2011-2025";"History (Q2); Social Sciences (miscellaneous) (Q3)";"Arts and Humanities; Social Sciences"
653;21101272595;"International Journal of Law and Society";journal;"28279050, 28279042";"CV Najaha";No;No;0,178;Q3;4;27;52;1525;38;52;0,91;56,48;32,31;0;Indonesia;Asiatic Region;"CV Najaha";"2022-2026";"Arts and Humanities (miscellaneous) (Q2); Political Science and International Relations (Q3); Social Sciences (miscellaneous) (Q3); Sociology and Political Science (Q3)";"Arts and Humanities; Social Sciences"
654;28431;"Canadian Journal of Regional Science";journal;"19252218, 07054580";"Canadian Regional Science Association";No;No;0,177;Q3;5;11;49;500;33;44;0,59;45,45;33,33;1;Canada;Northern America;"Canadian Regional Science Association";"1978, 1983, 1986, 1988, 2021-2025";"Demography (Q3); Social Sciences (miscellaneous) (Q3); Urban Studies (Q3); Geography, Planning and Development (Q4)";"Social Sciences"
655;21101289806;"Journal of Management Practices, Humanities and Social Sciences (JMPHSS)";journal;"26046423";"Society for Arts and Social Sciences (SASS)";No;No;0,177;Q3;6;27;147;1163;88;147;0,67;43,07;60,29;0;Pakistan;Asiatic Region;"Society for Arts and Social Sciences (SASS)";"2021-2025";"Arts and Humanities (miscellaneous) (Q2); Social Sciences (miscellaneous) (Q3)";"Arts and Humanities; Social Sciences"
656;26962;"Tidsskrift for Samfunnsforskning";journal;"1504291X, 0040716X";"Scandinavian University Press";Yes;Yes;0,177;Q3;12;15;55;712;32;55;0,63;47,47;63,33;0;Norway;Western Europe;"Scandinavian University Press";"1970, 1976, 1980-1982, 1985, 1987, 1998-1999, 2001-2025";"Social Sciences (miscellaneous) (Q3); Sociology and Political Science (Q3)";"Social Sciences"
657;21100823440;"Corvinus Journal of Sociology and Social Policy";journal;"2062087X, 20615558";"Corvinus University of Budapest";Yes;Yes;0,176;Q3;10;6;65;269;31;61;0,42;44,83;58,33;0;Hungary;Eastern Europe;"Corvinus University of Budapest";"2016-2025";"Social Sciences (miscellaneous) (Q3); Sociology and Political Science (Q3); Economics, Econometrics and Finance (miscellaneous) (Q4)";"Economics, Econometrics and Finance; Social Sciences"
658;21101048550;"Ikenga";journal;"20064241, 27144321";"University of Nigeria, Institute of African Studies";No;No;0,176;Q3;5;42;106;1783;43;105;0,42;42,45;31,25;0;Nigeria;Africa;"University of Nigeria, Institute of African Studies";"2019-2025";"Literature and Literary Theory (Q1); Archeology (arts and humanities) (Q2); Arts and Humanities (miscellaneous) (Q2); Cultural Studies (Q2); History (Q2); Religious Studies (Q2); Gender Studies (Q3); Social Sciences (miscellaneous) (Q3)";"Arts and Humanities; Social Sciences"
659;21101102055;"International Journal of Sport and Society";journal;"21527865, 21527857";"Common Ground Research Networks";No;No;0,176;Q3;5;23;73;1448;53;73;0,86;62,96;52,94;0;United States;Northern America;"Common Ground Research Networks";"2019-2025";"Health Professions (miscellaneous) (Q3); Social Sciences (miscellaneous) (Q3); Education (Q4); Medicine (miscellaneous) (Q4); Psychology (miscellaneous) (Q4); Urology (Q4)";"Health Professions; Medicine; Psychology; Social Sciences"
660;21101304611;"Review of Agrarian Studies";journal;"22489002, 22494405";"Tulika Books";No;No;0,176;Q3;11;15;44;249;24;21;0,33;16,60;33,33;0;India;Asiatic Region;"Tulika Books";"2018-2025";"Social Sciences (miscellaneous) (Q3); Sociology and Political Science (Q3)";"Social Sciences"
661;19700169301;"Revista de Economia Mundial";journal;"23404264, 15760162";"Universidad de Huelva";Yes;Yes;0,176;Q3;17;29;90;1428;46;75;0,57;49,24;43,86;0;Spain;Western Europe;"Universidad de Huelva";"2003-2025";"History (Q2); Political Science and International Relations (Q3); Social Sciences (miscellaneous) (Q3); Economics and Econometrics (Q4); Geography, Planning and Development (Q4); Transportation (Q4)";"Arts and Humanities; Economics, Econometrics and Finance; Social Sciences"
662;7200153128;"Zeitschrift fur Evaluation";journal;"16195515";"Waxmann Verlag GmbH";No;No;0,176;Q3;8;33;68;677;17;39;0,33;20,52;45,71;0;Germany;Western Europe;"Waxmann Verlag GmbH";"2006-2013, 2015-2025";"Communication (Q3); Social Sciences (miscellaneous) (Q3); Applied Psychology (Q4); Education (Q4); Statistics and Probability (Q4); Strategy and Management (Q4)";"Business, Management and Accounting; Mathematics; Psychology; Social Sciences"
663;21101312745;"KARSA";journal;"24423289, 24424285";"Universitas Islam Negeri Madura";No;No;0,175;Q3;3;16;48;808;21;48;0,42;50,50;32,50;0;Indonesia;Asiatic Region;"Universitas Islam Negeri Madura";"2022-2025";"Arts and Humanities (miscellaneous) (Q2); Cultural Studies (Q2); Religious Studies (Q2); Social Sciences (miscellaneous) (Q3); Decision Sciences (miscellaneous) (Q4)";"Arts and Humanities; Decision Sciences; Social Sciences"
664;21101073713;"Letras (Peru)";journal;"20715072, 03784878";"National University of San Marcos. Faculty of Letters and Human Sciences";Yes;Yes;0,175;Q3;6;25;87;925;25;82;0,28;37,00;29,17;0;Peru;Latin America;"National University of San Marcos. Faculty of Letters and Human Sciences";"2018-2025";"Literature and Literary Theory (Q1); Arts and Humanities (miscellaneous) (Q2); Cultural Studies (Q2); Linguistics and Language (Q2); Social Sciences (miscellaneous) (Q3)";"Arts and Humanities; Social Sciences"
665;21101061822;"Scientific Culture";journal;"24080071, 24079529";"University of AEGEAN";No;No;0,175;Q3;13;376;84;15232;72;82;0,96;40,51;38,92;0;Greece;Western Europe;"University of AEGEAN";"2019-2026";"Archeology (arts and humanities) (Q2); Arts and Humanities (miscellaneous) (Q2); Conservation (Q2); History (Q2); Archeology (Q3); Social Sciences (miscellaneous) (Q3); Environmental Science (miscellaneous) (Q4)";"Arts and Humanities; Environmental Science; Social Sciences"
666;21101145668;"An-Najah University Journal for Research - B (Humanities)";journal;"23118962, 17278449";"An-Najah National University";No;No;0,174;Q3;9;85;251;3424;150;251;0,56;40,28;32,12;0;Palestine;Middle East;"An-Najah National University";"2019-2026";"Social Sciences (miscellaneous) (Q3)";"Social Sciences"
667;21101095657;"Economia, Sociedad y Territorio";journal;"14058421, 24486183";"El Colegio Mexiquense AC";Yes;Yes;0,174;Q3;7;35;108;1436;57;108;0,47;41,03;39,62;0;Mexico;Latin America;"El Colegio Mexiquense AC";"2019-2025";"Demography (Q3); Social Sciences (miscellaneous) (Q3); Urban Studies (Q3); Geography, Planning and Development (Q4)";"Social Sciences"
668;21101260458;"International Journal of Agricultural Science, Research and Technology in Extension and Education Systems";journal;"22517588, 22517596";"Agricultural Extension Department, Islamic Azad University Shushtar";No;No;0,173;Q3;4;18;68;764;33;68;0,45;42,44;34,38;0;Iran;Middle East;"Agricultural Extension Department, Islamic Azad University Shushtar";"2020-2025";"Cultural Studies (Q2); Social Sciences (miscellaneous) (Q3); Agricultural and Biological Sciences (miscellaneous) (Q4); Development (Q4)";"Agricultural and Biological Sciences; Social Sciences"
669;21101057633;"Critical Ethnic Studies";journal;"23735031, 2373504X";"University of Minnesota Press";No;No;0,171;Q3;2;0;51;0;8;48;0,15;0,00;0,00;0;United States;Northern America;"University of Minnesota Press";"2020-2024";"Cultural Studies (Q2); Anthropology (Q3); Gender Studies (Q3); Social Sciences (miscellaneous) (Q3)";"Social Sciences"
670;4800156303;"CyberGeo";journal;"12783366";"Geographie-Cites";Yes;Yes;0,171;Q3;21;14;91;832;35;83;0,22;59,43;40,00;0;France;Western Europe;"Geographie-Cites";"1997-1998, 2000-2025";"Social Sciences (miscellaneous) (Q3)";"Social Sciences"
671;21101196453;"Eludamos";journal;"18666124";"Septentrio Academic Publishing";Yes;Yes;0,171;Q3;5;24;27;1077;21;23;0,48;44,88;35,71;0;Norway;Western Europe;"Septentrio Academic Publishing";"2020-2025";"Arts and Humanities (miscellaneous) (Q2); Cultural Studies (Q2); Communication (Q3); Social Sciences (miscellaneous) (Q3)";"Arts and Humanities; Social Sciences"
672;21101151616;"International Journal of Health, Wellness, and Society";journal;"21569053, 21568960";"Common Ground Research Networks";No;No;0,171;Q3;4;26;63;1291;24;61;0,28;49,65;64,41;0;United States;Northern America;"Common Ground Research Networks";"2019-2025";"Social Sciences (miscellaneous) (Q3); Health (social science) (Q4); Physiology (medical) (Q4)";"Medicine; Social Sciences"
673;21100898955;"Praxis Educativa";journal;"18094031, 18094309";"Universidade Estadual de Ponta Grossa, Editora";Yes;Yes;0,171;Q3;10;90;321;3748;91;313;0,34;41,64;51,46;0;Brazil;Latin America;"Universidade Estadual de Ponta Grossa, Editora";"2017-2026";"Social Sciences (miscellaneous) (Q3); Education (Q4)";"Social Sciences"
674;21101210852;"Revista Brasileira de Pesquisa em Turismo";journal;"19826125";"Associacao Nacional de Pesquisa e Pos-Graduacao em Turismo - ANPTUR";Yes;Yes;0,171;Q3;6;20;101;1063;69;98;0,55;53,15;43,90;0;Brazil;Latin America;"Associacao Nacional de Pesquisa e Pos-Graduacao em Turismo - ANPTUR";"2021-2025";"Social Sciences (miscellaneous) (Q3); Geography, Planning and Development (Q4); Tourism, Leisure and Hospitality Management (Q4)";"Business, Management and Accounting; Social Sciences"
675;14008;"Hrvatska Revija Za Rehabilitacijska Istrazivanja";journal;"13313010";"University of Zagreb, Faculty of Education and Rehabilitation Sciences";Yes;Yes;0,170;Q3;13;21;64;926;40;62;0,19;44,10;76,00;0;Croatia;Eastern Europe;"University of Zagreb, Faculty of Education and Rehabilitation Sciences";"1999-2006, 2008-2025";"Social Sciences (miscellaneous) (Q3); Education (Q4); Health (social science) (Q4); Rehabilitation (Q4)";"Medicine; Social Sciences"
676;5600152869;"Novos Estudos CEBRAP";journal;"01013300, 19805403";"Centro Brasileiro de Analise e Planejamento";Yes;Yes;0,170;Q3;26;19;76;736;39;76;0,47;38,74;57,69;0;Brazil;Latin America;"Centro Brasileiro de Analise e Planejamento";"2007-2025";"Social Sciences (miscellaneous) (Q3)";"Social Sciences"
677;21101219658;"Sosyoekonomi";journal;"13055577";"Sosyoekonomi Society";No;No;0,170;Q3;8;100;275;5957;171;275;0,61;59,57;35,98;0;Turkey;Middle East;"Sosyoekonomi Society";"2020-2026";"Social Sciences (miscellaneous) (Q3); Economics, Econometrics and Finance (miscellaneous) (Q4)";"Economics, Econometrics and Finance; Social Sciences"
678;27739;"Atenea";journal;"07161840, 07180462";"Universidad de Concepcion";Yes;Yes;0,169;Q3;10;51;85;1319;15;81;0,10;25,86;53,85;0;Chile;Latin America;"Universidad de Concepcion";"1979, 1984, 2000-2001, 2007-2025";"Arts and Humanities (miscellaneous) (Q2); Social Sciences (miscellaneous) (Q3)";"Arts and Humanities; Social Sciences"
679;21101102040;"Baltic Worlds";journal;"20017308, 20002955";"Sodertorn University Centre for Baltic and East European Studies";Yes;Yes;0,169;Q3;6;46;144;1852;32;104;0,30;40,26;73,17;0;Sweden;Western Europe;"Sodertorn University Centre for Baltic and East European Studies";"2019-2025";"Arts and Humanities (miscellaneous) (Q2); Cultural Studies (Q2); Social Sciences (miscellaneous) (Q3)";"Arts and Humanities; Social Sciences"
680;19700175233;"Journal for the Liberal Arts and Sciences";journal;"21673756";"School of Education,Oakland City University";No;No;0,169;Q3;5;0;18;0;24;18;1,33;0,00;0,00;0;United States;Northern America;"School of Education,Oakland City University";"2009-2017, 2019-2021, 2023";"Arts and Humanities (miscellaneous) (Q2); Social Sciences (miscellaneous) (Q3)";"Arts and Humanities; Social Sciences"
681;21101051701;"Transitions: Journal of Transient Migration";journal;"23977159, 23977140";"Intellect Ltd.";No;No;0,169;Q3;8;16;16;1020;12;16;0,70;63,75;62,96;0;United Kingdom;Western Europe;"Intellect Ltd.";"2019-2026";"Cultural Studies (Q2); Demography (Q3); Gender Studies (Q3); Social Sciences (miscellaneous) (Q3); Sociology and Political Science (Q3)";"Social Sciences"
682;12100154831;"Universum";journal;"0716498X, 07182376";"Universidad de Talca";Yes;Yes;0,169;Q3;17;18;115;603;46;107;0,36;33,50;40,00;0;Chile;Latin America;"Universidad de Talca";"2008-2025";"Arts and Humanities (miscellaneous) (Q2); Social Sciences (miscellaneous) (Q3)";"Arts and Humanities; Social Sciences"
683;21100244940;"Studia Regionalne i Lokalne";journal;"15094995, 27198049";"University of Warsaw";Yes;Yes;0,168;Q3;10;18;96;837;45;95;0,34;46,50;44,44;0;Poland;Eastern Europe;"University of Warsaw";"2013-2025";"Social Sciences (miscellaneous) (Q3)";"Social Sciences"
684;21100833806;"Journal of the Korean Society of Clothing and Textiles";journal;"22340793, 12251151";"Korean Society of Clothing and Textiles";No;No;0,167;Q3;10;80;223;3506;98;223;0,45;43,83;75,00;0;South Korea;Asiatic Region;"Korean Society of Clothing and Textiles";"2016-2025";"Arts and Humanities (miscellaneous) (Q2); Social Sciences (miscellaneous) (Q3); Human Factors and Ergonomics (Q4); Industrial and Manufacturing Engineering (Q4); Materials Science (miscellaneous) (Q4); Polymers and Plastics (Q4)";"Arts and Humanities; Engineering; Materials Science; Social Sciences"
685;21101158606;"Liquid Blackness";journal;"26923874";"Duke University Press";Yes;Yes;0,167;Q3;5;14;53;365;18;45;0,24;26,07;50,00;0;United States;Northern America;"Duke University Press";"2021-2025";"Cultural Studies (Q2); Social Sciences (miscellaneous) (Q3)";"Social Sciences"
686;21101302027;"Malaysian Journal of Qualitative Research";journal;"18238521, 30090237";"Qualitative Research Association of Malaysia (QRAM)";No;No;0,167;Q3;4;20;60;806;34;59;0,48;40,30;47,73;0;Malaysia;Asiatic Region;"Qualitative Research Association of Malaysia (QRAM)";"2021-2025";"Arts and Humanities (miscellaneous) (Q2); Social Sciences (miscellaneous) (Q3); Health (social science) (Q4)";"Arts and Humanities; Social Sciences"
687;21101375575;"International Journal of Narrative Therapy and Community Work";journal;"29818818";"Dulwich Centre Foundation";Yes;No;0,166;Q3;3;19;53;334;19;51;0,21;17,58;70,59;0;Australia;Pacific Region;"Dulwich Centre Foundation";"2023-2025";"Health Professions (miscellaneous) (Q3); Social Sciences (miscellaneous) (Q3); Psychology (miscellaneous) (Q4)";"Health Professions; Psychology; Social Sciences"
688;21101028389;"Res Mobilis";journal;"22552057";"Universidad de Oviedo";Yes;Yes;0,166;Q3;3;10;74;454;26;73;0,37;45,40;38,46;0;Spain;Western Europe;"Universidad de Oviedo";"2019-2025";"History (Q2); Visual Arts and Performing Arts (Q2); Anthropology (Q3); Social Sciences (miscellaneous) (Q3)";"Arts and Humanities; Social Sciences"
689;21101203742;"Asia Pacific Journal of Social Work and Development";journal;"29949769, 21650993";"Routledge";No;No;0,165;Q3;4;60;29;2889;19;25;0,66;48,15;48,91;0;United Kingdom;Western Europe;"Routledge";"2012, 2014, 2024-2026";"Social Sciences (miscellaneous) (Q3); Sociology and Political Science (Q3)";"Social Sciences"
690;5600152906;"Szociologiai Szemle";journal;"12162051";"Hungarian Sociological Association";No;No;0,165;Q3;10;19;61;1039;21;56;0,18;54,68;51,61;0;Hungary;Eastern Europe;"Hungarian Sociological Association";"2009-2025";"Social Sciences (miscellaneous) (Q3)";"Social Sciences"
691;21100774309;"Religion and Theology";journal;"15743012, 10230807";"Brill Academic Publishers";No;No;0,164;Q3;13;16;52;680;14;49;0,12;42,50;33,33;0;Netherlands;Western Europe;"Brill Academic Publishers";"1996-2025";"Religious Studies (Q2); Social Sciences (miscellaneous) (Q3)";"Arts and Humanities; Social Sciences"
692;21101196742;"Clio. Revista de Historia, Ciencias Humanas y Pensamiento Critico.";journal;"26609037";"Ediciones Clio";Yes;Yes;0,163;Q3;4;161;99;5774;44;85;0,54;35,86;49,65;0;Mexico;Latin America;"Ediciones Clio";"2021-2026";"Arts and Humanities (miscellaneous) (Q2); Social Sciences (miscellaneous) (Q3)";"Arts and Humanities; Social Sciences"
693;21100200022;"Journal of Korean Studies";journal;"07311613";"Center for Korea Studies, University of Washington";No;No;0,163;Q3;14;17;44;1618;20;36;0,61;95,18;57,14;0;United States;Northern America;"Center for Korea Studies, University of Washington";"2011-2025";"Social Sciences (miscellaneous) (Q3)";"Social Sciences"
694;5600152895;"Osterreichische Zeitschrift fur Soziologie";journal;"10110070, 18622585";"Springer VS";No;No;0,163;Q3;16;39;90;2395;40;78;0,55;61,41;63,93;0;Germany;Western Europe;"Springer VS";"2001-2026";"Social Sciences (miscellaneous) (Q3)";"Social Sciences"
695;21101039842;"Interreligious Studies and Intercultural Theology";journal;"23973471, 2397348X";"Equinox Publishing Ltd";No;No;0,162;Q3;5;0;28;0;10;25;0,13;0,00;0,00;0;United Kingdom;Western Europe;"Equinox Publishing Ltd";"2017-2024";"Religious Studies (Q2); Social Sciences (miscellaneous) (Q3)";"Arts and Humanities; Social Sciences"
696;15640;"Journal of Family History";journal;"15525473, 03631990";"SAGE Publications Inc.";No;No;0,162;Q3;30;28;72;888;47;71;0,74;31,71;51,28;0;United States;Northern America;"SAGE Publications Inc.";"1976-2026";"Arts and Humanities (miscellaneous) (Q2); Anthropology (Q3); Social Sciences (miscellaneous) (Q3)";"Arts and Humanities; Social Sciences"
697;5800169741;"Social Work and Society";journal;"16138953";"University of Duisburg";Yes;Yes;0,162;Q3;18;18;82;948;32;82;0,25;52,67;63,33;0;Germany;Western Europe;"University of Duisburg";"2012-2025";"Social Sciences (miscellaneous) (Q3); Sociology and Political Science (Q3)";"Social Sciences"
698;12007;"Statisztikai Szemle";journal;"00390690";"Hungarian Central Statistical Office";No;No;0,161;Q3;6;38;131;1554;52;131;0,42;40,89;25,00;0;Hungary;Eastern Europe;"Hungarian Central Statistical Office";"1946, 1948, 1977-1999, 2019-2025";"Demography (Q3); Social Sciences (miscellaneous) (Q3); Applied Mathematics (Q4); Economics and Econometrics (Q4); Statistics and Probability (Q4)";"Economics, Econometrics and Finance; Mathematics; Social Sciences"
699;21100821156;"Cinta de Moebio";journal;"0717554X";"Universidad de Chile, Facultad de Ciencias Sociales";Yes;Yes;0,160;Q3;9;3;46;30;20;46;0,19;10,00;0,00;0;Chile;Latin America;"Universidad de Chile, Facultad de Ciencias Sociales";"2016-2025";"Philosophy (Q2); Social Sciences (miscellaneous) (Q3)";"Arts and Humanities; Social Sciences"
700;27889;"Stanovnistvo";journal;"0038982X, 22173986";"Demographic Research Centre";Yes;Yes;0,160;Q3;10;25;63;880;22;43;0,43;35,20;49,06;0;Serbia;Eastern Europe;"Demographic Research Centre";"1978, 2007-2025";"Social Sciences (miscellaneous) (Q3)";"Social Sciences"
701;21101146538;"Revista Electronica de Linguistica Aplicada";journal;"18859089";"Asociacion Espanola de Linguistica Aplicada";Yes;Yes;0,159;Q3;14;11;34;516;19;34;0,41;46,91;77,78;0;Spain;Western Europe;"Asociacion Espanola de Linguistica Aplicada";"2008-2016, 2018-2025";"Linguistics and Language (Q3); Social Sciences (miscellaneous) (Q3); Education (Q4)";"Social Sciences"
702;21101053521;"Asparkia";journal;"11328231, 23404795";"Universitat Jaume I";Yes;Yes;0,159;Q4;5;29;114;1370;29;113;0,23;47,24;65,22;0;Spain;Western Europe;"Universitat Jaume I";"2019-2026";"Arts and Humanities (miscellaneous) (Q3); Gender Studies (Q3); Social Sciences (miscellaneous) (Q4)";"Arts and Humanities; Social Sciences"
703;19700202712;"Acta Academica";journal;"05872405";"";Yes;Yes;0,158;Q4;16;7;65;267;45;55;0,55;38,14;50,00;0;South Africa;Africa;"";"2009-2025";"Arts and Humanities (miscellaneous) (Q3); Social Sciences (miscellaneous) (Q4)";"Arts and Humanities; Social Sciences"
704;24268;"Korean Studies";journal;"0145840X, 15291529";"University of Hawaii Press";No;No;0,158;Q4;7;14;48;1436;14;44;0,33;102,57;41,67;0;United States;Northern America;"University of Hawaii Press";"1991-1998, 2017-2025";"Literature and Literary Theory (Q1); Cultural Studies (Q2); History (Q2); Visual Arts and Performing Arts (Q2); Anthropology (Q3); Arts and Humanities (miscellaneous) (Q3); Sociology and Political Science (Q3); Geography, Planning and Development (Q4); Social Sciences (miscellaneous) (Q4)";"Arts and Humanities; Social Sciences"
705;21101045759;"Encuentros (Maracaibo)";journal;"26108046, 23436131";"Universidad Nacional Experimental Rafael Maria Baralt";Yes;Yes;0,157;Q4;6;107;256;3372;100;246;0,46;31,51;45,27;0;Venezuela;Latin America;"Universidad Nacional Experimental Rafael Maria Baralt";"2019-2025";"History (Q2); Philosophy (Q2); Anthropology (Q3); Sociology and Political Science (Q3); Education (Q4); Social Sciences (miscellaneous) (Q4)";"Arts and Humanities; Social Sciences"
706;60486;"Himalaya";journal;"19352212";"Macalester College";Yes;No;0,157;Q4;15;9;80;374;24;69;0,33;41,56;71,43;0;United States;Northern America;"Macalester College";"1981, 2006, 2008-2011, 2013-2025";"Social Sciences (miscellaneous) (Q4)";"Social Sciences"
707;21101339731;"New Techno Humanities";journal;"26643294";"Elsevier Ltd";Yes;No;0,157;Q4;5;13;48;260;34;46;0,35;20,00;42,31;0;United Kingdom;Western Europe;"Elsevier Ltd";"2021-2025";"Linguistics and Language (Q3); Social Sciences (miscellaneous) (Q4)";"Social Sciences"
708;21101238418;"InfoDesign";journal;"18085377";"Sociedade Brasileira de Design da Informacao";Yes;Yes;0,154;Q4;3;24;85;550;13;76;0,12;22,92;50,00;0;Brazil;Latin America;"Sociedade Brasileira de Design da Informacao";"2021-2025";"Arts and Humanities (miscellaneous) (Q3); Communication (Q4); Computer Graphics and Computer-Aided Design (Q4); Social Sciences (miscellaneous) (Q4)";"Arts and Humanities; Computer Science; Social Sciences"
709;21100258851;"International Journal of Interdisciplinary Global Studies";journal;"2324755X, 23247568";"Common Ground Research Networks";No;No;0,154;Q4;6;20;33;1087;20;33;0,67;54,35;39,39;0;United States;Northern America;"Common Ground Research Networks";"2013-2026";"Social Sciences (miscellaneous) (Q4)";"Social Sciences"
710;21101028164;"Scientia Paedagogica Experimentalis";journal;"05822351";"";No;No;0,153;Q4;4;12;27;369;9;26;0,47;30,75;71,43;0;Belgium;Western Europe;"";"2018-2025";"Education (Q4); Social Sciences (miscellaneous) (Q4)";"Social Sciences"
711;21100215942;"Social Sciences and Missions";journal;"18748945, 18748937";"Brill Academic Publishers";No;No;0,153;Q4;7;15;39;696;14;36;0,27;46,40;22,22;0;Netherlands;Western Europe;"Brill Academic Publishers";"2012-2025";"Cultural Studies (Q2); Religious Studies (Q2); Social Sciences (miscellaneous) (Q4); Sociology and Political Science (Q4)";"Arts and Humanities; Social Sciences"
712;10300153373;"Agroalimentaria";journal;"13160354";"Centro de Investigaciones Agroalimentarias (CIAAL)";Yes;Yes;0,152;Q4;9;18;62;622;16;55;0,34;34,56;45,00;0;Venezuela;Latin America;"Centro de Investigaciones Agroalimentarias (CIAAL)";"2007-2025";"Economics, Econometrics and Finance (miscellaneous) (Q4); Food Science (Q4); Social Sciences (miscellaneous) (Q4)";"Agricultural and Biological Sciences; Economics, Econometrics and Finance; Social Sciences"
713;21100206221;"International Journal of Technoethics";journal;"19473451, 1947346X";"IGI Global Publishing";No;No;0,152;Q4;16;2;13;87;15;13;1,71;43,50;50,00;0;United States;Northern America;"IGI Global Publishing";"2010-2025";"Engineering (miscellaneous) (Q4); Social Sciences (miscellaneous) (Q4)";"Engineering; Social Sciences"
714;4700153602;"Sociologias";journal;"15174522";"Instituto de Filosofia e Ciencias Humanas-UFRGS";Yes;Yes;0,152;Q4;24;1;105;67;39;103;0,25;67,00;100,00;0;Brazil;Latin America;"Instituto de Filosofia e Ciencias Humanas-UFRGS";"2000-2025";"Social Sciences (miscellaneous) (Q4)";"Social Sciences"
715;21101246928;"Udayana Journal of Law and Culture";journal;"25490680";"Udayana University";Yes;Yes;0,152;Q4;4;10;35;754;22;35;0,74;75,40;46,43;0;Indonesia;Asiatic Region;"Udayana University";"2020-2025";"Cultural Studies (Q2); Gender Studies (Q3); Law (Q3); Social Sciences (miscellaneous) (Q4)";"Social Sciences"
716;5600153115;"Tempo Social";journal;"18094554, 01032070";"Universidade de Sao Paulo. Museu de Zoologia";Yes;Yes;0,151;Q4;21;11;111;300;39;111;0,32;27,27;45,45;0;Brazil;Latin America;"Universidade de Sao Paulo. Museu de Zoologia";"2007-2025";"Social Sciences (miscellaneous) (Q4)";"Social Sciences"
717;21101302103;"International Journal of Armenian Genocide Studies";journal;"18294405, 27382931";"Armenian Genocide Museum-Institute";Yes;No;0,150;Q4;3;13;26;627;11;25;0,47;48,23;33,33;0;Armenia;Eastern Europe;"Armenian Genocide Museum-Institute";"2021-2025";"Cultural Studies (Q2); History (Q2); Religious Studies (Q2); Social Sciences (miscellaneous) (Q4)";"Arts and Humanities; Social Sciences"
718;21101190206;"Journal of Islamic and Muslim Studies";journal;"24707074, 24707066";"Indiana University Press";No;No;0,150;Q4;3;5;31;317;13;26;0,50;63,40;33,33;0;United States;Northern America;"Indiana University Press";"2019-2025";"Cultural Studies (Q2); Anthropology (Q3); Social Sciences (miscellaneous) (Q4); Sociology and Political Science (Q4)";"Social Sciences"
719;5600153364;"Sociologia, Problemas e Praticas";journal;"08736529";"Editora Mundos Sociais";Yes;Yes;0,150;Q4;22;21;64;1034;28;64;0,44;49,24;62,26;0;Portugal;Western Europe;"Editora Mundos Sociais";"1996-2025";"Social Sciences (miscellaneous) (Q4); Sociology and Political Science (Q4)";"Social Sciences"
720;21100915395;"Journal of Asian Sociology";journal;"26718200, 26714574";"Institute of Social Development and Policy Research, Seoul National University";No;No;0,149;Q4;12;13;44;699;23;44;0,53;53,77;52,17;0;South Korea;Asiatic Region;"Institute of Social Development and Policy Research, Seoul National University";"2019-2025";"Social Sciences (miscellaneous) (Q4)";"Social Sciences"
721;21100812388;"Revista Criminalidad";journal;"17943108, 22565531";"Policia Nacional de Colombia";Yes;Yes;0,149;Q4;9;26;98;1397;38;94;0,30;53,73;27,27;0;Colombia;Latin America;"Policia Nacional de Colombia";"2015-2025";"Arts and Humanities (miscellaneous) (Q3); Law (Q3); Social Psychology (Q4); Social Sciences (miscellaneous) (Q4); Sociology and Political Science (Q4)";"Arts and Humanities; Psychology; Social Sciences"
722;21101141651;"Revista Guillermo de Ockham";journal;"1794192X, 22563202";"University of San Buenaventura - Cali";Yes;Yes;0,149;Q4;6;20;108;1022;39;98;0,34;51,10;41,03;0;Colombia;Latin America;"University of San Buenaventura - Cali";"2019-2025";"Arts and Humanities (miscellaneous) (Q3); Psychology (miscellaneous) (Q4); Social Sciences (miscellaneous) (Q4)";"Arts and Humanities; Psychology; Social Sciences"
723;21101196443;"European Journal of Privacy Law and Technologies";journal;"27048012";"Suor Orsola Benincasa University of Naples";Yes;Yes;0,147;Q4;4;32;122;781;34;120;0,23;24,41;65,91;0;Italy;Western Europe;"Suor Orsola Benincasa University of Naples";"2020-2025";"Law (Q3); Social Sciences (miscellaneous) (Q4)";"Social Sciences"
724;16957;"Analise Social";journal;"00032573, 21822999";"Instituto de Ciencias Sociais da Universidade de Lisboa";Yes;Yes;0,146;Q4;21;54;118;1972;35;112;0,38;36,52;48,00;0;Portugal;Western Europe;"Instituto de Ciencias Sociais da Universidade de Lisboa";"1977-1978, 1981-1984, 1990, 1993-1994, 1996-2025";"History (Q2); Political Science and International Relations (Q4); Social Sciences (miscellaneous) (Q4); Sociology and Political Science (Q4)";"Arts and Humanities; Social Sciences"
725;21101211361;"Onomastica desde America Latina";journal;"26752719";"Universidade Estadual do Oeste do Parana";Yes;Yes;0,145;Q4;5;22;55;454;6;55;0,13;20,64;65,00;0;Brazil;Latin America;"Universidade Estadual do Oeste do Parana";"2020-2026";"Anthropology (Q3); Linguistics and Language (Q3); Social Sciences (miscellaneous) (Q4)";"Social Sciences"
726;21101291059;"Vienna Journal of East Asian Studies";journal;"2521702X, 25217038";"Brill Academic Publishers";No;No;0,145;Q4;6;8;32;426;15;30;0,54;53,25;37,50;0;Netherlands;Western Europe;"Brill Academic Publishers";"2011-2022, 2024-2025";"Literature and Literary Theory (Q2); Cultural Studies (Q3); Social Sciences (miscellaneous) (Q4)";"Arts and Humanities; Social Sciences"
727;21101337823;"Economy: strategy and practice";journal;"2663550X, 19979967";"Institute of Economics Committee of Science MSHE RK";Yes;No;0,144;Q4;6;37;164;1268;59;164;0,41;34,27;61,62;0;Kazakhstan;Asiatic Region;"Institute of Economics Committee of Science MSHE RK";"2021-2025";"Business, Management and Accounting (miscellaneous) (Q4); Economics, Econometrics and Finance (miscellaneous) (Q4); Social Sciences (miscellaneous) (Q4)";"Business, Management and Accounting; Economics, Econometrics and Finance; Social Sciences"
728;5700166475;"European Journal of East Asian Studies";journal;"15700615, 15680584";"Brill Academic Publishers";No;No;0,144;Q4;18;16;38;1211;16;35;0,48;75,69;31,58;0;Netherlands;Western Europe;"Brill Academic Publishers";"2001, 2003, 2007-2026";"History (Q2); Cultural Studies (Q3); Development (Q4); Geography, Planning and Development (Q4); Political Science and International Relations (Q4); Social Sciences (miscellaneous) (Q4); Sociology and Political Science (Q4)";"Arts and Humanities; Social Sciences"
729;21101050346;"Language, Discourse and Society";journal;"22394192";"International Sociological Association";Yes;Yes;0,143;Q4;6;24;53;1238;26;49;0,32;51,58;62,86;0;Spain;Western Europe;"International Sociological Association";"2019-2025";"Anthropology (Q3); Communication (Q4); Social Sciences (miscellaneous) (Q4); Sociology and Political Science (Q4)";"Social Sciences"
730;21100218072;"Metodoloski Zvezki";journal;"18540031, 18540023";"Univerza v Ljubljani";No;No;0,143;Q4;11;0;10;0;2;10;0,00;0,00;0,00;0;Slovenia;Eastern Europe;"Univerza v Ljubljani";"2011-2023";"Social Sciences (miscellaneous) (Q4); Statistics and Probability (Q4)";"Mathematics; Social Sciences"
731;21101246230;"Health Problems of Civilization";journal;"23536942, 23540265";"Termedia Publishing House Ltd.";Yes;No;0,142;Q4;5;49;132;1345;48;115;0,41;27,45;53,29;0;Poland;Eastern Europe;"Termedia Publishing House Ltd.";"2020-2025";"Health (social science) (Q4); Immunology (Q4); Immunology and Microbiology (miscellaneous)  (Q4); Medicine (miscellaneous) (Q4); Social Sciences (miscellaneous) (Q4)";"Immunology and Microbiology; Medicine; Social Sciences"
732;21100815491;"Studia Orientalia Slovaca";journal;"13363786";"Comenius University in Bratislava";No;No;0,142;Q4;4;12;27;481;7;26;0,28;40,08;53,33;0;Slovakia;Eastern Europe;"Comenius University in Bratislava";"2016-2025";"Arts and Humanities (miscellaneous) (Q3); Social Sciences (miscellaneous) (Q4)";"Arts and Humanities; Social Sciences"
733;21101392300;"Journal of Shariah Law Research";journal;"24622206";"University of Malaya";No;No;0,141;Q4;4;10;33;391;15;33;0,42;39,10;47,06;0;Malaysia;Asiatic Region;"University of Malaya";"2021-2025";"Religious Studies (Q2); Arts and Humanities (miscellaneous) (Q3); Law (Q4); Social Sciences (miscellaneous) (Q4)";"Arts and Humanities; Social Sciences"
734;21101165758;"Latvijas Universitates Zurnals Vesture";journal;"25009621, 25929593";"University of Latvia";Yes;Yes;0,141;Q4;1;11;27;500;1;25;0,00;45,45;63,64;0;Latvia;Eastern Europe;"University of Latvia";"2019-2025";"History (Q2); Arts and Humanities (miscellaneous) (Q3); Cultural Studies (Q3); Social Sciences (miscellaneous) (Q4)";"Arts and Humanities; Social Sciences"
735;16835;"Social Security Bulletin";journal;"00377910";"US Social Security Administration";No;No;0,141;Q4;31;6;20;197;8;20;0,21;32,83;46,15;0;United States;Northern America;"US Social Security Administration";"1946-1947, 1971, 1973-2025";"Public Administration (Q4); Social Sciences (miscellaneous) (Q4)";"Social Sciences"
736;99334;"Zeitschrift fur Ethnologie";journal;"00442666";"Reimer Verlag";No;No;0,141;Q4;13;0;55;0;34;41;0,87;0,00;0,00;0;Germany;Western Europe;"Reimer Verlag";"1981, 2005-2015, 2017-2024";"Cultural Studies (Q3); Social Sciences (miscellaneous) (Q4)";"Social Sciences"
737;21101037169;"Journal of Community Positive Practices";journal;"22476571, 15828344";"Catalactica Association";No;No;0,140;Q4;4;18;101;723;40;101;0,44;40,17;62,07;0;Romania;Eastern Europe;"Catalactica Association";"2019-2025";"Social Sciences (miscellaneous) (Q4); Sociology and Political Science (Q4)";"Social Sciences"
738;21100886225;"Journal of Literary and Cultural Disability Studies";journal;"17576458, 17576466";"Liverpool University Press";No;No;0,140;Q4;10;31;93;861;63;72;0,65;27,77;71,43;0;United Kingdom;Western Europe;"Liverpool University Press";"2017-2026";"Health Professions (miscellaneous) (Q4); Health (social science) (Q4); Social Sciences (miscellaneous) (Q4)";"Health Professions; Social Sciences"
739;23662;"Science in Context";journal;"02698897, 14740664";"Cambridge University Press";No;No;0,140;Q4;37;0;40;0;6;38;0,05;0,00;0,00;0;United Kingdom;Western Europe;"Cambridge University Press";"1987-1989, 1991-2023, 2026";"History and Philosophy of Science (Q3); Social Sciences (miscellaneous) (Q4)";"Arts and Humanities; Social Sciences"
740;21100827186;"Socialni Prace";journal;"1805885X, 12136204";"Association of Educators in Social Work";No;No;0,140;Q4;8;48;157;1749;18;123;0,06;36,44;69,70;0;Czech Republic;Eastern Europe;"Association of Educators in Social Work";"2017-2025";"Applied Psychology (Q4); Health (social science) (Q4); Social Sciences (miscellaneous) (Q4); Sociology and Political Science (Q4)";"Psychology; Social Sciences"
741;26967;"Akademiska Dzive";journal;"25929429, 05163145";"University of Latvia";No;No;0,139;Q4;2;16;41;552;6;38;0,19;34,50;78,57;0;Latvia;Eastern Europe;"University of Latvia";"1984, 2021-2025";"Arts and Humanities (miscellaneous) (Q3); History and Philosophy of Science (Q3); Social Sciences (miscellaneous) (Q4)";"Arts and Humanities; Social Sciences"
742;4700152636;"Mind and Society";journal;"15937879, 18601839";"Springer Science and Business Media Deutschland GmbH";No;No;0,139;Q4;25;52;27;3228;26;27;0,94;62,08;28,24;0;Germany;Western Europe;"Springer Science and Business Media Deutschland GmbH";"2005-2025";"History (Q2); Cultural Studies (Q3); Philosophy (Q3); Economics, Econometrics and Finance (miscellaneous) (Q4); Experimental and Cognitive Psychology (Q4); Social Psychology (Q4); Social Sciences (miscellaneous) (Q4); Sociology and Political Science (Q4)";"Arts and Humanities; Economics, Econometrics and Finance; Psychology; Social Sciences"
743;21101043578;"Transmodernity";journal;"21541361";"University of California, Merced";Yes;Yes;0,139;Q4;6;23;63;1020;10;57;0,04;44,35;60,00;0;United States;Northern America;"University of California, Merced";"2018-2026";"Literature and Literary Theory (Q2); Anthropology (Q3); Cultural Studies (Q3); Geography, Planning and Development (Q4); Social Sciences (miscellaneous) (Q4)";"Arts and Humanities; Social Sciences"
744;21100286804;"Avant";journal;"20827598, 20826710";"";Yes;Yes;0,138;Q4;14;22;65;783;15;63;0,12;35,59;37,93;0;Poland;Eastern Europe;"";"2010-2025";"Arts and Humanities (miscellaneous) (Q3); Cognitive Neuroscience (Q4); Social Sciences (miscellaneous) (Q4)";"Arts and Humanities; Neuroscience; Social Sciences"
745;145411;"Centro Journal";journal;"21632960, 15386279";"Hunter College Center for Puerto Rican Studies";No;Yes;0,138;Q4;19;15;83;717;36;79;0,36;47,80;55,00;0;United States;Northern America;"Hunter College Center for Puerto Rican Studies";"2005-2025";"Arts and Humanities (miscellaneous) (Q3); Social Sciences (miscellaneous) (Q4)";"Arts and Humanities; Social Sciences"
746;5600153254;"Dirasat: Human and Social Sciences";journal;"10263721, 26636190";"University of Jordan,Deanship of Scientific Research";No;No;0,138;Q4;10;333;970;10591;254;969;0,25;31,80;31,64;0;Jordan;Middle East;"University of Jordan,Deanship of Scientific Research";"2007-2026";"Literature and Literary Theory (Q2); Arts and Humanities (miscellaneous) (Q3); Cultural Studies (Q3); Health (social science) (Q4); Social Sciences (miscellaneous) (Q4); Sociology and Political Science (Q4)";"Arts and Humanities; Social Sciences"
747;16023;"Dissent";journal;"00123846";"Foundation for the Study of Independent Social Ideas";No;No;0,138;Q4;26;45;165;40;58;158;0,35;0,89;42,86;0;United States;Northern America;"Foundation for the Study of Independent Social Ideas";"1976-1977, 1979, 1981, 1983, 1986-1988, 1994, 1996-2026";"Social Sciences (miscellaneous) (Q4); Sociology and Political Science (Q4)";"Social Sciences"
748;27986;"Juvenile and Family Court Journal";journal;"01617109";"Wiley-Blackwell";No;No;0,138;Q4;24;18;48;811;21;46;0,38;45,06;56,52;0;United States;Northern America;"Wiley-Blackwell";"1953-1954, 1961-1969, 1971, 1977-2026";"Law (Q4); Social Sciences (miscellaneous) (Q4)";"Social Sciences"
749;21100464746;"Fronteiras";journal;"22388869";"Centro Universitario de Anapolis";Yes;Yes;0,136;Q4;10;89;213;3587;76;205;0,40;40,30;36,43;0;Brazil;Latin America;"Centro Universitario de Anapolis";"2015-2025";"Environmental Science (miscellaneous) (Q4); Social Sciences (miscellaneous) (Q4)";"Environmental Science; Social Sciences"
750;21101222862;"Journal of Nonprofit Education and Leadership";journal;"23747838, 21570604";"Sagamore Publishing LLC";No;No;0,136;Q4;6;0;72;0;27;55;0,33;0,00;0,00;0;United States;Northern America;"Sagamore Publishing LLC";"2014, 2020-2024";"Arts and Humanities (miscellaneous) (Q3); Business, Management and Accounting (miscellaneous) (Q4); Social Sciences (miscellaneous) (Q4)";"Arts and Humanities; Business, Management and Accounting; Social Sciences"
751;21101000295;"Metacritic Journal for Comparative Studies and Theory";journal;"24578827";"Babes-Bolyai University of Cluj, Faculty of Letters";Yes;Yes;0,136;Q4;6;9;74;307;21;74;0,24;34,11;44,44;0;Romania;Eastern Europe;"Babes-Bolyai University of Cluj, Faculty of Letters";"2019-2025";"Literature and Literary Theory (Q2); Arts and Humanities (miscellaneous) (Q3); Social Sciences (miscellaneous) (Q4)";"Arts and Humanities; Social Sciences"
752;21100325441;"Przeglad Wschodnioeuropejski";journal;"20811128";"University of Warmia and Mazury in Olsztyn";Yes;No;0,135;Q4;5;20;141;706;22;140;0,21;35,30;44,00;0;Poland;Eastern Europe;"University of Warmia and Mazury in Olsztyn";"2014-2025";"Arts and Humanities (miscellaneous) (Q3); Economics and Econometrics (Q4); Social Sciences (miscellaneous) (Q4)";"Arts and Humanities; Economics, Econometrics and Finance; Social Sciences"
753;21101058223;"Society and Culture in South Asia";journal;"23938617, 23949872";"Sage Publications India Pvt. Ltd";No;No;0,135;Q4;11;17;41;588;16;33;0,44;34,59;45,00;0;India;Asiatic Region;"Sage Publications India Pvt. Ltd";"2015-2026";"Anthropology (Q3); Cultural Studies (Q3); Social Sciences (miscellaneous) (Q4)";"Social Sciences"
754;21101291058;"Acta Biologica Marisiensis";journal;"26016141, 26685124";"Walter de Gruyter GmbH";Yes;No;0,134;Q4;4;0;25;0;11;25;0,40;0,00;0,00;0;Germany;Western Europe;"Walter de Gruyter GmbH";"2021-2024";"Agricultural and Biological Sciences (miscellaneous) (Q4); Plant Science (Q4); Social Sciences (miscellaneous) (Q4)";"Agricultural and Biological Sciences; Social Sciences"
755;21101123075;"Revista Brasileira de Alternative Dispute Resolution";journal;"25963201, 26748835";"EDITORA FORUM LTDA";No;No;0,134;Q4;8;28;93;1009;69;86;0,83;36,04;62,96;0;Brazil;Latin America;"EDITORA FORUM LTDA";"2019-2025";"Law (Q4); Social Sciences (miscellaneous) (Q4)";"Social Sciences"
756;19400157109;"China Nonprofit Review";journal;"18765149, 18765092";"Tsinghua University Press";No;No;0,133;Q4;7;0;5;0;2;5;0,00;0,00;0,00;0;Netherlands;Western Europe;"Tsinghua University Press";"2009-2022";"Economics and Econometrics (Q4); Social Sciences (miscellaneous) (Q4); Sociology and Political Science (Q4)";"Economics, Econometrics and Finance; Social Sciences"
757;12100157018;"Cuadernos de Economia (Colombia)";journal;"22484337, 01214772";"Universidad Nacional de Colombia";Yes;Yes;0,133;Q4;14;46;82;2124;23;82;0,27;46,17;45,45;0;Colombia;Latin America;"Universidad Nacional de Colombia";"2007-2025";"Arts and Humanities (miscellaneous) (Q3); Economics, Econometrics and Finance (miscellaneous) (Q4); Social Sciences (miscellaneous) (Q4)";"Arts and Humanities; Economics, Econometrics and Finance; Social Sciences"
758;21101102056;"J-Reading";journal;"22814310, 22815694";"Edizioni Nuova Cultura";No;No;0,133;Q4;6;9;44;406;10;43;0,17;45,11;40,00;0;Italy;Western Europe;"Edizioni Nuova Cultura";"2020-2025";"Computers in Earth Sciences (Q4); Demography (Q4); Education (Q4); Geography, Planning and Development (Q4); Social Sciences (miscellaneous) (Q4); Urban Studies (Q4)";"Earth and Planetary Sciences; Social Sciences"
759;21101271745;"Legal Transformation in Muslim Societies";journal;"3029097X, 30290961";"Revival Press";No;No;0,133;Q4;1;28;27;1110;6;27;0,22;39,64;40,91;0;United Kingdom;Western Europe;"Revival Press";"2024-2025";"Religious Studies (Q3); Law (Q4); Social Sciences (miscellaneous) (Q4)";"Arts and Humanities; Social Sciences"
760;21101067418;"Revista de Direito da Faculdade Guanambi";journal;"24476536";"Centro Universitario FG (UNIFG)";Yes;Yes;0,133;Q4;3;0;1;0;0;1;0,00;0,00;0,00;0;Brazil;Latin America;"Centro Universitario FG (UNIFG)";"2019-2022";"Law (Q4); Social Sciences (miscellaneous) (Q4)";"Social Sciences"
761;21100836285;"Sociologia e Antropologia";journal;"22383875";"Universidade Federal do Rio de Janeiro";Yes;Yes;0,133;Q4;8;37;116;1802;19;116;0,15;48,70;48,98;0;Brazil;Latin America;"Universidade Federal do Rio de Janeiro";"2017-2025";"Anthropology (Q3); Cultural Studies (Q3); Social Sciences (miscellaneous) (Q4)";"Social Sciences"
762;21100463586;"Transcultural Studies";journal;"21916411";"Universitaet Heidelberg";Yes;Yes;0,133;Q4;9;0;23;0;4;20;0,05;0,00;0,00;0;Germany;Western Europe;"Universitaet Heidelberg";"2015-2024";"Arts and Humanities (miscellaneous) (Q3); Social Sciences (miscellaneous) (Q4)";"Arts and Humanities; Social Sciences"
763;21101093362;"Archiwum Filozofii Prawa i Filozofii Spolecznej";journal;"20823304";"Polish Section of the International Association for Philosophy of Law and Social Philosophy (IVR)";Yes;Yes;0,132;Q4;4;18;87;534;15;86;0,15;29,67;45,00;0;Poland;Eastern Europe;"Polish Section of the International Association for Philosophy of Law and Social Philosophy (IVR)";"2019-2025";"Law (Q4); Social Sciences (miscellaneous) (Q4)";"Social Sciences"
764;21100239661;"Journal Globalization, Competitiveness and Governability";journal;"19887116";"Georgetown University";Yes;Yes;0,132;Q4;9;18;54;710;25;54;0,47;39,44;47,83;0;United States;Northern America;"Georgetown University";"2013-2026";"Business, Management and Accounting (miscellaneous) (Q4); Economics, Econometrics and Finance (miscellaneous) (Q4); Social Sciences (miscellaneous) (Q4)";"Business, Management and Accounting; Economics, Econometrics and Finance; Social Sciences"
765;21101039807;"Revue de Philosophie Economique";journal;"21184852, 13760971";"";No;No;0,132;Q4;3;0;46;0;8;44;0,08;0,00;0,00;0;France;Western Europe;"";"2019-2023";"Philosophy (Q3); Economics and Econometrics (Q4); Social Sciences (miscellaneous) (Q4); Sociology and Political Science (Q4)";"Arts and Humanities; Economics, Econometrics and Finance; Social Sciences"
766;21100945768;"Journal of Contemporary Iraq and the Arab World";journal;"25158546, 25158538";"Intellect Ltd.";No;No;0,131;Q4;3;18;41;154;10;34;0,22;8,56;0,00;0;United Kingdom;Western Europe;"Intellect Ltd.";"2019-2025";"Arts and Humanities (miscellaneous) (Q3); Economics, Econometrics and Finance (miscellaneous) (Q4); Social Sciences (miscellaneous) (Q4)";"Arts and Humanities; Economics, Econometrics and Finance; Social Sciences"
767;21101145683;"Mexico y la Cuenca del Pacifico";journal;"16650174, 20075308";"Universidad de Guadalajara";No;Yes;0,131;Q4;5;12;46;621;19;46;0,44;51,75;35,00;0;Mexico;Latin America;"Universidad de Guadalajara";"2019-2026";"Political Science and International Relations (Q4); Social Sciences (miscellaneous) (Q4)";"Social Sciences"
768;21100857857;"Cumhuriyet Ilahiyat Dergisi";journal;"25289861, 2528987X";"Cumhuriyet University";Yes;Yes;0,130;Q4;6;19;176;900;21;168;0,09;47,37;14,29;0;Turkey;Middle East;"Cumhuriyet University";"2016-2025";"Philosophy (Q3); Religious Studies (Q3); Social Sciences (miscellaneous) (Q4)";"Arts and Humanities; Social Sciences"
769;21101152535;"Revista Espanola de Derecho Canonico";journal;"26609541, 00349372";"Universidad Pontificia de Salamanca, Servicio de Publicaciones";Yes;Yes;0,130;Q4;3;10;50;396;4;45;0,06;39,60;50,00;0;Spain;Western Europe;"Universidad Pontificia de Salamanca, Servicio de Publicaciones";"2019-2025";"Religious Studies (Q3); Law (Q4); Social Sciences (miscellaneous) (Q4)";"Arts and Humanities; Social Sciences"
770;21101306832;"Economic and Regional Studies / Studia Ekonomiczne i Regionalne";journal;"20833725, 2451182X";"Walter de Gruyter";Yes;No;0,129;Q4;5;30;121;954;37;120;0,25;31,80;35,00;0;Germany;Western Europe;"Walter de Gruyter";"2019, 2022-2025";"Economics, Econometrics and Finance (miscellaneous) (Q4); Geography, Planning and Development (Q4); Marketing (Q4); Social Sciences (miscellaneous) (Q4)";"Business, Management and Accounting; Economics, Econometrics and Finance; Social Sciences"
771;20370;"Journal of Gang Research";journal;"10793062";"National Gang Crime Research Center";No;No;0,129;Q4;12;7;23;283;5;22;0,31;40,43;42,86;0;United States;Northern America;"National Gang Crime Research Center";"2004-2025";"Arts and Humanities (miscellaneous) (Q3); Gender Studies (Q4); Law (Q4); Social Sciences (miscellaneous) (Q4)";"Arts and Humanities; Social Sciences"
772;21101176847;"Journal of Multidisciplinary in Social Sciences";journal;"26730235";"Research and Development Institute Suan Dusit University";No;No;0,129;Q4;3;36;79;1573;29;79;0,35;43,69;57,69;0;Thailand;Asiatic Region;"Research and Development Institute Suan Dusit University";"2019-2025";"Social Sciences (miscellaneous) (Q4)";"Social Sciences"
773;21100384312;"Journal des Economistes et des Etudes Humaines";journal;"21945799, 21531552";"Walter de Gruyter GmbH";No;No;0,128;Q4;13;6;24;257;4;23;0,31;42,83;40,00;0;Germany;Western Europe;"Walter de Gruyter GmbH";"1995-1996, 1998-2004, 2009-2025";"Economics, Econometrics and Finance (miscellaneous) (Q4); Social Sciences (miscellaneous) (Q4)";"Economics, Econometrics and Finance; Social Sciences"
774;21101146416;"Journal on Ethnopolitics and Minority Issues in Europe";journal;"16175247";"European Centre for Minority Issues";Yes;Yes;0,128;Q4;5;18;34;1021;20;33;0,42;56,72;73,68;0;Germany;Western Europe;"European Centre for Minority Issues";"2010, 2019-2025";"Cultural Studies (Q3); Political Science and International Relations (Q4); Social Sciences (miscellaneous) (Q4); Sociology and Political Science (Q4)";"Social Sciences"
775;5600152910;"Mens en Maatschappij";journal;"00259454, 18762816";"Amsterdam University Press";No;No;0,128;Q4;6;29;105;888;10;104;0,08;30,62;39,53;0;Netherlands;Western Europe;"Amsterdam University Press";"2016-2025";"Social Sciences (miscellaneous) (Q4)";"Social Sciences"
776;21101226103;"Acta Iadertina";journal;"18453392, 18491243";"University of Zadar";No;No;0,127;Q4;2;9;34;382;6;34;0,19;42,44;72,73;0;Croatia;Eastern Europe;"University of Zadar";"2020-2025";"Philosophy (Q3); Education (Q4); Social Sciences (miscellaneous) (Q4)";"Arts and Humanities; Social Sciences"
777;21101034122;"Espaces et Societes";journal;"00140481, 19618700";"ERES";No;No;0,127;Q4;4;0;102;0;22;96;0,22;0,00;0,00;0;France;Western Europe;"ERES";"1991, 2019-2024";"Demography (Q4); Geography, Planning and Development (Q4); Social Sciences (miscellaneous) (Q4); Urban Studies (Q4)";"Social Sciences"
778;15671;"Journal of Political and Military Sociology";journal;"00472697, 26422190";"";No;No;0,127;Q4;24;0;27;0;8;27;0,32;0,00;0,00;0;United States;Northern America;"";"1996-2017, 2019-2024";"Social Sciences (miscellaneous) (Q4); Sociology and Political Science (Q4)";"Social Sciences"
779;21101125543;"European Journal of Creative Practices in Cities and Landscapes";journal;"26120496";"Department of Architecture, University of Bologna";Yes;Yes;0,126;Q4;8;0;60;0;13;55;0,09;0,00;0,00;0;Italy;Western Europe;"Department of Architecture, University of Bologna";"2018-2024";"Cultural Studies (Q3); Architecture (Q4); Social Sciences (miscellaneous) (Q4); Urban Studies (Q4)";"Engineering; Social Sciences"
780;21101321964;"Schutzian Research";journal;"22481907, 20670621";"Zeta Books";No;No;0,126;Q4;4;10;27;385;4;18;0,16;38,50;22,22;0;Romania;Eastern Europe;"Zeta Books";"2019-2025";"Philosophy (Q3); Social Sciences (miscellaneous) (Q4)";"Arts and Humanities; Social Sciences"
781;21101101867;"Culturales";journal;"2448539X, 18701191";"Universidad Autonoma de Baja California";Yes;Yes;0,125;Q4;3;11;28;539;12;25;0,15;49,00;50,00;0;Mexico;Latin America;"Universidad Autonoma de Baja California";"2019-2025";"Arts and Humanities (miscellaneous) (Q3); Social Sciences (miscellaneous) (Q4)";"Arts and Humanities; Social Sciences"
782;21100981170;"Digital Studies/ Le Champ Numerique";journal;"19183666";"Open Library of Humanities";Yes;Yes;0,125;Q4;8;12;61;560;23;60;0,38;46,67;41,18;0;United Kingdom;Western Europe;"Open Library of Humanities";"2019-2025";"Arts and Humanities (miscellaneous) (Q3); Computer Science Applications (Q4); Social Sciences (miscellaneous) (Q4)";"Arts and Humanities; Computer Science; Social Sciences"
783;21100893272;"Lecturas de Economia";journal;"23230622, 01202596";"Universidad de Antioquia";Yes;Yes;0,125;Q4;10;15;67;437;21;66;0,41;29,13;27,27;0;Colombia;Latin America;"Universidad de Antioquia";"2005-2026";"Business, Management and Accounting (miscellaneous) (Q4); Economics and Econometrics (Q4); Finance (Q4); Social Sciences (miscellaneous) (Q4); Sociology and Political Science (Q4); Statistics, Probability and Uncertainty (Q4)";"Business, Management and Accounting; Decision Sciences; Economics, Econometrics and Finance; Social Sciences"
784;25369;"Revista Critica de Ciencias Sociais";journal;"02541106, 21827435";"Centro de Estudos Sociais da Universidade de Coimbra";Yes;Yes;0,125;Q4;11;8;85;405;22;76;0,28;50,63;50,00;0;Portugal;Western Europe;"Centro de Estudos Sociais da Universidade de Coimbra";"2001, 2015-2025";"Psychology (miscellaneous) (Q4); Social Sciences (miscellaneous) (Q4)";"Psychology; Social Sciences"
785;9500154013;"NWIG New West Indian Guide";journal;"22134360, 13822373";"Brill Academic Publishers";Yes;Yes;0,124;Q4;10;10;24;334;12;24;0,50;33,40;46,67;0;Netherlands;Western Europe;"Brill Academic Publishers";"1977-1978, 2001-2002, 2007, 2011-2025";"Arts and Humanities (miscellaneous) (Q3); Cultural Studies (Q3); History (Q3); Social Sciences (miscellaneous) (Q4)";"Arts and Humanities; Social Sciences"
786;21100923890;"Studi Culturali";journal;"1824369X, 26120917";"Societa Editrice Il Mulino";No;No;0,124;Q4;4;13;51;535;8;51;0,16;41,15;57,14;0;Italy;Western Europe;"Societa Editrice Il Mulino";"2019-2025";"Arts and Humanities (miscellaneous) (Q3); Social Sciences (miscellaneous) (Q4)";"Arts and Humanities; Social Sciences"
787;21101265945;"Suranaree Journal of Social Science";journal;"2651088X";"Suranaree University of Technology";No;No;0,124;Q4;3;38;48;986;13;48;0,28;25,95;60,00;0;Thailand;Asiatic Region;"Suranaree University of Technology";"2020-2025";"Philosophy (Q3); Management Information Systems (Q4); Social Sciences (miscellaneous) (Q4)";"Arts and Humanities; Business, Management and Accounting; Social Sciences"
788;21101337820;"European Journal of Social Science Education and Research";journal;"23128429, 24119563";"Revistia Research and Publishing";No;No;0,123;Q4;4;56;126;1421;43;126;0,37;25,38;57,47;0;United Kingdom;Western Europe;"Revistia Research and Publishing";"2021-2025";"Cultural Studies (Q3); Philosophy (Q3); Education (Q4); Social Sciences (miscellaneous) (Q4)";"Arts and Humanities; Social Sciences"
789;21100914960;"Quebec Studies";journal;"20521731, 07373759";"Liverpool University Press";No;No;0,123;Q4;2;13;50;658;5;39;0,15;50,62;16,67;0;United Kingdom;Western Europe;"Liverpool University Press";"1991, 2013, 2016, 2018-2025";"Arts and Humanities (miscellaneous) (Q3); Cultural Studies (Q3); Social Sciences (miscellaneous) (Q4)";"Arts and Humanities; Social Sciences"
790;17600155045;"Staps";journal;"17821568, 0247106X";"De Boeck Supérieur";No;No;0,123;Q4;13;21;82;940;17;77;0,18;44,76;29,17;0;Belgium;Western Europe;"De Boeck Supérieur";"2001-2022, 2024-2025";"Cultural Studies (Q3); History (Q3); Anthropology (Q4); Education (Q4); Multidisciplinary (Q4); Psychology (miscellaneous) (Q4); Social Sciences (miscellaneous) (Q4); Sociology and Political Science (Q4)";"Arts and Humanities; Multidisciplinary; Psychology; Social Sciences"
791;21101068031;"Emotions: History, Culture, Society";journal;"22067485, 2208522X";"Brill Academic Publishers";No;No;0,122;Q4;7;16;53;1348;28;50;0,44;84,25;30,77;0;Netherlands;Western Europe;"Brill Academic Publishers";"2017-2026";"Cultural Studies (Q3); History (Q3); Social Sciences (miscellaneous) (Q4)";"Arts and Humanities; Social Sciences"
792;19700201134;"Hong Kong Journal of Social Sciences";journal;"10213619";"City University of Hong Kong Press";No;No;0,122;Q4;2;0;4;0;1;4;0,00;0,00;0,00;0;Hong Kong;Asiatic Region;"City University of Hong Kong Press";"2010-2014, 2016-2022";"Social Sciences (miscellaneous) (Q4)";"Social Sciences"
793;21101007465;"Journal of New Zealand Studies";journal;"1176306X, 23243740";"Stout Research Centre, Victoria University of Wellington";No;No;0,122;Q4;4;16;53;1402;12;46;0,19;87,63;21,43;0;New Zealand;Pacific Region;"Stout Research Centre, Victoria University of Wellington";"2019-2025";"Arts and Humanities (miscellaneous) (Q3); Social Sciences (miscellaneous) (Q4)";"Arts and Humanities; Social Sciences"
794;21101334494;"Annals of Tropical Research";journal;"01160710, 27043541";"Visayas State University";Yes;No;0,121;Q4;3;33;53;1083;18;53;0,34;32,82;44,44;0;Philippines;Asiatic Region;"Visayas State University";"2021-2025";"Agricultural and Biological Sciences (miscellaneous) (Q4); Environmental Science (miscellaneous) (Q4); Food Science (Q4); Social Sciences (miscellaneous) (Q4)";"Agricultural and Biological Sciences; Environmental Science; Social Sciences"
795;21101279761;"Indonesian Journal of Advocacy and Legal Services";journal;"26862611, 26862085";"Universitas Negeri Semarang";Yes;No;0,121;Q4;3;18;24;865;11;24;0,46;48,06;28,89;0;Indonesia;Asiatic Region;"Universitas Negeri Semarang";"2023-2025";"Law (Q4); Social Sciences (miscellaneous) (Q4); Sociology and Political Science (Q4)";"Social Sciences"
796;21101098754;"Isonomia";journal;"14050218, 26832593";"Instituto Tecnologico Autonomo de Mexico";No;Yes;0,121;Q4;4;19;53;1090;11;51;0,21;57,37;29,63;0;Mexico;Latin America;"Instituto Tecnologico Autonomo de Mexico";"2019-2025";"Philosophy (Q3); Law (Q4); Social Sciences (miscellaneous) (Q4); Sociology and Political Science (Q4)";"Arts and Humanities; Social Sciences"
797;21101174187;"Journal of Global Diaspora and Media";journal;"26325853, 26325861";"Intellect Ltd.";No;No;0,121;Q4;4;6;23;353;6;21;0,15;58,83;50,00;0;United Kingdom;Western Europe;"Intellect Ltd.";"2020-2025";"Communication (Q4); Political Science and International Relations (Q4); Social Sciences (miscellaneous) (Q4); Sociology and Political Science (Q4)";"Social Sciences"
798;21101045757;"Journal of Magazine Media";journal;"25767887, 25767895";"University of Nebraska Press";No;No;0,121;Q4;5;0;34;0;4;19;0,27;0,00;0,00;0;United States;Northern America;"University of Nebraska Press";"2011, 2017-2024";"Cultural Studies (Q3); History (Q3); Communication (Q4); Social Sciences (miscellaneous) (Q4)";"Arts and Humanities; Social Sciences"
799;21101108508;"IAFOR Journal of Cultural Studies";journal;"21874905";"The International Academic Forum (IAFOR)";Yes;Yes;0,120;Q4;3;17;36;943;13;36;0,23;55,47;65,38;0;Japan;Asiatic Region;"The International Academic Forum (IAFOR)";"2019-2025";"Arts and Humanities (miscellaneous) (Q3); Cultural Studies (Q3); Anthropology (Q4); Social Sciences (miscellaneous) (Q4)";"Arts and Humanities; Social Sciences"
800;21100928943;"Journal of Contextual Economics-Schmollers Jahrbuch";journal;"25687603, 2568762X";"Duncker und Humblot GmbH";No;No;0,120;Q4;4;0;44;0;7;42;0,07;0,00;0,00;0;Germany;Western Europe;"Duncker und Humblot GmbH";"2018, 2020-2023";"Economics, Econometrics and Finance (miscellaneous) (Q4); Management, Monitoring, Policy and Law (Q4); Social Sciences (miscellaneous) (Q4)";"Economics, Econometrics and Finance; Environmental Science; Social Sciences"
801;5600156898;"Journal of Social Structure";journal;"15291227";"Sciendo";Yes;Yes;0,120;Q4;10;0;2;0;1;2;0,00;0,00;0,00;0;United States;Northern America;"Sciendo";"2012-2020, 2022";"Social Sciences (miscellaneous) (Q4); Sociology and Political Science (Q4)";"Social Sciences"
802;21100198239;"Enfances, Familles, Generations";journal;"17086310";"Centre - Urbanisation Culture Societe de l'INRS";Yes;Yes;0,119;Q4;10;0;98;0;8;98;0,08;0,00;0,00;0;Canada;Northern America;"Centre - Urbanisation Culture Societe de l'INRS";"2011-2024";"Anthropology (Q4); Social Psychology (Q4); Social Sciences (miscellaneous) (Q4)";"Psychology; Social Sciences"
803;21101021441;"European Journal of American Studies";journal;"19919336";"";Yes;Yes;0,119;Q4;6;22;146;643;39;139;0,24;29,23;52,38;0;France;Western Europe;"";"2018-2025";"Literature and Literary Theory (Q2); Cultural Studies (Q3); History (Q3); Geography, Planning and Development (Q4); Social Sciences (miscellaneous) (Q4); Sociology and Political Science (Q4)";"Arts and Humanities; Social Sciences"
804;22339;"Nigerian Journal of Economic and Social Studies";journal;"00290092";"Nigerian Economic Society";No;No;0,119;Q4;6;19;53;1117;10;53;0,22;58,79;35,29;0;Nigeria;Africa;"Nigerian Economic Society";"1967, 1974-1977, 1982, 1984-1988, 1992, 1996-2009, 2016-2025";"Economics and Econometrics (Q4); Finance (Q4); Social Sciences (miscellaneous) (Q4); Sociology and Political Science (Q4)";"Economics, Econometrics and Finance; Social Sciences"
805;24253;"Actes de la Recherche en Sciences Sociales";journal;"03355322";"Editions du Seuil";No;No;0,118;Q4;25;0;36;0;6;36;0,24;0,00;0,00;0;France;Western Europe;"Editions du Seuil";"1984-1985, 2006-2020, 2022-2024";"Social Sciences (miscellaneous) (Q4)";"Social Sciences"
806;21100857171;"Australasian Review of African Studies";journal;"22035184, 14478420";"African Studies Association of Australasia and the Pacific";No;No;0,118;Q4;10;0;33;0;7;33;0,16;0,00;0,00;0;Australia;Pacific Region;"African Studies Association of Australasia and the Pacific";"2017-2024";"Arts and Humanities (miscellaneous) (Q3); Social Sciences (miscellaneous) (Q4)";"Arts and Humanities; Social Sciences"
807;145698;"Cyprus Review";journal;"25478974, 10152881";"University of Nicosia";No;No;0,118;Q4;20;12;39;495;10;31;0,21;41,25;41,18;0;Cyprus;Western Europe;"University of Nicosia";"1996-2025";"Economics and Econometrics (Q4); Law (Q4); Social Sciences (miscellaneous) (Q4); Sociology and Political Science (Q4)";"Economics, Econometrics and Finance; Social Sciences"
808;21101170295;"Osmanli Medeniyeti Arastirmalari Dergisi";journal;"24589519";"Selim Hilmi Ozkan";No;No;0,118;Q4;2;66;126;3444;11;126;0,09;52,18;19,23;0;Turkey;Middle East;"Selim Hilmi Ozkan";"2019-2025";"Arts and Humanities (miscellaneous) (Q3); Cultural Studies (Q3); History (Q3); Social Sciences (miscellaneous) (Q4)";"Arts and Humanities; Social Sciences"
809;29730;"Lurralde: Investigacion y Espacio";journal;"16973070, 02115891";"Instituto Geografico Vasco Andres de Urdaneta";No;Yes;0,117;Q4;7;8;32;450;5;32;0,24;56,25;36,36;0;Spain;Western Europe;"Instituto Geografico Vasco Andres de Urdaneta";"1989-1995, 2006-2025";"Social Sciences (miscellaneous) (Q4)";"Social Sciences"
810;21101194101;"Millenium: Journal of Education, Technologies, and Health";journal;"08733015, 1647662X";"Polytechnic Institute of Viseu";Yes;Yes;0,117;Q4;5;175;150;4862;26;137;0,16;27,78;71,19;0;Portugal;Western Europe;"Polytechnic Institute of Viseu";"2019-2026";"Education (Q4); Social Sciences (miscellaneous) (Q4)";"Social Sciences"
811;20600195529;"Revista Colombiana de Sociologia";journal;"0120159X, 22565485";"Universidad Nacional de Colombia";Yes;Yes;0,117;Q4;9;18;78;634;19;74;0,24;35,22;40,00;0;Colombia;Latin America;"Universidad Nacional de Colombia";"2018-2025";"Arts and Humanities (miscellaneous) (Q3); Social Sciences (miscellaneous) (Q4)";"Arts and Humanities; Social Sciences"
812;21101278529;"Journal of Multidisciplinary Studies in Human Rights and Science";journal;"27521400";"Knowmad Institut";Yes;Yes;0,116;Q4;2;13;13;475;3;13;0,18;36,54;46,51;0;Germany;Western Europe;"Knowmad Institut";"2021-2026";"Health (social science) (Q4); Political Science and International Relations (Q4); Social Sciences (miscellaneous) (Q4)";"Social Sciences"
813;13131;"Columbia Journal of Law and Social Problems";journal;"00101923";"Columbia Law Review Association";No;No;0,115;Q4;15;8;48;2368;13;48;0,24;296,00;50,00;0;United States;Northern America;"Columbia Law Review Association";"1973, 1975-1976, 1978, 1980, 1985-1986, 1989-1990, 1992-2025";"Law (Q4); Social Sciences (miscellaneous) (Q4); Sociology and Political Science (Q4)";"Social Sciences"
814;21101185538;"Hesperis-Tamuda";journal;"00181005";"Universite Mohammed V de Rabat - Institut Scientifique";Yes;Yes;0,115;Q4;7;23;100;803;7;96;0,07;34,91;21,74;0;Morocco;Africa;"Universite Mohammed V de Rabat - Institut Scientifique";"1973-1974, 1982, 1984-1985, 2019-2025";"Archeology (arts and humanities) (Q3); Social Sciences (miscellaneous) (Q4)";"Arts and Humanities; Social Sciences"
815;21101207443;"Jurnal Penelitian Kehutanan Wallacea";journal;"2302299X, 24077860";"Hasanuddin University Faculty of Forestry";Yes;No;0,115;Q4;4;9;33;341;9;32;0,29;37,89;40,91;0;Indonesia;Asiatic Region;"Hasanuddin University Faculty of Forestry";"2020-2025";"Ecology, Evolution, Behavior and Systematics (Q4); Forestry (Q4); Nature and Landscape Conservation (Q4); Social Sciences (miscellaneous) (Q4)";"Agricultural and Biological Sciences; Environmental Science; Social Sciences"
816;5600153193;"Social Science Forum";journal;"1581968X, 03523608";"Slovenian Sociological Association";Yes;Yes;0,115;Q4;5;0;56;0;16;47;0,20;0,00;0,00;0;Slovenia;Eastern Europe;"Slovenian Sociological Association";"2017-2024";"Cultural Studies (Q3); Communication (Q4); Social Sciences (miscellaneous) (Q4); Sociology and Political Science (Q4)";"Social Sciences"
817;21101225422;"Studia Historiae Oeconomicae";journal;"00816485, 23537515";"Uniwersytet im. Adama Mickiewicza w Poznaniu";Yes;Yes;0,115;Q4;2;12;37;755;7;36;0,19;62,92;37,50;0;Poland;Eastern Europe;"Uniwersytet im. Adama Mickiewicza w Poznaniu";"2023-2025";"History (Q3); Economics and Econometrics (Q4); Political Science and International Relations (Q4); Social Sciences (miscellaneous) (Q4)";"Arts and Humanities; Economics, Econometrics and Finance; Social Sciences"
818;21101119728;"Asian Journal of Human Services";journal;"2188059X";"Asian Society of Human Services";No;No;0,114;Q4;4;61;67;2566;13;67;0,22;42,07;44,72;0;Japan;Asiatic Region;"Asian Society of Human Services";"2019-2025";"Health (social science) (Q4); Social Sciences (miscellaneous) (Q4)";"Social Sciences"
819;21101344620;"Berlin Journal of Critical Theory";journal;"25674056";"xenomoi Verlag";No;No;0,114;Q4;2;14;32;465;8;27;0,26;33,21;27,27;0;Germany;Western Europe;"xenomoi Verlag";"2021-2026";"Social Sciences (miscellaneous) (Q4)";"Social Sciences"
820;21100896480;"Education et Didactique";journal;"21114838, 19563485";"Presses Universitaires de Rennes";No;No;0,114;Q4;5;0;77;0;7;65;0,11;0,00;0,00;0;France;Western Europe;"Presses Universitaires de Rennes";"2018-2024";"Developmental and Educational Psychology (Q4); Education (Q4); Social Sciences (miscellaneous) (Q4)";"Psychology; Social Sciences"
821;21100899925;"Nomadas";journal;"25394762, 01217550";"Universidad Central";Yes;Yes;0,114;Q4;8;0;49;0;8;46;0,06;0,00;0,00;0;Colombia;Latin America;"Universidad Central";"2018-2024";"Cultural Studies (Q3); Philosophy (Q3); Anthropology (Q4); Education (Q4); Psychology (miscellaneous) (Q4); Social Sciences (miscellaneous) (Q4)";"Arts and Humanities; Psychology; Social Sciences"
822;21101152544;"Qui Parle: Critical Humanities and Social Sciences";journal;"19388020, 10418385";"Duke University Press";No;No;0,114;Q4;6;11;47;380;13;37;0,34;34,55;66,67;0;United States;Northern America;"Duke University Press";"2019-2025";"Arts and Humanities (miscellaneous) (Q3); Social Sciences (miscellaneous) (Q4)";"Arts and Humanities; Social Sciences"
823;26270;"Journal of American Studies";journal;"14695154, 00218758";"Cambridge University Press";No;No;0,113;Q4;23;16;90;1263;24;87;0,14;78,94;36,84;0;United Kingdom;Western Europe;"Cambridge University Press";"1967-2026";"Arts and Humanities (miscellaneous) (Q3); Social Sciences (miscellaneous) (Q4)";"Arts and Humanities; Social Sciences"
824;21101388281;"From the European South";journal;"25314130";"University of Padua";No;No;0,112;Q4;5;21;63;442;14;56;0,16;21,05;57,14;0;Italy;Western Europe;"University of Padua";"2021-2025";"Arts and Humanities (miscellaneous) (Q3); Social Sciences (miscellaneous) (Q4)";"Arts and Humanities; Social Sciences"
825;21101197367;"Journal of Appalachian Studies";journal;"10827161, 23288612";"University of Illinois Press";No;No;0,112;Q4;4;16;39;623;12;32;0,22;38,94;64,29;0;United States;Northern America;"University of Illinois Press";"2020-2025";"Social Sciences (miscellaneous) (Q4)";"Social Sciences"
826;12100155925;"Socialni Studia/Social Studies";journal;"1214813X, 18036104";"Masaryk University";Yes;Yes;0,112;Q4;10;11;46;359;14;43;0,14;32,64;45,45;0;Czech Republic;Eastern Europe;"Masaryk University";"2009-2025";"Social Sciences (miscellaneous) (Q4)";"Social Sciences"
827;5600153192;"Annales";journal;"03952649";"Armand Colin Paris";No;No;0,111;Q4;27;0;177;0;16;169;0,09;0,00;0,00;0;France;Western Europe;"Armand Colin Paris";"1968, 1970, 1973-1993, 1995-1997, 1999-2024";"History (Q3); Social Sciences (miscellaneous) (Q4)";"Arts and Humanities; Social Sciences"
828;24794;"Das Argument";journal;"00041157";"Argument Verlag GmbH";No;No;0,111;Q4;6;6;136;109;5;125;0,04;18,17;42,86;0;Germany;Western Europe;"Argument Verlag GmbH";"1979, 2011, 2013-2025";"Philosophy (Q4); Social Sciences (miscellaneous) (Q4)";"Arts and Humanities; Social Sciences"
829;21101259654;"Contemporary Social Sciences";journal;"20960212";"";Yes;Yes;0,110;Q4;3;54;162;1551;31;152;0,20;28,72;36,27;0;China;Asiatic Region;"";"2020-2025";"Arts and Humanities (miscellaneous) (Q4); Social Sciences (miscellaneous) (Q4)";"Arts and Humanities; Social Sciences"
830;29759;"Indian Journal of Social Work";journal;"24567809, 00195634";"Tata Institute of Social Sciences";No;No;0,110;Q4;11;1;72;0;19;58;0,05;0,00;0,00;0;India;Asiatic Region;"Tata Institute of Social Sciences";"1945-1948, 1977, 1982, 1991, 1996-2025";"Social Sciences (miscellaneous) (Q4); Social Work (Q4); Sociology and Political Science (Q4)";"Social Sciences"
831;5700162205;"Labour History Review";journal;"09615652, 17458188";"Liverpool University Press";No;No;0,110;Q4;11;12;30;1246;2;30;0,10;103,83;25,00;0;United Kingdom;Western Europe;"Liverpool University Press";"2003, 2009-2011, 2014-2025";"History (Q3); Organizational Behavior and Human Resource Management (Q4); Social Sciences (miscellaneous) (Q4)";"Arts and Humanities; Business, Management and Accounting; Social Sciences"
832;26553;"Sri Lanka Journal of Social Sciences";journal;"02589710";"National Science Foundation";Yes;Yes;0,110;Q4;9;14;85;636;32;78;0,39;45,43;24,00;0;Sri Lanka;Asiatic Region;"National Science Foundation";"1978, 1980, 1993, 2004, 2006, 2008, 2010, 2012, 2014-2025";"Social Sciences (miscellaneous) (Q4)";"Social Sciences"
833;21101323182;"Ascarya: Journal of Islamic Science, Culture and Social Studies";journal;"27754243, 27985083";"Perkumpulan Alumni dan Santri Mahyajatul Qurro";Yes;No;0,109;Q4;2;22;56;1052;10;56;0,24;47,82;40,54;0;Indonesia;Asiatic Region;"Perkumpulan Alumni dan Santri Mahyajatul Qurro";"2021-2025";"Cultural Studies (Q4); Religious Studies (Q4); Social Sciences (miscellaneous) (Q4)";"Arts and Humanities; Social Sciences"
834;21100228552;"International Journal for the History of Engineering and Technology";journal;"17581214, 17581206";"Taylor and Francis Ltd.";No;No;0,109;Q4;6;17;26;553;7;25;0,33;32,53;25,00;0;United Kingdom;Western Europe;"Taylor and Francis Ltd.";"2012-2026";"Engineering (miscellaneous) (Q4); Social Sciences (miscellaneous) (Q4)";"Engineering; Social Sciences"
835;21101176852;"Journal of Statistical Research";journal;"0256422X";"Institute of Statistical Research and Training (ISRT), University of Dhaka";No;No;0,109;Q4;3;10;36;236;6;35;0,19;23,60;4,76;0;Bangladesh;Asiatic Region;"Institute of Statistical Research and Training (ISRT), University of Dhaka";"2019-2025";"Demography (Q4); Modeling and Simulation (Q4); Social Sciences (miscellaneous) (Q4); Statistics and Probability (Q4)";"Mathematics; Social Sciences"
836;21101219814;"Afrika Focus";journal;"2031356X, 0772084X";"Brill Academic Publishers";No;No;0,108;Q4;17;25;63;1083;11;57;0,18;43,32;20,00;0;Netherlands;Western Europe;"Brill Academic Publishers";"1985-2001, 2005-2025";"Cultural Studies (Q4); Social Sciences (miscellaneous) (Q4)";"Social Sciences"
837;21100450146;"Cadernos de Estudos Africanos";journal;"21827400, 16453794";"Centro de Estudos Africanos do ISCTE, Instituto Universitario de Lisboa";Yes;Yes;0,108;Q4;8;0;60;0;12;60;0,08;0,00;0,00;0;Portugal;Western Europe;"Centro de Estudos Africanos do ISCTE, Instituto Universitario de Lisboa";"2014-2024";"Arts and Humanities (miscellaneous) (Q4); Social Sciences (miscellaneous) (Q4)";"Arts and Humanities; Social Sciences"
838;21100983131;"European Journal of Korean Studies";journal;"26314134, 25165399";"British Association for Korean Studies";No;No;0,108;Q4;5;20;53;1435;14;45;0,34;71,75;45,00;0;United Kingdom;Western Europe;"British Association for Korean Studies";"2017-2025";"Arts and Humanities (miscellaneous) (Q4); Social Sciences (miscellaneous) (Q4)";"Arts and Humanities; Social Sciences"
839;27936;"Family Law Quarterly";journal;"0014729X";"American Bar Association";No;No;0,108;Q4;24;0;6;0;0;4;0,00;0,00;0,00;0;United States;Northern America;"American Bar Association";"1973-1975, 1977, 1979-1980, 1983-1985, 1988, 1991-1992, 1996-2012, 2017, 2022";"Law (Q4); Social Sciences (miscellaneous) (Q4)";"Social Sciences"
840;21101038533;"Middle Atlantic Review of Latin American Studies";journal;"24749621";"Middle Atlantic Council of Latin American Studies";Yes;Yes;0,108;Q4;6;12;45;449;7;39;0,18;37,42;33,33;0;United States;Northern America;"Middle Atlantic Council of Latin American Studies";"2017-2025";"Arts and Humanities (miscellaneous) (Q4); Social Sciences (miscellaneous) (Q4)";"Arts and Humanities; Social Sciences"
841;21101082209;"Revista Brasileira de Ciencias Policiais";journal;"23186917, 21780013";"National Police Academy";Yes;Yes;0,108;Q4;3;0;115;0;7;107;0,06;0,00;0,00;0;Brazil;Latin America;"National Police Academy";"2019-2024";"Law (Q4); Political Science and International Relations (Q4); Safety Research (Q4); Social Sciences (miscellaneous) (Q4); Sociology and Political Science (Q4)";"Social Sciences"
842;21101074582;"Studies in Peoples History";journal;"23484489, 23497718";"Sage Publications India Pvt. Ltd";No;No;0,108;Q4;6;17;52;429;8;52;0,09;25,24;60,00;0;Singapore;Asiatic Region;"Sage Publications India Pvt. Ltd";"2014-2025";"History (Q3); Social Sciences (miscellaneous) (Q4)";"Arts and Humanities; Social Sciences"
843;21101176677;"American Religion";journal;"26439255, 26439247";"Indiana University Press";No;No;0,107;Q4;4;18;53;201;12;35;0,30;11,17;44,44;0;United States;Northern America;"Indiana University Press";"2019-2025";"Anthropology (Q4); Cultural Studies (Q4); Social Sciences (miscellaneous) (Q4)";"Social Sciences"
844;21101214485;"Anali Pravnog Fakulteta u Beogradu";journal;"00032565, 24062693";"University of Belgrade Faculty of Law";Yes;Yes;0,107;Q4;2;24;102;954;16;101;0,23;39,75;41,94;0;Serbia;Eastern Europe;"University of Belgrade Faculty of Law";"2022-2025";"Economics, Econometrics and Finance (miscellaneous) (Q4); Law (Q4); Social Sciences (miscellaneous) (Q4)";"Economics, Econometrics and Finance; Social Sciences"
845;26780;"Archives de Sciences Sociales des Religions";journal;"03355985, 17775825";"College de France, Ecole des Hautes Etudes en Sciences Sociales (E H E S S)";No;No;0,107;Q4;20;0;110;0;7;107;0,05;0,00;0,00;0;France;Western Europe;"College de France, Ecole des Hautes Etudes en Sciences Sociales (E H E S S)";"1988, 1999, 2001-2024";"Religious Studies (Q4); Social Sciences (miscellaneous) (Q4)";"Arts and Humanities; Social Sciences"
846;51712;"Bogazici Journal";journal;"2717896X, 13009583";"Bogazici Universitesi";No;No;0,107;Q4;8;0;14;0;3;14;0,25;0,00;0,00;0;Turkey;Middle East;"Bogazici Universitesi";"1993-1995, 2005-2023";"Geography, Planning and Development (Q4); Social Sciences (miscellaneous) (Q4)";"Social Sciences"
847;21101253648;"IdeAs";journal;"19505701";"Institut des Ameriques";Yes;Yes;0,107;Q4;5;52;152;1493;10;142;0,06;28,71;50,00;0;France;Western Europe;"Institut des Ameriques";"2020-2025";"History (Q3); Cultural Studies (Q4); Political Science and International Relations (Q4); Social Sciences (miscellaneous) (Q4)";"Arts and Humanities; Social Sciences"
848;16631;"Rivista Internazionale di Scienze Sociali";journal;"18277918, 0035676X";"Vita e Pensiero";No;No;0,107;Q4;12;0;55;0;11;51;0,18;0,00;0,00;0;Italy;Western Europe;"Vita e Pensiero";"1973, 2009-2024";"Economics, Econometrics and Finance (miscellaneous) (Q4); Social Sciences (miscellaneous) (Q4)";"Economics, Econometrics and Finance; Social Sciences"
849;19900191875;"Sociedade e Cultura";journal;"19808194, 14158566";"Universidade Federal De Goias (UFG)";Yes;Yes;0,107;Q4;7;12;45;648;3;43;0,03;54,00;50,00;0;Brazil;Latin America;"Universidade Federal De Goias (UFG)";"2010-2025";"Arts and Humanities (miscellaneous) (Q4); Social Sciences (miscellaneous) (Q4)";"Arts and Humanities; Social Sciences"
850;21100854425;"Annals of the Fondazione Luigi Einaudi";journal;"25324969";"Casa Editrice Leo S. Olschki";No;No;0,106;Q4;7;0;75;0;9;62;0,09;0,00;0,00;0;Italy;Western Europe;"Casa Editrice Leo S. Olschki";"2017-2024";"Economics, Econometrics and Finance (miscellaneous) (Q4); History (Q4); Social Sciences (miscellaneous) (Q4); Sociology and Political Science (Q4)";"Arts and Humanities; Economics, Econometrics and Finance; Social Sciences"
851;21100869520;"Greek Review of Social Research";journal;"00139696, 22418512";"National Centre for Social Research";Yes;Yes;0,106;Q4;5;14;37;835;2;37;0,08;59,64;53,33;0;Greece;Western Europe;"National Centre for Social Research";"2018-2025";"Social Sciences (miscellaneous) (Q4)";"Social Sciences"
852;22347;"Historical Records of Australian Science";journal;"07273061, 14485508";"CSIRO Publishing";No;No;0,106;Q4;10;11;57;552;7;51;0,15;50,18;5,88;0;Australia;Pacific Region;"CSIRO Publishing";"1980-1983, 1985-1987, 1989, 1996, 1998, 2000-2002, 2004-2025";"Arts and Humanities (miscellaneous) (Q4); Demography (Q4); History and Philosophy of Science (Q4); Human Factors and Ergonomics (Q4); Social Sciences (miscellaneous) (Q4)";"Arts and Humanities; Social Sciences"
853;21101267122;"Quaderni Fiorentini per la Storia del Pensiero Giuridico Moderno";journal;"03921867";"Giuffre Francis Lefebvre SPA";No;No;0,106;Q4;4;28;107;172;3;5;0,01;6,14;24,00;0;Italy;Western Europe;"Giuffre Francis Lefebvre SPA";"2020-2025";"History (Q4); Law (Q4); Political Science and International Relations (Q4); Social Sciences (miscellaneous) (Q4)";"Arts and Humanities; Social Sciences"
854;21101164610;"Verge: Studies in Global Asias";journal;"23735058, 23735066";"University of Minnesota Press";No;No;0,106;Q4;8;21;61;824;20;50;0,22;39,24;57,14;0;United States;Northern America;"University of Minnesota Press";"2019-2025";"Arts and Humanities (miscellaneous) (Q4); Political Science and International Relations (Q4); Social Sciences (miscellaneous) (Q4)";"Arts and Humanities; Social Sciences"
855;21101390658;"Central Community Development Journal";journal;"30248302, 30251826";"Privietlab";No;No;0,105;Q4;2;13;19;508;3;19;0,13;39,08;40,00;0;Indonesia;Asiatic Region;"Privietlab";"2021-2025";"Development (Q4); Health (social science) (Q4); Social Sciences (miscellaneous) (Q4)";"Social Sciences"
856;21101128535;"Genesis (Italy)";journal;"15949281, 19732252";"Viella";No;No;0,105;Q4;0;0;7;0;0;7;0,00;0,00;0,00;0;Italy;Western Europe;"Viella";"2022-2023";"Cultural Studies (Q4); Gender Studies (Q4); History (Q4); Social Sciences (miscellaneous) (Q4)";"Arts and Humanities; Social Sciences"
857;17700155707;"Homme et la Societe";journal;"00184306, 21010226";"Editions Anthropos";No;No;0,105;Q4;10;0;71;0;1;65;0,03;0,00;0,00;0;France;Western Europe;"Editions Anthropos";"2001-2019, 2022-2024";"Social Sciences (miscellaneous) (Q4)";"Social Sciences"
858;5700163901;"Journal of Romance Studies";journal;"14733536, 17522331";"Liverpool University Press";No;No;0,105;Q4;5;32;76;1441;11;68;0,13;45,03;72,41;0;United Kingdom;Western Europe;"Liverpool University Press";"2014-2025";"Literature and Literary Theory (Q3); Visual Arts and Performing Arts (Q3); Cultural Studies (Q4); Linguistics and Language (Q4); Social Sciences (miscellaneous) (Q4)";"Arts and Humanities; Social Sciences"
859;5700162922;"Sistema";journal;"02100223";"Fundacion Sistema";No;No;0,105;Q4;3;0;48;0;5;47;0,13;0,00;0,00;0;Spain;Western Europe;"Fundacion Sistema";"2015-2024";"Social Sciences (miscellaneous) (Q4)";"Social Sciences"
860;5600152896;"Sociologia e Ricerca Sociale";journal;"19718446, 11211148";"FrancoAngeli";No;No;0,104;Q4;5;0;73;0;4;73;0,07;0,00;0,00;0;Italy;Western Europe;"FrancoAngeli";"2016-2024";"Social Sciences (miscellaneous) (Q4); Sociology and Political Science (Q4)";"Social Sciences"
861;17386;"Sociological Theory and Methods";journal;"09131442";"Japanese Association for Mathematical Sociology";No;No;0,104;Q4;9;8;57;151;5;49;0,03;18,88;71,43;0;Japan;Asiatic Region;"Japanese Association for Mathematical Sociology";"1986-1987, 1989-1994, 1996-2025";"Social Sciences (miscellaneous) (Q4); Sociology and Political Science (Q4)";"Social Sciences"
862;21100933253;"Biblos";journal;"21837139, 08704112";"University of Coimbra";Yes;Yes;0,103;Q4;1;23;56;518;4;54;0,04;22,52;81,48;0;Portugal;Western Europe;"University of Coimbra";"2019-2025";"Arts and Humanities (miscellaneous) (Q4); Social Sciences (miscellaneous) (Q4)";"Arts and Humanities; Social Sciences"
863;16960;"L'Annee Sociologique";journal;"00662399";"Presses Universitaires de France";No;No;0,103;Q4;17;13;50;617;6;46;0,15;47,46;29,41;0;France;Western Europe;"Presses Universitaires de France";"1981, 1984, 1987, 2001-2025";"Social Sciences (miscellaneous) (Q4)";"Social Sciences"
864;21101363649;"Mountain Journal of Science and Interdisciplinary Research";journal;"26197855, 26517744";"Benguet State University";Yes;No;0,103;Q4;1;18;35;529;5;35;0,14;29,39;54,55;0;Philippines;Asiatic Region;"Benguet State University";"2023-2025";"Agronomy and Crop Science (Q4); Education (Q4); Horticulture (Q4); Social Sciences (miscellaneous) (Q4)";"Agricultural and Biological Sciences; Social Sciences"
865;5700161383;"Portuguese Journal of Social Science";journal;"17589509, 1476413X";"Intellect Ltd.";No;No;0,103;Q4;16;0;14;0;2;13;0,00;0,00;0,00;0;United Kingdom;Western Europe;"Intellect Ltd.";"2002-2022";"Social Sciences (miscellaneous) (Q4)";"Social Sciences"
866;21101220435;"Problemi Sjevernog Jadrana";journal;"18487866, 03518825";"Croatian Academy of Sciences and Arts";No;No;0,103;Q4;2;2;13;157;2;12;0,00;78,50;100,00;0;Croatia;Eastern Europe;"Croatian Academy of Sciences and Arts";"2020-2025";"Arts and Humanities (miscellaneous) (Q4); Social Sciences (miscellaneous) (Q4)";"Arts and Humanities; Social Sciences"
867;21100903489;"Radovi Zavoda za Znanstvenoistrazivacki i Umjetnicki Rad u Bjelovaru";journal;"18469787, 18487912";"Croatian Academy of Sciences and Arts";Yes;Yes;0,103;Q4;2;5;37;0;3;34;0,12;0,00;40,00;0;Croatia;Eastern Europe;"Croatian Academy of Sciences and Arts";"2018-2026";"History and Philosophy of Science (Q4); Multidisciplinary (Q4); Social Sciences (miscellaneous) (Q4)";"Arts and Humanities; Multidisciplinary; Social Sciences"
868;21101041503;"Revista Archai";journal;"21794960, 1984249X";"Imprensa da Universidade de Coimbra";Yes;Yes;0,103;Q4;3;26;106;930;8;101;0,04;35,77;32,00;0;Portugal;Western Europe;"Imprensa da Universidade de Coimbra";"2019-2026";"Archeology (Q4); Archeology (arts and humanities) (Q4); History (Q4); Law (Q4); Linguistics and Language (Q4); Philosophy (Q4); Social Sciences (miscellaneous) (Q4); Visual Arts and Performing Arts (Q4)";"Arts and Humanities; Social Sciences"
869;21101241168;"Romaya Journal: Researches on Multidisciplinary Approaches";journal;"27919099";"";No;No;0,103;Q4;1;59;56;3418;5;56;0,09;57,93;48,06;0;Turkey;Middle East;"";"2021-2025";"Economics, Econometrics and Finance (miscellaneous) (Q4); Social Sciences (miscellaneous) (Q4)";"Economics, Econometrics and Finance; Social Sciences"
870;21100934629;"Ambitos";journal;"23864494, 15752100";"Biblioteca Universidad de Cordoba";No;Yes;0,102;Q4;3;11;31;385;2;30;0,06;35,00;9,09;0;Spain;Western Europe;"Biblioteca Universidad de Cordoba";"2019-2025";"Arts and Humanities (miscellaneous) (Q4); Social Sciences (miscellaneous) (Q4)";"Arts and Humanities; Social Sciences"
871;21101291388;"Biuletyn Szadkowski";journal;"16430700, 24498351";"Lodz University Press";Yes;No;0,102;Q4;1;7;28;152;2;20;0,06;21,71;60,00;0;Poland;Eastern Europe;"Lodz University Press";"2021-2025";"Arts and Humanities (miscellaneous) (Q4); Cultural Studies (Q4); History (Q4); Social Sciences (miscellaneous) (Q4)";"Arts and Humanities; Social Sciences"
872;21101140504;"Bolivian Studies Journal";journal;"21565163, 10742247";"University Library System, University of Pittsburgh";Yes;Yes;0,102;Q4;2;17;30;531;2;30;0,05;31,24;38,89;0;United States;Northern America;"University Library System, University of Pittsburgh";"2019, 2021-2025";"Anthropology (Q4); Cultural Studies (Q4); History (Q4); Political Science and International Relations (Q4); Social Sciences (miscellaneous) (Q4); Sociology and Political Science (Q4)";"Arts and Humanities; Social Sciences"
873;21100416319;"Digithum";journal;"15752275";"Universitat Oberta de Catalunya";Yes;Yes;0,102;Q4;8;0;29;0;6;28;0,24;0,00;0,00;0;Spain;Western Europe;"Universitat Oberta de Catalunya";"2015-2024";"Arts and Humanities (miscellaneous) (Q4); Social Sciences (miscellaneous) (Q4)";"Arts and Humanities; Social Sciences"
874;21101283817;"Global Africa";journal;"30200458";"Gaston Berger University";No;No;0,102;Q4;2;19;87;527;5;50;0,03;27,74;42,11;0;Senegal;Africa;"Gaston Berger University";"2022-2025";"Arts and Humanities (miscellaneous) (Q4); Social Sciences (miscellaneous) (Q4)";"Arts and Humanities; Social Sciences"
875;21101034468;"International Journal of Anglo-Indian Studies";journal;"13271652";"Massey University";No;No;0,102;Q4;1;6;28;61;1;19;0,06;10,17;50,00;0;New Zealand;Pacific Region;"Massey University";"2019-2025";"Anthropology (Q4); Arts and Humanities (miscellaneous) (Q4); History (Q4); Social Sciences (miscellaneous) (Q4)";"Arts and Humanities; Social Sciences"
876;5700163879;"KronoScope";journal;"1567715X, 15685241";"Brill Academic Publishers";No;No;0,102;Q4;12;14;37;288;5;32;0,08;20,57;11,76;0;Netherlands;Western Europe;"Brill Academic Publishers";"2001-2025";"Astronomy and Astrophysics (Q4); History and Philosophy of Science (Q4); Philosophy (Q4); Social Sciences (miscellaneous) (Q4)";"Arts and Humanities; Physics and Astronomy; Social Sciences"
877;21101070365;"New Zealand Journal of Asian Studies";journal;"11748915";"New Zealand Asian Studies Society (NZASIA)";No;No;0,102;Q4;2;13;46;381;4;43;0,08;29,31;69,23;0;New Zealand;Pacific Region;"New Zealand Asian Studies Society (NZASIA)";"2019-2025";"Arts and Humanities (miscellaneous) (Q4); History (Q4); Religious Studies (Q4); Social Sciences (miscellaneous) (Q4)";"Arts and Humanities; Social Sciences"
878;21100903450;"Review of Korean Studies";journal;"27339351, 12290076";"The Academy of Korean Studies";Yes;Yes;0,102;Q4;3;17;81;474;15;71;0,19;27,88;42,86;0;South Korea;Asiatic Region;"The Academy of Korean Studies";"2018-2025";"Arts and Humanities (miscellaneous) (Q4); Cultural Studies (Q4); Social Sciences (miscellaneous) (Q4)";"Arts and Humanities; Social Sciences"
879;21101155956;"Serbian Studies";journal;"19419511, 07423330";"Slavica Publishers";No;No;0,102;Q4;2;10;35;126;2;19;0,00;12,60;66,67;0;United States;Northern America;"Slavica Publishers";"2019-2025";"Arts and Humanities (miscellaneous) (Q4); Cultural Studies (Q4); History (Q4); Social Sciences (miscellaneous) (Q4)";"Arts and Humanities; Social Sciences"
880;5700164304;"Slovo";journal;"09546839";"University College London - School of Slavonic and East European Studies";No;No;0,102;Q4;5;0;18;0;1;14;0,00;0,00;0,00;0;United Kingdom;Western Europe;"University College London - School of Slavonic and East European Studies";"2012-2023";"Arts and Humanities (miscellaneous) (Q4); Social Sciences (miscellaneous) (Q4)";"Arts and Humanities; Social Sciences"
881;21101049541;"Societes et Representations";journal;"12622966, 2104404X";"Editions Of The Sorbonne";No;No;0,102;Q4;2;0;69;0;4;63;0,06;0,00;0,00;0;France;Western Europe;"Editions Of The Sorbonne";"2019-2024";"Cultural Studies (Q4); History (Q4); Social Sciences (miscellaneous) (Q4)";"Arts and Humanities; Social Sciences"
882;19700169125;"Trajecta. Religion, Culture and Society in the Low Countries";journal;"26659484, 07788304";"Amsterdam University Press";No;No;0,102;Q4;5;7;13;273;1;13;0,13;39,00;40,00;0;Netherlands;Western Europe;"Amsterdam University Press";"1999, 2002, 2019-2025";"History (Q4); Religious Studies (Q4); Social Sciences (miscellaneous) (Q4); Sociology and Political Science (Q4)";"Arts and Humanities; Social Sciences"
883;21101199910;"Air and Space Power Review";journal;"26340976, 26340968";"Royal Air Force";Yes;Yes;0,101;Q4;1;0;55;0;3;45;0,05;0,00;0,00;0;United Kingdom;Western Europe;"Royal Air Force";"2021-2024";"Political Science and International Relations (Q4); Social Sciences (miscellaneous) (Q4)";"Social Sciences"
884;21101299021;"Archiwum Historii Filozofii i Mysli Spolecznej";journal;"26580438, 00666874";"Polish Academy of Sciences - Institute of Philosophy and Sociology";No;No;0,101;Q4;1;20;55;1233;0;54;0,00;61,65;20,00;0;Poland;Eastern Europe;"Polish Academy of Sciences - Institute of Philosophy and Sociology";"2020-2021, 2023-2025";"Philosophy (Q4); Social Sciences (miscellaneous) (Q4)";"Arts and Humanities; Social Sciences"
885;21101061923;"Direito, Estado e Sociedade";journal;"19820879, 15166104";"Pontificia Universidade Catolica do Rio de Janeiro";Yes;No;0,101;Q4;3;13;71;518;2;71;0,00;39,85;50,00;0;Brazil;Latin America;"Pontificia Universidade Catolica do Rio de Janeiro";"2019-2025";"Law (Q4); Social Sciences (miscellaneous) (Q4); Sociology and Political Science (Q4)";"Social Sciences"
886;21101039834;"Eidos: A Journal for Philosophy of Culture";journal;"2544302X";"University of Warsaw";Yes;Yes;0,101;Q4;6;9;98;179;18;75;0,23;19,89;37,50;0;Poland;Eastern Europe;"University of Warsaw";"2017-2025";"Cultural Studies (Q4); Philosophy (Q4); Social Sciences (miscellaneous) (Q4)";"Arts and Humanities; Social Sciences"
887;21101287174;"GNLU Journal of Law and Economics";journal;"25822667";"GNLU Centre For Law and Economics";No;No;0,101;Q4;1;6;36;207;2;31;0,04;34,50;44,44;0;India;Asiatic Region;"GNLU Centre For Law and Economics";"2021-2025";"Development (Q4); Economics, Econometrics and Finance (miscellaneous) (Q4); Law (Q4); Social Sciences (miscellaneous) (Q4)";"Economics, Econometrics and Finance; Social Sciences"
888;21101146396;"Historia Philosophica";journal;"1824095X, 17246121";"Fabrizio Serra Editore";No;No;0,101;Q4;2;16;43;448;0;39;0,00;28,00;43,75;0;Italy;Western Europe;"Fabrizio Serra Editore";"2019-2025";"Arts and Humanities (miscellaneous) (Q4); History (Q4); Philosophy (Q4); Social Sciences (miscellaneous) (Q4)";"Arts and Humanities; Social Sciences"
889;21101134368;"Japan Review";journal;"09150986, 24343129";"International Research Center for Japanese Studies";No;No;0,101;Q4;4;10;28;488;2;26;0,00;48,80;50,00;0;Japan;Asiatic Region;"International Research Center for Japanese Studies";"2019-2025";"Arts and Humanities (miscellaneous) (Q4); Social Sciences (miscellaneous) (Q4)";"Arts and Humanities; Social Sciences"
890;21101239988;"Journal of Romanian Studies";journal;"2754415X, 26275325";"Liverpool University Press";No;No;0,101;Q4;3;15;36;293;1;30;0,05;19,53;50,00;0;United Kingdom;Western Europe;"Liverpool University Press";"2020-2025";"Cultural Studies (Q4); Social Sciences (miscellaneous) (Q4); Sociology and Political Science (Q4)";"Social Sciences"
891;21101264301;"Revista do CAAP";journal;"14150344, 22383840";"Faculdade de Direito da Universidade Federal de Minas Gerais";Yes;No;0,101;Q4;1;24;61;542;1;53;0,02;22,58;44,44;0;Brazil;Latin America;"Faculdade de Direito da Universidade Federal de Minas Gerais";"2020-2026";"Anthropology (Q4); Gender Studies (Q4); Law (Q4); Philosophy (Q4); Social Sciences (miscellaneous) (Q4); Sociology and Political Science (Q4)";"Arts and Humanities; Social Sciences"
892;25969;"Social and Economic Studies";journal;"26628988, 00377651";"University of the West Indies";No;No;0,101;Q4;13;0;42;0;2;37;0,08;0,00;0,00;0;Jamaica;Latin America;"University of the West Indies";"1974, 1977-1986, 2008-2024";"Economics and Econometrics (Q4); Social Sciences (miscellaneous) (Q4)";"Economics, Econometrics and Finance; Social Sciences"
893;26461;"Social Sciences (Russian Federation)";journal;"01345486, 19382553";"Russian Academy of Sciences";Yes;No;0,101;Q4;5;0;50;0;1;50;0,11;0,00;0,00;0;Russian Federation;Eastern Europe;"Russian Academy of Sciences";"1988, 1994, 2008-2019, 2022-2023";"Social Sciences (miscellaneous) (Q4)";"Social Sciences"
894;5600155101;"Sociologus";journal;"00380377, 18655106";"Duncker und Humblot GmbH";No;No;0,101;Q4;12;0;22;0;0;21;0,00;0,00;0,00;0;Germany;Western Europe;"Duncker und Humblot GmbH";"1982, 1987, 2008-2024";"Social Sciences (miscellaneous) (Q4)";"Social Sciences"
895;19700181428;"Sokendai Review of Cultural and Social Studies";journal;"18831362, 1883096X";"International Research Center for Japanese Studies";No;No;0,101;Q4;3;6;30;215;0;30;0,00;35,83;33,33;0;Japan;Asiatic Region;"International Research Center for Japanese Studies";"2006-2007, 2009-2025";"Cultural Studies (Q4); Social Sciences (miscellaneous) (Q4)";"Social Sciences"
896;21100220342;"Studies in Regional Science";journal;"02876256, 18806465";"Japan Section of the Regional Science Association International";No;No;0,101;Q4;14;8;40;253;0;39;0,00;31,63;44,44;0;Japan;Asiatic Region;"Japan Section of the Regional Science Association International";"1970-2025";"Environmental Science (miscellaneous) (Q4); Social Sciences (miscellaneous) (Q4)";"Environmental Science; Social Sciences"
897;21100905397;"Czas Kultury";journal;"08672148";"Stowarzyszenie Czasu Kultury";No;No;0,100;Q4;2;21;198;189;8;140;0,04;9,00;55,56;0;Poland;Eastern Europe;"Stowarzyszenie Czasu Kultury";"2018-2025";"Arts and Humanities (miscellaneous) (Q4); Cultural Studies (Q4); Social Sciences (miscellaneous) (Q4)";"Arts and Humanities; Social Sciences"
898;5800206565;"Etudes Francaises";journal;"00142085, 14921405";"Consortium Erudit";No;No;0,100;Q4;6;21;86;191;1;55;0,02;9,10;58,82;0;Canada;Northern America;"Consortium Erudit";"2001-2025";"Literature and Literary Theory (Q4); Social Sciences (miscellaneous) (Q4)";"Arts and Humanities; Social Sciences"
899;6000161723;"Hungarian Studies";journal;"02366568, 15882772";"Akademiai Kiado";No;No;0,100;Q4;7;33;59;1112;3;58;0,06;33,70;50,00;0;Hungary;Eastern Europe;"Akademiai Kiado";"2007-2025";"Arts and Humanities (miscellaneous) (Q4); Social Sciences (miscellaneous) (Q4)";"Arts and Humanities; Social Sciences"
900;21101059738;"Margens";journal;"19825374, 18060560";"Universidade Federal Do Para";No;Yes;0,100;Q4;3;0;108;0;4;105;0,04;0,00;0,00;0;Brazil;Latin America;"Universidade Federal Do Para";"2019-2024";"Arts and Humanities (miscellaneous) (Q4); Education (Q4); History and Philosophy of Science (Q4); Literature and Literary Theory (Q4); Social Sciences (miscellaneous) (Q4)";"Arts and Humanities; Social Sciences"
901;21101254068;"Slavic World in the Third Millennium";journal;"2782442X, 24126446";"Institute for Slavic Studies of the Russian Academy of Sciences";Yes;Yes;0,100;Q4;2;12;85;225;2;85;0,00;18,75;33,33;0;Russian Federation;Eastern Europe;"Institute for Slavic Studies of the Russian Academy of Sciences";"2021-2025";"Arts and Humanities (miscellaneous) (Q4); History (Q4); Linguistics and Language (Q4); Literature and Literary Theory (Q4); Social Sciences (miscellaneous) (Q4)";"Arts and Humanities; Social Sciences"
902;21100838563;"Annals of Applied Sport Science (discontinued)";journal;"24764981, 23224479";"";Yes;No;;-;15;110;178;2972;191;177;1,20;27,02;37,04;0;Iran;Middle East;"";"2017-2025";"Applied Psychology; Orthopedics and Sports Medicine; Physical Therapy, Sports Therapy and Rehabilitation; Social Sciences (miscellaneous); Tourism, Leisure and Hospitality Management";"Business, Management and Accounting; Health Professions; Medicine; Psychology; Social Sciences"
903;21101047719;"Fonseca Journal of Communication (discontinued)";journal;"21729077";"Ediciones Universidad de Salamanca";Yes;Yes;;-;9;18;113;779;62;111;0,29;43,28;40,00;0;Spain;Western Europe;"Ediciones Universidad de Salamanca";"2015, 2019-2025";"Communication; Linguistics and Language; Social Sciences (miscellaneous)";"Social Sciences"
904;21101170720;"Journal of Ecohumanism (discontinued)";journal;"27526801, 27526798";"Creative Publishing House";No;No;;-;11;374;1641;14180;1241;1637;0,76;37,91;38,25;0;United Kingdom;Western Europe;"Creative Publishing House";"2022-2025";"Cultural Studies; Social Sciences (miscellaneous)";"Social Sciences"
905;21101390655;"Lomonosov Psychology Journal";journal;"01370936, 23099852";"Lomonosov Moscow State University";No;No;;-;1;52;0;1659;0;0;0,00;31,90;72,32;0;Russian Federation;Eastern Europe;"Lomonosov Moscow State University";"2025-2026";"Arts and Humanities (miscellaneous); Clinical Psychology; Cultural Studies; Developmental and Educational Psychology; Neuropsychology and Physiological Psychology; Psychology (miscellaneous); Social Sciences (miscellaneous)";"Arts and Humanities; Psychology; Social Sciences"
906;21100211302;"Pakistan Journal of Life and Social Sciences (discontinued)";journal;"22217630, 17274915";"Elite Scientific Publications";No;No;;-;16;28;1251;1030;531;1251;0,42;36,79;53,03;0;Pakistan;Asiatic Region;"Elite Scientific Publications";"2012-2025";"Agricultural and Biological Sciences (miscellaneous); Biochemistry, Genetics and Molecular Biology (miscellaneous); Environmental Science (miscellaneous); Medicine (miscellaneous); Social Sciences (miscellaneous)";"Agricultural and Biological Sciences; Biochemistry, Genetics and Molecular Biology; Environmental Science; Medicine; Social Sciences"
