Rank;Sourceid;Title;Type;Issn;Publisher;Open Access;Open Access Diamond;SJR;SJR Quartile;H index;Total Docs. (2023);Total Docs. (3years);Total Refs.;Total Citations (3years);Citable Docs. (3years);Citations / Doc. (2years);Ref. / Doc.;%Female;Overton;Country;Region;Publisher;Coverage;Categories;Areas
1;19817;"British Journal of Sports Medicine";journal;"03063674, 14730480";"BMJ Publishing Group";No;No;4,691;Q1;256;270;922;10229;8080;559;6,45;37,89;37,82;31;United Kingdom;Western Europe;"BMJ Publishing Group";"1964, 1974-2026";"Medicine (miscellaneous) (Q1); Orthopedics and Sports Medicine (Q1); Physical Therapy, Sports Therapy and Rehabilitation (Q1); Sports Science (Q1)";"Health Professions; Medicine"
2;20373;"Sports Medicine";journal;"01121642, 11792035";"Springer International Publishing AG";Yes;No;3,492;Q1;262;154;508;13564;4536;416;8,17;88,08;30,18;10;Switzerland;Western Europe;"Springer International Publishing AG";"1984-2026";"Medicine (miscellaneous) (Q1); Orthopedics and Sports Medicine (Q1); Physical Therapy, Sports Therapy and Rehabilitation (Q1); Sports Science (Q1)";"Health Professions; Medicine"
3;21100204914;"Journal of Cachexia, Sarcopenia and Muscle";journal;"21905991, 21906009";"Wiley-Blackwell";Yes;No;2,816;Q1;130;251;591;10281;5507;529;9,33;40,96;41,57;7;United States;Northern America;"Wiley-Blackwell";"2010-2026";"Orthopedics and Sports Medicine (Q1); Physiology (medical) (Q1)";"Medicine"
4;21100294621;"Journal of Sport and Health Science";journal;"22132961, 20952546";"Elsevier B.V.";Yes;Yes;2,744;Q1;87;78;255;4706;2443;214;8,76;60,33;35,90;6;Netherlands;Western Europe;"Elsevier B.V.";"2012-2026";"Orthopedics and Sports Medicine (Q1); Physical Therapy, Sports Therapy and Rehabilitation (Q1)";"Health Professions; Medicine"
5;19799;"American Journal of Sports Medicine";journal;"03635465, 15523365";"SAGE Publications Inc.";No;No;2,363;Q1;292;439;1355;16782;6570;1197;4,27;38,23;22,76;7;United States;Northern America;"SAGE Publications Inc.";"1973-2026";"Medicine (miscellaneous) (Q1); Orthopedics and Sports Medicine (Q1); Physical Therapy, Sports Therapy and Rehabilitation (Q1); Sports Science (Q1)";"Health Professions; Medicine"
6;21100241208;"Bone and Joint Journal";journal;"20494408, 20494394";"British Editorial Society of Bone and Joint Surgery";No;No;2,280;Q1;224;187;799;6001;3779;739;4,64;32,09;18,03;0;United Kingdom;Western Europe;"British Editorial Society of Bone and Joint Surgery";"2013-2026";"Medicine (miscellaneous) (Q1); Orthopedics and Sports Medicine (Q1); Sports Science (Q1); Surgery (Q1)";"Health Professions; Medicine"
7;19732;"Osteoarthritis and Cartilage";journal;"10634584, 15229653";"W.B. Saunders Ltd";No;No;2,113;Q1;206;177;529;7447;3413;463;6,33;42,07;43,75;6;United Kingdom;Western Europe;"W.B. Saunders Ltd";"1993-2026";"Biomedical Engineering (Q1); Orthopedics and Sports Medicine (Q1); Rheumatology (Q1)";"Engineering; Medicine"
8;15222;"Arthroscopy - Journal of Arthroscopic and Related Surgery";journal;"07498063, 15263231";"W.B. Saunders";No;No;2,002;Q1;203;394;1618;10696;4287;866;2,68;27,15;18,32;6;United States;Northern America;"W.B. Saunders";"1985-2025";"Orthopedics and Sports Medicine (Q1); Sports Science (Q1)";"Health Professions; Medicine"
9;12211;"Journal of Bone and Mineral Research";journal;"15234681, 08840431";"Oxford University Press";No;No;1,868;Q1;284;177;732;8546;3603;635;4,62;48,28;45,41;8;United States;Northern America;"Oxford University Press";"1986-2026";"Endocrinology, Diabetes and Metabolism (Q1); Orthopedics and Sports Medicine (Q1)";"Medicine"
10;21100203714;"Skeletal Muscle";journal;"20445040";"BioMed Central Ltd";Yes;No;1,856;Q1;66;23;88;1418;452;88;5,04;61,65;47,49;1;United Kingdom;Western Europe;"BioMed Central Ltd";"2011-2026";"Cell Biology (Q1); Molecular Biology (Q1); Orthopedics and Sports Medicine (Q1)";"Biochemistry, Genetics and Molecular Biology; Medicine"
11;21723;"Journal of Shoulder and Elbow Surgery";journal;"15326500, 10582746";"Elsevier Inc.";No;No;1,855;Q1;187;387;1275;12848;5017;1214;3,56;33,20;19,31;3;United States;Northern America;"Elsevier Inc.";"1992-2026";"Medicine (miscellaneous) (Q1); Orthopedics and Sports Medicine (Q1); Sports Science (Q1); Surgery (Q1)";"Health Professions; Medicine"
12;12191;"Journal of Arthroplasty";journal;"08835403, 15328406";"Elsevier B.V.";No;No;1,849;Q1;181;654;2047;20300;7300;1862;3,38;31,04;20,79;15;United States;Northern America;"Elsevier B.V.";"1986-2026";"Orthopedics and Sports Medicine (Q1)";"Medicine"
13;13070;"Spine Journal";journal;"15299430, 18781632";"Elsevier Inc.";No;No;1,804;Q1;151;233;732;7685;3204;639;4,44;32,98;21,92;11;United States;Northern America;"Elsevier Inc.";"2001-2026";"Neurology (clinical) (Q1); Orthopedics and Sports Medicine (Q1); Surgery (Q1)";"Medicine"
14;19890;"Knee Surgery, Sports Traumatology, Arthroscopy";journal;"09422056, 14337347";"John Wiley and Sons Inc";No;No;1,785;Q1;167;668;1448;23316;6429;1371;4,26;34,90;19,67;16;Germany;Western Europe;"John Wiley and Sons Inc";"1993-2026";"Orthopedics and Sports Medicine (Q1); Sports Science (Q1); Surgery (Q1)";"Health Professions; Medicine"
15;21101021926;"Knee Surgery and Related Research";journal;"22340726, 22342451";"BioMed Central Ltd";Yes;Yes;1,716;Q1;46;29;155;1000;635;154;4,57;34,48;14,05;0;United Kingdom;Western Europe;"BioMed Central Ltd";"2012-2026";"Orthopedics and Sports Medicine (Q1); Surgery (Q1)";"Medicine"
16;12198;"Journal of Bone and Joint Surgery";journal;"15351386, 00219355";"Lippincott Williams and Wilkins";Yes;No;1,705;Q1;324;340;1362;10055;4538;1005;2,79;29,57;26,37;0;United States;Northern America;"Lippincott Williams and Wilkins";"1946-2026";"Medicine (miscellaneous) (Q1); Orthopedics and Sports Medicine (Q1); Sports Science (Q1); Surgery (Q1)";"Health Professions; Medicine"
17;19842;"Exercise and Sport Sciences Reviews";journal;"15383008, 00916331";"Lippincott Williams and Wilkins Ltd.";No;No;1,688;Q1;127;21;94;1385;452;79;3,64;65,95;32,81;0;United States;Northern America;"Lippincott Williams and Wilkins Ltd.";"1973-2026";"Orthopedics and Sports Medicine (Q1); Physical Therapy, Sports Therapy and Rehabilitation (Q1); Sports Science (Q1)";"Health Professions; Medicine"
18;19816;"Biology of Sport";journal;"0860021X, 20831862";"Institute of Sport";Yes;No;1,546;Q1;57;119;250;5275;1213;250;4,70;44,33;18,07;1;Poland;Eastern Europe;"Institute of Sport";"1996-2026";"Orthopedics and Sports Medicine (Q1); Physical Therapy, Sports Therapy and Rehabilitation (Q1); Physiology (medical) (Q1); Sports Science (Q1)";"Health Professions; Medicine"
19;30824;"Foot and Ankle International";journal;"19447876, 10711007";"SAGE Publications Inc.";No;No;1,504;Q1;138;166;621;4830;1893;568;2,63;29,10;22,69;3;United States;Northern America;"SAGE Publications Inc.";"1980-2026";"Orthopedics and Sports Medicine (Q1); Surgery (Q1)";"Medicine"
20;20346;"Scandinavian Journal of Medicine and Science in Sports";journal;"16000838, 09057188";"Blackwell Munksgaard";No;No;1,485;Q1;158;225;645;9535;2723;609;3,68;42,38;34,42;8;Denmark;Western Europe;"Blackwell Munksgaard";"1991-2026";"Orthopedics and Sports Medicine (Q1); Physical Therapy, Sports Therapy and Rehabilitation (Q1); Sports Science (Q1)";"Health Professions; Medicine"
21;21100872126;"EFORT Open Reviews";journal;"20585241, 23967544";"British Editorial Society of Bone and Joint Surgery";Yes;No;1,484;Q1;66;91;300;5632;1462;296;4,52;61,89;21,28;0;United Kingdom;Western Europe;"British Editorial Society of Bone and Joint Surgery";"2016-2025";"Orthopedics and Sports Medicine (Q1); Surgery (Q1)";"Medicine"
22;19894;"Medicine and Science in Sports and Exercise";journal;"15300315, 01959131";"Lippincott Williams and Wilkins";No;No;1,470;Q1;280;243;863;11215;3339;827;3,66;46,15;36,64;0;United States;Northern America;"Lippincott Williams and Wilkins";"1969-2026";"Orthopedics and Sports Medicine (Q1); Physical Therapy, Sports Therapy and Rehabilitation (Q1); Sports Science (Q1)";"Health Professions; Medicine"
23;21100859815;"Sports Medicine - Open";journal;"21989761, 21991170";"Springer Science and Business Media Deutschland GmbH";Yes;No;1,446;Q1;64;118;306;7452;1511;299;4,16;63,15;29,02;4;Germany;Western Europe;"Springer Science and Business Media Deutschland GmbH";"2015-2026";"Orthopedics and Sports Medicine (Q1); Physical Therapy, Sports Therapy and Rehabilitation (Q1)";"Health Professions; Medicine"
24;21101085507;"Bone and Joint Open";journal;"26331462";"British Editorial Society of Bone and Joint Surgery";Yes;No;1,414;Q1;33;117;371;4033;1079;364;2,93;34,47;20,16;0;United Kingdom;Western Europe;"British Editorial Society of Bone and Joint Surgery";"2020-2026";"Orthopedics and Sports Medicine (Q1); Surgery (Q1)";"Medicine"
25;21100984155;"JBJS Open Access";journal;"24727245";"Lippincott Williams and Wilkins";Yes;No;1,405;Q1;36;96;216;2636;735;212;3,11;27,46;23,81;0;United States;Northern America;"Lippincott Williams and Wilkins";"2016-2026";"Orthopedics and Sports Medicine (Q1); Surgery (Q1)";"Medicine"
26;14000156196;"International Journal of Sports Physiology and Performance";journal;"15550265, 15550273";"Human Kinetics Publishers Inc.";No;No;1,388;Q1;109;200;714;5912;2277;674;3,16;29,56;18,63;1;United States;Northern America;"Human Kinetics Publishers Inc.";"2006-2026";"Orthopedics and Sports Medicine (Q1); Physical Therapy, Sports Therapy and Rehabilitation (Q1); Sports Science (Q1)";"Health Professions; Medicine"
27;29603;"Clinical Orthopaedics and Related Research";journal;"15281132, 0009921X";"";No;No;1,387;Q1;254;434;1379;8783;2718;750;1,68;20,24;22,51;0;United States;Northern America;"";"1963-2026";"Medicine (miscellaneous) (Q1); Orthopedics and Sports Medicine (Q1); Sports Science (Q1); Surgery (Q1)";"Health Professions; Medicine"
28;21100422918;"Bone and Joint Research";journal;"20463758";"British Editorial Society of Bone and Joint Surgery";Yes;No;1,372;Q1;61;81;288;3683;1176;270;4,15;45,47;24,43;0;United Kingdom;Western Europe;"British Editorial Society of Bone and Joint Surgery";"2012-2026";"Orthopedics and Sports Medicine (Q1); Surgery (Q1)";"Medicine"
29;15206;"Journal of the American Academy of Orthopaedic Surgeons";journal;"19405480, 1067151X";"Lippincott Williams and Wilkins";No;No;1,352;Q1;153;269;904;8325;3035;862;2,79;30,95;21,21;0;United States;Northern America;"Lippincott Williams and Wilkins";"1994, 1996-2026";"Medicine (miscellaneous) (Q1); Orthopedics and Sports Medicine (Q1); Surgery (Q1)";"Medicine"
30;21100908538;"Science and Medicine in Football";journal;"24733938, 24734446";"Taylor and Francis Ltd.";No;No;1,349;Q1;40;46;187;1979;651;174;3,23;43,02;14,10;0;United Kingdom;Western Europe;"Taylor and Francis Ltd.";"2017-2026";"Orthopedics and Sports Medicine (Q1); Physical Therapy, Sports Therapy and Rehabilitation (Q1); Sports Science (Q1)";"Health Professions; Medicine"
31;8300153105;"Current Reviews in Musculoskeletal Medicine";journal;"19359748, 1935973X";"Springer";No;No;1,330;Q1;76;66;207;3681;1026;207;3,71;55,77;19,91;0;United States;Northern America;"Springer";"2008-2026";"Orthopedics and Sports Medicine (Q1)";"Medicine"
32;144804;"Acta Orthopaedica";journal;"17453682, 17453674";"Medical Journals Sweden AB";Yes;No;1,278;Q1;142;97;414;2512;1281;396;2,28;25,90;29,95;3;United Kingdom;Western Europe;"Medical Journals Sweden AB";"1930, 1932-1945, 1948-1959, 1961-2002, 2004-2026";"Medicine (miscellaneous) (Q1); Orthopedics and Sports Medicine (Q1); Surgery (Q1)";"Medicine"
33;19700187632;"Physical Education and Sport Pedagogy";journal;"17408989, 17425786";"Taylor and Francis Ltd.";No;No;1,273;Q1;65;44;141;2504;600;140;4,10;56,91;47,30;7;United Kingdom;Western Europe;"Taylor and Francis Ltd.";"2010-2026";"Education (Q1); Orthopedics and Sports Medicine (Q1); Physical Therapy, Sports Therapy and Rehabilitation (Q1); Sports Science (Q1)";"Health Professions; Medicine; Social Sciences"
34;16500154708;"Annals of Physical and Rehabilitation Medicine";journal;"18770657, 18770665";"Elsevier Masson s.r.l.";No;No;1,270;Q1;76;82;318;3227;1049;205;3,10;39,35;47,58;5;France;Western Europe;"Elsevier Masson s.r.l.";"2009-2026";"Orthopedics and Sports Medicine (Q1); Rehabilitation (Q1)";"Medicine"
35;17500155019;"Orthopaedics and Traumatology: Surgery and Research";journal;"18770568";"Elsevier Masson s.r.l.";No;No;1,269;Q1;91;267;854;8292;2536;778;2,80;31,06;19,32;6;France;Western Europe;"Elsevier Masson s.r.l.";"2009-2026";"Medicine (miscellaneous) (Q1); Orthopedics and Sports Medicine (Q1); Surgery (Q1)";"Medicine"
36;21100345623;"Global Spine Journal";journal;"21925682, 21925690";"SAGE Publications Inc.";Yes;No;1,264;Q1;69;294;641;9355;2132;557;3,17;31,82;16,73;16;United States;Northern America;"SAGE Publications Inc.";"2014-2026";"Neurology (clinical) (Q1); Orthopedics and Sports Medicine (Q1); Surgery (Q1)";"Medicine"
37;21100829921;"Journal of Orthopaedic Translation";journal;"2214031X";"Elsevier (Singapore) Pte Ltd";Yes;No;1,259;Q1;66;81;336;4758;2000;302;6,22;58,74;35,78;2;Singapore;Asiatic Region;"Elsevier (Singapore) Pte Ltd";"2013-2026";"Orthopedics and Sports Medicine (Q1)";"Medicine"
38;21100869188;"BMJ Open Sport and Exercise Medicine";journal;"20557647";"BMJ Publishing Group";Yes;No;1,253;Q1;58;129;383;4631;1443;365;3,78;35,90;39,97;1;United Kingdom;Western Europe;"BMJ Publishing Group";"2015-2026";"Orthopedics and Sports Medicine (Q1); Physical Therapy, Sports Therapy and Rehabilitation (Q1)";"Health Professions; Medicine"
39;19874;"Journal of Science and Medicine in Sport";journal;"18781861, 14402440";"Elsevier Ltd";No;No;1,222;Q1;141;133;600;4517;1951;545;2,86;33,96;32,60;4;United Kingdom;Western Europe;"Elsevier Ltd";"1998-2026";"Orthopedics and Sports Medicine (Q1); Physical Therapy, Sports Therapy and Rehabilitation (Q1); Sports Science (Q1)";"Health Professions; Medicine"
40;13068;"Spine";journal;"03622436, 15281159";"Wolters Kluwer Health";No;No;1,221;Q1;310;287;1273;8885;3594;1145;2,51;30,96;20,46;0;United States;Northern America;"Wolters Kluwer Health";"1976-2026";"Neurology (clinical) (Q1); Orthopedics and Sports Medicine (Q1); Sports Science (Q1)";"Health Professions; Medicine"
41;21078;"Journal of Sport Management";journal;"1543270X, 08884773";"Human Kinetics Publishers Inc.";No;No;1,174;Q1;96;41;148;2350;489;147;2,54;57,32;36,63;1;United States;Northern America;"Human Kinetics Publishers Inc.";"1987, 1989, 1995-2026";"Decision Sciences (miscellaneous) (Q1); Organizational Behavior and Human Resource Management (Q1); Orthopedics and Sports Medicine (Q1); Physical Therapy, Sports Therapy and Rehabilitation (Q1); Sports Science (Q1)";"Business, Management and Accounting; Decision Sciences; Health Professions; Medicine"
42;19900193557;"Sports Health";journal;"19410921, 19417381";"Sage Periodicals Press";No;No;1,167;Q1;83;106;268;4031;986;241;3,33;38,03;24,50;1;United States;Northern America;"Sage Periodicals Press";"2009-2026";"Orthopedics and Sports Medicine (Q1); Physical Therapy, Sports Therapy and Rehabilitation (Q1)";"Health Professions; Medicine"
43;19871;"Journal of Athletic Training";journal;"10626050, 1938162X";"National Athletic Trainers' Association Inc.";Yes;No;1,141;Q1;146;125;434;4477;1206;418;2,29;35,82;48,13;4;United States;Northern America;"National Athletic Trainers' Association Inc.";"1996-2026";"Medicine (miscellaneous) (Q1); Orthopedics and Sports Medicine (Q1); Physical Therapy, Sports Therapy and Rehabilitation (Q1); Sports Science (Q1)";"Health Professions; Medicine"
44;19889;"Journal of Strength and Conditioning Research";journal;"10648011, 15334287";"NSCA National Strength and Conditioning Association";Yes;No;1,141;Q1;185;364;1448;15246;4456;1437;2,72;41,88;20,53;0;United States;Northern America;"NSCA National Strength and Conditioning Association";"1987-2026";"Medicine (miscellaneous) (Q1); Orthopedics and Sports Medicine (Q1); Physical Therapy, Sports Therapy and Rehabilitation (Q1); Sports Science (Q1)";"Health Professions; Medicine"
45;21100394399;"Orthopaedic Journal of Sports Medicine";journal;"23259671";"SAGE Publications Inc.";Yes;No;1,141;Q1;77;431;1537;15235;4354;1502;2,55;35,35;21,62;5;United Kingdom;Western Europe;"SAGE Publications Inc.";"2013-2026";"Orthopedics and Sports Medicine (Q1)";"Medicine"
46;5800228211;"European Physical Education Review";journal;"1356336X, 17412749";"SAGE Publications Ltd";No;No;1,136;Q1;63;34;173;1910;610;172;3,10;56,18;36,44;0;United Kingdom;Western Europe;"SAGE Publications Ltd";"1995-2026";"Education (Q1); Orthopedics and Sports Medicine (Q1); Physical Therapy, Sports Therapy and Rehabilitation (Q1); Sports Science (Q1)";"Health Professions; Medicine; Social Sciences"
47;21101023286;"JBMR Plus";journal;"24734039";"Oxford University Press";Yes;No;1,128;Q1;43;125;312;5968;1160;300;3,82;47,74;47,06;1;United States;Northern America;"Oxford University Press";"2017-2026";"Endocrinology, Diabetes and Metabolism (Q1); Orthopedics and Sports Medicine (Q1)";"Medicine"
48;21090;"Journal of Sports Sciences";journal;"1466447X, 02640414";"Routledge";No;No;1,115;Q1;181;217;900;10382;2991;883;2,72;47,84;27,49;1;United Kingdom;Western Europe;"Routledge";"1983-2026";"Orthopedics and Sports Medicine (Q1); Physical Therapy, Sports Therapy and Rehabilitation (Q1); Sports Science (Q1)";"Health Professions; Medicine"
49;5800207375;"European Journal of Sport Science";journal;"17461391, 15367290";"John Wiley and Sons Inc";Yes;No;1,078;Q1;94;245;518;9270;1825;516;3,54;37,84;26,47;3;United Kingdom;Western Europe;"John Wiley and Sons Inc";"2001-2026";"Medicine (miscellaneous) (Q1); Orthopedics and Sports Medicine (Q1); Physical Therapy, Sports Therapy and Rehabilitation (Q1); Sports Science (Q2)";"Health Professions; Medicine"
50;21100779066;"JBJS Reviews";journal;"23299185";"Journal of Bone and Joint Surgery Inc.";No;No;1,075;Q1;52;108;318;6801;996;316;2,26;62,97;22,68;0;United States;Northern America;"Journal of Bone and Joint Surgery Inc.";"2014-2026";"Orthopedics and Sports Medicine (Q1); Surgery (Q1)";"Medicine"
51;20934;"Sport, Education and Society";journal;"14701243, 13573322";"Routledge";No;No;1,064;Q1;90;80;239;4318;748;232;2,87;53,98;48,69;3;United Kingdom;Western Europe;"Routledge";"1996-2026";"Education (Q1); Orthopedics and Sports Medicine (Q1); Physical Therapy, Sports Therapy and Rehabilitation (Q1); Sports Science (Q2)";"Health Professions; Medicine; Social Sciences"
52;19700201679;"Therapeutic Advances in Musculoskeletal Disease";journal;"1759720X, 17597218";"SAGE Publications Inc.";Yes;No;1,061;Q1;59;49;298;3023;1105;293;3,46;61,69;37,20;0;United Kingdom;Western Europe;"SAGE Publications Inc.";"2009-2026";"Orthopedics and Sports Medicine (Q1); Rheumatology (Q2)";"Medicine"
53;21101013588;"Journal of Spine Surgery";journal;"2414469X, 24144630";"AME Publishing Company";Yes;No;1,045;Q1;35;68;250;1622;765;210;1,70;23,85;14,23;0;Hong Kong;Asiatic Region;"AME Publishing Company";"2016-2026";"Orthopedics and Sports Medicine (Q1); Surgery (Q1)";"Medicine"
54;21129;"European Spine Journal";journal;"09406719, 14320932";"Springer Science and Business Media Deutschland GmbH";No;No;1,042;Q1;182;491;1202;14437;3341;1082;2,63;29,40;21,16;7;Germany;Western Europe;"Springer Science and Business Media Deutschland GmbH";"1992-2026";"Orthopedics and Sports Medicine (Q1); Surgery (Q1)";"Medicine"
55;15221;"Archives of Orthopaedic and Trauma Surgery";journal;"14343916, 09368051";"Springer Science and Business Media Deutschland GmbH";No;No;1,036;Q1;104;765;939;25894;2848;928;2,86;33,85;19,00;25;Germany;Western Europe;"Springer Science and Business Media Deutschland GmbH";"1989-2026";"Medicine (miscellaneous) (Q1); Orthopedics and Sports Medicine (Q1); Surgery (Q1)";"Medicine"
56;25422;"Calcified Tissue International";journal;"14320827, 0171967X";"Springer";No;No;1,016;Q1;140;122;398;6372;1556;381;3,83;52,23;39,81;6;United States;Northern America;"Springer";"1973, 1976-1977, 1979-2026";"Orthopedics and Sports Medicine (Q1); Endocrinology (Q2); Endocrinology, Diabetes and Metabolism (Q2)";"Biochemistry, Genetics and Molecular Biology; Medicine"
57;23402;"European Journal of Applied Physiology";journal;"14396319, 14396327";"Springer Science and Business Media Deutschland GmbH";No;No;1,016;Q1;176;216;756;13470;2307;708;3,02;62,36;26,88;3;Germany;Western Europe;"Springer Science and Business Media Deutschland GmbH";"1996, 2000-2026";"Medicine (miscellaneous) (Q1); Orthopedics and Sports Medicine (Q1); Public Health, Environmental and Occupational Health (Q1); Physiology (medical) (Q2); Sports Science (Q2)";"Health Professions; Medicine"
58;12259;"Journal of Orthopaedics and Traumatology";journal;"15909921, 15909999";"Springer Science and Business Media Deutschland GmbH";Yes;No;1,009;Q1;59;62;135;2342;500;134;3,25;37,77;22,74;0;Germany;Western Europe;"Springer Science and Business Media Deutschland GmbH";"2002-2026";"Medicine (miscellaneous) (Q1); Orthopedics and Sports Medicine (Q1); Surgery (Q1)";"Medicine"
59;10800153305;"Brazilian Journal of Physical Therapy";journal;"18099246, 14133555";"Revista Brasileira de Fisioterapia";Yes;Yes;1,008;Q1;62;59;233;2808;763;208;2,91;47,59;56,82;3;Brazil;Latin America;"Revista Brasileira de Fisioterapia";"2007-2026";"Orthopedics and Sports Medicine (Q1); Physical Therapy, Sports Therapy and Rehabilitation (Q1); Rehabilitation (Q1)";"Health Professions; Medicine"
60;21100200208;"Asian Spine Journal";journal;"19767846, 19761902";"Korean Society of Spine Surgery";Yes;Yes;0,999;Q1;57;128;340;3530;924;318;2,49;27,58;16,30;2;South Korea;Asiatic Region;"Korean Society of Spine Surgery";"2008, 2011-2025";"Orthopedics and Sports Medicine (Q1); Surgery (Q1)";"Medicine"
61;21680;"Journal of Hand Surgery";journal;"03635023, 15316564";"W.B. Saunders";No;No;0,983;Q1;146;261;801;6749;1410;699;1,62;25,86;26,73;3;United States;Northern America;"W.B. Saunders";"1976-2026";"Orthopedics and Sports Medicine (Q1); Surgery (Q1)";"Medicine"
62;4000152113;"Journal of Sports Science and Medicine";journal;"13032968";"Journal of Sport Science and Medicine";Yes;No;0,979;Q1;93;84;246;3571;788;238;2,59;42,51;24,39;0;Turkey;Middle East;"Journal of Sport Science and Medicine";"2002-2026";"Orthopedics and Sports Medicine (Q1); Physical Therapy, Sports Therapy and Rehabilitation (Q1); Sports Science (Q2)";"Health Professions; Medicine"
63;12257;"Journal of Orthopaedic Trauma";journal;"08905339, 15312291";"Wolters Kluwer Health";No;No;0,965;Q1;159;225;781;5776;1600;719;1,73;25,67;19,98;0;United States;Northern America;"Wolters Kluwer Health";"1987-2026";"Medicine (miscellaneous) (Q1); Orthopedics and Sports Medicine (Q1); Surgery (Q1); Sports Science (Q2)";"Health Professions; Medicine"
64;21143;"Foot and Ankle Surgery";journal;"14609584, 12687731";"Elsevier Ltd";No;No;0,942;Q1;58;108;552;2830;1331;515;2,11;26,20;22,24;2;United Kingdom;Western Europe;"Elsevier Ltd";"1994, 1996-2026";"Orthopedics and Sports Medicine (Q1)";"Medicine"
65;6000195388;"Journal of Physical Activity and Health";journal;"15433080, 15435474";"Human Kinetics Publishers Inc.";No;No;0,939;Q1;100;130;453;5727;1236;429;2,58;44,05;51,23;9;United States;Northern America;"Human Kinetics Publishers Inc.";"2004-2026";"Orthopedics and Sports Medicine (Q1); Physical Therapy, Sports Therapy and Rehabilitation (Q1); Public Health, Environmental and Occupational Health (Q1); Epidemiology (Q2)";"Health Professions; Medicine"
66;21100921027;"Journal of ISAKOS";journal;"20597762, 20597754";"Elsevier Inc.";Yes;No;0,930;Q1;26;80;158;2906;353;140;2,54;36,33;16,02;1;United Kingdom;Western Europe;"Elsevier Inc.";"2019-2026";"Orthopedics and Sports Medicine (Q1); Surgery (Q1)";"Medicine"
67;19818;"Clinical Journal of Sport Medicine";journal;"15363724, 1050642X";"Lippincott Williams and Wilkins";No;No;0,921;Q1;125;103;455;3403;1029;437;2,09;33,04;36,70;1;United States;Northern America;"Lippincott Williams and Wilkins";"1993-2026";"Orthopedics and Sports Medicine (Q1); Physical Therapy, Sports Therapy and Rehabilitation (Q1); Sports Science (Q2)";"Health Professions; Medicine"
68;21100932767;"JOR Spine";journal;"25721143";"Wiley-Blackwell Publishing Ltd";Yes;No;0,892;Q1;34;52;142;3952;490;127;3,19;76,00;31,22;0;United Kingdom;Western Europe;"Wiley-Blackwell Publishing Ltd";"2018-2026";"Orthopedics and Sports Medicine (Q1)";"Medicine"
69;13073;"Sports Medicine and Arthroscopy Review";journal;"10628592, 15381951";"Lippincott Williams and Wilkins Ltd.";No;No;0,892;Q1;67;21;99;534;266;88;2,26;25,43;16,42;0;United States;Northern America;"Lippincott Williams and Wilkins Ltd.";"1993-2026";"Orthopedics and Sports Medicine (Q1); Physical Therapy, Sports Therapy and Rehabilitation (Q1); Sports Science (Q2)";"Health Professions; Medicine"
70;12239;"Journal of Orthopaedic Research";journal;"1554527X, 07360266";"Wiley-Blackwell";No;No;0,886;Q1;187;274;834;11408;2652;818;2,82;41,64;28,55;4;United States;Northern America;"Wiley-Blackwell";"1983-2026";"Orthopedics and Sports Medicine (Q1)";"Medicine"
71;29817;"International Orthopaedics";journal;"14325195, 03412695";"";No;No;0,877;Q1;121;358;1148;10733;2777;980;2,11;29,98;22,18;5;Germany;Western Europe;"";"1977-2026";"Orthopedics and Sports Medicine (Q1); Surgery (Q1)";"Medicine"
72;19912;"Physical Therapy in Sport";journal;"1466853X, 18731600";"Churchill Livingstone";No;No;0,873;Q1;72;107;429;4827;1077;425;2,31;45,11;34,52;1;United States;Northern America;"Churchill Livingstone";"2000-2026";"Orthopedics and Sports Medicine (Q1); Physical Therapy, Sports Therapy and Rehabilitation (Q1); Medicine (miscellaneous) (Q2); Sports Science (Q2)";"Health Professions; Medicine"
73;21101055006;"Arthroscopy, Sports Medicine, and Rehabilitation";journal;"2666061X";"Elsevier Inc.";Yes;No;0,865;Q1;28;198;598;6327;1287;595;2,06;31,95;18,68;1;United States;Northern America;"Elsevier Inc.";"2019-2025";"Orthopedics and Sports Medicine (Q1); Physical Therapy, Sports Therapy and Rehabilitation (Q1); Rehabilitation (Q1); Public Health, Environmental and Occupational Health (Q2)";"Health Professions; Medicine"
74;19916;"Research in Sports Medicine";journal;"15438635, 15438627";"Taylor and Francis Ltd.";No;No;0,857;Q1;54;71;154;2402;455;154;2,52;33,83;31,93;1;United Kingdom;Western Europe;"Taylor and Francis Ltd.";"2003-2026";"Orthopedics and Sports Medicine (Q1); Physical Therapy, Sports Therapy and Rehabilitation (Q1); Medicine (miscellaneous) (Q2); Sports Science (Q2)";"Health Professions; Medicine"
75;29890;"Strength and Conditioning Journal";journal;"15334295, 15241602";"Lippincott Williams and Wilkins";No;No;0,849;Q1;68;66;213;4135;544;207;2,30;62,65;17,62;0;United States;Northern America;"Lippincott Williams and Wilkins";"1996-2025";"Orthopedics and Sports Medicine (Q1); Physical Therapy, Sports Therapy and Rehabilitation (Q1); Sports Science (Q2)";"Health Professions; Medicine"
76;19700175784;"CiOS Clinics in Orthopedic Surgery";journal;"20054408, 2005291X";"Korean Orthopaedic Association";Yes;Yes;0,841;Q1;57;121;235;3339;616;229;2,18;27,60;15,85;2;South Korea;Asiatic Region;"Korean Orthopaedic Association";"2009-2026";"Orthopedics and Sports Medicine (Q1); Surgery (Q1)";"Medicine"
77;23483;"Knee";journal;"18735800, 09680160";"Elsevier B.V.";No;No;0,839;Q1;102;211;697;7132;1428;647;1,79;33,80;19,44;0;Netherlands;Western Europe;"Elsevier B.V.";"1994-2026";"Orthopedics and Sports Medicine (Q1); Sports Science (Q2)";"Health Professions; Medicine"
78;21101047053;"JSES International";journal;"26666383";"Elsevier B.V.";Yes;No;0,836;Q1;35;191;520;5732;1069;514;1,74;30,01;18,08;5;Netherlands;Western Europe;"Elsevier B.V.";"2020-2026";"Orthopedics and Sports Medicine (Q1); Surgery (Q1)";"Medicine"
79;21100782390;"Clinical Spine Surgery";journal;"23800194, 23800186";"Lippincott Williams and Wilkins";No;No;0,834;Q1;116;154;501;4658;1017;497;1,76;30,25;15,81;0;United States;Northern America;"Lippincott Williams and Wilkins";"2016-2026";"Orthopedics and Sports Medicine (Q1); Surgery (Q1); Neurology (clinical) (Q2)";"Medicine"
80;21698;"Journal of Knee Surgery";journal;"19382480, 15388506";"Georg Thieme Verlag";No;No;0,831;Q1;81;125;732;4069;1483;713;1,94;32,55;18,95;3;Germany;Western Europe;"Georg Thieme Verlag";"2002-2026";"Orthopedics and Sports Medicine (Q1); Surgery (Q1)";"Medicine"
81;21100445819;"Arthroplasty Today";journal;"23523441";"Elsevier Inc.";Yes;No;0,826;Q2;38;204;651;5547;1121;618;1,49;27,19;16,22;0;United States;Northern America;"Elsevier Inc.";"2015-2026";"Surgery (Q1); Orthopedics and Sports Medicine (Q2)";"Medicine"
82;6000195386;"Archives of Osteoporosis";journal;"18623522, 18623514";"Springer Science and Business Media Deutschland GmbH";No;No;0,812;Q2;54;141;500;5081;1502;489;2,79;36,04;41,66;4;United Kingdom;Western Europe;"Springer Science and Business Media Deutschland GmbH";"2006-2026";"Orthopedics and Sports Medicine (Q2)";"Medicine"
83;19915;"Physician and Sportsmedicine";journal;"23263660, 00913847";"Taylor and Francis Ltd.";No;No;0,804;Q2;63;79;214;3161;580;206;2,53;40,01;26,12;1;United Kingdom;Western Europe;"Taylor and Francis Ltd.";"1978-2005, 2008-2026";"Physical Therapy, Sports Therapy and Rehabilitation (Q1); Orthopedics and Sports Medicine (Q2); Sports Science (Q2)";"Health Professions; Medicine"
84;13922;"HIP International";journal;"17246067, 11207000";"Wichtig Publishing Srl";No;No;0,800;Q2;54;139;346;4335;767;337;2,18;31,19;18,03;7;Italy;Western Europe;"Wichtig Publishing Srl";"1997-2026";"Surgery (Q1); Orthopedics and Sports Medicine (Q2)";"Medicine"
85;5700191212;"Journal of Orthopaedic Surgery and Research";journal;"1749799X";"BioMed Central Ltd";Yes;No;0,799;Q2;84;958;1863;35255;5702;1828;2,93;36,80;28,66;10;United Kingdom;Western Europe;"BioMed Central Ltd";"2006-2026";"Surgery (Q1); Orthopedics and Sports Medicine (Q2)";"Medicine"
86;21100248810;"Spine Deformity";journal;"22121358, 2212134X";"Springer Science and Business Media Deutschland GmbH";No;No;0,798;Q2;45;177;537;4311;1050;515;1,84;24,36;23,92;0;Germany;Western Europe;"Springer Science and Business Media Deutschland GmbH";"2012-2026";"Orthopedics and Sports Medicine (Q2)";"Medicine"
87;21472;"Journal of Teaching in Physical Education";journal;"02735024, 15432769";"Human Kinetics Publishers Inc.";No;No;0,797;Q2;76;77;211;3902;462;206;2,11;50,68;39,91;2;United States;Northern America;"Human Kinetics Publishers Inc.";"1986, 1992-1993, 1996-2026";"Education (Q1); Physical Therapy, Sports Therapy and Rehabilitation (Q1); Orthopedics and Sports Medicine (Q2); Sports Science (Q2)";"Health Professions; Medicine; Social Sciences"
88;21101039904;"Sports Medicine and Health Science";journal;"26663376";"KeAi Communications Co.";Yes;Yes;0,796;Q2;22;47;107;2558;367;96;2,53;54,43;38,57;0;China;Asiatic Region;"KeAi Communications Co.";"2019-2026";"Physical Therapy, Sports Therapy and Rehabilitation (Q1); Rehabilitation (Q1); Orthopedics and Sports Medicine (Q2); Physiology (medical) (Q2)";"Health Professions; Medicine"
89;21101042146;"Sports";journal;"20754663";"Multidisciplinary Digital Publishing Institute (MDPI)";Yes;No;0,787;Q2;57;242;547;13124;1512;539;2,45;54,23;29,17;3;Switzerland;Western Europe;"Multidisciplinary Digital Publishing Institute (MDPI)";"2013-2026";"Physical Therapy, Sports Therapy and Rehabilitation (Q1); Orthopedics and Sports Medicine (Q2)";"Health Professions; Medicine"
90;21101019709;"Journal of the American Academy of Orthopaedic Surgeons Global Research and Reviews";journal;"24747661";"Wolters Kluwer Health";Yes;No;0,786;Q2;32;145;427;3682;839;417;1,82;25,39;23,34;0;United States;Northern America;"Wolters Kluwer Health";"2017-2026";"Surgery (Q1); Medicine (miscellaneous) (Q2); Orthopedics and Sports Medicine (Q2)";"Medicine"
91;21100220426;"International Journal of Spine Surgery";journal;"22114599";"ISASS";No;No;0,784;Q2;46;145;497;4613;1063;483;1,81;31,81;17,06;0;United States;Northern America;"ISASS";"2008, 2012-2026";"Surgery (Q1); Orthopedics and Sports Medicine (Q2)";"Medicine"
92;29736;"Foot and Ankle Clinics";journal;"15581934, 10837515";"W.B. Saunders";No;No;0,775;Q2;72;65;188;3458;353;159;1,53;53,20;20,63;0;United States;Northern America;"W.B. Saunders";"1997, 2000-2026";"Surgery (Q1); Orthopedics and Sports Medicine (Q2)";"Medicine"
93;26157;"Journal of Bone and Mineral Metabolism";journal;"09148779, 14355604";"Springer";No;No;0,766;Q2;91;93;330;3755;980;312;3,19;40,38;29,68;0;Japan;Asiatic Region;"Springer";"1985, 1988-2026";"Endocrinology (Q2); Endocrinology, Diabetes and Metabolism (Q2); Medicine (miscellaneous) (Q2); Orthopedics and Sports Medicine (Q2)";"Biochemistry, Genetics and Molecular Biology; Medicine"
94;40900;"International Journal of Sport Nutrition and Exercise Metabolism";journal;"1526484X, 15432742";"Human Kinetics Publishers Inc.";No;No;0,763;Q2;98;39;164;1460;388;157;2,32;37,44;34,30;0;United States;Northern America;"Human Kinetics Publishers Inc.";"1996-1998, 2000-2026";"Medicine (miscellaneous) (Q2); Nutrition and Dietetics (Q2); Orthopedics and Sports Medicine (Q2); Sports Science (Q2)";"Health Professions; Medicine; Nursing"
95;21100905984;"Journal of Experimental Orthopaedics";journal;"21971153";"John Wiley and Sons Inc";Yes;No;0,756;Q2;45;144;333;5422;776;330;2,19;37,65;19,20;2;Germany;Western Europe;"John Wiley and Sons Inc";"2014-2026";"Orthopedics and Sports Medicine (Q2)";"Medicine"
96;18142;"Sociology of Sport Journal";journal;"15432785, 07411235";"Human Kinetics Publishers Inc.";No;No;0,756;Q2;74;43;120;2894;227;116;1,90;67,30;38,68;0;United States;Northern America;"Human Kinetics Publishers Inc.";"1986, 1995-2026";"Physical Therapy, Sports Therapy and Rehabilitation (Q1); Sociology and Political Science (Q1); Orthopedics and Sports Medicine (Q2); Sports Science (Q2)";"Health Professions; Medicine; Social Sciences"
97;19400158512;"Musculoskeletal Surgery";journal;"20355114, 20355106";"Springer Verlag";No;No;0,755;Q2;49;53;131;1665;288;130;1,92;31,42;17,84;1;Germany;Western Europe;"Springer Verlag";"2010-2026";"Surgery (Q1); Orthopedics and Sports Medicine (Q2)";"Medicine"
98;21100978847;"SICOT-J";journal;"24268887";"EDP Sciences";Yes;No;0,751;Q2;33;37;159;1009;309;158;1,85;27,27;11,66;0;France;Western Europe;"EDP Sciences";"2015-2026";"Surgery (Q1); Orthopedics and Sports Medicine (Q2)";"Medicine"
99;18497;"Connective Tissue Research";journal;"03008207, 16078438";"Taylor and Francis Ltd.";No;No;0,750;Q2;84;50;171;2496;495;160;2,92;49,92;40,99;1;United Kingdom;Western Europe;"Taylor and Francis Ltd.";"1972-2026";"Biochemistry (Q2); Orthopedics and Sports Medicine (Q2); Rheumatology (Q2); Cell Biology (Q3); Molecular Biology (Q3)";"Biochemistry, Genetics and Molecular Biology; Medicine"
100;29204;"Measurement in Physical Education and Exercise Science";journal;"15327841, 1091367X";"Routledge";No;No;0,750;Q2;51;34;101;1594;230;101;2,29;46,88;33,82;0;United States;Northern America;"Routledge";"1999-2026";"Physical Therapy, Sports Therapy and Rehabilitation (Q1); Orthopedics and Sports Medicine (Q2); Sports Science (Q2)";"Health Professions; Medicine"
101;19819;"Clinics in Sports Medicine";journal;"1556228X, 02785919";"W.B. Saunders";No;No;0,748;Q2;100;66;194;2226;438;158;1,88;33,73;27,40;1;United States;Northern America;"W.B. Saunders";"1982-2026";"Physical Therapy, Sports Therapy and Rehabilitation (Q1); Orthopedics and Sports Medicine (Q2); Sports Science (Q2)";"Health Professions; Medicine"
102;29803;"Research Quarterly for Exercise and Sport";journal;"02701367, 21683824";"Taylor and Francis Ltd.";No;No;0,748;Q2;111;131;244;6032;576;229;2,19;46,05;27,07;0;United Kingdom;Western Europe;"Taylor and Francis Ltd.";"1980-2026";"Physical Therapy, Sports Therapy and Rehabilitation (Q1); Medicine (miscellaneous) (Q2); Nephrology (Q2); Orthopedics and Sports Medicine (Q2); Sports Science (Q2)";"Health Professions; Medicine"
103;15846;"Journal of Biomechanics";journal;"18732380, 00219290";"Elsevier Ltd";No;No;0,734;Q2;240;342;1448;14474;3839;1436;2,49;42,32;31,47;6;United Kingdom;Western Europe;"Elsevier Ltd";"1968-2026";"Rehabilitation (Q1); Biomedical Engineering (Q2); Biophysics (Q2); Orthopedics and Sports Medicine (Q2); Sports Science (Q3)";"Biochemistry, Genetics and Molecular Biology; Engineering; Health Professions; Medicine"
104;21100936480;"Shoulder and Elbow";journal;"17585740, 17585732";"SAGE Publications Inc.";No;No;0,733;Q2;37;118;249;3834;479;218;1,54;32,49;18,52;2;United Kingdom;Western Europe;"SAGE Publications Inc.";"2009-2026";"Rehabilitation (Q1); Surgery (Q1); Orthopedics and Sports Medicine (Q2); Physical Therapy, Sports Therapy and Rehabilitation (Q2)";"Health Professions; Medicine"
105;29696;"European Journal of Orthopaedic Surgery and Traumatology";journal;"14321068, 16338065";"";No;No;0,730;Q2;56;439;601;12085;1237;573;1,92;27,53;18,59;7;France;Western Europe;"";"1995-2026";"Surgery (Q1); Orthopedics and Sports Medicine (Q2)";"Medicine"
106;19864;"International Journal of Sports Medicine";journal;"01724622, 14393964";"Georg Thieme Verlag";No;No;0,730;Q2;135;85;477;3962;1108;469;2,14;46,61;26,96;0;Germany;Western Europe;"Georg Thieme Verlag";"1980-2026";"Orthopedics and Sports Medicine (Q2); Physical Therapy, Sports Therapy and Rehabilitation (Q2); Sports Science (Q3)";"Health Professions; Medicine"
107;29801;"Injury";journal;"00201383, 18790267";"Elsevier Ltd";No;No;0,728;Q2;157;673;1978;20123;4419;1716;2,12;29,90;26,82;17;United Kingdom;Western Europe;"Elsevier Ltd";"1969-2026";"Emergency Medicine (Q1); Surgery (Q1); Orthopedics and Sports Medicine (Q2)";"Medicine"
108;28025;"Gait and Posture";journal;"18792219, 09666362";"Elsevier B.V.";No;No;0,724;Q2;186;232;1109;8491;2796;1092;2,34;36,60;40,42;5;Netherlands;Western Europe;"Elsevier B.V.";"1993-2026";"Rehabilitation (Q1); Biophysics (Q2); Orthopedics and Sports Medicine (Q2); Sports Science (Q3)";"Biochemistry, Genetics and Molecular Biology; Health Professions; Medicine"
109;15300154825;"Hand";journal;"15589447, 15589455";"SAGE Publications Inc.";No;No;0,715;Q2;54;227;484;5699;867;471;1,53;25,11;27,01;4;United States;Northern America;"SAGE Publications Inc.";"1981, 2007-2026";"Surgery (Q1); Orthopedics and Sports Medicine (Q2)";"Medicine"
110;29541;"BMC Musculoskeletal Disorders";journal;"14712474";"BioMed Central Ltd";Yes;No;0,714;Q2;141;962;3002;36151;7752;2997;2,37;37,58;31,70;20;United Kingdom;Western Europe;"BioMed Central Ltd";"2000-2026";"Orthopedics and Sports Medicine (Q2); Rheumatology (Q2)";"Medicine"
111;21100237613;"International Journal of Performance Analysis in Sport";journal;"14748185";"Taylor and Francis Ltd.";No;No;0,713;Q2;58;34;227;1383;514;227;1,87;40,68;15,71;0;United Kingdom;Western Europe;"Taylor and Francis Ltd.";"2011-2026";"Orthopedics and Sports Medicine (Q2); Physical Therapy, Sports Therapy and Rehabilitation (Q2); Sports Science (Q3)";"Health Professions; Medicine"
112;19700182738;"Journal of Foot and Ankle Research";journal;"17571146";"John Wiley and Sons Inc";Yes;No;0,703;Q2;63;92;220;3827;725;211;2,46;41,60;45,92;4;United Kingdom;Western Europe;"John Wiley and Sons Inc";"2008-2026";"Orthopedics and Sports Medicine (Q2)";"Medicine"
113;21678;"Journal of Foot and Ankle Surgery";journal;"15422224, 10672516";"Academic Press Inc.";No;No;0,703;Q2;84;190;765;4820;1225;709;1,43;25,37;22,42;5;United States;Northern America;"Academic Press Inc.";"1993-2026";"Surgery (Q1); Orthopedics and Sports Medicine (Q2)";"Medicine"
114;21100887620;"European Journal for Sport and Society";journal;"23805919, 16138171";"Taylor and Francis Ltd.";No;No;0,699;Q2;33;21;64;1246;166;55;2,44;59,33;50,00;2;United Kingdom;Western Europe;"Taylor and Francis Ltd.";"2004-2026";"Sociology and Political Science (Q1); Orthopedics and Sports Medicine (Q2); Physical Therapy, Sports Therapy and Rehabilitation (Q2)";"Health Professions; Medicine; Social Sciences"
115;12260;"Journal of Pediatric Orthopaedics";journal;"15392570, 02716798";"Lippincott Williams and Wilkins";No;No;0,699;Q2;120;252;905;6039;1545;840;1,50;23,96;31,67;0;United States;Northern America;"Lippincott Williams and Wilkins";"1981-2026";"Medicine (miscellaneous) (Q2); Orthopedics and Sports Medicine (Q2); Pediatrics, Perinatology and Child Health (Q2)";"Medicine"
116;21101060205;"Arthroplasty";journal;"25247948";"Springer Nature";Yes;No;0,695;Q2;23;65;130;2713;281;130;2,48;41,74;17,94;3;United Kingdom;Western Europe;"Springer Nature";"2019-2026";"Surgery (Q1); Orthopedics and Sports Medicine (Q2)";"Medicine"
117;4800152310;"HSS Journal";journal;"15563324, 15563316";"SAGE Publications Ltd";No;No;0,692;Q2;53;67;257;2352;473;223;1,59;35,10;34,73;2;United States;Northern America;"SAGE Publications Ltd";"2006-2026";"Orthopedics and Sports Medicine (Q2); Surgery (Q2)";"Medicine"
118;21101068012;"North American Spine Society Journal";journal;"26665484";"Elsevier Inc.";Yes;No;0,692;Q2;19;94;167;3542;257;147;1,74;37,68;18,62;0;United States;Northern America;"Elsevier Inc.";"2020-2026";"Neurology (clinical) (Q2); Orthopedics and Sports Medicine (Q2); Surgery (Q2)";"Medicine"
119;11700154372;"Disability and Rehabilitation: Assistive Technology";journal;"17483115, 17483107";"Taylor and Francis Ltd.";No;No;0,690;Q2;65;155;332;7457;1045;327;3,00;48,11;57,88;40;United Kingdom;Western Europe;"Taylor and Francis Ltd.";"2006-2026";"Rehabilitation (Q1); Speech and Hearing (Q1); Biomedical Engineering (Q2); Orthopedics and Sports Medicine (Q2); Physical Therapy, Sports Therapy and Rehabilitation (Q2)";"Engineering; Health Professions; Medicine"
120;21100902910;"Journal of Functional Morphology and Kinesiology";journal;"24115142";"Multidisciplinary Digital Publishing Institute (MDPI)";Yes;No;0,690;Q2;38;167;316;7755;931;305;2,93;46,44;28,11;2;Switzerland;Western Europe;"Multidisciplinary Digital Publishing Institute (MDPI)";"2016-2026";"Anatomy (Q1); Histology (Q2); Orthopedics and Sports Medicine (Q2); Physical Therapy, Sports Therapy and Rehabilitation (Q2); Rheumatology (Q2)";"Health Professions; Medicine"
121;21100256976;"Journal of Orthopaedics";journal;"0972978X";"Reed Elsevier India Pvt. Ltd.";Yes;No;0,684;Q2;46;223;833;7071;1565;808;1,71;31,71;17,88;4;India;Asiatic Region;"Reed Elsevier India Pvt. Ltd.";"2013-2026";"Orthopedics and Sports Medicine (Q2)";"Medicine"
122;21076;"Sports Biomechanics";journal;"17526116, 14763141";"Taylor and Francis Ltd.";No;No;0,684;Q2;61;110;229;4569;536;227;2,21;41,54;22,61;0;United Kingdom;Western Europe;"Taylor and Francis Ltd.";"2002-2026";"Orthopedics and Sports Medicine (Q2); Physical Therapy, Sports Therapy and Rehabilitation (Q2); Sports Science (Q3)";"Health Professions; Medicine"
123;12469;"Orthopedic Clinics of North America";journal;"00305898, 15581373";"W.B. Saunders";No;No;0,683;Q2;107;56;175;2823;361;150;1,47;50,41;23,03;2;United States;Northern America;"W.B. Saunders";"1970-2026";"Orthopedics and Sports Medicine (Q2)";"Medicine"
124;21100397361;"BMC Sports Science, Medicine and Rehabilitation";journal;"20521847";"BioMed Central Ltd";Yes;No;0,666;Q2;44;174;447;8427;1068;445;2,28;48,43;34,10;0;United Kingdom;Western Europe;"BioMed Central Ltd";"2013-2026";"Orthopedics and Sports Medicine (Q2); Physical Therapy, Sports Therapy and Rehabilitation (Q2); Rehabilitation (Q2)";"Health Professions; Medicine"
125;3900148210;"Evidence and Policy";journal;"17442648, 17442656";"Policy Press";No;No;0,665;Q2;51;36;130;1444;254;126;1,63;40,11;66,20;0;United Kingdom;Western Europe;"Policy Press";"2006-2025";"Social Sciences (miscellaneous) (Q1); Cardiology and Cardiovascular Medicine (Q2); Orthopedics and Sports Medicine (Q2); Physiology (Q2)";"Biochemistry, Genetics and Molecular Biology; Medicine; Social Sciences"
126;21101063028;"Frontiers in Sports and Active Living";journal;"26249367";"Frontiers Media SA";Yes;No;0,665;Q2;38;489;886;23652;1913;838;2,10;48,37;32,68;15;Switzerland;Western Europe;"Frontiers Media SA";"2019-2026";"Anthropology (Q1); Orthopedics and Sports Medicine (Q2); Physical Therapy, Sports Therapy and Rehabilitation (Q2); Physiology (Q2); Public Health, Environmental and Occupational Health (Q2); Tourism, Leisure and Hospitality Management (Q2)";"Biochemistry, Genetics and Molecular Biology; Business, Management and Accounting; Health Professions; Medicine; Social Sciences"
127;21100910579;"Curriculum Studies in Health and Physical Education";journal;"25742981, 2574299X";"Routledge";No;No;0,663;Q2;29;24;64;1189;98;55;1,72;49,54;53,73;2;United States;Northern America;"Routledge";"2018-2026";"Education (Q2); Orthopedics and Sports Medicine (Q2); Physical Therapy, Sports Therapy and Rehabilitation (Q2)";"Health Professions; Medicine; Social Sciences"
128;5300152611;"European Journal of Trauma and Emergency Surgery";journal;"18639933, 18639941";"Springer International Publishing AG";No;No;0,661;Q2;58;278;958;9295;2245;909;2,18;33,44;29,13;10;Germany;Western Europe;"Springer International Publishing AG";"2006-2026";"Critical Care and Intensive Care Medicine (Q2); Emergency Medicine (Q2); Orthopedics and Sports Medicine (Q2); Surgery (Q2)";"Medicine"
129;19400158525;"Foot and Ankle Specialist";journal;"19387636, 19386400";"SAGE Publications Ltd";No;No;0,659;Q2;42;56;196;1610;327;189;1,47;28,75;18,05;2;United Kingdom;Western Europe;"SAGE Publications Ltd";"2008-2026";"Podiatry (Q1); Medicine (miscellaneous) (Q2); Orthopedics and Sports Medicine (Q2); Surgery (Q2)";"Health Professions; Medicine"
130;14901;"Journal of Thermal Biology";journal;"18790992, 03064565";"Elsevier Ltd";No;No;0,657;-;94;275;722;16531;2339;719;3,11;60,11;36,34;6;United Kingdom;Western Europe;"Elsevier Ltd";"1975-2026";"Agricultural and Biological Sciences (miscellaneous) (Q1); Biochemistry (Q2); Developmental Biology (Q3); Physiology (Q3)";"Agricultural and Biological Sciences; Biochemistry, Genetics and Molecular Biology"
131;14018;"Human Movement Science";journal;"01679457, 18727646";"Elsevier B.V.";No;No;0,628;Q2;114;95;311;4298;652;308;1,77;45,24;35,58;0;Netherlands;Western Europe;"Elsevier B.V.";"1982-2026";"Biophysics (Q2); Medicine (miscellaneous) (Q2); Orthopedics and Sports Medicine (Q2); Experimental and Cognitive Psychology (Q3); Sports Science (Q3)";"Biochemistry, Genetics and Molecular Biology; Health Professions; Medicine; Psychology"
132;21101158943;"Osteoarthritis and Cartilage Open";journal;"26659131";"Elsevier Ltd";Yes;No;0,625;Q2;23;66;229;2960;500;225;2,18;44,85;45,82;1;United Kingdom;Western Europe;"Elsevier Ltd";"2019-2026";"Biomedical Engineering (Q2); Orthopedics and Sports Medicine (Q2); Rehabilitation (Q2)";"Engineering; Medicine"
133;19800188016;"Journal of Clinical Orthopaedics and Trauma";journal;"09765662, 22133445";"Delhi Orthopedic Association";No;No;0,621;Q2;51;117;986;3713;2041;953;1,75;31,74;14,93;2;Netherlands;Western Europe;"Delhi Orthopedic Association";"2010-2026";"Orthopedics and Sports Medicine (Q2)";"Medicine"
134;21100199110;"Orthopaedic Surgery";journal;"17577853, 17577861";"Sociedade Brasileira de Matematica Aplicada e Computacional";Yes;No;0,617;Q2;53;366;899;12987;2219;895;2,28;35,48;28,07;8;Brazil;Latin America;"Sociedade Brasileira de Matematica Aplicada e Computacional";"2009-2026";"Orthopedics and Sports Medicine (Q2); Surgery (Q2)";"Medicine"
135;21100201775;"Arthroscopy Techniques";journal;"22126287";"Elsevier B.V.";Yes;No;0,612;Q2;50;328;1012;5928;1480;1012;1,43;18,07;17,02;3;Netherlands;Western Europe;"Elsevier B.V.";"2012-2025";"Orthopedics and Sports Medicine (Q2)";"Medicine"
136;21101016921;"Joint Diseases and Related Surgery";journal;"26874792";"Turkish Joint Diseases Foundation";No;No;0,607;Q2;25;116;336;2473;592;329;1,91;21,32;18,11;0;Turkey;Middle East;"Turkish Joint Diseases Foundation";"2020-2026";"Orthopedics and Sports Medicine (Q2); Rehabilitation (Q2); Surgery (Q2)";"Medicine"
137;21100787536;"Asia-Pacific Journal of Sports Medicine, Arthroscopy, Rehabilitation and Technology";journal;"22146873";"Elsevier (Singapore) Pte Ltd";Yes;No;0,602;Q2;21;18;82;522;158;82;1,58;29,00;18,56;0;Singapore;Asiatic Region;"Elsevier (Singapore) Pte Ltd";"2014-2025";"Orthopedics and Sports Medicine (Q2); Physical Therapy, Sports Therapy and Rehabilitation (Q2); Rehabilitation (Q2)";"Health Professions; Medicine"
138;19700182810;"Patient Safety in Surgery";journal;"17549493";"BioMed Central Ltd";Yes;No;0,602;Q2;39;31;119;900;281;109;1,99;29,03;29,92;0;United Kingdom;Western Europe;"BioMed Central Ltd";"2010-2026";"Anesthesiology and Pain Medicine (Q2); Orthopedics and Sports Medicine (Q2); Surgery (Q2)";"Medicine"
139;21101146512;"Open Access Journal of Sports Medicine";journal;"11791543";"Dove Medical Press Ltd";Yes;No;0,600;Q2;15;11;40;443;92;40;1,62;40,27;27,91;0;United Kingdom;Western Europe;"Dove Medical Press Ltd";"2013-2015, 2019-2026";"Complementary and Manual Therapy (Q1); Occupational Therapy (Q1); Optometry (Q2); Orthopedics and Sports Medicine (Q2); Physical Therapy, Sports Therapy and Rehabilitation (Q2); Podiatry (Q2)";"Health Professions; Medicine"
140;21100386862;"Bone Reports";journal;"23521872";"Elsevier Inc.";Yes;No;0,596;Q2;38;80;294;4049;718;294;2,09;50,61;45,56;1;United States;Northern America;"Elsevier Inc.";"2015-2026";"Orthopedics and Sports Medicine (Q2); Endocrinology, Diabetes and Metabolism (Q3)";"Medicine"
141;21101063700;"International Journal of Sports Physical Therapy";journal;"21592896";"North American Sports Medicine Institute";Yes;Yes;0,583;Q2;30;137;432;5526;730;396;1,52;40,34;33,13;2;United States;Northern America;"North American Sports Medicine Institute";"2017-2025";"Orthopedics and Sports Medicine (Q2); Physical Therapy, Sports Therapy and Rehabilitation (Q2); Rehabilitation (Q2)";"Health Professions; Medicine"
142;21100448524;"Orthopedic Research and Reviews";journal;"11791462";"Dove Medical Press Ltd";Yes;No;0,583;Q2;28;26;102;951;199;101;1,90;36,58;23,89;0;New Zealand;Pacific Region;"Dove Medical Press Ltd";"2014-2026";"Orthopedics and Sports Medicine (Q2)";"Medicine"
143;19876;"Journal of Sport Rehabilitation";journal;"15433072, 10566716";"Human Kinetics Publishers Inc.";No;No;0,580;Q2;70;122;520;4348;850;518;1,36;35,64;37,65;1;United States;Northern America;"Human Kinetics Publishers Inc.";"1992-2026";"Biophysics (Q2); Orthopedics and Sports Medicine (Q2); Physical Therapy, Sports Therapy and Rehabilitation (Q2); Rehabilitation (Q2); Sports Science (Q3)";"Biochemistry, Genetics and Molecular Biology; Health Professions; Medicine"
144;21100904468;"Journal of Bone Metabolism";journal;"22876375, 22877029";"Korean Society for Bone and Mineral Research";No;No;0,578;Q2;22;43;97;1798;234;95;1,73;41,81;31,92;0;South Korea;Asiatic Region;"Korean Society for Bone and Mineral Research";"2017-2025";"Orthopedics and Sports Medicine (Q2); Endocrinology (Q3); Endocrinology, Diabetes and Metabolism (Q3)";"Biochemistry, Genetics and Molecular Biology; Medicine"
145;21101041509;"Hip and Pelvis";journal;"22873260, 22873279";"Korean Hip Society";No;No;0,576;Q2;16;33;88;917;192;87;1,81;27,79;16,54;0;South Korea;Asiatic Region;"Korean Hip Society";"2019-2025";"Orthopedics and Sports Medicine (Q2); Surgery (Q2)";"Medicine"
146;15856;"Journal of Clinical Densitometry";journal;"10946950, 15590747";"Elsevier Inc.";No;No;0,576;Q2;88;44;248;1488;502;235;1,68;33,82;35,57;0;United States;Northern America;"Elsevier Inc.";"1998-2026";"Orthopedics and Sports Medicine (Q2); Radiology, Nuclear Medicine and Imaging (Q2); Endocrinology, Diabetes and Metabolism (Q3)";"Medicine"
147;21100284963;"World Journal of Orthopedics";journal;"22185836";"Baishideng Publishing Group Inc";Yes;No;0,568;Q2;69;89;264;3442;618;263;2,24;38,67;25,13;2;China;Asiatic Region;"Baishideng Publishing Group Inc";"2010-2025";"Orthopedics and Sports Medicine (Q2)";"Medicine"
148;65096;"Journal of Musculoskeletal Neuronal Interactions";journal;"11087161";"International Society of Musculoskeletal and Neuronal Interactions";No;No;0,561;Q2;77;51;198;1959;446;195;1,71;38,41;40,69;0;Greece;Western Europe;"International Society of Musculoskeletal and Neuronal Interactions";"2002-2025";"Orthopedics and Sports Medicine (Q2); Endocrinology, Diabetes and Metabolism (Q3); Physiology (Q3)";"Biochemistry, Genetics and Molecular Biology; Medicine"
149;5000158307;"Musculoskeletal Care";journal;"14782189";"Wiley-Blackwell";No;No;0,560;Q2;40;163;215;6534;442;214;1,80;40,09;55,40;9;United States;Northern America;"Wiley-Blackwell";"2003, 2006-2026";"Chiropractics (Q1); Nursing (miscellaneous) (Q2); Orthopedics and Sports Medicine (Q2); Physical Therapy, Sports Therapy and Rehabilitation (Q2); Rehabilitation (Q2); Rheumatology (Q3)";"Health Professions; Medicine; Nursing"
150;12911;"Orthopedics";journal;"19382367, 01477447";"Slack Incorporated";No;No;0,552;Q2;85;117;464;3723;643;457;1,12;31,82;23,05;1;United States;Northern America;"Slack Incorporated";"1978-2026";"Orthopedics and Sports Medicine (Q2); Surgery (Q2)";"Medicine"
151;19700188148;"Footwear Science";journal;"19424280, 19424299";"Taylor and Francis Ltd.";No;No;0,540;Q2;35;25;107;970;176;102;1,14;38,80;30,11;0;United Kingdom;Western Europe;"Taylor and Francis Ltd.";"2009-2026";"Biophysics (Q2); Human Factors and Ergonomics (Q2); Orthopedics and Sports Medicine (Q2); Physical Therapy, Sports Therapy and Rehabilitation (Q2); Biomedical Engineering (Q3)";"Biochemistry, Genetics and Molecular Biology; Engineering; Health Professions; Medicine; Social Sciences"
152;15724;"Pediatric Exercise Science";journal;"15432920, 08998493";"Human Kinetics Publishers Inc.";No;No;0,536;Q2;78;30;87;1426;139;86;1,47;47,53;48,99;1;United States;Northern America;"Human Kinetics Publishers Inc.";"1989-1990, 1992, 1996-2026";"Orthopedics and Sports Medicine (Q2); Pediatrics, Perinatology and Child Health (Q2); Physical Therapy, Sports Therapy and Rehabilitation (Q2); Sports Science (Q3)";"Health Professions; Medicine"
153;12240;"Journal of Orthopaedic Science";journal;"14362023, 09492658";"Elsevier B.V.";No;No;0,531;Q2;90;273;597;6454;979;571;1,52;23,64;13,13;6;Netherlands;Western Europe;"Elsevier B.V.";"1961-1963, 1996-2026";"Orthopedics and Sports Medicine (Q2); Surgery (Q2)";"Medicine"
154;21170;"Clinical Biomechanics";journal;"18791271, 02680033";"Elsevier Ltd";No;No;0,520;Q2;157;199;691;7716;1245;688;1,52;38,77;31,09;1;United Kingdom;Western Europe;"Elsevier Ltd";"1986-2026";"Orthopedics and Sports Medicine (Q2); Biophysics (Q3); Sports Science (Q3)";"Biochemistry, Genetics and Molecular Biology; Health Professions; Medicine"
155;21101047090;"Journal of Bone and Joint Infection";journal;"22063552";"Copernicus Publications";Yes;No;0,517;Q2;35;25;128;699;246;118;1,67;27,96;22,91;1;Germany;Western Europe;"Copernicus Publications";"2016-2026";"Orthopedics and Sports Medicine (Q2); Surgery (Q2); Infectious Diseases (Q3)";"Medicine"
156;21100466865;"JBJS Essential Surgical Techniques";journal;"21602204";"Lippincott Williams and Wilkins";No;No;0,507;Q2;24;31;70;346;122;64;1,02;11,16;5,69;0;United States;Northern America;"Lippincott Williams and Wilkins";"2013-2025";"Orthopedics and Sports Medicine (Q2); Surgery (Q2)";"Medicine"
157;21100454972;"Archives of Bone and Joint Surgery";journal;"23454644, 2345461X";"Mashhad University of Medical Sciences";Yes;No;0,505;Q2;37;113;373;3184;486;343;1,22;28,18;14,69;0;Iran;Middle East;"Mashhad University of Medical Sciences";"2013-2026";"Orthopedics and Sports Medicine (Q2); Surgery (Q2)";"Medicine"
158;29582;"Chinese Journal of Traumatology - English Edition";journal;"10081275";"Elsevier B.V.";Yes;Yes;0,503;Q2;42;61;211;1821;484;207;1,95;29,85;29,64;4;Netherlands;Western Europe;"Elsevier B.V.";"2001-2026";"Emergency Medicine (Q2); Orthopedics and Sports Medicine (Q2); Surgery (Q2); Public Health, Environmental and Occupational Health (Q3)";"Medicine"
159;21101133553;"Translational Sports Medicine";journal;"25738488";"John Wiley and Sons Ltd";Yes;No;0,503;Q2;18;14;179;465;221;173;1,29;33,21;35,14;0;United Kingdom;Western Europe;"John Wiley and Sons Ltd";"2018-2026";"Orthopedics and Sports Medicine (Q2)";"Medicine"
160;4500151408;"Journal of Physiological Anthropology";journal;"18806791, 18806805";"BioMed Central Ltd";Yes;No;0,502;Q2;67;28;103;1502;227;102;2,17;53,64;38,17;0;United Kingdom;Western Europe;"BioMed Central Ltd";"2006-2026";"Anthropology (Q1); Orthopedics and Sports Medicine (Q2); Human Factors and Ergonomics (Q3); Physiology (Q3); Physiology (medical) (Q3); Public Health, Environmental and Occupational Health (Q3)";"Biochemistry, Genetics and Molecular Biology; Medicine; Social Sciences"
161;21100463109;"Geriatric Orthopaedic Surgery and Rehabilitation";journal;"21514593, 21514585";"SAGE Publications Inc.";Yes;No;0,500;Q2;42;48;285;1406;488;270;1,61;29,29;28,46;2;United States;Northern America;"SAGE Publications Inc.";"2010-2026";"Orthopedics and Sports Medicine (Q2); Rehabilitation (Q2); Surgery (Q2); Geriatrics and Gerontology (Q3)";"Medicine"
162;21100787793;"Orthopedic Reviews";journal;"20358164, 20358237";"Open Medical Publishing";Yes;No;0,496;Q3;34;29;245;1073;427;244;1,51;37,00;13,38;0;United States;Northern America;"Open Medical Publishing";"2012-2025";"Orthopedics and Sports Medicine (Q3)";"Medicine"
163;21100854952;"Journal of Exercise Rehabilitation";journal;"2288176X, 22881778";"Korean Society of Exercise Rehabilitation";Yes;Yes;0,490;Q3;35;50;195;1415;310;180;1,24;28,30;40,00;0;South Korea;Asiatic Region;"Korean Society of Exercise Rehabilitation";"2016-2025";"Physical Therapy, Sports Therapy and Rehabilitation (Q2); Orthopedics and Sports Medicine (Q3)";"Health Professions; Medicine"
164;5300152725;"Journal of Children's Orthopaedics";journal;"18632548, 18632521";"SAGE Publications Inc.";Yes;No;0,484;Q3;59;76;230;2646;348;215;1,36;34,82;26,86;1;United Kingdom;Western Europe;"SAGE Publications Inc.";"2007-2024";"Pediatrics, Perinatology and Child Health (Q2); Orthopedics and Sports Medicine (Q3)";"Medicine"
165;21101062120;"Foot and Ankle Orthopaedics";journal;"24730114";"SAGE Publications Inc.";Yes;No;0,470;Q3;18;133;215;3738;283;207;1,12;28,11;19,60;0;United States;Northern America;"SAGE Publications Inc.";"2016-2026";"Orthopedics and Sports Medicine (Q3)";"Medicine"
166;13021;"Seminars in Arthroplasty JSES";journal;"10454527, 15584437";"W.B. Saunders";No;No;0,470;Q3;18;117;279;3720;238;277;0,70;31,79;16,83;1;United States;Northern America;"W.B. Saunders";"1990-1995, 1997, 2001-2018, 2020-2026";"Surgery (Q2); Orthopedics and Sports Medicine (Q3)";"Medicine"
167;19700166614;"International Journal of Orthopaedic and Trauma Nursing";journal;"18781241, 18781292";"Elsevier Ltd";No;No;0,468;Q3;27;22;120;602;152;106;1,18;27,36;74,55;1;United Kingdom;Western Europe;"Elsevier Ltd";"2010-2026";"Advanced and Specialized Nursing (Q1); Orthopedics and Sports Medicine (Q3)";"Medicine; Nursing"
168;21100925697;"Spine Surgery and Related Research";journal;"2432261X";"Japanese Society for Spine Surgery and Related Research";Yes;Yes;0,464;Q3;25;93;251;1826;300;220;1,08;19,63;8,12;0;Japan;Asiatic Region;"Japanese Society for Spine Surgery and Related Research";"2017-2026";"Surgery (Q2); Neurology (clinical) (Q3); Orthopedics and Sports Medicine (Q3)";"Medicine"
169;12192;"Journal of Back and Musculoskeletal Rehabilitation";journal;"18786324, 10538127";"SAGE Publications Ltd";No;No;0,459;Q3;50;146;405;5594;650;393;1,41;38,32;35,84;0;United Kingdom;Western Europe;"SAGE Publications Ltd";"1992-2000, 2002-2026";"Physical Therapy, Sports Therapy and Rehabilitation (Q2); Rehabilitation (Q2); Orthopedics and Sports Medicine (Q3)";"Health Professions; Medicine"
170;21100823451;"German Journal of Exercise and Sport Research";journal;"25093150, 25093142";"Springer Berlin";No;No;0,451;Q3;24;50;173;2126;257;162;1,68;42,52;35,10;0;Germany;Western Europe;"Springer Berlin";"2017-2026";"Physical Therapy, Sports Therapy and Rehabilitation (Q2); Orthopedics and Sports Medicine (Q3)";"Health Professions; Medicine"
171;21100873619;"European Journal of Translational Myology";journal;"20377460, 20377452";"Page Press Publications";Yes;No;0,445;Q3;22;73;188;2453;333;188;1,78;33,60;42,99;0;Italy;Western Europe;"Page Press Publications";"2018-2025";"Molecular Biology (Q3); Neurology (clinical) (Q3); Orthopedics and Sports Medicine (Q3); Cell Biology (Q4)";"Biochemistry, Genetics and Molecular Biology; Medicine"
172;30014;"Journal of Motor Behavior";journal;"00222895, 19401027";"Routledge";No;No;0,441;Q3;85;53;203;2908;282;203;1,25;54,87;42,56;0;United States;Northern America;"Routledge";"1969-2026";"Biophysics (Q3); Cognitive Neuroscience (Q3); Experimental and Cognitive Psychology (Q3); Orthopedics and Sports Medicine (Q3); Sports Science (Q3)";"Biochemistry, Genetics and Molecular Biology; Health Professions; Medicine; Neuroscience; Psychology"
173;21100448239;"Advances in Orthopedics";journal;"20903472, 20903464";"John Wiley and Sons Ltd";Yes;No;0,438;Q3;29;25;108;816;159;108;1,35;32,64;20,89;0;United Kingdom;Western Europe;"John Wiley and Sons Ltd";"2014-2026";"Orthopedics and Sports Medicine (Q3)";"Medicine"
174;29799;"Indian Journal of Orthopaedics";journal;"19983727, 00195413";"Springer";Yes;No;0,437;Q3;53;275;730;7679;907;675;1,11;27,92;15,63;1;India;Asiatic Region;"Springer";"1974-1982, 2007-2026";"Orthopedics and Sports Medicine (Q3)";"Medicine"
175;21100456711;"Hand Surgery and Rehabilitation";journal;"24681229, 24681210";"Elsevier Masson s.r.l.";No;No;0,429;Q3;41;107;415;2737;406;371;0,87;25,58;30,68;2;France;Western Europe;"Elsevier Masson s.r.l.";"2016-2026";"Rehabilitation (Q2); Surgery (Q2); Orthopedics and Sports Medicine (Q3)";"Medicine"
176;21101142560;"Translational Journal of the American College of Sports Medicine";journal;"23792868";"Lippincott Williams and Wilkins";No;No;0,429;Q3;11;20;55;556;83;54;1,51;27,80;47,12;0;United States;Northern America;"Lippincott Williams and Wilkins";"2020-2026";"Physical Therapy, Sports Therapy and Rehabilitation (Q2); Orthopedics and Sports Medicine (Q3)";"Health Professions; Medicine"
177;74271;"Operative Orthopadie und Traumatologie";journal;"09346694, 14390981";"Springer Medizin";No;No;0,428;Q3;35;41;153;763;173;131;1,16;18,61;13,16;0;Germany;Western Europe;"Springer Medizin";"1989-2026";"Surgery (Q2); Medicine (miscellaneous) (Q3); Orthopedics and Sports Medicine (Q3)";"Medicine"
178;19835;"Current Sports Medicine Reports";journal;"15378918, 1537890X";"Lippincott Williams and Wilkins";No;No;0,427;Q3;73;96;339;2433;524;296;1,31;25,34;34,63;0;United States;Northern America;"Lippincott Williams and Wilkins";"2002-2026";"Medicine (miscellaneous) (Q3); Orthopedics and Sports Medicine (Q3); Public Health, Environmental and Occupational Health (Q3); Sports Science (Q3)";"Health Professions; Medicine"
179;23446;"Journal of Applied Biomechanics";journal;"15432688, 10658483";"Human Kinetics Publishers Inc.";No;No;0,427;Q3;76;50;203;2395;228;192;0,99;47,90;26,46;1;United States;Northern America;"Human Kinetics Publishers Inc.";"1995-2026";"Rehabilitation (Q2); Biophysics (Q3); Orthopedics and Sports Medicine (Q3); Sports Science (Q3)";"Biochemistry, Genetics and Molecular Biology; Health Professions; Medicine"
180;19887;"Journal of Sports Medicine and Physical Fitness";journal;"18271928, 00224707";"Edizioni Minerva Medica S.p.A.";No;No;0,427;Q3;80;172;676;6436;895;639;1,25;37,42;28,22;0;Italy;Western Europe;"Edizioni Minerva Medica S.p.A.";"1962-2026";"Physical Therapy, Sports Therapy and Rehabilitation (Q2); Orthopedics and Sports Medicine (Q3); Sports Science (Q3)";"Health Professions; Medicine"
181;21100904983;"Journal of Hand Surgery Global Online";journal;"25895141";"Elsevier Inc.";Yes;No;0,424;Q3;15;158;235;3907;205;227;0,80;24,73;27,54;1;United States;Northern America;"Elsevier Inc.";"2019-2026";"Rehabilitation (Q2); Surgery (Q2); Orthopedics and Sports Medicine (Q3)";"Medicine"
182;6100153022;"Strategies in Trauma and Limb Reconstruction";journal;"18288928, 18288936";"Jaypee Brothers Medical Publishers (P) Ltd";Yes;No;0,424;Q3;37;32;91;707;105;90;1,10;22,09;17,21;1;Italy;Western Europe;"Jaypee Brothers Medical Publishers (P) Ltd";"2007-2025";"Orthopedics and Sports Medicine (Q3)";"Medicine"
183;29770;"Hand Clinics";journal;"15581969, 07490712";"W.B. Saunders";No;No;0,416;Q3;73;68;186;2818;228;159;1,24;41,44;35,16;0;United States;Northern America;"W.B. Saunders";"1985-2026";"Surgery (Q2); Orthopedics and Sports Medicine (Q3)";"Medicine"
184;17893;"Seminars in Musculoskeletal Radiology";journal;"1098898X, 10897860";"Thieme Medical Publishers, Inc.";No;No;0,410;Q3;60;87;203;3575;340;185;1,06;41,09;30,52;1;United States;Northern America;"Thieme Medical Publishers, Inc.";"1999-2026";"Orthopedics and Sports Medicine (Q3); Radiology, Nuclear Medicine and Imaging (Q3)";"Medicine"
185;21100802746;"Physiology International";journal;"2498602X";"Akademiai Kiado";No;No;0,407;Q3;40;26;114;1108;224;114;2,11;42,62;32,58;2;Hungary;Eastern Europe;"Akademiai Kiado";"2016-2026";"Complementary and Alternative Medicine (Q2); Physical Therapy, Sports Therapy and Rehabilitation (Q2); Medicine (miscellaneous) (Q3); Orthopedics and Sports Medicine (Q3); Physiology (medical) (Q3)";"Health Professions; Medicine"
186;12261;"Journal of Pediatric Orthopaedics Part B";journal;"14735865, 1060152X";"Lippincott Williams and Wilkins";No;No;0,405;Q3;63;97;339;2427;373;316;0,96;25,02;19,31;0;United States;Northern America;"Lippincott Williams and Wilkins";"1989, 1992-2026";"Orthopedics and Sports Medicine (Q3); Pediatrics, Perinatology and Child Health (Q3)";"Medicine"
187;4900152601;"Sport Sciences for Health";journal;"18247490, 18251234";"Springer-Verlag Italia s.r.l.";No;No;0,401;Q3;31;140;351;5939;535;344;1,55;42,42;35,84;2;Italy;Western Europe;"Springer-Verlag Italia s.r.l.";"2004-2026";"Orthopedics and Sports Medicine (Q3); Sports Science (Q3)";"Health Professions; Medicine"
188;88000;"Acta Orthopaedica et Traumatologica Turcica";journal;"25891294, 1017995X";"AVES";Yes;No;0,397;Q3;44;65;291;1828;324;263;0,90;28,12;15,53;0;Turkey;Middle East;"AVES";"2002-2025";"Surgery (Q2); Medicine (miscellaneous) (Q3); Orthopedics and Sports Medicine (Q3)";"Medicine"
189;21101066153;"Journal of Science in Sport and Exercise";journal;"20966709, 26621371";"Springer Nature";No;No;0,387;Q3;16;42;123;1908;151;116;1,27;45,43;19,65;1;United States;Northern America;"Springer Nature";"2019-2026";"Physical Therapy, Sports Therapy and Rehabilitation (Q2); Nutrition and Dietetics (Q3); Orthopedics and Sports Medicine (Q3); Rehabilitation (Q3); Physiology (Q4)";"Biochemistry, Genetics and Molecular Biology; Health Professions; Medicine; Nursing"
190;21100468901;"Retos";journal;"19882041, 15791726";"Federacion Espanola de Docentes de Educacion Fisica";Yes;No;0,383;Q3;35;486;1151;22752;2242;1151;2,03;46,81;34,84;5;Spain;Western Europe;"Federacion Espanola de Docentes de Educacion Fisica";"2016-2025";"Education (Q2); Physical Therapy, Sports Therapy and Rehabilitation (Q2); Orthopedics and Sports Medicine (Q3)";"Health Professions; Medicine; Social Sciences"
191;21100211108;"Journal of Lasers in Medical Sciences";journal;"22286721, 20089783";"Laser Application in Medical Sciences Research Center";Yes;No;0,380;Q3;41;70;268;2442;503;266;1,45;34,89;52,73;0;Iran;Middle East;"Laser Application in Medical Sciences Research Center";"2010-2025";"Surgery (Q2); Dentistry (miscellaneous) (Q3); Dermatology (Q3); Nephrology (Q3); Orthopedics and Sports Medicine (Q3); Urology (Q3)";"Dentistry; Medicine"
192;21100790089;"Montenegrin Journal of Sports Science and Medicine";journal;"18008755, 18008763";"Montenegrin Sports Academy";Yes;Yes;0,380;Q3;18;20;60;702;95;60;1,50;35,10;29,03;0;Montenegro;Eastern Europe;"Montenegrin Sports Academy";"2016-2025";"Orthopedics and Sports Medicine (Q3); Physical Therapy, Sports Therapy and Rehabilitation (Q3); Rehabilitation (Q3)";"Health Professions; Medicine"
193;29735;"Foot";journal;"09582592, 15322963";"Churchill Livingstone";No;No;0,359;Q3;48;80;220;2701;312;220;1,45;33,76;31,72;2;United Kingdom;Western Europe;"Churchill Livingstone";"1991-2026";"Podiatry (Q2); Medicine (miscellaneous) (Q3); Orthopedics and Sports Medicine (Q3)";"Health Professions; Medicine"
194;17400154821;"Sports Engineering";journal;"14602687, 13697072";"Springer Nature";No;No;0,352;Q3;32;49;75;1315;118;71;1,31;26,84;19,64;0;United States;Northern America;"Springer Nature";"2009-2026";"Biomedical Engineering (Q3); Mechanical Engineering (Q3); Mechanics of Materials (Q3); Modeling and Simulation (Q3); Orthopedics and Sports Medicine (Q3); Physical Therapy, Sports Therapy and Rehabilitation (Q3); Sports Science (Q4)";"Engineering; Health Professions; Mathematics; Medicine"
195;21101044741;"Physical Activity and Health";journal;"25152270";"Ubiquity Press";Yes;No;0,351;Q3;14;24;66;1066;130;66;2,08;44,42;58,42;0;United Kingdom;Western Europe;"Ubiquity Press";"2017-2025";"Anatomy (Q2); Biomedical Engineering (Q3); Health (social science) (Q3); Orthopedics and Sports Medicine (Q3); Physical Therapy, Sports Therapy and Rehabilitation (Q3); Rehabilitation (Q3); Physiology (Q4)";"Biochemistry, Genetics and Molecular Biology; Engineering; Health Professions; Medicine; Social Sciences"
196;21101048534;"Apunts Sports Medicine";journal;"26665069";"Generalitat de Catalunya, Department de la Presidencia, Secretaria General de l Esport";Yes;No;0,349;Q3;20;18;68;582;84;56;1,18;32,33;20,29;1;Spain;Western Europe;"Generalitat de Catalunya, Department de la Presidencia, Secretaria General de l Esport";"2020-2026";"Orthopedics and Sports Medicine (Q3); Physical Therapy, Sports Therapy and Rehabilitation (Q3)";"Health Professions; Medicine"
197;21101019765;"Current Physical Medicine and Rehabilitation Reports";journal;"21674833";"Springer Science and Business Media B.V.";No;No;0,344;Q3;28;48;122;2994;136;122;0,89;62,38;46,31;0;United States;Northern America;"Springer Science and Business Media B.V.";"2013-2026";"Medicine (miscellaneous) (Q3); Orthopedics and Sports Medicine (Q3); Physical Therapy, Sports Therapy and Rehabilitation (Q3); Rehabilitation (Q3)";"Health Professions; Medicine"
198;21100860435;"Journal of Motor Learning and Development";journal;"23253215, 23253193";"Human Kinetics Publishers Inc.";No;No;0,331;Q3;23;33;95;1314;99;93;0,65;39,82;41,82;1;United States;Northern America;"Human Kinetics Publishers Inc.";"2017-2026";"Biophysics (Q3); Orthopedics and Sports Medicine (Q3); Cognitive Neuroscience (Q4); Experimental and Cognitive Psychology (Q4)";"Biochemistry, Genetics and Molecular Biology; Medicine; Neuroscience; Psychology"
199;21100854825;"Current Trauma Reports";journal;"21986096";"Springer Science and Business Media Deutschland GmbH";No;No;0,323;Q3;20;19;64;1073;73;63;1,13;56,47;53,25;4;Switzerland;Western Europe;"Springer Science and Business Media Deutschland GmbH";"2015-2026";"Orthopedics and Sports Medicine (Q3); Rehabilitation (Q3); Surgery (Q3)";"Medicine"
200;21100890306;"Journal of Physical Education, Recreation and Dance";journal;"07303084, 21683816";"Taylor and Francis Ltd.";No;No;0,321;Q3;21;96;302;2099;174;189;0,45;21,86;53,37;1;United Kingdom;Western Europe;"Taylor and Francis Ltd.";"1982-1988, 1990, 1992-1993, 1995-1996, 2002-2003, 2008, 2013, 2018-2026";"Education (Q3); Orthopedics and Sports Medicine (Q3); Physical Therapy, Sports Therapy and Rehabilitation (Q3)";"Health Professions; Medicine; Social Sciences"
201;21100202930;"Hand Therapy";journal;"17589983, 17589991";"SAGE Publications Inc.";No;No;0,319;Q3;20;12;39;650;40;39;1,08;54,17;74,47;0;United Kingdom;Western Europe;"SAGE Publications Inc.";"1996, 1998-2000, 2009-2026";"Orthopedics and Sports Medicine (Q3)";"Medicine"
202;11700154364;"Alter";journal;"18750672, 18750680";"Editions de l'Ecole des Hautes Etudes en Sciences Sociales";Yes;No;0,315;Q3;29;0;54;0;66;47;1,25;0,00;0,00;0;France;Western Europe;"Editions de l'Ecole des Hautes Etudes en Sciences Sociales";"2007-2021";"Health Policy (Q3); Health (social science) (Q3); Orthopedics and Sports Medicine (Q3); Psychiatry and Mental Health (Q3); Public Health, Environmental and Occupational Health (Q3)";"Medicine; Social Sciences"
203;21100860011;"Physical Activity Review";journal;"23005076";"PPHU Projack";Yes;No;0,311;Q3;16;27;84;1108;105;84;1,29;41,04;40,58;0;Poland;Eastern Europe;"PPHU Projack";"2017-2026";"Education (Q3); Health (social science) (Q3); Orthopedics and Sports Medicine (Q3); Physical Therapy, Sports Therapy and Rehabilitation (Q3)";"Health Professions; Medicine; Social Sciences"
204;19246;"Techniques in Hand and Upper Extremity Surgery";journal;"10893393, 15316572";"Lippincott Williams and Wilkins Ltd.";No;No;0,305;Q3;37;66;144;1228;86;131;0,58;18,61;20,19;0;United States;Northern America;"Lippincott Williams and Wilkins Ltd.";"1997, 2001-2026";"Orthopedics and Sports Medicine (Q3); Surgery (Q3)";"Medicine"
205;21101108179;"Physical Activity and Nutrition";journal;"27337545";"Korean Society for Exercise Nutrition";No;No;0,301;Q3;12;39;76;1919;96;75;1,08;49,21;45,69;0;South Korea;Asiatic Region;"Korean Society for Exercise Nutrition";"2020-2025";"Health (social science) (Q3); Nutrition and Dietetics (Q3); Orthopedics and Sports Medicine (Q3); Physical Therapy, Sports Therapy and Rehabilitation (Q3); Physiology (Q4)";"Biochemistry, Genetics and Molecular Biology; Health Professions; Medicine; Nursing; Social Sciences"
206;21101021790;"International Journal of Kinesiology and Sports Science";journal;"2202946X";"Australian International Academic Centre PTY LTD";Yes;No;0,300;Q3;12;23;85;968;97;85;1,28;42,09;39,80;1;Australia;Pacific Region;"Australian International Academic Centre PTY LTD";"2017, 2019-2025";"Orthopedics and Sports Medicine (Q3); Physical Therapy, Sports Therapy and Rehabilitation (Q3); Physiology (medical) (Q4)";"Health Professions; Medicine"
207;20349;"Science and Sports";journal;"17784131, 07651597";"Elsevier Masson s.r.l.";No;No;0,300;Q3;35;110;326;3967;284;274;0,78;36,06;27,84;0;France;Western Europe;"Elsevier Masson s.r.l.";"1986-2026";"Orthopedics and Sports Medicine (Q3); Sports Science (Q4)";"Health Professions; Medicine"
208;21100220434;"Science of Gymnastics Journal";journal;"22322639, 18557171";"University of Ljubljana Press";Yes;Yes;0,299;Q3;16;37;102;958;87;91;0,74;25,89;46,84;0;Slovenia;Eastern Europe;"University of Ljubljana Press";"2012-2025";"Education (Q3); Orthopedics and Sports Medicine (Q3); Physical Therapy, Sports Therapy and Rehabilitation (Q3)";"Health Professions; Medicine; Social Sciences"
209;27566;"ACSM's Health and Fitness Journal";journal;"1536593X, 10915397";"Lippincott Williams and Wilkins Ltd.";No;No;0,297;Q3;36;79;234;1057;199;186;1,10;13,38;46,90;0;United States;Northern America;"Lippincott Williams and Wilkins Ltd.";"1998-2025";"Orthopedics and Sports Medicine (Q3); Physical Therapy, Sports Therapy and Rehabilitation (Q3); Public Health, Environmental and Occupational Health (Q3); Sports Science (Q4)";"Health Professions; Medicine"
210;21101101954;"South African Journal of Sports Medicine";journal;"10155163, 2078516X";"Academy of Science of South Africa";Yes;Yes;0,296;Q3;11;23;101;422;62;98;0,52;18,35;37,31;0;South Africa;Africa;"Academy of Science of South Africa";"2019-2026";"Orthopedics and Sports Medicine (Q3); Physical Therapy, Sports Therapy and Rehabilitation (Q3)";"Health Professions; Medicine"
211;21100823138;"Malaysian Orthopaedic Journal";journal;"2232111X, 19852533";"Malaysian Orthopaedic Association";Yes;No;0,294;Q3;20;56;242;1103;178;214;0,57;19,70;25,66;0;Malaysia;Asiatic Region;"Malaysian Orthopaedic Association";"2015-2025";"Emergency Medicine (Q2); Orthopedics and Sports Medicine (Q3); Surgery (Q3)";"Medicine"
212;21101123131;"Journal of Cartilage and Joint Preservation";journal;"26672545";"Elsevier B.V.";Yes;No;0,286;Q3;9;44;66;1860;54;58;0,82;42,27;25,51;0;Netherlands;Western Europe;"Elsevier B.V.";"2021-2026";"Biochemistry, Genetics and Molecular Biology (miscellaneous) (Q3); Orthopedics and Sports Medicine (Q3); Surgery (Q3); Immunology and Allergy (Q4); Rheumatology (Q4)";"Biochemistry, Genetics and Molecular Biology; Medicine"
213;12263;"Journal of Prosthetics and Orthotics";journal;"10408800";"Lippincott Williams and Wilkins Ltd.";No;No;0,282;Q3;43;55;151;1466;95;130;0,55;26,65;44,76;0;United States;Northern America;"Lippincott Williams and Wilkins Ltd.";"1982, 1988-2026";"Biomedical Engineering (Q3); Orthopedics and Sports Medicine (Q3); Rehabilitation (Q3)";"Engineering; Medicine"
214;6800153103;"Zeitschrift fur Orthopadie und Unfallchirurgie";journal;"18646697, 18646743";"Georg Thieme Verlag";Yes;No;0,279;Q3;41;106;370;2846;252;285;0,72;26,85;16,92;0;Germany;Western Europe;"Georg Thieme Verlag";"2007-2026";"Medicine (miscellaneous) (Q3); Orthopedics and Sports Medicine (Q3); Surgery (Q3)";"Medicine"
215;5300152733;"Obere Extremitat";journal;"18626599, 18626602";"Springer Medizin";No;No;0,275;Q3;18;51;127;1064;74;103;0,57;20,86;20,72;0;Germany;Western Europe;"Springer Medizin";"2007-2026";"Orthopedics and Sports Medicine (Q3); Surgery (Q3)";"Medicine"
216;19838;"Deutsche Zeitschrift fur Sportmedizin";journal;"03445925, 25105264";"Dynamic Media Sales Verlag";Yes;Yes;0,272;Q3;25;32;135;566;107;100;0,72;17,69;30,86;1;Germany;Western Europe;"Dynamic Media Sales Verlag";"1996-2025";"Orthopedics and Sports Medicine (Q3); Physical Therapy, Sports Therapy and Rehabilitation (Q3); Sports Science (Q4)";"Health Professions; Medicine"
217;21100867681;"Journal of Hand Surgery Asian-Pacific Volume";journal;"24248363, 24248355";"World Scientific";No;No;0,271;Q3;35;106;362;1838;247;351;0,55;17,34;22,25;0;Singapore;Asiatic Region;"World Scientific";"2016-2026";"Medicine (miscellaneous) (Q3); Orthopedics and Sports Medicine (Q3); Surgery (Q3)";"Medicine"
218;29604;"Clinics in Podiatric Medicine and Surgery";journal;"15582302, 08918422";"W.B. Saunders";No;No;0,267;Q3;43;67;189;2124;166;155;0,74;31,70;21,95;0;United States;Northern America;"W.B. Saunders";"1986-2026";"Orthopedics and Sports Medicine (Q3); Surgery (Q3)";"Medicine"
219;19867;"Isokinetics and Exercise Science";journal;"18785913, 09593020";"SAGE Publications Ltd";No;No;0,266;Q3;36;28;136;964;89;134;0,57;34,43;23,64;0;United Kingdom;Western Europe;"SAGE Publications Ltd";"1991-1998, 2000-2025";"Orthopedics and Sports Medicine (Q3); Physical Therapy, Sports Therapy and Rehabilitation (Q3); Biophysics (Q4); Sports Science (Q4)";"Biochemistry, Genetics and Molecular Biology; Health Professions; Medicine"
220;21101040604;"Pedagogy of Physical Culture and Sports";journal;"26649837";"Iermakov Sergii Sidorovich";Yes;No;0,266;Q3;14;60;145;2328;184;145;1,37;38,80;33,97;0;Ukraine;Eastern Europe;"Iermakov Sergii Sidorovich";"2020-2025";"Education (Q3); Orthopedics and Sports Medicine (Q3); Physical Therapy, Sports Therapy and Rehabilitation (Q3)";"Health Professions; Medicine; Social Sciences"
221;21100837274;"Physical Therapy Reviews";journal;"10833196, 1743288X";"Taylor and Francis Ltd.";No;No;0,266;Q3;42;23;135;1440;104;131;0,89;62,61;65,17;0;United Kingdom;Western Europe;"Taylor and Francis Ltd.";"1996-2026";"Orthopedics and Sports Medicine (Q3); Physical Therapy, Sports Therapy and Rehabilitation (Q3); Rehabilitation (Q3)";"Health Professions; Medicine"
222;29293;"Clinical Reviews in Bone and Mineral Metabolism";journal;"15590119, 15348644";"Springer";No;No;0,264;Q3;0;0;0;0;0;0;0,00;0,00;0,00;0;United States;Northern America;"Springer";"2002, 2004-2024";"Orthopedics and Sports Medicine (Q3); Endocrinology (Q4); Endocrinology, Diabetes and Metabolism (Q4)";"Biochemistry, Genetics and Molecular Biology; Medicine"
223;21100894627;"Trends in Sport Sciences";journal;"2391436X, 22999590";"University School of Physical Education";Yes;No;0,261;Q3;11;18;77;549;63;77;0,68;30,50;35,19;0;Poland;Eastern Europe;"University School of Physical Education";"2018-2025";"Orthopedics and Sports Medicine (Q3); Physical Therapy, Sports Therapy and Rehabilitation (Q3)";"Health Professions; Medicine"
224;15190;"Acta Orthopaedica Belgica";journal;"00016462";"ARSMB-KVBMG";No;No;0,255;Q3;63;127;377;3528;224;376;0,59;27,78;17,65;1;Belgium;Western Europe;"ARSMB-KVBMG";"1946-2025";"Medicine (miscellaneous) (Q3); Orthopedics and Sports Medicine (Q3); Surgery (Q3)";"Medicine"
225;21101044229;"Annals of Joint";journal;"24156809";"AME Publishing Company";No;No;0,255;Q3;13;49;147;2367;96;131;0,50;48,31;17,77;0;China;Asiatic Region;"AME Publishing Company";"2017-2026";"Orthopedics and Sports Medicine (Q3)";"Medicine"
226;21101140510;"Unfallchirurgie (Germany)";journal;"2731703X, 27317021";"Springer Medizin";No;No;0,255;Q3;57;143;470;3152;294;358;0,53;22,04;19,37;2;Germany;Western Europe;"Springer Medizin";"2022-2026";"Emergency Medicine (Q3); Orthopedics and Sports Medicine (Q3); Surgery (Q3)";"Medicine"
227;21100934237;"International Journal of Human Movement and Sports Sciences";journal;"23814403, 23814381";"Horizon Research Publishing";No;No;0,251;Q3;21;161;456;5773;536;456;1,12;35,86;31,53;1;United States;Northern America;"Horizon Research Publishing";"2019-2025";"Health (social science) (Q3); Orthopedics and Sports Medicine (Q3); Physical Therapy, Sports Therapy and Rehabilitation (Q3); Physiology (Q4)";"Biochemistry, Genetics and Molecular Biology; Health Professions; Medicine; Social Sciences"
228;21101140514;"Orthopadie";journal;"27317145, 27317153";"Springer International Publishing";No;No;0,249;Q3;49;125;463;3811;329;414;0,60;30,49;18,34;0;Germany;Western Europe;"Springer International Publishing";"2022-2026";"Orthopedics and Sports Medicine (Q3)";"Medicine"
229;4500151524;"Acta Ortopedica Brasileira";journal;"14137852";"Sociedade Brasileira de Ortopedia e Traumatologia";Yes;No;0,247;Q3;33;96;228;1986;156;227;0,52;20,69;18,90;0;Brazil;Latin America;"Sociedade Brasileira de Ortopedia e Traumatologia";"2006-2026";"Orthopedics and Sports Medicine (Q3); Physical Therapy, Sports Therapy and Rehabilitation (Q3); Rehabilitation (Q3)";"Health Professions; Medicine"
230;21100821126;"Biomedical Human Kinetics";journal;"20802234";"De Gruyter Open Ltd";Yes;No;0,246;Q3;14;35;95;1371;83;94;0,85;39,17;37,21;0;Poland;Eastern Europe;"De Gruyter Open Ltd";"2016-2026";"Orthopedics and Sports Medicine (Q3); Physical Therapy, Sports Therapy and Rehabilitation (Q3)";"Health Professions; Medicine"
231;21101133554;"JSES Reviews, Reports, and Techniques";journal;"26666391";"Elsevier Inc.";Yes;No;0,245;Q3;13;92;172;2667;97;172;0,56;28,99;15,18;1;United States;Northern America;"Elsevier Inc.";"2021-2026";"Reviews and References (medical) (Q2); Orthopedics and Sports Medicine (Q3); Rehabilitation (Q3); Surgery (Q3)";"Medicine"
232;21100787102;"International Biomechanics";journal;"23335432";"Taylor and Francis Ltd.";Yes;No;0,243;Q3;14;5;23;130;25;23;1,00;26,00;27,78;0;United Kingdom;Western Europe;"Taylor and Francis Ltd.";"2014-2026";"Orthopedics and Sports Medicine (Q3); Physical Therapy, Sports Therapy and Rehabilitation (Q3); Rehabilitation (Q3); Biomedical Engineering (Q4); Computer Science Applications (Q4)";"Computer Science; Engineering; Health Professions; Medicine"
233;21100284251;"Muscles, Ligaments and Tendons Journal";journal;"22404554";"EDRA S.p.A";No;No;0,241;Q3;56;81;246;2974;170;243;0,61;36,72;39,07;0;Italy;Western Europe;"EDRA S.p.A";"2011-2025";"Orthopedics and Sports Medicine (Q3)";"Medicine"
234;21100333810;"Bulletin of the Hospital for Joint Diseases";journal;"23284633, 23285273";"J. Michael Ryan Publishing Inc.";No;No;0,238;Q3;54;45;150;1438;73;130;0,37;31,96;18,35;0;United States;Northern America;"J. Michael Ryan Publishing Inc.";"2013-2025";"Orthopedics and Sports Medicine (Q3); Surgery (Q3); Medicine (miscellaneous) (Q4); Rheumatology (Q4)";"Medicine"
235;21100899284;"Human Sport Medicine";journal;"25000209, 25000195";"South Ural State University - Institute of Sport, Tourism and Service";Yes;No;0,238;Q3;11;147;379;2195;162;379;0,39;14,93;59,27;0;Russian Federation;Eastern Europe;"South Ural State University - Institute of Sport, Tourism and Service";"2016-2025";"Orthopedics and Sports Medicine (Q3); Physical Therapy, Sports Therapy and Rehabilitation (Q3)";"Health Professions; Medicine"
236;19892;"Medicina dello Sport";journal;"00257826, 18271863";"Edizioni Minerva Medica";No;No;0,236;Q3;18;50;183;1652;108;177;0,55;33,04;31,98;0;Italy;Western Europe;"Edizioni Minerva Medica";"1965, 1973-1982, 1996-2024";"Orthopedics and Sports Medicine (Q3); Physical Therapy, Sports Therapy and Rehabilitation (Q3); Sports Science (Q4)";"Health Professions; Medicine"
237;19530;"Sportverletzung-Sportschaden";journal;"14391236, 09320555";"Georg Thieme Verlag";No;No;0,233;Q3;26;72;266;312;39;85;0,16;4,33;19,15;0;Germany;Western Europe;"Georg Thieme Verlag";"1987-2026";"Orthopedics and Sports Medicine (Q3); Medicine (miscellaneous) (Q4); Sports Science (Q4)";"Health Professions; Medicine"
238;15600154704;"Revista Espanola de Cirugia Ortopedica y Traumatologia";journal;"18884415, 19888856";"Ediciones Doyma, S.L.";Yes;No;0,228;Q3;22;75;248;1858;132;217;0,47;24,77;30,15;0;Spain;Western Europe;"Ediciones Doyma, S.L.";"2008-2026";"Orthopedics and Sports Medicine (Q3); Surgery (Q3)";"Medicine"
239;21100786232;"Comparative Exercise Physiology";journal;"17552540, 17552559";"Brill Wageningen Academic";No;No;0,223;Q3;22;61;149;2477;121;148;0,72;40,61;52,40;0;Netherlands;Western Europe;"Brill Wageningen Academic";"2008-2010, 2012-2026";"Orthopedics and Sports Medicine (Q3); Veterinary (miscellaneous) (Q3); Biochemistry (Q4); Biophysics (Q4); Endocrinology, Diabetes and Metabolism (Q4); Physiology (Q4); Physiology (medical) (Q4)";"Biochemistry, Genetics and Molecular Biology; Medicine; Veterinary"
240;21100838563;"Annals of Applied Sport Science (discontinued)";journal;"24764981, 23224479";"";Yes;No;0,218;Q3;15;61;154;1948;129;153;0,90;31,93;28,03;0;Iran;Middle East;"";"2017-2025";"Orthopedics and Sports Medicine (Q3); Physical Therapy, Sports Therapy and Rehabilitation (Q3); Social Sciences (miscellaneous) (Q3); Applied Psychology (Q4); Tourism, Leisure and Hospitality Management (Q4)";"Business, Management and Accounting; Health Professions; Medicine; Psychology; Social Sciences"
241;21591;"Handchirurgie Mikrochirurgie Plastische Chirurgie";journal;"07221819, 14393980";"Georg Thieme Verlag";No;No;0,212;Q4;36;60;280;1073;89;246;0,20;17,88;23,94;0;Germany;Western Europe;"Georg Thieme Verlag";"1982-2026";"Surgery (Q3); Orthopedics and Sports Medicine (Q4)";"Medicine"
242;19900191752;"Motricidade";journal;"21822972, 1646107X";"Universidade da Beira Interior";Yes;No;0,212;Q4;18;60;178;2152;101;171;0,55;35,87;30,04;0;Portugal;Western Europe;"Universidade da Beira Interior";"2011-2025";"Physical Therapy, Sports Therapy and Rehabilitation (Q3); Orthopedics and Sports Medicine (Q4)";"Health Professions; Medicine"
243;21101168850;"Journal of Minimally Invasive Spine Surgery and Technique";journal;"25082043";"Korean Minimally Invasive Spine Surgery Society";Yes;Yes;0,208;Q4;7;43;94;1299;53;89;0,62;30,21;11,94;0;South Korea;Asiatic Region;"Korean Minimally Invasive Spine Surgery Society";"2019-2026";"Surgery (Q3); Medicine (miscellaneous) (Q4); Neurology (clinical) (Q4); Orthopedics and Sports Medicine (Q4)";"Medicine"
244;21100256950;"Movement and Sports Sciences - Science et Motricite";journal;"21185735, 21185743";"EDP Sciences";No;No;0,206;Q4;19;27;80;1500;47;75;0,36;55,56;33,72;0;France;Western Europe;"EDP Sciences";"2010-2025";"Multidisciplinary (Q3); Physical Therapy, Sports Therapy and Rehabilitation (Q3); Social Sciences (miscellaneous) (Q3); Neuropsychology and Physiological Psychology (Q4); Orthopedics and Sports Medicine (Q4); Physiology (Q4); Physiology (medical) (Q4); Psychology (miscellaneous) (Q4)";"Biochemistry, Genetics and Molecular Biology; Health Professions; Medicine; Multidisciplinary; Psychology; Social Sciences"
245;21100812857;"Series on Biomechanics";journal;"13132458";"Bulgarska Akademiya na Naukite";No;No;0,206;Q4;9;44;113;1208;56;113;0,52;27,45;41,67;0;Bulgaria;Eastern Europe;"Bulgarska Akademiya na Naukite";"2015-2025";"Biomedical Engineering (Q4); Biophysics (Q4); Biotechnology (Q4); Orthopedics and Sports Medicine (Q4)";"Biochemistry, Genetics and Molecular Biology; Engineering; Medicine"
246;16800154701;"Orthopaedics and Trauma";journal;"18771335, 18771327";"Churchill Livingstone";No;No;0,201;Q4;33;66;188;1445;98;137;0,41;21,89;33,93;2;United Kingdom;Western Europe;"Churchill Livingstone";"2009-2026";"Orthopedics and Sports Medicine (Q4)";"Medicine"
247;12989;"Revista Brasileira de Ortopedia";journal;"19824378, 01023616";"Thieme";Yes;Yes;0,201;Q4;32;146;415;5328;290;394;0,64;36,49;24,44;0;Brazil;Latin America;"Thieme";"1996-2000, 2011-2025";"Surgery (Q3); Orthopedics and Sports Medicine (Q4)";"Medicine"
248;21101066748;"Health, Sport, Rehabilitation";journal;"25202677, 25202685";"Springer Nature";Yes;No;0,200;Q4;10;35;84;1411;75;84;1,07;40,31;35,71;0;Ukraine;Eastern Europe;"Springer Nature";"2019-2025";"Complementary and Manual Therapy (Q3); Occupational Therapy (Q3); Physical Therapy, Sports Therapy and Rehabilitation (Q3); Rehabilitation (Q3); Education (Q4); Orthopedics and Sports Medicine (Q4)";"Health Professions; Medicine; Social Sciences"
249;21100860773;"Journal of Sport and Health Research";journal;"19896239";"Didactic Asociation Andalucia";Yes;No;0,200;Q4;15;53;165;2724;102;165;0,46;51,40;31,54;0;Spain;Western Europe;"Didactic Asociation Andalucia";"2018-2026";"Developmental and Educational Psychology (Q4); Education (Q4); Orthopedics and Sports Medicine (Q4); Physical Therapy, Sports Therapy and Rehabilitation (Q4); Public Health, Environmental and Occupational Health (Q4)";"Health Professions; Medicine; Psychology; Social Sciences"
250;13077;"Techniques in Orthopaedics";journal;"23330600, 08859698";"Lippincott Williams and Wilkins";No;No;0,199;Q4;28;49;232;611;73;223;0,29;12,47;19,80;0;United States;Northern America;"Lippincott Williams and Wilkins";"1986-2026";"Orthopedics and Sports Medicine (Q4)";"Medicine"
251;38410;"Acta Chirurgiae Orthopaedicae et Traumatologiae Cechoslovaca";journal;"00015415";"Galen s.r.o.";No;No;0,196;Q4;32;54;197;1365;98;193;0,46;25,28;17,73;0;Czech Republic;Eastern Europe;"Galen s.r.o.";"1950-1991, 1993-1994, 1996-2025";"Surgery (Q3); Medicine (miscellaneous) (Q4); Orthopedics and Sports Medicine (Q4)";"Medicine"
252;21100416035;"Trauma Case Reports";journal;"23526440";"Elsevier Ltd";Yes;No;0,196;Q4;14;212;411;2264;221;410;0,49;10,68;19,10;2;United Kingdom;Western Europe;"Elsevier Ltd";"2015-2026";"Critical Care and Intensive Care Medicine (Q3); Emergency Medicine (Q3); Orthopedics and Sports Medicine (Q4)";"Medicine"
253;15216;"Journal of the American Podiatric Medical Association";journal;"87507315, 19308264";"Multidisciplinary Digital Publishing Institute (MDPI)";No;No;0,195;Q4;70;128;346;3295;201;337;0,56;25,74;28,36;3;United States;Northern America;"Multidisciplinary Digital Publishing Institute (MDPI)";"1985-2026";"Podiatry (Q3); Medicine (miscellaneous) (Q4); Orthopedics and Sports Medicine (Q4)";"Health Professions; Medicine"
254;19900192605;"Asian Journal of Sports Medicine";journal;"20087209, 2008000X";"Brieflands";Yes;No;0,194;Q4;41;29;97;903;73;85;0,51;31,14;31,07;0;Netherlands;Western Europe;"Brieflands";"2010-2025";"Orthopedics and Sports Medicine (Q4); Sports Science (Q4)";"Health Professions; Medicine"
255;21101058296;"Chinese Journal of Microsurgery";journal;"10012036";"Chinese Medical Journals Publishing House Co.Ltd";No;No;0,193;Q4;8;131;259;2445;121;253;0,47;18,66;28,54;0;China;Asiatic Region;"Chinese Medical Journals Publishing House Co.Ltd";"2019, 2021-2025";"Anatomy (Q3); Surgery (Q3); Orthopedics and Sports Medicine (Q4)";"Medicine"
256;21100364622;"Journal of Arthroscopy and Joint Surgery";journal;"22149635";"Wolters Kluwer Health";No;No;0,193;Q4;11;30;143;985;59;139;0,42;32,83;17,39;0;India;Asiatic Region;"Wolters Kluwer Health";"2015-2026";"Orthopedics and Sports Medicine (Q4)";"Medicine"
257;29333;"Orthopaedic Nursing";journal;"07446020, 1542538X";"Lippincott Williams and Wilkins Ltd.";No;No;0,193;Q4;45;61;205;1172;100;181;0,51;19,21;71,20;0;United States;Northern America;"Lippincott Williams and Wilkins Ltd.";"1981-2026";"Advanced and Specialized Nursing (Q3); Medicine (miscellaneous) (Q4); Orthopedics and Sports Medicine (Q4)";"Medicine; Nursing"
258;21100286866;"Physiotherapy Practice and Research";journal;"22130683, 22130691";"SAGE Publications Ltd";No;No;0,193;Q4;12;22;84;782;33;78;0,29;35,55;55,56;0;United Kingdom;Western Europe;"SAGE Publications Ltd";"2009-2026";"Occupational Therapy (Q3); Rehabilitation (Q3); Orthopedics and Sports Medicine (Q4); Physical Therapy, Sports Therapy and Rehabilitation (Q4)";"Health Professions; Medicine"
259;4700152775;"Techniques in Foot and Ankle Surgery";journal;"15360644, 15381943";"Lippincott Williams and Wilkins Ltd.";No;No;0,193;Q4;21;42;111;934;24;102;0,17;22,24;17,19;0;United States;Northern America;"Lippincott Williams and Wilkins Ltd.";"2002-2026";"Surgery (Q3); Orthopedics and Sports Medicine (Q4)";"Medicine"
260;21100199851;"International Journal of Athletic Therapy and Training";journal;"21577277, 21577285";"Human Kinetics Publishers Inc.";No;No;0,191;Q4;22;55;162;1463;50;155;0,31;26,60;57,38;0;United States;Northern America;"Human Kinetics Publishers Inc.";"2012-2026";"Rehabilitation (Q3); Orthopedics and Sports Medicine (Q4); Physical Therapy, Sports Therapy and Rehabilitation (Q4); Sports Science (Q4)";"Health Professions; Medicine"
261;12927;"Ortopedia Traumatologia Rehabilitacja";journal;"20844336, 15093492";"MEDSPORTPRESS Publishing House";No;No;0,189;Q4;29;29;133;86;73;132;0,36;2,97;16,81;0;Poland;Eastern Europe;"MEDSPORTPRESS Publishing House";"2002-2025";"Orthopedics and Sports Medicine (Q4); Rehabilitation (Q4)";"Medicine"
262;21100898771;"Strategies";journal;"21683778, 08924562";"Taylor and Francis Ltd.";No;No;0,189;Q4;17;46;158;725;62;140;0,42;15,76;51,32;0;United Kingdom;Western Europe;"Taylor and Francis Ltd.";"1988, 1990, 1996-2026";"Education (Q4); Orthopedics and Sports Medicine (Q4)";"Medicine; Social Sciences"
263;21100466857;"JBJS Case Connector";journal;"21603251";"Lippincott Williams and Wilkins";No;No;0,185;Q4;16;293;984;4865;376;982;0,35;16,60;17,17;0;United States;Northern America;"Lippincott Williams and Wilkins";"2013-2026";"Surgery (Q3); Medicine (miscellaneous) (Q4); Orthopedics and Sports Medicine (Q4)";"Medicine"
264;21101045046;"Minerva Orthopedics";journal;"27848469, 2784871X";"Edizioni Minerva Medica S.p.A.";No;No;0,183;Q4;8;63;148;2184;185;128;1,25;34,67;32,25;0;Italy;Western Europe;"Edizioni Minerva Medica S.p.A.";"2021-2025";"Surgery (Q3); Orthopedics and Sports Medicine (Q4)";"Medicine"
265;21101023086;"Sport TK";journal;"22544070, 23408812";"Universidad de Murcia";Yes;No;0,183;Q4;12;111;201;3245;124;201;0,61;29,23;31,88;0;Spain;Western Europe;"Universidad de Murcia";"2019-2025";"Complementary and Manual Therapy (Q3); Occupational Therapy (Q3); Education (Q4); Orthopedics and Sports Medicine (Q4); Physical Therapy, Sports Therapy and Rehabilitation (Q4)";"Health Professions; Medicine; Social Sciences"
266;21100855988;"Sport Mont";journal;"14517485, 23370351";"Montenegrin Sports Academy";Yes;No;0,182;Q4;16;60;233;2033;147;233;0,67;33,88;37,44;0;Montenegro;Eastern Europe;"Montenegrin Sports Academy";"2017-2026";"Orthopedics and Sports Medicine (Q4); Physical Therapy, Sports Therapy and Rehabilitation (Q4); Tourism, Leisure and Hospitality Management (Q4)";"Business, Management and Accounting; Health Professions; Medicine"
267;21100980695;"Central European Journal of Sport Sciences and Medicine";journal;"23009705, 23532807";"Wydawnictwo Naukowe Uniwersytetu Szczecinskiego";Yes;Yes;0,181;Q4;7;30;106;1076;50;106;0,43;35,87;47,12;0;Poland;Eastern Europe;"Wydawnictwo Naukowe Uniwersytetu Szczecinskiego";"2019-2025";"Orthopedics and Sports Medicine (Q4); Physical Therapy, Sports Therapy and Rehabilitation (Q4); Physiology (Q4); Tourism, Leisure and Hospitality Management (Q4)";"Biochemistry, Genetics and Molecular Biology; Business, Management and Accounting; Health Professions; Medicine"
268;21100903868;"Assistive Technology Outcomes and Benefits";journal;"19387261";"Assistive Technology Industry Association";No;No;0,180;Q4;6;9;37;249;18;32;0,44;27,67;57,14;0;United States;Northern America;"Assistive Technology Industry Association";"2018-2025";"Biomedical Engineering (Q4); Orthopedics and Sports Medicine (Q4); Physical Therapy, Sports Therapy and Rehabilitation (Q4); Rehabilitation (Q4)";"Engineering; Health Professions; Medicine"
269;21100825825;"Pediatric Traumatology, Orthopaedics and Reconstructive Surgery";journal;"23093994, 24108731";"Eco-Vector LLC";Yes;No;0,180;Q4;9;53;139;1447;53;139;0,36;27,30;43,60;0;Russian Federation;Eastern Europe;"Eco-Vector LLC";"2013-2025";"Pediatrics, Perinatology and Child Health (Q3); Surgery (Q3); Orthopedics and Sports Medicine (Q4)";"Medicine"
270;21100860937;"Polish Journal of Sport and Tourism";journal;"18991998, 20828799";"Walter de Gruyter GmbH";Yes;No;0,178;Q4;10;25;79;982;48;79;0,63;39,28;33,75;0;Germany;Western Europe;"Walter de Gruyter GmbH";"2018-2025";"Orthopedics and Sports Medicine (Q4); Physical Therapy, Sports Therapy and Rehabilitation (Q4); Tourism, Leisure and Hospitality Management (Q4)";"Business, Management and Accounting; Health Professions; Medicine"
271;20364;"Sports Orthopaedics and Traumatology";journal;"0949328X, 18764339";"Elsevier GmbH";No;No;0,173;Q4;16;45;141;933;46;105;0,28;20,73;27,03;0;Germany;Western Europe;"Elsevier GmbH";"2001-2025";"Orthopedics and Sports Medicine (Q4); Physical Therapy, Sports Therapy and Rehabilitation (Q4)";"Health Professions; Medicine"
272;12600154710;"Current Orthopaedic Practice";journal;"19417551, 19407041";"Lippincott Williams and Wilkins";No;No;0,171;Q4;29;57;349;1318;112;338;0,21;23,12;20,70;0;United States;Northern America;"Lippincott Williams and Wilkins";"2008-2026";"Orthopedics and Sports Medicine (Q4)";"Medicine"
273;19812;"Archivos de Medicina del Deporte";journal;"02128799";"Archivos de Medicina del Deporte";No;No;0,168;Q4;16;39;141;1208;52;126;0,28;30,97;31,55;1;Spain;Western Europe;"Archivos de Medicina del Deporte";"1997-2025";"Orthopedics and Sports Medicine (Q4); Physical Therapy, Sports Therapy and Rehabilitation (Q4); Sports Science (Q4)";"Health Professions; Medicine"
274;19800188017;"Journal of Orthopaedics, Trauma and Rehabilitation";journal;"22104925, 22104917";"Elsevier B.V.";Yes;No;0,168;Q4;11;30;144;848;54;144;0,37;28,27;23,53;1;Netherlands;Western Europe;"Elsevier B.V.";"2010-2025";"Orthopedics and Sports Medicine (Q4); Physical Therapy, Sports Therapy and Rehabilitation (Q4); Rehabilitation (Q4)";"Health Professions; Medicine"
275;21100942910;"MHSalud";journal;"1659097X";"Universidad Nacional";Yes;Yes;0,168;Q4;7;25;53;920;31;53;0,50;36,80;28,21;0;Costa Rica;Latin America;"Universidad Nacional";"2019-2025";"Biophysics (Q4); Orthopedics and Sports Medicine (Q4); Physical Therapy, Sports Therapy and Rehabilitation (Q4); Public Health, Environmental and Occupational Health (Q4)";"Biochemistry, Genetics and Molecular Biology; Health Professions; Medicine"
276;12434;"Operative Techniques in Orthopaedics";journal;"10486666, 15583848";"W.B. Saunders";No;No;0,167;Q4;33;32;100;895;24;87;0,24;27,97;33,33;0;United States;Northern America;"W.B. Saunders";"1991-2025";"Orthopedics and Sports Medicine (Q4); Surgery (Q4)";"Medicine"
277;11500153302;"Coluna/ Columna";journal;"18081851";"Oficial da Sociedade Brasileira de Coluna";Yes;Yes;0,166;Q4;11;60;179;1440;52;179;0,26;24,00;17,53;0;Brazil;Latin America;"Oficial da Sociedade Brasileira de Coluna";"2008-2026";"Neurology (clinical) (Q4); Orthopedics and Sports Medicine (Q4); Surgery (Q4)";"Medicine"
278;21101098814;"International Journal of Disabilities Sports and Health Sciences (discontinued)";journal;"26459094";"";Yes;No;0,166;Q4;8;100;55;3840;29;53;0,51;38,40;41,44;0;Turkey;Middle East;"";"2019-2024";"Health (social science) (Q4); Life-span and Life-course Studies (Q4); Orthopedics and Sports Medicine (Q4); Physical Therapy, Sports Therapy and Rehabilitation (Q4)";"Health Professions; Medicine; Social Sciences"
279;19900192590;"Sport Science";journal;"18403662, 18403670";"Drustvo Pedagoga Tjelesne i Zdravstvene Kulture";Yes;No;0,166;Q4;26;37;166;920;70;162;0,26;24,86;40,20;0;Bosnia and Herzegovina;Eastern Europe;"Drustvo Pedagoga Tjelesne i Zdravstvene Kulture";"2008-2023";"Orthopedics and Sports Medicine (Q4); Physical Therapy, Sports Therapy and Rehabilitation (Q4)";"Health Professions; Medicine"
280;21101019768;"Chinese Journal of Orthopaedic Trauma";journal;"16717600";"Chinese Medical Journals Publishing House Co.Ltd";No;No;0,164;Q4;10;186;595;4806;263;584;0,46;25,84;26,73;0;China;Asiatic Region;"Chinese Medical Journals Publishing House Co.Ltd";"2019-2026";"Orthopedics and Sports Medicine (Q4); Physical Therapy, Sports Therapy and Rehabilitation (Q4); Rehabilitation (Q4); Surgery (Q4)";"Health Professions; Medicine"
281;19400157005;"Journal of Hard Tissue Biology";journal;"13417649, 1880828X";"Society of Hard Tissue Regenerative Biology";No;No;0,163;Q4;18;32;128;1028;60;124;0,39;32,13;36,05;0;Japan;Asiatic Region;"Society of Hard Tissue Regenerative Biology";"2003-2005, 2007-2026";"Biochemistry (Q4); Biomaterials (Q4); Cell Biology (Q4); Dentistry (miscellaneous) (Q4); Medicine (miscellaneous) (Q4); Orthopedics and Sports Medicine (Q4)";"Biochemistry, Genetics and Molecular Biology; Dentistry; Materials Science; Medicine"
282;21101168861;"Sarkomy Kostej, Magkih Tkanej i Opuholi Kozi";journal;"22194614, 27823687";"ABV-press Publishing House";No;No;0,160;Q4;5;25;61;635;10;54;0,11;25,40;36,84;0;Russian Federation;Eastern Europe;"ABV-press Publishing House";"2019-2025";"Oncology (Q4); Orthopedics and Sports Medicine (Q4); Pathology and Forensic Medicine (Q4); Radiology, Nuclear Medicine and Imaging (Q4)";"Medicine"
283;21100939983;"Clinical Osteology";journal;"25711334, 25711326";"Facta Medica, S.R.O";No;No;0,158;Q4;5;21;68;297;5;58;0,05;14,14;46,51;0;Czech Republic;Eastern Europe;"Facta Medica, S.R.O";"2018-2025";"Endocrinology, Diabetes and Metabolism (Q4); Orthopedics and Sports Medicine (Q4)";"Medicine"
284;21100893337;"Turkish Journal of Physiotherapy and Rehabilitation";journal;"26514451, 2651446X";"Turkish Physiotherapy Association";Yes;No;0,156;Q4;8;43;112;1358;40;112;0,27;31,58;67,67;0;Turkey;Middle East;"Turkish Physiotherapy Association";"2018-2025";"Orthopedics and Sports Medicine (Q4); Physical Therapy, Sports Therapy and Rehabilitation (Q4); Rehabilitation (Q4)";"Health Professions; Medicine"
285;19900193636;"Open Sports Sciences Journal";journal;"1875399X";"Bentham Science Publishers";Yes;No;0,154;Q4;19;12;65;415;34;64;0,51;34,58;22,64;0;United Arab Emirates;Middle East;"Bentham Science Publishers";"2009-2010, 2012-2025";"Orthopedics and Sports Medicine (Q4); Physical Therapy, Sports Therapy and Rehabilitation (Q4)";"Health Professions; Medicine"
286;4900153207;"Revista Cubana de Ortopedia y Traumatologia";journal;"0864215X";"Editorial Ciencias Medicas";Yes;No;0,150;Q4;5;53;145;1250;10;132;0,08;23,58;21,78;0;Cuba;Latin America;"Editorial Ciencias Medicas";"1996-2003, 2006-2025";"Orthopedics and Sports Medicine (Q4); Rehabilitation (Q4); Surgery (Q4)";"Medicine"
287;21101064205;"South African Orthopaedic Journal";journal;"1681150X, 23098309";"Medpharm Publications";Yes;Yes;0,149;Q4;6;32;110;938;24;92;0,21;29,31;29,58;0;South Africa;Africa;"Medpharm Publications";"2010, 2019-2025";"Orthopedics and Sports Medicine (Q4)";"Medicine"
288;21101019760;"Chinese Journal of Orthopaedics";journal;"02532352";"Chinese Medical Journals Publishing House Co.Ltd";No;No;0,147;Q4;11;185;613;6237;236;613;0,39;33,71;23,57;0;China;Asiatic Region;"Chinese Medical Journals Publishing House Co.Ltd";"2019-2025";"Orthopedics and Sports Medicine (Q4); Physical Therapy, Sports Therapy and Rehabilitation (Q4); Surgery (Q4)";"Health Professions; Medicine"
289;21101176721;"Korean Journal of Sport Science";journal;"22337938, 15982920";"Korea Institute of Sport Science";Yes;Yes;0,145;Q4;5;60;177;3271;37;177;0,19;54,52;28,57;0;South Korea;Asiatic Region;"Korea Institute of Sport Science";"2019-2025";"Orthopedics and Sports Medicine (Q4); Physical Therapy, Sports Therapy and Rehabilitation (Q4); Public Health, Environmental and Occupational Health (Q4)";"Health Professions; Medicine"
290;144940;"Fuss und Sprunggelenk";journal;"16199987, 16199995";"Elsevier GmbH";No;No;0,144;Q4;12;32;88;1024;12;76;0,09;32,00;21,69;0;Germany;Western Europe;"Elsevier GmbH";"2005-2026";"Orthopedics and Sports Medicine (Q4)";"Medicine"
291;13023;"Seminars in Spine Surgery";journal;"15584496, 10407383";"W.B. Saunders";No;No;0,143;Q4;20;38;110;1705;32;102;0,33;44,87;13,57;0;United States;Northern America;"W.B. Saunders";"1990-2026";"Orthopedics and Sports Medicine (Q4); Surgery (Q4)";"Medicine"
292;12356;"Minerva Ortopedica e Traumatologica";journal;"03943410, 18271707";"Edizioni Minerva Medica S.p.A.";No;No;0,142;Q4;11;0;39;0;14;34;0,22;0,00;0,00;0;Italy;Western Europe;"Edizioni Minerva Medica S.p.A.";"1965-1972, 1987-2021";"Orthopedics and Sports Medicine (Q4); Surgery (Q4)";"Medicine"
293;21101166823;"Travmatologiya i Ortopediya Rossii";journal;"25420933, 23112905";"Eco-Vector LLC";Yes;Yes;0,142;Q4;8;60;128;1743;69;118;0,54;29,05;21,82;0;Russian Federation;Eastern Europe;"Eco-Vector LLC";"2021-2025";"Microbiology (medical) (Q4); Oncology (Q4); Orthopedics and Sports Medicine (Q4); Rehabilitation (Q4)";"Medicine"
294;35404;"Operative Techniques in Sports Medicine";journal;"15579794, 10601872";"W.B. Saunders";No;No;0,141;Q4;39;42;113;2079;47;103;0,41;49,50;23,64;1;United States;Northern America;"W.B. Saunders";"1993-2025";"Orthopedics and Sports Medicine (Q4); Sports Science (Q4); Surgery (Q4)";"Health Professions; Medicine"
295;21101034439;"Studia Sportiva";journal;"25708783, 18027679";"Masaryk University";No;No;0,141;Q4;5;30;70;993;26;70;0,34;33,10;29,07;0;Czech Republic;Eastern Europe;"Masaryk University";"2019-2026";"Applied Psychology (Q4); Education (Q4); Health (social science) (Q4); Orthopedics and Sports Medicine (Q4); Physical Therapy, Sports Therapy and Rehabilitation (Q4); Tourism, Leisure and Hospitality Management (Q4)";"Business, Management and Accounting; Health Professions; Medicine; Psychology; Social Sciences"
296;21100875939;"Hirurgia Pozvonochnika";journal;"18108997, 23131497";"Editorial Office of The Journal Hirurgia Pozvonochnika";Yes;Yes;0,138;Q4;8;46;127;1103;41;119;0,37;23,98;26,57;0;Russian Federation;Eastern Europe;"Editorial Office of The Journal Hirurgia Pozvonochnika";"2005, 2016-2025";"Anesthesiology and Pain Medicine (Q4); Orthopedics and Sports Medicine (Q4); Surgery (Q4)";"Medicine"
297;21100855812;"Genij Ortopedii";journal;"10284427, 2542131X";"Russian Ilizarov Scientific Center for Restorative Traumatology and Orthopaedics";Yes;Yes;0,136;Q4;11;85;325;2962;125;323;0,39;34,85;30,20;0;Russian Federation;Eastern Europe;"Russian Ilizarov Scientific Center for Restorative Traumatology and Orthopaedics";"2017-2025";"Orthopedics and Sports Medicine (Q4); Surgery (Q4)";"Medicine"
298;17482;"Voprosy Kurortologii Fizioterapii i Lechebnoi Fizicheskoi Kultury / Problems of Balneology, Physiotherapy and Therapeutic Physical Culture";journal;"00428787, 23091355";"Media Sphera Publishing Group";No;No;0,135;-;11;56;213;1521;82;212;0,34;27,16;65,92;0;Russian Federation;Eastern Europe;"Media Sphera Publishing Group";"1955, 1961-1963, 1965-2025";"Medicine (miscellaneous) (Q4)";"Medicine"
299;21101055924;"Indian Spine Journal";journal;"25895079, 25895087";"Wolters Kluwer Medknow Publications";Yes;Yes;0,133;Q4;6;30;107;793;18;101;0,11;26,43;14,29;0;India;Asiatic Region;"Wolters Kluwer Medknow Publications";"2018-2026";"Neurology (clinical) (Q4); Orthopedics and Sports Medicine (Q4); Surgery (Q4)";"Medicine"
300;12234;"Journal of Musculoskeletal Research";journal;"17936497, 02189577";"World Scientific";No;No;0,133;Q4;21;47;83;1212;16;83;0,21;25,79;26,28;0;Singapore;Asiatic Region;"World Scientific";"1997-2006, 2008-2025";"Orthopedics and Sports Medicine (Q4)";"Medicine"
301;21101116674;"Journal of Musculoskeletal Surgery and Research";journal;"25891219, 25891227";"Scientific Scholar LLC";No;No;0,128;Q4;8;53;161;1082;34;129;0,23;20,42;19,46;0;United States;Northern America;"Scientific Scholar LLC";"2019-2026";"Orthopedics and Sports Medicine (Q4); Physical Therapy, Sports Therapy and Rehabilitation (Q4); Rehabilitation (Q4)";"Health Professions; Medicine"
302;21101050070;"Sport and Exercise Medicine Switzerland Journal";journal;"26734249, 26736640";"Rubmedia AG";No;No;0,128;Q4;16;34;111;586;14;92;0,13;17,24;19,44;0;Switzerland;Western Europe;"Rubmedia AG";"2020-2024";"Orthopedics and Sports Medicine (Q4); Physical Therapy, Sports Therapy and Rehabilitation (Q4)";"Health Professions; Medicine"
303;19300156914;"Revista Andaluza de Medicina del Deporte";journal;"21725063, 18887546";"Centro Andaluz de Medicina del Deporte";Yes;Yes;0,127;Q4;21;24;124;759;31;119;0,21;31,63;38,38;0;Spain;Western Europe;"Centro Andaluz de Medicina del Deporte";"2008-2025";"Orthopedics and Sports Medicine (Q4); Physiology (medical) (Q4); Sports Science (Q4)";"Health Professions; Medicine"
304;144914;"Arthroskopie";journal;"09337946, 14343924";"Springer Medizin";No;No;0,125;Q4;9;62;206;1681;28;169;0,15;27,11;18,83;0;Germany;Western Europe;"Springer Medizin";"2002-2003, 2005-2026";"Orthopedics and Sports Medicine (Q4)";"Medicine"
305;21101140404;"Journal of Turkish Spinal Surgery";journal;"13010336, 21475903";"Galenos Publishing House";No;No;0,125;Q4;4;35;124;807;18;112;0,13;23,06;10,19;2;Turkey;Middle East;"Galenos Publishing House";"2019-2026";"Orthopedics and Sports Medicine (Q4); Surgery (Q4)";"Medicine"
306;21101049549;"Fisioterapia em Movimento";journal;"19805918";"Pontificia Universidade Catolica do Parana";Yes;No;0,123;Q4;7;40;120;1244;24;117;0,17;31,10;54,04;0;Brazil;Latin America;"Pontificia Universidade Catolica do Parana";"2019-2025";"Complementary and Manual Therapy (Q4); Orthopedics and Sports Medicine (Q4); Physical Therapy, Sports Therapy and Rehabilitation (Q4); Rehabilitation (Q4)";"Health Professions; Medicine"
307;21101108187;"Sports Medicine: Research and Practice";journal;"25879014, 22232524";"National Electronic-Information Consortium (NEICON)";Yes;Yes;0,121;Q4;5;49;109;1254;26;109;0,22;25,59;46,28;0;Russian Federation;Eastern Europe;"National Electronic-Information Consortium (NEICON)";"2019-2025";"Biochemistry (medical) (Q4); Orthopedics and Sports Medicine (Q4); Rehabilitation (Q4)";"Medicine"
308;19247;"Techniques in Shoulder and Elbow Surgery";journal;"15239896, 1539591X";"Lippincott Williams and Wilkins";No;No;0,120;Q4;25;0;29;0;6;29;0,00;0,00;0,00;0;United States;Northern America;"Lippincott Williams and Wilkins";"2003-2020";"Orthopedics and Sports Medicine (Q4); Surgery (Q4)";"Medicine"
309;21101169864;"N.N. Priorov Journal of Traumatology and Orthopedics";journal;"26586738, 08698678";"Eco-Vector LLC";No;No;0,119;Q4;5;38;116;1195;18;115;0,18;31,45;19,01;0;Russian Federation;Eastern Europe;"Eco-Vector LLC";"2019-2025";"Orthopedics and Sports Medicine (Q4); Physical Therapy, Sports Therapy and Rehabilitation (Q4); Surgery (Q4)";"Health Professions; Medicine"
310;6200180182;"Chinese Journal of Tissue Engineering Research";journal;"20954344";"Publishing House of Chinese Journal of Tissue Engineering Research";Yes;No;0,118;Q4;12;857;2772;31777;487;2771;0,18;37,08;32,41;0;China;Asiatic Region;"Publishing House of Chinese Journal of Tissue Engineering Research";"2007-2026";"Biomedical Engineering (Q4); Clinical Biochemistry (Q4); Orthopedics and Sports Medicine (Q4)";"Biochemistry, Genetics and Molecular Biology; Engineering; Medicine"
311;19868;"Journal de Traumatologie du Sport";journal;"17730465, 0762915X";"Elsevier Masson s.r.l.";No;No;0,118;Q4;11;53;98;1194;16;87;0,14;22,53;16,51;0;France;Western Europe;"Elsevier Masson s.r.l.";"2003-2026";"Orthopedics and Sports Medicine (Q4); Rehabilitation (Q4); Sports Science (Q4); Surgery (Q4)";"Health Professions; Medicine"
312;21101104871;"Reabilitacijos Mokslai: Slauga, Kineziterapija, Ergoterapija";journal;"25388673, 20293194";"Lithuanian Sports University";Yes;Yes;0,113;Q4;4;20;60;454;4;60;0,08;22,70;71,11;0;Lithuania;Eastern Europe;"Lithuanian Sports University";"2019-2025";"Orthopedics and Sports Medicine (Q4); Pediatrics, Perinatology and Child Health (Q4); Public Health, Environmental and Occupational Health (Q4); Rehabilitation (Q4)";"Medicine"
313;21101098811;"Extreme Medicine";journal;"27132757, 27132765";"Centre for Strategic Planning of the Federal Medical and Biological Agency";No;No;0,109;Q4;5;65;124;2425;19;122;0,18;37,31;50,85;0;Russian Federation;Eastern Europe;"Centre for Strategic Planning of the Federal Medical and Biological Agency";"2019-2025";"Genetics (clinical) (Q4); Immunology and Allergy (Q4); Infectious Diseases (Q4); Microbiology (medical) (Q4); Orthopedics and Sports Medicine (Q4); Public Health, Environmental and Occupational Health (Q4); Radiology, Nuclear Medicine and Imaging (Q4); Toxicology (Q4)";"Medicine; Pharmacology, Toxicology and Pharmaceutics"
314;21101079123;"Pamukkale Journal of Sport Sciences";journal;"13090356";"Pamukkale University";Yes;Yes;0,108;Q4;4;23;28;1105;6;28;0,16;48,04;43,86;0;Turkey;Middle East;"Pamukkale University";"2019-2025";"Education (Q4); Orthopedics and Sports Medicine (Q4); Physical Therapy, Sports Therapy and Rehabilitation (Q4)";"Health Professions; Medicine; Social Sciences"
315;28781;"Japanese Journal of Physical Fitness and Sports Medicine";journal;"0039906X";"Japanese Society of Physical Fitness and Sports Medicine";No;No;0,105;Q4;14;22;104;683;3;96;0,03;31,05;18,56;0;Japan;Asiatic Region;"Japanese Society of Physical Fitness and Sports Medicine";"1956, 1958-2026";"Orthopedics and Sports Medicine (Q4); Physical Therapy, Sports Therapy and Rehabilitation (Q4); Sports Science (Q4)";"Health Professions; Medicine"
316;16400154783;"Revue de Chirurgie Orthopedique et Traumatologique";journal;"18770517";"Elsevier Masson s.r.l.";No;No;0,105;Q4;50;282;828;6716;29;753;0,04;23,82;19,33;1;France;Western Europe;"Elsevier Masson s.r.l.";"2009-2026";"Orthopedics and Sports Medicine (Q4); Surgery (Q4)";"Medicine"
317;29939;"Bulletin of the Physical Fitness Research Institute";journal;"03899071";"Meiji Life Foundation of Health and Welfare";No;No;0,104;Q4;4;10;8;72;0;8;0,00;7,20;30,77;0;Japan;Asiatic Region;"Meiji Life Foundation of Health and Welfare";"1972, 1974-1982, 1984-2000, 2002-2023";"Orthopedics and Sports Medicine (Q4); Physiology (medical) (Q4); Public Health, Environmental and Occupational Health (Q4)";"Medicine"
318;21101170211;"European Journal of Musculoskeletal Diseases";journal;"20384106";"Biolife Publisher";No;No;0,102;Q4;11;66;63;2430;37;53;0,88;36,82;34,38;0;Italy;Western Europe;"Biolife Publisher";"2019-2026";"Biochemistry (Q4); Immunology (Q4); Internal Medicine (Q4); Molecular Biology (Q4); Orthopedics and Sports Medicine (Q4); Rheumatology (Q4)";"Biochemistry, Genetics and Molecular Biology; Immunology and Microbiology; Medicine"
319;29790;"Hokkaido Journal of Orthopaedics and Traumatology";journal;"13433873";"Hokkaido Orthopedic and Traumatic Surgery Society";No;No;0,102;Q4;2;0;19;0;0;19;0,00;0,00;0,00;0;Japan;Asiatic Region;"Hokkaido Orthopedic and Traumatic Surgery Society";"1998-2010, 2016-2017, 2019-2020";"Orthopedics and Sports Medicine (Q4); Surgery (Q4)";"Medicine"
320;19300157010;"Actualizaciones en Osteologia";journal;"16698975, 16698983";"Asociacion Argentina de Osteologia y Metabolismo Mineral";No;No;0,101;Q4;8;14;51;338;3;39;0,08;24,14;59,18;0;Argentina;Latin America;"Asociacion Argentina de Osteologia y Metabolismo Mineral";"2009-2025";"Endocrinology, Diabetes and Metabolism (Q4); Medicine (miscellaneous) (Q4); Orthopedics and Sports Medicine (Q4); Radiology, Nuclear Medicine and Imaging (Q4)";"Medicine"
321;21101180704;"Balneo and PRM Research Journal";journal;"27348458, 2734844X";"Romanian Association of Balneology";Yes;No;;-;11;110;115;4576;80;115;0,70;41,60;55,53;0;Romania;Eastern Europe;"Romanian Association of Balneology";"2021-2025";"Orthopedics and Sports Medicine; Physical Therapy, Sports Therapy and Rehabilitation; Rheumatology";"Health Professions; Medicine"
322;21101185617;"Biomechanics (Switzerland)";journal;"26737078";"Multidisciplinary Digital Publishing Institute (MDPI)";Yes;No;;-;13;45;77;2055;116;75;1,51;45,67;26,26;1;Switzerland;Western Europe;"Multidisciplinary Digital Publishing Institute (MDPI)";"2021-2025";"Biomedical Engineering; Orthopedics and Sports Medicine; Rehabilitation";"Engineering; Medicine"
323;21101343519;"Chinese Journal of Bone and Joint Surgery";journal;"20959958";"Peking Union Medical College Press";No;No;;-;5;171;331;5484;35;329;0,11;32,07;29,07;0;China;Asiatic Region;"Peking Union Medical College Press";"2021-2025";"Orthopedics and Sports Medicine";"Medicine"
324;21101313379;"Chinese Journal of Hand Surgery";journal;"1005054X";"Chinese Medical Journals Publishing House Co.Ltd";No;No;;-;3;110;178;1700;22;177;0,12;15,45;28,60;0;China;Asiatic Region;"Chinese Medical Journals Publishing House Co.Ltd";"2021-2025";"History; Orthopedics and Sports Medicine; Surgery";"Arts and Humanities; Medicine"
325;21101248203;"Chinese Journal of Rheumatology";journal;"10077480";"Chinese Medical Journals Publishing House Co.Ltd";No;No;;-;3;53;260;1383;21;260;0,07;26,09;49,32;0;China;Asiatic Region;"Chinese Medical Journals Publishing House Co.Ltd";"2020-2025";"Immunology and Allergy; Medicine (miscellaneous); Orthopedics and Sports Medicine";"Medicine"
326;21101242004;"Chinese Journal of Trauma";journal;"10018050";"Chinese Medical Journals Publishing House Co.Ltd";No;No;;-;6;142;512;6386;85;512;0,17;44,97;28,33;0;China;Asiatic Region;"Chinese Medical Journals Publishing House Co.Ltd";"2020-2026";"Emergency Medicine; Orthopedics and Sports Medicine; Surgery";"Medicine"
327;21101247456;"Clinical and Translational Metabolism";journal;"29482445, 29482437";"Springer";No;No;;-;35;3;15;240;20;15;0,50;80,00;45,45;0;United States;Northern America;"Springer";"2024-2026";"Endocrinology; Endocrinology, Diabetes and Metabolism; Orthopedics and Sports Medicine";"Biochemistry, Genetics and Molecular Biology; Medicine"
328;21101210509;"Clinics in Shoulder and Elbow";journal;"23838337, 22888721";"Korean Shoulder and Elbow Society";Yes;Yes;;-;10;63;0;1752;0;0;0,00;27,81;15,85;0;South Korea;Asiatic Region;"Korean Shoulder and Elbow Society";"2023-2025";"Biochemistry, Genetics and Molecular Biology (miscellaneous); Bioengineering; Orthopedics and Sports Medicine; Physical Therapy, Sports Therapy and Rehabilitation";"Biochemistry, Genetics and Molecular Biology; Chemical Engineering; Health Professions; Medicine"
329;21101224877;"Croatian Sports Medicine Journal";journal;"03540766";"Croatian Olympic Committee";No;No;;-;2;6;35;235;3;35;0,00;39,17;46,67;0;Croatia;Eastern Europe;"Croatian Olympic Committee";"2020-2025";"Orthopedics and Sports Medicine; Physiology (medical); Public Health, Environmental and Occupational Health";"Medicine"
330;21101316723;"International Journal of Sport Studies for Health";journal;"25885782";"KMAN Publication Inc.";No;No;;-;8;16;30;473;51;29;1,70;29,56;25,58;0;Canada;Northern America;"KMAN Publication Inc.";"2021-2026";"Orthopedics and Sports Medicine; Physical Therapy, Sports Therapy and Rehabilitation; Social Sciences (miscellaneous)";"Health Professions; Medicine; Social Sciences"
331;21101185425;"Journal of Kinesiology and Exercise Sciences";journal;"29564581";"Akademia Wychowania Fizycznego im. Bronislawa Czecha w Krakowie";Yes;Yes;;-;4;21;0;770;0;0;0,00;36,67;47,87;0;Poland;Eastern Europe;"Akademia Wychowania Fizycznego im. Bronislawa Czecha w Krakowie";"2023-2025";"Orthopedics and Sports Medicine; Physical Therapy, Sports Therapy and Rehabilitation";"Health Professions; Medicine"
332;21101196040;"Journal of Korean Society of Spine Surgery";journal;"20934378, 20934386";"Korean Society of Spine Surgery";Yes;No;;-;2;23;61;610;1;61;0,00;26,52;22,78;0;South Korea;Asiatic Region;"Korean Society of Spine Surgery";"2001, 2019-2025";"Orthopedics and Sports Medicine; Surgery";"Medicine"
333;21101329147;"Journal of Orthopedic and Spine Trauma";journal;"25382330, 25384600";"Tehran University of Medical Sciences";Yes;No;;-;3;50;40;1133;15;32;0,38;22,66;16,11;0;Iran;Middle East;"Tehran University of Medical Sciences";"2022-2025";"Orthopedics and Sports Medicine; Physical Therapy, Sports Therapy and Rehabilitation; Surgery";"Health Professions; Medicine"
334;21101274733;"Journal of Shoulder and Elbow Arthroplasty";journal;"24715492";"SAGE Publications Ltd";Yes;No;;-;11;26;32;784;57;32;1,78;30,15;25,00;1;United Kingdom;Western Europe;"SAGE Publications Ltd";"2021-2025";"Orthopedics and Sports Medicine; Surgery";"Medicine"
335;21101259014;"Journal of Sport Biomechanics";journal;"24765937, 24764906";"";Yes;Yes;;-;4;24;69;675;23;69;0,28;28,13;31,82;0;Iran;Middle East;"";"2020-2026";"Human Factors and Ergonomics; Orthopedics and Sports Medicine; Physical Therapy, Sports Therapy and Rehabilitation";"Health Professions; Medicine; Social Sciences"
336;21101309424;"Journal of the Pediatric Orthopaedic Society of North America";journal;"27682765";"Elsevier B.V.";Yes;No;;-;8;119;274;2578;77;225;0,22;21,66;38,94;0;Netherlands;Western Europe;"Elsevier B.V.";"2019-2026";"Orthopedics and Sports Medicine; Pediatrics, Perinatology and Child Health; Rehabilitation; Surgery";"Medicine"
337;21101295954;"Journal Orthopaedi and Traumatology Surabaya";journal;"24608742, 2722712X";"Airlangga University";Yes;No;;-;2;12;23;246;1;23;0,04;20,50;29,17;0;Indonesia;Asiatic Region;"Airlangga University";"2021-2025";"Biomaterials; Biomedical Engineering; Orthopedics and Sports Medicine";"Engineering; Materials Science; Medicine"
338;21101251364;"JSAMS Plus";journal;"27726967";"Elsevier B.V.";Yes;No;;-;7;27;9;727;7;8;0,78;26,93;41,67;0;Netherlands;Western Europe;"Elsevier B.V.";"2022-2026";"Orthopedics and Sports Medicine";"Medicine"
339;21101185490;"Orthopaedics, Traumatology and Prosthetics";journal;"25181882, 00305987";"Sytenko Institute of Spine and Joint Pathology National Ukrainian Academy of Medical Sciences";No;No;;-;4;58;38;1492;14;37;0,37;25,72;28,83;0;Ukraine;Eastern Europe;"Sytenko Institute of Spine and Joint Pathology National Ukrainian Academy of Medical Sciences";"1955-1991, 2022-2025";"Orthopedics and Sports Medicine; Surgery";"Medicine"
340;21101260628;"Orthopedic Journal of China";journal;"10058478";"";No;No;;-;8;460;481;11067;84;481;0,17;24,06;27,56;0;China;Asiatic Region;"";"2022-2025";"Orthopedics and Sports Medicine";"Medicine"
341;21101157701;"Orthoplastic Surgery";journal;"2666769X";"Wolters Kluwer Medknow Publications";No;No;;-;7;20;71;682;30;63;0,38;34,10;20,83;0;United Kingdom;Western Europe;"Wolters Kluwer Medknow Publications";"2020-2024";"Orthopedics and Sports Medicine; Surgery";"Medicine"
342;21101235913;"OTA International";journal;"25742167";"Wolters Kluwer Health";Yes;No;;-;16;70;166;2118;261;160;1,31;30,26;22,35;0;United Kingdom;Western Europe;"Wolters Kluwer Health";"2020-2026";"Orthopedics and Sports Medicine; Surgery";"Medicine"
343;21101222840;"Physical Treatments";journal;"24235830";"University of Social Welfare and Rehabilitation Sciences";Yes;Yes;;-;6;29;84;1069;43;82;0,50;36,86;47,50;0;Iran;Middle East;"University of Social Welfare and Rehabilitation Sciences";"2020-2026";"Orthopedics and Sports Medicine; Physical Therapy, Sports Therapy and Rehabilitation; Rehabilitation";"Health Professions; Medicine"
344;21101259012;"Research in Sport Education and Sciences";journal;"28223527";"Ataturk Universitesi";Yes;Yes;;-;2;19;115;509;9;114;0,07;26,79;26,53;0;Turkey;Middle East;"Ataturk Universitesi";"2020-2025";"Orthopedics and Sports Medicine; Physical Therapy, Sports Therapy and Rehabilitation";"Health Professions; Medicine"
345;19917;"Revista Brasileira de Medicina do Esporte (discontinued)";journal;"15178692";"Redprint Editora Ltda";Yes;No;;-;35;428;537;4824;228;531;0,34;11,27;35,16;3;Brazil;Latin America;"Redprint Editora Ltda";"2003-2023";"Orthopedics and Sports Medicine; Physical Therapy, Sports Therapy and Rehabilitation; Sports Science";"Health Professions; Medicine"
346;21101239982;"Travma";journal;"16081706, 23071397";"Zaslavsky Publishing House";No;No;;-;4;35;150;835;21;150;0,19;23,86;21,74;0;Ukraine;Eastern Europe;"Zaslavsky Publishing House";"2020-2025";"Orthopedics and Sports Medicine";"Medicine"
