Rank;Sourceid;Title;Type;Issn;Publisher;Open Access;Open Access Diamond;SJR;SJR Quartile;H index;Total Docs. (2022);Total Docs. (3years);Total Refs.;Total Citations (3years);Citable Docs. (3years);Citations / Doc. (2years);Ref. / Doc.;%Female;Overton;Country;Region;Publisher;Coverage;Categories;Areas
1;19700170231;"Criminology and Public Policy";journal;"17459133, 15386473";"Wiley-Blackwell Publishing Ltd";No;No;1,737;Q1;57;35;135;2979;636;124;4,35;85,11;41,77;15;United Kingdom;Western Europe;"Wiley-Blackwell Publishing Ltd";"2006-2007, 2009, 2012-2026";"Law (Q1); Literature and Literary Theory (Q1); Public Administration (Q1)";"Arts and Humanities; Social Sciences"
2;144973;"Men and Masculinities";journal;"15526828, 1097184X";"SAGE Publications Inc.";No;No;1,397;Q1;82;39;144;2093;507;136;2,77;53,67;59,15;0;United States;Northern America;"SAGE Publications Inc.";"1998-2026";"Gender Studies (Q1); History (Q1); Literature and Literary Theory (Q1); Sociology and Political Science (Q1)";"Arts and Humanities; Social Sciences"
3;17409;"Poetics";journal;"0304422X";"Elsevier B.V.";No;No;1,173;Q1;86;80;157;5364;399;154;2,44;67,05;48,98;9;Netherlands;Western Europe;"Elsevier B.V.";"1971-2026";"Communication (Q1); Cultural Studies (Q1); Linguistics and Language (Q1); Literature and Literary Theory (Q1); Sociology and Political Science (Q1)";"Arts and Humanities; Social Sciences"
4;25642;"Perspectives: Studies in Translation Theory and Practice";journal;"0907676X, 17476623";"Routledge";No;No;1,066;Q1;45;65;170;2706;348;161;1,77;41,63;66,67;0;United Kingdom;Western Europe;"Routledge";"1996-2026";"Cultural Studies (Q1); Linguistics and Language (Q1); Literature and Literary Theory (Q1)";"Arts and Humanities; Social Sciences"
5;21100217021;"Journal of Writing Research";journal;"22943307, 20301006";"University of Antwerp";Yes;Yes;1,059;Q1;37;12;51;873;186;51;4,12;72,75;65,00;0;Belgium;Western Europe;"University of Antwerp";"2008-2026";"Education (Q1); Linguistics and Language (Q1); Literature and Literary Theory (Q1)";"Arts and Humanities; Social Sciences"
6;144794;"Written Communication";journal;"07410883, 15528472";"SAGE Publications Inc.";No;No;0,916;Q1;70;24;52;1483;161;51;2,76;61,79;52,27;2;United States;Northern America;"SAGE Publications Inc.";"1984-2026";"Communication (Q1); Literature and Literary Theory (Q1)";"Arts and Humanities; Social Sciences"
7;21100820630;"Translation Spaces (The Netherlands)";journal;"22113711, 2211372X";"John Benjamins Publishing Company";No;No;0,848;Q1;24;14;44;700;110;43;2,97;50,00;43,48;1;Netherlands;Western Europe;"John Benjamins Publishing Company";"2016-2026";"Communication (Q1); Linguistics and Language (Q1); Literature and Literary Theory (Q1)";"Arts and Humanities; Social Sciences"
8;29346;"South Atlantic Quarterly";journal;"15278026, 00382876";"Duke University Press";No;No;0,697;Q1;58;48;184;1511;318;178;1,32;31,48;44,68;2;United States;Northern America;"Duke University Press";"1904-1905, 1907, 1912-1913, 1919, 1926, 1941, 1959-1960, 1962-1964, 1970-1971, 1973, 1977-1981, 1984, 1986-1987, 1999, 2001-2025";"Cultural Studies (Q1); Literature and Literary Theory (Q1); Sociology and Political Science (Q1)";"Arts and Humanities; Social Sciences"
9;6500153192;"Journal of Roman Studies";journal;"1753528X, 00754358";"Cambridge University Press";No;No;0,607;Q1;58;9;27;1128;43;27;1,24;125,33;27,27;0;United Kingdom;Western Europe;"Cambridge University Press";"1911-1922, 1924-2026";"Archeology (Q1); Archeology (arts and humanities) (Q1); Classics (Q1); History (Q1); Literature and Literary Theory (Q1); Visual Arts and Performing Arts (Q1)";"Arts and Humanities; Social Sciences"
10;21100829208;"Acta Linguistica Academica";journal;"25598201";"Akademiai Kiado ZRt.";No;No;0,592;Q1;16;28;67;1155;51;62;0,60;41,25;34,29;0;Hungary;Eastern Europe;"Akademiai Kiado ZRt.";"2017-2026";"Cultural Studies (Q1); Linguistics and Language (Q1); Literature and Literary Theory (Q1)";"Arts and Humanities; Social Sciences"
11;5700158829;"Empirical Studies of the Arts";journal;"15414493, 02762374";"SAGE Publications Inc.";No;No;0,575;Q1;25;17;44;724;91;42;1,03;42,59;56,82;1;United States;Northern America;"SAGE Publications Inc.";"1995, 2010-2026";"Literature and Literary Theory (Q1); Music (Q1); Visual Arts and Performing Arts (Q1)";"Arts and Humanities"
12;24052;"College Composition and Communication";journal;"0010096X, 19399006";"National Council of Teachers of English";No;No;0,568;Q1;45;45;75;1952;72;56;0,86;43,38;64,58;0;United States;Northern America;"National Council of Teachers of English";"1976, 2004-2025";"Linguistics and Language (Q1); Literature and Literary Theory (Q1); Education (Q2)";"Arts and Humanities; Social Sciences"
13;27733;"Latin American Research Review";journal;"00238791, 15424278";"Cambridge University Press";Yes;Yes;0,548;Q1;62;54;155;2262;178;144;0,84;41,89;43,42;5;United States;Northern America;"Cambridge University Press";"1965-2026";"Anthropology (Q1); Arts and Humanities (miscellaneous) (Q1); Cultural Studies (Q1); Economics, Econometrics and Finance (miscellaneous) (Q1); History (Q1); Literature and Literary Theory (Q1); Multidisciplinary (Q1); Political Science and International Relations (Q1); Sociology and Political Science (Q1); Development (Q2); Geography, Planning and Development (Q2)";"Arts and Humanities; Economics, Econometrics and Finance; Multidisciplinary; Social Sciences"
14;18542;"American Journal of Philology";journal;"10863168, 00029475";"Johns Hopkins University Press";No;No;0,519;Q1;36;26;63;1938;50;61;0,63;74,54;51,85;0;United States;Northern America;"Johns Hopkins University Press";"1972-1973, 1976, 1978-1980, 1985-1989, 1992-1993, 1995-1997, 2000-2025";"Classics (Q1); Cultural Studies (Q1); Linguistics and Language (Q1); Literature and Literary Theory (Q1)";"Arts and Humanities; Social Sciences"
15;19700173007;"Anales Cervantinos";journal;"05699878, 19888325";"CSIC Consejo Superior de Investigaciones Cientificas";Yes;Yes;0,484;Q1;8;33;33;1401;13;32;0,38;42,45;33,33;1;Spain;Western Europe;"CSIC Consejo Superior de Investigaciones Cientificas";"2009-2020, 2022-2024";"Linguistics and Language (Q1); Literature and Literary Theory (Q1)";"Arts and Humanities; Social Sciences"
16;19700200913;"Translation and Interpreting";journal;"18369324";"University of Western Sydneys";Yes;Yes;0,474;Q1;28;19;51;903;65;51;1,33;47,53;57,14;0;Australia;Pacific Region;"University of Western Sydneys";"2011-2025";"Linguistics and Language (Q1); Literature and Literary Theory (Q1)";"Arts and Humanities; Social Sciences"
17;19700200987;"Translation and Interpreting Studies";journal;"19322798, 18762700";"John Benjamins Publishing Company";No;No;0,462;Q1;24;23;76;1169;80;74;1,22;50,83;74,29;1;Netherlands;Western Europe;"John Benjamins Publishing Company";"2011-2026";"Linguistics and Language (Q1); Literature and Literary Theory (Q1)";"Arts and Humanities; Social Sciences"
18;21100945718;"Revista Tradumatica";journal;"15787559";"Universitat Autonoma de Barcelona";Yes;Yes;0,450;Q1;10;22;30;584;46;30;1,56;26,55;59,26;0;Spain;Western Europe;"Universitat Autonoma de Barcelona";"2019-2024, 2026";"Linguistics and Language (Q1); Literature and Literary Theory (Q1)";"Arts and Humanities; Social Sciences"
19;19700170279;"English in Education";journal;"17548845, 04250494";"Taylor and Francis Ltd.";No;No;0,447;Q1;29;35;87;1040;95;65;1,13;29,71;55,93;0;United Kingdom;Western Europe;"Taylor and Francis Ltd.";"1964-2026";"Linguistics and Language (Q1); Literature and Literary Theory (Q1); Education (Q2)";"Arts and Humanities; Social Sciences"
20;21100832763;"Brumal";journal;"20147910";"Universitat Autonoma de Barcelona";Yes;Yes;0,445;Q1;7;31;69;946;23;68;0,34;30,52;51,52;0;Spain;Western Europe;"Universitat Autonoma de Barcelona";"2017-2025";"Cultural Studies (Q1); Literature and Literary Theory (Q1); Visual Arts and Performing Arts (Q1); Communication (Q2)";"Arts and Humanities; Social Sciences"
21;5700159284;"Narrative";journal;"1538974X, 10633685";"Ohio State University Press";No;No;0,406;Q1;43;45;63;859;65;60;0,95;19,09;56,76;0;United States;Northern America;"Ohio State University Press";"2002-2025";"Literature and Literary Theory (Q1)";"Arts and Humanities"
22;16400154761;"Journal of Biblical Literature";journal;"19343876, 00219231";"Society of Biblical Literature";No;No;0,394;Q1;38;39;149;1832;99;141;0,63;46,97;34,15;0;United States;Northern America;"Society of Biblical Literature";"2001-2025";"Literature and Literary Theory (Q1); Religious Studies (Q1)";"Arts and Humanities"
23;5600155552;"Journal of African Cultural Studies";journal;"13696815, 14699346";"Routledge";No;No;0,390;Q1;26;39;130;1160;128;87;0,83;29,74;50,00;0;United Kingdom;Western Europe;"Routledge";"2009-2026";"Cultural Studies (Q1); Linguistics and Language (Q1); Literature and Literary Theory (Q1); Music (Q1); Visual Arts and Performing Arts (Q1)";"Arts and Humanities; Social Sciences"
24;4500151513;"Narrative Inquiry";journal;"15699935, 13876740";"John Benjamins Publishing Company";No;No;0,363;Q1;57;20;58;1026;74;57;1,25;51,30;71,43;0;Netherlands;Western Europe;"John Benjamins Publishing Company";"1998-2026";"History (Q1); Literature and Literary Theory (Q1); Social Sciences (miscellaneous) (Q2); Education (Q3)";"Arts and Humanities; Social Sciences"
25;21213;"Speculum";journal;"20408072, 00387134";"University of Chicago Press";No;No;0,362;Q1;33;18;54;7;53;48;1,14;0,39;51,85;0;United States;Northern America;"University of Chicago Press";"1926-1999, 2001-2026";"Cultural Studies (Q1); History (Q1); Literature and Literary Theory (Q1); Philosophy (Q1); Religious Studies (Q1); Visual Arts and Performing Arts (Q1)";"Arts and Humanities; Social Sciences"
26;18723;"Rhetoric Review";journal;"07350198, 15327981";"Routledge";No;No;0,361;Q1;22;20;83;869;41;83;0,32;43,45;76,19;0;United States;Northern America;"Routledge";"1982-2003, 2005-2026";"Linguistics and Language (Q1); Literature and Literary Theory (Q1)";"Arts and Humanities; Social Sciences"
27;21100202949;"New Voices in Translation Studies";journal;"18195644";"International Association of Translation and Intercultural Studies";No;No;0,359;Q1;12;19;21;950;15;21;0,85;50,00;71,43;0;South Korea;Asiatic Region;"International Association of Translation and Intercultural Studies";"2011-2025";"Linguistics and Language (Q1); Literature and Literary Theory (Q1)";"Arts and Humanities; Social Sciences"
28;145569;"L1 Educational Studies in Language and Literature";journal;"15731731, 15676617";"International Association for Research in L1 Education (ARLE)";Yes;Yes;0,356;Q1;23;24;97;1659;100;96;0,63;69,13;59,57;1;Belgium;Western Europe;"International Association for Research in L1 Education (ARLE)";"2001-2025";"Linguistics and Language (Q1); Literature and Literary Theory (Q1); Health Professions (miscellaneous) (Q2); Education (Q3); Psychology (miscellaneous) (Q3)";"Arts and Humanities; Health Professions; Psychology; Social Sciences"
29;5600155035;"Angelaki - Journal of the Theoretical Humanities";journal;"0969725X, 14692899";"Routledge";No;No;0,355;Q1;29;61;216;1967;147;182;0,32;32,25;40,32;0;United Kingdom;Western Europe;"Routledge";"1996-2026";"Cultural Studies (Q1); Literature and Literary Theory (Q1); Philosophy (Q1)";"Arts and Humanities; Social Sciences"
30;7200153102;"Vetus Testamentum";journal;"15685330, 00424935";"Brill Academic Publishers";No;No;0,352;Q1;27;43;173;2539;56;172;0,21;59,05;16,22;0;Netherlands;Western Europe;"Brill Academic Publishers";"1951, 1953-1963, 1965-2026";"History (Q1); Linguistics and Language (Q1); Literature and Literary Theory (Q1); Religious Studies (Q1)";"Arts and Humanities; Social Sciences"
31;5800207582;"Journal of Germanic Linguistics";journal;"14753014, 14705427";"Cambridge University Press";No;No;0,346;Q1;19;12;30;585;29;29;0,96;48,75;57,14;0;United Kingdom;Western Europe;"Cambridge University Press";"2001-2007, 2009-2025";"Linguistics and Language (Q1); Literature and Literary Theory (Q1)";"Arts and Humanities; Social Sciences"
32;5800207558;"International Journal of English Studies";journal;"15787044, 19896131";"Universidad de Murcia";Yes;No;0,340;Q1;17;13;49;590;47;49;0,80;45,38;58,82;0;Spain;Western Europe;"Universidad de Murcia";"2013-2025";"Cultural Studies (Q1); Linguistics and Language (Q1); Literature and Literary Theory (Q1); Education (Q3)";"Arts and Humanities; Social Sciences"
33;15558;"New Literary History";journal;"00286087, 1080661X";"Johns Hopkins University Press";No;No;0,340;Q1;51;21;120;1522;110;117;1,07;72,48;50,00;1;United States;Northern America;"Johns Hopkins University Press";"1983, 2002-2025";"Literature and Literary Theory (Q1)";"Arts and Humanities"
34;21101019622;"Studies in English Language and Education";journal;"24610275, 23552794";"Syiah Kuala University";Yes;No;0,340;Q1;19;75;147;3643;220;147;1,64;48,57;55,15;0;Indonesia;Asiatic Region;"Syiah Kuala University";"2019-2025";"Linguistics and Language (Q1); Literature and Literary Theory (Q1); Education (Q3)";"Arts and Humanities; Social Sciences"
35;5700156078;"Poetics Today";journal;"03335372";"Duke University Press";No;No;0,323;Q1;38;23;89;1427;79;88;0,65;62,04;65,52;1;United States;Northern America;"Duke University Press";"2002-2025";"Literature and Literary Theory (Q1)";"Arts and Humanities"
36;16200154721;"Journal for the Study of Judaism";journal;"15700631, 00472212";"Brill Academic Publishers";No;No;0,320;Q1;27;21;67;1495;35;65;0,47;71,19;27,27;0;Netherlands;Western Europe;"Brill Academic Publishers";"1970-1977, 1980-1988, 1990-2026";"History (Q1); Literature and Literary Theory (Q1); Religious Studies (Q1)";"Arts and Humanities"
37;19700188158;"Research in Drama Education";journal;"1470112X, 13569783";"Routledge";No;No;0,318;Q1;24;40;155;1264;120;141;0,87;31,60;62,67;0;United States;Northern America;"Routledge";"1998, 2010-2026";"Literature and Literary Theory (Q1); Visual Arts and Performing Arts (Q1); Education (Q3)";"Arts and Humanities; Social Sciences"
38;16400154703;"Bulletin of the Comediantes";journal;"00075108";"Auburn University";Yes;No;0,315;Q1;8;64;31;1087;6;29;0,16;16,98;47,50;0;United States;Northern America;"Auburn University";"2002-2025";"Literature and Literary Theory (Q1)";"Arts and Humanities"
39;16300154792;"Revista de Literatura";journal;"19884192, 0034849X";"CSIC Consejo Superior de Investigaciones Cientificas";Yes;Yes;0,313;Q1;10;26;72;1019;29;72;0,23;39,19;33,33;0;Spain;Western Europe;"CSIC Consejo Superior de Investigaciones Cientificas";"1996-2025";"Literature and Literary Theory (Q1)";"Arts and Humanities"
40;144673;"Performance Measurement and Metrics";journal;"14678047";"Emerald Group Publishing Ltd.";No;No;0,312;Q1;27;5;42;165;44;41;1,00;33,00;60,00;0;United Kingdom;Western Europe;"Emerald Group Publishing Ltd.";"2000-2026";"Literature and Literary Theory (Q1); Library and Information Sciences (Q2)";"Arts and Humanities; Social Sciences"
41;18300156714;"GEMA Online Journal of Language Studies";journal;"16758021, 25502131";"Penerbit Universiti Kebangsaan Malaysia";Yes;No;0,309;Q1;22;60;164;2739;177;164;1,07;45,65;62,90;1;Malaysia;Asiatic Region;"Penerbit Universiti Kebangsaan Malaysia";"2009-2025";"Literature and Literary Theory (Q1); Linguistics and Language (Q2)";"Arts and Humanities; Social Sciences"
42;21100818509;"International Journal of Arabic-English Studies";journal;"16800982";"Librairie du Liban Publishers";No;No;0,309;Q1;10;36;77;1168;65;77;0,85;32,44;41,82;0;Lebanon;Middle East;"Librairie du Liban Publishers";"2014, 2016-2026";"Cultural Studies (Q1); Literature and Literary Theory (Q1); Linguistics and Language (Q2)";"Arts and Humanities; Social Sciences"
43;19900191944;"OCNOS";journal;"22549099, 1885446X";"Centro de Estudios de Promoción de la Lectura y Literatura Infantil, Universidad de Castilla-La Manc";Yes;Yes;0,304;Q1;18;20;72;823;70;72;1,06;41,15;64,00;4;Spain;Western Europe;"Centro de Estudios de Promoción de la Lectura y Literatura Infantil, Universidad de Castilla-La Manc";"2009-2026";"Literature and Literary Theory (Q1); Education (Q3); Social Psychology (Q3)";"Arts and Humanities; Psychology; Social Sciences"
44;21100456161;"a/b: Auto/Biography Studies";journal;"08989575, 21517290";"Routledge";No;No;0,302;Q1;13;55;103;1204;55;65;0,44;21,89;66,67;0;United Kingdom;Western Europe;"Routledge";"1985-1986, 1990-1992, 1997, 2001, 2006, 2011, 2015-2026";"Cultural Studies (Q1); History (Q1); Literature and Literary Theory (Q1)";"Arts and Humanities; Social Sciences"
45;21100860053;"eTropic";journal;"14482940";"James Cook University";Yes;Yes;0,300;Q1;10;29;59;1279;53;58;1,21;44,10;52,94;0;Australia;Pacific Region;"James Cook University";"2018-2025";"Cultural Studies (Q1); History (Q1); Literature and Literary Theory (Q1); Arts and Humanities (miscellaneous) (Q2); Social Sciences (miscellaneous) (Q2); Urban Studies (Q2)";"Arts and Humanities; Social Sciences"
46;21101000295;"Metacritic Journal for Comparative Studies and Theory";journal;"24578827";"Babes-Bolyai University of Cluj, Faculty of Letters";Yes;Yes;0,295;-;6;23;79;565;45;79;0,82;24,57;33,33;0;Romania;Eastern Europe;"Babes-Bolyai University of Cluj, Faculty of Letters";"2019-2025";"Arts and Humanities (miscellaneous) (Q2); Social Sciences (miscellaneous) (Q2)";"Arts and Humanities; Social Sciences"
47;21101012573;"Vestnik Novosibirskogo Gosudarstvennogo Universiteta, Seriya: Istoriya, Filologiya";journal;"18187919";"Novosibirsk State Technical University";Yes;Yes;0,289;Q1;7;129;431;2951;87;431;0,25;22,88;53,08;0;Russian Federation;Eastern Europe;"Novosibirsk State Technical University";"2019-2025";"Cultural Studies (Q1); History (Q1); Literature and Literary Theory (Q1); Anthropology (Q2); Archeology (Q2); Archeology (arts and humanities) (Q2); Linguistics and Language (Q2)";"Arts and Humanities; Social Sciences"
48;28156;"American Literature";journal;"15272117, 00029831";"Duke University Press";No;No;0,287;Q1;24;30;76;1647;55;76;0,49;54,90;37,14;0;United States;Northern America;"Duke University Press";"1968-1969, 1981, 1983, 1985-1986, 2000, 2002-2025";"Literature and Literary Theory (Q1)";"Arts and Humanities"
49;15466;"Neophilologus";journal;"15728668, 00282677";"Springer Netherlands";No;No;0,286;Q1;14;40;119;1757;35;117;0,31;43,93;44,19;0;Netherlands;Western Europe;"Springer Netherlands";"1916-1946, 1948-2002, 2004-2026";"Literature and Literary Theory (Q1); Linguistics and Language (Q2)";"Arts and Humanities; Social Sciences"
50;19700200922;"3L: Language, Linguistics, Literature";journal;"01285157, 25502247";"Penerbit Universiti Kebangsaan Malaysia";Yes;No;0,283;Q1;23;64;156;2500;134;156;0,86;39,06;48,41;0;Malaysia;Asiatic Region;"Penerbit Universiti Kebangsaan Malaysia";"2008-2025";"Literature and Literary Theory (Q1); Linguistics and Language (Q2)";"Arts and Humanities; Social Sciences"
51;16200154798;"Novel";journal;"00295132";"Duke University Press";No;No;0,283;Q1;22;21;58;823;20;56;0,30;39,19;43,48;0;United States;Northern America;"Duke University Press";"2002-2007, 2009-2025";"Literature and Literary Theory (Q1)";"Arts and Humanities"
52;21100922993;"FORUM (The Netherlands)";journal;"15987647, 2451909X";"John Benjamins Publishing Company";No;No;0,281;Q1;5;23;34;759;12;34;0,19;33,00;43,33;0;Netherlands;Western Europe;"John Benjamins Publishing Company";"2019-2026";"Literature and Literary Theory (Q1); Linguistics and Language (Q2)";"Arts and Humanities; Social Sciences"
53;13000154718;"Revista Signos";journal;"00350451, 07180934";"Ediciones Universitarias de Valparaiso";Yes;Yes;0,281;Q1;23;43;135;2295;99;132;0,75;53,37;64,77;0;Chile;Latin America;"Ediciones Universitarias de Valparaiso";"2007-2025";"Literature and Literary Theory (Q1); Linguistics and Language (Q2)";"Arts and Humanities; Social Sciences"
54;5800207537;"Language and Literature";journal;"09639470, 14617293";"SAGE Publications Ltd";No;No;0,278;Q1;43;26;60;1211;84;58;1,20;46,58;73,53;0;United Kingdom;Western Europe;"SAGE Publications Ltd";"1996-2026";"Literature and Literary Theory (Q1); Linguistics and Language (Q2)";"Arts and Humanities; Social Sciences"
55;19900191815;"Proceedings of the Royal Irish Academy, Section C: Archaeology, Celtic Studies, History, Linguistics and Literature";journal;"20090048, 00358991";"Royal Irish Academy";No;No;0,278;Q1;12;15;40;1029;27;37;0,93;68,60;16,67;0;Ireland;Western Europe;"Royal Irish Academy";"1977, 1987, 2001, 2010-2025";"Cultural Studies (Q1); History (Q1); Literature and Literary Theory (Q1); Archeology (Q2); Archeology (arts and humanities) (Q2)";"Arts and Humanities; Social Sciences"
56;145077;"Children's Literature in Education";journal;"15731693, 00456713";"Springer Science and Business Media B.V.";No;No;0,277;Q1;28;34;97;1627;57;94;0,58;47,85;80,43;0;Netherlands;Western Europe;"Springer Science and Business Media B.V.";"1970-2002, 2005-2026";"Literature and Literary Theory (Q1); Linguistics and Language (Q2); Education (Q3)";"Arts and Humanities; Social Sciences"
57;21101046167;"Journal of Cultural Analytics";journal;"23714549";"Department of Languages, Literatures, and Cultures, McGill University";Yes;Yes;0,277;Q1;13;23;76;1043;85;59;1,10;45,35;43,48;0;Canada;Northern America;"Department of Languages, Literatures, and Cultures, McGill University";"2019-2025";"History (Q1); Literature and Literary Theory (Q1); Arts and Humanities (miscellaneous) (Q2); Computer Science (miscellaneous) (Q3)";"Arts and Humanities; Computer Science"
58;21100793182;"Anuario Lope de Vega";journal;"20148860";"Universitat Autonoma de Barcelona";Yes;Yes;0,275;Q1;8;18;56;694;17;56;0,40;38,56;38,89;0;Spain;Western Europe;"Universitat Autonoma de Barcelona";"2015-2026";"Literature and Literary Theory (Q1); Linguistics and Language (Q2)";"Arts and Humanities; Social Sciences"
59;19700169822;"Ikala";journal;"01233432";"Universidad de Antioquia";Yes;Yes;0,273;Q1;15;42;117;2155;114;117;0,89;51,31;63,86;1;Colombia;Latin America;"Universidad de Antioquia";"2013-2025";"Cultural Studies (Q1); Literature and Literary Theory (Q1); Linguistics and Language (Q2); Education (Q3)";"Arts and Humanities; Social Sciences"
60;19900191991;"Signa";journal;"22549307, 11333634";"Universidad Nacional de Educacion a Distancia (UNED)";Yes;Yes;0,272;Q1;9;43;121;1541;29;119;0,16;35,84;40,00;0;Spain;Western Europe;"Universidad Nacional de Educacion a Distancia (UNED)";"2010-2026";"Literature and Literary Theory (Q1); Communication (Q2); Linguistics and Language (Q2)";"Arts and Humanities; Social Sciences"
61;11600153457;"Spanish in Context";journal;"15710718, 15710726";"John Benjamins Publishing Company";No;No;0,270;Q1;25;22;61;935;46;60;0,65;42,50;46,67;0;Netherlands;Western Europe;"John Benjamins Publishing Company";"2004-2025";"Literature and Literary Theory (Q1); Linguistics and Language (Q2)";"Arts and Humanities; Social Sciences"
62;5600153617;"Irish Studies Review";journal;"14699303, 09670882";"Routledge";No;No;0,269;Q1;15;27;81;955;36;78;0,49;35,37;43,75;1;United Kingdom;Western Europe;"Routledge";"1992-2002, 2010-2025";"Cultural Studies (Q1); History (Q1); Literature and Literary Theory (Q1); Sociology and Political Science (Q2)";"Arts and Humanities; Social Sciences"
63;21101064806;"Mongolian Studies";journal;"25001523, 27128059";"Kalmyk Scientific Centre of Russian Academy of Sciences";Yes;Yes;0,268;Q1;4;56;164;1726;20;164;0,14;30,82;56,25;0;Russian Federation;Eastern Europe;"Kalmyk Scientific Centre of Russian Academy of Sciences";"2016-2025";"Cultural Studies (Q1); History (Q1); Literature and Literary Theory (Q1); Anthropology (Q2); Arts and Humanities (miscellaneous) (Q2); Linguistics and Language (Q2); Social Sciences (miscellaneous) (Q3)";"Arts and Humanities; Social Sciences"
64;21100821147;"Quaestio Rossica";journal;"2311911X, 23136871";"Ural Federal University";Yes;Yes;0,262;Q1;9;117;286;3007;52;279;0,19;25,70;48,92;0;Russian Federation;Eastern Europe;"Ural Federal University";"2013-2025";"Cultural Studies (Q1); History (Q1); Literature and Literary Theory (Q1); Visual Arts and Performing Arts (Q1); Linguistics and Language (Q2)";"Arts and Humanities; Social Sciences"
65;5800155978;"Slavisticna Revija";journal;"03506894, 18557570";"Slavisticna Drustvo Slovenije";Yes;Yes;0,262;Q1;11;52;127;1202;34;125;0,22;23,12;58,18;0;Slovenia;Eastern Europe;"Slavisticna Drustvo Slovenije";"2008-2025";"Literature and Literary Theory (Q1); Linguistics and Language (Q2)";"Arts and Humanities; Social Sciences"
66;21100896853;"Small Axe";journal;"15346714, 07990537";"Duke University Press";No;No;0,261;Q1;11;43;130;1431;49;118;0,38;33,28;52,50;0;United States;Northern America;"Duke University Press";"2018-2025";"Cultural Studies (Q1); Literature and Literary Theory (Q1); Sociology and Political Science (Q3)";"Arts and Humanities; Social Sciences"
67;21101022481;"Vestnik Sankt-Peterburgskogo Universiteta, Yazyk i Literatura";journal;"25419366, 25419358";"Saint Petersburg State University";No;No;0,261;Q1;8;49;140;1234;34;140;0,31;25,18;69,44;0;Russian Federation;Eastern Europe;"Saint Petersburg State University";"2017-2025";"Literature and Literary Theory (Q1); Linguistics and Language (Q2)";"Arts and Humanities; Social Sciences"
68;21101032142;"International Journal of Language Education";journal;"25488457, 25488465";"Universitas Negeri Makassar- Faculty of Languages and Literature";No;No;0,260;Q1;18;35;100;1352;113;100;1,16;38,63;47,95;0;Indonesia;Asiatic Region;"Universitas Negeri Makassar- Faculty of Languages and Literature";"2017-2025";"Literature and Literary Theory (Q1); Linguistics and Language (Q2); Education (Q3)";"Arts and Humanities; Social Sciences"
69;6500153169;"Sartre Studies International";journal;"13571559, 15585476";"Berghahn Journals";No;No;0,258;Q1;5;11;42;458;20;38;0,20;41,64;55,56;0;United Kingdom;Western Europe;"Berghahn Journals";"2017-2025";"Literature and Literary Theory (Q1); Philosophy (Q2)";"Arts and Humanities"
70;5700153989;"Semiotica";journal;"00371998, 16133692";"De Gruyter Mouton";Yes;Yes;0,258;Q1;47;72;261;3044;200;257;0,84;42,28;31,31;1;Germany;Western Europe;"De Gruyter Mouton";"1969-2026";"Literature and Literary Theory (Q1); Linguistics and Language (Q2)";"Arts and Humanities; Social Sciences"
71;21100390172;"Language and Dialogue";journal;"22104127, 22104119";"John Benjamins Publishing Company";No;No;0,254;Q1;17;23;65;1096;31;59;0,36;47,65;75,00;0;Netherlands;Western Europe;"John Benjamins Publishing Company";"2011-2026";"Cultural Studies (Q1); Literature and Literary Theory (Q1); Linguistics and Language (Q2)";"Arts and Humanities; Social Sciences"
72;5600153217;"Journal of Islamic Studies";journal;"09552340, 14716917";"Oxford University Press";No;No;0,252;Q1;19;7;27;607;31;27;0,89;86,71;12,50;0;United Kingdom;Western Europe;"Oxford University Press";"1990-1996, 2000, 2004, 2007-2026";"Cultural Studies (Q1); History (Q1); Literature and Literary Theory (Q1); Religious Studies (Q1)";"Arts and Humanities; Social Sciences"
73;5800207532;"Keel ja Kirjandus";journal;"23466014, 01311441";"Foundation Kultuurileht";Yes;Yes;0,252;Q1;10;54;166;2373;42;143;0,30;43,94;67,61;1;Estonia;Eastern Europe;"Foundation Kultuurileht";"2013-2025";"Cultural Studies (Q1); Literature and Literary Theory (Q1); Linguistics and Language (Q2)";"Arts and Humanities; Social Sciences"
74;5800219327;"Boletin de Filologia";journal;"07189303, 00679674";"Universidad de Chile";Yes;Yes;0,250;Q1;15;36;88;1578;45;87;0,56;43,83;61,22;0;Chile;Latin America;"Universidad de Chile";"2014-2025";"History (Q1); Literature and Literary Theory (Q1); Linguistics and Language (Q2)";"Arts and Humanities; Social Sciences"
75;21100780471;"Asian Studies";journal;"22325131, 23504226";"University of Ljubljana Press";Yes;Yes;0,248;Q1;12;48;102;2223;83;95;0,99;46,31;33,33;1;Slovenia;Eastern Europe;"University of Ljubljana Press";"2013-2026";"Cultural Studies (Q1); History (Q1); Literature and Literary Theory (Q1); Philosophy (Q2); Sociology and Political Science (Q3)";"Arts and Humanities; Social Sciences"
76;19900192579;"Cultura, Lenguaje y Representacion";journal;"23404981, 16977750";"Universitat Jaume I";Yes;Yes;0,246;Q1;11;23;67;950;40;67;0,67;41,30;55,17;1;Spain;Western Europe;"Universitat Jaume I";"2011-2025";"Cultural Studies (Q1); Literature and Literary Theory (Q1); Linguistics and Language (Q2); Communication (Q3)";"Arts and Humanities; Social Sciences"
77;19700201330;"Anthropology and Humanism";journal;"15481409, 15599167";"John Wiley and Sons Ltd";No;No;0,245;Q1;25;44;98;746;42;74;0,49;16,95;71,88;0;United Kingdom;Western Europe;"John Wiley and Sons Ltd";"1993-2026";"Literature and Literary Theory (Q1); Anthropology (Q2); Philosophy (Q2)";"Arts and Humanities; Social Sciences"
78;21600;"Studies in East European Thought";journal;"15730948, 09259392";"Springer Netherlands";No;No;0,245;Q1;14;46;83;947;25;74;0,37;20,59;52,63;1;Netherlands;Western Europe;"Springer Netherlands";"1993-2026";"Cultural Studies (Q1); Literature and Literary Theory (Q1); Law (Q2); Philosophy (Q2); Social Sciences (miscellaneous) (Q3)";"Arts and Humanities; Social Sciences"
79;14403;"Victorian Studies";journal;"15272052, 00425222";"Indiana University Press";No;No;0,245;Q1;32;46;72;869;65;63;1,06;18,89;64,29;0;United States;Northern America;"Indiana University Press";"1969-1972, 1976-1978, 1980-1982, 1984-1986, 1988, 1990-1992, 1995, 1999, 2001-2025";"Cultural Studies (Q1); History (Q1); Literature and Literary Theory (Q1); Visual Arts and Performing Arts (Q1); Philosophy (Q2); Sociology and Political Science (Q3)";"Arts and Humanities; Social Sciences"
80;28889;"Journal of Hellenic Studies";journal;"00754269, 20414099";"Cambridge University Press";No;No;0,242;Q1;44;14;35;1385;22;34;0,55;98,93;33,33;0;United Kingdom;Western Europe;"Cambridge University Press";"1880-1891, 1893-2025";"Classics (Q1); Literature and Literary Theory (Q1); Visual Arts and Performing Arts (Q1); Archeology (Q2); Archeology (arts and humanities) (Q2); Linguistics and Language (Q2)";"Arts and Humanities; Social Sciences"
81;21100775930;"Vestnik Tomskogo Gosudarstvennogo Universiteta, Filologiya";journal;"19986645, 23105046";"Tomsk State University";Yes;No;0,242;Q1;9;87;305;3406;62;305;0,18;39,15;72,57;0;Russian Federation;Eastern Europe;"Tomsk State University";"2015-2025";"Literature and Literary Theory (Q1); Linguistics and Language (Q2)";"Arts and Humanities; Social Sciences"
82;16100154781;"Irish University Review";journal;"00211427, 20472153";"Edinburgh University Press";No;No;0,239;Q1;13;26;83;1140;34;80;0,40;43,85;66,67;1;United Kingdom;Western Europe;"Edinburgh University Press";"2002-2025";"Literature and Literary Theory (Q1)";"Arts and Humanities"
83;19700187710;"Journal of Postcolonial Writing";journal;"17449863, 17449855";"Routledge";No;No;0,239;Q1;25;66;209;2016;86;167;0,41;30,55;60,71;0;United Kingdom;Western Europe;"Routledge";"2005-2026";"Literature and Literary Theory (Q1)";"Arts and Humanities"
84;16400154760;"Critique - Studies in Contemporary Fiction";journal;"00111619, 19399138";"Routledge";No;No;0,237;Q1;22;48;144;1647;81;143;0,47;34,31;39,13;0;United States;Northern America;"Routledge";"1956-2026";"Literature and Literary Theory (Q1)";"Arts and Humanities"
85;21100945293;"Journal of World Literature";journal;"24056472, 24056480";"Brill Academic Publishers";No;No;0,237;Q1;12;35;199;1072;156;188;0,74;30,63;40,63;0;Netherlands;Western Europe;"Brill Academic Publishers";"2016, 2019-2026";"Literature and Literary Theory (Q1)";"Arts and Humanities"
86;5700169125;"Style";journal;"00394238";"Penn State University Press";No;No;0,236;Q1;28;18;102;660;71;96;0,81;36,67;14,29;0;United States;Northern America;"Penn State University Press";"2002-2025";"Literature and Literary Theory (Q1)";"Arts and Humanities"
87;18615;"Renaissance Quarterly";journal;"19350236, 00344338";"University of Chicago Press";No;No;0,233;Q1;29;20;237;2219;42;236;0,13;110,95;52,38;0;United States;Northern America;"University of Chicago Press";"1967-1969, 1971-1972, 1975-1979, 1981-1985, 1987-1991, 1993-1994, 1996, 1998-2025";"History (Q1); Literature and Literary Theory (Q1); Visual Arts and Performing Arts (Q1)";"Arts and Humanities"
88;16100154792;"Cambridge Classical Journal";journal;"17502705, 2047993X";"Cambridge University Press";No;No;0,231;Q1;17;11;23;769;13;23;0,50;69,91;11,11;0;United Kingdom;Western Europe;"Cambridge University Press";"1884, 1957, 2002-2025";"Classics (Q1); Literature and Literary Theory (Q1); Linguistics and Language (Q2)";"Arts and Humanities; Social Sciences"
89;14000155876;"Life Writing";journal;"14484528, 17512964";"Routledge";No;No;0,231;Q1;17;35;114;1357;46;104;0,36;38,77;66,67;0;United Kingdom;Western Europe;"Routledge";"2004-2026";"Literature and Literary Theory (Q1)";"Arts and Humanities"
90;21101021486;"Journal of Mekong Societies";journal;"26976056, 16866541";"Khon Kaen University";No;No;0,227;Q1;7;28;59;1016;38;59;0,71;36,29;51,28;0;Thailand;Asiatic Region;"Khon Kaen University";"2019-2025";"History (Q1); Literature and Literary Theory (Q1); Religious Studies (Q1); Anthropology (Q2); Cultural Studies (Q2); History and Philosophy of Science (Q2); Development (Q3)";"Arts and Humanities; Social Sciences"
91;16200154735;"Studies in the Age of Chaucer";journal;"19490755, 01902407";"New Chaucer Society";No;No;0,227;Q1;16;42;33;1239;16;33;0,52;29,50;64,86;0;United States;Northern America;"New Chaucer Society";"1997, 2002-2025";"History (Q1); Literature and Literary Theory (Q1); Cultural Studies (Q2)";"Arts and Humanities; Social Sciences"
92;6000170740;"American Literary History";journal;"14684365, 08967148";"Oxford University Press";No;No;0,226;Q1;41;66;144;1665;55;134;0,31;25,23;49,23;0;United States;Northern America;"Oxford University Press";"1989-2025";"History (Q1); Literature and Literary Theory (Q1); Cultural Studies (Q2)";"Arts and Humanities; Social Sciences"
93;19700200844;"New Writing";journal;"14790726, 19433107";"Routledge";No;No;0,226;Q1;15;42;152;898;64;112;0,35;21,38;52,94;0;United Kingdom;Western Europe;"Routledge";"2004-2026";"Literature and Literary Theory (Q1)";"Arts and Humanities"
94;21100904782;"Studia Litterarum";journal;"25004247, 25418564";"Russian Academy of Sciences-A.M. Gorky Institute of World Literature";Yes;Yes;0,226;Q1;5;87;232;1515;34;232;0,13;17,41;72,73;0;Russian Federation;Eastern Europe;"Russian Academy of Sciences-A.M. Gorky Institute of World Literature";"2016-2025";"Literature and Literary Theory (Q1); Cultural Studies (Q2)";"Arts and Humanities; Social Sciences"
95;21100945763;"International Journal of Education and the Arts";journal;"15298094";"Pennsylvania State University Libraries";Yes;Yes;0,224;Q1;26;26;65;1121;53;65;0,86;43,12;77,36;0;United States;Northern America;"Pennsylvania State University Libraries";"2004-2025";"Literature and Literary Theory (Q1); Music (Q1); Visual Arts and Performing Arts (Q1); Education (Q3)";"Arts and Humanities; Social Sciences"
96;21101044939;"Revista de Poetica Medieval";journal;"2660891X, 11378905";"Alcala University";Yes;Yes;0,224;Q1;5;12;41;618;10;40;0,29;51,50;41,67;0;Spain;Western Europe;"Alcala University";"2019-2025";"Literature and Literary Theory (Q1); Music (Q1); Visual Arts and Performing Arts (Q1); Arts and Humanities (miscellaneous) (Q2)";"Arts and Humanities"
97;21101056818;"Studien zur Deutschen Sprache und Literatur";journal;"26199890, 13039407";"Istanbul University Faculty of Letters";Yes;Yes;0,224;Q1;2;12;37;521;5;37;0,19;43,42;75,00;0;Turkey;Middle East;"Istanbul University Faculty of Letters";"2019-2025";"Literature and Literary Theory (Q1); Cultural Studies (Q2); Linguistics and Language (Q2)";"Arts and Humanities; Social Sciences"
98;11600153480;"Atlantic Studies : Global Currents";journal;"14788810, 17404649";"Routledge";No;No;0,223;Q1;16;32;85;1754;40;77;0,33;54,81;61,29;0;United Kingdom;Western Europe;"Routledge";"2010-2026";"History (Q1); Literature and Literary Theory (Q1); Cultural Studies (Q2)";"Arts and Humanities; Social Sciences"
99;21100798107;"Slavia Centralis";journal;"23858753, 18556302";"University of Maribor";Yes;Yes;0,223;Q1;6;32;107;1057;29;106;0,36;33,03;59,52;0;Slovenia;Eastern Europe;"University of Maribor";"2016-2025";"Literature and Literary Theory (Q1); Linguistics and Language (Q2)";"Arts and Humanities; Social Sciences"
100;21100927202;"Kritika i Semiotika";journal;"23071737, 23071753";"Siberian Branch of the Russian Academy of Sciences, Institute of Philology";No;No;0,219;Q1;5;42;144;1201;19;144;0,12;28,60;64,00;0;Russian Federation;Eastern Europe;"Siberian Branch of the Russian Academy of Sciences, Institute of Philology";"2019-2025";"Literature and Literary Theory (Q1); Linguistics and Language (Q2)";"Arts and Humanities; Social Sciences"
101;21100267944;"Perinola";journal;"11386363";"Universidad de Navarra";No;No;0,218;Q1;6;29;38;1029;7;35;0,35;35,48;56,67;0;Spain;Western Europe;"Universidad de Navarra";"2011-2025";"Literature and Literary Theory (Q1)";"Arts and Humanities"
102;5800207811;"RILCE. Revista de Filologia Hispanica";journal;"21740917, 02132370";"Servicio de Publicaciones de la Universidad de Navarra";Yes;No;0,218;Q1;14;45;147;1939;41;139;0,23;43,09;55,10;0;Spain;Western Europe;"Servicio de Publicaciones de la Universidad de Navarra";"2008-2026";"Literature and Literary Theory (Q1); Linguistics and Language (Q2)";"Arts and Humanities; Social Sciences"
103;16100154759;"Theatre Journal";journal;"01922882, 1086332X";"Johns Hopkins University Press";No;No;0,218;Q1;32;73;100;1268;28;84;0,26;17,37;59,70;0;United States;Northern America;"Johns Hopkins University Press";"2002-2025";"Literature and Literary Theory (Q1); Visual Arts and Performing Arts (Q1)";"Arts and Humanities"
104;11600153438;"Literature Compass";journal;"17414113";"Wiley-Blackwell";No;No;0,217;Q1;21;25;92;1523;62;86;0,25;60,92;55,17;0;United Kingdom;Western Europe;"Wiley-Blackwell";"2004-2026";"Literature and Literary Theory (Q1); Cultural Studies (Q2)";"Arts and Humanities; Social Sciences"
105;5700154419;"Text and Performance Quarterly";journal;"10462937, 14795760";"Routledge";No;No;0,217;Q1;40;30;62;1258;39;62;0,53;41,93;75,86;0;United Kingdom;Western Europe;"Routledge";"1989-2026";"Literature and Literary Theory (Q1); Visual Arts and Performing Arts (Q1); Communication (Q3)";"Arts and Humanities; Social Sciences"
106;21100916899;"Librosdelacorte.es";journal;"19896425";"Instituto Universitario "La Corte en Europa"";Yes;Yes;0,216;Q1;4;23;77;1261;24;76;0,38;54,83;41,67;0;Spain;Western Europe;"Instituto Universitario "La Corte en Europa"";"2019-2025";"History (Q1); Literature and Literary Theory (Q1); Visual Arts and Performing Arts (Q1)";"Arts and Humanities"
107;21100934781;"Swedish Journal of Romanian Studies";journal;"20030924";"Lund University, Centre for Languages and Literature";Yes;Yes;0,216;Q1;3;24;44;669;5;44;0,13;27,88;76,67;0;Sweden;Western Europe;"Lund University, Centre for Languages and Literature";"2018-2025";"Literature and Literary Theory (Q1); Visual Arts and Performing Arts (Q1); Anthropology (Q2); Linguistics and Language (Q2)";"Arts and Humanities; Social Sciences"
108;21100887850;"Estudos Historicos";journal;"01032186, 21781494";"Fundacao Getulio Vargas";Yes;Yes;0,211;Q1;7;29;102;787;41;90;0,34;27,14;46,67;0;Brazil;Latin America;"Fundacao Getulio Vargas";"2018-2025";"History (Q1); Literature and Literary Theory (Q1); Cultural Studies (Q2); Sociology and Political Science (Q3)";"Arts and Humanities; Social Sciences"
109;19900191801;"Journal of Graphic Novels and Comics";journal;"21504857, 21504865";"Routledge";No;No;0,211;Q1;18;69;171;1739;61;132;0,28;25,20;57,14;0;United Kingdom;Western Europe;"Routledge";"2010-2026";"Literature and Literary Theory (Q1); Visual Arts and Performing Arts (Q1)";"Arts and Humanities"
110;17658;"American Imago";journal;"10857931, 0065860X";"Johns Hopkins University Press";No;No;0,210;Q1;20;33;93;946;88;70;0,97;28,67;47,83;0;United States;Northern America;"Johns Hopkins University Press";"1946-1953, 1964-1980, 1996-2025";"Literature and Literary Theory (Q1); Arts and Humanities (miscellaneous) (Q2); Music (Q2); Anthropology (Q3); Experimental and Cognitive Psychology (Q4)";"Arts and Humanities; Psychology; Social Sciences"
111;21100407560;"Hipogrifo";journal;"23281308";"Instituto de Estudios Auriseculares (IDEA)";Yes;Yes;0,210;Q1;9;99;344;3159;53;333;0,18;31,91;38,14;0;Spain;Western Europe;"Instituto de Estudios Auriseculares (IDEA)";"2013-2025";"History (Q1); Literature and Literary Theory (Q1); Visual Arts and Performing Arts (Q1); Cultural Studies (Q2)";"Arts and Humanities; Social Sciences"
112;21100945725;"Studia Aurea";journal;"24626813, 19881088";"Universitat Autonoma de Barcelona";Yes;Yes;0,210;Q1;5;29;60;1074;15;59;0,33;37,03;56,67;0;Spain;Western Europe;"Universitat Autonoma de Barcelona";"2018-2025";"History (Q1); Literature and Literary Theory (Q1)";"Arts and Humanities"
113;21101061832;"Research Result. Theoretical and Applied Linguistics";journal;"23138912";"Belgorod State National Research University";No;No;0,209;Q1;7;32;106;994;18;106;0,22;31,06;78,69;0;Russian Federation;Eastern Europe;"Belgorod State National Research University";"2019-2025";"Literature and Literary Theory (Q1); Linguistics and Language (Q2)";"Arts and Humanities; Social Sciences"
114;5800209484;"Transactions of the American Philological Association";journal;"03605949, 15330699";"Johns Hopkins University Press";No;No;0,209;Q1;32;11;54;867;40;51;0,71;78,82;33,33;0;United States;Northern America;"Johns Hopkins University Press";"2002-2022";"Classics (Q1); Literature and Literary Theory (Q1); Linguistics and Language (Q2)";"Arts and Humanities; Social Sciences"
115;21101060113;"Boletin de la Academia Peruana de la Lengua";journal;"27082644, 05676002";"Academia Peruana de la Lengua";Yes;Yes;0,208;Q1;6;36;65;1135;25;64;0,38;31,53;44,90;0;Peru;Latin America;"Academia Peruana de la Lengua";"2020-2024";"Literature and Literary Theory (Q1); Linguistics and Language (Q2)";"Arts and Humanities; Social Sciences"
116;22942;"Byzantinische Zeitschrift";journal;"00077704, 18689027";"Walter de Gruyter GmbH";No;No;0,207;Q1;17;24;75;2007;26;75;0,34;83,63;11,11;0;Germany;Western Europe;"Walter de Gruyter GmbH";"1892-1913, 1919, 1924-1928, 1930-1942, 1950-1972, 1974-1990, 1992, 1994-2025";"History (Q1); Literature and Literary Theory (Q1); Visual Arts and Performing Arts (Q1)";"Arts and Humanities"
117;16400154742;"Revista de Literatura Medieval";journal;"26604574, 11303611";"Universidad de Alcala";Yes;Yes;0,207;Q1;6;10;32;476;16;32;0,48;47,60;60,00;0;Spain;Western Europe;"Universidad de Alcala";"2002-2005, 2007-2013, 2015, 2017-2025";"Literature and Literary Theory (Q1)";"Arts and Humanities"
118;5700154656;"Literator";journal;"22198237, 02582279";"AOSIS (Pty) Ltd";Yes;No;0,206;Q1;9;24;52;915;18;47;0,39;38,13;34,48;0;South Africa;Africa;"AOSIS (Pty) Ltd";"2014-2026";"Literature and Literary Theory (Q1); Linguistics and Language (Q2)";"Arts and Humanities; Social Sciences"
119;16400154710;"Modern Drama";journal;"00267694, 17125286";"University of Toronto Press";No;No;0,206;Q1;16;45;56;924;18;56;0,31;20,53;59,09;0;Canada;Northern America;"University of Toronto Press";"2002-2025";"Literature and Literary Theory (Q1)";"Arts and Humanities"
120;16000154717;"Modern Language Quarterly";journal;"00267929";"Duke University Press";No;No;0,206;Q1;31;32;69;971;28;66;0,24;30,34;35,48;0;United States;Northern America;"Duke University Press";"1996-2025";"Literature and Literary Theory (Q1)";"Arts and Humanities"
121;21100845670;"Studies in American Humor";journal;"23339934, 0095280X";"Penn State University Press";No;No;0,205;Q1;7;18;51;486;46;38;0,44;27,00;52,17;0;United States;Northern America;"Penn State University Press";"2017-2025";"History (Q1); Literature and Literary Theory (Q1); Visual Arts and Performing Arts (Q1); Cultural Studies (Q2); Linguistics and Language (Q2); Psychology (miscellaneous) (Q4)";"Arts and Humanities; Psychology; Social Sciences"
122;21100897755;"Jordan Journal of Modern Languages and Literatures";journal;"19946953, 23048069";"Yarmouk University";No;No;0,204;Q1;9;59;96;2033;25;96;0,24;34,46;45,63;0;Jordan;Middle East;"Yarmouk University";"2018-2025";"Literature and Literary Theory (Q1); Linguistics and Language (Q2)";"Arts and Humanities; Social Sciences"
123;16300154701;"PMLA";journal;"19381530, 00308129";"Cambridge University Press";No;No;0,204;Q1;52;69;201;3310;161;191;0,81;47,97;39,39;0;United Kingdom;Western Europe;"Cambridge University Press";"1932, 1936, 1946, 1948-1953, 1955, 1957, 1960, 1964-1970, 1972-1975, 1990, 1992, 1996, 1999-2000, 2002-2025";"Literature and Literary Theory (Q1); Linguistics and Language (Q2)";"Arts and Humanities; Social Sciences"
124;21100785521;"Islamic Africa";journal;"2333262X, 21540993";"Brill Academic Publishers";No;No;0,203;Q1;14;21;18;1195;16;18;0,40;56,90;45,45;1;Netherlands;Western Europe;"Brill Academic Publishers";"2010-2019, 2021-2024";"History (Q1); Literature and Literary Theory (Q1); Religious Studies (Q1); Cultural Studies (Q2); Sociology and Political Science (Q3)";"Arts and Humanities; Social Sciences"
125;21100982310;"Logos: Revista de Linguistica, Filosofia y Literatura";journal;"07167520, 07193262";"Universidad de la Serena,Departamento de Artes y Letras";Yes;Yes;0,203;Q1;7;28;81;1144;34;81;0,35;40,86;51,67;0;Chile;Latin America;"Universidad de la Serena,Departamento de Artes y Letras";"2019-2025";"Literature and Literary Theory (Q1); Linguistics and Language (Q2); Philosophy (Q2)";"Arts and Humanities; Social Sciences"
126;5800224051;"Jezik in Slovstvo";journal;"00216933, 15813754";"Slavisticno drustvo v Ljubljani";Yes;Yes;0,202;Q1;7;38;112;947;11;104;0,12;24,92;60,53;0;Slovenia;Eastern Europe;"Slavisticno drustvo v Ljubljani";"2011-2025";"Literature and Literary Theory (Q1); Linguistics and Language (Q2)";"Arts and Humanities; Social Sciences"
127;29680;"English Language Notes";journal;"25733575, 00138282";"Duke University Press";No;No;0,201;Q1;15;14;88;703;85;82;0,26;50,21;57,14;0;United States;Northern America;"Duke University Press";"1969, 1977, 1982, 2000, 2002-2025";"Literature and Literary Theory (Q1)";"Arts and Humanities"
128;16500154712;"Victorian Literature and Culture";journal;"10601503, 14701553";"Cambridge University Press";No;No;0,200;Q1;24;28;95;1712;28;92;0,35;61,14;75,00;0;United Kingdom;Western Europe;"Cambridge University Press";"1996-2026";"Literature and Literary Theory (Q1); Cultural Studies (Q2)";"Arts and Humanities; Social Sciences"
129;18800156716;"Revista Transilvania";journal;"30612217, 02550539";"Complexul National Muzeal Astra Sibiu";Yes;Yes;0,199;Q1;11;123;412;2655;93;408;0,30;21,59;54,72;0;Romania;Eastern Europe;"Complexul National Muzeal Astra Sibiu";"2009-2025";"History (Q1); Literature and Literary Theory (Q1); Cultural Studies (Q2)";"Arts and Humanities; Social Sciences"
130;21100829711;"ELOPE: English Language Overseas Perspectives and Enquiries";journal;"15818918, 23860316";"University of Ljubljana Press";Yes;Yes;0,198;Q1;7;21;69;816;23;67;0,38;38,86;77,78;0;Slovenia;Eastern Europe;"University of Ljubljana Press";"2015-2026";"Literature and Literary Theory (Q1); Linguistics and Language (Q2); Education (Q4)";"Arts and Humanities; Social Sciences"
131;21100942909;"International Journal of English Language and Literature Studies";journal;"23060646, 23069910";"Asian Economic and Social Society";No;No;0,198;Q1;11;17;81;603;72;81;1,00;35,47;18,75;0;Pakistan;Asiatic Region;"Asian Economic and Social Society";"2019-2026";"Literature and Literary Theory (Q1); Linguistics and Language (Q2)";"Arts and Humanities; Social Sciences"
132;21100224404;"World Literature Studies";journal;"13379275, 13379690";"Slovak academy of Sciences, Institute of World literature";No;No;0,198;Q1;7;35;117;1179;35;102;0,32;33,69;50,00;0;Slovakia;Eastern Europe;"Slovak academy of Sciences, Institute of World literature";"2009-2025";"Literature and Literary Theory (Q1)";"Arts and Humanities"
133;21100945722;"Philologica Canariensia";journal;"23868635";"Universidad de Las Palmas de Gran Canaria";Yes;Yes;0,197;-;3;8;16;295;6;16;0,45;36,88;11,11;0;Spain;Western Europe;"Universidad de Las Palmas de Gran Canaria";"2019-2025";"Linguistics and Language (Q2)";"Social Sciences"
134;21100777273;"Letonica";journal;"14073110";"Latvian University";No;No;0,196;Q1;4;45;46;1669;10;44;0,24;37,09;77,01;0;Latvia;Eastern Europe;"Latvian University";"2016-2025";"History (Q1); Literature and Literary Theory (Q1); Visual Arts and Performing Arts (Q1); Cultural Studies (Q2); Music (Q2)";"Arts and Humanities; Social Sciences"
135;21100901128;"Deleuze and Guattari Studies";journal;"23989777, 23989785";"Edinburgh University Press";No;No;0,195;Q1;23;30;89;1013;52;82;0,28;33,77;12,00;0;United Kingdom;Western Europe;"Edinburgh University Press";"2007-2025";"Literature and Literary Theory (Q1); Philosophy (Q2)";"Arts and Humanities"
136;5800170177;"Byzantine and Modern Greek Studies";journal;"1749625X, 03070131";"Cambridge University Press";No;No;0,194;Q1;20;14;62;722;22;62;0,23;51,57;29,41;0;United Kingdom;Western Europe;"Cambridge University Press";"1975-1982, 1984, 1986-1995, 2002-2026";"Literature and Literary Theory (Q1); Cultural Studies (Q2); History (Q2); Linguistics and Language (Q2)";"Arts and Humanities; Social Sciences"
137;28401;"Classical Quarterly";journal;"00098388, 14716844";"Cambridge University Press";No;No;0,194;Q1;47;72;258;1028;103;250;0,34;14,28;26,39;0;United Kingdom;Western Europe;"Cambridge University Press";"1907-2026";"Classics (Q1); History (Q1); Literature and Literary Theory (Q1); Philosophy (Q2)";"Arts and Humanities"
138;16200154763;"ELH - English Literary History";journal;"10806547, 00138304";"Johns Hopkins University Press";No;No;0,193;Q1;31;40;123;2710;65;123;0,50;67,75;41,03;0;United States;Northern America;"Johns Hopkins University Press";"2001-2025";"Literature and Literary Theory (Q1); History (Q2)";"Arts and Humanities"
139;21100301415;"Journal of Language Teaching and Research";journal;"17984769, 20530684";"Academy Publication";No;No;0,193;-;28;153;405;4901;229;405;0,56;32,03;50,20;0;United Kingdom;Western Europe;"Academy Publication";"2014-2026";"Linguistics and Language (Q2); Education (Q4)";"Social Sciences"
140;21100205922;"ISLE Interdisciplinary Studies in Literature and Environment";journal;"10760962, 17591090";"The Association for the Study of Literature and Environment (ASLE)";No;No;0,192;Q1;19;73;187;2100;77;172;0,33;28,77;53,85;0;United States;Northern America;"The Association for the Study of Literature and Environment (ASLE)";"1993-1994, 1998-2002, 2004-2006, 2008, 2011-2025";"Literature and Literary Theory (Q1); Environmental Science (miscellaneous) (Q4)";"Arts and Humanities; Environmental Science"
141;21100933896;"De Medio Aevo";journal;"22555889";"Universidad Complutense Madrid";Yes;Yes;0,190;Q1;4;21;56;1024;17;50;0,30;48,76;52,38;0;Spain;Western Europe;"Universidad Complutense Madrid";"2019-2026";"Literature and Literary Theory (Q1); Religious Studies (Q1); Visual Arts and Performing Arts (Q1); Cultural Studies (Q2); History (Q2); Philosophy (Q2)";"Arts and Humanities; Social Sciences"
142;21101048550;"Ikenga";journal;"20064241, 27144321";"University of Nigeria, Institute of African Studies";No;No;0,189;Q1;5;32;88;1265;17;87;0,24;39,53;34,67;0;Nigeria;Africa;"University of Nigeria, Institute of African Studies";"2019-2025";"Literature and Literary Theory (Q1); Religious Studies (Q1); Archeology (arts and humanities) (Q2); Arts and Humanities (miscellaneous) (Q2); Cultural Studies (Q2); History (Q2); Gender Studies (Q3); Social Sciences (miscellaneous) (Q3)";"Arts and Humanities; Social Sciences"
143;5600155107;"Journal of Australian Studies";journal;"0314769X, 14443058";"Taylor and Francis Ltd.";No;No;0,188;Q1;26;36;109;0;80;96;0,57;0,00;52,17;0;United Kingdom;Western Europe;"Taylor and Francis Ltd.";"1977-2026";"Literature and Literary Theory (Q1); Cultural Studies (Q2); History (Q2); Political Science and International Relations (Q3); Sociology and Political Science (Q3)";"Arts and Humanities; Social Sciences"
144;21100200422;"SKASE Journal of Translation and Interpretation";journal;"13367811";"Slovak Association for the Study of English";Yes;No;0,186;Q1;9;8;36;311;22;36;0,46;38,88;90,00;0;Slovakia;Eastern Europe;"Slovak Association for the Study of English";"2011, 2013-2025";"Literature and Literary Theory (Q1); Linguistics and Language (Q2)";"Arts and Humanities; Social Sciences"
145;21100201711;"Forum for World Literature Studies";journal;"21546711, 19498519";"Knowledge Hub Publishing Company Limited (Hong Kong)";No;No;0,185;Q1;6;61;138;1372;26;137;0,26;22,49;50,63;0;China;Asiatic Region;"Knowledge Hub Publishing Company Limited (Hong Kong)";"2009-2025";"Literature and Literary Theory (Q1); Cultural Studies (Q2)";"Arts and Humanities; Social Sciences"
146;21101079408;"Journal of English Language and Literature";journal;"10162283, 24658545";"English Language and Literature Association of Korea";No;No;0,185;Q1;3;43;115;1065;21;115;0,22;24,77;62,16;0;South Korea;Asiatic Region;"English Language and Literature Association of Korea";"2019-2025";"Literature and Literary Theory (Q1); Cultural Studies (Q2); Linguistics and Language (Q2); Education (Q4)";"Arts and Humanities; Social Sciences"
147;21100232404;"Modern Chinese Literature and Culture";journal;"15209857, 2328966X";"Edinburgh University Press";No;No;0,185;Q1;12;16;44;842;3;42;0,03;52,63;66,67;0;United Kingdom;Western Europe;"Edinburgh University Press";"2009-2025";"Literature and Literary Theory (Q1); Cultural Studies (Q2)";"Arts and Humanities; Social Sciences"
148;21101020140;"Text (Australia)";journal;"13279556";"Australasian Association of Writing Programs";No;No;0,185;Q1;5;55;230;1833;21;201;0,07;33,33;66,18;0;Australia;Pacific Region;"Australasian Association of Writing Programs";"2019-2026";"Literature and Literary Theory (Q1); Education (Q4)";"Arts and Humanities; Social Sciences"
149;21100904556;"International Journal of Korean History";journal;"25085921, 15982041";"Center for Korean History,Korea University";Yes;Yes;0,184;Q1;4;16;47;538;9;46;0,29;33,63;57,14;0;South Korea;Asiatic Region;"Center for Korean History,Korea University";"2018-2025";"Literature and Literary Theory (Q1); Cultural Studies (Q2); History (Q2)";"Arts and Humanities; Social Sciences"
150;21100206619;"Postmedieval";journal;"20405979, 20405960";"Palgrave Macmillan Ltd.";No;No;0,184;Q1;15;35;99;1267;36;85;0,44;36,20;62,07;0;United Kingdom;Western Europe;"Palgrave Macmillan Ltd.";"2012-2026";"Literature and Literary Theory (Q1); Cultural Studies (Q2); History (Q2); Philosophy (Q2)";"Arts and Humanities; Social Sciences"
151;19700200918;"English Text Construction";journal;"18748775, 18748767";"John Benjamins Publishing Company";No;No;0,183;Q1;21;9;28;305;9;28;0,17;33,89;58,33;0;Netherlands;Western Europe;"John Benjamins Publishing Company";"2008-2026";"Literature and Literary Theory (Q1); Linguistics and Language (Q2)";"Arts and Humanities; Social Sciences"
152;21101057634;"Journal for the History of Rhetoric";journal;"26878011, 26878003";"Penn State University Press";No;No;0,182;Q1;4;3;26;133;10;23;0,38;44,33;50,00;0;United States;Northern America;"Penn State University Press";"2020-2021, 2023";"Literature and Literary Theory (Q1); Linguistics and Language (Q2); Communication (Q3)";"Arts and Humanities; Social Sciences"
153;21101062496;"Cuadernos de Ilustracion y Romanticismo";journal;"11328304, 21730687";"Universidad de Cadiz";Yes;Yes;0,181;Q1;4;50;137;1348;25;134;0,18;26,96;37,78;0;Spain;Western Europe;"Universidad de Cadiz";"2019-2025";"Literature and Literary Theory (Q1); History (Q2); Linguistics and Language (Q2); Philosophy (Q2); History and Philosophy of Science (Q3)";"Arts and Humanities; Social Sciences"
154;28917;"Mnemosyne";journal;"00267074, 1568525X";"Brill Academic Publishers";No;No;0,181;Q1;25;69;213;3333;68;207;0,34;48,30;16,92;0;Netherlands;Western Europe;"Brill Academic Publishers";"1948-1991, 1993-2026";"Classics (Q1); Literature and Literary Theory (Q1); Archeology (arts and humanities) (Q2); History (Q2); Linguistics and Language (Q2)";"Arts and Humanities; Social Sciences"
155;26737;"Zeitschrift fur Romanische Philologie";journal;"00498661, 18659063";"Walter de Gruyter GmbH";No;No;0,181;Q1;11;46;117;2752;26;112;0,20;59,83;38,64;0;Germany;Western Europe;"Walter de Gruyter GmbH";"1877-1913, 1917, 1919-1944, 1949-2025";"Literature and Literary Theory (Q1); Linguistics and Language (Q2)";"Arts and Humanities; Social Sciences"
156;4400151505;"Critical Review";journal;"08913811";"Taylor and Francis Ltd.";No;No;0,180;Q1;36;16;71;841;32;71;0,16;52,56;13,33;0;United Kingdom;Western Europe;"Taylor and Francis Ltd.";"1986-2000, 2003, 2005-2026";"Literature and Literary Theory (Q1); Political Science and International Relations (Q3)";"Arts and Humanities; Social Sciences"
157;21100782866;"Hikma";journal;"24454559, 15799794";"UCOPress. Editorial Universidad de Cordoba";Yes;Yes;0,179;Q1;7;27;62;1144;27;62;0,45;42,37;62,86;0;Spain;Western Europe;"UCOPress. Editorial Universidad de Cordoba";"2015-2025";"Literature and Literary Theory (Q1); Linguistics and Language (Q2)";"Arts and Humanities; Social Sciences"
158;21101101859;"Research Journal in Advanced Humanities";journal;"27085953, 27085945";"Royallite Global";No;No;0,179;Q1;12;25;33;815;20;29;0,61;32,60;34,62;0;Kenya;Africa;"Royallite Global";"2020-2026";"Literature and Literary Theory (Q1); Visual Arts and Performing Arts (Q1); Linguistics and Language (Q2); Arts and Humanities (miscellaneous) (Q3)";"Arts and Humanities; Social Sciences"
159;13243;"Chaucer Review";journal;"15284204, 00092002";"Penn State University Press";No;No;0,178;Q1;17;23;69;1275;34;68;0,45;55,43;59,09;0;United States;Northern America;"Penn State University Press";"1979, 2002-2025";"Literature and Literary Theory (Q1)";"Arts and Humanities"
160;19400158904;"Cedille";journal;"16994949";"Facultad de Filologia - Universidad de La Laguna";Yes;Yes;0,177;Q1;6;55;171;1615;29;165;0,20;29,36;78,85;1;Spain;Western Europe;"Facultad de Filologia - Universidad de La Laguna";"2009-2025";"Literature and Literary Theory (Q1); Linguistics and Language (Q2)";"Arts and Humanities; Social Sciences"
161;21100829504;"Journal of Holy Land and Palestine Studies";journal;"20541996, 20541988";"Edinburgh University Press";No;No;0,177;Q1;13;11;32;655;15;30;0,30;59,55;15,38;0;United Kingdom;Western Europe;"Edinburgh University Press";"2002-2008, 2010, 2012, 2014-2025";"Literature and Literary Theory (Q1); Cultural Studies (Q2); History (Q2); Religious Studies (Q2)";"Arts and Humanities; Social Sciences"
162;21100211324;"Lexis (Peru)";journal;"02549239, 22233768";"Pontificia Universidad Catolica del Peru";Yes;Yes;0,177;Q1;9;28;79;934;32;79;0,36;33,36;31,43;0;Peru;Latin America;"Pontificia Universidad Catolica del Peru";"2012-2025";"Literature and Literary Theory (Q1); Linguistics and Language (Q2)";"Arts and Humanities; Social Sciences"
163;24474;"Modern Philology";journal;"00268232, 15456951";"University of Chicago Press";No;No;0,176;Q1;21;24;78;114;26;56;0,32;4,75;55,56;0;United States;Northern America;"University of Chicago Press";"1905, 1925, 1984, 1986, 1996-2026";"Literature and Literary Theory (Q1); Cultural Studies (Q2); Linguistics and Language (Q2)";"Arts and Humanities; Social Sciences"
164;21100904692;"Translation and Translanguaging in Multilingual Contexts";journal;"23521813, 23521805";"John Benjamins Publishing Company";No;No;0,176;Q1;10;13;45;608;29;44;0,58;46,77;77,27;0;Netherlands;Western Europe;"John Benjamins Publishing Company";"2019-2025";"Literature and Literary Theory (Q1); Linguistics and Language (Q2); Education (Q4)";"Arts and Humanities; Social Sciences"
165;21101061827;"Revista Alicantina de Estudios Ingleses";journal;"2171861X, 02144808";"Universidad de Alicante";Yes;Yes;0,175;Q1;7;14;35;557;21;32;0,58;39,79;58,82;0;Spain;Western Europe;"Universidad de Alicante";"2019-2025";"Literature and Literary Theory (Q1); Cultural Studies (Q2); Linguistics and Language (Q2)";"Arts and Humanities; Social Sciences"
166;21101047934;"Slovo.ru: Baltic Accent";journal;"22255346, 26868989";"Immanuel Kant Baltic Federal University";Yes;Yes;0,175;Q1;7;36;98;1092;28;96;0,16;30,33;61,54;0;Russian Federation;Eastern Europe;"Immanuel Kant Baltic Federal University";"2019-2025";"Literature and Literary Theory (Q1); Linguistics and Language (Q2)";"Arts and Humanities; Social Sciences"
167;19700177033;"Artnodes";journal;"16955951";"Universitat Oberta de Catalunya";Yes;Yes;0,173;Q1;11;34;90;912;39;88;0,46;26,82;37,25;1;Spain;Western Europe;"Universitat Oberta de Catalunya";"2009-2025";"Literature and Literary Theory (Q1); Visual Arts and Performing Arts (Q1); Cultural Studies (Q2); Computer Graphics and Computer-Aided Design (Q4); Computer Science Applications (Q4)";"Arts and Humanities; Computer Science; Social Sciences"
168;12100157006;"Bulletin of Hispanic Studies";journal;"14753839, 14783398";"Liverpool University Press";No;No;0,173;Q1;12;65;185;2357;40;184;0,17;36,26;52,94;0;United Kingdom;Western Europe;"Liverpool University Press";"1930, 1968, 1970, 1973, 1981, 2002-2026";"Literature and Literary Theory (Q1); Linguistics and Language (Q2)";"Arts and Humanities; Social Sciences"
169;5800209330;"South African Journal of African Languages";journal;"23051159, 02572117";"Routledge";No;No;0,173;Q1;15;37;114;1306;28;113;0,17;35,30;26,83;0;United Kingdom;Western Europe;"Routledge";"1996-2026";"Literature and Literary Theory (Q1); Linguistics and Language (Q2)";"Arts and Humanities; Social Sciences"
170;19700170139;"International Research in Children's Literature";journal;"17556198, 17556201";"Edinburgh University Press";No;No;0,172;Q1;14;28;49;791;20;44;0,44;28,25;80,00;0;United Kingdom;Western Europe;"Edinburgh University Press";"2008-2025";"Literature and Literary Theory (Q1)";"Arts and Humanities"
171;21101074852;"Lexis";journal;"27241564";"Edizioni Ca' Foscari";Yes;Yes;0,172;Q1;6;27;78;1465;15;73;0,14;54,26;60,71;0;Italy;Western Europe;"Edizioni Ca' Foscari";"2013-2025";"Classics (Q1); Literature and Literary Theory (Q1)";"Arts and Humanities"
172;5600153387;"Positions";journal;"15278271, 10679847";"Duke University Press";No;No;0,172;Q1;33;37;97;1622;37;91;0,27;43,84;62,50;1;United States;Northern America;"Duke University Press";"2001-2025";"Literature and Literary Theory (Q1); Visual Arts and Performing Arts (Q1); Cultural Studies (Q2); History (Q2)";"Arts and Humanities; Social Sciences"
173;21100921165;"Mitologias Hoy";journal;"20141130";"Universitat Autonoma de Barcelona";Yes;Yes;0,171;Q1;5;49;117;1105;16;110;0,11;22,55;55,32;0;Spain;Western Europe;"Universitat Autonoma de Barcelona";"2019-2026";"Literature and Literary Theory (Q1)";"Arts and Humanities"
174;5700169459;"Review of English Studies";journal;"14716968, 00346551";"Oxford University Press";No;No;0,171;Q1;21;49;113;1675;48;113;0,40;34,18;46,00;0;United Kingdom;Western Europe;"Oxford University Press";"1925-1948, 1950-2025";"Literature and Literary Theory (Q1); Linguistics and Language (Q2)";"Arts and Humanities; Social Sciences"
175;5800207671;"Acta Baltico-Slavica";journal;"00651044, 23922389";"Polish Academy of Sciences, Institute of Slavic Studies";Yes;Yes;0,170;Q1;5;12;40;322;5;40;0,16;26,83;100,00;0;Poland;Eastern Europe;"Polish Academy of Sciences, Institute of Slavic Studies";"2011-2025";"Literature and Literary Theory (Q1); History (Q2); Linguistics and Language (Q2)";"Arts and Humanities; Social Sciences"
176;17700154909;"Kritika Kultura";journal;"1656152X, 20946937";"Ateneo de Manila University";Yes;No;0,170;Q1;10;61;121;2090;30;109;0,11;34,26;33,33;0;Philippines;Asiatic Region;"Ateneo de Manila University";"2009-2025";"Literature and Literary Theory (Q1); Cultural Studies (Q2); Linguistics and Language (Q2)";"Arts and Humanities; Social Sciences"
177;5800207800;"Literatura y Linguistica";journal;"0717621X, 07165811";"Universidad Catolica Silva Henriquez";Yes;Yes;0,170;Q1;14;45;115;1694;52;111;0,34;37,64;57,33;0;Chile;Latin America;"Universidad Catolica Silva Henriquez";"2008-2025";"Literature and Literary Theory (Q1); Linguistics and Language (Q2)";"Arts and Humanities; Social Sciences"
178;5800207642;"Oralia";journal;"15751430";"Arco Libros S.L.";No;No;0,170;Q1;9;7;44;388;13;34;0,25;55,43;69,23;0;Spain;Western Europe;"Arco Libros S.L.";"2011-2012, 2015-2023";"Literature and Literary Theory (Q1); Linguistics and Language (Q2)";"Arts and Humanities; Social Sciences"
179;21100396508;"Scrutiny2";journal;"18125441, 17535409";"Taylor and Francis Ltd.";No;No;0,170;Q1;13;13;55;344;18;42;0,31;26,46;33,33;0;United Kingdom;Western Europe;"Taylor and Francis Ltd.";"1996-2022, 2024-2025";"Literature and Literary Theory (Q1)";"Arts and Humanities"
180;5800207807;"NJES Nordic Journal of English Studies";journal;"15027694, 16546970";"Umea University Department of Language Studies";Yes;Yes;0,169;Q1;15;19;101;737;45;99;0,47;38,79;50,00;0;Sweden;Western Europe;"Umea University Department of Language Studies";"2002-2025";"Literature and Literary Theory (Q1); Linguistics and Language (Q2)";"Arts and Humanities; Social Sciences"
181;5800207821;"Estudios Filologicos";journal;"00711713, 07176171";"Universidad Austral de Chile";Yes;Yes;0,167;Q1;12;25;84;855;29;81;0,20;34,20;40,54;0;Chile;Latin America;"Universidad Austral de Chile";"2007-2025";"Literature and Literary Theory (Q1); Linguistics and Language (Q2)";"Arts and Humanities; Social Sciences"
182;6500153167;"Journal of Commonwealth Literature";journal;"17416442, 00219894";"SAGE Publications Ltd";No;No;0,167;Q1;0;0;0;0;0;0;0,00;0,00;0,00;0;United Kingdom;Western Europe;"SAGE Publications Ltd";"1966-2024";"Literature and Literary Theory (Q1)";"Arts and Humanities"
183;21100836108;"Knowledge Cultures";journal;"23756527, 23275731";"Addleton Academic Publishers";No;No;0,167;Q1;19;24;79;1006;46;75;0,72;41,92;54,76;0;United States;Northern America;"Addleton Academic Publishers";"2013-2025";"Literature and Literary Theory (Q1); Cultural Studies (Q2); History (Q2); Philosophy (Q2); Law (Q3); Library and Information Sciences (Q3); Sociology and Political Science (Q3); Education (Q4)";"Arts and Humanities; Social Sciences"
184;16800154728;"Foreign Literature Studies";journal;"10037519";"Central China Normal University";No;No;0,166;Q1;11;87;271;1900;23;271;0,08;21,84;41,57;0;China;Asiatic Region;"Central China Normal University";"2005-2024";"Literature and Literary Theory (Q1)";"Arts and Humanities"
185;21100845654;"Mark Twain Annual";journal;"15530981, 17562597";"Penn State University Press";No;No;0,166;Q1;3;17;34;333;16;29;0,59;19,59;20,00;0;United States;Northern America;"Penn State University Press";"2017-2024";"Literature and Literary Theory (Q1)";"Arts and Humanities"
186;17700154917;"Aevum - Rassegna di Scienze Storiche Linguistiche e Filologiche";journal;"00019593, 1827787X";"Vita e Pensiero";No;No;0,165;Q1;9;20;48;740;7;48;0,22;37,00;31,25;0;Italy;Western Europe;"Vita e Pensiero";"1979, 2001-2020, 2022-2025";"Literature and Literary Theory (Q1); History (Q2); Linguistics and Language (Q2); Philosophy (Q2)";"Arts and Humanities; Social Sciences"
187;21100876478;"Studia Metrica et Poetica";journal;"2346691X, 23466901";"University of Tartu Press";Yes;Yes;0,165;Q1;7;11;43;275;27;42;0,33;25,00;40,00;0;Estonia;Eastern Europe;"University of Tartu Press";"2018-2025";"Literature and Literary Theory (Q1); Linguistics and Language (Q2)";"Arts and Humanities; Social Sciences"
188;21101037320;"Journal of Interdisciplinary Voice Studies";journal;"2057035X, 20570341";"Intellect Ltd.";No;No;0,164;Q1;5;14;47;587;29;42;0,63;41,93;69,23;0;United Kingdom;Western Europe;"Intellect Ltd.";"2015, 2019-2026";"Literature and Literary Theory (Q1); Visual Arts and Performing Arts (Q1); Linguistics and Language (Q3)";"Arts and Humanities; Social Sciences"
189;5700166780;"Parallax";journal;"13534645, 1460700X";"Routledge";No;No;0,164;Q1;37;35;87;1278;37;74;0,36;36,51;41,94;0;United Kingdom;Western Europe;"Routledge";"1995-2025";"Literature and Literary Theory (Q1); Visual Arts and Performing Arts (Q1); Cultural Studies (Q2); Philosophy (Q2)";"Arts and Humanities; Social Sciences"
190;21100928227;"Journal of Chinese Literature and Culture";journal;"23290056, 23290048";"Duke University Press";No;No;0,163;Q1;4;16;48;858;14;48;0,18;53,63;46,67;0;United States;Northern America;"Duke University Press";"2019-2025";"Literature and Literary Theory (Q1); Anthropology (Q3)";"Arts and Humanities; Social Sciences"
191;21100825350;"Kervan";journal;"1825263X";"Universita degli Studi di Torino, Facolta di Lingue e Letterature Straniere";Yes;Yes;0,162;Q1;6;36;96;1476;16;94;0,19;41,00;50,00;0;Italy;Western Europe;"Universita degli Studi di Torino, Facolta di Lingue e Letterature Straniere";"2017-2026";"Literature and Literary Theory (Q1); Linguistics and Language (Q3)";"Arts and Humanities; Social Sciences"
192;13765;"Journal for Eighteenth-Century Studies";journal;"17540208, 17540194";"Wiley-Blackwell Publishing Ltd";No;No;0,161;Q1;16;29;81;963;36;81;0,41;33,21;46,43;0;United Kingdom;Western Europe;"Wiley-Blackwell Publishing Ltd";"1972-1973, 1975-1995, 2009-2026";"Literature and Literary Theory (Q1); Visual Arts and Performing Arts (Q1); Cultural Studies (Q2); History (Q2)";"Arts and Humanities; Social Sciences"
193;21101017489;"Nueva Revista del Pacifico";journal;"07166346, 07195176";"Universidad de Playa Ancha de Ciencias de la Educacion";Yes;Yes;0,161;Q1;5;23;81;634;20;79;0,24;27,57;38,24;0;Chile;Latin America;"Universidad de Playa Ancha de Ciencias de la Educacion";"2019-2025";"Literature and Literary Theory (Q1); Linguistics and Language (Q3)";"Arts and Humanities; Social Sciences"
194;21100314715;"Theory and Practice in Language Studies";journal;"20530692, 17992591";"Academy Publication";No;No;0,161;-;34;322;648;9516;257;648;0,40;29,55;51,08;1;United Kingdom;Western Europe;"Academy Publication";"2011-2014, 2017-2026";"Linguistics and Language (Q3); Education (Q4)";"Social Sciences"
195;19700176307;"Asian Ethnology";journal;"18826865";"Nanzan University";Yes;Yes;0,160;Q1;20;17;51;659;28;44;0,56;38,76;53,33;0;Japan;Asiatic Region;"Nanzan University";"1946, 1987-1993, 2008-2024";"Literature and Literary Theory (Q1); Visual Arts and Performing Arts (Q1); Cultural Studies (Q2); Religious Studies (Q2); Anthropology (Q3)";"Arts and Humanities; Social Sciences"
196;21100227034;"Ben Jonson Journal";journal;"10793453, 1755165X";"Edinburgh University Press";No;No;0,160;Q1;9;12;46;254;16;37;0,41;21,17;41,67;0;United Kingdom;Western Europe;"Edinburgh University Press";"1996-2025";"Literature and Literary Theory (Q1)";"Arts and Humanities"
197;21101030008;"Criticon";journal;"22729852, 0247381X";"";Yes;Yes;0,160;Q1;4;38;72;1303;20;69;0,28;34,29;40,54;0;France;Western Europe;"";"2020-2023";"Literature and Literary Theory (Q1); History (Q2)";"Arts and Humanities"
198;29219;"Early American Literature";journal;"00128163, 1534147X";"University of North Carolina Press";No;No;0,160;Q1;17;63;92;1135;27;83;0,25;18,02;55,00;0;United States;Northern America;"University of North Carolina Press";"1973, 1979, 1981, 2000, 2002-2025";"Literature and Literary Theory (Q1)";"Arts and Humanities"
199;21100777305;"Logos (Russian Federation)";journal;"08695377, 24999628";"National Research University Higher School of Economics (HSE University)";No;No;0,160;Q1;9;57;167;1259;26;167;0,18;22,09;36,67;0;Russian Federation;Eastern Europe;"National Research University Higher School of Economics (HSE University)";"2016-2026";"Literature and Literary Theory (Q1); Cultural Studies (Q2); Philosophy (Q2)";"Arts and Humanities; Social Sciences"
200;5700170927;"Atlantis";journal;"19896840, 02106124";"Spanish Association of Anglo-American Studies";Yes;Yes;0,159;Q1;19;27;73;1050;43;69;0,52;38,89;65,52;0;Spain;Western Europe;"Spanish Association of Anglo-American Studies";"2000-2025";"Literature and Literary Theory (Q1); Cultural Studies (Q2); Linguistics and Language (Q3)";"Arts and Humanities; Social Sciences"
201;20100195005;"Estetika: The European Journal of Aesthetics";journal;"00141291, 25710915";"Helsinki University Press";Yes;Yes;0,159;Q1;9;10;32;311;14;30;0,32;31,10;40,00;0;Finland;Western Europe;"Helsinki University Press";"2008-2025";"Literature and Literary Theory (Q1); Visual Arts and Performing Arts (Q1); Philosophy (Q2)";"Arts and Humanities"
202;16400154727;"European Romantic Review";journal;"17404657, 10509585";"Routledge";No;No;0,159;Q1;18;42;114;1835;44;108;0,41;43,69;41,03;0;United Kingdom;Western Europe;"Routledge";"1990-2025";"Literature and Literary Theory (Q1); Cultural Studies (Q2)";"Arts and Humanities; Social Sciences"
203;12100155990;"Nineteenth-Century Literature";journal;"08919356, 10678352";"University of California Press";No;No;0,159;Q1;21;10;50;486;14;50;0,21;48,60;40,00;0;United States;Northern America;"University of California Press";"1986-2025";"Literature and Literary Theory (Q1)";"Arts and Humanities"
204;21101053114;"Ciceroniana On Line";journal;"25325353";"University of Torino";Yes;Yes;0,158;Q1;5;12;55;594;14;49;0,30;49,50;40,00;0;Italy;Western Europe;"University of Torino";"2017-2025";"Classics (Q1); Literature and Literary Theory (Q1); Visual Arts and Performing Arts (Q1); History (Q2); Philosophy (Q2); Linguistics and Language (Q3)";"Arts and Humanities; Social Sciences"
205;16800154747;"Religion and Literature";journal;"08883769, 23286911";"University of Notre Dame";No;No;0,158;Q1;12;16;55;685;5;37;0,10;42,81;53,33;0;United States;Northern America;"University of Notre Dame";"2002-2024";"Literature and Literary Theory (Q1); Religious Studies (Q2)";"Arts and Humanities"
206;21100898946;"Sibirskii Filologicheskii Zhurnal";journal;"18137083";"Siberian Branch of the Russian Academy of Sciences, Institute of Philology";No;No;0,158;Q1;4;100;293;1997;27;293;0,09;19,97;76,27;0;Russian Federation;Eastern Europe;"Siberian Branch of the Russian Academy of Sciences, Institute of Philology";"2018-2026";"Literature and Literary Theory (Q1); Cultural Studies (Q2); Linguistics and Language (Q3)";"Arts and Humanities; Social Sciences"
207;5600157032;"Australian Slavonic and East European Studies";journal;"08188149";"University of Queensland Press";Yes;No;0,157;Q1;5;3;22;103;13;22;0,59;34,33;0,00;0;Australia;Pacific Region;"University of Queensland Press";"2013-2017, 2020-2025";"Literature and Literary Theory (Q1); Cultural Studies (Q2); History (Q2); Visual Arts and Performing Arts (Q2); Linguistics and Language (Q3); Sociology and Political Science (Q3)";"Arts and Humanities; Social Sciences"
208;21100199115;"Rusin";journal;"23451149, 18572685";"Association 'Rus'";Yes;No;0,157;Q1;11;76;191;2567;57;182;0,35;33,78;46,48;0;Moldova;Eastern Europe;"Association 'Rus'";"2011-2025";"Literature and Literary Theory (Q1); History (Q2); Anthropology (Q3); Linguistics and Language (Q3); Sociology and Political Science (Q3)";"Arts and Humanities; Social Sciences"
209;5700156985;"English Studies in Africa";journal;"00138398, 19438117";"Routledge";No;No;0,156;Q1;15;13;70;376;29;61;0,27;28,92;41,67;0;United Kingdom;Western Europe;"Routledge";"1958-2026";"Literature and Literary Theory (Q1)";"Arts and Humanities"
210;5700170400;"Iberoromania";journal;"00190993, 18659039";"Walter de Gruyter GmbH";No;No;0,156;Q1;7;20;49;521;9;43;0,11;26,05;58,33;0;Germany;Western Europe;"Walter de Gruyter GmbH";"1969-1970, 1975, 1978-2004, 2006-2009, 2011-2026";"Literature and Literary Theory (Q1); Linguistics and Language (Q3)";"Arts and Humanities; Social Sciences"
211;18536;"Textual Practice";journal;"0950236X, 14701308";"Routledge";No;No;0,156;Q1;32;109;344;0;115;311;0,36;0,00;38,78;0;United Kingdom;Western Europe;"Routledge";"1987-2026";"Literature and Literary Theory (Q1)";"Arts and Humanities"
212;21101038691;"Tirant";journal;"15797422";"Universitat de Valencia";Yes;Yes;0,156;Q1;4;16;53;809;14;53;0,36;50,56;38,89;0;Spain;Western Europe;"Universitat de Valencia";"2019-2025";"Literature and Literary Theory (Q1); History (Q2)";"Arts and Humanities"
213;22229;"Al-Qantara";journal;"19882955, 02113589";"CSIC Consejo Superior de Investigaciones Cientificas";Yes;Yes;0,154;Q1;21;18;50;1023;19;47;0,32;56,83;47,37;0;Spain;Western Europe;"CSIC Consejo Superior de Investigaciones Cientificas";"1984, 1997-2025";"Literature and Literary Theory (Q1); Cultural Studies (Q2); History (Q2)";"Arts and Humanities; Social Sciences"
214;21100255511;"Dix-Neuf";journal;"14787318";"Taylor and Francis Ltd.";No;No;0,154;Q1;7;17;61;628;8;57;0,08;36,94;75,00;0;United Kingdom;Western Europe;"Taylor and Francis Ltd.";"2012-2026";"Literature and Literary Theory (Q1); Cultural Studies (Q2); Music (Q2); Linguistics and Language (Q3)";"Arts and Humanities; Social Sciences"
215;25501;"Zeitschrift fur Agyptische Sprache und Altertumskunde";journal;"2196713X, 0044216X";"Walter de Gruyter GmbH";No;No;0,154;Q1;14;22;53;1215;9;53;0,11;55,23;21,43;0;Germany;Western Europe;"Walter de Gruyter GmbH";"1863-1876, 1878-1898, 1905, 1908, 1910-1912, 1914-1915, 1917-1918, 1920, 1922-1927, 1929-1936, 1939-1940, 1942-1943, 1954-1956, 1958-1964, 1966-1967, 1969-2025";"Literature and Literary Theory (Q1); History (Q2); Archeology (Q3); Archeology (arts and humanities) (Q3); Linguistics and Language (Q3)";"Arts and Humanities; Social Sciences"
216;21100228024;"Arkiv for Nordisk Filologi";journal;"00667668";"Lunds Universitet";No;No;0,152;Q1;6;6;19;204;4;19;0,25;34,00;37,50;0;Sweden;Western Europe;"Lunds Universitet";"2012-2015, 2017-2025";"Literature and Literary Theory (Q1); Linguistics and Language (Q3)";"Arts and Humanities; Social Sciences"
217;5600155308;"Canadian Slavonic Papers";journal;"23752475, 00085006";"Taylor and Francis Ltd.";No;No;0,151;Q1;19;24;78;1255;23;64;0,33;52,29;47,83;2;United Kingdom;Western Europe;"Taylor and Francis Ltd.";"1974, 1977-1979, 1985, 1988, 1991, 1996-2025";"Literature and Literary Theory (Q1); Cultural Studies (Q2); History (Q2); Philosophy (Q2); Visual Arts and Performing Arts (Q2); Linguistics and Language (Q3); Sociology and Political Science (Q3)";"Arts and Humanities; Social Sciences"
218;21100390113;"Castilla Estudios de Literatura";journal;"19897383";"Department of Spanish Literature and Theory of Literature and Comparative Literature.Universidad de Valladolid";Yes;Yes;0,151;Q1;7;54;58;1047;10;58;0,11;19,39;43,10;0;Spain;Western Europe;"Department of Spanish Literature and Theory of Literature and Comparative Literature.Universidad de Valladolid";"2013-2025";"Literature and Literary Theory (Q1)";"Arts and Humanities"
219;21101039811;"Early American Studies";journal;"15434273, 15590895";"University of Pennsylvania Press";No;No;0,151;Q1;5;29;45;1676;12;45;0,22;57,79;44,44;0;United States;Northern America;"University of Pennsylvania Press";"2019-2025";"Literature and Literary Theory (Q1); Cultural Studies (Q2); History (Q2); Music (Q2); Philosophy (Q2); Religious Studies (Q2); Visual Arts and Performing Arts (Q2)";"Arts and Humanities; Social Sciences"
220;5800207563;"European Journal of English Studies";journal;"17444233, 13825577";"Routledge";No;No;0,151;Q1;18;27;67;965;45;57;0,83;35,74;92,31;1;United Kingdom;Western Europe;"Routledge";"2008, 2010-2025";"Literature and Literary Theory (Q1); Linguistics and Language (Q3)";"Arts and Humanities; Social Sciences"
221;21100205710;"Estudios Romanicos";journal;"1989614X, 02104911";"Universidad de Murcia Servicio de Publicaciones";Yes;Yes;0,150;Q1;5;28;75;800;17;75;0,26;28,57;57,89;0;Spain;Western Europe;"Universidad de Murcia Servicio de Publicaciones";"2011-2024";"Literature and Literary Theory (Q1); Linguistics and Language (Q3)";"Arts and Humanities; Social Sciences"
222;21100933328;"Etudes Romanes de Brno";journal;"23364416, 18037399";"Masaryk University";Yes;Yes;0,150;Q1;5;50;124;1063;21;120;0,20;21,26;59,09;0;Czech Republic;Eastern Europe;"Masaryk University";"2019-2025";"Literature and Literary Theory (Q1); Linguistics and Language (Q3)";"Arts and Humanities; Social Sciences"
223;14098;"Studia Islamica";journal;"05855292, 19585705";"Brill Academic Publishers";No;No;0,150;Q1;17;14;26;1436;21;26;0,95;102,57;21,43;0;France;Western Europe;"Brill Academic Publishers";"1970-1971, 1981, 1989, 1994, 2001-2007, 2013-2025";"Literature and Literary Theory (Q1); History (Q2); Religious Studies (Q2); Law (Q3); Linguistics and Language (Q3)";"Arts and Humanities; Social Sciences"
224;5800222465;"Acta Orientalia";journal;"00016446, 15882667";"Akademiai Kiado ZRt.";No;No;0,149;Q1;11;27;78;2065;18;78;0,25;76,48;35,48;0;Hungary;Eastern Europe;"Akademiai Kiado ZRt.";"2007-2026";"Literature and Literary Theory (Q1); Cultural Studies (Q2); History (Q2)";"Arts and Humanities; Social Sciences"
225;21101000292;"Children's Literature Association Quarterly";journal;"08850429, 15531201";"Johns Hopkins University Press";No;No;0,149;Q1;8;21;66;513;24;60;0,23;24,43;78,95;0;United States;Northern America;"Johns Hopkins University Press";"2015-2016, 2018-2025";"Literature and Literary Theory (Q1)";"Arts and Humanities"
226;21100200629;"Journal of Screenwriting";journal;"17597145, 17597137";"Intellect Ltd.";No;No;0,149;Q1;14;22;65;834;19;56;0,22;37,91;39,29;0;United Kingdom;Western Europe;"Intellect Ltd.";"2010-2011, 2013-2025";"Literature and Literary Theory (Q1); Visual Arts and Performing Arts (Q2)";"Arts and Humanities"
227;16000154780;"Die Welt der Slaven: Internationale Halbjahresschrift fur Slavistik";journal;"00432520";"Verlag Otto Sagner";No;No;0,148;Q1;7;23;49;751;14;48;0,33;32,65;35,71;0;Germany;Western Europe;"Verlag Otto Sagner";"2002-2015, 2017-2025";"Literature and Literary Theory (Q1); Visual Arts and Performing Arts (Q2); Linguistics and Language (Q3)";"Arts and Humanities; Social Sciences"
228;21100891039;"Erudition and the Republic of Letters";journal;"24055050, 24055069";"Brill Academic Publishers";No;No;0,148;Q1;6;8;39;417;15;39;0,45;52,13;22,22;0;Netherlands;Western Europe;"Brill Academic Publishers";"2016-2025";"Literature and Literary Theory (Q1); History (Q2); Communication (Q3); History and Philosophy of Science (Q3); Linguistics and Language (Q3); Education (Q4)";"Arts and Humanities; Social Sciences"
229;21100245925;"Revista Letral";journal;"19893302";"Department of Spanish Literature of the University of Granada";Yes;Yes;0,148;Q1;7;16;89;457;28;83;0,31;28,56;58,82;0;Spain;Western Europe;"Department of Spanish Literature of the University of Granada";"2013-2026";"Literature and Literary Theory (Q1)";"Arts and Humanities"
230;21100899305;"SARE";journal;"0127046X";"University of Malaya";Yes;Yes;0,148;Q1;4;24;82;439;14;54;0,11;18,29;82,35;0;Malaysia;Asiatic Region;"University of Malaya";"2018-2025";"Literature and Literary Theory (Q1); Cultural Studies (Q2); Communication (Q3); Linguistics and Language (Q3)";"Arts and Humanities; Social Sciences"
231;21100870382;"ABAC Journal";journal;"08580855";"Assumption University";No;No;0,147;Q1;15;57;130;3110;76;125;0,60;54,56;51,09;0;Thailand;Asiatic Region;"Assumption University";"2018-2025";"Literature and Literary Theory (Q1); Business, Management and Accounting (miscellaneous) (Q4); Economics, Econometrics and Finance (miscellaneous) (Q4); Education (Q4); Social Sciences (miscellaneous) (Q4)";"Arts and Humanities; Business, Management and Accounting; Economics, Econometrics and Finance; Social Sciences"
232;6000169412;"Journal of the Southwest";journal;"08948410";"University of Arizona";No;No;0,147;Q1;15;11;83;502;10;72;0,21;45,64;40,00;0;United States;Northern America;"University of Arizona";"2001-2025";"Literature and Literary Theory (Q1); Cultural Studies (Q2); History (Q2); Anthropology (Q3)";"Arts and Humanities; Social Sciences"
233;5700155559;"Philosophy and Literature";journal;"01900013, 1086329X";"Johns Hopkins University Press";No;No;0,147;Q1;20;35;100;798;18;96;0,16;22,80;28,13;0;United States;Northern America;"Johns Hopkins University Press";"2002-2025";"Literature and Literary Theory (Q1); Philosophy (Q2)";"Arts and Humanities"
234;21100899527;"Australian Feminist Law Journal";journal;"22040064, 13200968";"Routledge";No;No;0,146;Q1;10;14;52;0;25;46;0,19;0,00;85,71;1;Australia;Pacific Region;"Routledge";"2018-2026";"Literature and Literary Theory (Q1); Gender Studies (Q3); Law (Q3); Sociology and Political Science (Q3); Psychology (miscellaneous) (Q4)";"Arts and Humanities; Psychology; Social Sciences"
235;5800208254;"Dictionaries";journal;"21605076, 01976745";"Dictionary Society of North America";No;No;0,146;Q1;7;17;65;616;23;56;0,24;36,24;50,00;0;United States;Northern America;"Dictionary Society of North America";"2017-2025";"Literature and Literary Theory (Q1); Linguistics and Language (Q3)";"Arts and Humanities; Social Sciences"
236;5800198046;"Scandinavian Studies";journal;"00365637";"Society for the Advancement of Scandinavian Study";No;No;0,146;Q1;16;33;106;1078;50;105;0,19;32,67;48,57;0;United States;Northern America;"Society for the Advancement of Scandinavian Study";"1974, 1999, 2002-2026";"Literature and Literary Theory (Q1); Linguistics and Language (Q3)";"Arts and Humanities; Social Sciences"
237;19900191623;"AJS Review";journal;"03640094, 14754541";"Cambridge University Press";No;No;0,145;Q1;22;15;53;829;31;50;0,31;55,27;25,00;0;United Kingdom;Western Europe;"Cambridge University Press";"1976-1982, 1984-1999, 2001-2025";"Literature and Literary Theory (Q1); Cultural Studies (Q2); History (Q2); Religious Studies (Q2)";"Arts and Humanities; Social Sciences"
238;5700153667;"College Literature";journal;"00933139, 15424286";"West Chester University";No;No;0,145;Q1;21;26;104;1081;33;102;0,41;41,58;53,85;0;United States;Northern America;"West Chester University";"2002-2026";"Literature and Literary Theory (Q1); Education (Q4)";"Arts and Humanities; Social Sciences"
239;19900192529;"Journal of Iberian and Latin American Research";journal;"21519668, 13260219";"Routledge";No;No;0,145;Q1;13;28;81;0;20;75;0,30;0,00;48,39;0;United Kingdom;Western Europe;"Routledge";"1995-2008, 2010-2024";"Literature and Literary Theory (Q1); Cultural Studies (Q2); Sociology and Political Science (Q4)";"Arts and Humanities; Social Sciences"
240;19900191971;"Kemanusiaan";journal;"21804257, 13949330";"Penerbit Universiti Sains Malaysia";Yes;No;0,145;Q1;9;20;54;812;25;53;0,56;40,60;32,26;0;Malaysia;Asiatic Region;"Penerbit Universiti Sains Malaysia";"2008-2025";"Literature and Literary Theory (Q1); Cultural Studies (Q2); Linguistics and Language (Q3); Philosophy (Q3)";"Arts and Humanities; Social Sciences"
241;21100944721;"Cadernos de Traducao";journal;"21757968, 1414526X";"Universidade Federal de Santa Catarina";Yes;Yes;0,144;Q1;8;84;255;1869;36;249;0,09;22,25;58,04;0;Brazil;Latin America;"Universidade Federal de Santa Catarina";"2019-2025";"Literature and Literary Theory (Q1); Linguistics and Language (Q3)";"Arts and Humanities; Social Sciences"
242;20625;"English Studies";journal;"17444217, 0013838X";"Taylor and Francis Ltd.";No;No;0,144;Q1;24;68;169;2767;46;165;0,27;40,69;44,44;0;United Kingdom;Western Europe;"Taylor and Francis Ltd.";"1919-1944, 1946-2026";"Literature and Literary Theory (Q1); Linguistics and Language (Q3)";"Arts and Humanities; Social Sciences"
243;21100820204;"Manuscripta Orientalia";journal;"24153613, 12385018";"Thesa Publishers";No;No;0,144;Q1;4;18;51;500;17;49;0,38;27,78;47,62;0;Russian Federation;Eastern Europe;"Thesa Publishers";"2016-2025";"Literature and Literary Theory (Q1); Cultural Studies (Q2); Linguistics and Language (Q3); Library and Information Sciences (Q4)";"Arts and Humanities; Social Sciences"
244;16060;"Shakespeare Studies";journal;"05829399";"Associated University Presses";No;No;0,144;Q1;14;13;35;409;12;25;0,00;31,46;0,00;0;United States;Northern America;"Associated University Presses";"1979, 1983, 2002-2013, 2018-2019, 2021-2022";"Literature and Literary Theory (Q1); Cultural Studies (Q2); Visual Arts and Performing Arts (Q2)";"Arts and Humanities; Social Sciences"
245;16000154704;"Wordsworth Circle";journal;"26407310, 00438006";"University of Chicago Press";No;No;0,144;Q1;11;36;79;867;8;70;0,07;24,08;30,00;0;United States;Northern America;"University of Chicago Press";"2002-2025";"Literature and Literary Theory (Q1); Cultural Studies (Q2)";"Arts and Humanities; Social Sciences"
246;21100868562;"Cuadernos Dieciochistas";journal;"23411902, 15767914";"Ediciones Universidad de Salamanca";Yes;Yes;0,144;Q2;4;28;47;620;9;46;0,13;22,14;30,00;0;Spain;Western Europe;"Ediciones Universidad de Salamanca";"2017-2025";"History (Q2); Literature and Literary Theory (Q2); Visual Arts and Performing Arts (Q2); Philosophy (Q3)";"Arts and Humanities"
247;5700164244;"Die Welt des Islams";journal;"00432539, 15700607";"Brill Academic Publishers";No;No;0,144;Q2;33;14;52;1916;18;51;0,42;136,86;7,14;0;Netherlands;Western Europe;"Brill Academic Publishers";"1921, 1951-1955, 1957, 1959, 1961-1962, 1965-1966, 1968-1969, 1971, 1973-1976, 1978-1980, 1985-1986, 1989-1992, 1994-2026";"Cultural Studies (Q2); History (Q2); Literature and Literary Theory (Q2); Religious Studies (Q2)";"Arts and Humanities; Social Sciences"
248;21101039166;"Angles";journal;"22742042";"Societe des Anglicistes de l’Enseignement Superieur";Yes;Yes;0,143;Q2;4;23;43;811;9;43;0,21;35,26;65,22;0;France;Western Europe;"Societe des Anglicistes de l’Enseignement Superieur";"2020-2025";"Cultural Studies (Q2); History (Q2); Literature and Literary Theory (Q2); Linguistics and Language (Q3)";"Arts and Humanities; Social Sciences"
249;21100265080;"Anuario Calderoniano";journal;"18888046";"Universidad de Navarra";Yes;No;0,143;Q2;6;18;50;926;6;49;0,14;51,44;50,00;1;Spain;Western Europe;"Universidad de Navarra";"2013-2015, 2017-2025";"Literature and Literary Theory (Q2)";"Arts and Humanities"
250;5800207799;"Fluminensia";journal;"03534642";"University of Rijeka";Yes;Yes;0,143;Q2;10;25;72;893;21;72;0,30;35,72;70,00;0;Croatia;Eastern Europe;"University of Rijeka";"2011-2025";"Literature and Literary Theory (Q2); Linguistics and Language (Q3)";"Arts and Humanities; Social Sciences"
251;21101041824;"Prism";journal;"25783505, 25783491";"Duke University Press";No;No;0,143;Q2;6;35;70;898;18;67;0,19;25,66;36,36;0;United States;Northern America;"Duke University Press";"2019-2024";"Literature and Literary Theory (Q2); Linguistics and Language (Q3)";"Arts and Humanities; Social Sciences"
252;21101079133;"Studia Litteraria et Historica";journal;"22997571";"Polish Academy of Sciences, Institute of Slavic Studies";Yes;Yes;0,143;Q2;3;7;36;355;5;36;0,12;50,71;14,29;0;Poland;Eastern Europe;"Polish Academy of Sciences, Institute of Slavic Studies";"2019-2024";"Cultural Studies (Q2); History (Q2); Literature and Literary Theory (Q2); Anthropology (Q3)";"Arts and Humanities; Social Sciences"
253;16300154713;"Studies in the Novel";journal;"00393827";"University of North Texas, English Department";No;No;0,143;Q2;24;28;82;769;27;78;0,33;27,46;40,63;0;United States;Northern America;"University of North Texas, English Department";"2003-2026";"Literature and Literary Theory (Q2)";"Arts and Humanities"
254;5800221971;"Zeitschrift fur Slawistik";journal;"21967016, 00443506";"Walter de Gruyter GmbH";No;No;0,143;Q2;9;26;78;1269;20;76;0,35;48,81;56,67;0;Germany;Western Europe;"Walter de Gruyter GmbH";"1956-1966, 1968-1979, 1981-2025";"Cultural Studies (Q2); Literature and Literary Theory (Q2); Linguistics and Language (Q3)";"Arts and Humanities; Social Sciences"
255;19700168310;"Adaptation";journal;"17550645, 17550637";"Oxford University Press";No;No;0,142;Q2;15;29;67;1211;50;66;0,61;41,76;34,29;0;United Kingdom;Western Europe;"Oxford University Press";"2010-2026";"Literature and Literary Theory (Q2); Visual Arts and Performing Arts (Q2)";"Arts and Humanities"
256;13611;"Ariel";journal;"00041327";"Johns Hopkins University Press";No;No;0,142;Q2;17;26;64;1115;28;64;0,40;42,88;56,52;0;United States;Northern America;"Johns Hopkins University Press";"2002-2025";"Literature and Literary Theory (Q2)";"Arts and Humanities"
257;5700164353;"Critique";journal;"17488605, 03017605";"Taylor and Francis Ltd.";No;No;0,142;Q2;13;37;91;0;19;84;0,21;0,00;22,50;0;United Kingdom;Western Europe;"Taylor and Francis Ltd.";"1973-1980, 1982, 1984, 1986, 1988-1989, 1991, 1993-1999, 2001-2003, 2005-2025";"Literature and Literary Theory (Q2)";"Arts and Humanities"
258;19700188310;"Italian Culture";journal;"15590909, 01614622";"Maney Publishing";No;No;0,142;Q2;8;13;43;537;10;38;0,07;41,31;50,00;0;United Kingdom;Western Europe;"Maney Publishing";"1978, 1980-1981, 1983-1986, 1990-1995, 2009-2026";"Cultural Studies (Q2); Literature and Literary Theory (Q2); Visual Arts and Performing Arts (Q2); Sociology and Political Science (Q4)";"Arts and Humanities; Social Sciences"
259;5700188557;"Journal of Literary Semantics";journal;"03417638, 16133838";"De Gruyter Mouton";No;No;0,142;Q2;19;16;26;420;21;24;0,89;26,25;42,11;0;Germany;Western Europe;"De Gruyter Mouton";"1972-2026";"Literature and Literary Theory (Q2); Linguistics and Language (Q3)";"Arts and Humanities; Social Sciences"
260;23018;"Logos (The Netherlands)";journal;"18784712, 09579656";"Brill Academic Publishers";No;No;0,142;Q2;9;21;61;264;12;50;0,19;12,57;60,87;1;Netherlands;Western Europe;"Brill Academic Publishers";"1994, 1996-2025";"Literature and Literary Theory (Q2); Media Technology (Q3); Communication (Q4); Computer Science Applications (Q4); Education (Q4); Library and Information Sciences (Q4)";"Arts and Humanities; Computer Science; Engineering; Social Sciences"
261;5800224473;"Minnesota Review";journal;"00265667";"Duke University Press";No;No;0,142;Q2;14;33;67;156;20;55;0,29;4,73;44,44;0;United States;Northern America;"Duke University Press";"2002-2007, 2009-2025";"Literature and Literary Theory (Q2)";"Arts and Humanities"
262;16000154744;"Primerjalna Knjizevnost";journal;"03511189";"Slovensko Drustvo za Primerjalno Knjizevnost (Slovene Comparative Literature Association)";Yes;Yes;0,142;Q2;9;34;110;860;18;107;0,07;25,29;54,29;0;Slovenia;Eastern Europe;"Slovensko Drustvo za Primerjalno Knjizevnost (Slovene Comparative Literature Association)";"1996-2025";"Literature and Literary Theory (Q2)";"Arts and Humanities"
263;21101039867;"Theoretical Studies in Literature and Art";journal;"02570254";"East China Normal University Press";No;No;0,142;Q2;3;129;391;3253;9;391;0,02;25,22;31,47;0;China;Asiatic Region;"East China Normal University Press";"2012-2025";"Cultural Studies (Q2); Literature and Literary Theory (Q2); Visual Arts and Performing Arts (Q2); Anthropology (Q3)";"Arts and Humanities; Social Sciences"
264;16400154766;"Sub-Stance";journal;"00492426, 15272095";"Johns Hopkins University Press";No;No;0,141;Q2;29;29;78;761;16;76;0,15;26,24;46,67;0;United States;Northern America;"Johns Hopkins University Press";"2002-2025";"Literature and Literary Theory (Q2)";"Arts and Humanities"
265;21100465146;"Atalanta";journal;"23401176";"Departamento de Literatura Espanola-Universidad de Sevilla";Yes;Yes;0,140;Q2;5;24;61;559;15;60;0,17;23,29;31,58;0;Spain;Western Europe;"Departamento de Literatura Espanola-Universidad de Sevilla";"2016-2025";"History (Q2); Literature and Literary Theory (Q2); Linguistics and Language (Q3)";"Arts and Humanities; Social Sciences"
266;21100901900;"Black Camera";journal;"15363155, 19474237";"Indiana University Press";No;No;0,140;Q2;6;33;206;1146;34;195;0,17;34,73;48,28;0;Russian Federation;Eastern Europe;"Indiana University Press";"2018-2025";"Cultural Studies (Q2); Literature and Literary Theory (Q2); Visual Arts and Performing Arts (Q2); Communication (Q4)";"Arts and Humanities; Social Sciences"
267;21100861710;"Interdisciplinary Studies of Literature";journal;"25204920";"Knowledge Hub Publishing Company Limited (Hong Kong)";No;No;0,140;Q2;4;62;151;1430;8;151;0,06;23,06;34,62;0;China;Asiatic Region;"Knowledge Hub Publishing Company Limited (Hong Kong)";"2017-2025";"Literature and Literary Theory (Q2)";"Arts and Humanities"
268;17564;"Prose Studies";journal;"01440357, 17439426";"Taylor and Francis Ltd.";No;No;0,140;Q2;15;10;37;384;9;34;0,24;38,40;0,00;0;United Kingdom;Western Europe;"Taylor and Francis Ltd.";"1980-2003, 2005-2018, 2020-2022, 2025-2026";"Literature and Literary Theory (Q2)";"Arts and Humanities"
269;24925;"Rivista degli Studi Orientali";journal;"17241863, 03924866";"Fabrizio Serra Editore Srl";No;No;0,140;Q2;6;36;92;1749;15;90;0,18;48,58;58,82;0;Italy;Western Europe;"Fabrizio Serra Editore Srl";"1971-1972, 2012-2025";"Cultural Studies (Q2); History (Q2); Literature and Literary Theory (Q2); Visual Arts and Performing Arts (Q2)";"Arts and Humanities; Social Sciences"
270;16608;"Slavonic and East European Review";journal;"00376795";"Maney Publishing";No;No;0,140;Q2;21;38;86;2212;26;86;0,28;58,21;39,47;0;United Kingdom;Western Europe;"Maney Publishing";"1971, 1979-1981, 1999, 2002-2025";"Cultural Studies (Q2); History (Q2); Literature and Literary Theory (Q2); Linguistics and Language (Q3); Sociology and Political Science (Q4)";"Arts and Humanities; Social Sciences"
271;21101019781;"Moenia";journal;"11372346, 2340003X";"Universidade de Santiago de Compostela";No;Yes;0,139;Q2;5;33;67;1301;17;65;0,06;39,42;51,61;0;Spain;Western Europe;"Universidade de Santiago de Compostela";"2019-2024";"Literature and Literary Theory (Q2); Linguistics and Language (Q3)";"Arts and Humanities; Social Sciences"
272;21101061449;"Poznanskie Studia Slawistyczne";journal;"20843011, 24502731";"Uniwersytet im. Adama Mickiewicza w Poznaniu";No;No;0,139;Q2;3;41;127;1266;9;123;0,11;30,88;63,41;0;Poland;Eastern Europe;"Uniwersytet im. Adama Mickiewicza w Poznaniu";"2019-2025";"History (Q2); Literature and Literary Theory (Q2); Anthropology (Q3); Cultural Studies (Q3); Linguistics and Language (Q3); Communication (Q4)";"Arts and Humanities; Social Sciences"
273;21100904421;"Respectus Philologicus";journal;"13928295, 23352388";"Vilnius University Press";Yes;Yes;0,139;Q2;5;30;98;840;14;94;0,09;28,00;71,11;0;Lithuania;Eastern Europe;"Vilnius University Press";"2019-2025";"Literature and Literary Theory (Q2); Linguistics and Language (Q3); Communication (Q4)";"Arts and Humanities; Social Sciences"
274;17100154720;"Science-Fiction Studies";journal;"00917729";"S F - T H, Inc.";No;No;0,139;Q2;25;28;86;956;16;78;0,13;34,14;48,39;0;United States;Northern America;"S F - T H, Inc.";"2002-2025";"Literature and Literary Theory (Q2)";"Arts and Humanities"
275;19700187618;"Storytelling, Self, Society";journal;"15505340, 19320280";"Wayne State University Press";No;No;0,139;Q2;10;10;44;523;14;39;0,03;52,30;53,85;0;United States;Northern America;"Wayne State University Press";"2010-2014, 2017-2023";"Cultural Studies (Q2); Literature and Literary Theory (Q2); Anthropology (Q3); Archeology (Q3)";"Arts and Humanities; Social Sciences"
276;21100932834;"Acotaciones";journal;"24443948, 11307269";"Real Escuela Superior de Arte Dramatico";No;Yes;0,138;Q2;2;42;67;850;3;54;0,04;20,24;57,14;0;Spain;Western Europe;"Real Escuela Superior de Arte Dramatico";"2019-2025";"Literature and Literary Theory (Q2); Visual Arts and Performing Arts (Q2)";"Arts and Humanities"
277;16300154707;"Dickens Quarterly";journal;"21695377, 07425473";"Johns Hopkins University Press";No;No;0,138;Q2;8;29;65;930;6;60;0,11;32,07;44,00;0;United States;Northern America;"Johns Hopkins University Press";"2002-2025";"Literature and Literary Theory (Q2)";"Arts and Humanities"
278;21100202733;"Extrapolation";journal;"00145483";"Liverpool University Press";No;No;0,138;Q2;11;7;39;349;13;38;0,31;49,86;55,56;0;United States;Northern America;"Liverpool University Press";"2002, 2007, 2011-2025";"Literature and Literary Theory (Q2); Cultural Studies (Q3)";"Arts and Humanities; Social Sciences"
279;21100782392;"International Journal of African Renaissance Studies";journal;"17537274, 18186874";"Taylor and Francis Ltd.";No;No;0,138;Q2;11;24;54;986;24;47;0,34;41,08;33,33;1;United Kingdom;Western Europe;"Taylor and Francis Ltd.";"2015-2025";"History (Q2); Literature and Literary Theory (Q2); Visual Arts and Performing Arts (Q2)";"Arts and Humanities"
280;21100901813;"Orillas";journal;"22804390";"Padova University Press";Yes;Yes;0,138;Q2;5;28;86;730;12;81;0,07;26,07;58,62;0;South Korea;Asiatic Region;"Padova University Press";"2018-2019, 2021-2025";"History (Q2); Literature and Literary Theory (Q2); Linguistics and Language (Q3)";"Arts and Humanities; Social Sciences"
281;21100845638;"Steinbeck Review";journal;"1546007X, 17546087";"Penn State University Press";No;No;0,138;Q2;4;17;48;324;5;44;0,09;19,06;28,57;0;United States;Northern America;"Penn State University Press";"2017-2025";"Literature and Literary Theory (Q2)";"Arts and Humanities"
282;20300195056;"Ancient Near Eastern Studies";journal;"13784641, 17831326";"Peeters Publishers";No;No;0,137;Q2;10;10;37;756;6;37;0,20;75,60;41,18;0;Belgium;Western Europe;"Peeters Publishers";"2011-2024";"Classics (Q2); History (Q2); Literature and Literary Theory (Q2); Visual Arts and Performing Arts (Q2); Archeology (Q3); Archeology (arts and humanities) (Q3)";"Arts and Humanities; Social Sciences"
283;21100454974;"Bakhtiniana";journal;"21764573";"Pontificia Universidade Catolica de Sao Paulo";Yes;Yes;0,137;Q2;8;52;134;1206;28;127;0,13;23,19;57,35;0;Brazil;Latin America;"Pontificia Universidade Catolica de Sao Paulo";"2015-2026";"Literature and Literary Theory (Q2); Linguistics and Language (Q3); Philosophy (Q3)";"Arts and Humanities; Social Sciences"
284;21101040634;"Comparative Oriental Manuscript Studies Bulletin";journal;"24100951";"Universitat Hamburg";Yes;Yes;0,137;Q2;5;28;31;1330;19;29;0,43;47,50;36,67;0;Germany;Western Europe;"Universitat Hamburg";"2019-2024";"Literature and Literary Theory (Q2); Conservation (Q3); Linguistics and Language (Q3); Library and Information Sciences (Q4)";"Arts and Humanities; Social Sciences"
285;5800207759;"Revista de Filologia Espanola";journal;"02109174, 19888538";"CSIC Consejo Superior de Investigaciones Cientificas";Yes;Yes;0,137;Q2;11;20;51;1107;15;51;0,38;55,35;45,83;0;Spain;Western Europe;"CSIC Consejo Superior de Investigaciones Cientificas";"1996-2025";"Literature and Literary Theory (Q2); Linguistics and Language (Q3)";"Arts and Humanities; Social Sciences"
286;21101080471;"Whatever";journal;"2611657X";"University of Pisa";Yes;Yes;0,137;Q2;6;15;57;625;8;56;0,17;41,67;25,00;0;Italy;Western Europe;"University of Pisa";"2018-2024";"Literature and Literary Theory (Q2); Visual Arts and Performing Arts (Q2); Cultural Studies (Q3); Gender Studies (Q3)";"Arts and Humanities; Social Sciences"
287;21100944571;"Al-'Arabiyya";journal;"23754036, 08898731";"Georgetown University Press";No;No;0,136;Q2;4;0;25;0;3;20;0,06;0,00;0,00;0;United States;Northern America;"Georgetown University Press";"2019-2021, 2023-2025";"Literature and Literary Theory (Q2); Linguistics and Language (Q3); Education (Q4)";"Arts and Humanities; Social Sciences"
288;21100838211;"Applied Theatre Research";journal;"20493010, 20493029";"Intellect Ltd.";No;No;0,136;Q2;8;13;50;476;22;48;0,45;36,62;64,71;0;United Kingdom;Western Europe;"Intellect Ltd.";"2017-2025";"Literature and Literary Theory (Q2); Visual Arts and Performing Arts (Q2); Cultural Studies (Q3)";"Arts and Humanities; Social Sciences"
289;6500153153;"Cambridge Quarterly";journal;"0008199X, 14716836";"Oxford University Press";No;No;0,136;Q2;13;21;54;486;9;51;0,18;23,14;50,00;0;United Kingdom;Western Europe;"Oxford University Press";"1965-2025";"Literature and Literary Theory (Q2)";"Arts and Humanities"
290;16100154791;"Comparative Literature Studies";journal;"15284212, 00104132";"Penn State University Press";No;No;0,136;Q2;21;38;89;2024;42;88;0,44;53,26;74,36;0;United States;Northern America;"Penn State University Press";"2000, 2002-2025";"Literature and Literary Theory (Q2); Cultural Studies (Q3)";"Arts and Humanities; Social Sciences"
291;16200154704;"Criticism";journal;"00111589, 15360342";"Wayne State University Press";No;No;0,135;Q2;25;20;73;561;31;73;0,33;28,05;45,83;0;United States;Northern America;"Wayne State University Press";"2002-2024";"Literature and Literary Theory (Q2); Visual Arts and Performing Arts (Q2)";"Arts and Humanities"
292;16100154763;"Esprit Createur";journal;"00140767, 19310234";"Johns Hopkins University Press";No;No;0,135;Q2;13;46;131;1398;25;129;0,19;30,39;63,83;0;United States;Northern America;"Johns Hopkins University Press";"2002-2025";"Literature and Literary Theory (Q2)";"Arts and Humanities"
293;21100225018;"Ilha do Desterro";journal;"01014846, 21758026";"Universidade Federal de Santa Catarina";Yes;Yes;0,135;Q2;12;34;172;1050;28;167;0,17;30,88;71,11;0;Brazil;Latin America;"Universidade Federal de Santa Catarina";"2012-2025";"Literature and Literary Theory (Q2)";"Arts and Humanities"
294;21100286852;"Journal of Modern Literature";journal;"15291464, 0022281X";"Indiana University Press";No;No;0,135;Q2;13;53;133;1647;31;132;0,17;31,08;30,77;0;United States;Northern America;"Indiana University Press";"2013-2025";"Literature and Literary Theory (Q2)";"Arts and Humanities"
295;16300154779;"Lion and the Unicorn";journal;"01472593, 10806563";"Johns Hopkins University Press";Yes;No;0,135;Q2;20;21;67;533;13;58;0,09;25,38;72,73;0;United States;Northern America;"Johns Hopkins University Press";"2002-2024";"Literature and Literary Theory (Q2)";"Arts and Humanities"
296;16200154795;"MFS - Modern Fiction Studies";journal;"1080658X, 00267724";"Johns Hopkins University Press";No;No;0,135;Q2;30;33;80;1098;39;79;0,48;33,27;55,88;0;United States;Northern America;"Johns Hopkins University Press";"2002-2025";"Literature and Literary Theory (Q2)";"Arts and Humanities"
297;21101054228;"South Asian Review";journal;"02759527, 25739476";"Taylor and Francis Ltd.";No;No;0,135;Q2;6;28;78;817;39;61;0,34;29,18;65,22;0;United Kingdom;Western Europe;"Taylor and Francis Ltd.";"2003-2004, 2006, 2011, 2017, 2019-2026";"Literature and Literary Theory (Q2); Cultural Studies (Q3); Linguistics and Language (Q3); Gender Studies (Q4)";"Arts and Humanities; Social Sciences"
298;19803;"Victorian Periodicals Review";journal;"1712526X, 07094698";"Johns Hopkins University Press";No;No;0,135;Q2;17;19;86;798;21;84;0,18;42,00;72,22;0;United States;Northern America;"Johns Hopkins University Press";"1979-1980, 1999, 2001, 2009-2025";"Literature and Literary Theory (Q2); History and Philosophy of Science (Q3)";"Arts and Humanities"
299;21100218077;"Anclajes";journal;"03293807, 18514669";"Instituto de Investigaciones Literarias y Discursivas, Universidad Nacional de La Pampa";Yes;Yes;0,134;Q2;6;26;96;692;15;96;0,10;26,62;81,48;0;Argentina;Latin America;"Instituto de Investigaciones Literarias y Discursivas, Universidad Nacional de La Pampa";"2012-2026";"Literature and Literary Theory (Q2); Cultural Studies (Q3); Linguistics and Language (Q3)";"Arts and Humanities; Social Sciences"
300;21100805795;"CHINOPERL: Journal of Chinese Oral and Performing Literature";journal;"2835317X, 28353188";"University of Hawaii Press";No;No;0,134;Q2;5;12;27;190;4;22;0,00;15,83;66,67;0;United Kingdom;Western Europe;"University of Hawaii Press";"2013-2025";"Literature and Literary Theory (Q2); Visual Arts and Performing Arts (Q2)";"Arts and Humanities"
301;21100788470;"Novoe Literaturnoe Obozrenie";journal;"08696365";"Novoe Literaturnoe Obozrenie Ltd.";Yes;No;0,134;Q2;4;153;178;4478;10;177;0,09;29,27;54,00;0;Russian Federation;Eastern Europe;"Novoe Literaturnoe Obozrenie Ltd.";"2016-2025";"Literature and Literary Theory (Q2); Cultural Studies (Q3)";"Arts and Humanities; Social Sciences"
302;19500157422;"Quaderni Urbinati di Cultura Classica";journal;"17241901, 00334987";"Fabrizio Serra Editore Srl";No;No;0,134;Q2;10;31;96;1540;13;94;0,13;49,68;41,38;0;Italy;Western Europe;"Fabrizio Serra Editore Srl";"2009-2025";"Classics (Q2); Literature and Literary Theory (Q2); Linguistics and Language (Q3)";"Arts and Humanities; Social Sciences"
303;16400154707;"Symposium - Quarterly Journal in Modern Literatures";journal;"00397709, 19310676";"Routledge";No;No;0,134;Q2;7;16;52;468;9;50;0,14;29,25;56,25;0;United States;Northern America;"Routledge";"1946-1954, 1956-2025";"Literature and Literary Theory (Q2)";"Arts and Humanities"
304;21100888596;"Colloquia";journal;"18223737";"Institute of Lithuanian Literature and Folklore";No;No;0,133;Q2;3;27;88;366;8;76;0,08;13,56;78,26;0;Lithuania;Eastern Europe;"Institute of Lithuanian Literature and Folklore";"2018-2025";"Literature and Literary Theory (Q2); Music (Q2); Arts and Humanities (miscellaneous) (Q3); Cultural Studies (Q3); Sociology and Political Science (Q4)";"Arts and Humanities; Social Sciences"
305;16600154708;"Contemporary Literature";journal;"00107484, 15489949";"University of Wisconsin Press";No;No;0,133;Q2;25;20;44;661;4;38;0,06;33,05;31,58;0;United States;Northern America;"University of Wisconsin Press";"2002-2025";"Literature and Literary Theory (Q2)";"Arts and Humanities"
306;21100395922;"Green Letters";journal;"14688417, 21681414";"Taylor and Francis Ltd.";No;No;0,133;Q2;12;32;85;1105;37;72;0,37;34,53;67,65;0;United Kingdom;Western Europe;"Taylor and Francis Ltd.";"2015-2025";"Literature and Literary Theory (Q2)";"Arts and Humanities"
307;5600154343;"Iranian Studies";journal;"00210862, 14754819";"Cambridge University Press";No;No;0,133;Q2;30;38;105;3115;46;95;0,38;81,97;31,58;0;United Kingdom;Western Europe;"Cambridge University Press";"1967-2026";"History (Q2); Literature and Literary Theory (Q2); Cultural Studies (Q3)";"Arts and Humanities; Social Sciences"
308;21101023864;"Paralleles";journal;"21024316, 22966684";"University of Geneva";Yes;Yes;0,133;Q2;5;20;38;756;13;36;0,27;37,80;77,27;0;Switzerland;Western Europe;"University of Geneva";"2019-2025";"Literature and Literary Theory (Q2); Linguistics and Language (Q3); Communication (Q4)";"Arts and Humanities; Social Sciences"
309;5000154506;"Neohelicon";journal;"15882810, 03244652";"Springer Science and Business Media B.V.";No;No;0,133;-;15;52;148;1594;26;142;0,19;30,65;48,15;0;Netherlands;Western Europe;"Springer Science and Business Media B.V.";"1973-2002, 2005-2026";"Arts and Humanities (miscellaneous) (Q3); Law (Q3); Social Sciences (miscellaneous) (Q4)";"Arts and Humanities; Social Sciences"
310;5700160810;"Boundary 2";journal;"01903659, 15272141";"Duke University Press";No;No;0,132;Q2;34;43;129;1034;32;114;0,08;24,05;20,59;0;United States;Northern America;"Duke University Press";"2002-2025";"History (Q2); Literature and Literary Theory (Q2); Cultural Studies (Q3); Sociology and Political Science (Q4)";"Arts and Humanities; Social Sciences"
311;5600155082;"Cultural Critique";journal;"08824371, 14602458";"University of Minnesota Press";No;No;0,132;Q2;31;27;107;839;19;97;0,15;31,07;40,00;0;United States;Northern America;"University of Minnesota Press";"2002-2025";"Literature and Literary Theory (Q2); Anthropology (Q3); Cultural Studies (Q3); Philosophy (Q3); Sociology and Political Science (Q4)";"Arts and Humanities; Social Sciences"
312;15921;"Lias";journal;"20334753, 20335016";"Peeters Publishers";No;No;0,132;Q2;8;8;14;674;6;14;0,10;84,25;37,50;0;Belgium;Western Europe;"Peeters Publishers";"1974, 1983, 1989, 2002-2007, 2010-2022, 2024";"History (Q2); Literature and Literary Theory (Q2); Philosophy (Q3)";"Arts and Humanities"
313;21100208058;"Bellaterra Journal of Teaching and Learning Language and Literature";journal;"20136196";"Universitat Autonoma de Barcelona";Yes;Yes;0,131;Q2;11;24;70;656;27;63;0,36;27,33;72,73;1;Spain;Western Europe;"Universitat Autonoma de Barcelona";"2016-2026";"Literature and Literary Theory (Q2); Linguistics and Language (Q3); Education (Q4)";"Arts and Humanities; Social Sciences"
314;19300156927;"Conradiana";journal;"00106356, 19350252";"Texas Tech University Press";No;No;0,131;Q2;8;0;29;0;0;27;0,00;0,00;0,00;0;United States;Northern America;"Texas Tech University Press";"2007-2020, 2023";"Literature and Literary Theory (Q2)";"Arts and Humanities"
315;5700166220;"Iberoamericana";journal;"15773388, 2255520X";"Ibero-Amerikanisches Institut Preußischer Kulturbesitz";Yes;Yes;0,131;Q2;7;38;114;1033;24;111;0,27;27,18;48,21;0;Germany;Western Europe;"Ibero-Amerikanisches Institut Preußischer Kulturbesitz";"2002, 2017-2025";"History (Q2); Literature and Literary Theory (Q2); Cultural Studies (Q3); Anthropology (Q4)";"Arts and Humanities; Social Sciences"
316;16100154746;"Oxford Literary Review";journal;"17571634, 03051498";"Edinburgh University Press";No;No;0,131;Q2;16;19;79;394;21;72;0,05;20,74;45,45;0;United Kingdom;Western Europe;"Edinburgh University Press";"1996-2025";"Literature and Literary Theory (Q2); Cultural Studies (Q3)";"Arts and Humanities; Social Sciences"
317;11600153462;"Shakespeare";journal;"17450918, 17450926";"Taylor and Francis Ltd.";No;No;0,131;Q2;15;41;145;1028;36;144;0,28;25,07;54,05;0;United Kingdom;Western Europe;"Taylor and Francis Ltd.";"2005-2026";"Literature and Literary Theory (Q2); Visual Arts and Performing Arts (Q2)";"Arts and Humanities"
318;17867;"Studies in Romanticism";journal;"00393762";"John Hopkins University";No;No;0,131;Q2;20;33;70;1105;23;69;0,16;33,48;43,33;0;United States;Northern America;"John Hopkins University";"1964, 1977, 2002-2025";"Literature and Literary Theory (Q2)";"Arts and Humanities"
319;21101043442;"World Journal of English Language";journal;"19250711, 19250703";"Sciedu Press";No;No;0,131;Q2;14;278;40;9406;24;40;0,60;33,83;44,53;1;Canada;Northern America;"Sciedu Press";"2020-2026";"Literature and Literary Theory (Q2); Linguistics and Language (Q3); Education (Q4)";"Arts and Humanities; Social Sciences"
320;13908;"Configurations";journal;"10806520, 10631801";"Johns Hopkins University Press";No;No;0,130;Q2;31;21;64;0;42;62;0,15;0,00;50,00;0;United States;Northern America;"Johns Hopkins University Press";"1993-1994, 1996-2001, 2004-2025";"Literature and Literary Theory (Q2); Philosophy (Q3); Health (social science) (Q4)";"Arts and Humanities; Social Sciences"
321;10300153365;"English Literary Renaissance";journal;"14756757, 00138312";"University of Chicago Press";No;No;0,130;Q2;24;21;68;116;31;59;0,53;5,52;69,23;0;United Kingdom;Western Europe;"University of Chicago Press";"1971-2026";"Literature and Literary Theory (Q2)";"Arts and Humanities"
322;21100380987;"Horror Studies";journal;"20403283, 20403275";"Intellect Ltd.";No;No;0,130;Q2;7;16;48;657;12;43;0,30;41,06;56,25;0;United Kingdom;Western Europe;"Intellect Ltd.";"2014-2025";"Literature and Literary Theory (Q2); Music (Q2); Visual Arts and Performing Arts (Q2)";"Arts and Humanities"
323;21101034464;"Royal Studies Journal";journal;"20576730";"Winchester University Press";Yes;Yes;0,130;Q2;4;24;63;1202;13;63;0,21;50,08;57,14;0;United Kingdom;Western Europe;"Winchester University Press";"2019-2025";"History (Q2); Literature and Literary Theory (Q2); Visual Arts and Performing Arts (Q2); Arts and Humanities (miscellaneous) (Q3)";"Arts and Humanities"
324;16200154761;"Studia Celtica";journal;"00816353";"University of Wales Press";No;No;0,130;Q2;9;8;29;532;1;27;0,05;66,50;14,29;0;United Kingdom;Western Europe;"University of Wales Press";"2003, 2005-2025";"History (Q2); Literature and Literary Theory (Q2); Archeology (Q3); Archeology (arts and humanities) (Q3); Cultural Studies (Q3); Linguistics and Language (Q3)";"Arts and Humanities; Social Sciences"
325;21100888813;"Studia Norwidiana";journal;"08600562, 25444433";"Towarzystwo Naukowe KUL";Yes;No;0,130;Q2;3;15;115;256;8;115;0,06;17,07;64,29;0;Poland;Eastern Europe;"Towarzystwo Naukowe KUL";"2018-2025";"Literature and Literary Theory (Q2); Cultural Studies (Q3)";"Arts and Humanities; Social Sciences"
326;11600153441;"TDR - The Drama Review - A Journal of Performance Studies";journal;"10542043, 15314715";"Cambridge University Press";No;No;0,130;Q2;34;46;135;1661;55;127;0,36;36,11;54,90;0;United States;Northern America;"Cambridge University Press";"2002-2025";"Literature and Literary Theory (Q2); Visual Arts and Performing Arts (Q2)";"Arts and Humanities"
327;5700173590;"Zeitschrift fur Literaturwissenschaft und Linguistik";journal;"2365953X, 00498653";"J.B. Metzler";No;No;0,130;Q2;10;33;122;1034;29;101;0,25;31,33;57,58;0;Germany;Western Europe;"J.B. Metzler";"1998, 2005-2006, 2009-2025";"Literature and Literary Theory (Q2); Linguistics and Language (Q3)";"Arts and Humanities; Social Sciences"
328;21100205318;"Asiatic";journal;"19853106";"International Islamic University Malaysia";No;No;0,129;Q2;7;24;87;628;15;81;0,16;26,17;51,72;0;Malaysia;Asiatic Region;"International Islamic University Malaysia";"2012-2025";"Literature and Literary Theory (Q2); Linguistics and Language (Q3)";"Arts and Humanities; Social Sciences"
329;21100835953;"Early China";journal;"03625028, 23252324";"Cambridge University Press";No;No;0,129;Q2;7;17;29;730;13;27;0,29;42,94;22,22;1;United Kingdom;Western Europe;"Cambridge University Press";"1977, 1981-1982, 1985, 1995-1997, 2016-2026";"History (Q2); Literature and Literary Theory (Q2); Religious Studies (Q2); Archeology (Q3); Archeology (arts and humanities) (Q3); Philosophy (Q3)";"Arts and Humanities; Social Sciences"
330;7200153149;"Journal of Jewish Thought and Philosophy";journal;"1053699X, 1477285X";"Brill Academic Publishers";No;No;0,129;Q2;13;14;35;430;9;33;0,19;30,71;23,08;0;Netherlands;Western Europe;"Brill Academic Publishers";"1993-1995, 1997-2004, 2006-2025";"Literature and Literary Theory (Q2); Religious Studies (Q2); Cultural Studies (Q3); Philosophy (Q3); Anthropology (Q4); Sociology and Political Science (Q4)";"Arts and Humanities; Social Sciences"
331;21100259537;"Knjizevna Smotra";journal;"04550463, 24596329";"Croatian Philological Society";No;No;0,129;Q2;2;47;150;1303;4;143;0,03;27,72;51,06;0;Croatia;Eastern Europe;"Croatian Philological Society";"2013-2025";"Literature and Literary Theory (Q2); Cultural Studies (Q3)";"Arts and Humanities; Social Sciences"
332;24949;"Mosaic";journal;"00271276";"University of Manitoba";No;No;0,129;Q2;21;0;85;0;10;76;0,12;0,00;0,00;0;Canada;Northern America;"University of Manitoba";"1971, 1978, 1988, 2002-2020";"Literature and Literary Theory (Q2)";"Arts and Humanities"
333;5800207689;"Anglia";journal;"18658938, 03405222";"Walter de Gruyter GmbH";No;No;0,128;Q2;15;26;74;1121;21;73;0,33;43,12;48,28;0;Germany;Western Europe;"Walter de Gruyter GmbH";"1878-1886, 1888-1889, 1891-1899, 1901-1942, 1944, 1950-1951, 1953-1999, 2001-2025";"Literature and Literary Theory (Q2); Linguistics and Language (Q3)";"Arts and Humanities; Social Sciences"
334;24268;"Korean Studies";journal;"0145840X, 15291529";"University of Hawaii Press";No;No;0,128;Q2;7;15;24;522;12;23;0,50;34,80;76,92;0;United States;Northern America;"University of Hawaii Press";"1991-1998, 2017-2025";"History (Q2); Literature and Literary Theory (Q2); Visual Arts and Performing Arts (Q2); Arts and Humanities (miscellaneous) (Q3); Cultural Studies (Q3); Anthropology (Q4); Geography, Planning and Development (Q4); Social Sciences (miscellaneous) (Q4); Sociology and Political Science (Q4)";"Arts and Humanities; Social Sciences"
335;19700181409;"LIT Literature Interpretation Theory";journal;"10436928, 15455866";"Routledge";No;No;0,128;Q2;16;18;57;690;20;54;0,32;38,33;46,67;0;United Kingdom;Western Europe;"Routledge";"1989-2025";"Literature and Literary Theory (Q2)";"Arts and Humanities"
336;16100154747;"Arthuriana";journal;"10786279, 19341539";"Scriptorium Press";No;No;0,127;Q2;11;31;64;959;12;60;0,22;30,94;61,29;0;United States;Northern America;"Scriptorium Press";"2002-2026";"History (Q2); Literature and Literary Theory (Q2)";"Arts and Humanities"
337;21100896340;"Bookbird: Journal of International Children's Literature";journal;"19186983, 00067377";"IBBY - International Board of Books for Young People";No;No;0,127;Q2;7;47;117;567;30;88;0,15;12,06;78,43;0;Switzerland;Western Europe;"IBBY - International Board of Books for Young People";"2018-2025";"Literature and Literary Theory (Q2)";"Arts and Humanities"
338;16000154723;"Comparative Literature";journal;"00104124, 19458517";"Duke University Press";No;No;0,127;Q2;21;26;74;1037;31;74;0,40;39,88;50,00;0;United States;Northern America;"Duke University Press";"2002-2025";"Literature and Literary Theory (Q2)";"Arts and Humanities"
339;21101055968;"Cuadernos LIRICO";journal;"22628339";"Universite Paris";Yes;Yes;0,127;Q2;3;67;71;507;6;71;0,00;7,57;35,19;0;France;Western Europe;"Universite Paris";"2019-2025";"Literature and Literary Theory (Q2)";"Arts and Humanities"
340;16000154789;"Exemplaria";journal;"10412573, 17533074";"Maney Publishing";No;No;0,127;Q2;14;20;55;977;22;48;0,21;48,85;63,16;0;United Kingdom;Western Europe;"Maney Publishing";"1989-1995, 2002-2025";"Literature and Literary Theory (Q2); Cultural Studies (Q3); Linguistics and Language (Q3)";"Arts and Humanities; Social Sciences"
341;20300195060;"Journal of Song-Yuan Studies";journal;"21546665, 10593152";"Journal of Song-Yuan Studies (JSYS)";No;No;0,127;Q2;8;13;45;676;11;42;0,33;52,00;41,67;0;United States;Northern America;"Journal of Song-Yuan Studies (JSYS)";"2010-2012, 2014-2015, 2019-2025";"History (Q2); Literature and Literary Theory (Q2); Cultural Studies (Q3); Sociology and Political Science (Q4)";"Arts and Humanities; Social Sciences"
342;5700152915;"Research in African Literatures";journal;"15272044, 00345210";"Indiana University Press";No;No;0,127;Q2;29;40;131;1531;38;127;0,13;38,28;46,15;0;United States;Northern America;"Indiana University Press";"2002-2025";"Literature and Literary Theory (Q2)";"Arts and Humanities"
343;21101030206;"Revista de Cancioneros Impresos y Manuscritos";journal;"22547444";"Universidad de Alicante";Yes;Yes;0,127;Q2;3;8;20;427;6;20;0,13;53,38;44,44;0;Spain;Western Europe;"Universidad de Alicante";"2017, 2019-2026";"Literature and Literary Theory (Q2); Linguistics and Language (Q3); Library and Information Sciences (Q4)";"Arts and Humanities; Social Sciences"
344;16100154786;"Revista de Estudios Hispanicos";journal;"0034818X, 21649308";"Washington University in St. Louis";No;No;0,127;Q2;9;27;106;683;23;106;0,14;25,30;50,00;0;United States;Northern America;"Washington University in St. Louis";"2002-2012, 2015-2025";"Literature and Literary Theory (Q2); Visual Arts and Performing Arts (Q2); Cultural Studies (Q3)";"Arts and Humanities; Social Sciences"
345;5700163444;"Russian Review";journal;"14679434, 00360341";"John Wiley and Sons Inc";No;No;0,127;Q2;33;28;89;0;25;82;0,25;0,00;55,17;0;United Kingdom;Western Europe;"John Wiley and Sons Inc";"1973, 1978, 1981, 1983, 1985, 1987, 1996-2026";"Literature and Literary Theory (Q2); Cultural Studies (Q3); History (Q3); Linguistics and Language (Q3); Sociology and Political Science (Q4)";"Arts and Humanities; Social Sciences"
346;14459;"Huntington Library Quarterly";journal;"1544399X, 00187895";"University of Pennsylvania Press";No;No;0,126;Q2;28;33;105;2504;29;102;0,26;75,88;51,61;0;United States;Northern America;"University of Pennsylvania Press";"1964, 1968-1969, 1971-1977, 1979, 1985, 1996-2025";"Literature and Literary Theory (Q2); Visual Arts and Performing Arts (Q2); History (Q3)";"Arts and Humanities"
347;21100840511;"Magnificat Cultura i Literatura Medievals";journal;"23868295";"Universitat de Valencia";Yes;Yes;0,126;Q2;5;14;24;716;5;24;0,21;51,14;37,50;0;Spain;Western Europe;"Universitat de Valencia";"2014-2024";"Literature and Literary Theory (Q2); History (Q3)";"Arts and Humanities"
348;5700163965;"NAN NU";journal;"15685268, 13876805";"Brill Academic Publishers";No;No;0,126;Q2;15;8;26;381;11;26;0,31;47,63;50,00;0;Netherlands;Western Europe;"Brill Academic Publishers";"1999, 2001-2002, 2007-2025";"Literature and Literary Theory (Q2); Arts and Humanities (miscellaneous) (Q3); Cultural Studies (Q3); History (Q3); Gender Studies (Q4)";"Arts and Humanities; Social Sciences"
349;5700153410;"Slavic and East European Journal";journal;"00376752";"American Association of Teachers of Slavic and East European Languages";No;No;0,126;Q2;11;62;94;1912;12;89;0,10;30,84;55,56;0;United States;Northern America;"American Association of Teachers of Slavic and East European Languages";"2009-2025";"Literature and Literary Theory (Q2); Cultural Studies (Q3); Linguistics and Language (Q3)";"Arts and Humanities; Social Sciences"
350;21100877012;"Slovenska Literatura";journal;"00376973";"Institute of Slovak Literature SAS";Yes;Yes;0,126;Q2;4;45;131;1023;13;114;0,12;22,73;52,50;0;Slovakia;Eastern Europe;"Institute of Slovak Literature SAS";"2018-2025";"Literature and Literary Theory (Q2)";"Arts and Humanities"
351;6000160211;"Theatre Research International";journal;"14740672, 03078833";"Cambridge University Press";No;No;0,126;Q2;20;20;89;668;20;81;0,14;33,40;57,89;0;United Kingdom;Western Europe;"Cambridge University Press";"1970, 1975-2025";"Literature and Literary Theory (Q2); Visual Arts and Performing Arts (Q2)";"Arts and Humanities"
352;5800207911;"Translation and Literature";journal;"09681361, 17500214";"Edinburgh University Press";No;No;0,126;Q2;14;13;55;2;6;52;0,16;0,15;50,00;0;United Kingdom;Western Europe;"Edinburgh University Press";"1996-2025";"Literature and Literary Theory (Q2); Linguistics and Language (Q3)";"Arts and Humanities; Social Sciences"
353;5700155727;"Brno Studies in English";journal;"18050867, 05246881";"Masaryk University";Yes;No;0,125;Q2;12;23;79;845;17;79;0,13;36,74;60,71;0;Czech Republic;Eastern Europe;"Masaryk University";"2011-2025";"Literature and Literary Theory (Q2); Linguistics and Language (Q3)";"Arts and Humanities; Social Sciences"
354;21101051696;"Caliope";journal;"23779551, 10841490";"Penn State University Press";No;No;0,125;Q2;4;12;37;472;8;34;0,07;39,33;54,55;0;United States;Northern America;"Penn State University Press";"2019-2025";"Literature and Literary Theory (Q2); Arts and Humanities (miscellaneous) (Q3); History (Q3); Linguistics and Language (Q3)";"Arts and Humanities; Social Sciences"
355;18800156714;"CLCWeb - Comparative Literature and Culture";journal;"14814374";"Purdue University Press";Yes;Yes;0,125;Q2;17;56;146;1763;38;139;0,24;31,48;32,84;1;United States;Northern America;"Purdue University Press";"2009-2024";"Literature and Literary Theory (Q2); Cultural Studies (Q3)";"Arts and Humanities; Social Sciences"
356;17900156712;"Jung Journal: Culture and Psyche";journal;"19342039, 19342047";"Taylor and Francis Ltd.";No;No;0,125;Q2;8;45;146;650;9;104;0,08;14,44;51,72;0;United Kingdom;Western Europe;"Taylor and Francis Ltd.";"2007-2025";"Literature and Literary Theory (Q2); Visual Arts and Performing Arts (Q2); Cultural Studies (Q3); Applied Psychology (Q4)";"Arts and Humanities; Psychology; Social Sciences"
357;5600153254;"Dirasat: Human and Social Sciences";journal;"10263721, 26636190";"University of Jordan,Deanship of Scientific Research";No;No;0,125;-;10;328;516;9176;47;516;0,06;27,98;37,67;1;Jordan;Middle East;"University of Jordan,Deanship of Scientific Research";"2007-2026";"Arts and Humanities (miscellaneous) (Q3); Health (social science) (Q4); Social Sciences (miscellaneous) (Q4); Sociology and Political Science (Q4)";"Arts and Humanities; Social Sciences"
358;21101005201;"452ºF";journal;"20133294";"Universitat de Barcelona, Facultad de Filologia";Yes;Yes;0,124;Q2;4;42;81;970;15;75;0,11;23,10;53,49;0;Spain;Western Europe;"Universitat de Barcelona, Facultad de Filologia";"2019-2025";"Literature and Literary Theory (Q2)";"Arts and Humanities"
359;21100827181;"Anuario de Estudios Filologicos";journal;"02108178";"Universidad de Extremadura";Yes;Yes;0,124;Q2;4;18;50;544;9;50;0,09;30,22;31,82;0;Spain;Western Europe;"Universidad de Extremadura";"2015-2025";"Literature and Literary Theory (Q2); Linguistics and Language (Q3)";"Arts and Humanities; Social Sciences"
360;5800208080;"Bulletin of Spanish Studies";journal;"14753820, 14783428";"Routledge";No;No;0,124;Q2;10;58;192;0;41;192;0,17;0,00;52,78;0;United States;Northern America;"Routledge";"2009-2026";"Literature and Literary Theory (Q2); Cultural Studies (Q3)";"Arts and Humanities; Social Sciences"
361;16000154712;"Canadian Literature";journal;"00084360";"University of British Columbia";No;No;0,124;Q2;13;0;24;0;12;21;0,00;0,00;0,00;0;Canada;Northern America;"University of British Columbia";"2002-2019";"Literature and Literary Theory (Q2)";"Arts and Humanities"
362;5700156387;"Diacritics";journal;"03007162, 10806539";"Johns Hopkins University Press";No;No;0,124;Q2;24;32;92;1084;30;87;0,17;33,88;25,00;0;United States;Northern America;"Johns Hopkins University Press";"2002-2010, 2012-2024";"Literature and Literary Theory (Q2)";"Arts and Humanities"
363;21100223803;"Emily Dickinson Journal";journal;"10596879, 1096858X";"Johns Hopkins University Press";No;No;0,124;Q2;10;6;23;244;6;18;0,18;40,67;50,00;0;United States;Northern America;"Johns Hopkins University Press";"2009-2025";"Literature and Literary Theory (Q2)";"Arts and Humanities"
364;16100154736;"Keats-Shelley Review";journal;"20421362, 09524142";"Maney Publishing";No;No;0,124;Q2;5;21;61;0;4;36;0,05;0,00;50,00;0;United Kingdom;Western Europe;"Maney Publishing";"1986-1993, 1995, 2002-2025";"Literature and Literary Theory (Q2)";"Arts and Humanities"
365;5700188156;"Postmodern Culture";journal;"10531920";"Johns Hopkins University Press";Yes;No;0,124;Q2;14;24;61;556;6;61;0,10;23,17;50,00;0;United States;Northern America;"Johns Hopkins University Press";"2002-2024";"Literature and Literary Theory (Q2); Visual Arts and Performing Arts (Q2); Cultural Studies (Q3)";"Arts and Humanities; Social Sciences"
366;5700169160;"Romance Quarterly";journal;"19403216, 08831157";"Routledge";No;No;0,124;Q2;8;17;51;592;9;46;0,22;34,82;50,00;0;United Kingdom;Western Europe;"Routledge";"1986-2026";"Literature and Literary Theory (Q2); Cultural Studies (Q3)";"Arts and Humanities; Social Sciences"
367;5800207568;"Scando-Slavica";journal;"00806765, 1600082X";"Routledge";No;No;0,124;Q2;12;20;37;675;8;29;0,19;33,75;55,56;0;United Kingdom;Western Europe;"Routledge";"1954, 1956-1995, 1997-2025";"Literature and Literary Theory (Q2); Archeology (arts and humanities) (Q3); Cultural Studies (Q3); History (Q3); Linguistics and Language (Q3)";"Arts and Humanities; Social Sciences"
368;21100205708;"South Central Review";journal;"07436831, 15493377";"Johns Hopkins University Press";Yes;No;0,124;Q2;8;12;83;352;9;77;0,03;29,33;33,33;0;United States;Northern America;"Johns Hopkins University Press";"2011-2025";"Literature and Literary Theory (Q2); Visual Arts and Performing Arts (Q2); Cultural Studies (Q3); Philosophy (Q3)";"Arts and Humanities; Social Sciences"
369;21101089502;"Vichiana";journal;"00425079, 2035262X";"Fabrizio Serra Editore";No;No;0,124;Q2;2;18;45;982;9;45;0,19;54,56;46,43;0;Italy;Western Europe;"Fabrizio Serra Editore";"2019-2025";"Classics (Q2); Literature and Literary Theory (Q2); History (Q3); Linguistics and Language (Q3); Philosophy (Q3)";"Arts and Humanities; Social Sciences"
370;21101032717;"Afghanistan";journal;"2399357X, 23993588";"Edinburgh University Press";No;No;0,123;Q2;6;10;30;625;11;30;0,30;62,50;22,22;1;United Kingdom;Western Europe;"Edinburgh University Press";"2018-2025";"Classics (Q2); Literature and Literary Theory (Q2); Religious Studies (Q2); Visual Arts and Performing Arts (Q2); Archeology (arts and humanities) (Q3); History (Q3); Anthropology (Q4)";"Arts and Humanities; Social Sciences"
371;21101040216;"Internationale Neerlandistiek";journal;"18769071, 22145729";"Amsterdam University Press";Yes;Yes;0,123;Q2;3;18;36;529;4;34;0,12;29,39;52,94;0;Netherlands;Western Europe;"Amsterdam University Press";"2019-2025";"Literature and Literary Theory (Q2); Linguistics and Language (Q3); Communication (Q4)";"Arts and Humanities; Social Sciences"
372;15036;"Internationales Archiv fuer Sozialgeschichte der Deutschen Literatur";journal;"18659128, 03404528";"Walter de Gruyter GmbH";No;No;0,123;Q2;9;28;82;1318;9;80;0,10;47,07;28,00;0;Germany;Western Europe;"Walter de Gruyter GmbH";"1976, 1978-2025";"Literature and Literary Theory (Q2); History (Q3)";"Arts and Humanities"
373;21100925891;"Journal of Early Modern Studies";journal;"22797149";"Firenze University Press";Yes;Yes;0,123;Q2;4;12;31;424;8;29;0,13;35,33;40,00;0;Italy;Western Europe;"Firenze University Press";"2019-2025";"Literature and Literary Theory (Q2); Visual Arts and Performing Arts (Q2); Cultural Studies (Q3); History (Q3); Linguistics and Language (Q3); Religious Studies (Q3); Sociology and Political Science (Q4)";"Arts and Humanities; Social Sciences"
374;19900191814;"Journal of Victorian Culture";journal;"13555502, 17500133";"Oxford University Press";No;No;0,123;Q2;24;44;118;2121;32;107;0,27;48,20;65,12;0;United Kingdom;Western Europe;"Oxford University Press";"1996-2025";"Literature and Literary Theory (Q2); Visual Arts and Performing Arts (Q2); Cultural Studies (Q3); History (Q3)";"Arts and Humanities; Social Sciences"
375;21101028195;"Literatura";journal;"02580802, 16481143";"Vilnius University Press";Yes;Yes;0,123;Q2;2;31;100;925;9;95;0,06;29,84;45,16;0;Lithuania;Eastern Europe;"Vilnius University Press";"2019-2025";"Literature and Literary Theory (Q2)";"Arts and Humanities"
376;16992;"Literature and Medicine";journal;"02789671, 10806571";"Johns Hopkins University Press";No;No;0,123;Q2;25;30;68;689;33;63;0,37;22,97;71,43;0;United States;Northern America;"Johns Hopkins University Press";"1986-2009, 2011-2025";"Literature and Literary Theory (Q2); Health (social science) (Q4)";"Arts and Humanities; Social Sciences"
377;16200154702;"Parergon";journal;"03136221, 18328334";"Australian and New Zealand Association for Medieval and Early Modern Studies";No;No;0,123;Q2;13;13;40;430;11;39;0,40;33,08;58,33;0;Australia;Pacific Region;"Australian and New Zealand Association for Medieval and Early Modern Studies";"2002-2025";"Literature and Literary Theory (Q2); Religious Studies (Q2); Visual Arts and Performing Arts (Q2); Cultural Studies (Q3); History (Q3)";"Arts and Humanities; Social Sciences"
378;16400154745;"Romanische Forschungen";journal;"00358126, 18640737";"Vittorio Klostermann GmbH";No;No;0,123;Q2;7;18;43;788;3;42;0,10;43,78;41,94;0;Germany;Western Europe;"Vittorio Klostermann GmbH";"2002-2025";"Literature and Literary Theory (Q2); Linguistics and Language (Q3)";"Arts and Humanities; Social Sciences"
379;21100929890;"Slovo a Smysl";journal;"23366680, 12147915";"Charles University, Faculty of Arts";Yes;Yes;0,123;Q2;2;28;103;894;5;99;0,05;31,93;51,72;0;Czech Republic;Eastern Europe;"Charles University, Faculty of Arts";"2018-2025";"Literature and Literary Theory (Q2); Cultural Studies (Q3)";"Arts and Humanities; Social Sciences"
380;6700153208;"Dickensian";journal;"00122440";"Dickens Fellowship";No;No;0,122;Q2;5;30;70;434;5;58;0,06;14,47;34,78;0;United Kingdom;Western Europe;"Dickens Fellowship";"1964, 1980, 2002-2008, 2013-2016, 2018-2025";"Literature and Literary Theory (Q2)";"Arts and Humanities"
381;16200154794;"JNT-Journal of Narrative Theory";journal;"15490815, 15489248";"Eastern Michigan University, Department of English Language and Literature";No;No;0,122;Q2;16;16;54;661;13;50;0,21;41,31;52,63;0;United States;Northern America;"Eastern Michigan University, Department of English Language and Literature";"2002-2025";"Literature and Literary Theory (Q2); Cultural Studies (Q3)";"Arts and Humanities; Social Sciences"
382;24195;"Journal Asiatique";journal;"17831504, 0021762X";"Peeters Publishers";No;No;0,122;Q2;15;11;45;417;11;45;0,24;37,91;23,08;0;Belgium;Western Europe;"Peeters Publishers";"1970, 1989, 1996-2004, 2006-2025";"Literature and Literary Theory (Q2); Cultural Studies (Q3); History (Q3); Linguistics and Language (Q3)";"Arts and Humanities; Social Sciences"
383;21100872797;"Journal of Contemporary Drama in English";journal;"21950156, 21950164";"Walter de Gruyter GmbH";No;No;0,122;Q2;10;21;52;656;40;52;0,83;31,24;59,09;0;Germany;Western Europe;"Walter de Gruyter GmbH";"2013-2025";"Literature and Literary Theory (Q2); Visual Arts and Performing Arts (Q2)";"Arts and Humanities"
384;21101073713;"Letras (Peru)";journal;"20715072, 03784878";"National University of San Marcos. Faculty of Letters and Human Sciences";Yes;Yes;0,122;Q2;6;29;82;985;30;80;0,40;33,97;31,25;0;Peru;Latin America;"National University of San Marcos. Faculty of Letters and Human Sciences";"2018-2025";"Literature and Literary Theory (Q2); Arts and Humanities (miscellaneous) (Q3); Cultural Studies (Q3); Linguistics and Language (Q3); Social Sciences (miscellaneous) (Q4)";"Arts and Humanities; Social Sciences"
385;21234;"Melanges de la Casa de Velazquez";journal;"21731306, 0076230X";"Casa Velazquez";Yes;Yes;0,122;Q2;11;41;123;1333;20;113;0,13;32,51;51,06;2;Spain;Western Europe;"Casa Velazquez";"1972, 2008-2011, 2013-2025";"Literature and Literary Theory (Q2); Visual Arts and Performing Arts (Q2); Archeology (Q3); Cultural Studies (Q3); History (Q3)";"Arts and Humanities; Social Sciences"
386;16400154759;"New England Quarterly";journal;"00284866, 19372213";"MIT Press";No;No;0,122;Q2;15;27;73;176;15;35;0,11;6,52;23,08;1;United States;Northern America;"MIT Press";"1964, 1968-1969, 1975, 1978-1979, 1982-1988, 1995, 2000, 2002-2025";"Literature and Literary Theory (Q2); History (Q3)";"Arts and Humanities"
387;19700181410;"Scandinavian Journal of the Old Testament";journal;"09018328, 15027244";"Routledge";No;No;0,122;Q2;16;20;55;0;6;54;0,17;0,00;18,75;0;United Kingdom;Western Europe;"Routledge";"1987-2025";"Literature and Literary Theory (Q2); Religious Studies (Q3)";"Arts and Humanities"
388;16000154705;"Ceska Literatura";journal;"00090468";"Czech Academy of Sciences";Yes;Yes;0,121;Q2;6;34;112;977;5;72;0,05;28,74;32,00;0;Czech Republic;Eastern Europe;"Czech Academy of Sciences";"2002-2025";"Literature and Literary Theory (Q2)";"Arts and Humanities"
389;21100927391;"J19";journal;"2166742X, 21667438";"University of Pennsylvania Press";No;No;0,121;Q2;4;22;77;617;8;62;0,04;28,05;50,00;0;United States;Northern America;"University of Pennsylvania Press";"2019-2025";"Literature and Literary Theory (Q2); Cultural Studies (Q3); History (Q3)";"Arts and Humanities; Social Sciences"
390;15707;"Journal of Popular Culture";journal;"15405931, 00223840";"Wiley-Blackwell Publishing Ltd";No;No;0,121;Q2;36;63;213;2395;70;187;0,23;38,02;51,56;0;United Kingdom;Western Europe;"Wiley-Blackwell Publishing Ltd";"1967-2026";"Literature and Literary Theory (Q2); Arts and Humanities (miscellaneous) (Q3); History (Q3)";"Arts and Humanities"
391;21100886541;"Knygotyra";journal;"23450053, 02042061";"Vilnius University";Yes;Yes;0,121;Q2;4;17;69;432;18;66;0,31;25,41;70,00;0;Lithuania;Eastern Europe;"Vilnius University";"2018-2025";"Literature and Literary Theory (Q2); Communication (Q4); Library and Information Sciences (Q4)";"Arts and Humanities; Social Sciences"
392;15649;"Nineteenth-Century Contexts";journal;"14772663, 08905495";"Taylor and Francis Ltd.";No;No;0,121;Q2;18;30;109;1128;14;105;0,08;37,60;74,19;0;United Kingdom;Western Europe;"Taylor and Francis Ltd.";"1987-1997, 1999-2025";"Literature and Literary Theory (Q2); Cultural Studies (Q3)";"Arts and Humanities; Social Sciences"
393;7100153141;"Novum Testamentum";journal;"00481009, 15685365";"Brill Academic Publishers";No;No;0,121;Q2;19;21;71;1322;20;69;0,27;62,95;11,11;0;Netherlands;Western Europe;"Brill Academic Publishers";"1958, 1960, 1962-1967, 1969-2003, 2005-2026";"Classics (Q2); Literature and Literary Theory (Q2); History (Q3); Linguistics and Language (Q3); Religious Studies (Q3)";"Arts and Humanities; Social Sciences"
394;5800155417;"Studia Anglica Posnaniensia";journal;"00816272";"De Gruyter Open Ltd.";Yes;Yes;0,121;Q2;8;11;65;673;15;65;0,27;61,18;61,54;0;Germany;Western Europe;"De Gruyter Open Ltd.";"2009-2023";"Literature and Literary Theory (Q2); Linguistics and Language (Q3)";"Arts and Humanities; Social Sciences"
395;16400154704;"African American Review";journal;"10624783";"John Hopkins University";No;No;0,120;Q2;22;18;58;788;8;52;0,14;43,78;58,82;0;United States;Northern America;"John Hopkins University";"2002-2009, 2012-2025";"Literature and Literary Theory (Q2); Visual Arts and Performing Arts (Q2); Cultural Studies (Q3)";"Arts and Humanities; Social Sciences"
396;21100826428;"Catalan Review";journal;"02135949, 2053339X";"Liverpool University Press";No;Yes;0,120;Q2;3;8;21;285;6;21;0,31;35,63;28,57;0;United Kingdom;Western Europe;"Liverpool University Press";"2016-2025";"Literature and Literary Theory (Q2); Cultural Studies (Q3); History (Q3); Linguistics and Language (Q3)";"Arts and Humanities; Social Sciences"
397;5700153643;"Chasqui";journal;"01458973";"c/o David William Foster, Arizona State University";Yes;No;0,120;Q2;9;26;124;857;16;103;0,12;32,96;55,56;0;United States;Northern America;"c/o David William Foster, Arizona State University";"2002-2012, 2014-2025";"Literature and Literary Theory (Q2); Cultural Studies (Q3)";"Arts and Humanities; Social Sciences"
398;20600195616;"MELUS";journal;"19463170, 0163755X";"Society for the Study of the Multi-Ethnic Literature of the United States";No;No;0,120;Q2;15;35;112;1530;25;109;0,13;43,71;53,13;0;United States;Northern America;"Society for the Study of the Multi-Ethnic Literature of the United States";"1974-1975, 1977-1985, 1987, 1989-1990, 1992-1995, 1998-1999, 2001, 2005, 2007, 2009, 2011-2025";"Literature and Literary Theory (Q2); Cultural Studies (Q3)";"Arts and Humanities; Social Sciences"
399;21101089399;"Southern Semiotic Review";journal;"22022783, 22022775";"";No;No;0,120;Q2;2;10;25;259;1;21;0,04;25,90;47,06;0;Australia;Pacific Region;"";"2020-2025";"Literature and Literary Theory (Q2); Linguistics and Language (Q3); Philosophy (Q3)";"Arts and Humanities; Social Sciences"
400;21100935073;"Alif";journal;"11108673";"American University in Cairo";No;No;0,119;Q2;3;8;26;286;14;22;0,67;35,75;100,00;0;Egypt;Africa/Middle East;"American University in Cairo";"2019-2025";"Literature and Literary Theory (Q2); Visual Arts and Performing Arts (Q2); Communication (Q4)";"Arts and Humanities; Social Sciences"
401;19900191813;"English Academy Review";journal;"10131752, 17535360";"Taylor and Francis Ltd.";No;No;0,119;Q2;13;21;54;345;19;36;0,20;16,43;30,00;0;United Kingdom;Western Europe;"Taylor and Francis Ltd.";"1983-1985, 1987-2026";"Literature and Literary Theory (Q2); History (Q3); Linguistics and Language (Q3)";"Arts and Humanities; Social Sciences"
402;21100218069;"Exemplaria Classica";journal;"16993225";"Universidad de Huelva";Yes;No;0,119;Q2;5;8;32;0;4;28;0,19;0,00;30,00;0;Spain;Western Europe;"Universidad de Huelva";"2011-2025";"Classics (Q2); Literature and Literary Theory (Q2)";"Arts and Humanities"
403;21100942399;"IAFOR Journal of Literature and Librarianship";journal;"21870608";"The International Academic Forum (IAFOR)";Yes;Yes;0,119;Q2;4;8;37;231;5;37;0,17;28,88;55,56;0;Japan;Asiatic Region;"The International Academic Forum (IAFOR)";"2019-2025";"Literature and Literary Theory (Q2); Library and Information Sciences (Q4)";"Arts and Humanities; Social Sciences"
404;5800208299;"Journal of English and Germanic Philology";journal;"03636941";"University of Illinois Press";No;No;0,119;Q2;17;19;53;1284;22;53;0,37;67,58;31,58;0;United States;Northern America;"University of Illinois Press";"2002-2026";"Literature and Literary Theory (Q2); Linguistics and Language (Q3)";"Arts and Humanities; Social Sciences"
405;21100842565;"Journal of New Zealand and Pacific Studies";journal;"20504039, 20504047";"Intellect Ltd.";No;No;0,119;Q2;4;11;70;232;9;65;0,09;21,09;55,56;0;United Kingdom;Western Europe;"Intellect Ltd.";"2017-2025";"Literature and Literary Theory (Q2); Cultural Studies (Q3); History (Q3); Sociology and Political Science (Q4)";"Arts and Humanities; Social Sciences"
406;5700163901;"Journal of Romance Studies";journal;"14733536, 17522331";"Liverpool University Press";No;No;0,119;Q2;5;31;89;1000;11;88;0,17;32,26;67,86;0;United Kingdom;Western Europe;"Liverpool University Press";"2014-2025";"Literature and Literary Theory (Q2); Visual Arts and Performing Arts (Q2); Cultural Studies (Q3); Linguistics and Language (Q3); Social Sciences (miscellaneous) (Q4)";"Arts and Humanities; Social Sciences"
407;21100834359;"Methis";journal;"17366852, 22284745";"University of Tartu Press";Yes;Yes;0,119;Q2;5;23;61;1044;13;48;0,26;45,39;50,00;0;Estonia;Eastern Europe;"University of Tartu Press";"2017-2025";"Literature and Literary Theory (Q2); Visual Arts and Performing Arts (Q2); Cultural Studies (Q3); Library and Information Sciences (Q4)";"Arts and Humanities; Social Sciences"
408;21100823789;"Narrative Culture";journal;"21690235, 21690251";"Wayne State University Press";No;No;0,119;Q2;10;18;39;719;18;34;0,14;39,94;81,82;2;United States;Northern America;"Wayne State University Press";"2014-2025";"Literature and Literary Theory (Q2); Linguistics and Language (Q3); Anthropology (Q4)";"Arts and Humanities; Social Sciences"
409;21100941617;"Poligrafi";journal;"13188828, 22322833";"Scientific Publishing House Annales ZRS Koper";No;No;0,119;Q2;3;21;46;553;4;37;0,10;26,33;52,94;0;Slovenia;Eastern Europe;"Scientific Publishing House Annales ZRS Koper";"2019-2025";"Literature and Literary Theory (Q2); Philosophy (Q3); Religious Studies (Q3)";"Arts and Humanities"
410;21100837990;"Slavia Meridionalis";journal;"23922400";"Polish Academy of Sciences, Institute of Slavic Studies";Yes;Yes;0,119;Q2;4;26;68;813;11;65;0,16;31,27;80,77;0;Poland;Eastern Europe;"Polish Academy of Sciences, Institute of Slavic Studies";"2017-2025";"Literature and Literary Theory (Q2); Cultural Studies (Q3); History (Q3); Linguistics and Language (Q3); Anthropology (Q4)";"Arts and Humanities; Social Sciences"
411;5700153863;"Germanic Review";journal;"00168890, 19306962";"Routledge";No;No;0,118;Q2;14;23;66;0;16;62;0,14;0,00;25,00;0;United States;Northern America;"Routledge";"1962-1964, 1974-2025";"Literature and Literary Theory (Q2); Cultural Studies (Q3)";"Arts and Humanities; Social Sciences"
412;21101047450;"Transfer (Spain)";journal;"18865542";"CRET (University of Barcelona)";Yes;Yes;0,118;Q2;3;11;41;236;6;39;0,16;21,45;50,00;0;Spain;Western Europe;"CRET (University of Barcelona)";"2019-2026";"Literature and Literary Theory (Q2); Linguistics and Language (Q3)";"Arts and Humanities; Social Sciences"
413;21100898970;"Victoriographies";journal;"20442416, 20442424";"Edinburgh University Press";No;No;0,118;Q2;6;16;47;689;7;42;0,10;43,06;80,00;0;United Kingdom;Western Europe;"Edinburgh University Press";"2011-2025";"Literature and Literary Theory (Q2); Cultural Studies (Q3); History (Q3); Linguistics and Language (Q3); Communication (Q4)";"Arts and Humanities; Social Sciences"
414;16000154753;"Western American Literature";journal;"00433462";"Western Literature Association";No;No;0,118;Q2;9;16;53;354;14;49;0,24;22,13;64,71;0;United States;Northern America;"Western Literature Association";"2002-2025";"Literature and Literary Theory (Q2)";"Arts and Humanities"
415;22945;"Byzantion: Revue Internationale des Etudes Byzantines";journal;"22946209, 03782506";"Universa Press";No;No;0,117;Q2;13;16;47;2359;15;47;0,24;147,44;35,29;0;Belgium;Western Europe;"Universa Press";"1969, 1972, 1977-1979, 2002-2007, 2009-2024";"Literature and Literary Theory (Q2); Visual Arts and Performing Arts (Q2); History (Q3)";"Arts and Humanities"
416;18400156710;"Contemporary Women's Writing";journal;"17541476, 17541484";"Oxford University Press";No;No;0,117;Q2;10;21;51;857;8;47;0,18;40,81;78,95;0;United Kingdom;Western Europe;"Oxford University Press";"2009-2025";"Literature and Literary Theory (Q2); Gender Studies (Q4)";"Arts and Humanities; Social Sciences"
417;16100154733;"Edad de Oro";journal;"02120429";"Universidad Autonoma de Madrid";Yes;Yes;0,117;Q2;7;22;67;636;13;67;0,17;28,91;33,33;0;Spain;Western Europe;"Universidad Autonoma de Madrid";"2002-2024";"Literature and Literary Theory (Q2)";"Arts and Humanities"
418;21101021441;"European Journal of American Studies";journal;"19919336";"";Yes;Yes;0,117;Q2;6;49;96;1521;28;94;0,14;31,04;65,31;1;France;Western Europe;"";"2018-2025";"Literature and Literary Theory (Q2); Cultural Studies (Q3); History (Q3); Geography, Planning and Development (Q4); Social Sciences (miscellaneous) (Q4); Sociology and Political Science (Q4)";"Arts and Humanities; Social Sciences"
419;21100930164;"SCRIPTA";journal;"23404841";"Universitat de Valencia";Yes;Yes;0,117;Q2;3;32;126;749;11;117;0,09;23,41;50,00;0;Spain;Western Europe;"Universitat de Valencia";"2019-2025";"Literature and Literary Theory (Q2); History (Q3); Linguistics and Language (Q3)";"Arts and Humanities; Social Sciences"
420;5800224089;"Slavia Orientalis";journal;"00376744";"Panstwowe Wydawnictwo Naukowe";No;No;0,117;Q2;4;47;136;1470;11;136;0,05;31,28;76,36;0;Poland;Eastern Europe;"Panstwowe Wydawnictwo Naukowe";"2011-2025";"Literature and Literary Theory (Q2); Linguistics and Language (Q3)";"Arts and Humanities; Social Sciences"
421;21101028199;"Theleme";journal;"19898193, 11399368";"Universidad Complutense Madrid";Yes;Yes;0,117;Q2;3;23;75;592;5;71;0,10;25,74;68,00;0;Spain;Western Europe;"Universidad Complutense Madrid";"2012, 2019-2025";"Literature and Literary Theory (Q2); Linguistics and Language (Q3)";"Arts and Humanities; Social Sciences"
422;21101032112;"Vestnik Sankt-Peterburgskogo Universiteta Vostokovedenie i Afrikanistika";journal;"25875892, 20741227";"Saint Petersburg State University";No;No;0,117;Q2;3;47;114;1215;8;114;0,08;25,85;54,55;0;Russian Federation;Eastern Europe;"Saint Petersburg State University";"2019-2025";"Literature and Literary Theory (Q2); History (Q3); Linguistics and Language (Q3); Geography, Planning and Development (Q4); Political Science and International Relations (Q4)";"Arts and Humanities; Social Sciences"
423;21100888137;"Cambridge Journal of Postcolonial Literary Inquiry";journal;"20522622, 20522614";"Cambridge University Press";No;No;0,116;Q2;14;39;94;788;22;90;0,21;20,21;50,00;0;United Kingdom;Western Europe;"Cambridge University Press";"2014-2026";"Literature and Literary Theory (Q2); Cultural Studies (Q3); History (Q3)";"Arts and Humanities; Social Sciences"
424;16200154742;"Comitatus";journal;"15570290, 00696412";"UCLA, CMRS Center for Early Global Studies";No;No;0,116;Q2;5;32;24;650;3;24;0,13;20,31;48,39;0;United States;Northern America;"UCLA, CMRS Center for Early Global Studies";"2002-2009, 2017-2025";"Literature and Literary Theory (Q2); History (Q3); Visual Arts and Performing Arts (Q3)";"Arts and Humanities"
425;21101049620;"Commentaria Classica";journal;"22835652";"Litterae Press";Yes;Yes;0,116;Q2;2;10;54;482;5;51;0,08;48,20;50,00;0;Italy;Western Europe;"Litterae Press";"2019-2025";"Literature and Literary Theory (Q2); Classics (Q3); Linguistics and Language (Q3)";"Arts and Humanities; Social Sciences"
426;21100406697;"Current Writing";journal;"1013929X, 21599130";"Routledge";No;No;0,116;Q2;13;13;55;566;11;51;0,13;43,54;40,00;0;United Kingdom;Western Europe;"Routledge";"1989-2025";"Literature and Literary Theory (Q2)";"Arts and Humanities"
427;16800154749;"European Journal of Jewish Studies";journal;"10259996, 1872471X";"Brill Academic Publishers";No;No;0,116;Q2;8;12;46;554;10;46;0,19;46,17;66,67;0;Netherlands;Western Europe;"Brill Academic Publishers";"2007-2026";"Literature and Literary Theory (Q2); Cultural Studies (Q3); History (Q3); Religious Studies (Q3)";"Arts and Humanities; Social Sciences"
428;13138;"German Life and Letters";journal;"00168777, 14680483";"Wiley-Blackwell Publishing Ltd";No;No;0,116;Q2;16;36;96;0;17;84;0,18;0,00;50,00;0;United Kingdom;Western Europe;"Wiley-Blackwell Publishing Ltd";"1936-1939, 1947-2026";"Literature and Literary Theory (Q2); Cultural Studies (Q3); Sociology and Political Science (Q4)";"Arts and Humanities; Social Sciences"
429;21100218392;"Humanities Diliman";journal;"16551532, 20120788";"University of the Philippines";Yes;Yes;0,116;Q2;6;16;47;450;5;41;0,15;28,13;31,58;0;Philippines;Asiatic Region;"University of the Philippines";"2012-2025";"Literature and Literary Theory (Q2); Cultural Studies (Q3); Visual Arts and Performing Arts (Q3)";"Arts and Humanities; Social Sciences"
430;21100943526;"Journal of British and Irish Innovative Poetry";journal;"1758972X";"Open Library of Humanities";Yes;Yes;0,116;Q2;4;18;44;481;7;44;0,21;26,72;31,25;0;United Kingdom;Western Europe;"Open Library of Humanities";"2019-2025";"Literature and Literary Theory (Q2)";"Arts and Humanities"
431;21100821117;"Libri et Liberi";journal;"18483488, 18485871";"Croatian Association of Researchers in Children's Literature";Yes;No;0,116;Q2;5;11;50;370;13;46;0,08;33,64;50,00;0;Croatia;Eastern Europe;"Croatian Association of Researchers in Children's Literature";"2015-2025";"Literature and Literary Theory (Q2); Cultural Studies (Q3)";"Arts and Humanities; Social Sciences"
432;27223;"Luso-Brazilian Review";journal;"15489957, 00247413";"University of Wisconsin Press";No;No;0,116;Q2;8;16;35;720;3;32;0,05;45,00;35,71;0;United States;Northern America;"University of Wisconsin Press";"1978, 1980-1981, 1999, 2001, 2009-2025";"Literature and Literary Theory (Q2); Cultural Studies (Q3); History (Q3); Sociology and Political Science (Q4)";"Arts and Humanities; Social Sciences"
433;16200154720;"Ramus";journal;"0048671X";"Cambridge University Press";No;No;0,116;Q2;15;12;31;896;13;31;0,33;74,67;50,00;0;Australia;Pacific Region;"Cambridge University Press";"1993, 2002-2023";"Literature and Literary Theory (Q2); Classics (Q3)";"Arts and Humanities"
434;19700177563;"Scriblerian and the Kit-Cats";journal;"21650624, 0190731X";"Penn State University Press";No;No;0,116;Q2;1;3;35;2;0;34;0,00;0,67;0,00;0;United States;Northern America;"Penn State University Press";"1972, 1975-1977, 1984, 1987, 1991, 2009, 2011-2012, 2016-2022, 2024-2025";"Literature and Literary Theory (Q2)";"Arts and Humanities"
435;21100781877;"Wenshan Review of Literature and Culture";journal;"20771290, 20771282";"National Chengchi University";No;No;0,116;Q2;4;16;60;641;11;55;0,17;40,06;33,33;0;Taiwan;Asiatic Region;"National Chengchi University";"2016-2025";"Literature and Literary Theory (Q2); Cultural Studies (Q3)";"Arts and Humanities; Social Sciences"
436;16100154764;"ESQ - Journal of the American Renaissance";journal;"1935021X, 00938297";"Washington State University Press";No;No;0,115;Q2;10;17;57;1052;8;56;0,10;61,88;50,00;0;United States;Northern America;"Washington State University Press";"2002-2025";"Literature and Literary Theory (Q2)";"Arts and Humanities"
437;12999;"French Studies";journal;"00161128, 14682931";"Liverpool University Press";No;No;0,115;Q2;14;47;72;1378;12;70;0,19;29,32;47,73;0;United Kingdom;Western Europe;"Liverpool University Press";"1947-2026";"Literature and Literary Theory (Q2); Cultural Studies (Q3); History (Q3); Linguistics and Language (Q3)";"Arts and Humanities; Social Sciences"
438;21100876243;"Itinerarios";journal;"15077241";"University of Warsaw";No;No;0,115;Q2;5;29;89;1123;14;89;0,16;38,72;53,57;0;Poland;Eastern Europe;"University of Warsaw";"2018-2025";"Literature and Literary Theory (Q2); History (Q3); Linguistics and Language (Q3); Anthropology (Q4); Sociology and Political Science (Q4)";"Arts and Humanities; Social Sciences"
439;5800207636;"Miscelanea";journal;"11376368";"Prensas de la Universidad de Zaragoza";Yes;Yes;0,115;Q2;7;18;56;731;9;56;0,07;40,61;83,33;0;Spain;Western Europe;"Prensas de la Universidad de Zaragoza";"2011, 2014-2025";"Literature and Literary Theory (Q2); Cultural Studies (Q3); Linguistics and Language (Q3)";"Arts and Humanities; Social Sciences"
440;16300154781;"Moyen Francais";journal;"02260174";"Brepols Publishers";No;No;0,115;Q2;4;0;35;0;1;33;0,00;0,00;0,00;0;Belgium;Western Europe;"Brepols Publishers";"2002-2020, 2023-2025";"Literature and Literary Theory (Q2); Linguistics and Language (Q3)";"Arts and Humanities; Social Sciences"
441;16100154731;"Partial Answers";journal;"15653668, 19369247";"Johns Hopkins University Press";No;No;0,115;Q2;16;18;54;724;16;54;0,09;40,22;33,33;0;United States;Northern America;"Johns Hopkins University Press";"2003-2026";"Literature and Literary Theory (Q2); Cultural Studies (Q3); Philosophy (Q3)";"Arts and Humanities; Social Sciences"
442;21100913505;"Pasavento";journal;"22554505";"Universidad de Alcala";Yes;Yes;0,115;Q2;5;42;83;1287;9;76;0,08;30,64;69,23;0;Spain;Western Europe;"Universidad de Alcala";"2019-2025";"Literature and Literary Theory (Q2); Linguistics and Language (Q3)";"Arts and Humanities; Social Sciences"
443;21101039072;"Praktyka Teoretyczna";journal;"20818130";"University of Wroclaw";Yes;Yes;0,115;Q2;6;45;107;1566;18;101;0,13;34,80;47,17;0;Poland;Eastern Europe;"University of Wroclaw";"2019-2025";"Literature and Literary Theory (Q2); Cultural Studies (Q3); History (Q3); Philosophy (Q3); Anthropology (Q4); Sociology and Political Science (Q4)";"Arts and Humanities; Social Sciences"
444;21100943525;"Quaderns de Filologia: Estudis Literaris";journal;"24441457, 11354178";"Universitat de Valencia";Yes;Yes;0,115;Q2;2;9;39;227;4;39;0,17;25,22;75,00;1;Spain;Western Europe;"Universitat de Valencia";"2019, 2021-2025";"Literature and Literary Theory (Q2); Linguistics and Language (Q3)";"Arts and Humanities; Social Sciences"
445;6100153026;"Revista Chilena de Literatura";journal;"00487651, 07182295";"Universidad de Chile, Facultad de Filosofia y Humanidades, Departamento de Literatura";Yes;Yes;0,115;Q2;13;72;159;2211;19;149;0,14;30,71;52,31;0;Chile;Latin America;"Universidad de Chile, Facultad de Filosofia y Humanidades, Departamento de Literatura";"2007-2024";"Literature and Literary Theory (Q2)";"Arts and Humanities"
446;21100857578;"Revista de Estudios Colombianos";journal;"24746800, 24746819";"";No;Yes;0,115;Q2;4;10;59;232;7;49;0,11;23,20;61,54;0;United States;Northern America;"";"2017-2025";"Literature and Literary Theory (Q2); Cultural Studies (Q3); History (Q3)";"Arts and Humanities; Social Sciences"
447;21100857116;"American, British and Canadian Studies";journal;"18411487, 1841964X";"Sciendo";Yes;Yes;0,114;Q2;5;21;58;649;5;52;0,10;30,90;75,00;1;Poland;Eastern Europe;"Sciendo";"2017-2025";"Literature and Literary Theory (Q2); Cultural Studies (Q3); Linguistics and Language (Q3); Anthropology (Q4); Computer Science Applications (Q4); Sociology and Political Science (Q4)";"Arts and Humanities; Computer Science; Social Sciences"
448;16000154734;"Canadian Review of Comparative Literature";journal;"19139659, 0319051X";"Academic Printing and Publishing";Yes;No;0,114;Q2;10;35;98;890;16;95;0,10;25,43;44,00;0;Canada;Northern America;"Academic Printing and Publishing";"2002-2023";"Literature and Literary Theory (Q2)";"Arts and Humanities"
449;16200154762;"English Studies in Canada";journal;"03170802";"Association of Canadian College and University Teachers of English";No;No;0,114;Q2;16;14;94;501;6;91;0,00;35,79;50,00;0;Canada;Northern America;"Association of Canadian College and University Teachers of English";"2002-2022";"Literature and Literary Theory (Q2)";"Arts and Humanities"
450;145599;"Forum for Modern Language Studies";journal;"00158518, 14716860";"Oxford University Press";No;No;0,114;Q2;17;29;81;1075;23;80;0,37;37,07;17,24;0;United Kingdom;Western Europe;"Oxford University Press";"1965-2025";"Literature and Literary Theory (Q2); Linguistics and Language (Q3)";"Arts and Humanities; Social Sciences"
451;21100888602;"Jeunesse: Young People, Texts, Cultures";journal;"1920261X, 19202601";"University of Toronto Press";No;No;0,114;Q2;6;19;92;368;22;88;0,08;19,37;82,35;0;Canada;Northern America;"University of Toronto Press";"2018-2025";"Literature and Literary Theory (Q2); Cultural Studies (Q3)";"Arts and Humanities; Social Sciences"
452;22498;"Journal of Semitic Studies";journal;"14778556, 00224480";"Oxford University Press";No;No;0,114;Q2;20;25;78;1059;14;77;0,18;42,36;37,14;0;United Kingdom;Western Europe;"Oxford University Press";"1956-1975, 1977-2025";"Literature and Literary Theory (Q2); Cultural Studies (Q3); History (Q3); Linguistics and Language (Q3); Religious Studies (Q3)";"Arts and Humanities; Social Sciences"
453;16000154710;"MAIA-Rivista di Letterature Classiche";journal;"00250538";"Cappelli Editore";No;No;0,114;Q2;7;64;109;2901;20;103;0,23;45,33;39,29;0;Italy;Western Europe;"Cappelli Editore";"1971-1974, 2002-2024";"Literature and Literary Theory (Q2); Classics (Q3)";"Arts and Humanities"
454;16200154778;"Studies in American Indian Literatures";journal;"07303238, 15489590";"University of Nebraska Press";No;No;0,114;Q2;14;24;57;861;22;48;0,43;35,88;86,36;0;United States;Northern America;"University of Nebraska Press";"2002-2023, 2025";"Literature and Literary Theory (Q2)";"Arts and Humanities"
455;24844;"Studies in Philology";journal;"00393738";"University of North Carolina Press";No;No;0,114;Q2;17;19;100;136;17;97;0,16;7,16;22,22;0;United States;Northern America;"University of North Carolina Press";"1972, 1979-1980, 2002-2014, 2017-2025";"Literature and Literary Theory (Q2); Linguistics and Language (Q3)";"Arts and Humanities; Social Sciences"
456;16300154706;"Victorian Poetry";journal;"15307190, 00425206";"West Virginia University Press";No;No;0,114;Q2;17;32;87;1036;8;86;0,09;32,38;68,97;0;United States;Northern America;"West Virginia University Press";"2002-2024";"Literature and Literary Theory (Q2)";"Arts and Humanities"
457;21100244842;"International Journal of Critical Cultural Studies";journal;"23272376, 23270055";"Common Ground Research Networks";No;No;0,114;-;5;16;32;651;8;32;0,09;40,69;56,00;0;United States;Northern America;"Common Ground Research Networks";"2013-2026";"Cultural Studies (Q3); Arts and Humanities (miscellaneous) (Q4)";"Arts and Humanities; Social Sciences"
458;21101072344;"Archivum";journal;"05707218, 23411120";"Universidad de Oviedo";Yes;Yes;0,113;Q2;3;21;62;715;8;62;0,13;34,05;36,36;0;Spain;Western Europe;"Universidad de Oviedo";"2019-2025";"Literature and Literary Theory (Q2); Linguistics and Language (Q3)";"Arts and Humanities; Social Sciences"
459;28320;"Arethusa";journal;"00040975, 10806504";"Johns Hopkins University Press";No;No;0,113;Q2;28;14;47;703;9;47;0,09;50,21;58,33;0;United States;Northern America;"Johns Hopkins University Press";"1974-1975, 2002-2026";"Literature and Literary Theory (Q2); Classics (Q3); Cultural Studies (Q3)";"Arts and Humanities; Social Sciences"
460;29841;"Etudes Germaniques";journal;"24265543, 00142115";"Klincksieck";No;No;0,113;Q2;5;44;92;1189;3;85;0,04;27,02;43,59;0;France;Western Europe;"Klincksieck";"1971, 2002-2024";"Literature and Literary Theory (Q2)";"Arts and Humanities"
461;21100845366;"Interdisciplinary Literary Studies";journal;"2161427X, 15248429";"Penn State University Press";No;No;0,113;Q2;5;23;75;847;7;73;0,06;36,83;50,00;0;United States;Northern America;"Penn State University Press";"2017-2025";"Literature and Literary Theory (Q2)";"Arts and Humanities"
462;6400153190;"Journal of Jewish Studies";journal;"20566689, 00222097";"Oxford Centre for Hebrew and Jewish Studies";No;No;0,113;Q2;20;40;50;1448;16;50;0,36;36,20;31,43;0;United Kingdom;Western Europe;"Oxford Centre for Hebrew and Jewish Studies";"1978, 1981-1984, 1988-1989, 1997-1998, 2001-2012, 2014-2025";"Literature and Literary Theory (Q2); Cultural Studies (Q3); History (Q3); Religious Studies (Q3)";"Arts and Humanities; Social Sciences"
463;19900192171;"Junctures - The Journal for Thematic Dialogue";journal;"11765119, 11798912";"Otago Polytechnic";Yes;No;0,113;Q2;4;12;24;291;3;21;0,07;24,25;54,55;0;New Zealand;Pacific Region;"Otago Polytechnic";"2009-2012, 2015-2020, 2022-2025";"Literature and Literary Theory (Q2); Cultural Studies (Q3); Visual Arts and Performing Arts (Q3)";"Arts and Humanities; Social Sciences"
464;21100378584;"Monumenta Serica";journal;"02549948, 20571690";"Routledge";No;No;0,113;Q2;13;14;55;1149;8;50;0,13;82,07;14,29;0;United Kingdom;Western Europe;"Routledge";"1948-1949, 1956-1964, 1968-1969, 1972, 1974, 1976, 1979, 1981, 1984, 1986, 1988, 1990, 1992-2004, 2013-2025";"Literature and Literary Theory (Q2); Cultural Studies (Q3); History (Q3); Philosophy (Q3); Religious Studies (Q3)";"Arts and Humanities; Social Sciences"
465;21100873638;"Philologia Estonica Tallinnensis";journal;"25046624, 25046616";"Tallinn University";Yes;No;0,113;Q2;5;12;26;489;4;25;0,22;40,75;96,00;0;Estonia;Eastern Europe;"Tallinn University";"2016-2024";"Literature and Literary Theory (Q2); Linguistics and Language (Q3); Education (Q4)";"Arts and Humanities; Social Sciences"
466;21101043578;"Transmodernity";journal;"21541361";"University of California, Merced";Yes;Yes;0,113;Q2;6;18;58;632;20;55;0,36;35,11;8,33;0;United States;Northern America;"University of California, Merced";"2018-2026";"Literature and Literary Theory (Q2); Cultural Studies (Q3); Anthropology (Q4); Geography, Planning and Development (Q4); Social Sciences (miscellaneous) (Q4)";"Arts and Humanities; Social Sciences"
467;19600166215;"Tydskrif vir Letterkunde";journal;"23099070, 0041476X";"Tydskrif vir Letterkunde Association";Yes;No;0,113;Q2;10;34;79;816;9;72;0,11;24,00;62,16;0;South Africa;Africa;"Tydskrif vir Letterkunde Association";"2008-2025";"Literature and Literary Theory (Q2); Cultural Studies (Q3)";"Arts and Humanities; Social Sciences"
468;5700169025;"Women's Writing";journal;"17475848, 09699082";"Routledge";No;No;0,113;Q2;18;33;97;0;24;90;0,17;0,00;90,63;0;United Kingdom;Western Europe;"Routledge";"1994-2005, 2010-2026";"Literature and Literary Theory (Q2); Gender Studies (Q4)";"Arts and Humanities; Social Sciences"
469;21100915858;"British and American Studies";journal;"24577715, 12243086";"Diacritic";Yes;Yes;0,112;Q2;3;35;74;652;7;74;0,13;18,63;67,57;0;Romania;Eastern Europe;"Diacritic";"2018-2025";"Literature and Literary Theory (Q2); Cultural Studies (Q3); Linguistics and Language (Q3)";"Arts and Humanities; Social Sciences"
470;21100200617;"Comedy Studies";journal;"2040610X, 20406118";"Taylor and Francis Ltd.";No;No;0,112;Q2;8;23;67;399;19;61;0,27;17,35;40,00;0;United Kingdom;Western Europe;"Taylor and Francis Ltd.";"2014-2026";"Literature and Literary Theory (Q2); Cultural Studies (Q3); Visual Arts and Performing Arts (Q3)";"Arts and Humanities; Social Sciences"
471;21100244834;"International Journal of Literary Humanities";journal;"23277912, 23278676";"Common Ground Research Networks";No;No;0,112;Q2;4;30;59;891;3;59;0,02;29,70;51,35;0;United States;Northern America;"Common Ground Research Networks";"2013-2025";"Literature and Literary Theory (Q2)";"Arts and Humanities"
472;6500153184;"Italian Studies";journal;"00751634, 17486181";"Maney Publishing";No;No;0,112;Q2;16;32;99;0;34;93;0,41;0,00;42,42;0;United Kingdom;Western Europe;"Maney Publishing";"1937-1939, 1946-1947, 1949-1995, 1999, 2002-2026";"Literature and Literary Theory (Q2); Cultural Studies (Q3); History (Q3); Linguistics and Language (Q3); Visual Arts and Performing Arts (Q3)";"Arts and Humanities; Social Sciences"
473;5800171006;"Journal of Ayn Rand Studies";journal;"15261018";"The Journal of Ayn Rand Studies Foundation";No;No;0,112;Q2;11;9;49;408;10;45;0,21;45,33;11,11;0;United States;Northern America;"The Journal of Ayn Rand Studies Foundation";"2002-2009, 2011-2023";"Literature and Literary Theory (Q2); Philosophy (Q3)";"Arts and Humanities"
474;21100897743;"Journal of Chinese Humanities";journal;"23521333, 23521341";"Brill Academic Publishers";Yes;Yes;0,112;Q2;5;24;40;696;10;35;0,27;29,00;30,43;0;Netherlands;Western Europe;"Brill Academic Publishers";"2014-2025";"Literature and Literary Theory (Q2); Cultural Studies (Q3); History (Q3); Philosophy (Q3)";"Arts and Humanities; Social Sciences"
475;5800207946;"Journal of English Studies";journal;"16954300, 15766357";"University of La Rioja";Yes;Yes;0,112;Q2;9;11;33;516;14;33;0,20;46,91;69,23;0;Spain;Western Europe;"University of La Rioja";"2011-2025";"Literature and Literary Theory (Q2); Cultural Studies (Q3); Linguistics and Language (Q3)";"Arts and Humanities; Social Sciences"
476;28900;"Latomus";journal;"22944427, 00238856";"Peeters Publishers";No;No;0,112;Q2;13;39;124;2434;9;116;0,04;62,41;23,08;0;Belgium;Western Europe;"Peeters Publishers";"1971-1974, 1980, 2002-2025";"Literature and Literary Theory (Q2); Classics (Q3); History (Q3); Linguistics and Language (Q3); Archeology (Q4); Archeology (arts and humanities) (Q4)";"Arts and Humanities; Social Sciences"
477;21100945155;"Spolia";journal;"1824727X";"Spolia";No;No;0,112;Q2;2;0;46;0;2;45;0,00;0,00;0,00;0;Italy;Western Europe;"Spolia";"2019";"Literature and Literary Theory (Q2); Archeology (arts and humanities) (Q3); History (Q3); Linguistics and Language (Q3); Music (Q3); Philosophy (Q3); Visual Arts and Performing Arts (Q3)";"Arts and Humanities; Social Sciences"
478;5800152708;"Zeitschrift fur Anglistik und Amerikanistik";journal;"21964726, 00442305";"Walter de Gruyter GmbH";No;No;0,112;Q2;17;26;79;877;18;66;0,16;33,73;44,83;0;Germany;Western Europe;"Walter de Gruyter GmbH";"2002-2025";"Literature and Literary Theory (Q2); Linguistics and Language (Q3)";"Arts and Humanities; Social Sciences"
479;5700153194;"German Quarterly";journal;"17561183, 00168831";"American Association of Teachers of German";No;No;0,112;Q3;13;32;70;773;25;69;0,18;24,16;35,00;0;United States;Northern America;"American Association of Teachers of German";"2002-2025";"Cultural Studies (Q3); Literature and Literary Theory (Q3); Visual Arts and Performing Arts (Q3)";"Arts and Humanities; Social Sciences"
480;6000189362;"Romanticism";journal;"1354991X, 17500192";"Edinburgh University Press";No;No;0,112;Q3;14;24;74;556;20;70;0,32;23,17;50,00;0;United Kingdom;Western Europe;"Edinburgh University Press";"1996-2025";"Literature and Literary Theory (Q3)";"Arts and Humanities"
481;19900192333;"Agora - Estudos Classicos em Debate";journal;"08745498";"Universidade de Aveiro";Yes;Yes;0,111;Q3;5;30;34;1022;4;34;0,19;34,07;51,61;0;Portugal;Western Europe;"Universidade de Aveiro";"2011-2020, 2022-2025";"Classics (Q3); Literature and Literary Theory (Q3)";"Arts and Humanities"
482;21100228735;"Aisthesis";journal;"07187181, 05683939";"Pontificia Universidad Catolica de Chile";Yes;Yes;0,111;Q3;6;47;107;1142;11;107;0,09;24,30;46,51;0;Chile;Latin America;"Pontificia Universidad Catolica de Chile";"2012-2025";"Literature and Literary Theory (Q3); Philosophy (Q3); Visual Arts and Performing Arts (Q3)";"Arts and Humanities"
483;21100903454;"Arab Media and Society";journal;"16877721";"American University in Cairo";Yes;Yes;0,111;Q3;6;18;62;681;14;60;0,23;37,83;39,13;0;Egypt;Africa/Middle East;"American University in Cairo";"2018-2024";"Cultural Studies (Q3); Literature and Literary Theory (Q3); Communication (Q4)";"Arts and Humanities; Social Sciences"
484;19700168309;"Archipel";journal;"00448613";"Association Archipel";No;No;0,111;Q3;13;10;74;744;14;72;0,19;74,40;22,22;0;France;Western Europe;"Association Archipel";"2009-2025";"Cultural Studies (Q3); History (Q3); Literature and Literary Theory (Q3); Religious Studies (Q3); Archeology (Q4); Archeology (arts and humanities) (Q4)";"Arts and Humanities; Social Sciences"
485;16100154723;"Cambrian Medieval Celtic Studies";journal;"13530089";"C M C S Publications";No;No;0,111;Q3;11;10;29;642;5;28;0,12;64,20;25,00;0;United Kingdom;Western Europe;"C M C S Publications";"2002-2014, 2016-2025";"History (Q3); Literature and Literary Theory (Q3); Visual Arts and Performing Arts (Q3); Archeology (arts and humanities) (Q4); Linguistics and Language (Q4)";"Arts and Humanities; Social Sciences"
486;19700173013;"Co-herencia";journal;"17945887";"Universidad EAFIT";Yes;Yes;0,111;Q3;9;28;80;1025;20;76;0,27;36,61;29,03;1;Colombia;Latin America;"Universidad EAFIT";"2009-2025";"History (Q3); Literature and Literary Theory (Q3); Music (Q3); Philosophy (Q3); Visual Arts and Performing Arts (Q3); Sociology and Political Science (Q4)";"Arts and Humanities; Social Sciences"
487;5600156880;"Critical Quarterly";journal;"00111562, 14678705";"Wiley-Blackwell";No;No;0,111;Q3;26;43;148;51;24;129;0,18;1,19;22,22;0;United States;Northern America;"Wiley-Blackwell";"1959-2026";"Cultural Studies (Q3); Literature and Literary Theory (Q3)";"Arts and Humanities; Social Sciences"
488;6500153168;"Critical Survey";journal;"17522293, 00111570";"Berghahn Journals";No;No;0,111;Q3;11;33;85;1550;17;81;0,16;46,97;34,29;0;United Kingdom;Western Europe;"Berghahn Journals";"2012-2025";"Cultural Studies (Q3); Literature and Literary Theory (Q3)";"Arts and Humanities; Social Sciences"
489;21101060471;"East/West: Journal of Ukrainian Studies";journal;"22927956";"University of Alberta";Yes;Yes;0,111;Q3;6;25;66;790;14;48;0,21;31,60;33,33;2;Canada;Northern America;"University of Alberta";"2016, 2019-2023, 2025";"History (Q3); Literature and Literary Theory (Q3); Linguistics and Language (Q4); Sociology and Political Science (Q4)";"Arts and Humanities; Social Sciences"
490;5800210474;"English";journal;"00138215, 17561124";"Oxford University Press";No;No;0,111;Q3;8;21;67;616;14;64;0,21;29,33;20,00;1;United Kingdom;Western Europe;"Oxford University Press";"2003-2025";"Literature and Literary Theory (Q3)";"Arts and Humanities"
491;21100204306;"European Journal of Scandinavian Studies";journal;"21919402, 21919399";"Walter de Gruyter GmbH";No;No;0,111;Q3;5;16;55;448;3;52;0,03;28,00;35,71;0;Germany;Western Europe;"Walter de Gruyter GmbH";"2010-2025";"Cultural Studies (Q3); Literature and Literary Theory (Q3); Linguistics and Language (Q4)";"Arts and Humanities; Social Sciences"
492;16400154736;"Expressions Maghrebines";journal;"15400085";"Florida State University, Winthrop-King Institute for Contemporary French and Francophone Studies";No;No;0,111;Q3;7;28;68;567;5;61;0,11;20,25;43,48;0;United States;Northern America;"Florida State University, Winthrop-King Institute for Contemporary French and Francophone Studies";"2002-2025";"Literature and Literary Theory (Q3)";"Arts and Humanities"
493;5800209245;"French Studies Bulletin";journal;"02622750, 17489180";"Liverpool University Press";No;No;0,111;Q3;5;15;32;295;7;30;0,25;19,67;57,14;0;United Kingdom;Western Europe;"Liverpool University Press";"1981-2026";"Cultural Studies (Q3); History (Q3); Literature and Literary Theory (Q3); Linguistics and Language (Q4)";"Arts and Humanities; Social Sciences"
494;21101032316;"Kyiv-Mohyla Humanities Journal";journal;"23134895";"National University of Kyiv-Mohyla Academy";Yes;Yes;0,111;Q3;4;12;42;380;12;36;0,44;31,67;66,67;0;Ukraine;Eastern Europe;"National University of Kyiv-Mohyla Academy";"2019-2025";"History (Q3); Literature and Literary Theory (Q3); Philosophy (Q3)";"Arts and Humanities"
495;72952;"Medioevo Romanzo";journal;"03900711, 17241707";"Gaetano Macchiaroli Editore";No;No;0,111;Q3;6;47;53;762;7;47;0,20;16,21;37,84;0;Italy;Western Europe;"Gaetano Macchiaroli Editore";"1988, 2012-2025";"Literature and Literary Theory (Q3); Linguistics and Language (Q4)";"Arts and Humanities; Social Sciences"
496;6500153152;"Medium Aevum";journal;"00258385";"Society for the Study of Mediaeval Languages and Literature";No;No;0,111;Q3;13;0;49;0;11;49;0,12;0,00;0,00;0;United Kingdom;Western Europe;"Society for the Study of Mediaeval Languages and Literature";"2002-2021";"Literature and Literary Theory (Q3); Linguistics and Language (Q4)";"Arts and Humanities; Social Sciences"
497;16000154747;"Milton Quarterly";journal;"1094348X, 00264326";"Wiley-Blackwell";No;No;0,111;Q3;15;4;46;357;7;41;0,16;89,25;33,33;0;United States;Northern America;"Wiley-Blackwell";"1967-2025";"Literature and Literary Theory (Q3)";"Arts and Humanities"
498;19400158802;"Nederlandse Letterkunde";journal;"2352118X, 13845829";"Amsterdam University Press";No;No;0,111;Q3;5;18;44;760;4;42;0,10;42,22;39,04;0;Netherlands;Western Europe;"Amsterdam University Press";"2009-2025";"Literature and Literary Theory (Q3)";"Arts and Humanities"
499;16000154742;"Orbis Litterarum";journal;"16000730, 01057510";"Wiley-Blackwell Publishing Ltd";No;No;0,111;Q3;13;27;80;972;20;77;0,29;36,00;32,14;0;United Kingdom;Western Europe;"Wiley-Blackwell Publishing Ltd";"1943-1950, 1954-2026";"Literature and Literary Theory (Q3)";"Arts and Humanities"
500;21101021991;"Revue Italienne d'Etudes Francaises";journal;"22407456";"Seminario di Filologia Francese";Yes;Yes;0,111;Q3;2;24;89;736;4;89;0,02;30,67;63,64;0;Italy;Western Europe;"Seminario di Filologia Francese";"2018-2025";"History (Q3); Literature and Literary Theory (Q3); Linguistics and Language (Q4)";"Arts and Humanities; Social Sciences"
501;19221;"Romance Notes";journal;"00357995";"University of North Carolina at Chapel Hill";No;No;0,111;Q3;7;37;152;826;12;150;0,04;22,32;57,89;0;United States;Northern America;"University of North Carolina at Chapel Hill";"1975, 2002-2025";"Literature and Literary Theory (Q3)";"Arts and Humanities"
502;19305;"Russian Literature";journal;"03043479, 18783678";"Elsevier B.V.";No;No;0,111;Q3;0;0;0;0;0;0;0,00;0,00;0,00;0;Netherlands;Western Europe;"Elsevier B.V.";"1971-1974, 1976-2023";"Literature and Literary Theory (Q3)";"Arts and Humanities"
503;19600157912;"Scottish Literary Review";journal;"20506678, 17565634";"Association for Scottish Literary Studies";No;No;0,111;Q3;9;23;57;1242;7;53;0,18;54,00;80,95;0;United Kingdom;Western Europe;"Association for Scottish Literary Studies";"2009-2025";"Literature and Literary Theory (Q3)";"Arts and Humanities"
504;5800209720;"Slovo (Croatia)";journal;"05836255";"Staroslavenski Institut";No;No;0,111;Q3;5;8;34;580;8;34;0,27;72,50;23,08;0;Croatia;Eastern Europe;"Staroslavenski Institut";"2011-2025";"Literature and Literary Theory (Q3); Religious Studies (Q3); Linguistics and Language (Q4)";"Arts and Humanities; Social Sciences"
505;21101067068;"Victorian Popular Fictions";journal;"26324253";"Victorian Popular Fiction Association";Yes;Yes;0,111;Q3;4;17;53;850;10;51;0,14;50,00;70,59;0;United Kingdom;Western Europe;"Victorian Popular Fiction Association";"2019-2025";"History (Q3); Literature and Literary Theory (Q3); Arts and Humanities (miscellaneous) (Q4)";"Arts and Humanities"
506;16300154748;"Zeitschrift fur Deutsches Altertum und Deutsche Literatur";journal;"00442518";"Franz Steiner Verlag GmbH";No;No;0,111;Q3;6;17;57;1090;4;56;0,05;64,12;21,05;0;Germany;Western Europe;"Franz Steiner Verlag GmbH";"1979-1980, 2002-2025";"Literature and Literary Theory (Q3); Linguistics and Language (Q4)";"Arts and Humanities; Social Sciences"
507;6000152751;"African Arts";journal;"19372108, 00019933";"MIT Press";No;No;0,110;Q3;16;42;111;768;23;64;0,14;18,29;37,50;0;United States;Northern America;"MIT Press";"2002-2025";"Literature and Literary Theory (Q3); Visual Arts and Performing Arts (Q3)";"Arts and Humanities"
508;12100157116;"Alea: Estudos Neolatinos";journal;"18070299, 1517106X";"Universidade Federal do Rio de Janeiro";Yes;No;0,110;Q3;6;61;169;1159;11;162;0,08;19,00;50,68;0;Brazil;Latin America;"Universidade Federal do Rio de Janeiro";"2008-2026";"Literature and Literary Theory (Q3); Linguistics and Language (Q4)";"Arts and Humanities; Social Sciences"
509;21100872822;"Anglo Saxonica";journal;"08730628";"Ubiquity Press";Yes;Yes;0,110;Q3;3;10;32;330;2;32;0,00;33,00;54,55;0;Portugal;Western Europe;"Ubiquity Press";"2018-2026";"Cultural Studies (Q3); Literature and Literary Theory (Q3); Visual Arts and Performing Arts (Q3); Linguistics and Language (Q4)";"Arts and Humanities; Social Sciences"
510;21100310015;"Canadian Poetry";journal;"07045646";"Hunter Rose Co. Ltd";No;No;0,110;Q3;2;0;4;0;0;3;0,00;0,00;0,00;0;Canada;Northern America;"Hunter Rose Co. Ltd";"2011-2016, 2018-2019";"Literature and Literary Theory (Q3)";"Arts and Humanities"
511;17700154905;"Critica Letteraria";journal;"03900142, 20352638";"Paolo Loffredo Editore";No;No;0,110;Q3;4;56;153;1608;4;153;0,01;28,71;44,90;0;Italy;Western Europe;"Paolo Loffredo Editore";"2009-2023";"Literature and Literary Theory (Q3)";"Arts and Humanities"
512;21100944391;"Cultura";journal;"03931560, 26122391";"Societa Editrice Il Mulino";No;No;0,110;Q3;2;27;61;1328;5;59;0,07;49,19;21,74;0;Italy;Western Europe;"Societa Editrice Il Mulino";"2019-2025";"History (Q3); Literature and Literary Theory (Q3); Philosophy (Q3); Arts and Humanities (miscellaneous) (Q4)";"Arts and Humanities"
513;21100842562;"Estudios de Literatura Colombiana";journal;"01234412";"Universidad de Antioquia";Yes;Yes;0,110;Q3;3;24;87;305;5;79;0,08;12,71;44,44;0;Colombia;Latin America;"Universidad de Antioquia";"2017-2026";"History (Q3); Literature and Literary Theory (Q3); Arts and Humanities (miscellaneous) (Q4); Electrical and Electronic Engineering (Q4); Linguistics and Language (Q4)";"Arts and Humanities; Engineering; Social Sciences"
514;21101091182;"Feminist Modernist Studies";journal;"2469293X, 24692921";"Informa Healthcare";No;No;0,110;Q3;7;19;63;763;9;59;0,13;40,16;100,00;0;United Kingdom;Western Europe;"Informa Healthcare";"2018-2026";"Cultural Studies (Q3); Literature and Literary Theory (Q3); Gender Studies (Q4)";"Arts and Humanities; Social Sciences"
515;21100936541;"Folia Linguistica et Litteraria";journal;"23370955, 18008542";"University of Montenegro";Yes;No;0,110;Q3;4;77;192;1869;11;190;0,05;24,27;71,68;0;Montenegro;Eastern Europe;"University of Montenegro";"2019-2025";"Literature and Literary Theory (Q3); Linguistics and Language (Q4)";"Arts and Humanities; Social Sciences"
516;5700169133;"French Review";journal;"23297131, 0016111X";"American Association of Teachers of French";No;No;0,110;Q3;13;48;122;1251;12;104;0,13;26,06;52,00;0;United States;Northern America;"American Association of Teachers of French";"2002-2025";"Cultural Studies (Q3); Literature and Literary Theory (Q3); Education (Q4); Linguistics and Language (Q4)";"Arts and Humanities; Social Sciences"
517;15140;"James Joyce Quarterly";journal;"19386036, 00214183";"University of Tulsa";No;No;0,110;Q3;9;78;69;1909;8;67;0,11;24,47;32,35;0;United States;Northern America;"University of Tulsa";"1989, 2002-2004, 2006-2025";"Literature and Literary Theory (Q3)";"Arts and Humanities"
518;19138;"Korea Journal";journal;"00233900";"The Academy of Korean Studies";Yes;Yes;0,110;Q3;16;37;115;1606;44;115;0,43;43,41;47,37;0;South Korea;Asiatic Region;"The Academy of Korean Studies";"1976-1977, 1999, 2001, 2008-2025";"Cultural Studies (Q3); History (Q3); Literature and Literary Theory (Q3); Visual Arts and Performing Arts (Q3)";"Arts and Humanities; Social Sciences"
519;21101053100;"Neizvestnyi Dostoevskii";journal;"24095788";"Petrozavodsk State University";Yes;Yes;0,110;Q3;5;32;93;657;33;93;0,44;20,53;64,29;0;Russian Federation;Eastern Europe;"Petrozavodsk State University";"2019-2025";"Literature and Literary Theory (Q3)";"Arts and Humanities"
520;16100154710;"Poetica";journal;"03034178, 25890530";"Brill Academic Publishers";No;No;0,110;Q3;10;13;142;771;11;141;0,06;59,31;20,00;0;Germany;Western Europe;"Brill Academic Publishers";"2002-2016, 2018-2025";"Literature and Literary Theory (Q3); Linguistics and Language (Q4)";"Arts and Humanities; Social Sciences"
521;21100845669;"Reception: Texts, Readers, Audiences, History";journal;"21680604, 21557888";"Penn State University Press";No;No;0,110;Q3;3;5;21;239;1;17;0,05;47,80;50,00;0;United States;Northern America;"Penn State University Press";"2017-2023";"Cultural Studies (Q3); History (Q3); Literature and Literary Theory (Q3); Communication (Q4)";"Arts and Humanities; Social Sciences"
522;21100948920;"Slovenske Divadlo";journal;"0037699X, 13368605";"Slovak Academy of Sciences";Yes;Yes;0,110;Q3;3;26;74;558;8;71;0,10;21,46;65,22;0;Slovakia;Eastern Europe;"Slovak Academy of Sciences";"2018-2025";"Cultural Studies (Q3); History (Q3); Literature and Literary Theory (Q3); Music (Q3); Visual Arts and Performing Arts (Q3); Communication (Q4)";"Arts and Humanities; Social Sciences"
523;5700170924;"Studia Hibernica";journal;"00816477, 23974532";"Liverpool University Press";No;No;0,110;Q3;2;6;26;284;3;25;0,11;47,33;40,00;0;United Kingdom;Western Europe;"Liverpool University Press";"2002, 2017-2025";"History (Q3); Literature and Literary Theory (Q3); Linguistics and Language (Q4)";"Arts and Humanities; Social Sciences"
524;21100928944;"Svet Literatury";journal;"23366729, 08628440";"Charles University, Faculty of Arts";Yes;Yes;0,110;Q3;2;34;94;980;4;93;0,07;28,82;58,33;0;Czech Republic;Eastern Europe;"Charles University, Faculty of Arts";"2019-2025";"History (Q3); Literature and Literary Theory (Q3); Philosophy (Q3); Linguistics and Language (Q4)";"Arts and Humanities; Social Sciences"
525;21100932639;"Zbornik Matice Srpske za Slavistiku";journal;"03525007";"Matica Srpska";No;No;0,110;Q3;3;44;126;1761;4;125;0,04;40,02;65,22;0;Serbia;Eastern Europe;"Matica Srpska";"2019-2025";"Literature and Literary Theory (Q3); Linguistics and Language (Q4)";"Arts and Humanities; Social Sciences"
526;19900193643;"Anales de Literatura Chilena";journal;"07176058";"Pontificia Universidad Catolica de Chile";Yes;No;0,109;Q3;7;56;112;763;11;102;0,12;13,63;43,75;0;Chile;Latin America;"Pontificia Universidad Catolica de Chile";"2010-2025";"Literature and Literary Theory (Q3)";"Arts and Humanities"
527;16000154713;"CLA Journal";journal;"00078549";"College Language Association";No;No;0,109;Q3;7;0;17;0;3;17;0,17;0,00;0,00;0;United States;Northern America;"College Language Association";"2002-2020";"Literature and Literary Theory (Q3); Education (Q4); Linguistics and Language (Q4)";"Arts and Humanities; Social Sciences"
528;5700160809;"Common Knowledge";journal;"0961754X, 15384578";"Duke University Press";No;No;0,109;Q3;15;26;84;720;21;75;0,10;27,69;25,00;0;United States;Northern America;"Duke University Press";"2008, 2010-2025";"Cultural Studies (Q3); Literature and Literary Theory (Q3); Philosophy (Q4)";"Arts and Humanities; Social Sciences"
529;21100463105;"Erga-Logoi";journal;"22809678, 22823212";"LED Edizioni Universitarie";Yes;Yes;0,109;Q3;7;9;40;743;13;40;0,04;82,56;55,56;0;Italy;Western Europe;"LED Edizioni Universitarie";"2013-2025";"Classics (Q3); History (Q3); Literature and Literary Theory (Q3); Linguistics and Language (Q4)";"Arts and Humanities; Social Sciences"
530;86049;"Helios";journal;"19350228, 01600923";"Texas Tech University Press";No;No;0,109;Q3;19;6;29;471;12;27;0,14;78,50;50,00;0;United States;Northern America;"Texas Tech University Press";"1984, 2002-2024";"Classics (Q3); Cultural Studies (Q3); Literature and Literary Theory (Q3); Linguistics and Language (Q4)";"Arts and Humanities; Social Sciences"
531;12100157012;"Maghreb - Machrek";journal;"22716815, 17623162";"Editions ESKA";No;No;0,109;Q3;7;7;64;125;6;62;0,09;17,86;100,00;0;France;Western Europe;"Editions ESKA";"1987, 1989-1990, 2007-2024";"Cultural Studies (Q3); History (Q3); Literature and Literary Theory (Q3); Law (Q4); Political Science and International Relations (Q4); Sociology and Political Science (Q4)";"Arts and Humanities; Social Sciences"
532;5700168905;"Mississippi Quarterly";journal;"0026637X";"John Hopkins University";No;No;0,109;Q3;12;12;55;288;6;54;0,11;24,00;35,71;0;United States;Northern America;"John Hopkins University";"1964, 1982, 2002-2017, 2020-2025";"Cultural Studies (Q3); Literature and Literary Theory (Q3)";"Arts and Humanities; Social Sciences"
533;21101034403;"Studies in African Languages and Cultures";journal;"25452134, 26574187";"University of Warsaw";Yes;Yes;0,109;Q3;5;8;20;293;6;20;0,21;36,63;22,22;0;Poland;Eastern Europe;"University of Warsaw";"2018-2025";"History (Q3); Literature and Literary Theory (Q3); Religious Studies (Q3); Linguistics and Language (Q4)";"Arts and Humanities; Social Sciences"
534;21100316608;"Studies in American Jewish Literature";journal;"19485077, 02719274";"Penn State University Press";No;No;0,109;Q3;6;12;34;353;7;29;0,17;29,42;63,64;0;United States;Northern America;"Penn State University Press";"2014-2025";"Cultural Studies (Q3); Literature and Literary Theory (Q3); Anthropology (Q4)";"Arts and Humanities; Social Sciences"
535;21100455657;"Byzantion Nea Hellas";journal;"07162138";"Universidad de Chile";Yes;Yes;0,108;Q3;3;17;46;486;9;45;0,13;28,59;18,75;0;Chile;Latin America;"Universidad de Chile";"2015-2024";"Classics (Q3); History (Q3); Literature and Literary Theory (Q3)";"Arts and Humanities"
536;21101057617;"Chinese Literature Today";journal;"21514399, 21568634";"Taylor and Francis Ltd.";No;No;0,108;Q3;0;0;0;0;0;0;0,00;0,00;0,00;0;United Kingdom;Western Europe;"Taylor and Francis Ltd.";"2019-2021";"Literature and Literary Theory (Q3)";"Arts and Humanities"
537;21101046179;"Diacritica";journal;"08708967, 21839174";"Universidade do Minho";Yes;Yes;0,108;Q3;4;48;134;1396;18;128;0,10;29,08;66,20;0;Portugal;Western Europe;"Universidade do Minho";"2018-2025";"Literature and Literary Theory (Q3); Music (Q3); Visual Arts and Performing Arts (Q3); Linguistics and Language (Q4)";"Arts and Humanities; Social Sciences"
538;6500153103;"Essays in Criticism";journal;"00140856, 14716852";"Oxford University Press";No;No;0,108;Q3;14;21;60;801;8;59;0,10;38,14;15,00;0;United Kingdom;Western Europe;"Oxford University Press";"1951-2025";"Literature and Literary Theory (Q3)";"Arts and Humanities"
539;21100900370;"Imagologiya i Komparativistika";journal;"24099554";"Tomsk State University";No;No;0,108;Q3;3;35;77;850;19;76;0,14;24,29;58,54;0;Russian Federation;Eastern Europe;"Tomsk State University";"2018-2025";"Cultural Studies (Q3); Literature and Literary Theory (Q3); Visual Arts and Performing Arts (Q3); Communication (Q4)";"Arts and Humanities; Social Sciences"
540;19900193213;"IUP Journal of English Studies";journal;"09733728";"IUP Publications";No;No;0,108;Q3;5;49;124;1081;15;118;0,05;22,06;54,55;0;India;Asiatic Region;"IUP Publications";"2009-2025";"Literature and Literary Theory (Q3); Linguistics and Language (Q4)";"Arts and Humanities; Social Sciences"
541;21101091674;"Janus. Estudios Sobre El Siglo De Oro";journal;"22547290";"Universidade da Coruna";Yes;Yes;0,108;Q3;4;21;62;820;14;62;0,20;39,05;42,86;0;Spain;Western Europe;"Universidade da Coruna";"2019-2024";"Literature and Literary Theory (Q3); Arts and Humanities (miscellaneous) (Q4)";"Arts and Humanities"
542;11600153430;"Journal of Literary Studies";journal;"17535387, 02564718";"Unisa Press";Yes;No;0,108;Q3;14;25;109;620;12;90;0,12;24,80;37,50;0;United Kingdom;Western Europe;"Unisa Press";"1985-2025";"Literature and Literary Theory (Q3)";"Arts and Humanities"
543;21100945963;"Judaisme Ancien - Ancient Judaism";journal;"25070339, 22949321";"Brepols Publishers";No;No;0,108;Q3;2;10;34;79;10;31;0,35;7,90;8,33;0;Belgium;Western Europe;"Brepols Publishers";"2019-2024";"History (Q3); Literature and Literary Theory (Q3); Religious Studies (Q3); Archeology (Q4); Archeology (arts and humanities) (Q4)";"Arts and Humanities; Social Sciences"
544;21100415019;"Marvels and Tales";journal;"15214281, 15361802";"Wayne State University Press";No;No;0,108;Q3;12;9;61;329;7;46;0,05;36,56;100,00;0;United States;Northern America;"Wayne State University Press";"2014-2025";"Cultural Studies (Q3); Literature and Literary Theory (Q3); Anthropology (Q4)";"Arts and Humanities; Social Sciences"
545;5800208228;"MLN - Modern Language Notes";journal;"10806598, 00267910";"Johns Hopkins University Press";No;No;0,108;Q3;20;72;224;1650;27;217;0,08;22,92;52,78;0;United States;Northern America;"Johns Hopkins University Press";"2002-2026";"Literature and Literary Theory (Q3); Linguistics and Language (Q4)";"Arts and Humanities; Social Sciences"
546;5800207761;"Revue Romane";journal;"00353906";"John Benjamins Publishing Company";No;No;0,108;Q3;10;15;45;671;11;44;0,23;44,73;35,29;0;Netherlands;Western Europe;"John Benjamins Publishing Company";"1996-2026";"Literature and Literary Theory (Q3); Linguistics and Language (Q4)";"Arts and Humanities; Social Sciences"
547;19600166417;"Script and Print";journal;"18349013";"Australian and New Zealand Student Services Association";No;No;0,108;Q3;5;14;38;178;1;18;0,00;12,71;33,33;0;Australia;Pacific Region;"Australian and New Zealand Student Services Association";"2008-2022";"Literature and Literary Theory (Q3); Visual Arts and Performing Arts (Q3); Library and Information Sciences (Q4)";"Arts and Humanities; Social Sciences"
548;5800207625;"Studia Romanica Posnaniensia";journal;"20844158, 01372475";"Adam Mickiewicz University";Yes;Yes;0,108;Q3;5;38;113;851;8;112;0,07;22,39;75,00;0;Poland;Eastern Europe;"Adam Mickiewicz University";"2000-2001, 2003, 2006, 2009-2025";"Literature and Literary Theory (Q3); Linguistics and Language (Q4)";"Arts and Humanities; Social Sciences"
549;21100810884;"Boletin de Literatura Oral";journal;"21730695";"Universidad de Jaen, Departamento de Filologia Espanola";Yes;Yes;0,107;Q3;4;19;94;727;9;93;0,11;38,26;65,22;0;Spain;Western Europe;"Universidad de Jaen, Departamento de Filologia Espanola";"2016-2025";"History (Q3); Literature and Literary Theory (Q3); Anthropology (Q4); Linguistics and Language (Q4)";"Arts and Humanities; Social Sciences"
550;19700177105;"Cahiers Elisabethains";journal;"20544715, 01847678";"SAGE Publications Inc.";No;No;0,107;Q3;6;33;71;5;23;61;0,44;0,15;54,17;0;United Kingdom;Western Europe;"SAGE Publications Inc.";"2004-2025";"History (Q3); Literature and Literary Theory (Q3)";"Arts and Humanities"
551;21101062492;"Carnets";journal;"16467698";"Association Portugaise d'Etudes Francaises";Yes;Yes;0,107;Q3;2;28;94;721;2;88;0,03;25,75;33,33;0;Portugal;Western Europe;"Association Portugaise d'Etudes Francaises";"2019-2025";"Literature and Literary Theory (Q3); Arts and Humanities (miscellaneous) (Q4); Linguistics and Language (Q4)";"Arts and Humanities; Social Sciences"
552;19700182807;"Contagion: Journal of Violence, Mimesis, and Culture";journal;"10757201, 19301200";"Michigan State University Press";No;No;0,107;Q3;7;11;37;459;5;32;0,00;41,73;8,33;0;United States;Northern America;"Michigan State University Press";"2010-2025";"Literature and Literary Theory (Q3); Religious Studies (Q3); Cultural Studies (Q4); Philosophy (Q4); Sociology and Political Science (Q4)";"Arts and Humanities; Social Sciences"
553;6400153199;"Literature and Theology";journal;"02691205";"Oxford University Press";No;No;0,107;Q3;15;24;80;1111;11;77;0,12;46,29;36,00;0;United Kingdom;Western Europe;"Oxford University Press";"1987-2025";"Literature and Literary Theory (Q3); Religious Studies (Q3)";"Arts and Humanities"
554;21100455134;"Queensland Review";journal;"20497792, 13218166";"Equinox Publishing Ltd";No;No;0,107;Q3;7;7;52;314;8;45;0,16;44,86;46,15;0;United Kingdom;Western Europe;"Equinox Publishing Ltd";"2011-2013, 2015-2023";"History (Q3); Literature and Literary Theory (Q3); Cultural Studies (Q4); Sociology and Political Science (Q4)";"Arts and Humanities; Social Sciences"
555;21100369402;"Studi Slavistici";journal;"18247601, 1824761X";"Firenze University Press";Yes;Yes;0,107;Q3;5;25;69;919;8;68;0,05;36,76;50,00;0;Italy;Western Europe;"Firenze University Press";"2013-2025";"Literature and Literary Theory (Q3); Cultural Studies (Q4); Linguistics and Language (Q4)";"Arts and Humanities; Social Sciences"
556;16300154711;"Theater";journal;"1527196X, 01610775";"Duke University Press";No;No;0,107;Q3;10;31;75;189;5;66;0,04;6,10;66,67;0;United States;Northern America;"Duke University Press";"2002-2025";"Literature and Literary Theory (Q3); Visual Arts and Performing Arts (Q3)";"Arts and Humanities"
557;5800207900;"Word and Image";journal;"02666286";"Taylor and Francis Ltd.";No;No;0,107;Q3;18;27;85;0;20;80;0,14;0,00;61,54;0;United Kingdom;Western Europe;"Taylor and Francis Ltd.";"1985-2025";"Literature and Literary Theory (Q3); Visual Arts and Performing Arts (Q3); Linguistics and Language (Q4)";"Arts and Humanities; Social Sciences"
558;21100943299;"America sin Nombre";journal;"19899831, 15773442";"Universidad de Alicante";Yes;Yes;0,106;Q3;4;19;96;529;9;90;0,08;27,84;40,00;0;Spain;Western Europe;"Universidad de Alicante";"2019-2025";"Literature and Literary Theory (Q3)";"Arts and Humanities"
559;5800219290;"Analisi Linguistica e Letteraria";journal;"11221917, 18277985";"EDUCatt";Yes;Yes;0,106;Q3;8;46;92;1546;9;88;0,07;33,61;56,52;0;Italy;Western Europe;"EDUCatt";"2014-2025";"Literature and Literary Theory (Q3); Linguistics and Language (Q4)";"Arts and Humanities; Social Sciences"
560;29167;"Australian Journal of French Studies";journal;"00049468, 20462913";"Liverpool University Press";No;No;0,106;Q3;9;32;76;1025;7;71;0,02;32,03;45,16;0;Australia;Pacific Region;"Liverpool University Press";"1975, 1980, 1999, 2001-2025";"History (Q3); Literature and Literary Theory (Q3); Cultural Studies (Q4); Linguistics and Language (Q4)";"Arts and Humanities; Social Sciences"
561;16100154765;"Fabula";journal;"00146242, 16130464";"Walter de Gruyter GmbH";No;No;0,106;Q3;12;22;53;698;9;49;0,12;31,73;50,00;0;Germany;Western Europe;"Walter de Gruyter GmbH";"1958-1962, 1964-1967, 1969-2025";"Literature and Literary Theory (Q3); Cultural Studies (Q4)";"Arts and Humanities; Social Sciences"
562;5800208396;"Journal of American Culture";journal;"1542734X, 15427331";"John Wiley and Sons Inc";No;No;0,106;Q3;23;28;65;1164;10;63;0,07;41,57;50,00;0;United States;Northern America;"John Wiley and Sons Inc";"1996-1999, 2003-2026";"History (Q3); Literature and Literary Theory (Q3); Visual Arts and Performing Arts (Q3); Cultural Studies (Q4)";"Arts and Humanities; Social Sciences"
563;16200154757;"Journal of Pre-Raphaelite Studies-New Series";journal;"1060149X";"Journal of Pre-Raphaelite Studies";No;No;0,106;Q3;3;0;5;0;0;5;0,00;0,00;0,00;0;Canada;Northern America;"Journal of Pre-Raphaelite Studies";"2002-2015, 2017, 2019";"Literature and Literary Theory (Q3); Visual Arts and Performing Arts (Q3); Cultural Studies (Q4)";"Arts and Humanities; Social Sciences"
564;18400156707;"Literary Imagination";journal;"15239012, 17526566";"Oxford University Press";No;No;0,106;Q3;4;19;61;332;4;59;0,07;17,47;15,79;0;United Kingdom;Western Europe;"Oxford University Press";"2009-2024";"Literature and Literary Theory (Q3)";"Arts and Humanities"
565;21100873332;"Review of International American Studies";journal;"19912773";"International American Studies Association";Yes;Yes;0,106;Q3;4;24;61;462;15;56;0,11;19,25;56,25;0;Italy;Western Europe;"International American Studies Association";"2018-2025";"History (Q3); Literature and Literary Theory (Q3); Anthropology (Q4); Cultural Studies (Q4)";"Arts and Humanities; Social Sciences"
566;16400154770;"Revista Iberoamericana";journal;"21544794, 00349631";"Liverpool University Press";No;No;0,106;Q3;9;57;210;1391;12;197;0,05;24,40;58,00;1;United States;Northern America;"Liverpool University Press";"2002, 2005-2007, 2009-2026";"Literature and Literary Theory (Q3)";"Arts and Humanities"
567;18695;"Revue des Etudes Slaves";journal;"2117718X, 00802557";"Institut d'Etudes Slaves";Yes;No;0,106;Q3;6;54;121;1601;6;116;0,07;29,65;61,22;0;France;Western Europe;"Institut d'Etudes Slaves";"1983, 1985, 1999-2000, 2011, 2013-2025";"History (Q3); Literature and Literary Theory (Q3); Cultural Studies (Q4); Linguistics and Language (Q4)";"Arts and Humanities; Social Sciences"
568;21100304266;"Russkaia Literatura";journal;"01316095";"Rossiiskaya Akademiya Nauk Institut Russkoi Literatury (Pushkinskii Dom)";No;No;0,106;Q3;4;76;304;1198;21;302;0,07;15,76;58,11;0;Russian Federation;Eastern Europe;"Rossiiskaya Akademiya Nauk Institut Russkoi Literatury (Pushkinskii Dom)";"2013-2025";"Literature and Literary Theory (Q3)";"Arts and Humanities"
569;21100787326;"Text Matters";journal;"20832931, 2084574X";"Lodz University Press";Yes;Yes;0,106;Q3;6;27;75;750;14;75;0,20;27,78;74,07;0;Poland;Eastern Europe;"Lodz University Press";"2016-2025";"Literature and Literary Theory (Q3); Cultural Studies (Q4)";"Arts and Humanities; Social Sciences"
570;16100154755;"Tulsa Studies in Womens Literature";journal;"19361645, 07327730";"University of Tulsa";No;No;0,106;Q3;14;30;56;599;9;55;0,12;19,97;88,89;0;United States;Northern America;"University of Tulsa";"2002-2013, 2015-2024";"Literature and Literary Theory (Q3); Gender Studies (Q4)";"Arts and Humanities; Social Sciences"
571;21100401126;"Archives d'Histoire Doctrinale et Litteraire du Moyen-Age";journal;"03735478, 21099529";"Librairie Philosophique J. Vrin";No;No;0,105;Q3;6;0;7;0;3;7;0,43;0,00;0,00;0;France;Western Europe;"Librairie Philosophique J. Vrin";"2011-2013, 2015-2018, 2020-2021, 2024";"Literature and Literary Theory (Q3); Philosophy (Q4)";"Arts and Humanities"
572;16400154721;"Arion - Journal of Humanities and the Classics";journal;"00955809";"Boston University Arion";No;No;0,105;Q3;16;15;51;130;9;51;0,10;8,67;30,77;0;United States;Northern America;"Boston University Arion";"2002-2025";"Classics (Q3); Literature and Literary Theory (Q3); Linguistics and Language (Q4)";"Arts and Humanities; Social Sciences"
573;17100154744;"CEA Critic";journal;"00078069";"Johns Hopkins University Press";No;No;0,105;Q3;6;39;95;595;7;85;0,11;15,26;48,39;0;United States;Northern America;"Johns Hopkins University Press";"2002-2025";"Literature and Literary Theory (Q3); Education (Q4)";"Arts and Humanities; Social Sciences"
574;21100201738;"Cincinnati Romance Review";journal;"21558817, 08839816";"Department of Romance Languages and Literatures";Yes;No;0,105;Q3;5;20;6;609;0;6;0,00;30,45;35,00;0;United States;Northern America;"Department of Romance Languages and Literatures";"2012-2019, 2022-2025";"Literature and Literary Theory (Q3)";"Arts and Humanities"
575;19900192554;"Comparative Critical Studies";journal;"17500109, 17441854";"Edinburgh University Press";No;No;0,105;Q3;13;23;72;696;14;65;0,19;30,26;66,67;0;United Kingdom;Western Europe;"Edinburgh University Press";"2004-2025";"Literature and Literary Theory (Q3); Cultural Studies (Q4)";"Arts and Humanities; Social Sciences"
576;16200154703;"Comparative Drama";journal;"19361637, 00104078";"Western Michigan University";No;No;0,105;Q3;13;31;35;673;3;35;0,08;21,71;55,17;0;United States;Northern America;"Western Michigan University";"2002-2025";"Literature and Literary Theory (Q3)";"Arts and Humanities"
577;21101045771;"Comparative Literature: East and West";journal;"25723618";"Informa Healthcare";Yes;No;0,105;Q3;5;17;43;459;8;43;0,25;27,00;36,84;0;United Kingdom;Western Europe;"Informa Healthcare";"2010, 2017-2026";"Literature and Literary Theory (Q3); Cultural Studies (Q4)";"Arts and Humanities; Social Sciences"
578;21101062038;"Francofonia";journal;"1121953X, 20365659";"Casa Editrice Leo S. Olschki";No;No;0,105;Q3;1;13;48;15;0;43;0,00;1,15;60,00;0;Italy;Western Europe;"Casa Editrice Leo S. Olschki";"2020-2025";"Literature and Literary Theory (Q3); Linguistics and Language (Q4)";"Arts and Humanities; Social Sciences"
579;7100153151;"Journal of Arabic Literature";journal;"00852376, 1570064X";"Brill Academic Publishers";No;No;0,105;Q3;18;13;40;421;20;40;0,41;32,38;30,77;0;Netherlands;Western Europe;"Brill Academic Publishers";"1970-1971, 1973-1974, 1976, 1978, 1980-1981, 1983-2025";"Literature and Literary Theory (Q3); Cultural Studies (Q4)";"Arts and Humanities; Social Sciences"
580;21100255732;"Journal of Language, Literature and Culture";journal;"20512864, 20512856";"Maney Publishing";No;No;0,105;Q3;5;9;37;0;7;36;0,12;0,00;33,33;0;United Kingdom;Western Europe;"Maney Publishing";"2013-2025";"Literature and Literary Theory (Q3); Cultural Studies (Q4); Linguistics and Language (Q4)";"Arts and Humanities; Social Sciences"
581;21100891825;"Komunikacija i Kultura Online";journal;"22174257";"FOKUS – Forum za interkulturnu komunikaciju";Yes;Yes;0,105;Q3;2;15;35;292;5;34;0,15;19,47;50,00;0;Serbia;Eastern Europe;"FOKUS – Forum za interkulturnu komunikaciju";"2018-2025";"Literature and Literary Theory (Q3); Communication (Q4); Cultural Studies (Q4); Linguistics and Language (Q4)";"Arts and Humanities; Social Sciences"
582;5800157701;"Lingua e Stile";journal;"0024385X, 2612212X";"Societa Editrice Il Mulino";No;No;0,105;Q3;7;14;37;828;2;37;0,08;59,14;50,00;0;Italy;Western Europe;"Societa Editrice Il Mulino";"2002-2025";"Literature and Literary Theory (Q3); Linguistics and Language (Q4); Philosophy (Q4)";"Arts and Humanities; Social Sciences"
583;21101067517;"Literaturna Misal";journal;"13149237, 03240495";"Institute for Literature, Bulgarian Academy of Sciences";No;No;0,105;Q3;1;26;57;431;0;57;0,00;16,58;46,15;0;Bulgaria;Eastern Europe;"Institute for Literature, Bulgarian Academy of Sciences";"2019-2025";"History (Q3); Literature and Literary Theory (Q3); Arts and Humanities (miscellaneous) (Q4); Cultural Studies (Q4)";"Arts and Humanities; Social Sciences"
584;21101059738;"Margens";journal;"19825374, 18060560";"Universidade Federal Do Para";No;Yes;0,105;Q3;3;36;71;681;3;70;0,04;18,92;63,64;0;Brazil;Latin America;"Universidade Federal Do Para";"2019-2024";"Literature and Literary Theory (Q3); Arts and Humanities (miscellaneous) (Q4); Education (Q4); History and Philosophy of Science (Q4); Social Sciences (miscellaneous) (Q4)";"Arts and Humanities; Social Sciences"
585;6400153187;"Nottingham French Studies";journal;"00294586, 20477236";"Edinburgh University Press";No;No;0,105;Q3;13;21;75;142;7;72;0,15;6,76;36,36;0;United Kingdom;Western Europe;"Edinburgh University Press";"1996-2025";"Literature and Literary Theory (Q3); Cultural Studies (Q4); History (Q4); Linguistics and Language (Q4)";"Arts and Humanities; Social Sciences"
586;21100449123;"Porownania";journal;"1733165X";"Adam Mickiewicz University";No;No;0,105;Q3;4;43;198;1488;8;191;0,05;34,60;69,23;0;Poland;Eastern Europe;"Adam Mickiewicz University";"2015-2025";"Literature and Literary Theory (Q3); Cultural Studies (Q4)";"Arts and Humanities; Social Sciences"
587;5800209455;"Renaissance Studies";journal;"14774658, 02691213";"John Wiley and Sons Inc";No;No;0,105;Q3;26;30;107;0;52;103;0,42;0,00;57,58;0;United Kingdom;Western Europe;"John Wiley and Sons Inc";"1987-2026";"History (Q3); Literature and Literary Theory (Q3); Religious Studies (Q3); Visual Arts and Performing Arts (Q3); Cultural Studies (Q4)";"Arts and Humanities; Social Sciences"
588;5800225701;"Revista de Occidente";journal;"00348635";"Fundacion Jose Ortega y Gasset";No;No;0,105;Q3;7;132;350;523;11;317;0,04;3,96;24,27;0;Spain;Western Europe;"Fundacion Jose Ortega y Gasset";"2002-2004, 2007-2025";"History (Q3); Literature and Literary Theory (Q3); Visual Arts and Performing Arts (Q3); Cultural Studies (Q4)";"Arts and Humanities; Social Sciences"
589;21101042152;"Semitica et Classica";journal;"22959041, 20315937";"Brepols Publishers";No;No;0,105;Q3;5;22;52;683;13;41;0,29;31,05;47,83;0;Belgium;Western Europe;"Brepols Publishers";"2019-2024";"History (Q3); Literature and Literary Theory (Q3); Religious Studies (Q3); Archeology (arts and humanities) (Q4)";"Arts and Humanities"
590;21100927242;"Studies in Comics";journal;"20403232, 20403240";"Intellect Ltd.";No;No;0,105;Q3;4;23;63;437;15;46;0,28;19,00;36,36;0;United Kingdom;Western Europe;"Intellect Ltd.";"2019-2023, 2025";"Literature and Literary Theory (Q3); Visual Arts and Performing Arts (Q3)";"Arts and Humanities"
591;17700155415;"Sungkyun Journal of East Asian Studies";journal;"25860380, 15982661";"Duke University Press";Yes;Yes;0,105;Q3;8;10;34;539;5;33;0,04;53,90;71,43;0;South Korea;Asiatic Region;"Duke University Press";"2010-2025";"Literature and Literary Theory (Q3); Religious Studies (Q3); Anthropology (Q4); Cultural Studies (Q4); Sociology and Political Science (Q4)";"Arts and Humanities; Social Sciences"
592;5700168874;"Rhetorica - A Journal of the History of Rhetoric";journal;"07348584, 15338541";"Johns Hopkins University Press";No;No;0,105;-;22;13;52;936;7;51;0,09;72,00;15,38;0;United States;Northern America;"Johns Hopkins University Press";"1983-2022";"Linguistics and Language (Q4)";"Social Sciences"
593;21100944128;"Abriu";journal;"20148534, 20148526";"Universitat de Barcelona";Yes;Yes;0,104;Q3;3;18;61;381;7;60;0,06;21,17;53,85;0;Spain;Western Europe;"Universitat de Barcelona";"2019-2025";"Literature and Literary Theory (Q3); Visual Arts and Performing Arts (Q3); History (Q4); Linguistics and Language (Q4)";"Arts and Humanities; Social Sciences"
594;16000154765;"American Literary Realism";journal;"00029823, 19405103";"University of Illinois Press";No;No;0,104;Q3;9;22;52;665;6;47;0,11;30,23;52,63;0;United States;Northern America;"University of Illinois Press";"2002-2025";"Literature and Literary Theory (Q3)";"Arts and Humanities"
595;27593;"ANQ - Quarterly Journal of Short Articles Notes and Reviews";journal;"19403364, 0895769X";"Routledge";No;No;0,104;Q3;10;90;185;1295;36;26;0,20;14,39;35,71;0;United States;Northern America;"Routledge";"1988-2026";"Literature and Literary Theory (Q3); Cultural Studies (Q4); History (Q4)";"Arts and Humanities; Social Sciences"
596;21100805773;"Arizona Quarterly";journal;"00041610, 15589595";"Johns Hopkins University Press";No;No;0,104;Q3;6;23;64;887;21;58;0,27;38,57;35,29;0;United States;Northern America;"Johns Hopkins University Press";"2016-2025";"Literature and Literary Theory (Q3); Cultural Studies (Q4)";"Arts and Humanities; Social Sciences"
597;5700177049;"CR: The New Centennial Review";journal;"1532687X, 15396630";"Michigan State University, Department of English";No;No;0,104;Q3;24;28;101;974;13;90;0,10;34,79;43,48;0;United States;Northern America;"Michigan State University, Department of English";"2002-2023";"Literature and Literary Theory (Q3); Cultural Studies (Q4); Sociology and Political Science (Q4)";"Arts and Humanities; Social Sciences"
598;21100929889;"Kamchatka";journal;"23401869";"Universitat de Valencia, Faculty of Philology, Translation and Communication";Yes;Yes;0,104;Q3;7;39;147;1480;29;145;0,16;37,95;72,34;0;Spain;Western Europe;"Universitat de Valencia, Faculty of Philology, Translation and Communication";"2019-2026";"Literature and Literary Theory (Q3); Communication (Q4); Cultural Studies (Q4); History (Q4); Linguistics and Language (Q4)";"Arts and Humanities; Social Sciences"
599;21100948932;"Keria";journal;"23504234, 15800261";"University of Ljubljana Press";Yes;Yes;0,104;Q3;3;19;43;829;2;42;0,06;43,63;43,48;0;Slovenia;Eastern Europe;"University of Ljubljana Press";"2019-2025";"Classics (Q3); Literature and Literary Theory (Q3); Linguistics and Language (Q4)";"Arts and Humanities; Social Sciences"
600;21101090017;"Lecturae Tropatorum";journal;"19744374";"University of Naples Federico II";Yes;Yes;0,104;Q3;2;5;15;143;1;15;0,13;28,60;50,00;0;Italy;Western Europe;"University of Naples Federico II";"2019-2024";"Literature and Literary Theory (Q3)";"Arts and Humanities"
601;21404;"Medievalia et Humanistica";journal;"00766127";"Rowman and Littlefield Publishers, Inc.";No;No;0,104;Q3;6;13;21;361;5;14;0,27;27,77;33,33;0;United States;Northern America;"Rowman and Littlefield Publishers, Inc.";"1960, 1967, 1986, 2002-2012, 2014-2017, 2019-2023, 2025";"Literature and Literary Theory (Q3); Visual Arts and Performing Arts (Q3); History (Q4); Philosophy (Q4)";"Arts and Humanities"
602;5600154152;"Modernism - Modernity";journal;"10806601, 10716068";"Johns Hopkins University Press";No;No;0,104;Q3;29;27;101;1447;19;101;0,09;53,59;46,43;0;United States;Northern America;"Johns Hopkins University Press";"1999, 2002-2025";"Literature and Literary Theory (Q3); Music (Q3); Visual Arts and Performing Arts (Q3); Cultural Studies (Q4); History (Q4); Sociology and Political Science (Q4)";"Arts and Humanities; Social Sciences"
603;21100854615;"Orbit: A Journal of American Literature";journal;"23986786";"Open Library of Humanities";Yes;Yes;0,104;Q3;4;14;8;493;0;8;0,00;35,21;25,00;0;United Kingdom;Western Europe;"Open Library of Humanities";"2017-2023, 2025";"Literature and Literary Theory (Q3)";"Arts and Humanities"
604;21000196009;"Pamietnik Literacki";journal;"27195376, 00310514";"Institute of Literary Research Polish Academy of Sciences";No;No;0,104;Q3;5;70;209;101;4;203;0,03;1,44;39,34;0;Poland;Eastern Europe;"Institute of Literary Research Polish Academy of Sciences";"2010-2025";"Literature and Literary Theory (Q3)";"Arts and Humanities"
605;16400154781;"Thomas Wolfe Review";journal;"02765683, 21691452";"Thomas Wolf Society";No;No;0,104;Q3;3;0;22;0;0;12;0,00;0,00;0,00;0;United States;Northern America;"Thomas Wolf Society";"2008-2012, 2019";"Literature and Literary Theory (Q3)";"Arts and Humanities"
606;5800172539;"Virginia Quarterly Review";journal;"0042675X, 21546932";"University of Virginia";No;No;0,104;Q3;7;51;171;0;10;111;0,07;0,00;51,28;0;United States;Northern America;"University of Virginia";"1970, 1978-1979, 1981, 1987-1988, 2002-2025";"Literature and Literary Theory (Q3); Visual Arts and Performing Arts (Q3); Sociology and Political Science (Q4)";"Arts and Humanities; Social Sciences"
607;21101068961;"Written Monuments of the Orient";journal;"24100145";"Institute of Oriental Manuscripts of the Russian Academy of Sciences";No;No;0,104;Q3;3;13;32;224;9;32;0,29;17,23;50,00;0;Russian Federation;Eastern Europe;"Institute of Oriental Manuscripts of the Russian Academy of Sciences";"2019-2025";"Literature and Literary Theory (Q3); Religious Studies (Q3); Conservation (Q4); History (Q4)";"Arts and Humanities"
608;5800207606;"AAA - Arbeiten aus Anglistik und Amerikanistik";journal;"01715410";"Gunter Narr Verlag";No;No;0,103;Q3;10;14;24;597;4;24;0,11;42,64;50,00;0;Germany;Western Europe;"Gunter Narr Verlag";"2002-2025";"Literature and Literary Theory (Q3); Linguistics and Language (Q4)";"Arts and Humanities; Social Sciences"
609;21101044506;"Aethiopica";journal;"14301938, 21944024";"Harrassowitz Verlag";Yes;Yes;0,103;Q3;3;28;32;346;11;30;0,37;12,36;34,62;0;Germany;Western Europe;"Harrassowitz Verlag";"2019-2024";"Literature and Literary Theory (Q3); Anthropology (Q4); Archeology (Q4); Archeology (arts and humanities) (Q4); History (Q4); Linguistics and Language (Q4); Philosophy (Q4); Religious Studies (Q4)";"Arts and Humanities; Social Sciences"
610;20700195002;"Ausa";journal;"02105853, 20141246";"Patronat d'Estudis Osonencs";Yes;No;0,103;Q3;3;10;11;339;0;11;0,00;33,90;33,33;0;Spain;Western Europe;"Patronat d'Estudis Osonencs";"2011-2019, 2022-2024";"Literature and Literary Theory (Q3); Visual Arts and Performing Arts (Q3); Cultural Studies (Q4); History (Q4)";"Arts and Humanities; Social Sciences"
611;21100916808;"Barnboken";journal;"20004389";"Swedish Institute for Children's Books";Yes;Yes;0,103;Q3;5;22;38;783;7;29;0,08;35,59;80,00;0;Sweden;Western Europe;"Swedish Institute for Children's Books";"2018-2025";"Literature and Literary Theory (Q3); Visual Arts and Performing Arts (Q3)";"Arts and Humanities"
612;5800227794;"Cithara";journal;"00097527";"Saint Bonaventure University";No;No;0,103;Q3;4;7;14;127;0;11;0,00;18,14;33,33;0;United States;Northern America;"Saint Bonaventure University";"2002-2020, 2022-2024";"Literature and Literary Theory (Q3); Cultural Studies (Q4); History (Q4); Religious Studies (Q4)";"Arts and Humanities; Social Sciences"
613;21101057641;"Dirasat Hispanicas";journal;"22865977";"University of Tunis El Manar";Yes;Yes;0,103;Q3;2;7;10;194;1;10;0,10;27,71;42,86;0;Tunisia;Africa;"University of Tunis El Manar";"2020-2024";"Literature and Literary Theory (Q3); History (Q4); Linguistics and Language (Q4)";"Arts and Humanities; Social Sciences"
614;17100154758;"Etudes Classiques";journal;"0014200X";"Societe des Etudes Classiques A S B L";No;No;0,103;Q3;8;0;39;0;5;38;0,17;0,00;0,00;0;Belgium;Western Europe;"Societe des Etudes Classiques A S B L";"1979, 1996, 2002-2015, 2017-2021, 2023-2024";"Literature and Literary Theory (Q3); Archeology (Q4); Archeology (arts and humanities) (Q4); Classics (Q4); History (Q4)";"Arts and Humanities; Social Sciences"
615;16600154707;"Explicator";journal;"1939926X, 00144940";"Routledge";No;No;0,103;Q3;7;35;113;258;9;113;0,09;7,37;22,22;0;United States;Northern America;"Routledge";"1958, 1965, 1974-1980, 1982-1983, 1985, 1987-2026";"Literature and Literary Theory (Q3); Education (Q4)";"Arts and Humanities; Social Sciences"
616;16400154757;"Hispanic Review";journal;"15530639, 00182176";"University of Pennsylvania Press";No;No;0,103;Q3;13;29;61;1000;12;61;0,24;34,48;40,63;0;United States;Northern America;"University of Pennsylvania Press";"1999, 2005-2026";"Literature and Literary Theory (Q3); Linguistics and Language (Q4)";"Arts and Humanities; Social Sciences"
617;21101101868;"Information, Medium, and Society";journal;"26911507, 26911515";"Common Ground Research Networks";No;No;0,103;Q3;5;2;12;67;1;12;0,00;33,50;100,00;0;United States;Northern America;"Common Ground Research Networks";"2020, 2022-2025";"Literature and Literary Theory (Q3); Communication (Q4); History (Q4); Library and Information Sciences (Q4)";"Arts and Humanities; Social Sciences"
618;21100870908;"Journal of Austrian Studies";journal;"23271809, 2165669X";"University of Nebraska Press";No;No;0,103;Q3;7;51;62;901;11;57;0,23;17,67;46,67;0;United States;Northern America;"University of Nebraska Press";"2012-2025";"Literature and Literary Theory (Q3); Cultural Studies (Q4)";"Arts and Humanities; Social Sciences"
619;21100936713;"Manuscript Studies";journal;"23801190, 23815329";"University of Pennsylvania Press";Yes;No;0,103;Q3;7;26;39;786;15;39;0,48;30,23;51,35;0;United States;Northern America;"University of Pennsylvania Press";"2016-2025";"Literature and Literary Theory (Q3); Conservation (Q4); Library and Information Sciences (Q4)";"Arts and Humanities; Social Sciences"
620;21100437743;"Multicultural Shakespeare";journal;"23007605, 20838530";"Lodz University Press";Yes;Yes;0,103;Q3;5;22;67;580;10;61;0,11;26,36;52,94;0;Poland;Eastern Europe;"Lodz University Press";"2011-2024";"Literature and Literary Theory (Q3); Visual Arts and Performing Arts (Q3); Cultural Studies (Q4); Linguistics and Language (Q4)";"Arts and Humanities; Social Sciences"
621;21100903448;"NALANS: Journal of Narrative and Language Studies";journal;"21484066";"Karadeniz Technical University";Yes;Yes;0,103;Q3;5;25;89;690;11;84;0,15;27,60;68,00;0;Turkey;Middle East;"Karadeniz Technical University";"2018-2025";"Literature and Literary Theory (Q3); Communication (Q4); Linguistics and Language (Q4)";"Arts and Humanities; Social Sciences"
622;16096;"Notes and Queries";journal;"00293970, 14716941";"Oxford University Press";No;No;0,103;Q3;11;109;472;1834;38;283;0,08;16,83;25,00;0;United Kingdom;Western Europe;"Oxford University Press";"1849-2025";"Literature and Literary Theory (Q3); Library and Information Sciences (Q4); Linguistics and Language (Q4)";"Arts and Humanities; Social Sciences"
623;19700167103;"Slavia";journal;"00376736";"Slovansky Ustav AV CR";Yes;No;0,103;Q3;5;37;93;556;8;82;0,11;15,03;38,10;0;Czech Republic;Eastern Europe;"Slovansky Ustav AV CR";"2002, 2009-2025";"Literature and Literary Theory (Q3); Linguistics and Language (Q4)";"Arts and Humanities; Social Sciences"
624;21100834322;"Studia Austriaca";journal;"15932508, 23852925";"Universita degli Studi di Milano";Yes;Yes;0,103;Q3;2;5;18;156;0;18;0,00;31,20;40,00;0;Italy;Western Europe;"Universita degli Studi di Milano";"2017-2025";"Literature and Literary Theory (Q3); Cultural Studies (Q4)";"Arts and Humanities; Social Sciences"
625;21100901132;"Studia Universitatis Cibiniensis, Series Historica";journal;"15843165";"Lucian Blaga University of Sibiu";No;No;0,103;Q3;1;13;18;923;2;18;0,00;71,00;28,57;0;Romania;Eastern Europe;"Lucian Blaga University of Sibiu";"2018-2024";"Literature and Literary Theory (Q3); Archeology (arts and humanities) (Q4); Cultural Studies (Q4); History (Q4); Sociology and Political Science (Q4)";"Arts and Humanities; Social Sciences"
626;6500153191;"Studies in Travel Writing";journal;"13645145, 17557550";"Routledge";No;No;0,103;Q3;14;5;77;226;12;68;0,14;45,20;60,00;0;United Kingdom;Western Europe;"Routledge";"1997-2026";"Literature and Literary Theory (Q3)";"Arts and Humanities"
627;21101046692;"Talia Dixit";journal;"18869440";"Servicio de Publicaciones, University of Extremadura";Yes;Yes;0,103;Q3;1;0;15;0;0;15;0,00;0,00;0,00;0;Spain;Western Europe;"Servicio de Publicaciones, University of Extremadura";"2019-2021, 2023-2025";"Classics (Q3); Literature and Literary Theory (Q3); Arts and Humanities (miscellaneous) (Q4); History (Q4); Linguistics and Language (Q4)";"Arts and Humanities; Social Sciences"
628;20000195064;"Taller de Letras";journal;"07160798";"Pontificia Universidad Catolica de Chile";No;No;0,103;Q3;5;27;108;582;9;102;0,08;21,56;62,96;0;Chile;Latin America;"Pontificia Universidad Catolica de Chile";"2011-2025";"Literature and Literary Theory (Q3)";"Arts and Humanities"
629;5800169338;"T'oung Pao";journal;"15685322, 00825433";"Brill Academic Publishers";No;No;0,103;Q3;14;17;45;1218;9;45;0,11;71,65;17,65;0;Netherlands;Western Europe;"Brill Academic Publishers";"1890-1891, 1897, 1899-1901, 1907, 1909, 1916, 1918, 1920, 1924-1925, 1929, 1931, 1933-1934, 1939-1940, 1947, 1950, 1953, 1956-1958, 1960, 1962-1966, 1968-1971, 1973-1979, 1981-1982, 1984-1993, 1995-1997, 2007-2025";"Literature and Literary Theory (Q3); Cultural Studies (Q4); History (Q4); History and Philosophy of Science (Q4); Linguistics and Language (Q4)";"Arts and Humanities; Social Sciences"
630;21100939717;"Wellsian";journal;"02631776";"The H. G. Wells Society";No;No;0,103;Q3;1;5;14;89;0;9;0,00;17,80;0,00;0;Poland;Eastern Europe;"The H. G. Wells Society";"2019-2025";"Literature and Literary Theory (Q3)";"Arts and Humanities"
631;5700161051;"A Contrario";journal;"16607880, 16628667";"Editions Antipodes";No;No;0,102;Q3;8;11;57;268;7;51;0,12;24,36;36,36;0;Switzerland;Western Europe;"Editions Antipodes";"2003-2007, 2009-2018, 2020-2023";"Literature and Literary Theory (Q3); Cultural Studies (Q4); Political Science and International Relations (Q4); Sociology and Political Science (Q4)";"Arts and Humanities; Social Sciences"
632;19700201012;"Acta Scientiarum Language and Culture";journal;"19834683, 19834675";"Eduem - Editora da Universidade Estadual de Maringa";Yes;Yes;0,102;Q3;7;44;126;954;14;121;0,09;21,68;64,86;0;Brazil;Latin America;"Eduem - Editora da Universidade Estadual de Maringa";"2008-2025";"Literature and Literary Theory (Q3); Linguistics and Language (Q4)";"Arts and Humanities; Social Sciences"
633;21100864394;"Amaltea";journal;"19891709";"Universidad Complutense Madrid";Yes;Yes;0,102;Q3;2;6;17;142;2;14;0,10;23,67;40,00;0;Spain;Western Europe;"Universidad Complutense Madrid";"2017-2026";"Literature and Literary Theory (Q3); Cultural Studies (Q4)";"Arts and Humanities; Social Sciences"
634;21100943914;"Apocrypha";journal;"20346468, 11553316";"Brepols Publishers";No;No;0,102;Q3;2;7;20;458;1;18;0,07;65,43;22,22;0;Belgium;Western Europe;"Brepols Publishers";"2018-2023";"Literature and Literary Theory (Q3); Religious Studies (Q4)";"Arts and Humanities"
635;91500;"Bulletin Hispanique";journal;"17753821, 00074640";"Universite de Bordeaux III (Michel de Montaigne), Institut Hispanique";No;No;0,102;Q3;8;27;62;850;5;59;0,05;31,48;57,14;0;France;Western Europe;"Universite de Bordeaux III (Michel de Montaigne), Institut Hispanique";"1972, 1999, 2001-2017, 2019-2025";"Literature and Literary Theory (Q3); History (Q4); Linguistics and Language (Q4)";"Arts and Humanities; Social Sciences"
636;24424;"Canadian Review of American Studies";journal;"00077720, 1710114X";"University of Toronto Press";No;No;0,102;Q3;10;7;62;208;12;58;0,14;29,71;28,57;0;Canada;Northern America;"University of Toronto Press";"1973, 1979-1981, 1983, 1988, 1993, 2000, 2003, 2009-2025";"Literature and Literary Theory (Q3); Cultural Studies (Q4); History (Q4)";"Arts and Humanities; Social Sciences"
637;17500155006;"Confrontation";journal;"00105716";"Long Island University, C.W. Post College";No;No;0,102;Q3;1;0;14;0;0;13;0,00;0,00;0,00;0;United States;Northern America;"Long Island University, C.W. Post College";"2008-2018, 2020";"Literature and Literary Theory (Q3)";"Arts and Humanities"
638;16400154753;"Contemporary French and Francophone Studies";journal;"17409292";"Taylor and Francis Ltd.";No;No;0,102;Q3;12;53;214;439;9;183;0,04;8,28;65,08;0;United Kingdom;Western Europe;"Taylor and Francis Ltd.";"1997-2026";"Literature and Literary Theory (Q3); Visual Arts and Performing Arts (Q3); Cultural Studies (Q4); History (Q4)";"Arts and Humanities; Social Sciences"
639;21101060492;"Crossroads";journal;"23006250";"University of Bialystok";Yes;Yes;0,102;Q3;3;26;63;774;5;61;0,10;29,77;66,67;0;Poland;Eastern Europe;"University of Bialystok";"2019-2025";"Literature and Literary Theory (Q3); Linguistics and Language (Q4)";"Arts and Humanities; Social Sciences"
640;16000154773;"Cultura Neolatina";journal;"03915654";"Mucchi Editore";No;No;0,102;Q3;6;0;15;0;2;15;0,11;0,00;0,00;0;Italy;Western Europe;"Mucchi Editore";"2002-2020";"Literature and Literary Theory (Q3); Linguistics and Language (Q4)";"Arts and Humanities; Social Sciences"
641;21101033511;"Dante e l'Arte";journal;"23855355, 23857269";"Universitat Autonoma de Barcelona";Yes;Yes;0,102;Q3;2;22;31;353;6;29;0,00;16,05;41,18;0;Spain;Western Europe;"Universitat Autonoma de Barcelona";"2019, 2021-2026";"Literature and Literary Theory (Q3); Arts and Humanities (miscellaneous) (Q4); Linguistics and Language (Q4); Music (Q4); Visual Arts and Performing Arts (Q4)";"Arts and Humanities; Social Sciences"
642;21101047376;"Dostoevsky Journal";journal;"15355314, 23752122";"Brill Academic Publishers";No;No;0,102;Q3;3;10;14;108;0;14;0,00;10,80;80,00;0;Netherlands;Western Europe;"Brill Academic Publishers";"2000-2001, 2003-2006, 2009-2010, 2012, 2014-2023";"Literature and Literary Theory (Q3); Philosophy (Q4)";"Arts and Humanities"
643;21100267793;"Early Medieval China";journal;"15299104, 19467842";"Maney Publishing";No;No;0,102;Q3;7;6;24;0;4;20;0,06;0,00;75,00;0;United Kingdom;Western Europe;"Maney Publishing";"1994-1995, 2005, 2007-2024";"Literature and Literary Theory (Q3); Anthropology (Q4); Cultural Studies (Q4); History (Q4); Philosophy (Q4); Religious Studies (Q4)";"Arts and Humanities; Social Sciences"
644;21101045765;"Eastern African Literary and Cultural Studies";journal;"23277416, 23277408";"Taylor and Francis Ltd.";No;No;0,102;Q3;6;20;54;466;17;46;0,33;23,30;27,27;0;United Kingdom;Western Europe;"Taylor and Francis Ltd.";"2019-2026";"Literature and Literary Theory (Q3); Cultural Studies (Q4)";"Arts and Humanities; Social Sciences"
645;16200154749;"Eighteenth-Century Fiction";journal;"08406286";"University of Toronto Press";No;No;0,102;Q3;16;44;81;434;15;79;0,15;9,86;59,09;0;Canada;Northern America;"University of Toronto Press";"2002-2025";"Literature and Literary Theory (Q3)";"Arts and Humanities"
646;5600156554;"Hispanic Research Journal";journal;"14682737, 1745820X";"Taylor and Francis Ltd.";No;No;0,102;Q3;9;31;96;1333;11;90;0,10;43,00;51,61;0;United Kingdom;Western Europe;"Taylor and Francis Ltd.";"2009-2025";"Literature and Literary Theory (Q3); Visual Arts and Performing Arts (Q3); Cultural Studies (Q4)";"Arts and Humanities; Social Sciences"
647;16000154751;"Humanistica Lovaniensia: Journal of Neo-Latin studies";journal;"07742908";"Peeters Publishers";Yes;No;0,102;Q3;7;5;19;411;5;19;0,17;82,20;20,00;0;Belgium;Western Europe;"Peeters Publishers";"2002-2003, 2005-2011, 2018-2019, 2021-2023";"Literature and Literary Theory (Q3); Classics (Q4)";"Arts and Humanities"
648;21100945772;"In Monte Artium";journal;"20313098, 25070312";"OpenEditions Journals";No;No;0,102;Q3;2;0;13;0;0;13;0,00;0,00;0,00;0;France;Western Europe;"OpenEditions Journals";"2019-2021, 2023, 2025";"Literature and Literary Theory (Q3); Arts and Humanities (miscellaneous) (Q4); History (Q4); Library and Information Sciences (Q4); Music (Q4)";"Arts and Humanities; Social Sciences"
649;16400154754;"Infini";journal;"0754023X";"Editions Gallimard";No;No;0,102;Q3;1;8;18;25;0;16;0,00;3,13;12,50;0;France;Western Europe;"Editions Gallimard";"2002, 2004-2019, 2022";"Literature and Literary Theory (Q3)";"Arts and Humanities"
650;16300154730;"Insula";journal;"00204536";"Insula: Libreria Ediciones y Publicaciones, S.A.";Yes;No;0,102;Q3;7;106;359;1162;13;320;0,05;10,96;51,00;0;Spain;Western Europe;"Insula: Libreria Ediciones y Publicaciones, S.A.";"2002-2025";"Literature and Literary Theory (Q3)";"Arts and Humanities"
651;21100976771;"International Journal of Persian Literature";journal;"23765755, 23765739";"Penn State University Press";No;No;0,102;Q3;5;7;24;395;1;19;0,07;56,43;37,50;0;United States;Northern America;"Penn State University Press";"2016-2025";"Literature and Literary Theory (Q3)";"Arts and Humanities"
652;21100917485;"Journal of Anglo-Portuguese Studies";journal;"0871682X";"CETAPS";No;No;0,102;Q3;1;15;29;542;0;27;0,00;36,13;58,33;0;Portugal;Western Europe;"CETAPS";"2018-2024";"Literature and Literary Theory (Q3); Arts and Humanities (miscellaneous) (Q4); Cultural Studies (Q4); History (Q4)";"Arts and Humanities; Social Sciences"
653;21101070995;"Journal of Foreign Languages and Cultures";journal;"20964374";"Hunan Normal University Press";No;No;0,102;Q3;3;26;76;515;2;74;0,04;19,81;39,29;0;China;Asiatic Region;"Hunan Normal University Press";"2019-2025";"Literature and Literary Theory (Q3); Linguistics and Language (Q4)";"Arts and Humanities; Social Sciences"
654;21100898989;"Journal of Inklings Studies";journal;"20458797, 20458800";"Edinburgh University Press";No;No;0,102;Q3;4;13;31;360;4;27;0,11;27,69;30,00;0;United Kingdom;Western Europe;"Edinburgh University Press";"2011-2025";"Literature and Literary Theory (Q3); History (Q4)";"Arts and Humanities"
655;21100285044;"Medieval Sermon Studies";journal;"17496276, 13660691";"Maney Publishing";No;No;0,102;Q3;4;5;15;0;1;15;0,00;0,00;0,00;0;United Kingdom;Western Europe;"Maney Publishing";"2013-2025";"Literature and Literary Theory (Q3); Religious Studies (Q4)";"Arts and Humanities"
656;5800208590;"Middle Eastern Literatures";journal;"1475262X, 14752638";"Routledge";No;No;0,102;Q3;12;10;39;479;1;32;0,03;47,90;66,67;0;United Kingdom;Western Europe;"Routledge";"2009-2026";"Literature and Literary Theory (Q3)";"Arts and Humanities"
657;21101045200;"Minerva Revista de Filologia Clasica";journal;"25306480";"Universidad de Valladolid";Yes;Yes;0,102;Q3;2;5;28;187;5;28;0,05;37,40;60,00;0;Spain;Western Europe;"Universidad de Valladolid";"2019-2024";"Literature and Literary Theory (Q3); Classics (Q4); Linguistics and Language (Q4)";"Arts and Humanities; Social Sciences"
658;6500153109;"Modern Language Review";journal;"00267937";"Modern Humanities Research Association";No;No;0,102;Q3;16;26;82;755;15;81;0,08;29,04;46,15;0;United Kingdom;Western Europe;"Modern Humanities Research Association";"2002-2026";"Literature and Literary Theory (Q3); Linguistics and Language (Q4)";"Arts and Humanities; Social Sciences"
659;21100898965;"Modernist Cultures";journal;"20411022, 17538629";"Edinburgh University Press";No;No;0,102;Q3;10;14;75;1049;16;73;0,14;74,93;50,00;0;United Kingdom;Western Europe;"Edinburgh University Press";"2005-2025";"Literature and Literary Theory (Q3); Cultural Studies (Q4); History (Q4); Music (Q4); Sociology and Political Science (Q4); Visual Arts and Performing Arts (Q4)";"Arts and Humanities; Social Sciences"
660;21101017704;"Nuova Rivista di Letteratura Italiana";journal;"15907929";"Edizioni ETS";No;No;0,102;Q3;2;11;31;565;1;31;0,05;51,36;50,00;0;Italy;Western Europe;"Edizioni ETS";"2019-2024";"Literature and Literary Theory (Q3)";"Arts and Humanities"
661;16770;"Papers on French Seventeenth Century Literature";journal;"03430758";"Narr Francke Verlag";No;No;0,102;Q3;4;29;60;927;1;60;0,02;31,97;53,85;0;Germany;Western Europe;"Narr Francke Verlag";"1987, 2002-2025";"Literature and Literary Theory (Q3)";"Arts and Humanities"
662;17700154926;"Peritia";journal;"03321592";"Brepols Publishers";No;No;0,102;Q3;12;26;39;1101;8;39;0,21;42,35;28,00;0;Belgium;Western Europe;"Brepols Publishers";"2002-2003, 2005, 2008, 2010-2011, 2014-2018, 2020-2024";"Literature and Literary Theory (Q3); Visual Arts and Performing Arts (Q3); Archeology (Q4); Archeology (arts and humanities) (Q4); History (Q4); Linguistics and Language (Q4)";"Arts and Humanities; Social Sciences"
663;21101089624;"Quaderni del '900";journal;"17200180, 17241898";"Fabrizio Serra Editore Srl";No;No;0,102;Q3;1;10;20;384;0;19;0,00;38,40;44,44;0;Italy;Western Europe;"Fabrizio Serra Editore Srl";"2020-2025";"Literature and Literary Theory (Q3); Linguistics and Language (Q4)";"Arts and Humanities; Social Sciences"
664;21100980649;"Revista Hispanica Moderna";journal;"19446446";"University of Pennsylvania Press";No;No;0,102;Q3;2;17;32;430;5;31;0,15;25,29;56,25;0;United States;Northern America;"University of Pennsylvania Press";"2019-2025";"Literature and Literary Theory (Q3); Cultural Studies (Q4); History (Q4)";"Arts and Humanities; Social Sciences"
665;21101076307;"Rocznik Przekladoznawczy";journal;"23921552, 18964362";"Nicolaus Copernicus University";Yes;Yes;0,102;Q3;2;18;21;414;2;20;0,10;23,00;76,19;0;Poland;Eastern Europe;"Nicolaus Copernicus University";"2019-2024";"Literature and Literary Theory (Q3); Linguistics and Language (Q4)";"Arts and Humanities; Social Sciences"
666;16200154724;"Scandinavica";journal;"00365653, 27540804";"Norvik Press";No;No;0,102;Q3;4;2;22;0;5;21;0,14;0,00;0,00;0;United Kingdom;Western Europe;"Norvik Press";"2002-2020, 2022-2025";"Literature and Literary Theory (Q3); Cultural Studies (Q4)";"Arts and Humanities; Social Sciences"
667;16400154711;"Seminar - A Journal of Germanic Studies";journal;"00371939, 1911026X";"University of Toronto Press";No;No;0,102;Q3;10;22;61;993;16;61;0,07;45,14;52,00;0;Canada;Northern America;"University of Toronto Press";"1977, 1988-1989, 1996-2025";"Literature and Literary Theory (Q3); Cultural Studies (Q4)";"Arts and Humanities; Social Sciences"
668;16000154730;"Shakespeare Quarterly";journal;"00373222, 15383555";"Johns Hopkins University Press";No;No;0,102;Q3;35;12;31;626;12;30;0,27;52,17;33,33;0;United States;Northern America;"Johns Hopkins University Press";"1951, 1961, 1963-1964, 1967, 1969-1971, 1973-1974, 1978, 1982, 1984-1985, 2002-2025";"Literature and Literary Theory (Q3); Visual Arts and Performing Arts (Q4)";"Arts and Humanities"
669;16400154750;"Studi Secenteschi";journal;"20357966, 00816248";"Casa Editrice Leo S. Olschki";No;No;0,102;Q3;6;11;32;0;2;13;0,05;0,00;0,00;0;Italy;Western Europe;"Casa Editrice Leo S. Olschki";"2002-2013, 2018-2024";"Literature and Literary Theory (Q3); Cultural Studies (Q4); History (Q4)";"Arts and Humanities; Social Sciences"
670;21100828018;"SVMMA";journal;"20147023";"Universitat de Barcelona";Yes;Yes;0,102;Q3;5;22;34;608;3;28;0,05;27,64;33,33;0;Spain;Western Europe;"Universitat de Barcelona";"2013-2019, 2021-2025";"Literature and Literary Theory (Q3); Visual Arts and Performing Arts (Q3); Archeology (arts and humanities) (Q4); History (Q4); Philosophy (Q4)";"Arts and Humanities"
671;14096;"Transactions of the Cambridge Bibliographical Society";journal;"00686611";"Cambridge Bibliographical Society";No;No;0,102;Q3;6;0;21;0;2;20;0,00;0,00;0,00;0;United Kingdom;Western Europe;"Cambridge Bibliographical Society";"1971, 1979-1980, 1982, 1988, 2002-2011, 2013-2017, 2019-2021";"Literature and Literary Theory (Q3); Library and Information Sciences (Q4)";"Arts and Humanities; Social Sciences"
672;16200154715;"Translation Review";journal;"07374836";"Taylor and Francis Ltd.";No;No;0,102;Q3;11;32;49;237;17;40;0,33;7,41;26,92;0;United Kingdom;Western Europe;"Taylor and Francis Ltd.";"1978-1989, 1992-2025";"Literature and Literary Theory (Q3); Linguistics and Language (Q4)";"Arts and Humanities; Social Sciences"
673;16100154772;"Triquarterly";journal;"00413097";"Northwestern University Press";No;No;0,102;Q3;3;0;18;0;0;14;0,00;0,00;0,00;0;United States;Northern America;"Northwestern University Press";"2002-2019, 2024";"Literature and Literary Theory (Q3)";"Arts and Humanities"
674;21100268076;"Turkbilig";journal;"13026011";"Hacettepe University";No;No;0,102;Q3;3;28;33;920;2;32;0,00;32,86;50,00;0;Turkey;Middle East;"Hacettepe University";"2011, 2013-2019, 2022-2025";"Literature and Literary Theory (Q3); Linguistics and Language (Q4)";"Arts and Humanities; Social Sciences"
675;6500153188;"Wasafiri";journal;"17471508, 02690055";"Routledge";No;No;0,102;Q3;13;59;186;430;20;70;0,12;7,29;75,00;1;United Kingdom;Western Europe;"Routledge";"1984-2026";"Literature and Literary Theory (Q3); Cultural Studies (Q4)";"Arts and Humanities; Social Sciences"
676;5800223318;"World Literature Today";journal;"19458134, 01963570";"University of Oklahoma";No;No;0,102;Q3;10;98;326;10;9;148;0,02;0,10;69,33;1;United States;Northern America;"University of Oklahoma";"2002-2026";"Literature and Literary Theory (Q3)";"Arts and Humanities"
677;6500153148;"Year's Work in Critical and Cultural Theory";journal;"1471681X, 10774254";"Oxford University Press";No;No;0,102;Q3;6;18;56;263;8;54;0,17;14,61;61,11;0;United Kingdom;Western Europe;"Oxford University Press";"1991-1996, 2007-2024";"Literature and Literary Theory (Q3); Visual Arts and Performing Arts (Q3); Cultural Studies (Q4); History (Q4); Linguistics and Language (Q4); Philosophy (Q4)";"Arts and Humanities; Social Sciences"
678;21100775656;"Acta Poetica";journal;"01853082, 2448735X";"Universidad Nacional Autonoma de Mexico";Yes;Yes;0,101;Q3;4;9;64;127;2;56;0,04;14,11;62,50;0;Mexico;Latin America;"Universidad Nacional Autonoma de Mexico";"2016-2026";"Literature and Literary Theory (Q3); Cultural Studies (Q4)";"Arts and Humanities; Social Sciences"
679;17700154902;"Anales de Literatura Hispanoamericana";journal;"02104547, 19882351";"Universidad Complutense Madrid";Yes;Yes;0,101;Q3;7;28;114;689;8;111;0,08;24,61;64,00;0;Spain;Western Europe;"Universidad Complutense Madrid";"1996-2024";"Literature and Literary Theory (Q3)";"Arts and Humanities"
680;23771;"Appalachian Journal";journal;"00903779";"Appalachian State University";No;No;0,101;Q3;7;21;39;132;1;22;0,00;6,29;55,00;0;United States;Northern America;"Appalachian State University";"1983, 2002-2020, 2022";"Literature and Literary Theory (Q3); Cultural Studies (Q4); History (Q4)";"Arts and Humanities; Social Sciences"
681;21101054417;"Catedral Tomada";journal;"21690847";"University Library System, University of Pittsburgh";Yes;Yes;0,101;Q3;4;25;100;786;11;98;0,02;31,44;62,96;0;United States;Northern America;"University Library System, University of Pittsburgh";"2019-2025";"Literature and Literary Theory (Q3); Cultural Studies (Q4); Linguistics and Language (Q4)";"Arts and Humanities; Social Sciences"
682;21101073953;"Celestinesca";journal;"26957183, 01473085";"Universitat de Valencia";Yes;Yes;0,101;Q3;2;10;25;338;3;25;0,27;33,80;33,33;0;Spain;Western Europe;"Universitat de Valencia";"2019-2025";"Literature and Literary Theory (Q3); Linguistics and Language (Q4)";"Arts and Humanities; Social Sciences"
683;14021;"Clio";journal;"08842043";"Indiana State University";No;No;0,101;Q3;8;13;25;738;2;24;0,10;56,77;26,67;0;United States;Northern America;"Indiana State University";"1979-1980, 1984, 1987, 1999, 2001-2017, 2019-2024";"Literature and Literary Theory (Q3); History (Q4); Philosophy (Q4)";"Arts and Humanities"
684;16400154756;"French Forum";journal;"15341836, 00989355";"University of Pennsylvania Press";No;No;0,101;Q3;10;10;69;362;4;67;0,00;36,20;60,00;0;United States;Northern America;"University of Pennsylvania Press";"2002-2023, 2025";"Literature and Literary Theory (Q3); Visual Arts and Performing Arts (Q4)";"Arts and Humanities"
685;6600153109;"Frontiers of Literary Studies in China";journal;"16737423, 16737318";"Higher Education Press Limited Company";No;No;0,101;Q3;7;32;56;334;5;49;0,10;10,44;29,63;0;China;Asiatic Region;"Higher Education Press Limited Company";"2007-2025";"Literature and Literary Theory (Q3)";"Arts and Humanities"
686;6000186059;"Genre";journal;"00166928";"University of Oklahoma";No;No;0,101;Q3;13;8;34;353;5;33;0,04;44,13;20,00;0;United States;Northern America;"University of Oklahoma";"2002-2025";"Literature and Literary Theory (Q3)";"Arts and Humanities"
687;21100872052;"George Eliot-George Henry Lewes Studies";journal;"23721901, 2372191X";"Penn State University Press";No;No;0,101;Q3;4;10;26;174;2;26;0,05;17,40;50,00;0;United States;Northern America;"Penn State University Press";"2017-2024";"Literature and Literary Theory (Q3)";"Arts and Humanities"
688;16100154776;"Germanoslavica (Czech Republic)";journal;"12109029";"Slovansky Ustav AV CR";No;No;0,101;Q3;3;16;38;182;2;28;0,08;11,38;82,35;0;Czech Republic;Eastern Europe;"Slovansky Ustav AV CR";"2002, 2004-2024";"Literature and Literary Theory (Q3); Linguistics and Language (Q4)";"Arts and Humanities; Social Sciences"
689;19300156908;"Henry James Review";journal;"10806555, 02730340";"Johns Hopkins University Press";No;No;0,101;Q3;13;19;65;659;6;63;0,05;34,68;25,00;0;United States;Northern America;"Johns Hopkins University Press";"2002-2026";"Literature and Literary Theory (Q3)";"Arts and Humanities"
690;21100373303;"Ibsen Studies";journal;"17418720, 15021866";"Routledge";No;No;0,101;Q3;9;9;26;174;3;21;0,15;19,33;70,00;0;United States;Northern America;"Routledge";"2000-2025";"Literature and Literary Theory (Q3); History (Q4)";"Arts and Humanities"
691;21100874728;"In Esse: English Studies in Albania";journal;"20787413";"Albanian Society for the Study of English";No;No;0,101;Q3;3;10;35;276;1;30;0,00;27,60;50,00;0;Albania;Eastern Europe;"Albanian Society for the Study of English";"2017-2025";"Literature and Literary Theory (Q3); Education (Q4); Linguistics and Language (Q4)";"Arts and Humanities; Social Sciences"
692;5700154365;"International Journal of Francophone Studies";journal;"13682679, 17589142";"Intellect Ltd.";No;No;0,101;Q3;7;9;42;349;4;42;0,07;38,78;45,45;0;United Kingdom;Western Europe;"Intellect Ltd.";"2008, 2012-2023";"Literature and Literary Theory (Q3); Cultural Studies (Q4); Gender Studies (Q4); History (Q4); Linguistics and Language (Q4); Sociology and Political Science (Q4); Visual Arts and Performing Arts (Q4)";"Arts and Humanities; Social Sciences"
693;21100978907;"Journal of Iberian Women Writers/Revista de Escritoras Ibericas";journal;"23409029";"Universidad Nacional de Educacion a Distancia (UNED)";Yes;No;0,101;Q3;4;13;23;503;4;23;0,00;38,69;75,00;0;Spain;Western Europe;"Universidad Nacional de Educacion a Distancia (UNED)";"2019-2020, 2022-2024";"Literature and Literary Theory (Q3); Gender Studies (Q4); Linguistics and Language (Q4)";"Arts and Humanities; Social Sciences"
694;21101091058;"La Palabra";journal;"23463864, 01218530";"Universidad Pedagogica y Tecnologica de Colombia";Yes;Yes;0,101;Q3;2;29;70;834;2;62;0,02;28,76;45,45;1;Colombia;Latin America;"Universidad Pedagogica y Tecnologica de Colombia";"2019-2025";"Literature and Literary Theory (Q3)";"Arts and Humanities"
695;16000154782;"Literature/ Film Quarterly";journal;"00904260";"Salisbury University";No;No;0,101;Q3;12;0;21;0;0;20;0,00;0,00;0,00;0;United States;Northern America;"Salisbury University";"2002-2018, 2021, 2023-2024";"Literature and Literary Theory (Q3); Visual Arts and Performing Arts (Q4)";"Arts and Humanities"
696;21101083149;"Literaturwissenschaftliches Jahrbuch";journal;"26289849, 0075997X";"Duncker und Humblot GmbH";No;No;0,101;Q3;1;9;39;479;0;38;0,00;53,22;70,00;0;Germany;Western Europe;"Duncker und Humblot GmbH";"2019-2025";"Literature and Literary Theory (Q3)";"Arts and Humanities"
697;21101023071;"Litteraria Pragensia";journal;"08628424, 2571452X";"Charles University, Faculty of Arts";Yes;No;0,101;Q3;2;14;42;304;6;39;0,04;21,71;33,33;0;Czech Republic;Eastern Europe;"Charles University, Faculty of Arts";"2019-2025";"Literature and Literary Theory (Q3); Cultural Studies (Q4); Visual Arts and Performing Arts (Q4)";"Arts and Humanities; Social Sciences"
698;21101045279;"Lublin Studies in Modern Languages and Literature";journal;"24504580";"Faculty of Humanities, Maria Curie-Sklodowska University Press";No;No;0,101;Q3;5;43;150;775;16;142;0,09;18,02;68,89;0;Poland;Eastern Europe;"Faculty of Humanities, Maria Curie-Sklodowska University Press";"2019-2025";"Literature and Literary Theory (Q3); Linguistics and Language (Q4)";"Arts and Humanities; Social Sciences"
699;19500157421;"Materiali e Discussioni per l'Analisi dei Testi Classici";journal;"03926338, 17241693";"Fabrizio Serra Editore Srl";No;No;0,101;Q3;9;17;23;935;3;23;0,11;55,00;23,53;0;Italy;Western Europe;"Fabrizio Serra Editore Srl";"2009-2019, 2021-2025";"Literature and Literary Theory (Q3); Classics (Q4)";"Arts and Humanities"
700;21101077294;"Nottingham Medieval Studies";journal;"00782122, 25070444";"Brepols Publishers";No;No;0,101;Q3;2;5;32;387;2;32;0,00;77,40;60,00;0;Belgium;Western Europe;"Brepols Publishers";"2019-2024";"Literature and Literary Theory (Q3); History (Q4)";"Arts and Humanities"
701;16100154732;"Quaderni d'Italianistica";journal;"02268043";"Canadian Society for Italian Studies";No;No;0,101;Q3;6;0;65;0;7;61;0,11;0,00;0,00;0;Canada;Northern America;"Canadian Society for Italian Studies";"2002-2018, 2020-2022";"Literature and Literary Theory (Q3)";"Arts and Humanities"
702;16200154741;"Renaissance Drama";journal;"21643415, 04863739";"University of Chicago Press";No;No;0,101;Q3;15;13;30;63;10;21;0,38;4,85;66,67;0;United States;Northern America;"University of Chicago Press";"2002-2006, 2010-2025";"Literature and Literary Theory (Q3)";"Arts and Humanities"
703;12013;"Revue des Etudes Juives";journal;"1783175X, 04848616";"Peeters Publishers";No;No;0,101;Q3;11;17;49;1639;6;47;0,06;96,41;29,41;0;Belgium;Western Europe;"Peeters Publishers";"1967, 1969, 1975-1977, 1983-1984, 1996-2025";"Literature and Literary Theory (Q3); Cultural Studies (Q4); History (Q4); Religious Studies (Q4)";"Arts and Humanities; Social Sciences"
704;21101089130;"Rivista di Letteratura Storiografica Italiana";journal;"26112787, 25329626";"Fabrizio Serra Editore";No;No;0,101;Q3;2;8;23;461;2;22;0,13;57,63;0,00;0;Italy;Western Europe;"Fabrizio Serra Editore";"2017-2025";"Literature and Literary Theory (Q3); Arts and Humanities (miscellaneous) (Q4); History (Q4)";"Arts and Humanities"
705;19700170142;"Romance Studies";journal;"17458153, 02639904";"Maney Publishing";No;No;0,101;Q3;10;17;49;630;8;45;0,16;37,06;62,50;0;United Kingdom;Western Europe;"Maney Publishing";"1983-1995, 2005-2026";"Literature and Literary Theory (Q3)";"Arts and Humanities"
706;16100154706;"Russian Studies in Literature";journal;"10611975, 19447167";"Routledge";No;No;0,101;Q3;6;0;27;0;0;22;0,00;0,00;0,00;0;United States;Northern America;"Routledge";"1992-1995, 1997-2020";"Literature and Literary Theory (Q3)";"Arts and Humanities"
707;21100239833;"SEDERI";journal;"11357789";"Sociedad Hispano-Portugesa de Estudios Renacentistas Ingleses";No;No;0,101;Q3;3;7;12;250;1;12;0,13;35,71;57,14;0;Spain;Western Europe;"Sociedad Hispano-Portugesa de Estudios Renacentistas Ingleses";"1997, 2011-2017, 2019-2025";"Literature and Literary Theory (Q3); Cultural Studies (Q4); Linguistics and Language (Q4)";"Arts and Humanities; Social Sciences"
708;5800208059;"Stilistica e Metrica Italiana";journal;"15916693";"SISMEL Edizioni del Galluzzo";No;No;0,101;Q3;2;10;32;388;0;22;0,00;38,80;62,50;0;Italy;Western Europe;"SISMEL Edizioni del Galluzzo";"2015-2025";"Literature and Literary Theory (Q3); Linguistics and Language (Q4)";"Arts and Humanities; Social Sciences"
709;21101089623;"Technai";journal;"20377967, 20368097";"Fabrizio Serra Editore";No;No;0,101;Q3;2;0;26;0;0;23;0,00;0,00;0,00;0;Italy;Western Europe;"Fabrizio Serra Editore";"2019-2021, 2023-2024";"Literature and Literary Theory (Q3); Archeology (Q4); Archeology (arts and humanities) (Q4); Classics (Q4); Linguistics and Language (Q4)";"Arts and Humanities; Social Sciences"
710;21101074693;"Venezia Arti";journal;"23852720";"Edizioni Ca' Foscari";Yes;Yes;0,101;Q3;2;8;37;336;3;33;0,04;42,00;71,43;0;Italy;Western Europe;"Edizioni Ca' Foscari";"2019-2024";"Literature and Literary Theory (Q3); Classics (Q4); History (Q4); Linguistics and Language (Q4); Visual Arts and Performing Arts (Q4)";"Arts and Humanities; Social Sciences"
711;5800158153;"Vox Romanica";journal;"0042899X";"Narr Francke Verlag";No;No;0,101;Q3;5;20;53;378;7;53;0,17;18,90;17,65;0;Germany;Western Europe;"Narr Francke Verlag";"2011-2023, 2025";"Literature and Literary Theory (Q3); Linguistics and Language (Q4)";"Arts and Humanities; Social Sciences"
712;21101039071;"Acta Facultatis Philosophicae Universitatis Ostravienis Studia Germanistica";journal;"25710273, 1803408X";"University of Ostrava, Faculty of Arts";Yes;Yes;0,101;Q4;2;14;44;441;2;44;0,06;31,50;57,89;0;Czech Republic;Eastern Europe;"University of Ostrava, Faculty of Arts";"2019-2025";"Cultural Studies (Q4); Education (Q4); Linguistics and Language (Q4); Literature and Literary Theory (Q4)";"Arts and Humanities; Social Sciences"
713;10600153351;"Acta Literaria";journal;"07176848, 07160909";"Universidad de Concepcion";Yes;Yes;0,101;Q4;7;16;53;307;8;46;0,09;19,19;31,25;0;Chile;Latin America;"Universidad de Concepcion";"2007-2025";"Literature and Literary Theory (Q4)";"Arts and Humanities"
714;21101104284;"Acta Universitatis Lodziensis. Folia Litteraria Romanica";journal;"24498831, 15059065";"Lodz University Press";Yes;Yes;0,101;Q4;1;41;64;773;3;60;0,02;18,85;77,78;0;Poland;Eastern Europe;"Lodz University Press";"2019-2026";"Linguistics and Language (Q4); Literature and Literary Theory (Q4)";"Arts and Humanities; Social Sciences"
715;21101012346;"Ad Limina";journal;"2171620X, 26595885";"Xunta de Galicia";Yes;Yes;0,101;Q4;5;16;29;1251;3;27;0,14;78,19;25,00;0;Spain;Western Europe;"Xunta de Galicia";"2010-2025";"History (Q4); Literature and Literary Theory (Q4); Philosophy (Q4); Religious Studies (Q4); Visual Arts and Performing Arts (Q4)";"Arts and Humanities"
716;23036;"Agenda";journal;"00020796";"Agenda and Editions Charitable Trust";No;No;0,101;Q4;3;20;59;1;0;44;0,00;0,05;30,77;0;United Kingdom;Western Europe;"Agenda and Editions Charitable Trust";"1979, 2002-2023";"Literature and Literary Theory (Q4)";"Arts and Humanities"
717;16300154783;"Akzente";journal;"00023957";"Walter de Gruyter";No;No;0,101;Q4;2;0;57;0;0;45;0,00;0,00;0,00;0;Germany;Western Europe;"Walter de Gruyter";"2002-2020";"Literature and Literary Theory (Q4)";"Arts and Humanities"
718;21100450247;"Altre Modernita";journal;"20357680";"Universita degli Studi di Milano";Yes;Yes;0,101;Q4;10;77;207;1947;12;193;0,05;25,29;75,31;0;Italy;Western Europe;"Universita degli Studi di Milano";"2015-2025";"Cultural Studies (Q4); Linguistics and Language (Q4); Literature and Literary Theory (Q4)";"Arts and Humanities; Social Sciences"
719;21100228548;"American and British Studies Annual";journal;"27882233, 18036058";"University of Pardubice";Yes;Yes;0,101;Q4;2;12;37;251;2;37;0,05;20,92;66,67;0;Czech Republic;Eastern Europe;"University of Pardubice";"2012-2025";"Cultural Studies (Q4); Literature and Literary Theory (Q4)";"Arts and Humanities; Social Sciences"
720;21100220384;"American Book Review";journal;"01499408";"School of Arts and Sciences, University of Houston-Victoria";No;No;0,101;Q4;6;18;50;0;1;26;0,02;0,00;25,00;0;United States;Northern America;"School of Arts and Sciences, University of Houston-Victoria";"2008-2025";"Cultural Studies (Q4); Literature and Literary Theory (Q4)";"Arts and Humanities; Social Sciences"
721;19900193551;"American Periodicals";journal;"10547479, 15484238";"Ohio State University Press";No;No;0,101;Q4;8;23;40;470;11;35;0,38;20,43;50,00;0;United States;Northern America;"Ohio State University Press";"2010-2025";"Literature and Literary Theory (Q4)";"Arts and Humanities"
722;16100154702;"American Poetry Review";journal;"03603709, 21624984";"Old City Publishing";No;No;0,101;Q4;5;29;65;95;0;47;0,00;3,28;55,56;0;United States;Northern America;"Old City Publishing";"2002-2025";"Literature and Literary Theory (Q4)";"Arts and Humanities"
723;21101071122;"Anales de Filologia Francesa";journal;"02132958, 19894678";"Universidad de Murcia";Yes;Yes;0,101;Q4;2;25;78;647;6;76;0,08;25,88;68,18;1;Spain;Western Europe;"Universidad de Murcia";"2019-2025";"Education (Q4); Linguistics and Language (Q4); Literature and Literary Theory (Q4)";"Arts and Humanities; Social Sciences"
724;16200154700;"Anales de la Literatura Espanola Contemporanea";journal;"02721635";"Society of Spanish and Spanish-American Studies";No;No;0,101;Q4;7;33;52;1409;3;50;0,06;42,70;30,30;0;United States;Northern America;"Society of Spanish and Spanish-American Studies";"2002-2012, 2017-2025";"Literature and Literary Theory (Q4)";"Arts and Humanities"
725;21100943967;"Anglica";journal;"08605734";"University of Warsaw";Yes;Yes;0,101;Q4;4;16;85;583;7;81;0,11;36,44;80,00;0;Poland;Eastern Europe;"University of Warsaw";"2019-2025";"Linguistics and Language (Q4); Literature and Literary Theory (Q4)";"Arts and Humanities; Social Sciences"
726;18815;"Annales de Bretagne et des Pays de l'Ouest";journal;"03990826";"Presses Universitaires de Rennes";No;No;0,101;Q4;8;0;26;0;0;25;0,00;0,00;0,00;0;France;Western Europe;"Presses Universitaires de Rennes";"1974-1975, 1977, 1979, 1981-1984, 1988-1989, 2002-2019";"History (Q4); Literature and Literary Theory (Q4)";"Arts and Humanities"
727;7200153164;"Antik Tanulmanyok";journal;"0003567X, 15882748";"Akademiai Kiado";No;No;0,101;Q4;4;20;52;482;4;52;0,06;24,10;31,58;0;Hungary;Eastern Europe;"Akademiai Kiado";"2007-2025";"Classics (Q4); Cultural Studies (Q4); History (Q4); Linguistics and Language (Q4); Literature and Literary Theory (Q4); Visual Arts and Performing Arts (Q4)";"Arts and Humanities; Social Sciences"
728;16500154702;"Antike und Abendland";journal;"00035696, 16130421";"Walter de Gruyter GmbH";No;No;0,101;Q4;11;10;33;856;2;32;0,06;85,60;54,55;0;Germany;Western Europe;"Walter de Gruyter GmbH";"1944, 1946, 1948, 1954, 1956-1961, 1966-1971, 1973-1987, 1989-2018, 2020-2025";"Classics (Q4); History (Q4); Literature and Literary Theory (Q4); Philosophy (Q4)";"Arts and Humanities"
729;27268;"Antioch Review";journal;"00035769";"Antioch Review Inc.";No;No;0,101;Q4;5;0;52;0;1;47;0,00;0,00;0,00;0;United States;Northern America;"Antioch Review Inc.";"1980, 2002-2019";"Literature and Literary Theory (Q4)";"Arts and Humanities"
730;22776;"Arabica";journal;"15700585, 05705398";"Brill Academic Publishers";No;No;0,101;Q4;26;16;53;905;16;51;0,24;56,56;22,22;0;Netherlands;Western Europe;"Brill Academic Publishers";"1954-1981, 1983-1993, 1996-2025";"Cultural Studies (Q4); Linguistics and Language (Q4); Literature and Literary Theory (Q4); Religious Studies (Q4)";"Arts and Humanities; Social Sciences"
731;16000154788;"Arcadia";journal;"00037982, 16130642";"Walter de Gruyter GmbH";No;No;0,101;Q4;10;20;31;614;1;31;0,05;30,70;34,78;0;Germany;Western Europe;"Walter de Gruyter GmbH";"1966-1986, 1988-1997, 2003-2025";"Literature and Literary Theory (Q4)";"Arts and Humanities"
732;21100794693;"Ars Aeterna";journal;"13379291, 24508497";"Univerzita Konstantina Filozofa v Nitre";Yes;No;0,101;Q4;5;12;39;283;1;39;0,04;23,58;46,15;0;Slovakia;Eastern Europe;"Univerzita Konstantina Filozofa v Nitre";"2016-2025";"Cultural Studies (Q4); Linguistics and Language (Q4); Literature and Literary Theory (Q4)";"Arts and Humanities; Social Sciences"
733;21100332241;"Aussiger Beitrage";journal;"18026419";"Jan-Evangelista-Purkyne-University";No;No;0,101;Q4;4;22;44;491;1;36;0,03;22,32;71,43;0;Czech Republic;Eastern Europe;"Jan-Evangelista-Purkyne-University";"2013-2025";"Education (Q4); Linguistics and Language (Q4); Literature and Literary Theory (Q4)";"Arts and Humanities; Social Sciences"
734;18800156744;"Australian Literary Studies";journal;"18376479, 00049697";"Australian Literary Studies";No;No;0,101;Q4;9;24;48;713;6;46;0,13;29,71;68,00;0;Australia;Pacific Region;"Australian Literary Studies";"2002-2025";"Literature and Literary Theory (Q4)";"Arts and Humanities"
735;21101078833;"Bamboo and Silk";journal;"24689246, 24689238";"Brill Academic Publishers";No;No;0,101;Q4;5;10;38;437;0;38;0,00;43,70;0,00;0;Netherlands;Western Europe;"Brill Academic Publishers";"2018-2025";"Anthropology (Q4); Cultural Studies (Q4); History (Q4); Linguistics and Language (Q4); Literature and Literary Theory (Q4); Sociology and Political Science (Q4)";"Arts and Humanities; Social Sciences"
736;5800207727;"Beitrage zur Geschichte der Deutschen Sprache und Literatur";journal;"00058076, 18659373";"Walter de Gruyter GmbH";No;No;0,101;Q4;11;18;46;1002;3;45;0,03;55,67;50,00;0;Germany;Western Europe;"Walter de Gruyter GmbH";"1874, 1876-1880, 1882, 1884-1889, 1891-1910, 1912-1918, 1920-1940, 1942, 1944-1945, 1947-1953, 1955-1965, 1967-2025";"Linguistics and Language (Q4); Literature and Literary Theory (Q4)";"Arts and Humanities; Social Sciences"
737;16100154724;"Blake - An Illustrated Quarterly";journal;"0160628X";"University of Rochester";No;No;0,101;Q4;8;18;52;453;2;49;0,00;25,17;36,84;0;United States;Northern America;"University of Rochester";"2002-2025";"Literature and Literary Theory (Q4)";"Arts and Humanities"
738;21101033189;"Bohemica Litteraria";journal;"23364394, 12132144";"Masaryk University";Yes;Yes;0,101;Q4;1;14;40;251;2;34;0,06;17,93;56,25;0;Czech Republic;Eastern Europe;"Masaryk University";"2019-2025";"Literature and Literary Theory (Q4)";"Arts and Humanities"
739;21100903713;"Byron Journal";journal;"17570263, 03017257";"Liverpool University Press";No;No;0,101;Q4;3;18;51;362;1;43;0,00;20,11;25,00;0;United Kingdom;Western Europe;"Liverpool University Press";"2018-2025";"History (Q4); Literature and Literary Theory (Q4)";"Arts and Humanities"
740;12612;"Cahiers Victoriens and Edouardiens";journal;"22716149, 02205610";"Les Amis d'Acarologia";Yes;Yes;0,101;Q4;7;12;70;413;5;65;0,00;34,42;83,33;0;France;Western Europe;"Les Amis d'Acarologia";"1990, 2002-2025";"Cultural Studies (Q4); Literature and Literary Theory (Q4)";"Arts and Humanities; Social Sciences"
741;21100446411;"Collectanea Christiana Orientalia";journal;"16972104, 23867442";"Biblioteca Universidad de Cordoba";Yes;Yes;0,101;Q4;4;6;59;430;5;59;0,06;71,67;14,29;0;Spain;Western Europe;"Biblioteca Universidad de Cordoba";"2007, 2014-2025";"Linguistics and Language (Q4); Literature and Literary Theory (Q4)";"Arts and Humanities; Social Sciences"
742;16200154729;"Colloquia Germanica";journal;"00101338";"Pontificia Universidad Catolica de Chile, Facultad de Agronomia e Ingenieria Forestal";No;No;0,101;Q4;5;22;65;689;3;58;0,05;31,32;45,00;0;Chile;Latin America;"Pontificia Universidad Catolica de Chile, Facultad de Agronomia e Ingenieria Forestal";"2002-2017, 2020-2024";"Linguistics and Language (Q4); Literature and Literary Theory (Q4)";"Arts and Humanities; Social Sciences"
743;21100870394;"Comics Grid: Journal of Comics Scholarship";journal;"20480792";"Open Library of Humanities";Yes;Yes;0,101;Q4;5;17;38;185;9;37;0,12;10,88;82,35;0;United Kingdom;Western Europe;"Open Library of Humanities";"2018-2025";"Literature and Literary Theory (Q4); Visual Arts and Performing Arts (Q4)";"Arts and Humanities"
744;5800209432;"Concentric: Literary and Cultural Studies";journal;"17298792, 17296897";"National Taiwan Normal University";No;No;0,101;Q4;7;8;58;380;6;57;0,10;47,50;50,00;0;Taiwan;Asiatic Region;"National Taiwan Normal University";"2012-2025";"Cultural Studies (Q4); Literature and Literary Theory (Q4)";"Arts and Humanities; Social Sciences"
745;21101081519;"Convivium (Poland)";journal;"26576252, 21968403";"Lodz University Press";Yes;Yes;0,101;Q4;2;9;31;230;2;28;0,08;25,56;50,00;0;Poland;Eastern Europe;"Lodz University Press";"2007-2025";"Cultural Studies (Q4); Linguistics and Language (Q4); Literature and Literary Theory (Q4)";"Arts and Humanities; Social Sciences"
746;21101039803;"CounterText";journal;"20564406, 20564414";"Edinburgh University Press";No;No;0,101;Q4;8;25;65;803;2;50;0,02;32,12;25,00;0;United Kingdom;Western Europe;"Edinburgh University Press";"2015-2025";"Literature and Literary Theory (Q4)";"Arts and Humanities"
747;21100943915;"Cracow Indological Studies";journal;"17320917";"Ksiegarnia Akademicka Publishing Ltd";Yes;Yes;0,101;Q4;3;17;47;533;6;43;0,14;31,35;56,52;0;Poland;Eastern Europe;"Ksiegarnia Akademicka Publishing Ltd";"2019-2025";"History (Q4); Linguistics and Language (Q4); Literature and Literary Theory (Q4); Philosophy (Q4); Religious Studies (Q4); Visual Arts and Performing Arts (Q4)";"Arts and Humanities; Social Sciences"
748;21100843496;"Cuadernos de Literatura";journal;"01228102";"Pontificia Universidad Javeriana";Yes;Yes;0,101;Q4;5;23;71;596;10;65;0,11;25,91;46,15;0;Colombia;Latin America;"Pontificia Universidad Javeriana";"2017-2025";"Literature and Literary Theory (Q4)";"Arts and Humanities"
749;21100224428;"Dacoromania";journal;"15824438";"Publishing House of the Romanian Academy";Yes;Yes;0,101;Q4;3;16;35;286;1;32;0,04;17,88;53,33;0;Romania;Eastern Europe;"Publishing House of the Romanian Academy";"2011-2025";"Linguistics and Language (Q4); Literature and Literary Theory (Q4)";"Arts and Humanities; Social Sciences"
750;21101052865;"Detskie Chtenia";journal;"26867052, 23045817";"Institute of Russian Literature (The Pushkin House), Russian Academy of Sciences";Yes;Yes;0,101;Q4;3;39;125;579;9;123;0,08;14,85;66,67;0;Russian Federation;Eastern Europe;"Institute of Russian Literature (The Pushkin House), Russian Academy of Sciences";"2019-2025";"Education (Q4); Literature and Literary Theory (Q4)";"Arts and Humanities; Social Sciences"
751;14465;"Deutsche Vierteljahrsschrift fur Literaturwissenschaft und Geistesgeschichte";journal;"00120936";"J.B. Metzler'sche Verlagsbuchhandlung und C.E. Poeschel Verlag GmbH Stuttgart-Weimar";No;No;0,101;Q4;8;15;61;67;11;52;0,28;4,47;58,33;0;Germany;Western Europe;"J.B. Metzler'sche Verlagsbuchhandlung und C.E. Poeschel Verlag GmbH Stuttgart-Weimar";"1973, 1978, 1988, 1999, 2002-2026";"Cultural Studies (Q4); Literature and Literary Theory (Q4); Philosophy (Q4)";"Arts and Humanities; Social Sciences"
752;21100463529;"Early Modern French Studies";journal;"20563035, 20563043";"Taylor and Francis Ltd.";No;No;0,101;Q4;6;16;47;0;2;39;0,03;0,00;42,86;0;United Kingdom;Western Europe;"Taylor and Francis Ltd.";"2015-2026";"Cultural Studies (Q4); History (Q4); Literature and Literary Theory (Q4)";"Arts and Humanities; Social Sciences"
753;21101053115;"En-Claves del Pensamiento";journal;"25941100, 1870879X";"Instituto Tecnologico y de Estudios Superiores de Monterrey";Yes;Yes;0,101;Q4;4;37;59;961;6;58;0,11;25,97;47,83;1;Mexico;Latin America;"Instituto Tecnologico y de Estudios Superiores de Monterrey";"2019-2025";"History (Q4); Literature and Literary Theory (Q4); Philosophy (Q4); Religious Studies (Q4); Visual Arts and Performing Arts (Q4)";"Arts and Humanities"
754;21100967515;"English Literature";journal;"2420823X";"Edizioni Ca' Foscari";Yes;Yes;0,101;Q4;2;8;30;281;1;28;0,00;35,13;50,00;0;Italy;Western Europe;"Edizioni Ca' Foscari";"2019-2024";"Literature and Literary Theory (Q4)";"Arts and Humanities"
755;16100154743;"English Literature in Transition, 1880-1920";journal;"00138339, 15592715";"Johns Hopkins University Press";No;No;0,101;Q4;14;0;46;0;4;46;0,07;0,00;0,00;0;United States;Northern America;"Johns Hopkins University Press";"2002-2020";"Cultural Studies (Q4); Literature and Literary Theory (Q4)";"Arts and Humanities; Social Sciences"
756;21100877321;"Enthymema";journal;"20372426";"University of Milan";Yes;Yes;0,101;Q4;4;24;170;833;8;168;0,02;34,71;57,69;0;Italy;Western Europe;"University of Milan";"2018-2025";"Literature and Literary Theory (Q4)";"Arts and Humanities"
757;21100200655;"Eriu";journal;"03320758, 20090056";"Royal Irish Academy";No;No;0,101;Q4;8;10;25;441;7;25;0,24;44,10;30,00;0;Ireland;Western Europe;"Royal Irish Academy";"2011-2024";"Linguistics and Language (Q4); Literature and Literary Theory (Q4)";"Arts and Humanities; Social Sciences"
758;21101021416;"ES Review";journal;"25311654, 25311646";"Ediciones Universidad de Valladolid";Yes;Yes;0,101;Q4;4;13;25;349;3;25;0,15;26,85;83,33;0;Spain;Western Europe;"Ediciones Universidad de Valladolid";"2017-2025";"Linguistics and Language (Q4); Literature and Literary Theory (Q4)";"Arts and Humanities; Social Sciences"
759;19700183134;"Estreno";journal;"00978663";"Estreno";No;No;0,101;Q4;2;18;30;158;5;28;0,24;8,78;75,00;0;United States;Northern America;"Estreno";"2010-2025";"Literature and Literary Theory (Q4); Visual Arts and Performing Arts (Q4)";"Arts and Humanities"
760;21101075505;"Estudis de Literatura Oral Popular";journal;"20147996";"Publicacions URV";Yes;Yes;0,101;Q4;1;6;28;151;0;28;0,00;25,17;66,67;0;Spain;Western Europe;"Publicacions URV";"2019-2025";"Literature and Literary Theory (Q4)";"Arts and Humanities"
761;16300154780;"European Medieval Drama";journal;"13782274, 20310064";"Brepols Publishers";No;No;0,101;Q4;5;8;34;472;4;30;0,09;59,00;50,00;0;Belgium;Western Europe;"Brepols Publishers";"2002-2009, 2011-2024";"Literature and Literary Theory (Q4)";"Arts and Humanities"
762;14974;"Explorations in Renaissance Culture";journal;"00982474, 23526963";"Brill Academic Publishers";No;No;0,101;Q4;8;9;35;464;2;34;0,03;51,56;75,00;0;Netherlands;Western Europe;"Brill Academic Publishers";"1974, 1976, 1996-2025";"Cultural Studies (Q4); History (Q4); Literature and Literary Theory (Q4); Music (Q4); Philosophy (Q4); Visual Arts and Performing Arts (Q4)";"Arts and Humanities; Social Sciences"
763;21100874725;"Ezikov Svyat";journal;"13120484";"South-West University Publishing House, Faculty of Philology";Yes;Yes;0,101;Q4;4;55;131;937;9;128;0,08;17,04;71,62;0;Bulgaria;Eastern Europe;"South-West University Publishing House, Faculty of Philology";"2018-2025";"Linguistics and Language (Q4); Literature and Literary Theory (Q4)";"Arts and Humanities; Social Sciences"
764;21100871672;"F. Scott Fitzgerald Review";journal;"15433951, 17556333";"Penn State University Press";No;No;0,101;Q4;3;10;40;552;14;40;0,46;55,20;33,33;0;United States;Northern America;"Penn State University Press";"2017-2024";"Literature and Literary Theory (Q4)";"Arts and Humanities"
765;21101041504;"Haide Estudis Maragallians";journal;"20143818";"Biblioteca de Catalunya";Yes;Yes;0,101;Q4;2;14;40;272;3;38;0,04;19,43;31,25;0;Spain;Western Europe;"Biblioteca de Catalunya";"2019-2025";"Linguistics and Language (Q4); Literature and Literary Theory (Q4)";"Arts and Humanities; Social Sciences"
766;16300154762;"I Tatti Studies";journal;"03935949, 20376731";"University of Chicago Press";No;No;0,101;Q4;9;16;60;0;13;40;0,06;0,00;66,67;0;Italy;Western Europe;"University of Chicago Press";"2005, 2007, 2009, 2014-2025";"History (Q4); Literature and Literary Theory (Q4); Music (Q4); Visual Arts and Performing Arts (Q4)";"Arts and Humanities"
767;16400154706;"Italianistica";journal;"03913368, 17241677";"Fabrizio Serra Editore Srl";No;No;0,101;Q4;5;35;86;1967;6;82;0,10;56,20;41,67;0;Italy;Western Europe;"Fabrizio Serra Editore Srl";"2002-2025";"Literature and Literary Theory (Q4)";"Arts and Humanities"
768;5800207912;"Italienisch";journal;"01714996";"Narr Francke Verlag";No;No;0,101;Q4;2;33;37;508;0;29;0,00;15,39;67,74;0;Germany;Western Europe;"Narr Francke Verlag";"2011-2014, 2016-2024";"Linguistics and Language (Q4); Literature and Literary Theory (Q4)";"Arts and Humanities; Social Sciences"
769;21101011860;"James Baldwin Review";journal;"20569203, 20569211";"Manchester University Press";Yes;Yes;0,101;Q4;4;13;41;503;16;41;0,26;38,69;33,33;0;United Kingdom;Western Europe;"Manchester University Press";"2017, 2019-2025";"Literature and Literary Theory (Q4)";"Arts and Humanities"
770;21101048050;"Jerusalem Studies in Arabic and Islam";journal;"03344118";"The Max Schloessinger Memorial Foundation, The Hebrew University of Jerusalem";No;No;0,101;Q4;5;16;46;1645;11;44;0,17;102,81;26,67;0;Israel;Middle East;"The Max Schloessinger Memorial Foundation, The Hebrew University of Jerusalem";"2019-2024";"History (Q4); Linguistics and Language (Q4); Literature and Literary Theory (Q4); Religious Studies (Q4)";"Arts and Humanities; Social Sciences"
771;21100259124;"Journal of Beckett Studies";journal;"17597811, 03095207";"Edinburgh University Press";No;No;0,101;Q4;11;18;65;286;16;42;0,06;15,89;14,29;0;United Kingdom;Western Europe;"Edinburgh University Press";"1996-2025";"Literature and Literary Theory (Q4); Visual Arts and Performing Arts (Q4)";"Arts and Humanities"
772;16200154799;"Journal of the Midwest Modern Language Association";journal;"07425562";"Midwest Modern Language Association";No;No;0,101;Q4;11;16;39;458;1;35;0,00;28,63;53,33;0;United States;Northern America;"Midwest Modern Language Association";"2002-2024";"Literature and Literary Theory (Q4)";"Arts and Humanities"
773;19400157323;"KulturPoetik";journal;"16161203, 21967970";"";No;No;0,101;Q4;4;14;49;185;1;42;0,03;13,21;44,44;0;Germany;Western Europe;"";"2009-2025";"Cultural Studies (Q4); Literature and Literary Theory (Q4)";"Arts and Humanities; Social Sciences"
774;21101024228;"LEA";journal;"1824484X";"Firenze University Press";Yes;Yes;0,101;Q4;2;18;69;926;0;67;0,00;51,44;88,89;0;Italy;Western Europe;"Firenze University Press";"2019-2025";"Linguistics and Language (Q4); Literature and Literary Theory (Q4)";"Arts and Humanities; Social Sciences"
775;21100313924;"Letteratura e Letterature";journal;"1971906X, 19732600";"Fabrizio Serra Editore Srl";No;No;0,101;Q4;1;6;32;357;1;29;0,00;59,50;40,00;0;Italy;Western Europe;"Fabrizio Serra Editore Srl";"2014-2025";"Linguistics and Language (Q4); Literature and Literary Theory (Q4)";"Arts and Humanities; Social Sciences"
776;5800222005;"Listy Filologicke";journal;"00244457";"KKS FLU AV CR";No;No;0,101;Q4;6;13;46;608;1;40;0,00;46,77;33,33;0;Czech Republic;Eastern Europe;"KKS FLU AV CR";"2003-2025";"History (Q4); Linguistics and Language (Q4); Literature and Literary Theory (Q4)";"Arts and Humanities; Social Sciences"
777;21100944295;"Literatura: Teoria, Historia, Critica";journal;"01235931, 22565450";"Universidad Nacional de Colombia";Yes;Yes;0,101;Q4;4;29;92;835;7;71;0,09;28,79;39,29;0;Colombia;Latin America;"Universidad Nacional de Colombia";"2019-2026";"Literature and Literary Theory (Q4)";"Arts and Humanities"
778;16991;"Literature and History";journal;"03061973, 20504594";"SAGE Publications Inc.";No;No;0,101;Q4;11;8;30;0;9;28;0,32;0,00;33,33;0;United Kingdom;Western Europe;"SAGE Publications Inc.";"1985, 2002-2025";"History (Q4); Literature and Literary Theory (Q4)";"Arts and Humanities"
779;16200154740;"Logos (United States)";journal;"1533791X, 10916687";"Center for Catholic Studies, University of St. Thomas";Yes;No;0,101;Q4;9;32;84;1061;7;82;0,09;33,16;26,67;0;United States;Northern America;"Center for Catholic Studies, University of St. Thomas";"2002-2026";"Cultural Studies (Q4); Literature and Literary Theory (Q4); Philosophy (Q4); Religious Studies (Q4)";"Arts and Humanities; Social Sciences"
780;6000164647;"Massachusetts Review";journal;"00254878";"Massachusetts Review, Inc";No;No;0,101;Q4;12;14;50;0;2;47;0,00;0,00;55,56;0;United States;Northern America;"Massachusetts Review, Inc";"1977, 1981, 2002-2025";"Literature and Literary Theory (Q4); Visual Arts and Performing Arts (Q4)";"Arts and Humanities"
781;5700172274;"Meanjin";journal;"14488094, 00256293";"Meanjin Company Ltd.";No;No;0,101;Q4;11;144;351;411;15;337;0,05;2,85;54,07;0;Australia;Pacific Region;"Meanjin Company Ltd.";"2002-2003, 2005-2025";"Cultural Studies (Q4); Literature and Literary Theory (Q4); Sociology and Political Science (Q4)";"Arts and Humanities; Social Sciences"
782;27685;"Michigan Quarterly Review";journal;"00262420, 15587266";"University of Michigan, Law School";No;No;0,101;Q4;10;71;182;114;3;166;0,02;1,61;48,44;0;United States;Northern America;"University of Michigan, Law School";"1964-1965, 1967, 1971, 2002-2025";"Literature and Literary Theory (Q4)";"Arts and Humanities"
783;21100451439;"Miscelanea de Estudios Arabes y Hebraicos, Seccion Hebreo";journal;"23402547, 1696585X";"Universidad de Granada";Yes;Yes;0,101;Q4;3;10;36;283;0;35;0,00;28,30;60,00;0;Spain;Western Europe;"Universidad de Granada";"2015-2025";"Cultural Studies (Q4); History (Q4); Literature and Literary Theory (Q4); Religious Studies (Q4)";"Arts and Humanities; Social Sciences"
784;21101096972;"Moderna";journal;"17240530, 11286326";"Fabrizio Serra Editore Srl";No;No;0,101;Q4;1;7;39;903;0;39;0,00;129,00;14,29;0;Italy;Western Europe;"Fabrizio Serra Editore Srl";"2019-2024";"Linguistics and Language (Q4); Literature and Literary Theory (Q4)";"Arts and Humanities; Social Sciences"
785;16400154730;"Museon";journal;"07716494, 1783158X";"Peeters Publishers";No;No;0,101;Q4;15;17;47;784;13;47;0,26;46,12;11,11;0;Belgium;Western Europe;"Peeters Publishers";"1972, 1976-1977, 1996-2025";"History (Q4); Linguistics and Language (Q4); Literature and Literary Theory (Q4); Religious Studies (Q4)";"Arts and Humanities; Social Sciences"
786;6000152706;"October";journal;"1536013X, 01622870";"MIT Press";No;No;0,101;Q4;24;27;103;0;16;43;0,21;0,00;37,93;1;United States;Northern America;"MIT Press";"2002-2025";"Literature and Literary Theory (Q4); Music (Q4); Visual Arts and Performing Arts (Q4)";"Arts and Humanities"
787;24864;"Oriente Moderno";journal;"22138617, 00305472";"Brill Academic Publishers";No;No;0,101;Q4;15;5;48;194;17;47;0,30;38,80;60,00;0;United States;Northern America;"Brill Academic Publishers";"1978, 1996-2026";"Cultural Studies (Q4); History (Q4); Literature and Literary Theory (Q4); Sociology and Political Science (Q4)";"Arts and Humanities; Social Sciences"
788;21100845391;"Pacific Coast Philology";journal;"2326067X, 00787469";"Penn State University Press";No;No;0,101;Q4;3;13;44;312;5;39;0,04;24,00;72,73;0;United States;Northern America;"Penn State University Press";"2017-2024";"Cultural Studies (Q4); Linguistics and Language (Q4); Literature and Literary Theory (Q4)";"Arts and Humanities; Social Sciences"
789;19400156821;"Papers of the Bibliographical Society of America";journal;"23776528, 0006128X";"Bibliographical Society of America";No;No;0,101;Q4;9;14;41;39;5;30;0,18;2,79;50,00;0;United States;Northern America;"Bibliographical Society of America";"1941, 1947, 1969-1972, 1975, 1979, 1989, 1993, 1995-1996, 2004-2005, 2008-2025";"Library and Information Sciences (Q4); Literature and Literary Theory (Q4)";"Arts and Humanities; Social Sciences"
790;5700155269;"Papers on Language and Literature";journal;"00311294";"Southern Illinois University Press";No;No;0,101;Q4;11;6;45;150;10;44;0,00;25,00;100,00;0;United States;Northern America;"Southern Illinois University Press";"2002-2022, 2024-2025";"Linguistics and Language (Q4); Literature and Literary Theory (Q4)";"Arts and Humanities; Social Sciences"
791;5700173874;"Paragraph";journal;"02648334, 17500176";"Edinburgh University Press";No;No;0,101;Q4;23;23;67;329;7;65;0,07;14,30;44,44;1;United Kingdom;Western Europe;"Edinburgh University Press";"1986, 1991, 1996-2025";"Literature and Literary Theory (Q4); Visual Arts and Performing Arts (Q4)";"Arts and Humanities"
792;21100897790;"Philip Roth Studies";journal;"19405278, 15473929";"Purdue University Press";No;No;0,101;Q4;11;16;54;264;6;38;0,14;16,50;41,67;0;United States;Northern America;"Purdue University Press";"2005-2025";"Literature and Literary Theory (Q4)";"Arts and Humanities"
793;5700181592;"Philological Quarterly";journal;"00317977";"University of Iowa";No;No;0,101;Q4;12;13;42;342;7;28;0,17;26,31;18,18;0;United States;Northern America;"University of Iowa";"2002-2024";"History (Q4); Linguistics and Language (Q4); Literature and Literary Theory (Q4)";"Arts and Humanities; Social Sciences"
794;21100370877;"Poe Studies: History, Theory, Interpretation";journal;"19474644";"Johns Hopkins University Press";No;No;0,101;Q4;4;11;35;351;0;29;0,00;31,91;30,00;0;United States;Northern America;"Johns Hopkins University Press";"2013-2025";"Literature and Literary Theory (Q4)";"Arts and Humanities"
795;16000154776;"Poetique";journal;"00322024";"Editions du Seuil";No;No;0,101;Q4;5;0;48;0;4;47;0,03;0,00;0,00;0;France;Western Europe;"Editions du Seuil";"2002-2005, 2009-2012, 2015-2021";"Literature and Literary Theory (Q4)";"Arts and Humanities"
796;16600154706;"Poetry";journal;"00322032";"The Poetry Foundation";No;No;0,101;Q4;5;48;104;4;0;51;0,00;0,08;56,67;0;United States;Northern America;"The Poetry Foundation";"2009-2026";"Literature and Literary Theory (Q4)";"Arts and Humanities"
797;16300154797;"Poetry Wales";journal;"00322202";"Poetry Wales Press";No;No;0,101;Q4;2;23;50;20;1;31;0,03;0,87;46,67;0;United Kingdom;Western Europe;"Poetry Wales Press";"2002-2012, 2014-2023";"Literature and Literary Theory (Q4)";"Arts and Humanities"
798;17500154728;"Portuguese Studies";journal;"02675315";"Modern Humanities Research Association";No;No;0,101;Q4;13;19;42;638;5;39;0,11;33,58;26,32;0;United Kingdom;Western Europe;"Modern Humanities Research Association";"2002-2025";"Cultural Studies (Q4); History (Q4); Literature and Literary Theory (Q4)";"Arts and Humanities; Social Sciences"
799;21100218531;"Prometheus (Italy)";journal;"22811044, 03912698";"Firenze University Press";No;No;0,101;Q4;6;26;72;1062;6;72;0,11;40,85;34,62;0;Italy;Western Europe;"Firenze University Press";"2011-2023";"Classics (Q4); Literature and Literary Theory (Q4)";"Arts and Humanities"
800;16200154786;"Prooftexts - Journal of Jewish Literature History";journal;"02729601, 10863311";"Indiana University Press";No;No;0,101;Q4;6;13;46;738;4;39;0,08;56,77;23,08;0;United States;Northern America;"Indiana University Press";"2002-2015, 2017-2025";"Cultural Studies (Q4); Literature and Literary Theory (Q4); Religious Studies (Q4)";"Arts and Humanities; Social Sciences"
801;21100894182;"Przeklady Literatur Slowianskich";journal;"18999417, 23539763";"Wydawnictwo Uniwersytetu Slaskiego";Yes;Yes;0,101;Q4;3;0;65;0;4;62;0,04;0,00;0,00;0;Poland;Eastern Europe;"Wydawnictwo Uniwersytetu Slaskiego";"2018-2021, 2023-2024";"Cultural Studies (Q4); Linguistics and Language (Q4); Literature and Literary Theory (Q4)";"Arts and Humanities; Social Sciences"
802;20000195082;"Publications of the English Goethe Society";journal;"09593683, 17496284";"Maney Publishing";No;No;0,101;Q4;5;10;41;16;3;38;0,07;1,60;54,55;0;United Kingdom;Western Europe;"Maney Publishing";"1990-1993, 2011-2025";"Literature and Literary Theory (Q4)";"Arts and Humanities"
803;16300154772;"Queeste";journal;"26671689, 09298592";"Uitgeverij Verloren";No;No;0,101;Q4;7;13;31;215;3;26;0,05;16,54;50,00;0;Netherlands;Western Europe;"Uitgeverij Verloren";"2002-2025";"Literature and Literary Theory (Q4)";"Arts and Humanities"
804;16000154763;"Raritan";journal;"02751607";"Raritan";No;No;0,101;Q4;11;47;99;4;7;99;0,08;0,09;37,21;0;United States;Northern America;"Raritan";"2002-2025";"Literature and Literary Theory (Q4); Philosophy (Q4); Visual Arts and Performing Arts (Q4)";"Arts and Humanities"
805;16100154727;"Rassegna della Letteratura Italiana";journal;"00339423";"Casa Editrice le Lettere";No;No;0,101;Q4;2;51;29;447;0;29;0,00;8,76;54,76;0;Italy;Western Europe;"Casa Editrice le Lettere";"1979, 2002-2025";"Literature and Literary Theory (Q4)";"Arts and Humanities"
806;21100936536;"Rassegna Iberistica";journal;"03924777, 20376588";"Edizioni Ca' Foscari";Yes;Yes;0,101;Q4;3;35;80;550;13;79;0,16;15,71;62,50;0;Italy;Western Europe;"Edizioni Ca' Foscari";"2018-2025";"Linguistics and Language (Q4); Literature and Literary Theory (Q4)";"Arts and Humanities; Social Sciences"
807;16400154715;"Recherches sur Diderot et sur L'Encyclopedie";journal;"19552416, 07690886";"Societe Diderot";No;No;0,101;Q4;7;13;28;635;2;26;0,07;48,85;53,85;0;France;Western Europe;"Societe Diderot";"2002-2018, 2020-2023";"Literature and Literary Theory (Q4); Philosophy (Q4)";"Arts and Humanities"
808;16300154769;"Renascence";journal;"00344346, 23298626";"Philosophy Education Society, Inc.";No;No;0,101;Q4;6;9;38;146;2;37;0,00;16,22;50,00;0;United States;Northern America;"Philosophy Education Society, Inc.";"2002-2025";"Literature and Literary Theory (Q4)";"Arts and Humanities"
809;19400158530;"Resources for American Literary Study";journal;"00487384, 15291502";"A M S Press, Inc.";No;No;0,101;Q4;3;11;40;545;1;34;0,00;49,55;66,67;0;United States;Northern America;"A M S Press, Inc.";"2002-2007, 2009-2015, 2017-2023";"Literature and Literary Theory (Q4)";"Arts and Humanities"
810;16100154712;"Revista Canadiense de Estudios Hispanicos";journal;"03848167";"Revista Canadiense de Estudios Hispanicos";No;No;0,101;Q4;8;23;108;1064;3;104;0,02;46,26;41,18;0;Canada;Northern America;"Revista Canadiense de Estudios Hispanicos";"2002-2022, 2024-2025";"Cultural Studies (Q4); Literature and Literary Theory (Q4); Visual Arts and Performing Arts (Q4)";"Arts and Humanities; Social Sciences"
811;21100320672;"Revista de Estudios Norteamericanos";journal;"22538410, 1133309X";"Departamento de Literatura Espanola-Universidad de Sevilla";Yes;No;0,101;Q4;4;13;39;473;4;39;0,12;36,38;83,33;0;Spain;Western Europe;"Departamento de Literatura Espanola-Universidad de Sevilla";"2012-2025";"Literature and Literary Theory (Q4)";"Arts and Humanities"
812;5800207781;"Revista de Filologia Alemana";journal;"11330406, 19882823";"Universidad Complutense Madrid";Yes;Yes;0,101;Q4;6;8;36;269;1;29;0,04;33,63;55,56;0;Spain;Western Europe;"Universidad Complutense Madrid";"1996-2025";"Linguistics and Language (Q4); Literature and Literary Theory (Q4)";"Arts and Humanities; Social Sciences"
813;5800207797;"Revista de Filologia Romanica";journal;"0212999X, 19882815";"Universidad Complutense Madrid";Yes;Yes;0,101;Q4;8;10;49;473;7;48;0,06;47,30;54,55;0;Spain;Western Europe;"Universidad Complutense Madrid";"1996-2025";"Linguistics and Language (Q4); Literature and Literary Theory (Q4)";"Arts and Humanities; Social Sciences"
814;5800152988;"Revista de Letras";journal;"01013505, 19817886";"Universidade Estadual Paulista (UNESP)";No;Yes;0,101;Q4;3;26;69;681;2;65;0,02;26,19;56,67;0;Brazil;Latin America;"Universidade Estadual Paulista (UNESP)";"2004-2024";"Literature and Literary Theory (Q4); Philosophy (Q4)";"Arts and Humanities"
815;29393;"Revue de Philologie de Litterature et d Histoire Anciennes";journal;"00351652";"Klincksieck";No;No;0,101;Q4;7;8;64;770;3;60;0,05;96,25;25,00;0;France;Western Europe;"Klincksieck";"1963, 1983-1985, 1987, 1999, 2001-2013, 2015-2017, 2019-2022";"Classics (Q4); History (Q4); Linguistics and Language (Q4); Literature and Literary Theory (Q4)";"Arts and Humanities; Social Sciences"
816;18715;"Revue d'Histoire des Textes";journal;"03736075";"Brepols Publishers";No;No;0,101;Q4;9;12;37;890;11;36;0,32;74,17;15,38;0;Belgium;Western Europe;"Brepols Publishers";"1973-1974, 1976, 1982, 1988-1989, 2006-2024";"Literature and Literary Theory (Q4)";"Arts and Humanities"
817;21101033326;"RiCognizioni";journal;"23848987";"Universita degli Studi di Torino, Dipartimento di Lingue e Letterature Straniere e Culture Moderne";Yes;Yes;0,101;Q4;3;29;82;903;4;72;0,07;31,14;60,98;0;Italy;Western Europe;"Universita degli Studi di Torino, Dipartimento di Lingue e Letterature Straniere e Culture Moderne";"2019-2026";"History (Q4); Linguistics and Language (Q4); Literature and Literary Theory (Q4)";"Arts and Humanities; Social Sciences"
818;16400154752;"Rivista di Storia e Letteratura Religiosa";journal;"20357583, 00356573";"Casa Editrice Leo S. Olschki";No;No;0,101;Q4;6;19;60;33;2;50;0,00;1,74;16,67;0;Italy;Western Europe;"Casa Editrice Leo S. Olschki";"2002-2024";"Literature and Literary Theory (Q4); Religious Studies (Q4); Visual Arts and Performing Arts (Q4)";"Arts and Humanities"
819;5800208587;"Romance Philology";journal;"00358002";"Brepols Publishers";No;No;0,101;Q4;7;12;54;670;0;39;0,00;55,83;33,33;0;Belgium;Western Europe;"Brepols Publishers";"2002-2023";"Linguistics and Language (Q4); Literature and Literary Theory (Q4)";"Arts and Humanities; Social Sciences"
820;26184;"Sefarad";journal;"00370894, 1988320X";"CSIC Consejo Superior de Investigaciones Cientificas";Yes;Yes;0,101;Q4;8;10;42;0;10;41;0,11;0,00;41,67;0;Spain;Western Europe;"CSIC Consejo Superior de Investigaciones Cientificas";"1982-1983, 1996-2025";"Cultural Studies (Q4); History (Q4); Linguistics and Language (Q4); Literature and Literary Theory (Q4); Religious Studies (Q4)";"Arts and Humanities; Social Sciences"
821;21101088938;"Seicento e Settecento";journal;"19718330, 18282148";"Fabrizio Serra Editore Srl";No;No;0,101;Q4;1;11;37;616;1;34;0,04;56,00;50,00;0;Italy;Western Europe;"Fabrizio Serra Editore Srl";"2019-2024";"Literature and Literary Theory (Q4)";"Arts and Humanities"
822;21101037315;"Short Fiction in Theory and Practice";journal;"2043071X, 20430701";"Intellect Ltd.";No;No;0,101;Q4;2;20;46;340;1;36;0,03;17,00;88,24;0;United Kingdom;Western Europe;"Intellect Ltd.";"2019-2026";"Arts and Humanities (miscellaneous) (Q4); Cultural Studies (Q4); Linguistics and Language (Q4); Literature and Literary Theory (Q4)";"Arts and Humanities; Social Sciences"
823;21101021139;"Sic";journal;"18477755";"University of Zadar";Yes;Yes;0,101;Q4;3;24;81;318;6;78;0,11;13,25;65,79;0;Croatia;Eastern Europe;"University of Zadar";"2019-2025";"Linguistics and Language (Q4); Literature and Literary Theory (Q4)";"Arts and Humanities; Social Sciences"
824;21100992408;"Siglo XXI, Literatura y Cultura Espanolas";journal;"21727457";"Universidad de Valladolid";Yes;Yes;0,101;Q4;3;14;27;267;1;26;0,06;19,07;61,54;0;Spain;Western Europe;"Universidad de Valladolid";"2017-2025";"Cultural Studies (Q4); Linguistics and Language (Q4); Literature and Literary Theory (Q4)";"Arts and Humanities; Social Sciences"
825;5600156254;"Slavonica";journal;"17458145, 13617427";"Taylor and Francis Ltd.";No;No;0,101;Q4;5;11;34;347;0;33;0,00;31,55;54,55;1;United Kingdom;Western Europe;"Taylor and Francis Ltd.";"1994-1995, 2012-2014, 2016-2026";"Cultural Studies (Q4); History (Q4); Linguistics and Language (Q4); Literature and Literary Theory (Q4); Sociology and Political Science (Q4); Visual Arts and Performing Arts (Q4)";"Arts and Humanities; Social Sciences"
826;16100154773;"Spenser Studies";journal;"01959468, 21678529";"University of Chicago Press";No;No;0,101;Q4;13;0;27;0;3;26;0,14;0,00;0,00;0;United States;Northern America;"University of Chicago Press";"2002-2005, 2007-2012, 2015, 2018-2020, 2023-2025";"Literature and Literary Theory (Q4)";"Arts and Humanities"
827;16300154739;"Spiegel der Letteren";journal;"00387479, 17831776";"Peeters Publishers";No;No;0,101;Q4;7;9;27;424;4;27;0,06;47,11;42,86;0;Belgium;Western Europe;"Peeters Publishers";"1996-2025";"Literature and Literary Theory (Q4)";"Arts and Humanities"
828;21101048039;"Starobulgarska Literatura";journal;"25350919, 0204868X";"Institute for Literature, Bulgarian Academy of Sciences";No;No;0,101;Q4;2;10;29;534;3;29;0,14;53,40;63,64;0;Bulgaria;Eastern Europe;"Institute for Literature, Bulgarian Academy of Sciences";"2019-2023";"Linguistics and Language (Q4); Literature and Literary Theory (Q4)";"Arts and Humanities; Social Sciences"
829;16400154724;"Studi Danteschi";journal;"03917835";"Casa Editrice le Lettere";No;No;0,101;Q4;6;17;49;739;6;47;0,08;43,47;50,00;0;Italy;Western Europe;"Casa Editrice le Lettere";"2002-2006, 2008, 2010-2022";"Literature and Literary Theory (Q4)";"Arts and Humanities"
830;24229;"Studi Francesi";journal;"00392944";"Rosenberg &amp; Sellier";No;No;0,101;Q4;4;25;34;0;1;32;0,00;0,00;47,83;0;Italy;Western Europe;"Rosenberg &amp; Sellier";"1967, 1972, 1979, 1999, 2002-2024";"Cultural Studies (Q4); History (Q4); Literature and Literary Theory (Q4)";"Arts and Humanities; Social Sciences"
831;21100967058;"Studia Theodisca";journal;"15932478, 23852917";"Universita degli Studi di Milano";Yes;Yes;0,101;Q4;2;5;26;183;0;26;0,00;36,60;20,00;0;Italy;Western Europe;"Universita degli Studi di Milano";"2019-2025";"Cultural Studies (Q4); Literature and Literary Theory (Q4)";"Arts and Humanities; Social Sciences"
832;16200154769;"Studies in American Fiction";journal;"00918083";"Johns Hopkins University Press";No;No;0,101;Q4;10;12;39;772;6;39;0,04;64,33;30,00;0;United States;Northern America;"Johns Hopkins University Press";"2002-2008, 2011-2024";"Literature and Literary Theory (Q4)";"Arts and Humanities"
833;16200154791;"Studies in Canadian Literature - Etudes en Litterature Canadienne";journal;"03806995, 17187850";"University of New Brunswick";No;No;0,101;Q4;13;26;66;880;8;64;0,11;33,85;50,00;0;Canada;Northern America;"University of New Brunswick";"1996-2019, 2021-2024";"Literature and Literary Theory (Q4)";"Arts and Humanities"
834;21100899526;"Synergies Afrique des Grands Lacs";journal;"22604278, 22584307";"GERFLINT (Groupe d'Etudes et de Recherches pour le Francais Langue Internationale)";Yes;Yes;0,101;Q4;2;9;32;121;0;30;0,00;13,44;40,00;0;France;Western Europe;"GERFLINT (Groupe d'Etudes et de Recherches pour le Francais Langue Internationale)";"2018-2025";"Cultural Studies (Q4); Linguistics and Language (Q4); Literature and Literary Theory (Q4); Sociology and Political Science (Q4)";"Arts and Humanities; Social Sciences"
835;300147007;"Tamkang Review";journal;"00492949";"Tamkang University";No;No;0,101;Q4;6;5;37;168;4;35;0,04;33,60;20,00;0;Taiwan;Asiatic Region;"Tamkang University";"2005-2025";"History (Q4); Literature and Literary Theory (Q4)";"Arts and Humanities"
836;16300154764;"Tijdschrift Voor Nederlandse Taal-en Letterkunde";journal;"00407550, 22120521";"Amsterdam University Press";No;No;0,101;Q4;10;14;50;518;7;44;0,09;37,00;30,00;0;Netherlands;Western Europe;"Amsterdam University Press";"2002-2017, 2019-2025";"Linguistics and Language (Q4); Literature and Literary Theory (Q4)";"Arts and Humanities; Social Sciences"
837;22341;"Traditio";journal;"21665508, 03621529";"Cambridge University Press";No;No;0,101;Q4;16;7;36;43;13;36;0,50;6,14;71,43;0;United Kingdom;Western Europe;"Cambridge University Press";"1964, 1966, 1974-1978, 1980-1982, 1985-1987, 2001-2025";"Literature and Literary Theory (Q4); Philosophy (Q4); Religious Studies (Q4); Visual Arts and Performing Arts (Q4)";"Arts and Humanities"
838;5800213681;"Verslagen en Mededelingen van de Koninklijke Academie voor Nederlandse Taal- en letterkunde";journal;"0770786X";"Koninklijke Academie voor Nederlandse Taal-";No;No;0,101;Q4;5;8;43;263;2;40;0,06;32,88;11,11;0;Belgium;Western Europe;"Koninklijke Academie voor Nederlandse Taal-";"2002-2011, 2013-2023";"Linguistics and Language (Q4); Literature and Literary Theory (Q4)";"Arts and Humanities; Social Sciences"
839;21100310038;"Victorians";journal;"21660107";"Western Kentucky University";No;No;0,101;Q4;6;13;54;277;3;48;0,05;21,31;45,45;0;United States;Northern America;"Western Kentucky University";"2013, 2015-2025";"Cultural Studies (Q4); Literature and Literary Theory (Q4)";"Arts and Humanities; Social Sciences"
840;21101063735;"Waiguo Yuyan yu Wenhua";journal;"20964366";"Hunan Normal University Press";No;No;0,101;Q4;3;51;176;1007;7;176;0,04;19,75;49,15;0;China;Asiatic Region;"Hunan Normal University Press";"2019-2025";"Cultural Studies (Q4); Linguistics and Language (Q4); Literature and Literary Theory (Q4)";"Arts and Humanities; Social Sciences"
841;16200154773;"Wallace Stevens Journal";journal;"01487132";"Johns Hopkins University Press";No;No;0,101;Q4;7;19;56;267;4;48;0,03;14,05;41,18;0;United States;Northern America;"Johns Hopkins University Press";"2002-2025";"Literature and Literary Theory (Q4)";"Arts and Humanities"
842;17500155103;"Walt Whitman Quarterly Review";journal;"07370679, 21533695";"University of Iowa";No;No;0,101;Q4;6;11;32;208;2;28;0,13;18,91;7,69;0;United States;Northern America;"University of Iowa";"2009-2025";"Literature and Literary Theory (Q4)";"Arts and Humanities"
843;21100874347;"Wesley and Methodist Studies";journal;"22911723";"Penn State University Press";No;No;0,101;Q4;4;9;30;701;1;29;0,05;77,89;22,22;0;United States;Northern America;"Penn State University Press";"2015, 2017-2026";"History (Q4); Literature and Literary Theory (Q4); Philosophy (Q4); Religious Studies (Q4)";"Arts and Humanities"
844;21100283747;"Word and Text";journal;"20699271, 22479163";"Universitatea Petrol-Gaze din Ploiesti";Yes;Yes;0,101;Q4;8;11;33;293;7;30;0,09;26,64;33,33;0;Romania;Eastern Europe;"Universitatea Petrol-Gaze din Ploiesti";"2011-2025";"Linguistics and Language (Q4); Literature and Literary Theory (Q4)";"Arts and Humanities; Social Sciences"
845;21101047932;"Yearbook of Langland Studies";journal;"08902917, 20310242";"Brepols Publishers";No;No;0,101;Q4;3;5;30;333;8;30;0,36;66,60;40,00;0;Belgium;Western Europe;"Brepols Publishers";"2019-2024";"Literature and Literary Theory (Q4)";"Arts and Humanities"
846;16300154740;"Zeitschrift fur Franzosische Sprache und Literatur";journal;"00442747, 23662425";"Franz Steiner Verlag GmbH";No;No;0,101;Q4;8;9;37;499;2;36;0,04;55,44;66,67;0;Germany;Western Europe;"Franz Steiner Verlag GmbH";"1987, 2002-2016, 2018-2023";"Linguistics and Language (Q4); Literature and Literary Theory (Q4)";"Arts and Humanities; Social Sciences"
847;16200154734;"American Literary Scholarship";journal;"00659142, 15272125";"Duke University Press";No;No;0,100;Q4;1;21;56;0;1;55;0,03;0,00;38,46;0;United States;Northern America;"Duke University Press";"2002-2006, 2008-2022";"Literature and Literary Theory (Q4)";"Arts and Humanities"
848;145911;"American Scholar";journal;"00030937";"Phi Beta Kappa Society";No;No;0,100;Q4;10;94;209;0;3;127;0,02;0,00;41,56;0;United States;Northern America;"Phi Beta Kappa Society";"1983, 1999, 2001-2026";"Cultural Studies (Q4); History (Q4); Literature and Literary Theory (Q4); Sociology and Political Science (Q4)";"Arts and Humanities; Social Sciences"
849;21101019252;"Anafora";journal;"24595160, 18492339";"University of Osijek - Faculty of Humanities and Social Sciences";Yes;Yes;0,100;Q4;3;21;68;571;3;64;0,02;27,19;58,06;0;Croatia;Eastern Europe;"University of Osijek - Faculty of Humanities and Social Sciences";"2019-2025";"Communication (Q4); Cultural Studies (Q4); Literature and Literary Theory (Q4)";"Arts and Humanities; Social Sciences"
850;21101045758;"Anales de Literatura Espanola";journal;"26954257, 02125889";"Universidad de Alicante";Yes;Yes;0,100;Q4;3;35;71;1353;4;69;0,06;38,66;57,58;0;Spain;Western Europe;"Universidad de Alicante";"2019-2025";"Literature and Literary Theory (Q4)";"Arts and Humanities"
851;21100447818;"Anali Zavoda za Povijesne Znanosti Hrvatske Akademije Znanosti i Umjetnosti u Dubrovniku";journal;"18487815, 13300598";"Croatian Academy of Sciences and Arts";Yes;Yes;0,100;Q4;6;8;37;0;3;37;0,08;0,00;16,67;0;Croatia;Eastern Europe;"Croatian Academy of Sciences and Arts";"2015-2025";"Archeology (Q4); Archeology (arts and humanities) (Q4); Cultural Studies (Q4); History (Q4); Literature and Literary Theory (Q4); Visual Arts and Performing Arts (Q4)";"Arts and Humanities; Social Sciences"
852;16100154704;"Annee Balzacienne";journal;"00846473";"Presses Universitaires de France";No;No;0,100;Q4;4;26;74;826;5;70;0,10;31,77;60,00;0;France;Western Europe;"Presses Universitaires de France";"2001-2016, 2018-2022, 2024";"Literature and Literary Theory (Q4)";"Arts and Humanities"
853;16100154760;"Athenaeum";journal;"00046574";"Universita degli Studi di Pavia, Facolta di Lettere";No;No;0,100;Q4;13;71;93;2196;4;92;0,00;30,93;22,06;0;Italy;Western Europe;"Universita degli Studi di Pavia, Facolta di Lettere";"2002-2015, 2017-2025";"Classics (Q4); History (Q4); Literature and Literary Theory (Q4)";"Arts and Humanities"
854;21100851998;"Axon";journal;"18388973";"Faculty of Arts and Design, University of Canberra";No;No;0,100;Q4;3;0;217;0;6;156;0,04;0,00;0,00;0;Australia;Pacific Region;"Faculty of Arts and Design, University of Canberra";"2017-2021, 2023-2025";"Literature and Literary Theory (Q4); Visual Arts and Performing Arts (Q4)";"Arts and Humanities"
855;21100464913;"Balkanistic Forum";journal;"13103970";"International University Seminar for Balkan Studies and Specializations, South West University Neofit Rilski - Blagoevgrad";No;No;0,100;Q4;3;52;156;964;6;155;0,04;18,54;75,00;0;Bulgaria;Eastern Europe;"International University Seminar for Balkan Studies and Specializations, South West University Neofit Rilski - Blagoevgrad";"2015-2025";"Anthropology (Q4); Cultural Studies (Q4); History (Q4); Linguistics and Language (Q4); Literature and Literary Theory (Q4)";"Arts and Humanities; Social Sciences"
856;5700157102;"Balkanistica";journal;"03602206";"South East European Studies Association";No;No;0,100;Q4;6;13;68;454;5;63;0,00;34,92;57,14;0;United States;Northern America;"South East European Studies Association";"2011-2024";"Cultural Studies (Q4); History (Q4); Linguistics and Language (Q4); Literature and Literary Theory (Q4)";"Arts and Humanities; Social Sciences"
857;16400154729;"Bronte Studies";journal;"17458226, 14748932";"Maney Publishing";No;No;0,100;Q4;8;23;101;113;5;84;0,03;4,91;50,00;0;United Kingdom;Western Europe;"Maney Publishing";"2002-2026";"Literature and Literary Theory (Q4)";"Arts and Humanities"
858;16300154742;"Cahiers de Civilisation Medievale";journal;"00079731";"Centre d'Etudes Superieures de Civilisation Medievale";No;No;0,100;Q4;10;75;69;1241;3;68;0,05;16,55;34,21;0;France;Western Europe;"Centre d'Etudes Superieures de Civilisation Medievale";"2002-2014, 2017-2025";"History (Q4); Literature and Literary Theory (Q4); Visual Arts and Performing Arts (Q4)";"Arts and Humanities"
859;6000167186;"Chicago Review";journal;"00093696";"University of Chicago";No;No;0,100;Q4;6;87;97;547;1;77;0,00;6,29;52,46;0;United States;Northern America;"University of Chicago";"2002-2022, 2024-2025";"Literature and Literary Theory (Q4)";"Arts and Humanities"
860;19700202717;"Coloquio-Letras";journal;"00101451";"Fundacao Calouste Gulbenkian";No;No;0,100;Q4;3;145;173;661;4;137;0,01;4,56;45,79;0;Portugal;Western Europe;"Fundacao Calouste Gulbenkian";"2009-2017, 2019-2025";"Literature and Literary Theory (Q4)";"Arts and Humanities"
861;5700191155;"Confluencia";journal;"08886091";"Colorado State University";Yes;No;0,100;Q4;7;44;100;909;5;89;0,03;20,66;68,29;0;United States;Northern America;"Colorado State University";"2002-2025";"Cultural Studies (Q4); Literature and Literary Theory (Q4); Visual Arts and Performing Arts (Q4)";"Arts and Humanities; Social Sciences"
862;21100872342;"Critique (France)";journal;"00111600, 19683901";"Les Editions de Minuit";No;No;0,100;Q4;4;75;149;771;5;112;0,04;10,28;33,33;0;France;Western Europe;"Les Editions de Minuit";"2015-2024";"Cultural Studies (Q4); History (Q4); Literature and Literary Theory (Q4)";"Arts and Humanities; Social Sciences"
863;24887;"Dalhousie Review";journal;"00115827";"Dalhousie University Press, Ltd.";No;No;0,100;Q4;6;33;128;0;0;108;0,00;0,00;37,50;0;Canada;Northern America;"Dalhousie University Press, Ltd.";"1973, 1975, 1980, 1985, 1999, 2002-2024";"Literature and Literary Theory (Q4); Philosophy (Q4); Sociology and Political Science (Q4)";"Arts and Humanities; Social Sciences"
864;14680;"Daphnis";journal;"18796583, 0300693X";"Brill Academic Publishers";Yes;No;0,100;Q4;7;2;99;111;4;93;0,04;55,50;100,00;0;Netherlands;Western Europe;"Brill Academic Publishers";"1973, 1996, 2002-2012, 2015-2024";"Literature and Literary Theory (Q4)";"Arts and Humanities"
865;16300154743;"Dix-Septieme Siecle";journal;"19696965, 00124273";"Presses Universitaires de France";No;No;0,100;Q4;6;40;119;1443;5;115;0,05;36,08;35,90;0;France;Western Europe;"Presses Universitaires de France";"2001-2024";"Literature and Literary Theory (Q4)";"Arts and Humanities"
866;21100840483;"Edgar Allan Poe Review";journal;"21500428, 21662932";"Penn State University Press";No;No;0,100;Q4;4;25;86;353;1;53;0,02;14,12;21,43;0;United States;Northern America;"Penn State University Press";"2017-2025";"Literature and Literary Theory (Q4)";"Arts and Humanities"
867;21506;"Eighteenth-Century Life";journal;"10863192, 00982601";"Duke University Press";No;No;0,100;Q4;17;17;57;745;6;56;0,12;43,82;42,11;0;United States;Northern America;"Duke University Press";"1977, 1980, 1982, 1984-1985, 1987, 2001-2026";"Cultural Studies (Q4); History (Q4); Literature and Literary Theory (Q4); Visual Arts and Performing Arts (Q4)";"Arts and Humanities; Social Sciences"
868;21100904229;"Estudios de Teoria Literaria";journal;"23139676";"Universidad Nacional de Mar del Plata";Yes;Yes;0,100;Q4;3;36;190;728;12;177;0,07;20,22;70,00;0;Argentina;Latin America;"Universidad Nacional de Mar del Plata";"2018-2025";"Communication (Q4); Cultural Studies (Q4); History (Q4); Linguistics and Language (Q4); Literature and Literary Theory (Q4)";"Arts and Humanities; Social Sciences"
869;21100790795;"Estudos de Literatura Brasileira Contemporanea";journal;"23164018, 15180158";"Universidade de Brasilia";Yes;Yes;0,100;Q4;4;24;125;415;6;122;0,05;17,29;72,00;0;Brazil;Latin America;"Universidade de Brasilia";"2016-2025";"Literature and Literary Theory (Q4)";"Arts and Humanities"
870;5700168701;"Etudes Anglaises";journal;"0014195X";"Klincksieck";No;No;0,100;Q4;6;32;99;1032;6;94;0,01;32,25;72,41;0;France;Western Europe;"Klincksieck";"1968, 1979, 2001-2024";"Literature and Literary Theory (Q4)";"Arts and Humanities"
871;5800206565;"Etudes Francaises";journal;"00142085, 14921405";"Consortium Erudit";No;No;0,100;Q4;6;30;88;0;2;75;0,00;0,00;42,86;0;Canada;Northern America;"Consortium Erudit";"2001-2025";"Literature and Literary Theory (Q4); Social Sciences (miscellaneous) (Q4)";"Arts and Humanities; Social Sciences"
872;21100845393;"Eugene O'Neill Review";journal;"21614318, 10409483";"Penn State University Press";No;No;0,100;Q4;3;30;70;276;8;49;0,08;9,20;50,00;0;United States;Northern America;"Penn State University Press";"2014-2015, 2017-2025";"Literature and Literary Theory (Q4)";"Arts and Humanities"
873;16400154755;"Euphorion - Zeitschrift fur Literaturgeschichte";journal;"00142328";"Universitaetsverlag Winter GmbH";No;No;0,100;Q4;4;21;57;1582;0;57;0,00;75,33;50,00;0;Germany;Western Europe;"Universitaetsverlag Winter GmbH";"2002-2024";"Literature and Literary Theory (Q4)";"Arts and Humanities"
874;15181;"Europe";journal;"00142751";"Europe";No;No;0,100;Q4;4;154;672;2532;2;624;0,00;16,44;24,29;0;France;Western Europe;"Europe";"1974, 2002-2022, 2024-2026";"Literature and Literary Theory (Q4)";"Arts and Humanities"
875;21101064957;"Filolog (Banja Luka)";journal;"22331158, 19865864";"Faculty of Philology Banja Luka";Yes;Yes;0,100;Q4;3;45;99;1090;3;99;0,03;24,22;77,55;0;Bosnia and Herzegovina;Eastern Europe;"Faculty of Philology Banja Luka";"2020-2025";"Cultural Studies (Q4); Linguistics and Language (Q4); Literature and Literary Theory (Q4)";"Arts and Humanities; Social Sciences"
876;5800223782;"Forum Italicum";journal;"00145858, 2168989X";"SAGE Publications Inc.";No;No;0,100;Q4;7;18;122;693;5;110;0,05;38,50;50,00;0;United States;Northern America;"SAGE Publications Inc.";"1967, 1969-1974, 1976-1985, 1988, 1990-1994, 1998-1999, 2002-2026";"Cultural Studies (Q4); Linguistics and Language (Q4); Literature and Literary Theory (Q4)";"Arts and Humanities; Social Sciences"
877;19700182735;"Fourth Genre: Explorations in Nonfiction";journal;"15441733, 15223868";"Michigan State University";No;No;0,100;Q4;2;45;126;34;1;114;0,00;0,76;71,11;0;United States;Northern America;"Michigan State University";"2010-2025";"Literature and Literary Theory (Q4)";"Arts and Humanities"
878;13142;"Germanisch-Romanische Monatsschrift";journal;"00168904";"Universitaetsverlag Winter GmbH";No;No;0,100;Q4;6;1;55;43;3;53;0,07;43,00;0,00;0;Germany;Western Europe;"Universitaetsverlag Winter GmbH";"1972, 2002-2022";"Linguistics and Language (Q4); Literature and Literary Theory (Q4)";"Arts and Humanities; Social Sciences"
879;19600166214;"Giornale Storico della Letteratura Italiana";journal;"00170496";"Loescher Editore";No;No;0,100;Q4;3;21;68;1765;2;64;0,05;84,05;16,67;0;Italy;Western Europe;"Loescher Editore";"2009-2024";"Literature and Literary Theory (Q4)";"Arts and Humanities"
880;16100154701;"Goethe Jahrbuch";journal;"03234207";"Goethe-Gesellschaft in Weimar e.V.";No;No;0,100;Q4;4;28;87;820;2;84;0,02;29,29;33,33;0;Germany;Western Europe;"Goethe-Gesellschaft in Weimar e.V.";"2002-2014, 2016-2025";"Literature and Literary Theory (Q4)";"Arts and Humanities"
881;21100465444;"Gothic Studies";journal;"2050456X, 13627937";"Edinburgh University Press";No;No;0,100;Q4;17;22;53;644;6;53;0,10;29,27;62,50;0;United Kingdom;Western Europe;"Edinburgh University Press";"1999-2013, 2016-2025";"History (Q4); Literature and Literary Theory (Q4)";"Arts and Humanities"
882;16200154732;"Gradiva";journal;"03638057";"Gradiva";No;No;0,100;Q4;1;28;69;112;1;55;0,00;4,00;26,32;0;United States;Northern America;"Gradiva";"2002-2012, 2017-2025";"Literature and Literary Theory (Q4)";"Arts and Humanities"
883;5800207997;"Hebrew Studies";journal;"21581681, 01464094";"National Association of Professors of Hebrew";No;No;0,100;Q4;6;18;63;592;4;63;0,08;32,89;77,27;0;United States;Northern America;"National Association of Professors of Hebrew";"2006, 2011-2025";"Cultural Studies (Q4); History (Q4); Literature and Literary Theory (Q4); Religious Studies (Q4)";"Arts and Humanities; Social Sciences"
884;5700154132;"Hispamerica";journal;"03630471";"Hispamerica";No;No;0,100;Q4;3;58;92;228;1;80;0,00;3,93;53,06;0;United States;Northern America;"Hispamerica";"2009-2025";"Literature and Literary Theory (Q4)";"Arts and Humanities"
885;16000154779;"Hispanofila";journal;"00182206";"University of North Carolina at Chapel Hill";No;No;0,100;Q4;7;33;67;757;8;67;0,08;22,94;48,48;0;United States;Northern America;"University of North Carolina at Chapel Hill";"2002-2026";"Literature and Literary Theory (Q4)";"Arts and Humanities"
886;21101080113;"Hungarian Journal of English and American Studies";journal;"12187364, 27320421";"Sciendo";No;No;0,100;Q4;2;27;74;647;6;67;0,09;23,96;62,50;0;Poland;Eastern Europe;"Sciendo";"2019-2025";"History (Q4); Literature and Literary Theory (Q4); Philosophy (Q4); Visual Arts and Performing Arts (Q4)";"Arts and Humanities"
887;21100917123;"Journal of Lusophone Studies";journal;"24694800";"American Portuguese Studies Association";Yes;Yes;0,100;Q4;4;13;70;373;6;67;0,07;28,69;40,00;0;United States;Northern America;"American Portuguese Studies Association";"2013, 2016-2024";"History (Q4); Linguistics and Language (Q4); Literature and Literary Theory (Q4); Visual Arts and Performing Arts (Q4)";"Arts and Humanities; Social Sciences"
888;16000154727;"Keats-Shelley Journal";journal;"04534387";"Routledge";No;No;0,100;Q4;7;0;126;0;11;107;0,04;0,00;0,00;0;United States;Northern America;"Routledge";"2002-2011, 2013, 2016, 2018-2021";"Literature and Literary Theory (Q4)";"Arts and Humanities"
889;16300154704;"Kenyon Review";journal;"0163075X";"The Kenyon Review";No;No;0,100;Q4;7;94;206;10;0;121;0,00;0,11;68,42;0;United States;Northern America;"The Kenyon Review";"2002-2013, 2017-2025";"Literature and Literary Theory (Q4)";"Arts and Humanities"
890;27128;"Landfall";journal;"00237930";"University of Otago Press";No;No;0,100;Q4;4;0;92;0;2;74;0,02;0,00;0,00;0;New Zealand;Pacific Region;"University of Otago Press";"2000-2021, 2023-2025";"Literature and Literary Theory (Q4); Political Science and International Relations (Q4)";"Arts and Humanities; Social Sciences"
891;16200154775;"Legacy";journal;"07484321, 15340643";"University of Nebraska Press";No;No;0,100;Q4;12;16;71;376;3;66;0,03;23,50;75,00;0;United States;Northern America;"University of Nebraska Press";"2002-2025";"Gender Studies (Q4); Literature and Literary Theory (Q4)";"Arts and Humanities; Social Sciences"
892;16363;"Lettere Italiane";journal;"00241334, 20356315";"Casa Editrice Leo S. Olschki";No;No;0,100;Q4;5;21;88;78;1;69;0,02;3,71;66,67;0;Italy;Western Europe;"Casa Editrice Leo S. Olschki";"1987, 2002-2025";"Literature and Literary Theory (Q4)";"Arts and Humanities"
893;16200154790;"Lettres Romanes";journal;"00241415";"Brepols Publishers";No;No;0,100;Q4;3;16;68;430;1;66;0,03;26,88;41,18;0;Belgium;Western Europe;"Brepols Publishers";"2002-2025";"Literature and Literary Theory (Q4)";"Arts and Humanities"
894;21100228122;"Leviathan";journal;"17501849, 15256995";"Johns Hopkins University Press";No;No;0,100;Q4;8;32;86;519;24;79;0,21;16,22;36,11;0;United States;Northern America;"Johns Hopkins University Press";"2009-2025";"Literature and Literary Theory (Q4)";"Arts and Humanities"
895;16000154719;"Liberte";journal;"00242020";"Collectif Liberte Inc";No;No;0,100;Q4;3;98;231;0;1;157;0,00;0,00;53,33;0;Canada;Northern America;"Collectif Liberte Inc";"2002-2026";"Literature and Literary Theory (Q4); Philosophy (Q4); Sociology and Political Science (Q4); Visual Arts and Performing Arts (Q4)";"Arts and Humanities; Social Sciences"
896;17700154928;"Literatur und Kritik";journal;"0024466X";"Otto Mueller Verlag";No;No;0,100;Q4;1;73;184;88;0;152;0,00;1,21;43,10;0;Austria;Western Europe;"Otto Mueller Verlag";"2009-2025";"Literature and Literary Theory (Q4)";"Arts and Humanities"
897;5800209434;"Litterature";journal;"19585926, 00474800";"Armand Colin";No;No;0,100;Q4;7;44;119;1277;6;115;0,06;29,02;67,50;0;France;Western Europe;"Armand Colin";"2002-2025";"Literature and Literary Theory (Q4)";"Arts and Humanities"
898;21100792805;"Machado de Assis em Linha";journal;"19836821";"Universidade de Sao Paulo. Museu de Zoologia";Yes;Yes;0,100;Q4;3;23;84;433;2;79;0,02;18,83;42,86;0;Brazil;Latin America;"Universidade de Sao Paulo. Museu de Zoologia";"2014-2024";"Linguistics and Language (Q4); Literature and Literary Theory (Q4)";"Arts and Humanities; Social Sciences"
899;5700177271;"Matatu";journal;"18757421, 09329714";"Brill Rodopi";No;No;0,100;Q4;7;8;127;220;11;116;0,10;27,50;71,43;0;Netherlands;Western Europe;"Brill Rodopi";"2011-2017, 2019-2025";"Cultural Studies (Q4); History (Q4); Literature and Literary Theory (Q4); Sociology and Political Science (Q4)";"Arts and Humanities; Social Sciences"
900;21101040205;"Miedzy Oryginalem a Przekladem";journal;"16899121, 23916745";"Ksiegarnia Akademicka Publishing Ltd";Yes;Yes;0,100;Q4;4;33;93;715;9;87;0,13;21,67;72,73;0;Poland;Eastern Europe;"Ksiegarnia Akademicka Publishing Ltd";"2019-2025";"Cultural Studies (Q4); Linguistics and Language (Q4); Literature and Literary Theory (Q4)";"Arts and Humanities; Social Sciences"
901;21100791707;"Missouri Review";journal;"15489930, 01911961";"University of Missouri";No;No;0,100;Q4;2;55;160;19;2;140;0,00;0,35;46,81;0;United States;Northern America;"University of Missouri";"2015-2025";"Literature and Literary Theory (Q4)";"Arts and Humanities"
902;5700156085;"Moyen Age";journal;"17821436, 00272841";"De Boeck Supérieur";No;No;0,100;Q4;8;11;56;529;0;55;0,00;48,09;50,00;0;Belgium;Western Europe;"De Boeck Supérieur";"2001-2024";"History (Q4); Linguistics and Language (Q4); Literature and Literary Theory (Q4)";"Arts and Humanities; Social Sciences"
903;21100226422;"Nau Literaria";journal;"19814526";"Universidade Federal do Rio Grande do Sul";Yes;Yes;0,100;Q4;2;38;92;614;1;85;0,01;16,16;38,71;0;Brazil;Latin America;"Universidade Federal do Rio Grande do Sul";"2012-2025";"Literature and Literary Theory (Q4)";"Arts and Humanities"
904;16000154702;"New England Review-Middlebury Series";journal;"10531297";"Middlebury College";No;No;0,100;Q4;5;64;182;28;2;155;0,02;0,44;64,29;0;United States;Northern America;"Middlebury College";"2002-2025";"Literature and Literary Theory (Q4)";"Arts and Humanities"
905;6000169336;"Nineteenth-Century French Studies";journal;"15360172, 01467891";"University of Nebraska Press";No;No;0,100;Q4;8;19;79;680;6;75;0,11;35,79;47,37;0;United States;Northern America;"University of Nebraska Press";"1999, 2001-2025";"Literature and Literary Theory (Q4)";"Arts and Humanities"
906;16200154797;"North American Review";journal;"00292397";"North American Review";No;No;0,100;Q4;1;40;96;1;0;79;0,00;0,03;59,38;0;United States;Northern America;"North American Review";"1978, 2002-2025";"Cultural Studies (Q4); Literature and Literary Theory (Q4)";"Arts and Humanities; Social Sciences"
907;16000154718;"Nouvelle Revue Francaise";journal;"00294802";"Editions Gallimard";No;No;0,100;Q4;2;20;259;19;0;232;0,00;0,95;29,41;0;France;Western Europe;"Editions Gallimard";"2002-2022, 2024-2025";"Literature and Literary Theory (Q4)";"Arts and Humanities"
908;17700154929;"Overland";journal;"00307416, 14443163";"O.L. Society Ltd.";No;No;0,100;Q4;6;45;172;155;3;142;0,03;3,44;45,95;0;Australia;Pacific Region;"O.L. Society Ltd.";"2009-2013, 2015, 2017-2025";"Literature and Literary Theory (Q4)";"Arts and Humanities"
909;16282;"Oxford German Studies";journal;"00787191, 17459214";"Maney Publishing";No;No;0,100;Q4;7;25;84;0;2;77;0,02;0,00;43,48;0;United Kingdom;Western Europe;"Maney Publishing";"1966-1973, 1978-1985, 1988-1989, 1991, 1993-1995, 2002-2025";"Linguistics and Language (Q4); Literature and Literary Theory (Q4)";"Arts and Humanities; Social Sciences"
910;16200154780;"Paris Review";journal;"00312037";"The Paris Review Foundation, Inc.";No;No;0,100;Q4;6;37;92;0;2;73;0,00;0,00;54,17;0;France;Western Europe;"The Paris Review Foundation, Inc.";"2002-2014, 2016-2025";"Literature and Literary Theory (Q4)";"Arts and Humanities"
911;29376;"Philologus";journal;"21967008, 00317985";"Walter de Gruyter GmbH";No;No;0,100;Q4;13;22;77;971;7;75;0,04;44,14;31,82;0;Germany;Western Europe;"Walter de Gruyter GmbH";"1846, 1848-1852, 1854-1860, 1863-1867, 1869-1870, 1872, 1874-1877, 1879-1880, 1882, 1887-1892, 1894-1908, 1911-1913, 1916-1918, 1920-1921, 1926-1929, 1931, 1933-1938, 1941, 1943-1944, 1948, 1954-2026";"Classics (Q4); History (Q4); Linguistics and Language (Q4); Literature and Literary Theory (Q4)";"Arts and Humanities; Social Sciences"
912;16400154748;"Ploughshares";journal;"00484474, 21620903";"Ploughshares";No;No;0,100;Q4;3;63;184;0;0;154;0,00;0,00;59,52;0;United States;Northern America;"Ploughshares";"2002-2025";"Literature and Literary Theory (Q4)";"Arts and Humanities"
913;16000154741;"Poetry Review";journal;"00322156";"The Poetry Society";No;No;0,100;Q4;4;55;66;30;2;56;0,02;0,55;75,00;0;United Kingdom;Western Europe;"The Poetry Society";"2002-2023";"Literature and Literary Theory (Q4)";"Arts and Humanities"
914;21100881439;"Poznanskie Studia Polonistyczne, Seria Literacka";journal;"12338680";"Poznanskie Studia Polonistyczne";Yes;Yes;0,100;Q4;2;28;101;511;2;99;0,02;18,25;72,00;0;Poland;Eastern Europe;"Poznanskie Studia Polonistyczne";"2018-2025";"Linguistics and Language (Q4); Literature and Literary Theory (Q4)";"Arts and Humanities; Social Sciences"
915;21101034402;"Prace Filologiczne. Literaturoznawstwo";journal;"20846045, 26582503";"University of Warsaw";Yes;Yes;0,100;Q4;2;23;62;785;1;62;0,02;34,13;52,17;0;Poland;Eastern Europe;"University of Warsaw";"2019-2025";"Literature and Literary Theory (Q4)";"Arts and Humanities"
916;21100877342;"Problemi";journal;"05552419";"Society for Theoretical Psychoanalysis";No;No;0,100;Q4;5;40;130;926;11;111;0,09;23,15;31,25;0;Slovenia;Eastern Europe;"Society for Theoretical Psychoanalysis";"2017-2025";"Applied Psychology (Q4); Linguistics and Language (Q4); Literature and Literary Theory (Q4); Philosophy (Q4)";"Arts and Humanities; Psychology; Social Sciences"
917;21100976733;"Przeglad Rusycystyczny";journal;"0137298X";"Polskie Towarzystwo Rusycystyczne";Yes;Yes;0,100;Q4;3;61;167;1612;4;163;0,01;26,43;62,71;0;Poland;Eastern Europe;"Polskie Towarzystwo Rusycystyczne";"2019-2025";"Cultural Studies (Q4); Education (Q4); Linguistics and Language (Q4); Literature and Literary Theory (Q4); Philosophy (Q4)";"Arts and Humanities; Social Sciences"
918;21100826246;"Przekladaniec";journal;"14256851, 16891864";"Jagiellonian University Press";Yes;Yes;0,100;Q4;4;30;74;1212;4;73;0,04;40,40;70,97;0;Poland;Eastern Europe;"Jagiellonian University Press";"2016-2025";"Cultural Studies (Q4); Literature and Literary Theory (Q4)";"Arts and Humanities; Social Sciences"
919;21100777205;"Przestrzenie Teorii";journal;"16446763";"Adam Mickiewicz University";Yes;Yes;0,100;Q4;4;9;126;141;1;126;0,01;15,67;62,50;0;Poland;Eastern Europe;"Adam Mickiewicz University";"2014-2025";"Literature and Literary Theory (Q4)";"Arts and Humanities"
920;19700168601;"Recherches Germaniques";journal;"03991989";"";Yes;Yes;0,100;Q4;2;28;83;1037;2;75;0,00;37,04;62,96;0;France;Western Europe;"";"2008-2011, 2018-2025";"Cultural Studies (Q4); Literature and Literary Theory (Q4)";"Arts and Humanities; Social Sciences"
921;18612;"Renaissance and Reformation";journal;"0034429X, 22937374";"Iter";No;No;0,100;Q4;11;40;148;1495;24;99;0,06;37,38;46,88;0;Canada;Northern America;"Iter";"1968-1969, 1979, 1982, 1985, 1988, 2001-2025";"History (Q4); History and Philosophy of Science (Q4); Literature and Literary Theory (Q4); Music (Q4); Philosophy (Q4); Visual Arts and Performing Arts (Q4)";"Arts and Humanities"
922;21101023288;"Research in Contemporary World Literature/ Pazhuhesh-e Zabanha-ye Khareji";journal;"25887092, 25884131";"Faculty of Foreign Languages, University of Tehran";Yes;No;0,100;Q4;7;41;63;1122;10;63;0,16;27,37;42,86;0;Iran;Middle East;"Faculty of Foreign Languages, University of Tehran";"2008-2015, 2017-2025";"Linguistics and Language (Q4); Literature and Literary Theory (Q4)";"Arts and Humanities; Social Sciences"
923;16400154725;"Review - Literature and Arts of the Americas";journal;"17430666, 08905762";"Taylor and Francis Ltd.";No;No;0,100;Q4;6;46;164;130;4;128;0,01;2,83;54,29;0;United Kingdom;Western Europe;"Taylor and Francis Ltd.";"1968, 1971-1982, 1984-2024";"Literature and Literary Theory (Q4); Visual Arts and Performing Arts (Q4)";"Arts and Humanities"
924;16400154735;"Revista de Critica Literaria Latinoamericana";journal;"02528843";"Latinoamericana Editores";No;No;0,100;Q4;9;0;77;0;3;71;0,04;0,00;0,00;0;Peru;Latin America;"Latinoamericana Editores";"2002-2014, 2017-2021";"Cultural Studies (Q4); Literature and Literary Theory (Q4)";"Arts and Humanities; Social Sciences"
925;22805;"Revue des Langues Romanes";journal;"02233711";"Universite de Montpellier III (Paul Valery), Centre d'Etudes Occitanes";Yes;Yes;0,100;Q4;4;25;56;583;6;56;0,10;23,32;30,00;0;France;Western Europe;"Universite de Montpellier III (Paul Valery), Centre d'Etudes Occitanes";"1964, 2002-2022";"Archeology (arts and humanities) (Q4); Linguistics and Language (Q4); Literature and Literary Theory (Q4)";"Arts and Humanities; Social Sciences"
926;16000154722;"Revue d'Histoire du Theatre";journal;"12912530";"Societe d'Histoire du Theatre";No;No;0,100;Q4;3;22;102;231;0;84;0,00;10,50;33,33;0;France;Western Europe;"Societe d'Histoire du Theatre";"1999, 2001-2010, 2012-2022";"Literature and Literary Theory (Q4); Visual Arts and Performing Arts (Q4)";"Arts and Humanities"
927;21100202512;"Rivista di Cultura Classica e Medioevale";journal;"00356085, 1724062X";"Fabrizio Serra Editore Srl";No;No;0,100;Q4;4;37;70;1789;2;70;0,00;48,35;44,74;0;Italy;Western Europe;"Fabrizio Serra Editore Srl";"2011-2025";"Classics (Q4); History (Q4); Linguistics and Language (Q4); Literature and Literary Theory (Q4)";"Arts and Humanities; Social Sciences"
928;16000154748;"Rivista di Letterature Moderne e Comparate";journal;"03912108";"Pacini Editore Srl";No;No;0,100;Q4;3;32;73;1022;1;58;0,02;31,94;41,67;0;Italy;Western Europe;"Pacini Editore Srl";"2002-2013, 2017-2025";"Literature and Literary Theory (Q4)";"Arts and Humanities"
929;16300154733;"RLC - Revue de Litterature Comparee";journal;"00351466, 19650264";"Klincksieck";No;No;0,100;Q4;6;25;118;849;3;116;0,03;33,96;65,22;0;France;Western Europe;"Klincksieck";"2001-2024";"Literature and Literary Theory (Q4)";"Arts and Humanities"
930;21100386856;"Romanica Cracoviensia";journal;"20843917, 17328705";"Jagiellonian University Press";Yes;Yes;0,100;Q4;4;47;82;1229;4;82;0,07;26,15;68,09;0;Poland;Eastern Europe;"Jagiellonian University Press";"2014-2025";"Linguistics and Language (Q4); Literature and Literary Theory (Q4)";"Arts and Humanities; Social Sciences"
931;21101063723;"Romanica Wratislaviensia";journal;"05572665";"Wydawnictwo Uniwersytetu Wroclawskiego Sp. z o.o.";Yes;Yes;0,100;Q4;3;20;55;587;5;55;0,11;29,35;68,00;0;Poland;Eastern Europe;"Wydawnictwo Uniwersytetu Wroclawskiego Sp. z o.o.";"2019-2025";"Linguistics and Language (Q4); Literature and Literary Theory (Q4)";"Arts and Humanities; Social Sciences"
932;19253;"Romantisme";journal;"19577958, 00488593";"Armand Colin";No;No;0,100;Q4;8;50;131;2099;4;127;0,04;41,98;43,14;0;France;Western Europe;"Armand Colin";"1981, 1999, 2001-2025";"Cultural Studies (Q4); History (Q4); Literature and Literary Theory (Q4); Visual Arts and Performing Arts (Q4)";"Arts and Humanities; Social Sciences"
933;5700152989;"Salmagundi";journal;"00363529";"Skidmore College";No;No;0,100;Q4;7;36;73;20;0;62;0,00;0,56;36,36;0;United States;Northern America;"Skidmore College";"1987, 2002-2025";"Cultural Studies (Q4); Literature and Literary Theory (Q4); Visual Arts and Performing Arts (Q4)";"Arts and Humanities; Social Sciences"
934;16100154735;"Samuel Beckett Today - Aujourd'hui";journal;"09273131, 18757405";"Brill Rodopi";No;No;0,100;Q4;12;29;68;823;4;66;0,04;28,38;45,45;0;Netherlands;Western Europe;"Brill Rodopi";"1999-2025";"Literature and Literary Theory (Q4)";"Arts and Humanities"
935;5800211823;"SEL - Studies in English Literature";journal;"00393657, 15229270";"Johns Hopkins University Press";No;No;0,100;Q4;22;29;95;1316;21;93;0,14;45,38;53,57;0;United States;Northern America;"Johns Hopkins University Press";"2002-2022, 2024-2025";"Literature and Literary Theory (Q4)";"Arts and Humanities"
936;16000154731;"Sewanee Review";journal;"00373052, 1934421X";"Johns Hopkins University Press";No;No;0,100;Q4;6;36;120;0;4;115;0,05;0,00;52,94;0;United States;Northern America;"Johns Hopkins University Press";"2006-2026";"Literature and Literary Theory (Q4)";"Arts and Humanities"
937;19700182909;"SHAW";journal;"07415842, 15291480";"Penn State University Press";No;No;0,100;Q4;6;30;61;837;1;59;0,00;27,90;40,00;0;United States;Northern America;"Penn State University Press";"2010-2025";"Literature and Literary Theory (Q4)";"Arts and Humanities"
938;16300154714;"Sinn und Form";journal;"00375756";"Aufbau-Verlag GmbH";No;No;0,100;Q4;3;82;223;0;0;213;0,00;0,00;36,90;0;Germany;Western Europe;"Aufbau-Verlag GmbH";"2002-2014, 2016-2025";"Cultural Studies (Q4); Literature and Literary Theory (Q4); Philosophy (Q4); Religious Studies (Q4)";"Arts and Humanities; Social Sciences"
939;16100154718;"Strumenti Critici";journal;"26120925, 00392618";"Societa Editrice Il Mulino";No;No;0,100;Q4;3;9;79;322;2;78;0,02;35,78;33,33;0;Italy;Western Europe;"Societa Editrice Il Mulino";"2002-2025";"Literature and Literary Theory (Q4)";"Arts and Humanities"
940;16000154795;"Studi e Problemi di Critica Testuale";journal;"00492361, 1826722X";"Fabrizio Serra Editore Srl";No;No;0,100;Q4;5;23;63;1578;0;63;0,00;68,61;34,78;0;Italy;Western Europe;"Fabrizio Serra Editore Srl";"2002-2018, 2020-2025";"Literature and Literary Theory (Q4)";"Arts and Humanities"
941;21101038694;"Studies in Musical Theatre";journal;"17503159, 17503167";"Intellect Ltd.";No;No;0,100;Q4;5;20;73;377;7;61;0,07;18,85;55,00;0;United Kingdom;Western Europe;"Intellect Ltd.";"2010, 2019-2025";"Literature and Literary Theory (Q4); Music (Q4); Visual Arts and Performing Arts (Q4)";"Arts and Humanities"
942;21100876295;"Tautosakos Darbai";journal;"13922831";"Institute of Lithuanian Literature and Folklore";No;No;0,100;Q4;5;18;89;537;19;83;0,25;29,83;93,75;0;Lithuania;Eastern Europe;"Institute of Lithuanian Literature and Folklore";"2018-2025";"Anthropology (Q4); Cultural Studies (Q4); History (Q4); Linguistics and Language (Q4); Literature and Literary Theory (Q4)";"Arts and Humanities; Social Sciences"
943;21100247033;"Teksty Drugie";journal;"08670633";"Polska Akademia Nauk";Yes;No;0,100;Q4;13;0;131;0;9;129;0,07;0,00;0,00;0;Poland;Eastern Europe;"Polska Akademia Nauk";"2008-2011, 2013-2018, 2020";"Literature and Literary Theory (Q4)";"Arts and Humanities"
944;17500155007;"Text und Kritik";journal;"09352929, 00405329";"Edition Text und Kritik in Richard Boorberg Verlag GmbH and Co. KG";No;No;0,100;Q4;3;25;111;474;0;108;0,00;18,96;34,62;0;Germany;Western Europe;"Edition Text und Kritik in Richard Boorberg Verlag GmbH and Co. KG";"2009-2023, 2025";"Literature and Literary Theory (Q4)";"Arts and Humanities"
945;16000154756;"Twentieth Century Literature";journal;"0041462X";"Hofstra University Press";No;No;0,100;Q4;21;22;54;868;11;53;0,17;39,45;34,78;0;United States;Northern America;"Hofstra University Press";"2002-2014, 2016-2025";"Literature and Literary Theory (Q4)";"Arts and Humanities"
946;21100228742;"University of Bucharest Review: Literary and Cultural Studies Series";journal;"27345963, 20698658";"Bucharest University Press";Yes;Yes;0,100;Q4;3;17;54;353;1;54;0,00;20,76;55,00;0;Romania;Eastern Europe;"Bucharest University Press";"2011-2012, 2016-2025";"Cultural Studies (Q4); Literature and Literary Theory (Q4)";"Arts and Humanities; Social Sciences"
947;21100992226;"Veredas";journal;"2183816X, 08745102";"International Association of Lusitanistas";Yes;Yes;0,100;Q4;1;47;89;665;2;88;0,02;14,15;55,56;0;Portugal;Western Europe;"International Association of Lusitanistas";"2019-2025";"Communication (Q4); Linguistics and Language (Q4); Literature and Literary Theory (Q4); Visual Arts and Performing Arts (Q4)";"Arts and Humanities; Social Sciences"
948;21100917131;"Voprosy Literatury";journal;"00428795";"Voprosy Literatury";No;No;0,100;Q4;3;104;273;1308;17;273;0,07;12,58;57,43;0;Russian Federation;Eastern Europe;"Voprosy Literatury";"2019-2025";"Literature and Literary Theory (Q4)";"Arts and Humanities"
949;16400154712;"Weimarer Beitrage";journal;"00432199";"Passagen Verlag GmbH";No;No;0,100;Q4;4;41;96;1579;4;95;0,03;38,51;13,51;0;Austria;Western Europe;"Passagen Verlag GmbH";"2002-2025";"Cultural Studies (Q4); Literature and Literary Theory (Q4)";"Arts and Humanities; Social Sciences"
950;16100154787;"Westerly";journal;"0043342X";"Westerly Centre, The University of Western Australia";No;No;0,100;Q4;6;50;268;221;3;218;0,00;4,42;62,79;0;Australia;Pacific Region;"Westerly Centre, The University of Western Australia";"2002-2015, 2017-2025";"Literature and Literary Theory (Q4)";"Arts and Humanities"
951;16100154753;"Western Humanities Review";journal;"00433845";"University of Utah";No;No;0,100;Q4;6;0;72;0;0;65;0,00;0,00;0,00;0;United States;Northern America;"University of Utah";"1964, 1976, 2002-2021, 2024";"Literature and Literary Theory (Q4)";"Arts and Humanities"
952;5800161570;"Yale Review";journal;"00440124, 14679736";"Johns Hopkins University Press";No;No;0,100;Q4;6;47;209;0;4;103;0,02;0,00;62,79;0;United States;Northern America;"Johns Hopkins University Press";"1997, 2000, 2003, 2009-2024";"Literature and Literary Theory (Q4)";"Arts and Humanities"
953;6500153149;"Year's Work in English Studies";journal;"00844144, 14716801";"Oxford University Press";No;No;0,100;Q4;2;19;55;833;0;53;0,00;43,84;60,82;0;United Kingdom;Western Europe;"Oxford University Press";"1922-1926, 1928-1930, 1933, 1935-1936, 1939-1943, 1948-1949, 1951, 1953-1958, 1960-1972, 1975, 1977-1984, 1987-1995, 2009-2010, 2012-2024";"Linguistics and Language (Q4); Literature and Literary Theory (Q4)";"Arts and Humanities; Social Sciences"
954;21101173100;"Acta Classica Universitatis Scientiarum Debreceniensis";journal;"0418453X, 27323390";"Department of Classical Philology and Ancient History, University of Debrecen";No;No;;-;4;8;52;327;5;52;0,14;40,88;14,29;0;Hungary;Eastern Europe;"Department of Classical Philology and Ancient History, University of Debrecen";"2019-2024";"Classics; History; Linguistics and Language; Literature and Literary Theory";"Arts and Humanities; Social Sciences"
955;21101197264;"Al Abhath";journal;"2589997X, 00023973";"Brill Academic Publishers";No;No;;-;2;9;22;298;3;22;0,20;33,11;44,44;0;Netherlands;Western Europe;"Brill Academic Publishers";"2019-2025";"History; Linguistics and Language; Literature and Literary Theory";"Arts and Humanities; Social Sciences"
956;21101264205;"Alfred Nobel University Journal of Philology";journal;"3041217X, 30412188";"Alfred Nobel University";Yes;No;;-;2;42;169;828;7;142;0,05;19,71;90,32;0;Ukraine;Eastern Europe;"Alfred Nobel University";"2024-2025";"Linguistics and Language; Literature and Literary Theory";"Arts and Humanities; Social Sciences"
957;21101165532;"Anaquel de Estudios Arabes";journal;"11303964, 19882645";"Universidad Complutense Madrid";Yes;Yes;;-;3;10;41;448;2;41;0,08;44,80;45,45;0;Spain;Western Europe;"Universidad Complutense Madrid";"2019-2025";"History; Linguistics and Language; Literature and Literary Theory; Religious Studies";"Arts and Humanities; Social Sciences"
958;17700154903;"Antigonish Review";journal;"00035661";"St. Francis Xavier University";No;No;;-;2;17;0;0;0;0;0,00;0,00;100,00;0;Canada;Northern America;"St. Francis Xavier University";"2001-2002, 2009-2017, 2022";"Literature and Literary Theory";"Arts and Humanities"
959;21101252468;"Anuar de Lingvistica si Istorie Literara";journal;"29721814, 15837017";"";No;No;;-;1;17;34;283;0;34;0,00;16,65;50,00;0;Romania;Eastern Europe;"";"2020-2025";"Arts and Humanities (miscellaneous); Linguistics and Language; Literature and Literary Theory";"Arts and Humanities; Social Sciences"
960;70837;"Anuario de Estudios Atlanticos";journal;"23865571, 05704065";"Casa de Colon, Cabildo de Gran Canaria";No;No;;-;3;20;20;1084;3;20;0,15;54,20;44,44;1;Spain;Western Europe;"Casa de Colon, Cabildo de Gran Canaria";"1969, 2021-2025";"Arts and Humanities (miscellaneous); History; Literature and Literary Theory";"Arts and Humanities"
961;21101377431;"Arboles y Rizomas";journal;"07199805";"Universidad de Santiago de Chile";Yes;No;;-;2;18;0;506;0;0;0,00;28,11;25,00;0;Chile;Latin America;"Universidad de Santiago de Chile";"2022-2025";"Education; Linguistics and Language; Literature and Literary Theory";"Arts and Humanities; Social Sciences"
962;21101230388;"Art and Interpretation";journal;"28222865";"Ataturk Universitesi";Yes;Yes;;-;1;20;0;774;0;0;0,00;38,70;48,28;0;Turkey;Middle East;"Ataturk Universitesi";"2022-2025";"Arts and Humanities (miscellaneous); Literature and Literary Theory; Visual Arts and Performing Arts";"Arts and Humanities"
963;21101163011;"Arte Nuevo. Revista de Estudios Aureos";journal;"22972692";"Universite de Neuchatel";Yes;Yes;;-;3;9;36;344;6;36;0,14;38,22;22,22;0;Switzerland;Western Europe;"Universite de Neuchatel";"2019-2025";"Cultural Studies; Literature and Literary Theory";"Arts and Humanities; Social Sciences"
964;21101162969;"ASAP Journal";journal;"23814721, 23814705";"Johns Hopkins University Press";No;No;;-;3;37;40;1234;2;38;0,05;33,35;59,57;0;United States;Northern America;"Johns Hopkins University Press";"2019, 2021-2025";"Arts and Humanities (miscellaneous); Literature and Literary Theory; Visual Arts and Performing Arts";"Arts and Humanities"
965;19900192114;"Aschkenas";journal;"18659438, 10164987";"Walter de Gruyter GmbH";No;No;;-;4;11;45;250;1;43;0,00;22,73;10,00;2;Germany;Western Europe;"Walter de Gruyter GmbH";"1996-1999, 2001, 2003-2004, 2007, 2010-2011, 2013-2015, 2019-2025";"Arts and Humanities (miscellaneous); History; Literature and Literary Theory; Religious Studies";"Arts and Humanities"
966;21100787020;"Astra Salvensis (discontinued)";journal;"23441887, 23934727";"Transilvanian Association for the Literarure and Culture of Romanian People (ASTRA)";Yes;Yes;;-;16;52;284;2308;92;280;0,36;44,38;52,94;0;Romania;Eastern Europe;"Transilvanian Association for the Literarure and Culture of Romanian People (ASTRA)";"2013-2022";"Cultural Studies; Education; History; Linguistics and Language; Literature and Literary Theory; Philosophy; Religious Studies";"Arts and Humanities; Social Sciences"
967;21101125548;"Authorship";journal;"20344643";"Universiteit Gent";Yes;Yes;;-;2;6;16;186;2;15;0,17;31,00;80,00;0;Belgium;Western Europe;"Universiteit Gent";"2019-2022";"Cultural Studies; Literature and Literary Theory";"Arts and Humanities; Social Sciences"
968;21101194974;"Bandung: Journal of the Global South";journal;"25900013, 21983534";"Brill Academic Publishers";No;No;;-;12;19;35;1085;13;32;0,38;57,11;66,67;2;Netherlands;Western Europe;"Brill Academic Publishers";"2015-2025";"Arts and Humanities (miscellaneous); Literature and Literary Theory";"Arts and Humanities"
969;21101121579;"Bialostockie Studia Literaturoznawcze";journal;"27200078, 20829701";"Faculty of Philology, University of Bialystok";No;No;;-;2;29;87;793;4;87;0,05;27,34;56,67;0;Poland;Eastern Europe;"Faculty of Philology, University of Bialystok";"2019-2025";"Arts and Humanities (miscellaneous); Literature and Literary Theory";"Arts and Humanities"
970;21101120354;"Bibliotekarz Podlaski";journal;"25448900, 16407806";"Ksiaznica Podlaska";No;No;;-;2;76;221;1694;4;212;0,03;22,29;73,33;0;Poland;Eastern Europe;"Ksiaznica Podlaska";"2019-2025";"Cultural Studies; History; Library and Information Sciences; Literature and Literary Theory";"Arts and Humanities; Social Sciences"
971;29777;"Boletin de la Biblioteca de Menendez Pelayo";journal;"00061646";"Real Sociedad Menendez Pelayo";No;No;;-;3;34;83;808;0;83;0,00;23,76;33,33;0;Spain;Western Europe;"Real Sociedad Menendez Pelayo";"1966, 1984, 2019-2025";"Literature and Literary Theory";"Arts and Humanities"
972;21101134473;"Border Crossings";journal;"26354829, 23835222";"Global Institute for Japanese Studies, Korea University";Yes;Yes;;-;2;33;81;449;0;81;0,00;13,61;43,33;0;South Korea;Asiatic Region;"Global Institute for Japanese Studies, Korea University";"2019-2025";"Cultural Studies; Literature and Literary Theory";"Arts and Humanities; Social Sciences"
973;6000160653;"British Journal of Canadian Studies";journal;"17578078, 02699222";"Liverpool University Press";No;No;;-;8;10;21;341;0;18;0,00;34,10;35,71;0;United Kingdom;Western Europe;"Liverpool University Press";"2011-2018, 2020-2025";"Cultural Studies; History; Literature and Literary Theory; Sociology and Political Science";"Arts and Humanities; Social Sciences"
974;21101306834;"Bustan";journal;"18785301, 18785328";"Penn State University Press";No;No;;-;1;2;3;25;0;3;0,00;12,50;50,00;0;United States;Northern America;"Penn State University Press";"2015, 2017-2018, 2020, 2022-2025";"Arts and Humanities (miscellaneous); Education; Linguistics and Language; Literature and Literary Theory";"Arts and Humanities; Social Sciences"
975;21101333520;"Cahiers de Recherches Medievales et Humanistes - Journal of Medieval and Humanistic Studies";journal;"21156360, 22730893";"Classiques Garnier";No;No;;-;7;40;106;1505;5;103;0,01;37,63;59,46;0;France;Western Europe;"Classiques Garnier";"2011-2025";"History; Literature and Literary Theory";"Arts and Humanities"
976;21101275452;"Cahiers D'etudes Des Cultures Iberiques Et Latino-Americaines";journal;"24287245";"Paul-Valery Montpellier 3 University";Yes;Yes;;-;1;14;21;575;0;19;0,00;41,07;41,67;0;France;Western Europe;"Paul-Valery Montpellier 3 University";"2020-2024";"History; Literature and Literary Theory; Religious Studies";"Arts and Humanities"
977;21101128491;"Children's Literature";journal;"15433374, 00928208";"Johns Hopkins University Press";No;No;;-;5;25;65;618;18;62;0,25;24,72;68,00;0;United States;Northern America;"Johns Hopkins University Press";"2019-2025";"Literature and Literary Theory";"Arts and Humanities"
978;21101146659;"Chinese Literature and Thought Today";journal;"27683524, 27683532";"Routledge";No;No;;-;8;40;154;428;17;83;0,08;10,70;40,54;0;United Kingdom;Western Europe;"Routledge";"2022-2025";"Arts and Humanities (miscellaneous); Literature and Literary Theory; Philosophy";"Arts and Humanities"
979;21101162840;"Christianity and Literature";journal;"01483331, 20565666";"Johns Hopkins University Press";No;No;;-;4;38;95;1643;13;75;0,14;43,24;26,67;0;United States;Northern America;"Johns Hopkins University Press";"1971, 1979-1980, 1984, 1989, 1991, 1997, 2002, 2005, 2019-2025";"Literature and Literary Theory; Religious Studies";"Arts and Humanities"
980;21101121583;"Classics Ireland";journal;"07919417";"Classical Association of Ireland";No;No;;-;2;4;17;190;2;15;0,00;47,50;0,00;0;Ireland;Western Europe;"Classical Association of Ireland";"2019, 2021-2023";"Archeology (arts and humanities); Classics; History; Linguistics and Language; Literature and Literary Theory; Philosophy";"Arts and Humanities; Social Sciences"
981;21101124072;"Clotho";journal;"26706210, 26706229";"University of Ljubljana Press";Yes;Yes;;-;3;22;46;702;8;39;0,15;31,91;30,00;0;Slovenia;Eastern Europe;"University of Ljubljana Press";"2019-2025";"Classics; History; Linguistics and Language; Literature and Literary Theory";"Arts and Humanities; Social Sciences"
982;21101160583;"Collectanea Philologica";journal;"17330319, 23530901";"Lodz University Press";Yes;Yes;;-;2;17;34;586;0;34;0,00;34,47;63,16;0;Poland;Eastern Europe;"Lodz University Press";"2019-2025";"Classics; Linguistics and Language; Literature and Literary Theory";"Arts and Humanities; Social Sciences"
983;21101295717;"Contemporanea (Rome)";journal;"1824355X, 17246105";"Fabrizio Serra Editore";No;No;;-;0;13;8;279;0;8;0,00;21,46;45,45;0;Italy;Western Europe;"Fabrizio Serra Editore";"2021-2024";"Arts and Humanities (miscellaneous); Linguistics and Language; Literature and Literary Theory";"Arts and Humanities; Social Sciences"
984;21101168879;"Cornova";journal;"27879151, 18046983";"Institute of Czech Literature Czech Academy of Sciences";Yes;Yes;;-;2;8;30;593;1;28;0,04;74,13;42,86;0;Czech Republic;Eastern Europe;"Institute of Czech Literature Czech Academy of Sciences";"2019-2025";"History; Literature and Literary Theory; Philosophy; Religious Studies";"Arts and Humanities"
985;21101281536;"Creneida";journal;"23408960";"University of Cordoba Department of Philological and Literary Studies";Yes;No;;-;2;24;21;1526;0;19;0,00;63,58;30,00;0;Spain;Western Europe;"University of Cordoba Department of Philological and Literary Studies";"2021-2025";"Arts and Humanities (miscellaneous); Linguistics and Language; Literature and Literary Theory";"Arts and Humanities; Social Sciences"
986;21101274738;"Critical Theory";journal;"27535193, 25154702";"Porcelain Publishing International LTD";No;No;;-;1;7;16;96;0;15;0,00;13,71;25,00;0;United Kingdom;Western Europe;"Porcelain Publishing International LTD";"2021-2025";"Arts and Humanities (miscellaneous); Cultural Studies; Literature and Literary Theory";"Arts and Humanities; Social Sciences"
987;21101250400;"Croatica";journal;"26239280, 18491111";"University of Zagreb Faculty of Humanities and Social Sciences";Yes;Yes;;-;1;15;14;338;2;12;0,14;22,53;69,23;0;Croatia;Eastern Europe;"University of Zagreb Faculty of Humanities and Social Sciences";"2020-2025";"Arts and Humanities (miscellaneous); Linguistics and Language; Literature and Literary Theory";"Arts and Humanities; Social Sciences"
988;21101216185;"Croatica et Slavica Iadertina";journal;"18456839, 18490131";"University of Zadar";Yes;Yes;;-;2;21;46;535;2;45;0,04;25,48;85,71;0;Croatia;Eastern Europe;"University of Zadar";"2020-2025";"Linguistics and Language; Literature and Literary Theory";"Arts and Humanities; Social Sciences"
989;21101341416;"Crossroads: Interdisciplinary Journal of Asian Interaction";journal;"21908796, 26662523";"Brill Academic Publishers";No;No;;-;2;13;11;1079;1;9;0,09;83,00;45,45;0;Netherlands;Western Europe;"Brill Academic Publishers";"2020-2024, 2026";"Arts and Humanities (miscellaneous); History; Literature and Literary Theory";"Arts and Humanities"
990;21101192677;"Cuadernos de Estudios del Siglo XVIII";journal;"26970643";"Universidad de Oviedo";No;No;;-;3;20;67;970;7;64;0,10;48,50;61,11;0;Spain;Western Europe;"Universidad de Oviedo";"2019-2025";"Cultural Studies; History; Literature and Literary Theory";"Arts and Humanities; Social Sciences"
991;21101132308;"Cuadernos de Investigacion Filologica";journal;"02110547, 1699292X";"University of La Rioja";Yes;Yes;;-;2;16;49;551;1;49;0,00;34,44;23,53;0;Spain;Western Europe;"University of La Rioja";"2019-2025";"Linguistics and Language; Literature and Literary Theory";"Arts and Humanities; Social Sciences"
992;21101371013;"Cuadernos de Teologia";journal;"07198175";"Universidad Catolica del Norte";Yes;No;;-;1;12;2;303;0;2;0,00;25,25;18,18;0;Chile;Latin America;"Universidad Catolica del Norte";"2021-2026";"Cultural Studies; Literature and Literary Theory; Philosophy; Religious Studies";"Arts and Humanities; Social Sciences"
993;21101166842;"Cuadernos del Cemyr";journal;"25308378";"University of La Laguna";Yes;Yes;;-;2;9;13;454;1;13;0,11;50,44;0,00;0;Spain;Western Europe;"University of La Laguna";"2019-2025";"History; Linguistics and Language; Literature and Literary Theory; Visual Arts and Performing Arts";"Arts and Humanities; Social Sciences"
994;21101347335;"Cuadernos Jovellanistas. De la Ilustracion a la Modernidad";journal;"26959739, 23864443";"FUNDACION FORO JOVELLANOS DEL PRINCIPADO DE ASTURIAS";No;No;;-;1;5;6;100;0;6;0,00;20,00;50,00;0;Spain;Western Europe;"FUNDACION FORO JOVELLANOS DEL PRINCIPADO DE ASTURIAS";"2021-2025";"History; Literature and Literary Theory; Philosophy";"Arts and Humanities"
995;21101126461;"Cultural Perspectives";journal;"25593439, 1224239X";"Vasile Alecsandri University of Bacau";Yes;Yes;;-;2;10;42;269;1;41;0,03;26,90;100,00;0;Romania;Eastern Europe;"Vasile Alecsandri University of Bacau";"2019-2025";"Arts and Humanities (miscellaneous); Linguistics and Language; Literature and Literary Theory";"Arts and Humanities; Social Sciences"
996;21101131497;"Dacoromania Litteraria";journal;"23605189";"Romanian Academy Branch Cluj-Napoca";Yes;Yes;;-;4;14;45;348;14;43;0,38;24,86;69,23;0;Romania;Eastern Europe;"Romanian Academy Branch Cluj-Napoca";"2019-2025";"Literature and Literary Theory";"Arts and Humanities"
997;21101295559;"Dante";journal;"18249272, 17249058";"Fabrizio Serra Editore";No;No;;-;0;7;12;92;0;12;0,00;13,14;50,00;0;Italy;Western Europe;"Fabrizio Serra Editore";"2021-2024";"Linguistics and Language; Literature and Literary Theory";"Arts and Humanities; Social Sciences"
998;21101166976;"Dicenda";journal;"19882556, 02122952";"Universidad Complutense Madrid";Yes;Yes;;-;5;13;42;600;8;42;0,12;46,15;25,00;0;Spain;Western Europe;"Universidad Complutense Madrid";"2019-2025";"Linguistics and Language; Literature and Literary Theory";"Arts and Humanities; Social Sciences"
999;21101339412;"Diciottesimo Secolo";journal;"25314165";"Firenze University Press";Yes;No;;-;1;18;16;195;2;16;0,13;10,83;42,86;1;Italy;Western Europe;"Firenze University Press";"2021-2025";"Arts and Humanities (miscellaneous); History; Literature and Literary Theory; Philosophy";"Arts and Humanities"
1000;21101155435;"Didaskalia (Poland)";journal;"27200043";"Grotowski Institute in Wroclaw";No;No;;-;3;130;227;1006;12;110;0,09;7,74;90,67;0;Poland;Eastern Europe;"Grotowski Institute in Wroclaw";"2019-2025";"Arts and Humanities (miscellaneous); Cultural Studies; Literature and Literary Theory; Visual Arts and Performing Arts";"Arts and Humanities; Social Sciences"
1001;21101162982;"Digital Philology: Journal of Medieval Cultures";journal;"21629552, 21629544";"Johns Hopkins University Press";No;No;;-;5;23;61;638;6;60;0,05;27,74;56,00;0;United States;Northern America;"Johns Hopkins University Press";"2019-2025";"Arts and Humanities (miscellaneous); History; Literature and Literary Theory";"Arts and Humanities"
1002;21101193862;"Dostoevsky and World Culture. Philological Journal";journal;"27128512, 26190311";"Russian Academy of Sciences-A.M. Gorky Institute of World Literature";Yes;Yes;;-;6;36;130;721;17;122;0,21;20,03;75,86;0;Russian Federation;Eastern Europe;"Russian Academy of Sciences-A.M. Gorky Institute of World Literature";"2019-2025";"Literature and Literary Theory";"Arts and Humanities"
1003;21101240973;"Early Middle English";journal;"25169084, 25169092";"Arc Humanities Press";No;No;;-;3;10;38;40;8;34;0,20;4,00;60,00;0;United Kingdom;Western Europe;"Arc Humanities Press";"2019-2025";"Literature and Literary Theory";"Arts and Humanities"
1004;21101179107;"Els Marges";journal;"23398256, 02100452";"L'avenc S.L";No;Yes;;-;2;23;57;203;1;45;0,00;8,83;43,75;0;Spain;Western Europe;"L'avenc S.L";"2019-2025";"Linguistics and Language; Literature and Literary Theory";"Arts and Humanities; Social Sciences"
1005;21101152861;"Ermeneutica Letteraria";journal;"18278957, 18256619";"Fabrizio Serra Editore";No;No;;-;1;14;42;29;3;34;0,07;2,07;18,18;0;Italy;Western Europe;"Fabrizio Serra Editore";"2019-2024";"Arts and Humanities (miscellaneous); Linguistics and Language; Literature and Literary Theory";"Arts and Humanities; Social Sciences"
1006;21101157207;"Escritura e Imagen";journal;"18855687, 19882416";"Universidad Complutense Madrid";Yes;Yes;;-;2;12;56;291;10;54;0,22;24,25;36,36;0;Spain;Western Europe;"Universidad Complutense Madrid";"2019-2025";"Arts and Humanities (miscellaneous); Literature and Literary Theory; Philosophy; Visual Arts and Performing Arts";"Arts and Humanities"
1007;21101087238;"ESPES";journal;"13391119";"University of Presov Faculty of Arts";Yes;Yes;;-;3;19;27;567;3;25;0,11;29,84;50,00;0;Slovakia;Eastern Europe;"University of Presov Faculty of Arts";"2021-2025";"Arts and Humanities (miscellaneous); Literature and Literary Theory; Music; Philosophy; Visual Arts and Performing Arts";"Arts and Humanities"
1008;21101158592;"Essays in French Literature and Culture";journal;"18357040";"Westerly Centre, The University of Western Australia";Yes;Yes;;-;2;8;36;219;7;32;0,00;27,38;55,56;0;Australia;Pacific Region;"Westerly Centre, The University of Western Australia";"2019-2022, 2024-2025";"Arts and Humanities (miscellaneous); Linguistics and Language; Literature and Literary Theory";"Arts and Humanities; Social Sciences"
1009;21101306317;"Essays in Romanticism";journal;"20496702, 20496699";"Liverpool University Press";No;No;;-;2;10;11;273;0;8;0,00;27,30;50,00;0;United Kingdom;Western Europe;"Liverpool University Press";"2017, 2021-2025";"Arts and Humanities (miscellaneous); Literature and Literary Theory; Visual Arts and Performing Arts";"Arts and Humanities"
1010;21101145676;"Estudios Latinoamericanos";journal;"01373080";"The Polish Society for Latin American Studies";No;No;;-;4;10;29;411;3;28;0,06;41,10;15,38;0;Poland;Eastern Europe;"The Polish Society for Latin American Studies";"2019-2024";"Anthropology; Archeology; Archeology (arts and humanities); History; Literature and Literary Theory";"Arts and Humanities; Social Sciences"
1011;21533;"Etudes Balkaniques";journal;"03241645, 25348574";"Institute of Balkan Studies and Center of Thracology Prof Alexander Fol Bulgarian Academy of Sciences";No;No;;-;3;26;99;984;6;97;0,05;37,85;81,82;0;Bulgaria;Eastern Europe;"Institute of Balkan Studies and Center of Thracology Prof Alexander Fol Bulgarian Academy of Sciences";"1973, 1999, 2019-2025";"History; Literature and Literary Theory; Religious Studies";"Arts and Humanities"
1012;21101185305;"Eudora Welty Review";journal;"19473370, 2165266X";"University of Pennsylvania Press";No;No;;-;3;16;47;192;17;5;0,52;12,00;50,00;0;United States;Northern America;"University of Pennsylvania Press";"2019-2025";"Literature and Literary Theory";"Arts and Humanities"
1013;21101124341;"Ex-position";journal;"2663032X, 27094103";"National Taiwan University Department of Foreign Languages and Literatures";No;No;;-;5;21;59;675;21;46;0,25;32,14;60,00;0;Taiwan;Asiatic Region;"National Taiwan University Department of Foreign Languages and Literatures";"2018-2025";"Arts and Humanities (miscellaneous); Literature and Literary Theory";"Arts and Humanities"
1014;21101169012;"Feminist Formations";journal;"21517363, 21517371";"Johns Hopkins University Press";No;No;;-;11;43;128;1574;82;106;0,37;36,60;82,61;1;United States;Northern America;"Johns Hopkins University Press";"2010, 2019-2025";"Cultural Studies; Gender Studies; Literature and Literary Theory; Philosophy";"Arts and Humanities; Social Sciences"
1015;21101211363;"Fictions";journal;"17213673, 1724045X";"Fabrizio Serra Editore";No;No;;-;1;8;9;202;0;5;0,00;25,25;28,57;0;Italy;Western Europe;"Fabrizio Serra Editore";"2019-2025";"Arts and Humanities (miscellaneous); Literature and Literary Theory";"Arts and Humanities"
1016;21101253663;"Fol'klor: Struktura, Tipologiia, Semiotika";journal;"26585294";"Russian State University for the Humanities";No;No;;-;3;32;45;322;1;42;0,02;10,06;59,38;0;Russian Federation;Eastern Europe;"Russian State University for the Humanities";"2020-2025";"Arts and Humanities (miscellaneous); Cultural Studies; Literature and Literary Theory";"Arts and Humanities; Social Sciences"
1017;21101158609;"Folklorica";journal;"19200234, 19200242";"Association for Slavic East European and Eurasian Studies";Yes;Yes;;-;2;5;16;152;4;13;0,23;30,40;100,00;0;United States;Northern America;"Association for Slavic East European and Eurasian Studies";"2019-2025";"Anthropology; Cultural Studies; Linguistics and Language; Literature and Literary Theory; Music";"Arts and Humanities; Social Sciences"
1018;21101290590;"Fortunatae";journal;"25308343";"Facultad de Filologia - Universidad de La Laguna";Yes;No;;-;2;15;21;572;1;21;0,05;38,13;33,33;0;Spain;Western Europe;"Facultad de Filologia - Universidad de La Laguna";"2021-2025";"Classics; Linguistics and Language; Literature and Literary Theory";"Arts and Humanities; Social Sciences"
1019;21101385374;"Global Nineteenth-Century Studies";journal;"27526623, 27526631";"Liverpool University Press";No;No;;-;1;7;0;291;0;0;0,00;41,57;50,00;0;United Kingdom;Western Europe;"Liverpool University Press";"2022-2025";"Arts and Humanities (miscellaneous); History; Literature and Literary Theory";"Arts and Humanities"
1020;21101181925;"Global South";journal;"19328656, 19328648";"Indiana University Press";No;No;;-;3;80;39;500;3;37;0,08;6,25;80,00;0;United States;Northern America;"Indiana University Press";"2019-2025";"Arts and Humanities (miscellaneous); Cultural Studies; History; Literature and Literary Theory; Political Science and International Relations";"Arts and Humanities; Social Sciences"
1021;21101115502;"Hamsa";journal;"21832633";"Centro Interdisciplinar de Historia Culturas e Sociedades da Universidade de Evora (CIDEHUS)";No;No;;-;2;4;15;159;0;15;0,00;39,75;40,00;0;Portugal;Western Europe;"Centro Interdisciplinar de Historia Culturas e Sociedades da Universidade de Evora (CIDEHUS)";"2019-2020, 2022-2025";"Anthropology; History; Literature and Literary Theory";"Arts and Humanities; Social Sciences"
1022;24121;"Harvard Journal of Asiatic Studies";journal;"19446454, 00730548";"Harvard-Yenching Institute";No;No;;-;4;8;29;169;8;24;0,09;21,13;66,67;0;United States;Northern America;"Harvard-Yenching Institute";"2001-2002, 2019-2025";"Cultural Studies; History; Literature and Literary Theory";"Arts and Humanities; Social Sciences"
1023;21101277813;"Historias Fingidas";journal;"22842667";"University of Verona, Deptarment of Foreign Languages and Literatures";Yes;Yes;;-;3;25;0;889;0;0;0,00;35,56;57,14;0;Italy;Western Europe;"University of Verona, Deptarment of Foreign Languages and Literatures";"2022-2025";"Cultural Studies; History and Philosophy of Science; Literature and Literary Theory";"Arts and Humanities; Social Sciences"
1024;21101124745;"Humanidades";journal;"15105024, 23011629";"Universidad de Montevideo";Yes;Yes;;-;3;19;57;506;1;57;0,00;26,63;50,00;1;Uruguay;Latin America;"Universidad de Montevideo";"2019-2025";"Arts and Humanities (miscellaneous); History; History and Philosophy of Science; Philosophy";"Arts and Humanities"
1025;21101147582;"Hungarian Studies Yearbook";journal;"26687542";"Sciendo";Yes;Yes;;-;3;10;30;424;9;30;0,35;42,40;58,33;0;Poland;Eastern Europe;"Sciendo";"2019-2025";"Arts and Humanities (miscellaneous); Linguistics and Language; Literature and Literary Theory";"Arts and Humanities; Social Sciences"
1026;21101134727;"HyperCultura";journal;"25592025, 22852115";"Hyperion University";Yes;Yes;;-;2;9;22;289;1;22;0,07;32,11;53,85;0;Romania;Eastern Europe;"Hyperion University";"2019-2024";"Arts and Humanities (miscellaneous); Literature and Literary Theory; Visual Arts and Performing Arts";"Arts and Humanities"
1027;21101216641;"Impossibilia";journal;"21742464";"Universidad de Granada";Yes;Yes;;-;4;20;32;578;6;30;0,19;28,90;55,00;0;Spain;Western Europe;"Universidad de Granada";"2020-2025";"Arts and Humanities (miscellaneous); Cultural Studies; Literature and Literary Theory";"Arts and Humanities; Social Sciences"
1028;21101133101;"In Gremium. Studies in History, Culture and Politics";journal;"18992722";"University of Zielona Gora Library";No;No;;-;1;15;44;458;3;44;0,07;30,53;53,33;0;Poland;Eastern Europe;"University of Zielona Gora Library";"2019-2024";"History; Linguistics and Language; Literature and Literary Theory; Philosophy";"Arts and Humanities; Social Sciences"
1029;21101234305;"International Journal of TESOL Studies";journal;"26326779, 26336898";"International Tesol Union Co., Ltd";Yes;Yes;;-;8;44;0;1609;0;0;0,00;36,57;54,69;0;United Kingdom;Western Europe;"International Tesol Union Co., Ltd";"2022-2026";"Education; Linguistics and Language; Literature and Literary Theory";"Arts and Humanities; Social Sciences"
1030;21101323187;"Iperstoria";journal;"22814582";"University of Verona, Deptarment of Foreign Languages and Literatures";No;No;;-;4;42;36;1600;3;33;0,08;38,10;66,67;0;Italy;Western Europe;"University of Verona, Deptarment of Foreign Languages and Literatures";"2021-2025";"Cultural Studies; Linguistics and Language; Literature and Literary Theory";"Arts and Humanities; Social Sciences"
1031;21101196035;"Islas";journal;"00471542, 19976720";"Central University Marta Abreu de las Villas";Yes;Yes;;-;3;32;116;696;7;106;0,06;21,75;61,54;0;Cuba;Latin America;"Central University Marta Abreu de las Villas";"2019-2026";"Arts and Humanities (miscellaneous); Linguistics and Language; Literature and Literary Theory";"Arts and Humanities; Social Sciences"
1032;21101169124;"Izvestiya RAN. Seriya Literatury i Yazyka";journal;"16057880, 24137715";"Russian Academy of Sciences";No;No;;-;4;69;159;1598;14;159;0,11;23,16;58,02;0;Russian Federation;Eastern Europe;"Russian Academy of Sciences";"2019-2024";"Linguistics and Language; Literature and Literary Theory";"Arts and Humanities; Social Sciences"
1033;21101342178;"Journal of Communication, Language and Culture";journal;"2805444X";"Multimedia University Press (MMU Press)";No;No;;-;4;9;3;389;0;3;0,00;43,22;70,00;0;Malaysia;Asiatic Region;"Multimedia University Press (MMU Press)";"2021-2026";"Communication; Cultural Studies; Linguistics and Language; Literature and Literary Theory";"Arts and Humanities; Social Sciences"
1034;21101321965;"Journal of Early Modern Studies (Romania)";journal;"22856382, 22860290";"Zeta Books";No;No;;-;3;14;10;610;4;10;0,40;43,57;25,00;0;Romania;Eastern Europe;"Zeta Books";"2021-2025";"History; History and Philosophy of Science; Literature and Literary Theory; Philosophy";"Arts and Humanities"
1035;21101150128;"Journal of European Periodical Studies";journal;"25066587";"Universiteit Gent";Yes;Yes;;-;2;24;0;489;0;0;0,00;20,38;75,76;0;Belgium;Western Europe;"Universiteit Gent";"2022-2025";"Arts and Humanities (miscellaneous); History; Linguistics and Language; Literature and Literary Theory";"Arts and Humanities; Social Sciences"
1036;21101175743;"Journal of Gender and Sexuality Studies";journal;"26379961, 2637997X";"Michigan State University Press";No;No;;-;2;20;21;771;0;18;0,00;38,55;87,50;0;United States;Northern America;"Michigan State University Press";"2017, 2019, 2021-2025";"Linguistics and Language; Literature and Literary Theory; Visual Arts and Performing Arts";"Arts and Humanities; Social Sciences"
1037;21101133340;"Journal of Global Postcolonial Studies";journal;"26438380, 26438399";"University of Florida Press";No;No;;-;6;3;25;57;2;23;0,08;19,00;50,00;0;United States;Northern America;"University of Florida Press";"2020-2025";"History; Literature and Literary Theory; Political Science and International Relations; Sociology and Political Science; Visual Arts and Performing Arts";"Arts and Humanities; Social Sciences"
1038;21101163376;"Journal of Indian Ocean World Studies";journal;"25613111";"McGill University Library";Yes;Yes;;-;4;11;30;0;6;26;0,24;0,00;50,00;0;Canada;Northern America;"McGill University Library";"2019-2025";"Anthropology; History; Literature and Literary Theory";"Arts and Humanities; Social Sciences"
1039;21101163006;"Journal of Jewish Identities";journal;"19397941, 19462522";"Johns Hopkins University Press";No;No;;-;3;11;32;938;5;31;0,09;85,27;55,56;0;United States;Northern America;"Johns Hopkins University Press";"2019-2026";"History and Philosophy of Science; Literature and Literary Theory; Philosophy; Religious Studies";"Arts and Humanities"
1040;21101121713;"Journal of Popular Romance Studies";journal;"21594473";"International Association for the Study of Popular Romance";Yes;Yes;;-;3;33;38;913;7;34;0,15;27,67;78,26;0;United States;Northern America;"International Association for the Study of Popular Romance";"2019-2025";"Arts and Humanities (miscellaneous); Communication; Cultural Studies; Literature and Literary Theory; Music; Visual Arts and Performing Arts";"Arts and Humanities; Social Sciences"
1041;21101264309;"Journal of Studies in the English Language";journal;"2672989X";"Thammasat University";No;No;;-;5;6;22;213;7;18;0,32;35,50;66,67;0;Thailand;Asiatic Region;"Thammasat University";"2020-2025";"Arts and Humanities (miscellaneous); Cultural Studies; Linguistics and Language; Literature and Literary Theory";"Arts and Humanities; Social Sciences"
1042;21101257850;"Journal of the African Literature Association";journal;"21674736, 21674744";"Taylor and Francis";No;No;;-;6;37;70;1022;17;68;0,24;27,62;46,15;0;Australia;Pacific Region;"Taylor and Francis";"2014, 2018-2026";"Cultural Studies; Literature and Literary Theory";"Arts and Humanities; Social Sciences"
1043;21101294615;"Journal of the Society for Asian Humanities";journal;"26530856";"Australian Society for Asian Humanities";No;No;;-;3;12;15;220;0;14;0,00;18,33;60,00;0;Australia;Pacific Region;"Australian Society for Asian Humanities";"2021-2024";"History; Literature and Literary Theory; Philosophy; Visual Arts and Performing Arts";"Arts and Humanities"
1044;21101340510;"Journal of the Sylvia Townsend Warner Society";journal;"14751674, 23980605";"UCL Press";Yes;No;;-;2;5;6;45;0;5;0,00;9,00;0,00;0;United Kingdom;Western Europe;"UCL Press";"2021-2025";"History; Literature and Literary Theory";"Arts and Humanities"
1045;21101323183;"Jurnal Gramatika";journal;"24428485, 24606316";"Universitas PGRI Sumatera Barat";Yes;No;;-;3;20;0;725;0;0;0,00;36,25;54,55;0;Indonesia;Asiatic Region;"Universitas PGRI Sumatera Barat";"2022-2025";"Education; Linguistics and Language; Literature and Literary Theory; Psychology (miscellaneous)";"Arts and Humanities; Psychology; Social Sciences"
1046;21101210636;"Jurnal Kajian Bali";journal;"25800698, 20884443";"Udayana University";Yes;Yes;;-;6;30;81;1070;51;81;0,72;35,67;31,25;0;Indonesia;Asiatic Region;"Udayana University";"2019-2025";"Arts and Humanities (miscellaneous); Cultural Studies; History; Literature and Literary Theory; Music; Tourism, Leisure and Hospitality Management";"Arts and Humanities; Business, Management and Accounting; Social Sciences"
1047;21101087229;"Latina et Graeca";journal;"0350414X, 27182843";"Institute for Classical Languages and Ancient Civilization Latina et Graeca";Yes;Yes;;-;1;23;90;215;0;84;0,00;9,35;45,00;0;Croatia;Eastern Europe;"Institute for Classical Languages and Ancient Civilization Latina et Graeca";"2019-2025";"Archeology (arts and humanities); Classics; History; Linguistics and Language; Literature and Literary Theory";"Arts and Humanities; Social Sciences"
1048;21101115666;"Latvijas Nacionalas Bibliotekas Zinatniskie Raksti";journal;"26615134, 16915941";"National Library of Latvia";No;No;;-;1;25;60;619;2;40;0,03;24,76;86,67;0;Latvia;Eastern Europe;"National Library of Latvia";"2020-2024";"History; Library and Information Sciences; Literature and Literary Theory";"Arts and Humanities; Social Sciences"
1049;21101152749;"Lejana";journal;"20616678";"Eotvos Lorand Tudomanyegyetem";Yes;Yes;;-;2;11;38;162;1;37;0,03;14,73;16,67;0;Hungary;Eastern Europe;"Eotvos Lorand Tudomanyegyetem";"2019-2025";"Literature and Literary Theory";"Arts and Humanities"
1050;21101160757;"Letteratura e Dialetti";journal;"20353316, 1974868X";"Fabrizio Serra Editore";No;No;;-;1;15;22;1;0;21;0,00;0,07;38,46;0;Italy;Western Europe;"Fabrizio Serra Editore";"2020-2025";"Linguistics and Language; Literature and Literary Theory";"Arts and Humanities; Social Sciences"
1051;21101314097;"Limite";journal;"22537929, 18884067";"Universidad de Extremadura";No;No;;-;1;19;15;342;0;11;0,00;18,00;75,00;0;Spain;Western Europe;"Universidad de Extremadura";"2021-2025";"Linguistics and Language; Literature and Literary Theory";"Arts and Humanities; Social Sciences"
1052;21101184653;"Litera (Turkey)";journal;"13040057, 26022117";"Istanbul University Press";Yes;Yes;;-;1;41;0;1150;0;0;0,00;28,05;72,09;0;Turkey;Middle East;"Istanbul University Press";"2022-2025";"Cultural Studies; Linguistics and Language; Literature and Literary Theory";"Arts and Humanities; Social Sciences"
1053;21101193859;"Literary Fact";journal;"25422421, 25418297";"Russian Academy of Sciences-A.M. Gorky Institute of World Literature";Yes;Yes;;-;4;45;179;1001;13;176;0,08;22,24;56,52;0;Russian Federation;Eastern Europe;"Russian Academy of Sciences-A.M. Gorky Institute of World Literature";"2019-2025";"Literature and Literary Theory";"Arts and Humanities"
1054;21101274395;"Literature, Critique, and Empire Today";journal;"30333962, 30333970";"SAGE Publications Ltd";No;No;;-;23;57;135;5263;52;123;0,32;92,33;59,02;0;United Kingdom;Western Europe;"SAGE Publications Ltd";"2024-2026";"Literature and Literary Theory";"Arts and Humanities"
1055;21101117322;"Literature of the Americas";journal;"2542243X, 25417894";"Russian Academy of Sciences-A.M. Gorky Institute of World Literature";Yes;Yes;;-;3;32;84;660;6;84;0,05;20,63;62,07;0;Russian Federation;Eastern Europe;"Russian Academy of Sciences-A.M. Gorky Institute of World Literature";"2019-2025";"Literature and Literary Theory";"Arts and Humanities"
1056;21101226496;"Lituanistica";journal;"0235716X, 24244716";"Lithuanian Academy of Sciences Publishers";No;No;;-;3;17;39;778;6;39;0,15;45,76;60,00;0;Lithuania;Eastern Europe;"Lithuanian Academy of Sciences Publishers";"2020-2025";"Anthropology; Archeology; Archeology (arts and humanities); History; Literature and Literary Theory";"Arts and Humanities; Social Sciences"
1057;21101176722;"LLT Journal: Journal on Language and Language Teaching";journal;"14107201, 25799533";"Sanata Dharma University";Yes;Yes;;-;8;54;47;1984;12;47;0,26;36,74;54,84;0;Indonesia;Asiatic Region;"Sanata Dharma University";"2021-2025";"Education";"Social Sciences"
1058;21101131041;"Luziana";journal;"25326376, 25327585";"Fabrizio Serra Editore Srl";No;No;;-;2;9;30;204;0;27;0,00;22,67;57,14;0;Italy;Western Europe;"Fabrizio Serra Editore Srl";"2019-2025";"History; Linguistics and Language; Literature and Literary Theory; Visual Arts and Performing Arts";"Arts and Humanities; Social Sciences"
1059;21101157230;"Magazen";journal;"27243923";"Fondazione Universita Ca Foscari";Yes;Yes;;-;7;15;26;546;12;23;0,46;36,40;50,00;0;Italy;Western Europe;"Fondazione Universita Ca Foscari";"2020-2025";"Archeology; Archeology (arts and humanities); History; Literature and Literary Theory; Museology";"Arts and Humanities; Social Sciences"
1060;21101196044;"Mashriq and Mahjar";journal;"21694435";"North Carolina State University";Yes;Yes;;-;5;13;29;463;9;26;0,31;35,62;50,00;2;United States;Northern America;"North Carolina State University";"2019-2025";"Arts and Humanities (miscellaneous); History; Literature and Literary Theory; Visual Arts and Performing Arts";"Arts and Humanities"
1061;21101176935;"Mester";journal;"01602764";"UCLA Department of Foreign Languages";No;No;;-;1;9;0;191;0;0;0,00;21,22;80,00;0;United States;Northern America;"UCLA Department of Foreign Languages";"2022";"Cultural Studies; Linguistics and Language; Literature and Literary Theory";"Arts and Humanities; Social Sciences"
1062;21101139564;"Metafora";journal;"26174839";"Asociacion Peruana de Retorica";Yes;Yes;;-;2;29;57;453;1;46;0,00;15,62;45,83;0;Peru;Latin America;"Asociacion Peruana de Retorica";"2019-2025";"Linguistics and Language; Literature and Literary Theory";"Arts and Humanities; Social Sciences"
1063;21101115403;"Ming Qing Yanjiu";journal;"24684791, 17248574";"Brill Academic Publishers";No;No;;-;7;8;26;451;4;23;0,06;56,38;55,56;0;Netherlands;Western Europe;"Brill Academic Publishers";"1992-2003, 2005-2007, 2011-2013, 2015-2025";"History; Linguistics and Language; Literature and Literary Theory";"Arts and Humanities; Social Sciences"
1064;21101264303;"Miqot: Jurnal Ilmu-ilmu Keislaman";journal;"25023616, 08520720";"Universitas Islam Negeri Sumatera Utara";Yes;No;;-;5;16;54;677;6;54;0,11;42,31;25,00;0;Indonesia;Asiatic Region;"Universitas Islam Negeri Sumatera Utara";"2020-2026";"Cultural Studies; History; Literature and Literary Theory; Religious Studies";"Arts and Humanities; Social Sciences"
1065;21101196041;"Monteagudo";journal;"05806712, 19896166";"Universidad de Murcia";No;Yes;;-;2;22;90;616;2;37;0,02;28,00;52,17;0;Spain;Western Europe;"Universidad de Murcia";"2019-2025";"Arts and Humanities (miscellaneous); Linguistics and Language; Literature and Literary Theory; Visual Arts and Performing Arts";"Arts and Humanities; Social Sciences"
1066;21101169020;"Mythlore";journal;"01469339";"The Mythopoeic Society";No;No;;-;4;29;72;825;11;58;0,18;28,45;40,00;0;United States;Northern America;"The Mythopoeic Society";"2019-2025";"Literature and Literary Theory";"Arts and Humanities"
1067;21101211870;"Napis";journal;"27194191, 15074153";"Institute of Literary Research Polish Academy of Sciences";Yes;Yes;;-;1;25;0;667;0;0;0,00;26,68;66,67;0;Poland;Eastern Europe;"Institute of Literary Research Polish Academy of Sciences";"2022-2025";"Arts and Humanities (miscellaneous); Linguistics and Language; Literature and Literary Theory";"Arts and Humanities; Social Sciences"
1068;21101212712;"New English Teacher";journal;"29850959, 19057725";"Theodore Maria School of Arts, Assumption University";No;No;;-;4;16;27;396;8;23;0,30;24,75;41,67;0;Thailand;Asiatic Region;"Theodore Maria School of Arts, Assumption University";"2020-2025";"Linguistics and Language; Literature and Literary Theory";"Arts and Humanities; Social Sciences"
1069;21101375568;"New Horizons in English Studies";journal;"25438980";"Faculty of Humanities, Maria Curie-Sklodowska University Press";Yes;No;;-;2;12;15;423;5;15;0,33;35,25;64,29;0;Poland;Eastern Europe;"Faculty of Humanities, Maria Curie-Sklodowska University Press";"2021-2025";"Cultural Studies; Linguistics and Language; Literature and Literary Theory";"Arts and Humanities; Social Sciences"
1070;21101116676;"Nineteenth-Century Gender Studies";journal;"15567524";"";Yes;Yes;;-;5;24;91;537;15;88;0,18;22,38;87,50;0;United States;Northern America;"";"2019-2025";"Gender Studies; Linguistics and Language; Literature and Literary Theory";"Arts and Humanities; Social Sciences"
1071;21101264300;"Norba. Revista de Arte";journal;"02132214, 2660714X";"Universidad de Extremadura";Yes;Yes;;-;3;21;18;500;1;17;0,06;23,81;45,83;0;Spain;Western Europe;"Universidad de Extremadura";"2021-2025";"Arts and Humanities (miscellaneous); Cultural Studies; Literature and Literary Theory";"Arts and Humanities; Social Sciences"
1072;21101176026;"Nordic Journal of African Studies";journal;"14599465";"";Yes;Yes;;-;5;20;55;1063;12;53;0,16;53,15;46,15;0;Denmark;Western Europe;"";"2019-2025";"Cultural Studies; History; Linguistics and Language; Literature and Literary Theory";"Arts and Humanities; Social Sciences"
1073;21101160750;"Nordic Journal of Childlit Aesthetics";journal;"20007493";"Scandinavian University Press";Yes;Yes;;-;4;12;30;298;6;28;0,16;24,83;100,00;0;Norway;Western Europe;"Scandinavian University Press";"2019-2025";"Literature and Literary Theory";"Arts and Humanities"
1074;21101340509;"Nordlit: Tidsskrift i litteratur og kultur";journal;"15032086, 08091668";"Septentrio Academic Publishing";Yes;No;;-;2;22;13;605;0;12;0,00;27,50;47,62;0;Norway;Western Europe;"Septentrio Academic Publishing";"2021-2025";"Arts and Humanities (miscellaneous); Literature and Literary Theory";"Arts and Humanities"
1075;21101105298;"Ogigia";journal;"18873731";"Universidad de Valladolid";Yes;Yes;;-;6;19;59;605;33;56;0,10;31,84;60,00;0;Spain;Western Europe;"Universidad de Valladolid";"2019-2025";"Education; Linguistics and Language; Literature and Literary Theory";"Arts and Humanities; Social Sciences"
1076;21101274759;"Oltreoceano";journal;"19724527, 19739370";"";No;No;;-;2;35;64;612;1;54;0,02;17,49;93,10;0;Italy;Western Europe;"";"2020-2025";"Linguistics and Language; Literature and Literary Theory";"Arts and Humanities; Social Sciences"
1077;5800207851;"Onoma";journal;"17831644, 0078463X";"Mega Publishing House";No;No;;-;6;17;14;817;3;13;0,21;48,06;47,37;0;Belgium;Western Europe;"Mega Publishing House";"2011-2012, 2021-2025";"History; Linguistics and Language; Literature and Literary Theory";"Arts and Humanities; Social Sciences"
1078;21101196740;"Osmanli Mirasi Arastirmalari Dergisi";journal;"21485704";"";Yes;Yes;;-;2;28;57;1191;2;57;0,04;42,54;46,15;0;Turkey;Middle East;"";"2020-2025";"Arts and Humanities (miscellaneous); History; Linguistics and Language; Literature and Literary Theory; Music";"Arts and Humanities; Social Sciences"
1079;21101108619;"Pamietnik Teatralny";journal;"00310522, 26582899";"Institute of Art, Polish Academy of Sciences";Yes;Yes;;-;3;34;111;647;6;106;0,07;19,03;62,50;0;Poland;Eastern Europe;"Institute of Art, Polish Academy of Sciences";"2019-2025";"Arts and Humanities (miscellaneous); Literature and Literary Theory; Visual Arts and Performing Arts";"Arts and Humanities"
1080;21101277828;"Paykareh";journal;"23224622, 25886789";"Shahid Chamran University of Ahvaz";Yes;No;;-;2;20;45;426;1;45;0,02;21,30;35,90;0;Iran;Middle East;"Shahid Chamran University of Ahvaz";"2020-2025";"Arts and Humanities (miscellaneous); Education; Literature and Literary Theory";"Arts and Humanities; Social Sciences"
1081;21101116673;"Perifrasis";journal;"21458987, 21459045";"Universidad de los Andes, Colombia";Yes;Yes;;-;4;32;56;791;7;51;0,10;24,72;66,67;0;Colombia;Latin America;"Universidad de los Andes, Colombia";"2011, 2019-2026";"Literature and Literary Theory";"Arts and Humanities"
1082;21101158605;"Persica Antiqua";journal;"27832295, 27832732";"Tissaphernes Archaeological Research Group";No;No;;-;4;10;7;400;1;7;0,14;40,00;9,52;0;Iran;Middle East;"Tissaphernes Archaeological Research Group";"2021-2026";"Archeology; Archeology (arts and humanities); History; Linguistics and Language; Literature and Literary Theory; Religious Studies";"Arts and Humanities; Social Sciences"
1083;21101121581;"Pessoa Plural";journal;"22124179";"Brown University";Yes;Yes;;-;5;26;67;1096;7;64;0,16;42,15;23,08;0;United States;Northern America;"Brown University";"2019-2025";"History; Linguistics and Language; Literature and Literary Theory";"Arts and Humanities; Social Sciences"
1084;21101194646;"Petrarchesca";journal;"22839437, 22815643";"Fabrizio Serra Editore";No;No;;-;1;11;0;0;0;0;0,00;0,00;45,45;0;Italy;Western Europe;"Fabrizio Serra Editore";"2022-2025";"Linguistics and Language; Literature and Literary Theory";"Arts and Humanities; Social Sciences"
1085;21101119578;"Philological Class";journal;"20712405, 26585235";"Ural State Pedagogical University";Yes;Yes;;-;4;87;306;1831;18;305;0,06;21,05;75,63;0;Russian Federation;Eastern Europe;"Ural State Pedagogical University";"2019-2025";"Education; Linguistics and Language; Literature and Literary Theory";"Arts and Humanities; Social Sciences"
1086;21101257865;"Philosophical Letters. Russian and European Dialogue";journal;"26585413";"National Research University Higher School of Economics (HSE University)";No;No;;-;2;48;98;772;5;91;0,05;16,08;46,94;0;Russian Federation;Eastern Europe;"National Research University Higher School of Economics (HSE University)";"2020-2025";"Arts and Humanities (miscellaneous); History; Literature and Literary Theory; Philosophy";"Arts and Humanities"
1087;21101199358;"Poligramas";journal;"25909207";"Universidad del Valle";Yes;Yes;;-;2;26;59;627;0;52;0,00;24,12;42,11;0;Colombia;Latin America;"Universidad del Valle";"2019-2026";"Literature and Literary Theory";"Arts and Humanities"
1088;21473;"Polish Review";journal;"00322970, 23300841";"University of Illinois Press";No;No;;-;4;34;78;0;11;71;0,09;0,00;37,04;0;United States;Northern America;"University of Illinois Press";"1986, 2019-2025";"Cultural Studies; History; Literature and Literary Theory; Sociology and Political Science";"Arts and Humanities; Social Sciences"
1089;21101171603;"Poljarnyj Vestnik";journal;"18909671";"Septentrio Academic Publishing";Yes;Yes;;-;1;8;9;225;2;9;0,20;28,13;66,67;0;Norway;Western Europe;"Septentrio Academic Publishing";"2019-2025";"Arts and Humanities (miscellaneous); Cultural Studies; Linguistics and Language; Literature and Literary Theory";"Arts and Humanities; Social Sciences"
1090;21101321962;"Postscriptum Polonistyczne";journal;"23539844, 18981593";"Wydawnictwo Uniwersytetu Slaskiego";Yes;No;;-;2;34;35;558;1;34;0,03;16,41;72,22;0;Poland;Eastern Europe;"Wydawnictwo Uniwersytetu Slaskiego";"2021-2025";"Arts and Humanities (miscellaneous); Education; Linguistics and Language; Literature and Literary Theory";"Arts and Humanities; Social Sciences"
1091;21101204532;"Prace Literaturoznawcze";journal;"24500798, 23535164";"University of Warmia and Mazury";No;No;;-;1;19;41;596;2;40;0,05;31,37;31,58;0;Poland;Eastern Europe;"University of Warmia and Mazury";"2020-2025";"Education; Linguistics and Language; Literature and Literary Theory";"Arts and Humanities; Social Sciences"
1092;21101393343;"Prilozi za orijentalnu filologiju";journal;"23038586, 05551153";"University of Sarajevo - Oriental Institute";No;No;;-;2;11;0;269;0;0;0,00;24,45;50,00;0;Bosnia and Herzegovina;Eastern Europe;"University of Sarajevo - Oriental Institute";"2022-2023, 2025";"History; Linguistics and Language; Literature and Literary Theory; Religious Studies";"Arts and Humanities; Social Sciences"
1093;21101128456;"Problemy Istoricheskoy Poetiki";journal;"10269479, 24114642";"Petrozavodsk State University";Yes;Yes;;-;6;64;181;1436;58;181;0,33;22,44;79,45;0;Russian Federation;Eastern Europe;"Petrozavodsk State University";"2019-2026";"Literature and Literary Theory";"Arts and Humanities"
1094;21101146393;"Quaderns d'Italia";journal;"11359730, 20148828";"Universitat Autonoma de Barcelona";Yes;Yes;;-;1;16;43;348;1;40;0,04;21,75;36,36;0;Spain;Western Europe;"Universitat Autonoma de Barcelona";"2019-2024";"Arts and Humanities (miscellaneous); Linguistics and Language; Literature and Literary Theory";"Arts and Humanities; Social Sciences"
1095;21101163015;"Quetes Litteraires";journal;"2657487X, 20848099";"John Paul II Catholic University of Lublin";Yes;Yes;;-;2;22;18;405;1;17;0,06;18,41;54,17;0;Poland;Eastern Europe;"John Paul II Catholic University of Lublin";"2012, 2021-2025";"History; Literature and Literary Theory";"Arts and Humanities"
1096;19700182737;"Red Cedar Review";journal;"00341967, 15546721";"Michigan State University Press";No;No;;-;1;10;9;0;0;4;0,00;0,00;60,00;0;United States;Northern America;"Michigan State University Press";"2010-2012, 2014-2017, 2019, 2021-2025";"Literature and Literary Theory";"Arts and Humanities"
1097;21101122878;"Revista de Comunicacao e Linguagens";journal;"21837198";"The Institute of Communication of NOVA, ICNOVA of  the Universidade NOVA from Lisbon";No;Yes;;-;2;9;74;162;2;67;0,02;18,00;33,33;0;Portugal;Western Europe;"The Institute of Communication of NOVA, ICNOVA of  the Universidade NOVA from Lisbon";"2019-2025";"Arts and Humanities (miscellaneous); Literature and Literary Theory; Philosophy; Visual Arts and Performing Arts";"Arts and Humanities"
1098;21101131179;"Revista Galega de Filoloxia";journal;"24449121, 15762661";"Universidade da Coruna";Yes;Yes;;-;1;15;20;353;2;20;0,13;23,53;56,25;0;Spain;Western Europe;"Universidade da Coruna";"2019-2025";"Linguistics and Language; Literature and Literary Theory";"Arts and Humanities; Social Sciences"
1099;78476;"Rheinisches Museum fur Philologie";journal;"0035449X";"J. D. Sauerlaenders Publishing House";No;No;;-;11;22;65;1051;7;64;0,10;47,77;9,09;0;Germany;Western Europe;"J. D. Sauerlaenders Publishing House";"1971-1972, 1974, 1976-1978, 1981-1982, 1986, 2002-2012, 2015-2016, 2019-2022";"Classics; Linguistics and Language; Literature and Literary Theory";"Arts and Humanities; Social Sciences"
1100;17447;"Roczniki Humanistyczne";journal;"25445200, 00357707";"Towarzystwo Naukowe KUL";No;No;;-;4;160;545;4080;33;527;0,06;25,50;64,63;0;Poland;Eastern Europe;"Towarzystwo Naukowe KUL";"1983, 2018-2026";"History; Linguistics and Language; Literature and Literary Theory; Visual Arts and Performing Arts";"Arts and Humanities; Social Sciences"
1101;21101122861;"Romanica Olomucensia";journal;"18034136, 25710966";"Palacky University Olomouc";Yes;Yes;;-;4;23;71;532;12;67;0,21;23,13;54,17;0;Czech Republic;Eastern Europe;"Palacky University Olomouc";"2019-2025";"Linguistics and Language; Literature and Literary Theory";"Arts and Humanities; Social Sciences"
1102;21101190203;"Rotura: Journal of Communication, Culture and Arts";journal;"21848661";"University of Algarve Research Centre for Arts and Communication";Yes;Yes;;-;3;20;27;441;6;25;0,22;22,05;55,00;0;Portugal;Western Europe;"University of Algarve Research Centre for Arts and Communication";"2021-2025";"Linguistics and Language; Literature and Literary Theory; Visual Arts and Performing Arts";"Arts and Humanities; Social Sciences"
1103;21101151856;"RUDN Journal of Studies in Literature and Journalism";journal;"23129220, 23129247";"RUDN University";Yes;Yes;;-;4;69;223;1145;19;219;0,08;16,59;63,92;0;Russian Federation;Eastern Europe;"RUDN University";"2019-2025";"Communication; Linguistics and Language; Literature and Literary Theory";"Arts and Humanities; Social Sciences"
1104;21101168875;"Russian Japanology Review";journal;"26586789, 26586444";"Association of Japanologists";Yes;Yes;;-;2;12;37;234;1;36;0,04;19,50;71,43;0;Russian Federation;Eastern Europe;"Association of Japanologists";"2019-2025";"Arts and Humanities (miscellaneous); History; Literature and Literary Theory; Political Science and International Relations";"Arts and Humanities; Social Sciences"
1105;21101180706;"RussianStudiesHu";journal;"26770660, 26771640";"Eotvos Lorand University Faculty of Arts, Russian Studies Center";Yes;Yes;;-;2;23;29;1604;20;29;0,69;69,74;23,81;0;Hungary;Eastern Europe;"Eotvos Lorand University Faculty of Arts, Russian Studies Center";"2020-2025";"History; Linguistics and Language; Literature and Literary Theory; Political Science and International Relations";"Arts and Humanities; Social Sciences"
1106;21101132454;"Scripta and E-Scripta";journal;"1312238X, 26033364";"Institute for Literature, Bulgarian Academy of Sciences";No;No;;-;3;17;45;702;10;45;0,22;41,29;55,56;0;Bulgaria;Eastern Europe;"Institute for Literature, Bulgarian Academy of Sciences";"2020-2025";"Computer Science Applications; History; Linguistics and Language; Literature and Literary Theory";"Arts and Humanities; Computer Science; Social Sciences"
1107;21101162887;"Shakespeare Bulletin";journal;"07482558, 19311427";"Johns Hopkins University Press";No;No;;-;6;24;98;862;14;94;0,10;35,92;64,00;0;United States;Northern America;"Johns Hopkins University Press";"2019-2025";"Literature and Literary Theory; Visual Arts and Performing Arts";"Arts and Humanities"
1108;21101366460;"Shandean";journal;"30494788";"Liverpool University Press";No;No;;-;2;15;12;128;0;9;0,00;8,53;38,46;0;United Kingdom;Western Europe;"Liverpool University Press";"2018-2022, 2024-2025";"Literature and Literary Theory";"Arts and Humanities"
1109;21101158886;"Shejzat";journal;"25179624";"Centre for Albanian Studies Shejzat - Pleiades";No;No;;-;1;23;0;757;0;0;0,00;32,91;35,00;0;Albania;Eastern Europe;"Centre for Albanian Studies Shejzat - Pleiades";"2022-2025";"Arts and Humanities (miscellaneous); History; Linguistics and Language; Literature and Literary Theory";"Arts and Humanities; Social Sciences"
1110;21101243355;"Slavic Literatures";journal;"29503965";"Elsevier B.V.";No;No;;-;10;41;123;2088;24;115;0,23;50,93;46,51;0;Netherlands;Western Europe;"Elsevier B.V.";"2024-2025";"Literature and Literary Theory";"Arts and Humanities"
1111;21101254068;"Slavic World in the Third Millennium";journal;"2782442X, 24126446";"Institute for Slavic Studies of the Russian Academy of Sciences";Yes;Yes;;-;2;27;30;406;2;30;0,07;15,04;54,84;0;Russian Federation;Eastern Europe;"Institute for Slavic Studies of the Russian Academy of Sciences";"2021-2025";"Arts and Humanities (miscellaneous); History; Linguistics and Language; Literature and Literary Theory; Social Sciences (miscellaneous)";"Arts and Humanities; Social Sciences"
1112;21101197625;"Sociolinguistica";journal;"1865939X, 09331883";"Walter de Gruyter GmbH";No;No;;-;7;16;18;794;4;17;0,43;49,63;38,89;0;Germany;Western Europe;"Walter de Gruyter GmbH";"2017-2025";"Linguistics and Language; Literature and Literary Theory";"Arts and Humanities; Social Sciences"
1113;21212;"Spagna Contemporanea";journal;"11217480, 27857743";"Viella";No;No;;-;3;14;51;395;1;40;0,00;28,21;30,00;0;Italy;Western Europe;"Viella";"1997, 2002, 2019-2024";"Arts and Humanities (miscellaneous); Cultural Studies; History; Literature and Literary Theory";"Arts and Humanities; Social Sciences"
1114;21101115710;"Strenae";journal;"21099081";"French Association for Research on Children's Books and Cultural Objects (AFRELOCE)";Yes;Yes;;-;2;26;100;574;6;94;0,07;22,08;44,00;0;France;Western Europe;"French Association for Research on Children's Books and Cultural Objects (AFRELOCE)";"2019-2025";"Arts and Humanities (miscellaneous); Literature and Literary Theory; Visual Arts and Performing Arts";"Arts and Humanities"
1115;21101224033;"Studi Ispanici";journal;"0585492X, 17241588";"Fabrizio Serra Editore";No;No;;-;3;20;58;361;0;55;0,00;18,05;35,29;0;Italy;Western Europe;"Fabrizio Serra Editore";"2019-2025";"Arts and Humanities (miscellaneous); Linguistics and Language; Literature and Literary Theory";"Arts and Humanities; Social Sciences"
1116;21101121915;"Studi Pasoliniani";journal;"19733232, 1972473X";"Fabrizio Serra Editore Srl";No;No;;-;2;23;25;429;4;25;0,14;18,65;30,00;0;Italy;Western Europe;"Fabrizio Serra Editore Srl";"2019-2025";"Linguistics and Language; Literature and Literary Theory";"Arts and Humanities; Social Sciences"
1117;21101088442;"Studi Rinascimentali";journal;"17246164, 18241948";"Fabrizio Serra Editore Srl";No;No;;-;2;1;34;0;2;33;0,08;0,00;50,00;0;Italy;Western Europe;"Fabrizio Serra Editore Srl";"2019-2025";"Arts and Humanities (miscellaneous); Classics; Linguistics and Language; Literature and Literary Theory";"Arts and Humanities; Social Sciences"
1118;21100894502;"Studia Graeco-Arabica";journal;"2239012X, 22812687";"Pacini Editore Srl";No;No;;-;3;13;8;677;2;8;0,00;52,08;38,46;0;Italy;Western Europe;"Pacini Editore Srl";"2018-2019, 2021-2024";"Linguistics and Language; Literature and Literary Theory";"Arts and Humanities; Social Sciences"
1119;21101223021;"Studia Romanica et Anglica Zagrabiensia";journal;"18491421, 00393339";"University of Zagreb Faculty of Humanities and Social Sciences";Yes;Yes;;-;2;10;98;280;1;98;0,01;28,00;64,29;0;Croatia;Eastern Europe;"University of Zagreb Faculty of Humanities and Social Sciences";"2020-2024";"Linguistics and Language; Literature and Literary Theory";"Arts and Humanities; Social Sciences"
1120;21101183495;"Studia Romanistica";journal;"18036406, 25710265";"University of Ostrava";Yes;Yes;;-;2;9;0;150;0;0;0,00;16,67;71,43;0;Czech Republic;Eastern Europe;"University of Ostrava";"2022-2025";"Arts and Humanities (miscellaneous); Linguistics and Language; Literature and Literary Theory";"Arts and Humanities; Social Sciences"
1121;21101199908;"Studia Slavica (Czech Republic)";journal;"18035663, 25710281";"University of Ostrava, Faculty of Arts";Yes;Yes;;-;3;18;0;315;0;0;0,00;17,50;50,00;0;Czech Republic;Eastern Europe;"University of Ostrava, Faculty of Arts";"2022-2025";"Linguistics and Language; Literature and Literary Theory";"Arts and Humanities; Social Sciences"
1122;21101252314;"Studies in the Fantastic";journal;"19427190, 24703486";"The University of Tampa Press";No;No;;-;2;12;20;183;9;17;0,45;15,25;57,14;0;United States;Northern America;"The University of Tampa Press";"2020-2024";"Arts and Humanities (miscellaneous); Literature and Literary Theory; Visual Arts and Performing Arts";"Arts and Humanities"
1123;16100154744;"Studies in the Literary Imagination";journal;"21652678, 00393819";"Georgia State University, Department of English";No;No;;-;11;7;23;229;0;21;0,00;32,71;57,14;0;United States;Northern America;"Georgia State University, Department of English";"2002-2022";"Literature and Literary Theory";"Arts and Humanities"
1124;21101085528;"Suvannabhumi: Multidisciplinary Journal of Southeast Asian Studies";journal;"27997839, 2092738X";"Busan University of Foreign Studies";No;No;;-;4;22;40;841;2;38;0,07;38,23;24,14;0;South Korea;Asiatic Region;"Busan University of Foreign Studies";"2019-2025";"Anthropology; Archeology; Archeology (arts and humanities); History; Linguistics and Language; Literature and Literary Theory";"Arts and Humanities; Social Sciences"
1125;21101316726;"Syuzhetologiya i Syuzhetografiya";journal;"24107883, 27133133";"Siberian Branch of the Russian Academy of Sciences, Institute of Philology";No;No;;-;2;13;0;263;0;0;0,00;20,23;83,33;0;Russian Federation;Eastern Europe;"Siberian Branch of the Russian Academy of Sciences, Institute of Philology";"2022-2025";"Literature and Literary Theory";"Arts and Humanities"
1126;21101156911;"TAPA";journal;"25757199, 25757180";"Johns Hopkins University Press";No;No;;-;5;10;8;655;5;8;0,50;65,50;0,00;0;United States;Northern America;"Johns Hopkins University Press";"2016, 2019, 2021-2025";"Classics; Linguistics and Language; Literature and Literary Theory";"Arts and Humanities; Social Sciences"
1127;21101303339;"Textyles";journal;"22952667, 07760116";"Ker Editions";No;No;;-;1;28;25;333;0;18;0,00;11,89;33,33;0;Belgium;Western Europe;"Ker Editions";"2021-2025";"Literature and Literary Theory";"Arts and Humanities"
1128;21101163016;"Theory Now";journal;"26052822";"Universidad de Granada";Yes;Yes;;-;5;29;82;967;21;76;0,31;33,34;32,14;0;Spain;Western Europe;"Universidad de Granada";"2019-2026";"Literature and Literary Theory; Philosophy";"Arts and Humanities"
1129;21101259371;"Tiyatro Elestirmenligi ve Dramaturji Bolumu Dergisi";journal;"26874636";"Istanbul University Press";Yes;Yes;;-;1;15;0;443;0;0;0,00;29,53;62,50;0;Turkey;Middle East;"Istanbul University Press";"2022-2025";"Literature and Literary Theory";"Arts and Humanities"
1130;21101166963;"Translation Matters";journal;"21844585";"University of Porto Faculty of Arts and Humanities";No;Yes;;-;6;20;60;493;13;52;0,22;24,65;50,00;0;Portugal;Western Europe;"University of Porto Faculty of Arts and Humanities";"2019-2025";"Linguistics and Language; Literature and Literary Theory";"Arts and Humanities; Social Sciences"
1131;21101163378;"Trasvases Entre la Literatura y el Cine";journal;"2695639X";"Universidad de Malaga";Yes;Yes;;-;3;12;59;266;8;59;0,17;22,17;35,71;0;Spain;Western Europe;"Universidad de Malaga";"2019-2025";"Arts and Humanities (miscellaneous); Linguistics and Language; Literature and Literary Theory";"Arts and Humanities; Social Sciences"
1132;21101220433;"Tre Corone";journal;"22835768, 24210277";"Fabrizio Serra Editore";No;No;;-;3;9;26;58;6;23;0,22;6,44;25,00;0;Italy;Western Europe;"Fabrizio Serra Editore";"2019-2025";"Arts and Humanities (miscellaneous); Linguistics and Language; Literature and Literary Theory";"Arts and Humanities; Social Sciences"
1133;21101192893;"Two Centuries of the Russian Classics";journal;"26867494";"Russian Academy of Sciences-A.M. Gorky Institute of World Literature";Yes;Yes;;-;5;49;99;511;23;98;0,24;10,43;64,44;0;Russian Federation;Eastern Europe;"Russian Academy of Sciences-A.M. Gorky Institute of World Literature";"2019-2025";"Literature and Literary Theory";"Arts and Humanities"
1134;21101219809;"Umjetnost Rijeci";journal;"18491693";"Croatian Philological Society";Yes;Yes;;-;1;8;0;370;0;0;0,00;46,25;33,33;0;Croatia;Eastern Europe;"Croatian Philological Society";"2022-2025";"Arts and Humanities (miscellaneous); Literature and Literary Theory; Visual Arts and Performing Arts";"Arts and Humanities"
1135;21101220039;"Utafiti: Journal of African Perspectives";journal;"0856096X, 26836408";"Brill Academic Publishers";No;No;;-;4;15;49;737;10;49;0,19;49,13;18,75;0;Netherlands;Western Europe;"Brill Academic Publishers";"2018-2025";"Arts and Humanities (miscellaneous); History; Literature and Literary Theory; Philosophy";"Arts and Humanities"
1136;21101291059;"Vienna Journal of East Asian Studies";journal;"2521702X, 25217038";"Brill Academic Publishers";No;No;;-;6;8;24;535;8;24;0,38;66,88;20,00;0;Netherlands;Western Europe;"Brill Academic Publishers";"2011-2022, 2024-2025";"Cultural Studies; Literature and Literary Theory; Social Sciences (miscellaneous)";"Arts and Humanities; Social Sciences"
1137;6400153188;"Women";journal;"14701367, 09574042";"Informa UK Ltd";No;No;;-;19;18;73;499;11;69;0,13;27,72;78,57;0;United Kingdom;Western Europe;"Informa UK Ltd";"1990-2025";"Cultural Studies; Gender Studies; Literature and Literary Theory";"Arts and Humanities; Social Sciences"
1138;21100829466;"Yearbook of Comparative Literature";journal;"19255772, 19255764";"University of Toronto Press";No;No;;-;6;9;10;412;0;9;0,00;45,78;57,14;0;Canada;Northern America;"University of Toronto Press";"2009-2011, 2013-2017, 2019, 2022";"Cultural Studies; History; Literature and Literary Theory; Religious Studies";"Arts and Humanities; Social Sciences"
1139;21101219681;"Zbornik Radova Filozofskog Fakulteta u Splitu";journal;"24595128, 18469426";"Filozofski Fakultet, Sveuciliste u Splitu";Yes;Yes;;-;1;14;12;362;0;11;0,00;25,86;72,22;0;Croatia;Eastern Europe;"Filozofski Fakultet, Sveuciliste u Splitu";"2021-2025";"History; Linguistics and Language; Literature and Literary Theory; Philosophy";"Arts and Humanities; Social Sciences"
1140;21101134734;"Zbornik Radova Vizantoloskog Instituta";journal;"05849888, 24060917";"Institute for Byzantine Studies of the Serbian Academy of Sciences and Arts";Yes;Yes;;-;3;10;27;682;6;27;0,33;68,20;10,00;0;Serbia;Eastern Europe;"Institute for Byzantine Studies of the Serbian Academy of Sciences and Arts";"2019-2025";"Classics; History; Linguistics and Language; Literature and Literary Theory";"Arts and Humanities; Social Sciences"
1141;19900191972;"Zeitschrift fur Katalanistik";journal;"09322221, 16147650";"Albert-Ludwigs-Universitat";Yes;No;;-;5;18;44;533;10;43;0,28;29,61;73,33;0;Germany;Western Europe;"Albert-Ludwigs-Universitat";"2010-2024";"Linguistics and Language; Literature and Literary Theory";"Arts and Humanities; Social Sciences"
1142;5700158839;"Zeitschrift fur Semiotik";journal;"01706241";"Stauffenburg Verlag";No;No;;-;6;17;49;1695;2;45;0,03;99,71;52,94;0;Germany;Western Europe;"Stauffenburg Verlag";"1984, 2002-2023";"Cultural Studies; Linguistics and Language; Literature and Literary Theory; Philosophy";"Arts and Humanities; Social Sciences"
1143;21101132409;"Zoophilologica";journal;"27192687, 24513849";"Wydawnictwo Uniwersytetu Slaskiego";Yes;Yes;;-;3;35;86;1226;6;82;0,04;35,03;73,53;0;Poland;Eastern Europe;"Wydawnictwo Uniwersytetu Slaskiego";"2019-2025";"Classics; History; Linguistics and Language; Literature and Literary Theory";"Arts and Humanities; Social Sciences"
