Rank;Sourceid;Title;Type;Issn;Publisher;Open Access;Open Access Diamond;SJR;SJR Quartile;H index;Total Docs. (2024);Total Docs. (3years);Total Refs.;Total Citations (3years);Citable Docs. (3years);Citations / Doc. (2years);Ref. / Doc.;%Female;Overton;Country;Region;Publisher;Coverage;Categories;Areas
1;18990;"Nature Genetics";journal;"10614036, 15461718";"Nature Research";No;No;16,586;Q1;679;385;806;17496;16097;587;15,88;45,44;39,99;7;United Kingdom;Western Europe;"Nature Research";"1992-2026";"Genetics (Q1)";"Biochemistry, Genetics and Molecular Biology"
2;18991;"Nature Reviews Genetics";journal;"14710056, 14710064";"Nature Research";No;No;16,364;Q1;458;118;358;9430;7586;210;23,43;79,92;39,60;3;United Kingdom;Western Europe;"Nature Research";"2000-2026";"Genetics (Q1); Genetics (clinical) (Q1); Molecular Biology (Q1)";"Biochemistry, Genetics and Molecular Biology; Medicine"
3;21100888816;"Signal Transduction and Targeted Therapy";journal;"20593635, 20959907";"Springer Nature";Yes;No;12,135;Q1;224;364;1265;61462;36414;803;28,90;168,85;39,88;8;United Kingdom;Western Europe;"Springer Nature";"2016-2026";"Cancer Research (Q1); Genetics (Q1)";"Biochemistry, Genetics and Molecular Biology"
4;6100153018;"Cell Stem Cell";journal;"19345909, 18759777";"Cell Press";No;No;9,313;Q1;329;156;504;10344;6720;400;12,64;66,31;39,56;4;United States;Northern America;"Cell Press";"2007-2026";"Cell Biology (Q1); Genetics (Q1); Molecular Medicine (Q1)";"Biochemistry, Genetics and Molecular Biology"
5;14204;"Nucleic Acids Research";journal;"03051048, 13624962";"Oxford University Press";Yes;No;7,776;Q1;714;1275;3924;79379;65948;3909;16,79;62,26;39,62;13;United Kingdom;Western Europe;"Oxford University Press";"1974-2026";"Genetics (Q1)";"Biochemistry, Genetics and Molecular Biology"
6;21100773752;"Nature Microbiology";journal;"20585276";"Nature Research";No;No;6,893;Q1;176;312;678;16655;8807;515;12,33;53,38;41,80;8;United Kingdom;Western Europe;"Nature Research";"2016-2026";"Applied Microbiology and Biotechnology (Q1); Cell Biology (Q1); Genetics (Q1); Immunology (Q1); Microbiology (Q1); Microbiology (medical) (Q1)";"Biochemistry, Genetics and Molecular Biology; Immunology and Microbiology; Medicine"
7;21101101215;"Cell Genomics";journal;"2666979X";"Cell Press";Yes;No;6,238;Q1;41;149;247;11000;1963;203;7,70;73,83;40,84;0;United States;Northern America;"Cell Press";"2021-2026";"Biochemistry, Genetics and Molecular Biology (miscellaneous) (Q1); Genetics (Q1)";"Biochemistry, Genetics and Molecular Biology"
8;40944;"Genome Biology";journal;"1474760X, 14747596";"BioMed Central Ltd";Yes;No;5,710;Q1;332;315;886;22718;9207;856;8,99;72,12;39,10;3;United Kingdom;Western Europe;"BioMed Central Ltd";"2000-2026";"Cell Biology (Q1); Ecology, Evolution, Behavior and Systematics (Q1); Genetics (Q1)";"Agricultural and Biological Sciences; Biochemistry, Genetics and Molecular Biology"
9;19700175140;"Genome Medicine";journal;"1756994X";"BioMed Central Ltd";Yes;No;5,078;Q1;147;152;438;10874;4851;431;10,59;71,54;46,73;6;United Kingdom;Western Europe;"BioMed Central Ltd";"2009-2026";"Genetics (Q1); Genetics (clinical) (Q1); Molecular Biology (Q1); Molecular Medicine (Q1)";"Biochemistry, Genetics and Molecular Biology; Medicine"
10;21677;"American Journal of Human Genetics";journal;"15376605, 00029297";"Cell Press";No;No;4,531;Q1;348;192;519;11260;4105;490;6,97;58,65;51,33;0;United States;Northern America;"Cell Press";"1950-2026";"Genetics (Q1); Genetics (clinical) (Q1)";"Biochemistry, Genetics and Molecular Biology; Medicine"
11;12216;"Molecular Biology and Evolution";journal;"15371719, 07374038";"Oxford University Press";Yes;No;4,085;Q1;264;266;1042;21537;12146;1027;5,01;80,97;36,91;3;United Kingdom;Western Europe;"Oxford University Press";"1983-2026";"Ecology, Evolution, Behavior and Systematics (Q1); Genetics (Q1); Molecular Biology (Q1)";"Agricultural and Biological Sciences; Biochemistry, Genetics and Molecular Biology"
12;12455;"Molecular Therapy";journal;"15250024, 15250016";"Cell Press";No;No;4,008;Q1;233;361;868;19427;8777;735;9,37;53,81;45,40;2;United States;Northern America;"Cell Press";"2000-2026";"Drug Discovery (Q1); Genetics (Q1); Medicine (miscellaneous) (Q1); Molecular Biology (Q1); Molecular Medicine (Q1); Pharmacology (Q1)";"Biochemistry, Genetics and Molecular Biology; Medicine; Pharmacology, Toxicology and Pharmaceutics"
13;22126;"Genes and Development";journal;"15495477, 08909369";"Cold Spring Harbor Laboratory Press";No;No;4,005;Q1;499;75;306;5824;1906;293;4,86;77,65;40,66;0;United States;Northern America;"Cold Spring Harbor Laboratory Press";"1987-2026";"Developmental Biology (Q1); Genetics (Q1)";"Biochemistry, Genetics and Molecular Biology"
14;89440;"Genomics, Proteomics and Bioinformatics";journal;"16720229, 22103244";"Beijing Genomics Institute";Yes;No;3,964;Q1;87;97;268;5627;2846;252;7,19;58,01;37,80;0;China;Asiatic Region;"Beijing Genomics Institute";"2003-2025";"Biochemistry (Q1); Computational Mathematics (Q1); Genetics (Q1); Medicine (miscellaneous) (Q1); Molecular Biology (Q1)";"Biochemistry, Genetics and Molecular Biology; Mathematics; Medicine"
15;19049;"Trends in Genetics";journal;"01689525, 13624555";"Elsevier Ltd";No;No;3,928;Q1;261;111;369;7965;3309;364;8,84;71,76;34,42;1;United Kingdom;Western Europe;"Elsevier Ltd";"1985-2026";"Genetics (Q1)";"Biochemistry, Genetics and Molecular Biology"
16;22214;"Genome Research";journal;"15495469, 10889051";"Cold Spring Harbor Laboratory Press";No;No;3,909;Q1;347;184;512;12554;3115;510;4,84;68,23;37,09;0;United States;Northern America;"Cold Spring Harbor Laboratory Press";"1991-2026";"Genetics (Q1); Genetics (clinical) (Q1)";"Biochemistry, Genetics and Molecular Biology; Medicine"
17;21100819064;"Cell Discovery";journal;"20565968";"Springer Nature";Yes;No;3,842;Q1;77;121;364;5376;2994;247;7,99;44,43;42,30;0;United Kingdom;Western Europe;"Springer Nature";"2015-2026";"Biochemistry (Q1); Cell Biology (Q1); Genetics (Q1); Molecular Biology (Q1)";"Biochemistry, Genetics and Molecular Biology"
18;21101136879;"Annual Review of Biomedical Data Science";journal;"25743414";"Annual Reviews Inc.";No;No;3,356;Q1;33;19;59;2384;559;59;6,68;125,47;48,65;0;United States;Northern America;"Annual Reviews Inc.";"2018-2025";"Biochemistry, Genetics and Molecular Biology (miscellaneous) (Q1); Biomedical Engineering (Q1); Cancer Research (Q1); Genetics (Q1)";"Biochemistry, Genetics and Molecular Biology; Engineering"
19;21100330722;"Annual Review of Animal Biosciences";journal;"21658110, 21658102";"Annual Reviews Inc.";No;No;3,307;Q1;74;19;61;2538;727;58;9,13;133,58;43,04;3;United States;Northern America;"Annual Reviews Inc.";"2013-2026";"Animal Science and Zoology (Q1); Biotechnology (Q1); Genetics (Q1); Veterinary (miscellaneous) (Q1)";"Agricultural and Biological Sciences; Biochemistry, Genetics and Molecular Biology; Veterinary"
20;14305;"Systematic Biology";journal;"1076836X, 10635157";"Oxford University Press";No;No;2,945;Q1;215;63;287;5801;1687;287;5,55;92,08;31,44;0;United Kingdom;Western Europe;"Oxford University Press";"1952, 1968-1975, 1977-1984, 1986, 1988-1989, 1991-2026";"Ecology, Evolution, Behavior and Systematics (Q1); Genetics (Q1)";"Agricultural and Biological Sciences; Biochemistry, Genetics and Molecular Biology"
21;80280;"Biochimica et Biophysica Acta - Reviews on Cancer";journal;"18792561, 0304419X";"Elsevier B.V.";No;No;2,885;Q1;174;161;439;28306;4729;436;8,83;175,81;45,75;0;Netherlands;Western Europe;"Elsevier B.V.";"1974-2026";"Cancer Research (Q1); Genetics (Q1); Oncology (Q1)";"Biochemistry, Genetics and Molecular Biology; Medicine"
22;22088;"EMBO Reports";journal;"14693178, 1469221X";"Springer Science and Business Media Deutschland GmbH";Yes;No;2,756;Q1;227;304;968;18021;4944;798;4,64;59,28;44,19;6;Germany;Western Europe;"Springer Science and Business Media Deutschland GmbH";"2000-2026";"Biochemistry (Q1); Genetics (Q1); Molecular Biology (Q1)";"Biochemistry, Genetics and Molecular Biology"
23;12523;"Oncogene";journal;"14765594, 09509232";"Springer Nature";Yes;No;2,489;Q1;387;285;1241;15374;8508;1234;6,42;53,94;44,46;1;United Kingdom;Western Europe;"Springer Nature";"1987-2026";"Cancer Research (Q1); Genetics (Q1); Molecular Biology (Q1)";"Biochemistry, Genetics and Molecular Biology"
24;21101088425;"MedComm";journal;"26882663";"John Wiley and Sons Inc";Yes;No;2,469;Q1;57;340;376;44545;3454;326;8,46;131,01;44,05;1;United States;Northern America;"John Wiley and Sons Inc";"2020-2026";"Biochemistry (medical) (Q1); Cell Biology (Q1); Drug Discovery (Q1); Genetics (Q1); Genetics (clinical) (Q1); Immunology and Allergy (Q1); Oncology (Q1)";"Biochemistry, Genetics and Molecular Biology; Medicine; Pharmacology, Toxicology and Pharmaceutics"
25;19700188453;"Transcription";journal;"21541272, 21541264";"Taylor and Francis Ltd.";No;No;2,418;Q1;43;10;35;1085;129;33;3,44;108,50;35,00;0;United Kingdom;Western Europe;"Taylor and Francis Ltd.";"2010-2025";"Biochemistry (Q1); Biotechnology (Q1); Genetics (Q1)";"Biochemistry, Genetics and Molecular Biology"
26;21100773746;"Horticulture Research";journal;"26626810, 20527276";"Oxford University Press";Yes;No;2,354;Q1;97;313;850;20595;7657;820;8,10;65,80;41,72;3;United Kingdom;Western Europe;"Oxford University Press";"2014-2026";"Biochemistry (Q1); Biotechnology (Q1); Genetics (Q1); Horticulture (Q1); Plant Science (Q1)";"Agricultural and Biological Sciences; Biochemistry, Genetics and Molecular Biology"
27;21100248838;"Stem Cell Reports";journal;"22136711";"Cell Press";Yes;No;2,314;Q1;127;125;629;6000;3149;603;4,45;48,00;43,29;6;United States;Northern America;"Cell Press";"2013-2026";"Biochemistry (Q1); Cell Biology (Q1); Developmental Biology (Q1); Genetics (Q1)";"Biochemistry, Genetics and Molecular Biology"
28;11700154306;"Molecular Ecology Resources";journal;"1755098X, 17550998";"Wiley-Blackwell Publishing Ltd";No;No;2,281;Q1;179;129;567;9166;4083;544;6,03;71,05;36,59;10;United Kingdom;Western Europe;"Wiley-Blackwell Publishing Ltd";"2008-2026";"Biotechnology (Q1); Ecology, Evolution, Behavior and Systematics (Q1); Genetics (Q1)";"Agricultural and Biological Sciences; Biochemistry, Genetics and Molecular Biology"
29;16612;"Plant Journal";journal;"1365313X, 09607412";"Wiley-Blackwell Publishing Ltd";No;No;2,275;Q1;341;653;1349;46011;9484;1279;6,19;70,46;40,29;4;United Kingdom;Western Europe;"Wiley-Blackwell Publishing Ltd";"1991-2026";"Cell Biology (Q1); Genetics (Q1); Plant Science (Q1)";"Agricultural and Biological Sciences; Biochemistry, Genetics and Molecular Biology"
30;22173;"Genetics";journal;"19432631, 00166731";"Oxford University Press";No;No;2,272;Q1;290;199;630;16609;2596;618;4,65;83,46;39,41;0;United Kingdom;Western Europe;"Oxford University Press";"1918, 1920, 1930, 1935, 1938, 1945-1952, 1958, 1960-2026";"Genetics (Q1)";"Biochemistry, Genetics and Molecular Biology"
31;21101065916;"Cell Reports Methods";journal;"26672375";"Cell Press";Yes;No;2,257;Q1;32;160;440;9452;1931;395;3,98;59,08;39,16;0;United States;Northern America;"Cell Press";"2021-2026";"Biochemistry (Q1); Biochemistry, Genetics and Molecular Biology (miscellaneous) (Q1); Biotechnology (Q1); Computer Science Applications (Q1); Genetics (Q1); Radiology, Nuclear Medicine and Imaging (Q1)";"Biochemistry, Genetics and Molecular Biology; Computer Science; Medicine"
32;21101072502;"NAR Genomics and Bioinformatics";journal;"26319268";"Oxford University Press";Yes;No;2,179;Q1;38;181;335;8842;1460;335;2,69;48,85;34,32;2;United Kingdom;Western Europe;"Oxford University Press";"2019-2026";"Applied Mathematics (Q1); Computer Science Applications (Q1); Genetics (Q1); Molecular Biology (Q1); Structural Biology (Q1)";"Biochemistry, Genetics and Molecular Biology; Computer Science; Mathematics"
33;21100852132;"npj Genomic Medicine";journal;"20567944";"Nature Research";Yes;No;2,178;Q1;50;71;210;3887;1033;206;4,58;54,75;47,95;0;United Kingdom;Western Europe;"Nature Research";"2016-2026";"Genetics (Q1); Genetics (clinical) (Q1); Molecular Biology (Q1)";"Biochemistry, Genetics and Molecular Biology; Medicine"
34;16615;"Plant Physiology";journal;"00320889, 15322548";"American Society of Plant Biologists";No;No;2,162;Q1;391;714;1717;40129;10592;1571;5,94;56,20;42,10;6;United States;Northern America;"American Society of Plant Biologists";"1935, 1939, 1942, 1950, 1961, 1964-1971, 1973-2026";"Genetics (Q1); Physiology (Q1); Plant Science (Q1)";"Agricultural and Biological Sciences; Biochemistry, Genetics and Molecular Biology"
35;22080;"Current Opinion in Genetics and Development";journal;"0959437X, 18790380";"Elsevier Ltd";No;No;2,094;Q1;208;98;302;6406;1114;286;3,38;65,37;49,55;0;United Kingdom;Western Europe;"Elsevier Ltd";"1991-2026";"Developmental Biology (Q1); Genetics (Q1)";"Biochemistry, Genetics and Molecular Biology"
36;4000151809;"PLOS Pathogens";journal;"15537374, 15537366";"Public Library of Science";Yes;No;1,987;Q1;274;693;2087;47430;10859;2072;4,78;68,44;44,62;8;United States;Northern America;"Public Library of Science";"2005-2026";"Genetics (Q1); Immunology (Q1); Microbiology (Q1); Molecular Biology (Q1); Parasitology (Q1); Virology (Q1)";"Biochemistry, Genetics and Molecular Biology; Immunology and Microbiology"
37;5800207508;"Molecular Oncology";journal;"15747891, 18780261";"John Wiley and Sons Ltd";Yes;No;1,957;Q1;130;173;624;12030;3359;600;4,41;69,54;44,52;0;Netherlands;Western Europe;"John Wiley and Sons Ltd";"2007-2026";"Cancer Research (Q1); Genetics (Q1); Medicine (miscellaneous) (Q1); Molecular Medicine (Q1); Oncology (Q1)";"Biochemistry, Genetics and Molecular Biology; Medicine"
38;4000151808;"PLOS Genetics";journal;"15537390, 15537404";"Public Library of Science";Yes;No;1,945;Q1;292;314;1460;23695;5679;1453;3,43;75,46;44,12;0;United States;Northern America;"Public Library of Science";"2005-2026";"Cancer Research (Q1); Ecology, Evolution, Behavior and Systematics (Q1); Genetics (Q1); Genetics (clinical) (Q1); Molecular Biology (Q1)";"Agricultural and Biological Sciences; Biochemistry, Genetics and Molecular Biology; Medicine"
39;21100879846;"Circulation: Genomic and Precision Medicine";journal;"25748300";"Lippincott Williams and Wilkins";No;No;1,924;Q1;107;70;266;2474;991;229;3,24;35,34;40,20;0;United States;Northern America;"Lippincott Williams and Wilkins";"2018-2026";"Cardiology and Cardiovascular Medicine (Q1); Genetics (Q1); Genetics (clinical) (Q1)";"Biochemistry, Genetics and Molecular Biology; Medicine"
40;21101043805;"Environmental DNA";journal;"26374943";"John Wiley &amp; Sons Inc.";Yes;No;1,904;Q1;54;161;326;11514;2242;314;5,97;71,52;40,30;14;United States;Northern America;"John Wiley &amp; Sons Inc.";"2019-2026";"Ecology (Q1); Ecology, Evolution, Behavior and Systematics (Q1); Genetics (Q1)";"Agricultural and Biological Sciences; Biochemistry, Genetics and Molecular Biology; Environmental Science"
41;5300152707;"Journal of Genetics and Genomics";journal;"16738527, 18735533";"Institute of Genetics and Developmental Biology";No;No;1,882;Q1;88;164;373;9751;1821;267;4,73;59,46;45,31;0;China;Asiatic Region;"Institute of Genetics and Developmental Biology";"2007-2026";"Genetics (Q1); Molecular Biology (Q1)";"Biochemistry, Genetics and Molecular Biology"
42;18988;"Mutation Research - Reviews in Mutation Research";journal;"13882139, 13835742";"Elsevier B.V.";No;No;1,882;Q1;147;20;81;3044;578;80;4,92;152,20;49,59;0;Netherlands;Western Europe;"Elsevier B.V.";"1990-1991, 1993-1994, 1997-2026";"Genetics (Q1); Health, Toxicology and Mutagenesis (Q1)";"Biochemistry, Genetics and Molecular Biology; Environmental Science"
43;21100451375;"Molecular Therapy Methods and Clinical Development";journal;"23290501";"Cell Press";Yes;No;1,868;Q1;77;200;569;9676;2702;527;4,18;48,38;45,93;1;United States;Northern America;"Cell Press";"2014-2025";"Genetics (Q1); Molecular Biology (Q1); Molecular Medicine (Q1)";"Biochemistry, Genetics and Molecular Biology"
44;19700173006;"Clinical Epigenetics";journal;"18687083, 18687075";"BioMed Central Ltd";Yes;No;1,833;Q1;94;184;609;10828;3045;605;4,32;58,85;52,08;0;United Kingdom;Western Europe;"BioMed Central Ltd";"2010-2026";"Developmental Biology (Q1); Genetics (Q1); Genetics (clinical) (Q1); Molecular Biology (Q1)";"Biochemistry, Genetics and Molecular Biology; Medicine"
45;22267;"Human Mutation";journal;"10981004, 10597794";"John Wiley and Sons Inc";No;No;1,832;Q1;194;37;360;1861;1488;347;4,44;50,30;52,84;0;United States;Northern America;"John Wiley and Sons Inc";"1992-2026";"Genetics (Q1); Genetics (clinical) (Q1)";"Biochemistry, Genetics and Molecular Biology; Medicine"
46;28081;"Gene Therapy";journal;"09697128, 14765462";"Springer Nature";No;No;1,784;Q1;181;70;231;3207;1173;209;4,32;45,81;46,24;2;United Kingdom;Western Europe;"Springer Nature";"1994-2026";"Genetics (Q1); Molecular Biology (Q1); Molecular Medicine (Q1)";"Biochemistry, Genetics and Molecular Biology"
47;19700174932;"Epigenetics and Chromatin";journal;"17568935";"BioMed Central Ltd";Yes;No;1,781;Q1;74;38;147;3288;578;146;3,54;86,53;47,25;0;United Kingdom;Western Europe;"BioMed Central Ltd";"2009-2026";"Genetics (Q1); Molecular Biology (Q1)";"Biochemistry, Genetics and Molecular Biology"
48;19961;"Molecular Medicine";journal;"10761551, 15283658";"BioMed Central Ltd";Yes;No;1,752;Q1;141;276;479;18203;3101;477;6,38;65,95;43,65;1;United Kingdom;Western Europe;"BioMed Central Ltd";"1994-2026";"Genetics (Q1); Genetics (clinical) (Q1); Molecular Biology (Q1); Molecular Medicine (Q1)";"Biochemistry, Genetics and Molecular Biology; Medicine"
49;21100932746;"CRISPR Journal";journal;"25731599, 25731602";"Mary Ann Liebert Inc.";No;No;1,744;Q1;28;45;229;1622;666;208;3,20;36,04;37,63;3;United States;Northern America;"Mary Ann Liebert Inc.";"2019-2026";"Biotechnology (Q1); Genetics (Q1)";"Biochemistry, Genetics and Molecular Biology"
50;21101225723;"Phenomics";journal;"2730583X, 27305848";"Springer";No;No;1,733;Q1;22;54;104;2581;665;99;6,51;47,80;45,12;0;Singapore;Asiatic Region;"Springer";"2021-2026";"Biotechnology (Q1); Cell Biology (Q1); Genetics (Q1); Molecular Biology (Q1)";"Biochemistry, Genetics and Molecular Biology"
51;20297;"Molecular Ecology";journal;"1365294X, 09621083";"Wiley-Blackwell Publishing Ltd";No;No;1,707;Q1;272;349;1364;31684;6247;1300;4,08;90,79;39,15;12;United Kingdom;Western Europe;"Wiley-Blackwell Publishing Ltd";"1992-2026";"Ecology, Evolution, Behavior and Systematics (Q1); Genetics (Q1)";"Agricultural and Biological Sciences; Biochemistry, Genetics and Molecular Biology"
52;22129;"Genes and Immunity";journal;"14664879, 14765470";"Springer Nature";No;No;1,672;Q1;117;69;105;2598;464;96;3,50;37,65;43,86;0;United Kingdom;Western Europe;"Springer Nature";"1999-2017, 2019-2026";"Genetics (Q1); Genetics (clinical) (Q1); Immunology (Q1)";"Biochemistry, Genetics and Molecular Biology; Immunology and Microbiology; Medicine"
53;18945;"Journal of Medical Genetics";journal;"00222593, 14686244";"BMJ Publishing Group";No;No;1,620;Q1;201;130;458;4484;1765;452;3,85;34,49;57,01;5;United Kingdom;Western Europe;"BMJ Publishing Group";"1964-2026";"Genetics (Q1); Genetics (clinical) (Q1)";"Biochemistry, Genetics and Molecular Biology; Medicine"
54;4200151509;"Molecular Diagnosis and Therapy";journal;"11792000, 11771062";"";No;No;1,612;Q1;76;66;168;4738;779;167;5,02;71,79;50,46;0;Switzerland;Western Europe;"";"2001, 2006-2026";"Genetics (Q1); Medicine (miscellaneous) (Q1); Molecular Medicine (Q1); Pharmacology (Q1)";"Biochemistry, Genetics and Molecular Biology; Medicine; Pharmacology, Toxicology and Pharmaceutics"
55;21101040628;"Evolution Letters";journal;"20563744";"Oxford University Press";Yes;No;1,611;Q1;43;82;135;5704;531;55;3,43;69,56;37,71;0;United Kingdom;Western Europe;"Oxford University Press";"2017-2026";"Ecology, Evolution, Behavior and Systematics (Q1); Genetics (Q1)";"Agricultural and Biological Sciences; Biochemistry, Genetics and Molecular Biology"
56;22101;"European Journal of Human Genetics";journal;"10184813, 14765438";"Springer Nature";No;No;1,603;Q1;153;235;667;7276;2179;535;3,14;30,96;59,84;6;Switzerland;Western Europe;"Springer Nature";"1993-2026";"Genetics (Q1); Genetics (clinical) (Q1)";"Biochemistry, Genetics and Molecular Biology; Medicine"
57;22245;"Human Genetics";journal;"03406717, 14321203";"Springer Science and Business Media Deutschland GmbH";No;No;1,597;Q1;159;102;393;6253;1610;378;3,83;61,30;51,70;0;Germany;Western Europe;"Springer Science and Business Media Deutschland GmbH";"1964-2026";"Genetics (Q1); Genetics (clinical) (Q1)";"Biochemistry, Genetics and Molecular Biology; Medicine"
58;21100318415;"Computational and Structural Biotechnology Journal";journal;"20010370";"Elsevier B.V.";Yes;No;1,561;Q1;107;487;1626;31795;9031;1610;4,55;65,29;37,36;4;Sweden;Western Europe;"Elsevier B.V.";"2012-2026";"Biochemistry (Q1); Biophysics (Q1); Biotechnology (Q1); Computer Science Applications (Q1); Genetics (Q1); Structural Biology (Q1)";"Biochemistry, Genetics and Molecular Biology; Computer Science"
59;22266;"Human Molecular Genetics";journal;"14602083, 09646906";"Oxford University Press";No;No;1,560;Q1;313;188;866;10442;2929;855;3,13;55,54;48,27;2;United Kingdom;Western Europe;"Oxford University Press";"1992-2026";"Genetics (Q1); Genetics (clinical) (Q1); Medicine (miscellaneous) (Q1); Molecular Biology (Q1)";"Biochemistry, Genetics and Molecular Biology; Medicine"
60;21100850723;"mSystems";journal;"23795077";"American Society for Microbiology";Yes;No;1,558;Q1;101;385;1075;25979;5314;1068;4,45;67,48;42,37;3;United States;Northern America;"American Society for Microbiology";"2016-2026";"Biochemistry (Q1); Computer Science Applications (Q1); Ecology, Evolution, Behavior and Systematics (Q1); Genetics (Q1); Microbiology (Q1); Modeling and Simulation (Q1); Molecular Biology (Q1); Physiology (Q1)";"Agricultural and Biological Sciences; Biochemistry, Genetics and Molecular Biology; Computer Science; Immunology and Microbiology; Mathematics"
61;21100870279;"Microbial Genomics";journal;"20575858";"Microbiology Society";Yes;No;1,539;Q1;62;166;657;10514;2879;653;3,92;63,34;44,09;5;United Kingdom;Western Europe;"Microbiology Society";"2015-2026";"Epidemiology (Q1); Genetics (Q1); Microbiology (Q1); Molecular Biology (Q1)";"Biochemistry, Genetics and Molecular Biology; Immunology and Microbiology; Medicine"
62;21100907393;"Environmental Microbiome";journal;"25246372";"BioMed Central Ltd";Yes;No;1,532;Q1;55;110;166;9218;1031;165;5,44;83,80;44,95;3;United Kingdom;Western Europe;"BioMed Central Ltd";"2019-2026";"Applied Microbiology and Biotechnology (Q1); Genetics (Q1); Microbiology (Q1)";"Biochemistry, Genetics and Molecular Biology; Immunology and Microbiology"
63;4000151810;"PLOS Computational Biology";journal;"15537358, 1553734X";"Public Library of Science";Yes;No;1,503;Q1;237;751;2614;47278;10119;2602;3,47;62,95;31,97;7;United States;Northern America;"Public Library of Science";"2005-2026";"Cellular and Molecular Neuroscience (Q1); Computational Theory and Mathematics (Q1); Ecology (Q1); Ecology, Evolution, Behavior and Systematics (Q1); Genetics (Q1); Modeling and Simulation (Q1); Molecular Biology (Q1)";"Agricultural and Biological Sciences; Biochemistry, Genetics and Molecular Biology; Computer Science; Environmental Science; Mathematics; Neuroscience"
64;29094;"Cancer Cell International";journal;"14752867";"BioMed Central Ltd";Yes;No;1,500;Q1;100;410;1383;29058;8032;1381;5,86;70,87;44,96;0;United Kingdom;Western Europe;"BioMed Central Ltd";"2001-2026";"Genetics (Q1); Oncology (Q1); Cancer Research (Q2)";"Biochemistry, Genetics and Molecular Biology; Medicine"
65;19900193739;"Nucleic Acid Therapeutics";journal;"21593345, 21593337";"Mary Ann Liebert Inc.";No;No;1,499;Q1;85;30;120;1170;514;118;4,82;39,00;44,34;1;United States;Northern America;"Mary Ann Liebert Inc.";"2011-2025";"Biochemistry (Q1); Drug Discovery (Q1); Genetics (Q1); Molecular Biology (Q1); Molecular Medicine (Q1)";"Biochemistry, Genetics and Molecular Biology; Pharmacology, Toxicology and Pharmaceutics"
66;21101158871;"Frontiers in Aging";journal;"26736217";"Frontiers Media SA";Yes;No;1,455;Q1;30;104;310;7550;1212;284;3,90;72,60;46,54;4;Switzerland;Western Europe;"Frontiers Media SA";"2020-2026";"Genetics (Q1); Molecular Biology (Q1); Physiology (Q1); Aging (Q2)";"Biochemistry, Genetics and Molecular Biology"
67;21100980170;"Matrix Biology Plus";journal;"25900285";"Elsevier B.V.";Yes;No;1,425;Q1;27;21;77;1326;348;76;4,03;63,14;47,15;0;Netherlands;Western Europe;"Elsevier B.V.";"2019-2026";"Biochemistry (Q1); Biophysics (Q1); Genetics (Q1); Histology (Q1); Cell Biology (Q2); Molecular Biology (Q2)";"Biochemistry, Genetics and Molecular Biology; Medicine"
68;21101136808;"Bioinformatics Advances";journal;"26350041";"Oxford University Press";Yes;No;1,410;Q1;23;191;325;6654;942;323;2,86;34,84;35,00;0;United Kingdom;Western Europe;"Oxford University Press";"2021-2026";"Computer Science Applications (Q1); Genetics (Q1); Structural Biology (Q1); Molecular Biology (Q2)";"Biochemistry, Genetics and Molecular Biology; Computer Science"
69;14283;"Proteins: Structure, Function and Genetics";journal;"10970134, 08873585";"";No;No;1,400;-;214;110;494;6353;1598;491;2,89;57,75;34,52;0;United States;Northern America;"";"1986-2026";"Biochemistry (Q1); Molecular Biology (Q2); Structural Biology (Q2)";"Biochemistry, Genetics and Molecular Biology"
70;145164;"Human Genomics";journal;"14739542, 14797364";"BioMed Central Ltd";Yes;No;1,381;Q1;78;137;254;8317;1016;244;4,26;60,71;47,74;1;United Kingdom;Western Europe;"BioMed Central Ltd";"2003-2006, 2008-2026";"Drug Discovery (Q1); Genetics (Q1); Molecular Medicine (Q1); Molecular Biology (Q2)";"Biochemistry, Genetics and Molecular Biology; Pharmacology, Toxicology and Pharmaceutics"
71;14759;"International Journal of Molecular Medicine";journal;"1791244X, 11073756";"Spandidos Publications";No;No;1,381;Q1;124;116;527;10447;3055;527;4,74;90,06;45,23;1;Greece;Western Europe;"Spandidos Publications";"1998-2026";"Genetics (Q1); Medicine (miscellaneous) (Q1)";"Biochemistry, Genetics and Molecular Biology; Medicine"
72;22139;"Genes Chromosomes and Cancer";journal;"10982264, 10452257";"Wiley-Liss Inc.";No;No;1,364;Q1;137;97;250;3805;821;244;3,25;39,23;47,83;0;United States;Northern America;"Wiley-Liss Inc.";"1989-2026";"Genetics (Q1); Cancer Research (Q2)";"Biochemistry, Genetics and Molecular Biology"
73;19400157205;"Evolutionary Applications";journal;"17524571";"John Wiley and Sons Inc";Yes;No;1,362;Q1;102;190;471;17032;1998;464;3,55;89,64;41,65;18;United States;Northern America;"John Wiley and Sons Inc";"2008-2026";"Agricultural and Biological Sciences (miscellaneous) (Q1); Ecology, Evolution, Behavior and Systematics (Q1); Genetics (Q1)";"Agricultural and Biological Sciences; Biochemistry, Genetics and Molecular Biology"
74;21100203948;"EvoDevo";journal;"20419139";"BioMed Central Ltd";Yes;No;1,351;Q1;48;17;48;1318;178;48;3,67;77,53;37,66;0;United Kingdom;Western Europe;"BioMed Central Ltd";"2010-2026";"Developmental Biology (Q1); Ecology, Evolution, Behavior and Systematics (Q1); Genetics (Q1)";"Agricultural and Biological Sciences; Biochemistry, Genetics and Molecular Biology"
75;21100784450;"Stem Cell Investigation";journal;"23069759";"AME Publishing Company";Yes;No;1,344;Q1;34;0;54;0;255;47;4,18;0,00;0,00;0;Hong Kong;Asiatic Region;"AME Publishing Company";"2014-2023";"Developmental Biology (Q1); Genetics (Q1); Cell Biology (Q2); Molecular Biology (Q2)";"Biochemistry, Genetics and Molecular Biology"
76;23140;"Current Opinion in Lipidology";journal;"14736535, 09579672";"Lippincott Williams and Wilkins";No;No;1,342;Q1;142;49;164;2451;610;132;4,01;50,02;45,05;0;United States;Northern America;"Lippincott Williams and Wilkins";"1990-2026";"Cardiology and Cardiovascular Medicine (Q1); Endocrinology, Diabetes and Metabolism (Q1); Genetics (Q1); Nutrition and Dietetics (Q1); Cell Biology (Q2); Molecular Biology (Q2)";"Biochemistry, Genetics and Molecular Biology; Medicine; Nursing"
77;21101149137;"Frontiers in Genome Editing";journal;"26733439";"Frontiers Media SA";Yes;No;1,329;Q1;32;34;158;3762;907;147;4,71;110,65;44,19;3;Switzerland;Western Europe;"Frontiers Media SA";"2019-2026";"Biotechnology (Q1); Genetics (Q1)";"Biochemistry, Genetics and Molecular Biology"
78;16617;"Plant Physiology and Biochemistry";journal;"09819428, 18732690";"Elsevier Masson s.r.l.";No;No;1,322;Q1;183;956;1635;69083;11710;1627;6,30;72,26;44,22;2;France;Western Europe;"Elsevier Masson s.r.l.";"1989, 1991-2026";"Genetics (Q1); Physiology (Q1); Plant Science (Q1)";"Agricultural and Biological Sciences; Biochemistry, Genetics and Molecular Biology"
79;15048;"FASEB Journal";journal;"15306860, 08926638";"John Wiley &amp; Sons Inc.";No;No;1,319;Q1;320;787;2021;45360;8024;1991;3,75;57,64;44,11;1;United States;Northern America;"John Wiley &amp; Sons Inc.";"1987-2026";"Biochemistry (Q1); Biotechnology (Q1); Genetics (Q1); Medicine (miscellaneous) (Q1); Molecular Biology (Q2)";"Biochemistry, Genetics and Molecular Biology; Medicine"
80;19600166321;"Journal of Molecular Cell Biology";journal;"17594685, 16742788";"Oxford University Press";Yes;No;1,300;Q1;91;64;257;4003;953;221;3,31;62,55;48,06;0;United Kingdom;Western Europe;"Oxford University Press";"2009-2025";"Genetics (Q1); Medicine (miscellaneous) (Q1); Cell Biology (Q2); Molecular Biology (Q2)";"Biochemistry, Genetics and Molecular Biology; Medicine"
81;16530;"Physiologia Plantarum";journal;"00319317, 13993054";"Wiley-Blackwell Publishing Ltd";No;No;1,291;Q1;187;542;924;39958;5740;904;3,99;73,72;41,53;4;United Kingdom;Western Europe;"Wiley-Blackwell Publishing Ltd";"1948-2026";"Genetics (Q1); Medicine (miscellaneous) (Q1); Physiology (Q1); Plant Science (Q1); Cell Biology (Q2)";"Agricultural and Biological Sciences; Biochemistry, Genetics and Molecular Biology; Medicine"
82;19065;"Traffic";journal;"16000854, 13989219";"Blackwell Munksgaard";No;No;1,278;Q1;156;27;109;2382;346;103;2,22;88,22;53,23;0;Denmark;Western Europe;"Blackwell Munksgaard";"2000-2026";"Biochemistry (Q1); Genetics (Q1); Cell Biology (Q2); Molecular Biology (Q2); Structural Biology (Q2)";"Biochemistry, Genetics and Molecular Biology"
83;5700191205;"Forensic Science International: Genetics";journal;"18724973, 18780326";"Elsevier Ireland Ltd";No;No;1,273;Q1;107;97;367;4424;1194;351;3,02;45,61;52,45;2;Ireland;Western Europe;"Elsevier Ireland Ltd";"2007-2026";"Genetics (Q1); Pathology and Forensic Medicine (Q1)";"Biochemistry, Genetics and Molecular Biology; Medicine"
84;21101075891;"aBIOTECH";journal;"26621738, 20966326";"Editorial Department of Scientia Agricultura Sinica";No;No;1,257;Q1;27;52;84;2146;409;76;4,61;41,27;43,81;0;Singapore;Asiatic Region;"Editorial Department of Scientia Agricultura Sinica";"2020-2026";"Agronomy and Crop Science (Q1); Biochemistry, Genetics and Molecular Biology (miscellaneous) (Q1); Biotechnology (Q1); Genetics (Q1); Plant Science (Q1); Molecular Biology (Q2)";"Agricultural and Biological Sciences; Biochemistry, Genetics and Molecular Biology"
85;19046;"Theoretical and Applied Genetics";journal;"14322242, 00405752";"Springer Science and Business Media Deutschland GmbH";No;No;1,256;Q1;211;275;795;19159;3778;793;4,19;69,67;39,04;5;Germany;Western Europe;"Springer Science and Business Media Deutschland GmbH";"1933, 1941, 1946, 1965, 1968-2026";"Agronomy and Crop Science (Q1); Biotechnology (Q1); Genetics (Q1); Medicine (miscellaneous) (Q1)";"Agricultural and Biological Sciences; Biochemistry, Genetics and Molecular Biology; Medicine"
86;32795;"Journal of Dairy Science";journal;"15253198, 00220302";"Elsevier Inc.";Yes;No;1,250;Q1;252;821;2414;45960;10965;2407;4,45;55,98;44,26;29;United States;Northern America;"Elsevier Inc.";"1917-2026";"Animal Science and Zoology (Q1); Food Science (Q1); Genetics (Q1)";"Agricultural and Biological Sciences; Biochemistry, Genetics and Molecular Biology"
87;15106;"Journal of Inherited Metabolic Disease";journal;"01418955, 15732665";"Springer Netherlands";Yes;No;1,234;Q1;131;104;334;6382;1351;299;3,40;61,37;50,98;6;Netherlands;Western Europe;"Springer Netherlands";"1978-2026";"Genetics (Q1); Genetics (clinical) (Q1)";"Biochemistry, Genetics and Molecular Biology; Medicine"
88;11200153524;"Biochimica et Biophysica Acta - Gene Regulatory Mechanisms";journal;"18749399, 18764320";"Elsevier B.V.";No;No;1,229;Q1;152;42;181;4503;553;179;2,86;107,21;45,75;0;Netherlands;Western Europe;"Elsevier B.V.";"2008-2026";"Biochemistry (Q1); Biophysics (Q1); Genetics (Q1); Molecular Biology (Q2); Structural Biology (Q2)";"Biochemistry, Genetics and Molecular Biology"
89;17481;"FEBS Letters";journal;"00145793, 18733468";"John Wiley and Sons Inc";No;No;1,222;Q2;295;230;701;15673;2232;678;2,87;68,14;44,08;0;United States;Northern America;"John Wiley and Sons Inc";"1968-2026";"Biochemistry (Q1); Biophysics (Q1); Cell Biology (Q2); Genetics (Q2); Molecular Biology (Q2); Structural Biology (Q2)";"Biochemistry, Genetics and Molecular Biology"
90;17426;"DNA Research";journal;"17561663, 13402838";"Oxford University Press";Yes;No;1,216;Q2;120;36;111;2308;461;111;3,12;64,11;26,29;1;United Kingdom;Western Europe;"Oxford University Press";"1994-2026";"Medicine (miscellaneous) (Q1); Genetics (Q2); Molecular Biology (Q2)";"Biochemistry, Genetics and Molecular Biology; Medicine"
91;28010;"Molecular Human Reproduction";journal;"14602407, 13609947";"Oxford University Press";No;No;1,203;Q2;145;47;178;2340;662;171;3,33;49,79;53,72;0;United Kingdom;Western Europe;"Oxford University Press";"1995-2026";"Embryology (Q1); Obstetrics and Gynecology (Q1); Reproductive Medicine (Q1); Cell Biology (Q2); Developmental Biology (Q2); Genetics (Q2); Molecular Biology (Q2)";"Biochemistry, Genetics and Molecular Biology; Medicine"
92;18965;"Molecular Phylogenetics and Evolution";journal;"10959513, 10557903";"Academic Press Inc.";No;No;1,200;Q2;188;170;677;15956;2563;671;3,61;93,86;32,84;0;United States;Northern America;"Academic Press Inc.";"1992-2026";"Ecology, Evolution, Behavior and Systematics (Q1); Genetics (Q2); Molecular Biology (Q2)";"Agricultural and Biological Sciences; Biochemistry, Genetics and Molecular Biology"
93;13042;"Plant Molecular Biology";journal;"15735028, 01674412";"Springer Science and Business Media B.V.";No;No;1,192;Q2;208;126;318;8612;1436;311;4,33;68,35;40,73;1;Netherlands;Western Europe;"Springer Science and Business Media B.V.";"1981-2026";"Agronomy and Crop Science (Q1); Medicine (miscellaneous) (Q1); Plant Science (Q1); Genetics (Q2)";"Agricultural and Biological Sciences; Biochemistry, Genetics and Molecular Biology; Medicine"
94;16620;"Plant Science";journal;"01689452, 18732259";"Elsevier Ireland Ltd";No;No;1,186;Q2;201;280;918;20439;4671;915;4,72;73,00;44,85;1;Ireland;Western Europe;"Elsevier Ireland Ltd";"1985-2026";"Agronomy and Crop Science (Q1); Medicine (miscellaneous) (Q1); Plant Science (Q1); Genetics (Q2)";"Agricultural and Biological Sciences; Biochemistry, Genetics and Molecular Biology; Medicine"
95;21100901579;"Microbial Cell";journal;"23112638";"Shared Science Publishers OG";Yes;No;1,179;Q2;47;30;74;2289;340;74;3,50;76,30;47,73;0;Austria;Western Europe;"Shared Science Publishers OG";"2014-2026";"Applied Microbiology and Biotechnology (Q1); Biochemistry, Genetics and Molecular Biology (miscellaneous) (Q1); Microbiology (Q1); Parasitology (Q1); Virology (Q1); Cell Biology (Q2); Genetics (Q2); Molecular Biology (Q2)";"Biochemistry, Genetics and Molecular Biology; Immunology and Microbiology"
96;28747;"BMC Cancer";journal;"14712407";"BioMed Central Ltd";Yes;No;1,178;Q2;180;1559;3887;66925;14031;3881;3,41;42,93;43,85;16;United Kingdom;Western Europe;"BioMed Central Ltd";"2001-2026";"Cancer Research (Q2); Genetics (Q2); Oncology (Q2)";"Biochemistry, Genetics and Molecular Biology; Medicine"
97;19700182013;"Genome Biology and Evolution";journal;"17596653";"Oxford University Press";Yes;No;1,173;Q2;109;264;742;18701;2063;727;2,58;70,84;37,42;3;United Kingdom;Western Europe;"Oxford University Press";"2009-2026";"Ecology, Evolution, Behavior and Systematics (Q1); Genetics (Q2)";"Agricultural and Biological Sciences; Biochemistry, Genetics and Molecular Biology"
98;22104;"Evolution";journal;"15585646, 00143820";"Oxford University Press";No;No;1,172;Q2;234;187;735;13416;1708;689;2,13;71,74;36,26;0;United Kingdom;Western Europe;"Oxford University Press";"1948-1949, 1955, 1963-1964, 1970-1978, 1980-2026";"Agricultural and Biological Sciences (miscellaneous) (Q1); Ecology, Evolution, Behavior and Systematics (Q1); Genetics (Q2)";"Agricultural and Biological Sciences; Biochemistry, Genetics and Molecular Biology"
99;19700200884;"Genes and Cancer";journal;"19476027, 19476019";"Impact Journals LLC";No;No;1,171;Q2;88;3;24;140;65;20;3,40;46,67;51,85;0;United States;Northern America;"Impact Journals LLC";"2010-2025";"Cancer Research (Q2); Genetics (Q2)";"Biochemistry, Genetics and Molecular Biology"
100;29003;"Experimental Gerontology";journal;"18736815, 05315565";"Elsevier Inc.";Yes;No;1,165;Q2;170;260;880;15267;3805;871;4,25;58,72;45,97;1;United States;Northern America;"Elsevier Inc.";"1964-2026";"Biochemistry (Q1); Aging (Q2); Cell Biology (Q2); Endocrinology (Q2); Genetics (Q2); Molecular Biology (Q2)";"Biochemistry, Genetics and Molecular Biology"
101;21101048255;"Environmental Epigenetics";journal;"20585888";"Oxford University Press";Yes;No;1,155;Q2;35;26;50;1969;198;47;3,14;75,73;53,79;1;United Kingdom;Western Europe;"Oxford University Press";"2015-2026";"Health, Toxicology and Mutagenesis (Q1); Genetics (Q2); Genetics (clinical) (Q2); Molecular Biology (Q2)";"Biochemistry, Genetics and Molecular Biology; Environmental Science; Medicine"
102;21100433120;"Microbiology Spectrum";journal;"21650497";"American Society for Microbiology";Yes;No;1,149;Q2;111;1404;4536;69546;18077;4473;3,87;49,53;45,26;20;United States;Northern America;"American Society for Microbiology";"2013-2026";"Ecology (Q1); Immunology and Microbiology (miscellaneous)  (Q1); Infectious Diseases (Q1); Microbiology (medical) (Q1); Physiology (Q1); Cell Biology (Q2); Genetics (Q2)";"Biochemistry, Genetics and Molecular Biology; Environmental Science; Immunology and Microbiology; Medicine"
103;17517;"IUBMB Life";journal;"15216543, 15216551";"John Wiley and Sons Inc";No;No;1,144;Q2;144;91;270;6547;1119;264;3,56;71,95;48,47;0;United States;Northern America;"John Wiley and Sons Inc";"1999-2026";"Biochemistry (Q1); Clinical Biochemistry (Q1); Cell Biology (Q2); Genetics (Q2); Molecular Biology (Q2)";"Biochemistry, Genetics and Molecular Biology"
104;22243;"Human Gene Therapy";journal;"10430342, 15577422";"Mary Ann Liebert Inc.";No;No;1,137;Q2;167;86;413;4311;1272;375;3,27;50,13;43,99;0;United States;Northern America;"Mary Ann Liebert Inc.";"1990-2026";"Genetics (Q2); Molecular Biology (Q2); Molecular Medicine (Q2)";"Biochemistry, Genetics and Molecular Biology"
105;21100823995;"Non-coding RNA Research";journal;"24680540";"KeAi Communications Co.";Yes;No;1,120;Q2;37;115;128;11597;649;126;5,21;100,84;43,83;0;China;Asiatic Region;"KeAi Communications Co.";"2016-2026";"Biochemistry (Q1); Biochemistry (medical) (Q1); Genetics (Q2); Molecular Biology (Q2)";"Biochemistry, Genetics and Molecular Biology; Medicine"
106;21101043576;"Epigenomes";journal;"20754655";"Multidisciplinary Digital Publishing Institute (MDPI)";Yes;No;1,107;Q2;22;46;99;3924;312;92;3,25;85,30;48,08;0;Switzerland;Western Europe;"Multidisciplinary Digital Publishing Institute (MDPI)";"2017-2025";"Biochemistry (Q1); Biochemistry, Genetics and Molecular Biology (miscellaneous) (Q1); Health, Toxicology and Mutagenesis (Q1); Genetics (Q2)";"Biochemistry, Genetics and Molecular Biology; Environmental Science"
107;22064;"Clinical Genetics";journal;"00099163, 13990004";"Wiley-Blackwell Publishing Ltd";No;No;1,093;Q2;125;175;537;5278;1454;434;2,34;30,16;53,60;0;United Kingdom;Western Europe;"Wiley-Blackwell Publishing Ltd";"1970-2026";"Genetics (Q2); Genetics (clinical) (Q2)";"Biochemistry, Genetics and Molecular Biology; Medicine"
108;21100256980;"Plant Genome";journal;"19403372";"John Wiley &amp; Sons Inc.";Yes;No;1,074;Q2;78;122;289;8980;1233;280;3,76;73,61;31,18;6;United States;Northern America;"John Wiley &amp; Sons Inc.";"2008-2026";"Agronomy and Crop Science (Q1); Plant Science (Q1); Genetics (Q2)";"Agricultural and Biological Sciences; Biochemistry, Genetics and Molecular Biology"
109;22235;"Heredity";journal;"0018067X, 13652540";"Springer Nature";Yes;No;1,073;Q2;146;72;286;5543;1044;279;3,58;76,99;37,34;3;Switzerland;Western Europe;"Springer Nature";"1947-2026";"Genetics (Q2); Genetics (clinical) (Q2)";"Biochemistry, Genetics and Molecular Biology; Medicine"
110;19836;"Mycorrhiza";journal;"14321890, 09406360";"Springer Science and Business Media Deutschland GmbH";No;No;1,071;Q2;113;41;134;2943;546;133;4,03;71,78;39,13;0;Germany;Western Europe;"Springer Science and Business Media Deutschland GmbH";"1991-2026";"Ecology, Evolution, Behavior and Systematics (Q1); Medicine (miscellaneous) (Q1); Plant Science (Q1); Genetics (Q2); Molecular Biology (Q2)";"Agricultural and Biological Sciences; Biochemistry, Genetics and Molecular Biology; Medicine"
111;17300154988;"BioData Mining";journal;"17560381";"BioMed Central Ltd";Yes;No;1,068;Q2;46;60;116;3624;859;111;7,89;60,40;41,96;0;United Kingdom;Western Europe;"BioMed Central Ltd";"2009-2026";"Computational Mathematics (Q1); Computational Theory and Mathematics (Q1); Computer Science Applications (Q1); Biochemistry (Q2); Genetics (Q2); Molecular Biology (Q2)";"Biochemistry, Genetics and Molecular Biology; Computer Science; Mathematics"
112;16950;"Chromosome Research";journal;"15736849, 09673849";"";No;No;1,063;Q2;92;15;97;917;216;92;2,55;61,13;40,48;0;Netherlands;Western Europe;"";"1993-2026";"Genetics (Q2)";"Biochemistry, Genetics and Molecular Biology"
113;21100356807;"Current Plant Biology";journal;"22146628";"Elsevier B.V.";Yes;No;1,028;Q2;42;110;112;9050;698;102;4,70;82,27;38,77;1;Netherlands;Western Europe;"Elsevier B.V.";"2014-2026";"Plant Science (Q1); Biochemistry (Q2); Cell Biology (Q2); Developmental Biology (Q2); Genetics (Q2)";"Agricultural and Biological Sciences; Biochemistry, Genetics and Molecular Biology"
114;18926;"Journal of Heredity";journal;"14657333, 00221503";"Oxford University Press";No;No;1,021;Q2;108;63;200;4639;602;199;2,70;73,63;39,41;1;United Kingdom;Western Europe;"Oxford University Press";"1905-2026";"Biotechnology (Q1); Genetics (Q2); Genetics (clinical) (Q2); Molecular Biology (Q2)";"Biochemistry, Genetics and Molecular Biology; Medicine"
115;21100861038;"Non-coding RNA";journal;"2311553X";"Multidisciplinary Digital Publishing Institute (MDPI)";Yes;No;1,019;Q2;48;60;235;5535;871;223;2,99;92,25;49,70;0;Switzerland;Western Europe;"Multidisciplinary Digital Publishing Institute (MDPI)";"2015-2025";"Biochemistry (Q2); Genetics (Q2); Molecular Biology (Q2)";"Biochemistry, Genetics and Molecular Biology"
116;29769;"Familial Cancer";journal;"15737292, 13899600";"Springer Science and Business Media B.V.";No;No;1,018;Q2;72;68;148;2783;330;138;2,01;40,93;61,18;0;Netherlands;Western Europe;"Springer Science and Business Media B.V.";"2001, 2003-2026";"Cancer Research (Q2); Genetics (Q2); Genetics (clinical) (Q2); Oncology (Q2)";"Biochemistry, Genetics and Molecular Biology; Medicine"
117;21752;"Chromosoma";journal;"14320886, 00095915";"Springer Science and Business Media Deutschland GmbH";No;No;1,013;Q2;100;17;60;1795;114;57;2,10;105,59;53,42;0;Germany;Western Europe;"Springer Science and Business Media Deutschland GmbH";"1939, 1941, 1948, 1950-1953, 1955-2025";"Genetics (Q2); Genetics (clinical) (Q2)";"Biochemistry, Genetics and Molecular Biology; Medicine"
118;18928;"Journal of Human Genetics";journal;"1435232X, 14345161";"Springer Nature";No;No;1,012;Q2;100;87;357;2631;1006;343;2,44;30,24;39,94;0;United Kingdom;Western Europe;"Springer Nature";"1961, 1996, 1998-2026";"Genetics (Q2); Genetics (clinical) (Q2)";"Biochemistry, Genetics and Molecular Biology; Medicine"
119;10100153328;"Genes and Nutrition";journal;"15558932, 18653499";"BioMed Central Ltd";Yes;No;1,008;Q2;72;22;51;1253;183;50;4,29;56,95;54,24;0;United Kingdom;Western Europe;"BioMed Central Ltd";"2007-2026";"Endocrinology, Diabetes and Metabolism (Q2); Genetics (Q2)";"Biochemistry, Genetics and Molecular Biology; Medicine"
120;21727;"BMC Genomics";journal;"14712164";"BioMed Central Ltd";Yes;No;1,003;Q2;218;1233;2511;79768;9753;2502;3,66;64,69;42,36;15;United Kingdom;Western Europe;"BioMed Central Ltd";"2000-2026";"Biotechnology (Q1); Genetics (Q2)";"Biochemistry, Genetics and Molecular Biology"
121;25949;"Experimental Hematology";journal;"0301472X, 18732399";"Elsevier Inc.";No;No;1,000;Q2;133;85;225;5611;501;222;1,92;66,01;44,17;0;United States;Northern America;"Elsevier Inc.";"1973-2026";"Hematology (Q1); Cancer Research (Q2); Cell Biology (Q2); Genetics (Q2); Molecular Biology (Q2)";"Biochemistry, Genetics and Molecular Biology; Medicine"
122;21100851290;"World Journal of Stem Cells";journal;"19480210";"Baishideng Publishing Group Inc";Yes;No;0,996;Q2;48;91;239;4817;1013;239;3,57;52,93;40,94;0;United States;Northern America;"Baishideng Publishing Group Inc";"2016-2025";"Histology (Q1); Cell Biology (Q2); Genetics (Q2); Genetics (clinical) (Q2); Molecular Biology (Q2)";"Biochemistry, Genetics and Molecular Biology; Medicine"
123;16646;"Planta";journal;"14322048, 00320935";"Springer Science and Business Media Deutschland GmbH";No;No;0,994;Q2;204;284;729;22691;3202;726;4,16;79,90;44,66;0;Germany;Western Europe;"Springer Science and Business Media Deutschland GmbH";"1925-1945, 1947-2026";"Plant Science (Q1); Genetics (Q2)";"Agricultural and Biological Sciences; Biochemistry, Genetics and Molecular Biology"
124;19700175011;"Application of Clinical Genetics";journal;"1178704X";"Dove Medical Press Ltd";Yes;No;0,987;Q2;48;23;70;768;245;70;2,00;33,39;53,73;0;New Zealand;Pacific Region;"Dove Medical Press Ltd";"2008-2026";"Genetics (Q2); Genetics (clinical) (Q2)";"Biochemistry, Genetics and Molecular Biology; Medicine"
125;21100832688;"Synthetic and Systems Biotechnology";journal;"2405805X";"KeAi Communications Co.";Yes;No;0,983;Q2;49;95;219;4936;1008;203;4,25;51,96;43,75;0;China;Asiatic Region;"KeAi Communications Co.";"2016-2026";"Applied Microbiology and Biotechnology (Q1); Biomedical Engineering (Q1); Genetics (Q2); Structural Biology (Q2)";"Biochemistry, Genetics and Molecular Biology; Engineering; Immunology and Microbiology"
126;18962;"Mammalian Genome";journal;"14321777, 09388990";"Springer";No;No;0,976;Q2;109;55;151;3540;461;147;2,94;64,36;42,26;0;United States;Northern America;"Springer";"1991-2026";"Genetics (Q2)";"Biochemistry, Genetics and Molecular Biology"
127;21100207626;"Advances in Biological Regulation";journal;"22124934, 22124926";"Elsevier Ltd";No;No;0,969;Q2;75;28;100;2772;246;95;2,41;99,00;48,57;0;United Kingdom;Western Europe;"Elsevier Ltd";"2012-2026";"Cancer Research (Q2); Genetics (Q2); Molecular Biology (Q2); Molecular Medicine (Q2)";"Biochemistry, Genetics and Molecular Biology"
128;6400153153;"Plant Methods";journal;"17464811";"BioMed Central Ltd";Yes;No;0,967;Q2;113;183;409;8684;2315;408;4,79;47,45;35,78;3;United Kingdom;Western Europe;"BioMed Central Ltd";"2005-2026";"Plant Science (Q1); Biotechnology (Q2); Genetics (Q2)";"Agricultural and Biological Sciences; Biochemistry, Genetics and Molecular Biology"
129;16703;"American Journal of Botany";journal;"15372197, 00029122";"John Wiley &amp; Sons Inc.";No;No;0,964;Q2;186;156;505;12814;1369;480;2,36;82,14;41,26;3;United States;Northern America;"John Wiley &amp; Sons Inc.";"1922, 1934-1935, 1939-1943, 1946-1957, 1959-1960, 1965-1970, 1974, 1976-2026";"Ecology, Evolution, Behavior and Systematics (Q1); Plant Science (Q1); Genetics (Q2)";"Agricultural and Biological Sciences; Biochemistry, Genetics and Molecular Biology"
130;18966;"Mutagenesis";journal;"02678357, 14643804";"Oxford University Press";No;No;0,932;Q2;107;25;98;1269;367;97;5,04;50,76;56,08;1;United Kingdom;Western Europe;"Oxford University Press";"1986-2025";"Genetics (Q2); Genetics (clinical) (Q2); Health, Toxicology and Mutagenesis (Q2); Toxicology (Q2)";"Biochemistry, Genetics and Molecular Biology; Environmental Science; Medicine; Pharmacology, Toxicology and Pharmaceutics"
131;14155;"Molecular Genetics and Metabolism";journal;"10967206, 10967192";"Academic Press Inc.";No;No;0,915;Q2;134;133;387;5871;1244;363;3,19;44,14;57,00;7;United States;Northern America;"Academic Press Inc.";"1998-2026";"Biochemistry (Q2); Endocrinology (Q2); Endocrinology, Diabetes and Metabolism (Q2); Genetics (Q2); Molecular Biology (Q2)";"Biochemistry, Genetics and Molecular Biology; Medicine"
132;35934;"Physiological Genomics";journal;"15312267, 10948341";"American Physiological Society";No;No;0,911;Q2;132;69;142;4994;365;139;2,36;72,38;44,09;1;United States;Northern America;"American Physiological Society";"1999-2026";"Genetics (Q2); Physiology (Q2)";"Biochemistry, Genetics and Molecular Biology"
133;22193;"Genetics Selection Evolution";journal;"0999193X, 12979686";"BioMed Central Ltd";Yes;No;0,903;Q2;97;77;267;4298;961;266;3,02;55,82;37,09;3;United Kingdom;Western Europe;"BioMed Central Ltd";"1970, 1972-1977, 1983, 1989-2026";"Animal Science and Zoology (Q1); Ecology, Evolution, Behavior and Systematics (Q1); Medicine (miscellaneous) (Q1); Genetics (Q2)";"Agricultural and Biological Sciences; Biochemistry, Genetics and Molecular Biology; Medicine"
134;21101188713;"GigaByte";journal;"27094715";"GigaScience Press";Yes;No;0,871;Q2;14;43;92;1819;202;92;1,73;42,30;37,27;1;China;Asiatic Region;"GigaScience Press";"2020-2025";"Biochemistry, Genetics and Molecular Biology (miscellaneous) (Q2); Biotechnology (Q2); Genetics (Q2); Molecular Medicine (Q2)";"Biochemistry, Genetics and Molecular Biology"
135;21101183614;"Addiction Neuroscience";journal;"27723925";"Elsevier Inc.";Yes;No;0,870;Q2;14;34;109;2598;250;106;2,29;76,41;51,71;0;United States;Northern America;"Elsevier Inc.";"2022-2026";"Genetics (Q2); Neuroscience (miscellaneous) (Q2)";"Biochemistry, Genetics and Molecular Biology; Neuroscience"
136;21369;"Expert Review of Molecular Diagnostics";journal;"17448352, 14737159";"Taylor and Francis Ltd.";No;No;0,870;Q2;95;97;330;9050;1105;290;3,10;93,30;47,27;2;United Kingdom;Western Europe;"Taylor and Francis Ltd.";"2001-2026";"Pathology and Forensic Medicine (Q1); Genetics (Q2); Molecular Biology (Q2); Molecular Medicine (Q2)";"Biochemistry, Genetics and Molecular Biology; Medicine"
137;27580;"Journal of Assisted Reproduction and Genetics";journal;"10580468, 15737330";"Springer";No;No;0,868;Q2;108;349;993;15001;2676;894;2,44;42,98;55,30;4;United States;Northern America;"Springer";"1992-2026";"Obstetrics and Gynecology (Q1); Developmental Biology (Q2); Genetics (Q2); Genetics (clinical) (Q2); Medicine (miscellaneous) (Q2); Reproductive Medicine (Q2)";"Biochemistry, Genetics and Molecular Biology; Medicine"
138;21100236803;"Frontiers in Genetics";journal;"16648021";"Frontiers Media SA";Yes;No;0,863;Q2;147;1101;8414;56160;25162;7974;2,76;51,01;46,99;4;Switzerland;Western Europe;"Frontiers Media SA";"2010-2026";"Genetics (Q2); Genetics (clinical) (Q2); Molecular Medicine (Q2)";"Biochemistry, Genetics and Molecular Biology; Medicine"
139;21101022488;"Metabarcoding and Metagenomics";journal;"25349708";"Pensoft Publishers";Yes;No;0,862;Q2;25;22;65;1531;216;62;3,05;69,59;39,39;3;Bulgaria;Eastern Europe;"Pensoft Publishers";"2017-2025";"Animal Science and Zoology (Q1); Ecology, Evolution, Behavior and Systematics (Q1); Insect Science (Q1); Nature and Landscape Conservation (Q1); Plant Science (Q1); Genetics (Q2); Molecular Biology (Q2)";"Agricultural and Biological Sciences; Biochemistry, Genetics and Molecular Biology; Environmental Science"
140;21101112616;"American Journal of Biological Anthropology";journal;"26927691";"John Wiley and Sons Inc";No;No;0,861;Q2;150;156;509;14730;1188;475;1,98;94,42;49,23;1;United States;Northern America;"John Wiley and Sons Inc";"2022-2026";"Anatomy (Q1); Anthropology (Q1); Archeology (Q1); Paleontology (Q1); Epidemiology (Q2); Genetics (Q2)";"Biochemistry, Genetics and Molecular Biology; Earth and Planetary Sciences; Medicine; Social Sciences"
141;22138;"Genes, Brain and Behavior";journal;"1601183X, 16011848";"Wiley-Blackwell Publishing Ltd";No;No;0,861;Q2;107;33;171;2235;391;167;2,51;67,73;46,51;0;United Kingdom;Western Europe;"Wiley-Blackwell Publishing Ltd";"2002-2025";"Behavioral Neuroscience (Q2); Genetics (Q2); Neurology (Q2)";"Biochemistry, Genetics and Molecular Biology; Neuroscience"
142;19700175823;"Briefings in Functional Genomics";journal;"20412649, 20412657";"Oxford University Press";No;No;0,860;Q2;91;80;126;6087;423;121;3,01;76,09;39,14;0;United Kingdom;Western Europe;"Oxford University Press";"2010-2026";"Biochemistry (Q2); Genetics (Q2); Medicine (miscellaneous) (Q2); Molecular Biology (Q2)";"Biochemistry, Genetics and Molecular Biology; Medicine"
143;19700188368;"Genes";journal;"20734425";"Multidisciplinary Digital Publishing Institute (MDPI)";Yes;No;0,858;Q2;119;1651;6647;102762;21326;6551;2,99;62,24;48,37;9;Switzerland;Western Europe;"Multidisciplinary Digital Publishing Institute (MDPI)";"2010-2026";"Genetics (Q2); Genetics (clinical) (Q2)";"Biochemistry, Genetics and Molecular Biology; Medicine"
144;21101050345;"Phytopathology Research";journal;"20965362, 25244167";"BioMed Central Ltd";Yes;Yes;0,850;Q2;27;69;140;4466;521;137;3,55;64,72;42,18;1;United Kingdom;Western Europe;"BioMed Central Ltd";"2019-2026";"Plant Science (Q1); Biochemistry, Genetics and Molecular Biology (miscellaneous) (Q2); Genetics (Q2); Physiology (Q2)";"Agricultural and Biological Sciences; Biochemistry, Genetics and Molecular Biology"
145;22215;"Genomics";journal;"08887543, 10898646";"Academic Press Inc.";Yes;No;0,847;Q2;164;187;903;11195;3143;902;3,08;59,87;41,85;2;United States;Northern America;"Academic Press Inc.";"1987-2026";"Genetics (Q2)";"Biochemistry, Genetics and Molecular Biology"
146;14500154702;"Journal of Cardiovascular Translational Research";journal;"19375395, 19375387";"Springer";No;No;0,844;Q2;68;135;385;7011;1071;365;2,49;51,93;38,20;0;United States;Northern America;"Springer";"2008-2026";"Pharmaceutical Science (Q1); Cardiology and Cardiovascular Medicine (Q2); Genetics (Q2); Genetics (clinical) (Q2); Molecular Medicine (Q2)";"Biochemistry, Genetics and Molecular Biology; Medicine; Pharmacology, Toxicology and Pharmaceutics"
147;18800156706;"Molecular Medicine Reports";journal;"17913004, 17912997";"Spandidos Publications";No;No;0,841;Q2;106;230;1377;13998;4564;1377;3,05;60,86;47,00;0;Greece;Western Europe;"Spandidos Publications";"2008-2026";"Biochemistry (Q2); Genetics (Q2); Molecular Biology (Q2); Molecular Medicine (Q2); Oncology (Q2); Cancer Research (Q3)";"Biochemistry, Genetics and Molecular Biology; Medicine"
148;24546;"Zoologica Scripta";journal;"14636409, 03003256";"Wiley-Blackwell Publishing Ltd";No;No;0,833;Q2;78;57;144;4645;345;142;2,22;81,49;37,55;0;United Kingdom;Western Europe;"Wiley-Blackwell Publishing Ltd";"1971-2026";"Animal Science and Zoology (Q1); Ecology, Evolution, Behavior and Systematics (Q1); Genetics (Q2); Molecular Biology (Q2)";"Agricultural and Biological Sciences; Biochemistry, Genetics and Molecular Biology"
149;18946;"Journal of Molecular Evolution";journal;"14321432, 00222844";"Springer";No;No;0,818;Q2;142;65;170;4782;376;150;1,86;73,57;34,58;0;United States;Northern America;"Springer";"1971-2026";"Ecology, Evolution, Behavior and Systematics (Q1); Genetics (Q2); Molecular Biology (Q3)";"Agricultural and Biological Sciences; Biochemistry, Genetics and Molecular Biology"
150;21100832705;"Cold Spring Harbor Molecular Case Studies";journal;"23732873";"Cold Spring Harbor Laboratory Press";No;No;0,812;Q2;31;0;164;0;284;164;1,55;0,00;0,00;0;United States;Northern America;"Cold Spring Harbor Laboratory Press";"2016-2023";"Biochemistry (Q2); Genetics (Q2); Genetics (clinical) (Q2); Molecular Medicine (Q2)";"Biochemistry, Genetics and Molecular Biology; Medicine"
151;21100232417;"G3: Genes, Genomes, Genetics";journal;"21601836";"Genetics Society of America";Yes;No;0,812;Q2;98;311;1100;19630;2435;1092;2,12;63,12;39,75;1;United States;Northern America;"Genetics Society of America";"2011-2026";"Genetics (Q2); Genetics (clinical) (Q2); Medicine (miscellaneous) (Q2); Molecular Biology (Q3)";"Biochemistry, Genetics and Molecular Biology; Medicine"
152;14163;"Molecular Reproduction and Development";journal;"1040452X, 10982795";"Wiley-Liss Inc.";No;No;0,811;Q2;121;46;190;3170;588;181;3,14;68,91;40,27;0;United States;Northern America;"Wiley-Liss Inc.";"1988-2026";"Developmental Biology (Q2); Genetics (Q2); Cell Biology (Q3)";"Biochemistry, Genetics and Molecular Biology"
153;21100891048;"Epigenetics Insights";journal;"25168657";"SAGE Publications Ltd";Yes;No;0,810;Q2;17;0;29;0;69;27;2,90;0,00;0,00;0;United Kingdom;Western Europe;"SAGE Publications Ltd";"2018-2023";"Biochemistry (Q2); Genetics (Q2)";"Biochemistry, Genetics and Molecular Biology"
154;21100889437;"Molecular Omics";journal;"25154184";"Royal Society of Chemistry";No;No;0,806;Q2;31;49;236;3533;744;229;2,55;72,10;42,99;0;United Kingdom;Western Europe;"Royal Society of Chemistry";"2018-2026";"Biochemistry (Q2); Genetics (Q2); Molecular Biology (Q3)";"Biochemistry, Genetics and Molecular Biology"
155;19357;"Molecular Breeding";journal;"13803743, 15729788";"Springer Science and Business Media B.V.";No;No;0,803;Q2;124;81;243;4276;796;242;3,29;52,79;37,12;0;Netherlands;Western Europe;"Springer Science and Business Media B.V.";"1995-2026";"Agronomy and Crop Science (Q1); Plant Science (Q1); Biotechnology (Q2); Genetics (Q2); Molecular Biology (Q3)";"Agricultural and Biological Sciences; Biochemistry, Genetics and Molecular Biology"
156;110320;"American Journal of Medical Genetics, Part C: Seminars in Medical Genetics";journal;"15524876, 15524868";"Wiley-Liss Inc.";No;No;0,799;Q2;122;46;173;875;596;137;4,48;19,02;66,09;0;United States;Northern America;"Wiley-Liss Inc.";"1980-1981, 1984-1985, 1987-1989, 1991-1996, 1999-2026";"Genetics (Q2); Genetics (clinical) (Q2)";"Biochemistry, Genetics and Molecular Biology; Medicine"
157;19814;"Mycologia";journal;"00275514, 15572536";"Taylor and Francis Ltd.";No;No;0,799;Q2;135;65;203;4102;650;203;2,99;63,11;37,46;0;United Kingdom;Western Europe;"Taylor and Francis Ltd.";"1945-1949, 1953, 1960-1961, 1965-1982, 1984-2026";"Ecology, Evolution, Behavior and Systematics (Q1); Plant Science (Q1); Genetics (Q2); Medicine (miscellaneous) (Q2); Physiology (Q2); Cell Biology (Q3); Molecular Biology (Q3)";"Agricultural and Biological Sciences; Biochemistry, Genetics and Molecular Biology; Medicine"
158;17971;"IEEE/ACM Transactions on Computational Biology and Bioinformatics";journal;"15579964, 15455963";"Institute of Electrical and Electronics Engineers Inc.";No;No;0,797;Q2;0;0;0;0;0;0;0,00;0,00;0,00;0;United States;Northern America;"Institute of Electrical and Electronics Engineers Inc.";"2004-2024";"Applied Mathematics (Q2); Biotechnology (Q2); Genetics (Q2)";"Biochemistry, Genetics and Molecular Biology; Mathematics"
159;21101230650;"Peer Community Journal";journal;"28043871";"Centre Mersenne";Yes;Yes;0,797;Q2;16;117;275;7914;516;275;1,94;67,64;43,07;2;France;Western Europe;"Centre Mersenne";"2021-2026";"Agricultural and Biological Sciences (miscellaneous) (Q1); Animal Science and Zoology (Q1); Ecology, Evolution, Behavior and Systematics (Q1); Genetics (Q2)";"Agricultural and Biological Sciences; Biochemistry, Genetics and Molecular Biology"
160;22556;"Journal of Experimental Zoology Part B: Molecular and Developmental Evolution";journal;"15525007, 15525015";"John Wiley &amp; Sons Inc.";No;No;0,791;Q2;77;51;167;3068;280;135;1,71;60,16;41,71;0;United States;Northern America;"John Wiley &amp; Sons Inc.";"2003-2026";"Animal Science and Zoology (Q1); Ecology, Evolution, Behavior and Systematics (Q1); Genetics (Q2); Molecular Medicine (Q2); Developmental Biology (Q3)";"Agricultural and Biological Sciences; Biochemistry, Genetics and Molecular Biology"
161;21100463067;"Journal of Genetic Engineering and Biotechnology";journal;"20905920, 1687157X";"Elsevier B.V.";Yes;No;0,767;Q2;62;82;520;4800;2390;520;3,26;58,54;45,31;1;Netherlands;Western Europe;"Elsevier B.V.";"2011-2026";"Biotechnology (Q2); Genetics (Q2)";"Biochemistry, Genetics and Molecular Biology"
162;22271;"Immunogenetics";journal;"00937711, 14321211";"Springer Science and Business Media Deutschland GmbH";No;No;0,755;Q2;104;33;124;1638;361;119;2,75;49,64;41,67;0;Germany;Western Europe;"Springer Science and Business Media Deutschland GmbH";"1974-2026";"Genetics (Q2); Immunology (Q3)";"Biochemistry, Genetics and Molecular Biology; Immunology and Microbiology"
163;35941;"Journal of Animal Science";journal;"15253163, 00218812";"Oxford University Press";No;No;0,755;Q2;196;381;1234;19757;3270;1218;2,61;51,86;41,56;5;United States;Northern America;"Oxford University Press";"1946-1951, 1953, 1958-1959, 1961-2026";"Animal Science and Zoology (Q1); Food Science (Q1); Genetics (Q2); Medicine (miscellaneous) (Q2)";"Agricultural and Biological Sciences; Biochemistry, Genetics and Molecular Biology; Medicine"
164;18993;"New Genetics and Society";journal;"14636778, 14699915";"Routledge";Yes;No;0,749;Q2;45;11;57;684;121;56;1,81;62,18;57,58;0;United Kingdom;Western Europe;"Routledge";"1996-1997, 1999-2025";"Issues, Ethics and Legal Aspects (Q1); Genetics (Q2); Health Policy (Q2); Health (social science) (Q2)";"Biochemistry, Genetics and Molecular Biology; Medicine; Nursing; Social Sciences"
165;130005;"European Journal of Medical Genetics";journal;"18780849, 17697212";"Elsevier Masson s.r.l.";No;No;0,748;Q2;71;90;511;2480;994;498;1,86;27,56;56,54;4;France;Western Europe;"Elsevier Masson s.r.l.";"2005-2026";"Genetics (Q2); Medicine (miscellaneous) (Q2); Genetics (clinical) (Q3)";"Biochemistry, Genetics and Molecular Biology; Medicine"
166;22142;"Genesis (United States)";journal;"1526954X, 1526968X";"Wiley-Liss Inc.";No;No;0,747;Q2;128;52;119;2904;192;79;1,38;55,85;46,20;0;United States;Northern America;"Wiley-Liss Inc.";"2000-2026";"Endocrinology (Q2); Genetics (Q2); Medicine (miscellaneous) (Q2); Cell Biology (Q3)";"Biochemistry, Genetics and Molecular Biology; Medicine"
167;22605;"Journal of Zoological Systematics and Evolutionary Research";journal;"09475745, 14390469";"Wiley-VCH Verlag";Yes;No;0,741;Q2;62;13;162;793;365;160;2,50;61,00;49,28;0;Germany;Western Europe;"Wiley-VCH Verlag";"1963-1981, 1983-2026";"Animal Science and Zoology (Q1); Ecology, Evolution, Behavior and Systematics (Q1); Genetics (Q2); Molecular Biology (Q3)";"Agricultural and Biological Sciences; Biochemistry, Genetics and Molecular Biology"
168;14677;"Infection, Genetics and Evolution";journal;"15677257, 15671348";"Elsevier B.V.";Yes;No;0,740;Q2;124;155;781;8372;2174;769;2,83;54,01;44,03;11;Netherlands;Western Europe;"Elsevier B.V.";"2001-2026";"Ecology, Evolution, Behavior and Systematics (Q1); Genetics (Q2); Infectious Diseases (Q2); Microbiology (Q2); Microbiology (medical) (Q2); Molecular Biology (Q3)";"Agricultural and Biological Sciences; Biochemistry, Genetics and Molecular Biology; Immunology and Microbiology; Medicine"
169;145157;"American Journal of Medical Genetics, Part A";journal;"15524833, 15524825";"John Wiley and Sons Inc";No;No;0,733;Q2;141;384;1350;8349;2476;1212;1,71;21,74;59,93;4;United States;Northern America;"John Wiley and Sons Inc";"1996-1999, 2001-2026";"Genetics (Q2); Genetics (clinical) (Q3)";"Biochemistry, Genetics and Molecular Biology; Medicine"
170;16531;"Physiological and Molecular Plant Pathology";journal;"10961178, 08855765";"Academic Press";No;No;0,726;Q2;96;238;448;15963;1723;446;4,08;67,07;39,50;0;United States;Northern America;"Academic Press";"1986-2026";"Plant Science (Q1); Genetics (Q2)";"Agricultural and Biological Sciences; Biochemistry, Genetics and Molecular Biology"
171;22119;"Functional and Integrative Genomics";journal;"14387948, 1438793X";"";No;No;0,721;Q2;94;197;468;14586;1506;447;3,20;74,04;42,54;0;Germany;Western Europe;"";"2000-2026";"Genetics (Q2); Medicine (miscellaneous) (Q2)";"Biochemistry, Genetics and Molecular Biology; Medicine"
172;21100901748;"Behavioral Sciences";journal;"2076328X";"Multidisciplinary Digital Publishing Institute (MDPI)";Yes;No;0,718;Q2;64;1236;1714;82907;5233;1700;2,85;67,08;54,11;14;Switzerland;Western Europe;"Multidisciplinary Digital Publishing Institute (MDPI)";"2011-2026";"Development (Q1); Ecology, Evolution, Behavior and Systematics (Q1); Genetics (Q2); Psychology (miscellaneous) (Q2); Behavioral Neuroscience (Q3)";"Agricultural and Biological Sciences; Biochemistry, Genetics and Molecular Biology; Neuroscience; Psychology; Social Sciences"
173;18922;"Journal of Gene Medicine";journal;"1099498X, 15212254";"John Wiley and Sons Ltd";No;No;0,712;Q2;104;167;243;8064;713;239;2,73;48,29;41,61;1;United States;Northern America;"John Wiley and Sons Ltd";"1998-2026";"Drug Discovery (Q2); Genetics (Q2); Genetics (clinical) (Q3); Molecular Biology (Q3); Molecular Medicine (Q3)";"Biochemistry, Genetics and Molecular Biology; Medicine; Pharmacology, Toxicology and Pharmaceutics"
174;14154;"Molecular Biology Reports";journal;"03014851, 15734978";"Springer Science and Business Media B.V.";No;No;0,710;Q2;103;1124;2808;62063;8774;2803;2,98;55,22;44,48;3;Netherlands;Western Europe;"Springer Science and Business Media B.V.";"1973-1988, 1990-2026";"Genetics (Q2); Medicine (miscellaneous) (Q2); Molecular Biology (Q3)";"Biochemistry, Genetics and Molecular Biology; Medicine"
175;16614;"Plant Pathology";journal;"00320862, 13653059";"Wiley-Blackwell Publishing Ltd";No;No;0,710;Q2;114;200;495;11712;1519;485;2,94;58,56;44,64;13;United Kingdom;Western Europe;"Wiley-Blackwell Publishing Ltd";"1952-2026";"Agronomy and Crop Science (Q1); Horticulture (Q1); Plant Science (Q1); Genetics (Q2)";"Agricultural and Biological Sciences; Biochemistry, Genetics and Molecular Biology"
176;19700202610;"Cancer Genetics";journal;"22107762, 22107770";"Elsevier Inc.";No;No;0,709;Q3;59;43;207;1928;387;205;2,15;44,84;45,09;0;United States;Northern America;"Elsevier Inc.";"2011-2026";"Cancer Research (Q3); Genetics (Q3); Molecular Biology (Q3)";"Biochemistry, Genetics and Molecular Biology"
177;17905;"Yeast";journal;"10970061, 0749503X";"John Wiley and Sons Ltd";Yes;No;0,706;Q3;116;51;141;3172;355;136;2,74;62,20;44,31;0;United Kingdom;Western Europe;"John Wiley and Sons Ltd";"1985-2026";"Applied Microbiology and Biotechnology (Q2); Biochemistry (Q2); Bioengineering (Q2); Biotechnology (Q2); Medicine (miscellaneous) (Q2); Genetics (Q3)";"Biochemistry, Genetics and Molecular Biology; Chemical Engineering; Immunology and Microbiology; Medicine"
178;21741;"Behavior Genetics";journal;"00018244, 15733297";"Springer";No;No;0,702;Q3;110;40;116;2083;214;110;2,09;52,08;51,46;0;United States;Northern America;"Springer";"1970, 1972-2026";"Ecology, Evolution, Behavior and Systematics (Q1); Genetics (Q3); Genetics (clinical) (Q3)";"Agricultural and Biological Sciences; Biochemistry, Genetics and Molecular Biology; Medicine"
179;17300154707;"BMC Medical Genomics";journal;"17558794";"BioMed Central Ltd";Yes;No;0,701;Q3;102;282;898;11653;1932;895;2,03;41,32;44,93;1;United Kingdom;Western Europe;"BioMed Central Ltd";"2008-2026";"Genetics (Q3); Genetics (clinical) (Q3)";"Biochemistry, Genetics and Molecular Biology; Medicine"
180;130074;"Cancer Genomics and Proteomics";journal;"17906245, 11096535";"International Institute of Anticancer Research";No;No;0,697;Q3;53;57;187;3027;497;187;2,67;53,11;34,61;10;Greece;Western Europe;"International Institute of Anticancer Research";"2004-2026";"Biochemistry (Q2); Medicine (miscellaneous) (Q2); Cancer Research (Q3); Genetics (Q3); Molecular Biology (Q3)";"Biochemistry, Genetics and Molecular Biology; Medicine"
181;18571;"Fungal Genetics and Biology";journal;"10960937, 10871845";"Academic Press Inc.";No;No;0,696;Q3;135;45;173;2530;469;171;2,35;56,22;44,82;0;United States;Northern America;"Academic Press Inc.";"1996-2026";"Microbiology (Q2); Genetics (Q3)";"Biochemistry, Genetics and Molecular Biology; Immunology and Microbiology"
182;21101044876;"Animal Bioscience";journal;"27650235, 27650189";"Asian-Australasian Association of Animal Production Societies";Yes;No;0,694;Q3;96;200;593;7983;1758;589;2,69;39,92;35,54;1;South Korea;Asiatic Region;"Asian-Australasian Association of Animal Production Societies";"2021-2025";"Animal Science and Zoology (Q1); Veterinary (miscellaneous) (Q1); Food Science (Q2); Physiology (Q2); Genetics (Q3)";"Agricultural and Biological Sciences; Biochemistry, Genetics and Molecular Biology; Veterinary"
183;22141;"Genes to Cells";journal;"13652443, 13569597";"Wiley-Blackwell Publishing Ltd";No;No;0,694;Q3;129;95;208;4339;315;207;1,26;45,67;27,56;0;United Kingdom;Western Europe;"Wiley-Blackwell Publishing Ltd";"1996-2026";"Medicine (miscellaneous) (Q2); Cell Biology (Q3); Genetics (Q3)";"Biochemistry, Genetics and Molecular Biology; Medicine"
184;21168;"Pharmacogenomics Journal";journal;"1470269X, 14731150";"Springer Nature";No;No;0,694;Q3;101;38;134;1708;380;134;3,03;44,95;40,86;0;United Kingdom;Western Europe;"Springer Nature";"2001-2026";"Pharmacology (Q2); Genetics (Q3); Molecular Medicine (Q3)";"Biochemistry, Genetics and Molecular Biology; Pharmacology, Toxicology and Pharmaceutics"
185;19900191728;"Arthropod Systematics and Phylogeny";journal;"18637221, 18648312";"Staatliche Naturhistorische Sammlungen Dresden";Yes;Yes;0,692;Q3;31;29;97;1995;188;97;1,92;68,79;27,21;0;Germany;Western Europe;"Staatliche Naturhistorische Sammlungen Dresden";"2009-2025";"Insect Science (Q1); Genetics (Q3)";"Agricultural and Biological Sciences; Biochemistry, Genetics and Molecular Biology"
186;21100854817;"Current Stem Cell Reports";journal;"21987866";"Springer Science and Business Media Deutschland GmbH";No;No;0,692;Q3;29;11;46;1079;109;46;2,74;98,09;43,75;0;Switzerland;Western Europe;"Springer Science and Business Media Deutschland GmbH";"2015-2026";"Cell Biology (Q3); Developmental Biology (Q3); Genetics (Q3); Molecular Biology (Q3)";"Biochemistry, Genetics and Molecular Biology"
187;19700175458;"Epigenomics";journal;"1750192X, 17501911";"Taylor and Francis Ltd.";No;No;0,690;Q3;85;104;366;6938;778;326;1,97;66,71;47,30;0;United Kingdom;Western Europe;"Taylor and Francis Ltd.";"2009-2026";"Cancer Research (Q3); Genetics (Q3)";"Biochemistry, Genetics and Molecular Biology"
188;21100326555;"Molecular Genetics and Metabolism Reports";journal;"22144269";"Elsevier Inc.";Yes;No;0,685;Q3;36;141;311;3719;634;289;2,01;26,38;55,35;2;United States;Northern America;"Elsevier Inc.";"2014-2026";"Endocrinology (Q3); Genetics (Q3); Molecular Biology (Q3)";"Biochemistry, Genetics and Molecular Biology"
189;15636;"Gene";journal;"18790038, 03781119";"Elsevier B.V.";No;No;0,682;Q3;204;772;1918;43128;5304;1907;2,63;55,87;44,71;1;Netherlands;Western Europe;"Elsevier B.V.";"1976-2026";"Medicine (miscellaneous) (Q2); Genetics (Q3)";"Biochemistry, Genetics and Molecular Biology; Medicine"
190;22211;"Genome";journal;"14803321, 08312796";"Canadian Science Publishing";No;No;0,677;Q3;113;44;169;2932;448;159;1,90;66,64;39,18;0;Canada;Northern America;"Canadian Science Publishing";"1987-2026";"Biotechnology (Q2); Medicine (miscellaneous) (Q2); Genetics (Q3); Molecular Biology (Q3)";"Biochemistry, Genetics and Molecular Biology; Medicine"
191;12602;"American Journal of Human Biology";journal;"10420533, 15206300";"Wiley-Liss Inc.";No;No;0,676;Q3;103;174;439;9612;950;420;1,76;55,24;54,64;1;United States;Northern America;"Wiley-Liss Inc.";"1989-2026";"Anatomy (Q1); Anthropology (Q1); Ecology, Evolution, Behavior and Systematics (Q1); Genetics (Q3)";"Agricultural and Biological Sciences; Biochemistry, Genetics and Molecular Biology; Medicine; Social Sciences"
192;18992;"Neurogenetics";journal;"13646753, 13646745";"Springer Science and Business Media Deutschland GmbH";No;No;0,676;Q3;72;41;104;2038;182;98;1,23;49,71;48,47;0;Germany;Western Europe;"Springer Science and Business Media Deutschland GmbH";"1997-2026";"Cellular and Molecular Neuroscience (Q3); Genetics (Q3); Genetics (clinical) (Q3)";"Biochemistry, Genetics and Molecular Biology; Medicine; Neuroscience"
193;22072;"Current Gene Therapy";journal;"18755631, 15665232";"Bentham Science Publishers";No;No;0,673;Q3;85;43;109;2950;350;102;3,58;68,60;39,44;0;United Arab Emirates;Middle East;"Bentham Science Publishers";"2001-2025";"Drug Discovery (Q2); Genetics (Q3); Genetics (clinical) (Q3); Molecular Biology (Q3); Molecular Medicine (Q3)";"Biochemistry, Genetics and Molecular Biology; Medicine; Pharmacology, Toxicology and Pharmaceutics"
194;22074;"Current Genetics";journal;"01728083, 14320983";"Springer Science and Business Media Deutschland GmbH";No;No;0,668;Q3;98;19;166;884;302;165;1,86;46,53;53,25;0;Germany;Western Europe;"Springer Science and Business Media Deutschland GmbH";"1979-2025";"Medicine (miscellaneous) (Q2); Genetics (Q3)";"Biochemistry, Genetics and Molecular Biology; Medicine"
195;18968;"Mutation Research - Genetic Toxicology and Environmental Mutagenesis";journal;"18793592, 13835718";"Elsevier B.V.";No;No;0,668;Q3;132;71;217;3829;557;212;2,62;53,93;53,79;1;Netherlands;Western Europe;"Elsevier B.V.";"1997-2026";"Health, Toxicology and Mutagenesis (Q2); Genetics (Q3)";"Biochemistry, Genetics and Molecular Biology; Environmental Science"
196;76879;"Breeding Science";journal;"13447610, 13473735";"Japanese Society of Breeding";Yes;No;0,661;Q3;73;47;144;1995;365;126;2,29;42,45;30,41;1;Japan;Asiatic Region;"Japanese Society of Breeding";"1993-2025";"Agronomy and Crop Science (Q1); Plant Science (Q1); Genetics (Q3)";"Agricultural and Biological Sciences; Biochemistry, Genetics and Molecular Biology"
197;21100848471;"Journal of Experimental Zoology Part A: Ecological and Integrative Physiology";journal;"24715646, 24715638";"John Wiley &amp; Sons Inc.";No;No;0,647;Q3;32;97;261;6242;606;255;1,72;64,35;45,70;0;United States;Northern America;"John Wiley &amp; Sons Inc.";"2017-2026";"Animal Science and Zoology (Q1); Ecology, Evolution, Behavior and Systematics (Q2); Genetics (Q3); Molecular Biology (Q3); Physiology (Q3)";"Agricultural and Biological Sciences; Biochemistry, Genetics and Molecular Biology"
198;18893;"International Journal of Immunogenetics";journal;"1744313X, 17443121";"Wiley-Blackwell Publishing Ltd";No;No;0,641;Q3;51;41;111;1850;235;97;1,43;45,12;44,81;0;United Kingdom;Western Europe;"Wiley-Blackwell Publishing Ltd";"1974-1996, 2005-2026";"Medicine (miscellaneous) (Q2); Genetics (Q3); Genetics (clinical) (Q3); Immunology (Q3); Molecular Biology (Q3)";"Biochemistry, Genetics and Molecular Biology; Immunology and Microbiology; Medicine"
199;22578;"Journal of Mammalogy";journal;"00222372, 15451542";"Oxford University Press";No;No;0,641;Q3;120;117;361;8705;638;352;1,68;74,40;39,82;3;United States;Northern America;"Oxford University Press";"1921, 1932, 1934-1935, 1941-1942, 1945-1950, 1952-2026";"Animal Science and Zoology (Q1); Ecology (Q2); Ecology, Evolution, Behavior and Systematics (Q2); Nature and Landscape Conservation (Q2); Genetics (Q3)";"Agricultural and Biological Sciences; Biochemistry, Genetics and Molecular Biology; Environmental Science"
200;19623;"Archives of Microbiology";journal;"1432072X, 03028933";"Springer Science and Business Media Deutschland GmbH";No;No;0,637;Q3;129;463;1685;33236;5199;1679;2,91;71,78;44,10;1;Germany;Western Europe;"Springer Science and Business Media Deutschland GmbH";"1974-2026";"Medicine (miscellaneous) (Q2); Biochemistry (Q3); Genetics (Q3); Microbiology (Q3); Molecular Biology (Q3)";"Biochemistry, Genetics and Molecular Biology; Immunology and Microbiology; Medicine"
201;17424;"DNA and Cell Biology";journal;"10445498, 15577430";"Mary Ann Liebert Inc.";No;No;0,637;Q3;94;61;320;3393;752;316;2,12;55,62;49,40;0;United States;Northern America;"Mary Ann Liebert Inc.";"1990-2026";"Medicine (miscellaneous) (Q2); Cell Biology (Q3); Genetics (Q3); Molecular Biology (Q3)";"Biochemistry, Genetics and Molecular Biology; Medicine"
202;22075;"Current Genomics";journal;"13892029, 18755488";"Bentham Science Publishers";No;No;0,635;Q3;86;28;121;2147;392;111;1,30;76,68;37,96;0;United Arab Emirates;Middle East;"Bentham Science Publishers";"2000-2026";"Genetics (Q3); Genetics (clinical) (Q3)";"Biochemistry, Genetics and Molecular Biology; Medicine"
203;29581;"Journal of Computational Biology";journal;"15578666, 10665277";"Mary Ann Liebert Inc.";No;No;0,627;Q3;108;83;289;1428;490;280;1,73;17,20;29,39;0;United States;Northern America;"Mary Ann Liebert Inc.";"1994-2026";"Computational Mathematics (Q2); Computational Theory and Mathematics (Q2); Modeling and Simulation (Q2); Genetics (Q3); Molecular Biology (Q3)";"Biochemistry, Genetics and Molecular Biology; Computer Science; Mathematics"
204;22069;"Conservation Genetics";journal;"15729737, 15660621";"Springer Science and Business Media B.V.";No;No;0,620;Q3;87;93;225;6888;460;220;1,90;74,06;43,31;11;Netherlands;Western Europe;"Springer Science and Business Media B.V.";"1994, 2000-2026";"Ecology, Evolution, Behavior and Systematics (Q2); Genetics (Q3)";"Agricultural and Biological Sciences; Biochemistry, Genetics and Molecular Biology"
205;21101038704;"BMC Genomic Data";journal;"27306844";"BioMed Central Ltd";Yes;No;0,616;Q3;100;106;218;5117;562;215;2,64;48,27;39,86;1;United Kingdom;Western Europe;"BioMed Central Ltd";"2021-2026";"Genetics (Q3); Health Informatics (Q3)";"Biochemistry, Genetics and Molecular Biology; Medicine"
206;27769;"Journal of Forensic Sciences";journal;"00221198, 15564029";"John Wiley and Sons Inc";No;No;0,616;Q3;123;238;777;7723;1533;675;1,98;32,45;48,21;6;United States;Northern America;"John Wiley and Sons Inc";"1961, 1963-2026";"Pathology and Forensic Medicine (Q2); Genetics (Q3)";"Biochemistry, Genetics and Molecular Biology; Medicine"
207;21100847273;"Molecular Genetics and Genomic Medicine";journal;"23249269";"John Wiley and Sons Inc";Yes;No;0,611;Q3;50;237;663;7178;1232;650;1,74;30,29;53,09;2;United States;Northern America;"John Wiley and Sons Inc";"2013-2026";"Genetics (Q3); Genetics (clinical) (Q3); Molecular Biology (Q3)";"Biochemistry, Genetics and Molecular Biology; Medicine"
208;3900148224;"Comparative Biochemistry and Physiology - Part D: Genomics and Proteomics";journal;"1744117X, 18780407";"Elsevier Inc.";No;No;0,598;Q3;55;175;298;11781;824;293;2,58;67,32;42,64;0;United States;Northern America;"Elsevier Inc.";"2006-2026";"Animal Science and Zoology (Q1); Aquatic Science (Q2); Biochemistry (Q3); Genetics (Q3); Molecular Biology (Q3); Physiology (Q3)";"Agricultural and Biological Sciences; Biochemistry, Genetics and Molecular Biology"
209;19706;"FEMS Microbiology Letters";journal;"15746968, 03781097";"Oxford University Press";No;No;0,596;Q3;189;109;452;4943;1054;448;2,20;45,35;43,65;0;United Kingdom;Western Europe;"Oxford University Press";"1977-2026";"Genetics (Q3); Microbiology (Q3); Molecular Biology (Q3)";"Biochemistry, Genetics and Molecular Biology; Immunology and Microbiology"
210;22234;"Hereditas";journal;"16015223, 00180661";"BioMed Central Ltd";Yes;No;0,596;Q3;58;56;130;2926;315;126;2,32;52,25;41,76;0;United Kingdom;Western Europe;"BioMed Central Ltd";"1920-2026";"Medicine (miscellaneous) (Q2); Genetics (Q3)";"Biochemistry, Genetics and Molecular Biology; Medicine"
211;20386;"Insect Molecular Biology";journal;"13652583, 09621075";"Wiley-Blackwell Publishing Ltd";No;No;0,595;Q3;109;66;179;3750;442;177;2,34;56,82;39,63;1;United Kingdom;Western Europe;"Wiley-Blackwell Publishing Ltd";"1992-2026";"Insect Science (Q1); Genetics (Q3); Molecular Biology (Q3)";"Agricultural and Biological Sciences; Biochemistry, Genetics and Molecular Biology"
212;21697;"Animal Genetics";journal;"02689146, 13652052";"Wiley-Blackwell Publishing Ltd";No;No;0,591;Q3;99;103;338;4945;784;323;2,06;48,01;44,59;2;United Kingdom;Western Europe;"Wiley-Blackwell Publishing Ltd";"1986-2026";"Animal Science and Zoology (Q1); Medicine (miscellaneous) (Q2); Genetics (Q3)";"Agricultural and Biological Sciences; Biochemistry, Genetics and Molecular Biology; Medicine"
213;5200153018;"Cancer Biomarkers";journal;"15740153, 18758592";"SAGE Publications Ltd";No;No;0,586;Q3;60;76;348;2516;724;345;1,75;33,11;42,48;0;United Kingdom;Western Europe;"SAGE Publications Ltd";"2005-2025";"Medicine (miscellaneous) (Q2); Cancer Research (Q3); Genetics (Q3); Oncology (Q3)";"Biochemistry, Genetics and Molecular Biology; Medicine"
214;21100870576;"Current Medical Science";journal;"2523899X, 20965230";"Huazhong University of Science and Technology";No;No;0,582;Q3;45;134;434;6572;947;432;1,73;49,04;45,54;0;China;Asiatic Region;"Huazhong University of Science and Technology";"2018-2026";"Biochemistry (Q3); Genetics (Q3)";"Biochemistry, Genetics and Molecular Biology"
215;21100212125;"Nucleus (India)";journal;"09767975, 0029568X";"Springer";No;No;0,582;Q3;22;57;113;4260;366;107;3,32;74,74;39,82;0;India;Asiatic Region;"Springer";"2011-2026";"Cell Biology (Q3); Genetics (Q3); Molecular Biology (Q3); Molecular Medicine (Q3)";"Biochemistry, Genetics and Molecular Biology"
216;15300154802;"Transgenic Research";journal;"15739368, 09628819";"Springer Science and Business Media Deutschland GmbH";No;No;0,575;Q3;103;44;144;2005;413;140;2,34;45,57;33,19;0;Switzerland;Western Europe;"Springer Science and Business Media Deutschland GmbH";"1991-2026";"Animal Science and Zoology (Q1); Agronomy and Crop Science (Q2); Biotechnology (Q2); Genetics (Q3)";"Agricultural and Biological Sciences; Biochemistry, Genetics and Molecular Biology"
217;19649;"Canadian Journal of Microbiology";journal;"00084166, 14803275";"National Research Council of Canada";No;No;0,574;Q3;114;47;198;3547;491;188;1,76;75,47;52,88;0;Canada;Northern America;"National Research Council of Canada";"1954-1962, 1964-2026";"Applied Microbiology and Biotechnology (Q2); Medicine (miscellaneous) (Q2); Genetics (Q3); Immunology (Q3); Microbiology (Q3); Molecular Biology (Q3)";"Biochemistry, Genetics and Molecular Biology; Immunology and Microbiology; Medicine"
218;19700166901;"Fungal Biology";journal;"18786146";"Elsevier B.V.";No;No;0,572;Q3;129;96;252;6046;819;251;3,23;62,98;49,66;1;Netherlands;Western Europe;"Elsevier B.V.";"2010-2026";"Ecology, Evolution, Behavior and Systematics (Q2); Plant Science (Q2); Genetics (Q3); Infectious Diseases (Q3)";"Agricultural and Biological Sciences; Biochemistry, Genetics and Molecular Biology; Medicine"
219;130044;"Pharmacogenetics and Genomics";journal;"17446880, 17446872";"Lippincott Williams and Wilkins";No;No;0,553;Q3;158;38;95;1361;166;91;1,60;35,82;45,41;0;United States;Northern America;"Lippincott Williams and Wilkins";"2005-2026";"Pharmacology, Toxicology and Pharmaceutics (miscellaneous) (Q2); Genetics (Q3); Genetics (clinical) (Q3); Molecular Biology (Q3); Molecular Medicine (Q3)";"Biochemistry, Genetics and Molecular Biology; Medicine; Pharmacology, Toxicology and Pharmaceutics"
220;18964;"Molecular Genetics and Genomics";journal;"16174615, 16174623";"Springer Science and Business Media Deutschland GmbH";No;No;0,551;Q3;141;112;346;6191;823;346;2,22;55,28;42,60;0;Germany;Western Europe;"Springer Science and Business Media Deutschland GmbH";"1994, 1996-1997, 2000-2026";"Medicine (miscellaneous) (Q2); Genetics (Q3); Molecular Biology (Q3)";"Biochemistry, Genetics and Molecular Biology; Medicine"
221;21100241624;"International Journal of Genomics";journal;"2314436X, 23144378";"John Wiley and Sons Ltd";Yes;No;0,544;Q3;43;29;113;1378;291;112;2,07;47,52;35,91;0;United Kingdom;Western Europe;"John Wiley and Sons Ltd";"2013-2026";"Pharmaceutical Science (Q2); Biochemistry (Q3); Genetics (Q3); Molecular Biology (Q3)";"Biochemistry, Genetics and Molecular Biology; Pharmacology, Toxicology and Pharmaceutics"
222;16746;"Journal of Neurogenetics";journal;"15635260, 01677063";"Taylor and Francis Ltd.";No;No;0,542;Q3;45;26;69;1006;115;66;1,72;38,69;45,35;0;United Kingdom;Western Europe;"Taylor and Francis Ltd.";"1983-1987, 1989-2026";"Genetics (Q3); Cellular and Molecular Neuroscience (Q4)";"Biochemistry, Genetics and Molecular Biology; Neuroscience"
223;19900193647;"Genes and Environment";journal;"18807046, 18807062";"BioMed Central Ltd";Yes;No;0,536;Q3;29;26;119;1119;270;114;1,84;43,04;36,11;0;United Kingdom;Western Europe;"BioMed Central Ltd";"2006-2007, 2009-2026";"Environmental Science (miscellaneous) (Q2); Genetics (Q3); Social Psychology (Q3)";"Biochemistry, Genetics and Molecular Biology; Environmental Science; Psychology"
224;12000154520;"Genes and Genomics";journal;"19769571, 20929293";"Genetics Society of Korea";No;No;0,533;Q3;37;117;411;5580;757;408;1,81;47,69;42,05;0;South Korea;Asiatic Region;"Genetics Society of Korea";"2008-2026";"Biochemistry (Q3); Genetics (Q3); Molecular Biology (Q3)";"Biochemistry, Genetics and Molecular Biology"
225;11700154718;"Marine Genomics";journal;"18747787, 18767478";"Elsevier B.V.";No;No;0,525;Q3;48;27;132;854;213;43;1,73;31,63;39,29;0;Netherlands;Western Europe;"Elsevier B.V.";"2008-2026";"Aquatic Science (Q2); Genetics (Q3)";"Agricultural and Biological Sciences; Biochemistry, Genetics and Molecular Biology"
226;21101089493;"Reproduction and Breeding";journal;"26670712";"KeAi Communications Co.";Yes;No;0,525;Q3;11;36;73;1919;171;72;1,85;53,31;42,06;0;China;Asiatic Region;"KeAi Communications Co.";"2021-2026";"Animal Science and Zoology (Q2); Plant Science (Q2); Developmental Biology (Q3); Genetics (Q3)";"Agricultural and Biological Sciences; Biochemistry, Genetics and Molecular Biology"
227;21100388318;"Plant Gene";journal;"23524073";"Elsevier B.V.";No;No;0,520;Q3;40;35;159;2205;458;155;1,65;63,00;41,56;0;Netherlands;Western Europe;"Elsevier B.V.";"2015-2026";"Plant Science (Q2); Biochemistry (Q3); Biotechnology (Q3); Genetics (Q3)";"Agricultural and Biological Sciences; Biochemistry, Genetics and Molecular Biology"
228;21167;"Pharmacogenomics";journal;"14622416, 17448042";"Taylor and Francis Ltd.";No;No;0,516;Q3;106;66;295;2950;531;278;1,68;44,70;51,01;1;United Kingdom;Western Europe;"Taylor and Francis Ltd.";"2000-2026";"Genetics (Q3); Molecular Medicine (Q3); Pharmacology (Q3)";"Biochemistry, Genetics and Molecular Biology; Pharmacology, Toxicology and Pharmaceutics"
229;21745;"Biochemical Genetics";journal;"00062928, 15734927";"Springer";No;No;0,515;Q3;50;281;383;12734;813;383;2,02;45,32;41,39;0;United States;Northern America;"Springer";"1967-2026";"Ecology, Evolution, Behavior and Systematics (Q2); Biochemistry (Q3); Genetics (Q3); Medicine (miscellaneous) (Q3); Molecular Biology (Q3)";"Agricultural and Biological Sciences; Biochemistry, Genetics and Molecular Biology; Medicine"
230;21703;"Annals of Human Genetics";journal;"00034800, 14691809";"Wiley-Blackwell Publishing Ltd";No;No;0,513;Q3;81;34;95;1984;135;91;1,42;58,35;51,52;0;United Kingdom;Western Europe;"Wiley-Blackwell Publishing Ltd";"1954-2026";"Genetics (Q3); Genetics (clinical) (Q3)";"Biochemistry, Genetics and Molecular Biology; Medicine"
231;20887;"Virus Genes";journal;"1572994X, 09208569";"Springer";No;No;0,509;Q3;70;76;226;3057;448;225;2,08;40,22;40,45;2;United States;Northern America;"Springer";"1987-2026";"Genetics (Q3); Medicine (miscellaneous) (Q3); Molecular Biology (Q3); Virology (Q3)";"Biochemistry, Genetics and Molecular Biology; Immunology and Microbiology; Medicine"
232;16579;"Plant Breeding";journal;"14390523, 01799541";"Wiley-Blackwell Publishing Ltd";No;No;0,504;Q3;90;82;237;5036;529;237;1,87;61,41;31,72;0;United Kingdom;Western Europe;"Wiley-Blackwell Publishing Ltd";"1964, 1986-2026";"Agronomy and Crop Science (Q2); Plant Science (Q2); Genetics (Q3)";"Agricultural and Biological Sciences; Biochemistry, Genetics and Molecular Biology"
233;18967;"Mutation Research - Fundamental and Molecular Mechanisms of Mutagenesis";journal;"13861964, 18792871";"Elsevier B.V.";No;No;0,503;Q3;179;33;64;1902;125;63;2,07;57,64;39,23;0;Netherlands;Western Europe;"Elsevier B.V.";"1964-2026";"Genetics (Q3); Health, Toxicology and Mutagenesis (Q3); Molecular Biology (Q3)";"Biochemistry, Genetics and Molecular Biology; Environmental Science"
234;11200153571;"Evolutionary Bioinformatics";journal;"11769343";"Libertas Academica Ltd.";Yes;No;0,493;Q3;42;18;76;887;136;76;1,37;49,28;39,13;0;New Zealand;Pacific Region;"Libertas Academica Ltd.";"2005-2026";"Computer Science Applications (Q2); Ecology, Evolution, Behavior and Systematics (Q2); Genetics (Q3)";"Agricultural and Biological Sciences; Biochemistry, Genetics and Molecular Biology; Computer Science"
235;21101256430;"Genetics in Medicine Open";journal;"29497744";"Elsevier B.V.";Yes;No;0,488;Q3;10;89;37;3199;69;33;1,86;35,94;57,70;0;Netherlands;Western Europe;"Elsevier B.V.";"2023-2026";"Biochemistry, Genetics and Molecular Biology (miscellaneous) (Q2); Genetics (Q3); Molecular Biology (Q3); Cell Biology (Q4)";"Biochemistry, Genetics and Molecular Biology"
236;22262;"Human Heredity";journal;"14230062, 00015652";"S. Karger AG";Yes;No;0,484;Q3;67;9;38;463;39;38;1,24;51,44;45,65;0;Switzerland;Western Europe;"S. Karger AG";"1950-1954, 1956-2026";"Genetics (Q3); Genetics (clinical) (Q3)";"Biochemistry, Genetics and Molecular Biology; Medicine"
237;21100916535;"Human Genome Variation";journal;"2054345X";"Springer Nature";Yes;No;0,483;Q3;28;47;122;981;164;115;1,27;20,87;28,73;1;United Kingdom;Western Europe;"Springer Nature";"2014-2026";"Biochemistry (Q3); Genetics (Q3); Molecular Biology (Q3)";"Biochemistry, Genetics and Molecular Biology"
238;21101039508;"Dermatology Practical and Conceptual";journal;"21609381";"Mattioli 1885";Yes;Yes;0,478;Q3;23;279;612;4696;711;480;1,03;16,83;57,11;0;Italy;Western Europe;"Mattioli 1885";"2014, 2017, 2019-2026";"Dermatology (Q2); Genetics (Q3); Molecular Biology (Q3); Oncology (Q3)";"Biochemistry, Genetics and Molecular Biology; Medicine"
239;145623;"Tree Genetics and Genomes";journal;"16142942, 16142950";"Springer Science and Business Media Deutschland GmbH";Yes;No;0,476;Q3;78;48;145;3149;265;145;1,65;65,60;29,64;2;Germany;Western Europe;"Springer Science and Business Media Deutschland GmbH";"2005-2026";"Forestry (Q2); Horticulture (Q2); Genetics (Q3); Molecular Biology (Q3)";"Agricultural and Biological Sciences; Biochemistry, Genetics and Molecular Biology"
240;13600154724;"Biomicrofluidics";journal;"19321058";"American Institute of Physics";No;No;0,471;Q3;86;90;210;6884;569;208;2,53;76,49;35,12;0;United States;Northern America;"American Institute of Physics";"2007-2026";"Condensed Matter Physics (Q2); Fluid Flow and Transfer Processes (Q2); Materials Science (miscellaneous) (Q2); Biomedical Engineering (Q3); Colloid and Surface Chemistry (Q3); Genetics (Q3); Molecular Biology (Q3); Nanoscience and Nanotechnology (Q3); Physical and Theoretical Chemistry (Q3)";"Biochemistry, Genetics and Molecular Biology; Chemical Engineering; Chemistry; Engineering; Materials Science; Physics and Astronomy"
241;19180;"Journal of Applied Genetics";journal;"12341983, 21903883";"Springer Science and Business Media Deutschland GmbH";No;No;0,470;Q3;65;76;190;3786;380;185;2,08;49,82;52,66;1;Germany;Western Europe;"Springer Science and Business Media Deutschland GmbH";"1996-2026";"Genetics (Q3); Medicine (miscellaneous) (Q3)";"Biochemistry, Genetics and Molecular Biology; Medicine"
242;19006;"Psychiatric Genetics";journal;"14735873, 09558829";"Lippincott Williams and Wilkins";No;No;0,468;Q3;67;23;86;689;117;83;1,44;29,96;52,99;0;United States;Northern America;"Lippincott Williams and Wilkins";"1990-2026";"Genetics (Q3); Genetics (clinical) (Q3); Psychiatry and Mental Health (Q3); Biological Psychiatry (Q4)";"Biochemistry, Genetics and Molecular Biology; Medicine; Neuroscience"
243;85637;"Cereal Research Communications";journal;"17889170, 01333720";"Springer Nature";No;No;0,466;Q3;46;144;283;8115;662;282;2,40;56,35;36,17;1;Switzerland;Western Europe;"Springer Nature";"1993-2026";"Agronomy and Crop Science (Q2); Genetics (Q3); Physiology (Q3)";"Agricultural and Biological Sciences; Biochemistry, Genetics and Molecular Biology"
244;25427;"Journal of Horticultural Science and Biotechnology";journal;"14620316";"Taylor and Francis Ltd.";No;No;0,462;Q3;75;51;212;3449;542;208;2,39;67,63;35,62;2;United Kingdom;Western Europe;"Taylor and Francis Ltd.";"1996-2026";"Horticulture (Q2); Genetics (Q3)";"Agricultural and Biological Sciences; Biochemistry, Genetics and Molecular Biology"
245;5300152724;"IET Systems Biology";journal;"17518857, 17518849";"John Wiley &amp; Sons Inc.";Yes;No;0,459;Q3;56;24;63;1186;154;63;2,27;49,42;37,82;0;United Kingdom;Western Europe;"John Wiley &amp; Sons Inc.";"2007-2026";"Modeling and Simulation (Q2); Biotechnology (Q3); Genetics (Q3); Molecular Biology (Q3); Cell Biology (Q4)";"Biochemistry, Genetics and Molecular Biology; Mathematics"
246;21100874197;"Archives Animal Breeding";journal;"00039438, 23639822";"Copernicus Publications";Yes;No;0,454;Q3;39;53;136;2450;265;136;1,83;46,23;36,40;0;Germany;Western Europe;"Copernicus Publications";"1996-2026";"Agronomy and Crop Science (Q2); Animal Science and Zoology (Q2); Food Animals (Q2); Plant Science (Q2); Genetics (Q3)";"Agricultural and Biological Sciences; Biochemistry, Genetics and Molecular Biology; Veterinary"
247;21101272839;"International Journal of Translational Medicine";journal;"26738937";"Multidisciplinary Digital Publishing Institute (MDPI)";Yes;No;0,449;Q3;12;53;104;4438;173;102;1,69;83,74;46,12;1;Switzerland;Western Europe;"Multidisciplinary Digital Publishing Institute (MDPI)";"2021-2025";"Biochemistry, Genetics and Molecular Biology (miscellaneous) (Q3); Genetics (Q3); Immunology (Q3); Medicine (miscellaneous) (Q3)";"Biochemistry, Genetics and Molecular Biology; Immunology and Microbiology; Medicine"
248;31004;"Journal of Agricultural Science";journal;"00218596, 14695146";"Cambridge University Press";Yes;No;0,448;Q3;93;57;202;3334;414;197;1,98;58,49;31,19;0;United Kingdom;Western Europe;"Cambridge University Press";"1905-2026";"Agronomy and Crop Science (Q2); Animal Science and Zoology (Q2); Genetics (Q3)";"Agricultural and Biological Sciences; Biochemistry, Genetics and Molecular Biology"
249;22186;"Genetics and Molecular Biology";journal;"14154757, 16784685";"Brazilian Society of Genetics";Yes;No;0,444;Q3;69;67;257;3871;439;256;1,25;57,78;52,55;0;Brazil;Latin America;"Brazilian Society of Genetics";"1998-2026";"Genetics (Q3); Molecular Biology (Q3)";"Biochemistry, Genetics and Molecular Biology"
250;21100793213;"Current Pharmacology Reports";journal;"2198641X";"Springer Science and Business Media Deutschland GmbH";No;No;0,441;Q3;43;33;95;2911;253;94;2,42;88,21;47,66;0;Switzerland;Western Europe;"Springer Science and Business Media Deutschland GmbH";"2015-2026";"Biochemistry (Q3); Drug Discovery (Q3); Genetics (Q3); Pharmacology (Q3)";"Biochemistry, Genetics and Molecular Biology; Pharmacology, Toxicology and Pharmaceutics"
251;21100945202;"Genomics and Informatics";journal;"22340742";"BioMed Central Ltd";Yes;No;0,439;Q3;17;30;152;1337;216;141;1,39;44,57;41,74;1;United Kingdom;Western Europe;"BioMed Central Ltd";"2015, 2019-2026";"Ecology, Evolution, Behavior and Systematics (Q2); Genetics (Q3); Health Informatics (Q3)";"Agricultural and Biological Sciences; Biochemistry, Genetics and Molecular Biology; Medicine"
252;19700188125;"Molecular Syndromology";journal;"16618777, 16618769";"S. Karger AG";No;No;0,437;Q3;47;59;205;1264;228;198;1,01;21,42;50,49;0;Switzerland;Western Europe;"S. Karger AG";"2010-2026";"Genetics (Q3); Genetics (clinical) (Q3)";"Biochemistry, Genetics and Molecular Biology; Medicine"
253;21101163373;"Clinical and Translational Discovery";journal;"27680622";"John Wiley and Sons Inc";Yes;No;0,435;Q3;14;100;227;4319;210;101;0,94;43,19;47,31;3;Australia;Pacific Region;"John Wiley and Sons Inc";"2021-2026";"Clinical Biochemistry (Q3); Genetics (Q3); Molecular Medicine (Q3); Cell Biology (Q4)";"Biochemistry, Genetics and Molecular Biology"
254;19001;"OMICS A Journal of Integrative Biology";journal;"15362310, 15578100";"Mary Ann Liebert Inc.";No;No;0,435;Q3;76;59;204;3351;397;181;1,74;56,80;43,07;0;United States;Northern America;"Mary Ann Liebert Inc.";"2002-2026";"Biochemistry (Q3); Biotechnology (Q3); Genetics (Q3); Medicine (miscellaneous) (Q3); Molecular Medicine (Q3); Molecular Biology (Q4)";"Biochemistry, Genetics and Molecular Biology; Medicine"
255;56471;"Euphytica";journal;"15735060, 00142336";"Springer Science and Business Media B.V.";No;No;0,432;Q3;133;186;512;10141;929;512;1,87;54,52;36,40;1;Netherlands;Western Europe;"Springer Science and Business Media B.V.";"1952-2026";"Agronomy and Crop Science (Q2); Horticulture (Q2); Plant Science (Q2); Genetics (Q3)";"Agricultural and Biological Sciences; Biochemistry, Genetics and Molecular Biology"
256;22128;"Genes and Genetic Systems";journal;"13417568, 18805779";"Genetics Society of Japan";Yes;No;0,429;Q3;58;15;96;555;118;92;1,24;37,00;29,03;0;Japan;Asiatic Region;"Genetics Society of Japan";"1996-2026";"Genetics (Q3); Medicine (miscellaneous) (Q3); Molecular Biology (Q4)";"Biochemistry, Genetics and Molecular Biology; Medicine"
257;22120;"Gene Expression";journal;"15553884, 10522166";"";No;No;0,417;Q3;56;28;49;2223;81;46;1,28;79,39;46,09;0;United States;Northern America;"";"1991-2025";"Genetics (Q3); Molecular Biology (Q4)";"Biochemistry, Genetics and Molecular Biology"
258;13035;"Annals of Human Biology";journal;"03014460, 14645033";"Informa Healthcare";Yes;No;0,416;Q3;73;47;185;1892;238;177;1,10;40,26;48,92;0;United Kingdom;Western Europe;"Informa Healthcare";"1974-2026";"Epidemiology (Q3); Genetics (Q3); Public Health, Environmental and Occupational Health (Q3); Aging (Q4); Physiology (Q4)";"Biochemistry, Genetics and Molecular Biology; Medicine"
259;22071;"Critical Reviews in Eukaryotic Gene Expression";journal;"10454403";"Begell House Inc.";No;No;0,414;Q3;71;52;162;2778;260;162;1,61;53,42;42,92;0;United States;Northern America;"Begell House Inc.";"1990-2025";"Genetics (Q3); Molecular Biology (Q4)";"Biochemistry, Genetics and Molecular Biology"
260;21100875680;"Lifestyle Genomics";journal;"25043188, 25043161";"S. Karger AG";Yes;No;0,413;Q3;38;15;47;993;77;46;1,88;66,20;56,47;0;Switzerland;Western Europe;"S. Karger AG";"2017-2026";"Food Science (Q2); Genetics (Q3); Medicine (miscellaneous) (Q3)";"Agricultural and Biological Sciences; Biochemistry, Genetics and Molecular Biology; Medicine"
261;26724;"Journal of the American Society for Horticultural Science";journal;"00031062, 23279788";"American Society for Horticultural Science";Yes;No;0,412;Q3;102;36;109;1692;197;109;1,28;47,00;42,22;0;United States;Northern America;"American Society for Horticultural Science";"1970-1981, 1983-2026";"Horticulture (Q2); Genetics (Q3)";"Agricultural and Biological Sciences; Biochemistry, Genetics and Molecular Biology"
262;22164;"Genetic Resources and Crop Evolution";journal;"09259864, 15735109";"Springer Nature";No;No;0,410;Q3;86;327;614;16767;1291;613;1,81;51,28;34,94;2;Netherlands;Western Europe;"Springer Nature";"1992-2026";"Agronomy and Crop Science (Q2); Ecology, Evolution, Behavior and Systematics (Q2); Plant Science (Q2); Genetics (Q3)";"Agricultural and Biological Sciences; Biochemistry, Genetics and Molecular Biology"
263;17300154942;"Molecular Cytogenetics";journal;"17558166";"BioMed Central Ltd";Yes;No;0,408;Q3;42;31;146;1073;244;145;1,85;34,61;58,61;0;United Kingdom;Western Europe;"BioMed Central Ltd";"2008-2026";"Biochemistry (Q3); Biochemistry (medical) (Q3); Genetics (Q3); Genetics (clinical) (Q3); Molecular Biology (Q4); Molecular Medicine (Q4)";"Biochemistry, Genetics and Molecular Biology; Medicine"
264;5700165213;"Czech Journal of Genetics and Plant Breeding";journal;"12121975, 18059325";"Czech Academy of Agricultural Sciences";Yes;No;0,399;Q3;28;21;64;1206;116;63;1,89;57,43;40,87;0;Czech Republic;Eastern Europe;"Czech Academy of Agricultural Sciences";"2005, 2007-2025";"Plant Science (Q2); Genetics (Q3)";"Agricultural and Biological Sciences; Biochemistry, Genetics and Molecular Biology"
265;14500154715;"Tropical Plant Biology";journal;"19359764, 19359756";"Springer";No;No;0,396;Q4;34;20;80;1455;143;80;1,60;72,75;48,80;0;United States;Northern America;"Springer";"2008-2026";"Plant Science (Q2); Genetics (Q4)";"Agricultural and Biological Sciences; Biochemistry, Genetics and Molecular Biology"
266;73453;"Journal of Crop Improvement";journal;"15427528, 15427536";"Taylor and Francis Ltd.";No;No;0,394;Q4;52;35;140;1999;282;140;1,74;57,11;23,58;0;United States;Northern America;"Taylor and Francis Ltd.";"2004-2026";"Agronomy and Crop Science (Q2); Plant Science (Q2); Soil Science (Q2); Genetics (Q4)";"Agricultural and Biological Sciences; Biochemistry, Genetics and Molecular Biology"
267;22171;"Genetica";journal;"00166707, 15736857";"Springer Science and Business Media Deutschland GmbH";No;No;0,391;Q4;98;16;90;1062;133;88;1,52;66,38;46,24;0;Germany;Western Europe;"Springer Science and Business Media Deutschland GmbH";"1919-1941, 1943, 1949-1951, 1953, 1955-1957, 1959-1960, 1962-2026";"Animal Science and Zoology (Q2); Insect Science (Q2); Plant Science (Q2); Medicine (miscellaneous) (Q3); Genetics (Q4)";"Agricultural and Biological Sciences; Biochemistry, Genetics and Molecular Biology; Medicine"
268;21100821160;"International Journal of Molecular and Cellular Medicine";journal;"22519645, 22519637";"Babol University of Medical Sciences";No;No;0,388;Q4;26;32;86;1359;139;86;0,90;42,47;50,33;0;Iran;Middle East;"Babol University of Medical Sciences";"2016-2025";"Biochemistry (Q3); Biotechnology (Q3); Cell Biology (Q4); Genetics (Q4); Molecular Biology (Q4); Molecular Medicine (Q4)";"Biochemistry, Genetics and Molecular Biology"
269;9500154033;"Biologia";journal;"13369563, 00063088";"Springer Science and Business Media Deutschland GmbH";No;No;0,387;Q4;56;283;928;16753;1732;918;1,88;59,20;41,19;4;Germany;Western Europe;"Springer Science and Business Media Deutschland GmbH";"1954-1955, 1961-1970, 1974-1989, 1996-2001, 2006-2026";"Animal Science and Zoology (Q2); Plant Science (Q2); Biochemistry (Q3); Ecology, Evolution, Behavior and Systematics (Q3); Cell Biology (Q4); Genetics (Q4); Molecular Biology (Q4)";"Agricultural and Biological Sciences; Biochemistry, Genetics and Molecular Biology"
270;5800173405;"Current Bioinformatics";journal;"15748936, 2212392X";"Bentham Science Publishers";No;No;0,387;Q4;43;73;271;5101;576;267;2,95;69,88;38,28;1;United Arab Emirates;Middle East;"Bentham Science Publishers";"2006-2026";"Biochemistry (Q3); Computational Mathematics (Q3); Genetics (Q4); Molecular Biology (Q4)";"Biochemistry, Genetics and Molecular Biology; Mathematics"
271;22081;"Cytogenetic and Genome Research";journal;"14248581, 1424859X";"S. Karger AG";No;No;0,387;Q4;100;37;153;1619;234;150;1,18;43,76;48,39;1;Switzerland;Western Europe;"S. Karger AG";"1962-1972, 2002-2026";"Genetics (clinical) (Q3); Genetics (Q4); Molecular Biology (Q4)";"Biochemistry, Genetics and Molecular Biology; Medicine"
272;17600155055;"Journal of Cancer Epidemiology";journal;"16878566, 16878558";"John Wiley and Sons Ltd";Yes;No;0,385;Q4;31;6;19;296;31;19;0,75;49,33;40,00;0;United States;Northern America;"John Wiley and Sons Ltd";"2009-2024";"Epidemiology (Q3); Public Health, Environmental and Occupational Health (Q3); Genetics (Q4)";"Biochemistry, Genetics and Molecular Biology; Medicine"
273;21101262340;"Frontiers in Horticulture";journal;"28133595";"Frontiers Media SA";Yes;No;0,381;Q4;10;39;44;2658;84;41;1,91;68,15;37,84;0;Switzerland;Western Europe;"Frontiers Media SA";"2022-2026";"Horticulture (Q2); Plant Science (Q2); Genetics (Q4)";"Agricultural and Biological Sciences; Biochemistry, Genetics and Molecular Biology"
274;21100945249;"Plant Physiology Reports";journal;"26622548, 2662253X";"Springer";No;No;0,381;Q4;35;73;197;4747;406;195;1,58;65,03;36,88;0;India;Asiatic Region;"Springer";"2019-2026";"Plant Science (Q2); Ecology, Evolution, Behavior and Systematics (Q3); Cell Biology (Q4); Genetics (Q4); Physiology (Q4)";"Agricultural and Biological Sciences; Biochemistry, Genetics and Molecular Biology"
275;21100446423;"Ecological Genetics and Genomics";journal;"24059854";"Elsevier Inc.";No;No;0,380;Q4;18;93;135;5238;264;135;1,90;56,32;32,94;1;United States;Northern America;"Elsevier Inc.";"2016-2026";"Ecology, Evolution, Behavior and Systematics (Q3); Genetics (Q4)";"Agricultural and Biological Sciences; Biochemistry, Genetics and Molecular Biology"
276;17700155308;"Journal of Plant Registrations";journal;"19365209, 19403496";"John Wiley &amp; Sons Inc.";No;No;0,374;Q4;30;65;216;1668;170;215;0,74;25,66;26,95;1;United States;Northern America;"John Wiley &amp; Sons Inc.";"2009-2026";"Agronomy and Crop Science (Q2); Genetics (Q4)";"Agricultural and Biological Sciences; Biochemistry, Genetics and Molecular Biology"
277;21101174385;"JMIR Bioinformatics and Biotechnology";journal;"25633570";"JMIR Publications Inc.";Yes;No;0,371;Q4;9;14;34;792;52;33;1,59;56,57;48,48;0;Canada;Northern America;"JMIR Publications Inc.";"2020-2026";"Applied Microbiology and Biotechnology (Q3); Bioengineering (Q3); Biotechnology (Q3); Health Informatics (Q3); Genetics (Q4)";"Biochemistry, Genetics and Molecular Biology; Chemical Engineering; Immunology and Microbiology; Medicine"
278;19226;"Journal of Phytopathology";journal;"09311785, 14390434";"Wiley-Blackwell Publishing Ltd";No;No;0,370;Q4;77;206;244;8037;395;244;1,41;39,01;37,75;8;United Kingdom;Western Europe;"Wiley-Blackwell Publishing Ltd";"1958-2026";"Agronomy and Crop Science (Q2); Plant Science (Q2); Genetics (Q4); Physiology (Q4)";"Agricultural and Biological Sciences; Biochemistry, Genetics and Molecular Biology"
279;17700156447;"Biodemography and Social Biology";journal;"19485573, 19485565";"Taylor and Francis Ltd.";No;No;0,365;Q4;40;20;38;676;43;33;0,97;33,80;43,75;0;United Kingdom;Western Europe;"Taylor and Francis Ltd.";"1986, 1988, 1990, 1996, 2008-2026";"Anthropology (Q2); Demography (Q2); Ecology, Evolution, Behavior and Systematics (Q3); Genetics (Q4)";"Agricultural and Biological Sciences; Biochemistry, Genetics and Molecular Biology; Social Sciences"
280;14532;"Development Genes and Evolution";journal;"0949944X, 1432041X";"Springer Science and Business Media Deutschland GmbH";No;No;0,360;Q4;0;0;0;0;0;0;0,00;0,00;0,00;0;Germany;Western Europe;"Springer Science and Business Media Deutschland GmbH";"1934, 1994, 1996-2024";"Developmental Biology (Q4); Genetics (Q4)";"Biochemistry, Genetics and Molecular Biology"
281;18924;"Journal of Genetics";journal;"09737731, 00221333";"Springer";Yes;No;0,352;Q4;52;36;200;1292;276;192;1,07;35,89;38,85;0;India;Asiatic Region;"Springer";"1910-1960, 1962-1966, 1968, 1970-1972, 1974-1977, 1985-2026";"Genetics (Q4)";"Biochemistry, Genetics and Molecular Biology"
282;22122;"Gene Expression Patterns";journal;"1567133X, 18727298";"Elsevier B.V.";No;No;0,342;Q4;72;11;97;372;116;95;1,29;33,82;45,33;0;Netherlands;Western Europe;"Elsevier B.V.";"2001-2026";"Developmental Biology (Q4); Genetics (Q4); Molecular Biology (Q4)";"Biochemistry, Genetics and Molecular Biology"
283;19900193811;"Comparative Cytogenetics";journal;"1993078X, 19930771";"Pensoft Publishers";Yes;No;0,339;Q4;26;19;64;1036;71;64;1,00;54,53;44,87;0;Russian Federation;Eastern Europe;"Pensoft Publishers";"2010-2026";"Animal Science and Zoology (Q2); Biotechnology (Q3); Insect Science (Q3); Plant Science (Q3); Genetics (Q4)";"Agricultural and Biological Sciences; Biochemistry, Genetics and Molecular Biology"
284;12100155401;"Forensic Science International: Genetics Supplement Series";journal;"1875175X, 18751768";"Elsevier B.V.";No;No;0,336;Q4;31;0;127;0;97;126;0,76;0,00;0,00;0;Ireland;Western Europe;"Elsevier B.V.";"2008-2009, 2011, 2013, 2015, 2017, 2019, 2022";"Pathology and Forensic Medicine (Q3); Genetics (Q4)";"Biochemistry, Genetics and Molecular Biology; Medicine"
285;17291;"Systematic Botany";journal;"15482324, 03636445";"American Society of Plant Taxonomists Inc.";No;No;0,336;Q4;87;38;191;2059;184;191;0,97;54,18;29,61;0;United States;Northern America;"American Society of Plant Taxonomists Inc.";"1994-2025";"Ecology, Evolution, Behavior and Systematics (Q3); Plant Science (Q3); Genetics (Q4)";"Agricultural and Biological Sciences; Biochemistry, Genetics and Molecular Biology"
286;13544;"Reproduction, Fertility and Development";journal;"14485990, 10313613";"CSIRO Publishing";No;No;0,327;Q4;91;77;391;4060;456;390;1,87;52,73;46,03;0;Australia;Pacific Region;"CSIRO Publishing";"1989-2026";"Animal Science and Zoology (Q3); Biotechnology (Q3); Reproductive Medicine (Q3); Developmental Biology (Q4); Endocrinology (Q4); Genetics (Q4); Molecular Biology (Q4)";"Agricultural and Biological Sciences; Biochemistry, Genetics and Molecular Biology; Medicine"
287;21100326880;"Acta Crystallographica Section F:Structural Biology Communications";journal;"2053230X";"John Wiley and Sons Ltd";No;No;0,324;Q4;48;48;158;1493;147;151;1,00;31,10;38,28;0;United Kingdom;Western Europe;"John Wiley and Sons Ltd";"2014-2026";"Biophysics (Q3); Condensed Matter Physics (Q3); Medicine (miscellaneous) (Q3); Biochemistry (Q4); Genetics (Q4); Structural Biology (Q4)";"Biochemistry, Genetics and Molecular Biology; Medicine; Physics and Astronomy"
288;12100157243;"Iranian Journal of Biotechnology";journal;"23222921, 17283043";"National Institute of Genetic Engineering and Biotechnology";No;No;0,324;Q4;37;38;122;1685;208;122;1,53;44,34;42,01;0;Iran;Middle East;"National Institute of Genetic Engineering and Biotechnology";"2008-2026";"Biotechnology (Q3); Biochemistry (Q4); Genetics (Q4)";"Biochemistry, Genetics and Molecular Biology"
289;19800188010;"Sabrao Journal of Breeding and Genetics";journal;"10297073";"Society for the Advancement of Breeding Researches in Asia and Oceania (SABRAO)";No;No;0,324;Q4;25;240;361;8083;692;361;2,02;33,68;36,89;0;Japan;Asiatic Region;"Society for the Advancement of Breeding Researches in Asia and Oceania (SABRAO)";"2008-2025";"Horticulture (Q2); Agronomy and Crop Science (Q3); Animal Science and Zoology (Q3); Biotechnology (Q3); Genetics (Q4)";"Agricultural and Biological Sciences; Biochemistry, Genetics and Molecular Biology"
290;4700152284;"Turkish Journal of Biology";journal;"13036092, 13000152";"TUBITAK";No;No;0,321;Q4;58;36;131;1874;182;131;0,96;52,06;51,10;0;Turkey;Middle East;"TUBITAK";"2006-2025";"Agricultural and Biological Sciences (miscellaneous) (Q2); Cell Biology (Q4); Genetics (Q4); Microbiology (Q4); Molecular Biology (Q4); Physiology (Q4)";"Agricultural and Biological Sciences; Biochemistry, Genetics and Molecular Biology; Immunology and Microbiology"
291;14205;"Nucleosides, Nucleotides and Nucleic Acids";journal;"15257770, 15322335";"Taylor and Francis Ltd.";No;No;0,312;Q4;55;103;208;3970;268;206;1,33;38,54;49,13;0;United States;Northern America;"Taylor and Francis Ltd.";"2000-2026";"Medicine (miscellaneous) (Q3); Biochemistry (Q4); Genetics (Q4); Molecular Medicine (Q4)";"Biochemistry, Genetics and Molecular Biology; Medicine"
292;21100825339;"Mitochondrial DNA Part B: Resources";journal;"23802359";"Taylor and Francis Ltd.";Yes;No;0,310;Q4;21;344;2394;9066;1684;2394;0,68;26,35;41,49;0;United Kingdom;Western Europe;"Taylor and Francis Ltd.";"2016-2026";"Genetics (Q4); Molecular Biology (Q4)";"Biochemistry, Genetics and Molecular Biology"
293;19400158520;"Conservation Genetics Resources";journal;"18777252, 18777260";"Springer Science and Business Media B.V.";No;No;0,308;Q4;32;46;147;1266;153;146;1,14;27,52;36,00;1;Netherlands;Western Europe;"Springer Science and Business Media B.V.";"2009-2026";"Ecology, Evolution, Behavior and Systematics (Q3); Genetics (Q4)";"Agricultural and Biological Sciences; Biochemistry, Genetics and Molecular Biology"
294;21101105293;"Journal of Translational Genetics and Genomics";journal;"25785281";"OAE Publishing Inc.";No;No;0,306;Q4;14;26;83;2366;79;77;1,06;91,00;50,39;0;United States;Northern America;"OAE Publishing Inc.";"2019-2026";"Genetics (Q4); Genetics (clinical) (Q4)";"Biochemistry, Genetics and Molecular Biology; Medicine"
295;38175;"Vitis - Journal of Grapevine Research";journal;"00427500, 23674156";"Julius Kuhn-Institut Federal Research Center for Cultivated Plants";Yes;No;0,292;Q4;59;14;71;671;81;71;0,91;47,93;35,00;0;Germany;Western Europe;"Julius Kuhn-Institut Federal Research Center for Cultivated Plants";"1981, 1984-1985, 1993-2026";"Horticulture (Q2); Genetics (Q4)";"Agricultural and Biological Sciences; Biochemistry, Genetics and Molecular Biology"
296;21100445644;"Gene Reports";journal;"24520144";"Elsevier Inc.";No;No;0,288;Q4;30;231;850;11521;968;839;1,00;49,87;44,35;0;United States;Northern America;"Elsevier Inc.";"2015-2026";"Genetics (Q4)";"Biochemistry, Genetics and Molecular Biology"
297;21100977379;"Proceedings of the Zoological Society";journal;"03735893, 09746919";"Springer India";No;No;0,284;Q4;22;48;158;2523;207;156;0,93;52,56;33,10;0;India;Asiatic Region;"Springer India";"2009-2026";"Animal Science and Zoology (Q3); Aquatic Science (Q3); Ecology, Evolution, Behavior and Systematics (Q3); Insect Science (Q3); Cell Biology (Q4); Endocrinology (Q4); Genetics (Q4); Immunology (Q4)";"Agricultural and Biological Sciences; Biochemistry, Genetics and Molecular Biology; Immunology and Microbiology"
298;19900193995;"Indian Journal of Genetics and Plant Breeding";journal;"09756906, 00195200";"Springer";No;No;0,283;Q4;28;109;203;3010;213;184;0,97;27,61;24,41;0;India;Asiatic Region;"Springer";"2008-2026";"Plant Science (Q3); Genetics (Q4)";"Agricultural and Biological Sciences; Biochemistry, Genetics and Molecular Biology"
299;98120;"Plant Genetic Resources: Characterisation and Utilisation";journal;"1479263X, 14792621";"Cambridge University Press";No;No;0,275;Q4;47;50;188;1903;184;188;0,67;38,06;27,39;0;United Kingdom;Western Europe;"Cambridge University Press";"2003-2026";"Agronomy and Crop Science (Q3); Plant Science (Q3); Genetics (Q4)";"Agricultural and Biological Sciences; Biochemistry, Genetics and Molecular Biology"
300;11300153308;"Animal Science Papers and Reports";journal;"23008342, 08604037";"Institute of Genetics and Animal Biotechnology of the Polish Academy of Sciences";Yes;No;0,273;Q4;34;29;88;1401;105;87;1,28;48,31;51,32;0;Poland;Eastern Europe;"Institute of Genetics and Animal Biotechnology of the Polish Academy of Sciences";"2007-2025";"Veterinary (miscellaneous) (Q2); Animal Science and Zoology (Q3); Biotechnology (Q3); Genetics (Q4)";"Agricultural and Biological Sciences; Biochemistry, Genetics and Molecular Biology; Veterinary"
301;21100914897;"Egyptian Journal of Botany";journal;"23570350, 03759237";"";No;No;0,271;Q4;18;97;205;6060;315;205;1,59;62,47;47,25;0;Egypt;Africa/Middle East;"";"2014-2026";"Agronomy and Crop Science (Q3); Biotechnology (Q3); Ecology (Q3); Ecology, Evolution, Behavior and Systematics (Q3); Plant Science (Q3); Cell Biology (Q4); Genetics (Q4); Molecular Biology (Q4)";"Agricultural and Biological Sciences; Biochemistry, Genetics and Molecular Biology; Environmental Science"
302;21100778656;"Mitochondrial DNA Part A: DNA Mapping, Sequencing, and Analysis";journal;"24701394, 24701408";"Taylor and Francis Ltd.";No;No;0,268;Q4;26;0;35;0;28;34;0,08;0,00;0,00;0;United Kingdom;Western Europe;"Taylor and Francis Ltd.";"2016-2023, 2025-2026";"Genetics (Q4); Molecular Biology (Q4)";"Biochemistry, Genetics and Molecular Biology"
303;7200153144;"Molluscan Research";journal;"14486067, 13235818";"Taylor and Francis Ltd.";No;No;0,267;Q4;30;33;85;1770;79;81;0,80;53,64;44,23;1;United Kingdom;Western Europe;"Taylor and Francis Ltd.";"1987-2026";"Animal Science and Zoology (Q3); Ecology, Evolution, Behavior and Systematics (Q3); Genetics (Q4)";"Agricultural and Biological Sciences; Biochemistry, Genetics and Molecular Biology"
304;21100884986;"Microbiology Resource Announcements";journal;"2576098X";"American Society for Microbiology";Yes;No;0,266;Q4;51;891;2452;12460;1563;2443;0,61;13,98;46,17;8;United States;Northern America;"American Society for Microbiology";"2018-2026";"Immunology and Microbiology (miscellaneous)  (Q3); Genetics (Q4); Molecular Biology (Q4)";"Biochemistry, Genetics and Molecular Biology; Immunology and Microbiology"
305;21101089664;"Human Gene";journal;"27730441";"Elsevier B.V.";No;No;0,263;Q4;33;118;399;5451;326;397;0,80;46,19;50,40;0;Netherlands;Western Europe;"Elsevier B.V.";"2022-2026";"Genetics (Q4); Genetics (clinical) (Q4)";"Biochemistry, Genetics and Molecular Biology; Medicine"
306;21733;"Balkan Journal of Medical Genetics";journal;"13110160, 21995761";"";Yes;No;0,243;Q4;20;21;95;623;85;95;0,96;29,67;59,09;0;Poland;Eastern Europe;"";"2000-2025";"Genetics (Q4); Genetics (clinical) (Q4)";"Biochemistry, Genetics and Molecular Biology; Medicine"
307;18508;"Cytologia";journal;"00114545";"Japan Mendel Society";No;No;0,242;Q4;31;50;186;1697;112;176;0,50;33,94;39,71;0;Japan;Asiatic Region;"Japan Mendel Society";"1929-1944, 1947, 1949-2025";"Animal Science and Zoology (Q3); Plant Science (Q3); Cell Biology (Q4); Genetics (Q4)";"Agricultural and Biological Sciences; Biochemistry, Genetics and Molecular Biology"
308;17232;"Silvae Genetica";journal;"00375349";"J.D. Sauerlander Verlag";Yes;No;0,238;Q4;46;20;54;843;51;54;0,97;42,15;32,95;0;Germany;Western Europe;"J.D. Sauerlander Verlag";"1991, 1993-1994, 1996-2025";"Forestry (Q3); Genetics (Q4)";"Agricultural and Biological Sciences; Biochemistry, Genetics and Molecular Biology"
309;21101045216;"Eurobiotech Journal";journal;"2564615X";"";Yes;Yes;0,236;Q4;16;21;58;1088;76;55;1,03;51,81;34,31;0;Poland;Eastern Europe;"";"2019-2026";"Biotechnology (Q3); Food Science (Q3); Biomedical Engineering (Q4); Genetics (Q4); Molecular Biology (Q4); Molecular Medicine (Q4)";"Agricultural and Biological Sciences; Biochemistry, Genetics and Molecular Biology; Engineering"
310;15073;"Folia Biologica (Czech Republic)";journal;"25337602, 00155500";"Charles University in Prague";Yes;No;0,229;Q4;39;22;71;1302;52;70;0,65;59,18;47,69;0;Czech Republic;Eastern Europe;"Charles University in Prague";"1961-2025";"Biochemistry (Q4); Cell Biology (Q4); Developmental Biology (Q4); Genetics (Q4); Immunology (Q4); Medicine (miscellaneous) (Q4); Molecular Biology (Q4)";"Biochemistry, Genetics and Molecular Biology; Immunology and Microbiology; Medicine"
311;18963;"Medizinische Genetik";journal;"09365931, 18635490";"Walter de Gruyter GmbH";No;No;0,223;Q4;14;29;111;708;78;88;0,84;24,41;56,06;1;Germany;Western Europe;"Walter de Gruyter GmbH";"1994-2026";"Genetics (Q4); Genetics (clinical) (Q4)";"Biochemistry, Genetics and Molecular Biology; Medicine"
312;21101061920;"Research Results in Biomedicine";journal;"26586533";"Belgorod State National Research University";No;No;0,221;Q4;16;40;120;1521;130;120;1,26;38,03;56,98;0;Russian Federation;Eastern Europe;"Belgorod State National Research University";"2018-2025";"Biochemistry, Genetics and Molecular Biology (miscellaneous) (Q3); Obstetrics and Gynecology (Q3); Pharmacology (medical) (Q3); Pharmacology, Toxicology and Pharmaceutics (miscellaneous) (Q3); Genetics (Q4); Pharmacology (Q4); Psychiatry and Mental Health (Q4)";"Biochemistry, Genetics and Molecular Biology; Medicine; Pharmacology, Toxicology and Pharmaceutics"
313;21100976732;"Journal of Fruit Science";journal;"10099980";"Editorial Department of Scientia Agricultura Sinica";Yes;No;0,219;Q4;17;249;747;7860;618;747;0,85;31,57;44,53;0;China;Asiatic Region;"Editorial Department of Scientia Agricultura Sinica";"2019-2025";"Ecology (Q3); Food Science (Q3); Horticulture (Q3); Biotechnology (Q4); Ecology, Evolution, Behavior and Systematics (Q4); Genetics (Q4)";"Agricultural and Biological Sciences; Biochemistry, Genetics and Molecular Biology; Environmental Science"
314;21100860941;"Expert Review of Precision Medicine and Drug Development";journal;"23808993";"Taylor and Francis Ltd.";No;No;0,216;Q4;19;6;62;333;49;46;0,81;55,50;55,56;0;United Kingdom;Western Europe;"Taylor and Francis Ltd.";"2016-2025";"Drug Discovery (Q4); Genetics (Q4); Molecular Medicine (Q4); Pharmacology (Q4)";"Biochemistry, Genetics and Molecular Biology; Pharmacology, Toxicology and Pharmaceutics"
315;21101192678;"Animal Science and Genetics";journal;"27206076";"Polish Society of Animal Production";Yes;No;0,215;Q4;6;26;57;769;51;57;0,89;29,58;52,05;0;Poland;Eastern Europe;"Polish Society of Animal Production";"2022-2025";"Animal Science and Zoology (Q3); Food Science (Q3); Ecology, Evolution, Behavior and Systematics (Q4); Genetics (Q4)";"Agricultural and Biological Sciences; Biochemistry, Genetics and Molecular Biology"
316;21101146367;"Genealogy";journal;"23135778";"Multidisciplinary Digital Publishing Institute (MDPI)";Yes;No;0,215;Q4;8;150;193;8545;128;184;0,66;56,97;61,09;1;Switzerland;Western Europe;"Multidisciplinary Digital Publishing Institute (MDPI)";"2017-2019, 2021-2025";"Biochemistry, Genetics and Molecular Biology (miscellaneous) (Q4); Genetics (Q4); Genetics (clinical) (Q4); Molecular Medicine (Q4)";"Biochemistry, Genetics and Molecular Biology; Medicine"
317;21100775663;"HLA";journal;"20592302, 20592310";"Wiley-Blackwell Publishing Ltd";No;No;0,214;Q4;110;556;1071;6161;515;874;0,52;11,08;49,81;0;United Kingdom;Western Europe;"Wiley-Blackwell Publishing Ltd";"2011, 2016-2026";"Genetics (Q4); Immunology (Q4); Immunology and Allergy (Q4)";"Biochemistry, Genetics and Molecular Biology; Immunology and Microbiology; Medicine"
318;130078;"Chinese Journal of Applied and Environmental Biology";journal;"1006687X";"Science Press";No;No;0,213;Q4;25;145;588;7069;466;587;0,87;48,75;45,07;0;China;Asiatic Region;"Science Press";"2005-2026";"Agronomy and Crop Science (Q3); Applied Microbiology and Biotechnology (Q4); Genetics (Q4); Pollution (Q4)";"Agricultural and Biological Sciences; Biochemistry, Genetics and Molecular Biology; Environmental Science; Immunology and Microbiology"
319;19039;"Statistical Applications in Genetics and Molecular Biology";journal;"15446115, 21946302";"Walter de Gruyter GmbH";No;No;0,213;Q4;54;8;28;302;16;28;0,42;37,75;40,91;0;Germany;Western Europe;"Walter de Gruyter GmbH";"2002, 2004-2026";"Computational Mathematics (Q4); Genetics (Q4); Molecular Biology (Q4); Statistics and Probability (Q4)";"Biochemistry, Genetics and Molecular Biology; Mathematics"
320;19700201437;"Genome Integrity";journal;"20419414";"Wolters Kluwer Medknow Publications";Yes;No;0,210;Q4;23;0;2;0;4;2;1,00;0,00;0,00;0;India;Asiatic Region;"Wolters Kluwer Medknow Publications";"2010-2022";"Genetics (Q4); Molecular Biology (Q4)";"Biochemistry, Genetics and Molecular Biology"
321;21100841273;"Ecological Genetics";journal;"18110932, 24119202";"Eco-Vector LLC";Yes;No;0,204;Q4;11;30;127;1491;101;126;0,80;49,70;62,96;0;Russian Federation;Eastern Europe;"Eco-Vector LLC";"2017-2025";"Biochemistry (Q4); Biotechnology (Q4); Ecology (Q4); Ecology, Evolution, Behavior and Systematics (Q4); Genetics (Q4); Genetics (clinical) (Q4)";"Agricultural and Biological Sciences; Biochemistry, Genetics and Molecular Biology; Environmental Science; Medicine"
322;21101146658;"Archives of Breast Cancer";journal;"23830433";"Farname Inc.";Yes;Yes;0,186;Q4;9;54;171;1593;98;152;0,62;29,50;50,00;0;Canada;Northern America;"Farname Inc.";"2019-2025";"Pathophysiology (Q2); Cancer Research (Q4); Epidemiology (Q4); Genetics (Q4); Molecular Biology (Q4); Oncology (Q4)";"Biochemistry, Genetics and Molecular Biology; Medicine; Nursing"
323;18430;"Caryologia";journal;"00087114, 21655391";"Firenze University Press";Yes;No;0,184;Q4;36;26;151;1304;87;149;0,53;50,15;49,49;0;United Kingdom;Western Europe;"Firenze University Press";"1949-2025";"Agricultural and Biological Sciences (miscellaneous) (Q3); Genetics (Q4)";"Agricultural and Biological Sciences; Biochemistry, Genetics and Molecular Biology"
324;19061;"Cytology and Genetics";journal;"00954527, 19349440";"Allerton Press Inc.";No;No;0,184;Q4;21;58;190;2729;135;190;0,73;47,05;45,92;0;United States;Northern America;"Allerton Press Inc.";"1978, 1982, 1984, 1988, 2007-2026";"Agricultural and Biological Sciences (miscellaneous) (Q3); Biotechnology (Q4); Cell Biology (Q4); Genetics (Q4); Genetics (clinical) (Q4); Histology (Q4)";"Agricultural and Biological Sciences; Biochemistry, Genetics and Molecular Biology; Medicine"
325;21100828656;"Iranian Journal of Plant Physiology";journal;"23222808, 22285512";"Islamic Azad University";No;No;0,183;Q4;14;39;98;1562;63;98;0,65;40,05;41,74;0;Iran;Middle East;"Islamic Azad University";"2016-2025";"Genetics (Q4); Physiology (Q4); Plant Science (Q4)";"Agricultural and Biological Sciences; Biochemistry, Genetics and Molecular Biology"
326;19021;"Russian Journal of Genetics";journal;"10227954, 16083369";"Pleiades Publishing";No;No;0,181;Q4;33;184;481;7047;267;481;0,50;38,30;56,05;0;United States;Northern America;"Pleiades Publishing";"1996-2026";"Genetics (Q4)";"Biochemistry, Genetics and Molecular Biology"
327;21101268951;"Biotechnology Bulletin";journal;"10025464";"";No;No;0,177;Q4;10;360;722;17525;499;718;0,69;48,68;44,32;0;China;Asiatic Region;"";"2022-2025";"Biochemistry, Genetics and Molecular Biology (miscellaneous) (Q4); Biotechnology (Q4); Genetics (Q4); Molecular Biology (Q4)";"Biochemistry, Genetics and Molecular Biology"
328;96929;"Maydica";journal;"00256153, 22798013";"Crea Journals";Yes;No;0,177;Q4;43;19;39;734;19;39;0,60;38,63;30,77;0;Italy;Western Europe;"Crea Journals";"1993-2022, 2024-2025";"Agronomy and Crop Science (Q4); Genetics (Q4); Plant Science (Q4)";"Agricultural and Biological Sciences; Biochemistry, Genetics and Molecular Biology"
329;12300154905;"Revista Fitotecnia Mexicana";journal;"01877380";"Sociedad Mexicana de Fitogenetica";Yes;No;0,177;Q4;24;53;214;1393;98;214;0,31;26,28;26,34;0;Mexico;Latin America;"Sociedad Mexicana de Fitogenetica";"2007-2025";"Agronomy and Crop Science (Q4); Genetics (Q4); Horticulture (Q4); Plant Science (Q4)";"Agricultural and Biological Sciences; Biochemistry, Genetics and Molecular Biology"
330;21100413900;"Genetika";journal;"18206069, 05340012";"Serbian Genetics Society";Yes;No;0,173;Q4;28;38;270;1445;132;270;0,55;38,03;46,58;0;Serbia;Eastern Europe;"Serbian Genetics Society";"2007-2025";"Agricultural and Biological Sciences (miscellaneous) (Q4); Genetics (Q4); Plant Science (Q4)";"Agricultural and Biological Sciences; Biochemistry, Genetics and Molecular Biology"
331;21100903779;"Bonplandia";journal;"18538460, 05240476";"Instituto de Botanica del Nordeste";Yes;Yes;0,172;Q4;6;18;44;651;23;44;0,48;36,17;41,30;0;Argentina;Latin America;"Instituto de Botanica del Nordeste";"2016, 2019-2026";"Biochemistry, Genetics and Molecular Biology (miscellaneous) (Q4); Ecology, Evolution, Behavior and Systematics (Q4); Genetics (Q4); Plant Science (Q4)";"Agricultural and Biological Sciences; Biochemistry, Genetics and Molecular Biology"
332;22240;"Human Biology";journal;"15346617, 00187143";"Wayne State University Press";No;No;0,172;Q4;62;0;51;0;16;50;0,14;0,00;0,00;0;United States;Northern America;"Wayne State University Press";"1945-2023";"Ecology, Evolution, Behavior and Systematics (Q4); Genetics (Q4); Genetics (clinical) (Q4); Medicine (miscellaneous) (Q4)";"Agricultural and Biological Sciences; Biochemistry, Genetics and Molecular Biology; Medicine"
333;21101034121;"Revista Argentina de Antropologia Biologica";journal;"18536387";"Asociacion de Antropologia Biologica Argentina";Yes;Yes;0,171;Q4;6;24;37;1573;19;36;0,39;65,54;62,03;0;Argentina;Latin America;"Asociacion de Antropologia Biologica Argentina";"2019-2025";"Anthropology (Q3); Archeology (Q3); Developmental Biology (Q4); Genetics (Q4)";"Biochemistry, Genetics and Molecular Biology; Social Sciences"
334;21101046168;"Ratarstvo i Povrtarstvo";journal;"18213944, 22178392";"Institute of Field and Vegetable Crops";Yes;Yes;0,162;Q4;7;10;34;314;25;34;0,86;31,40;58,33;0;Serbia;Eastern Europe;"Institute of Field and Vegetable Crops";"2019-2025";"Agronomy and Crop Science (Q4); Biochemistry (Q4); Biotechnology (Q4); Genetics (Q4); Horticulture (Q4); Plant Science (Q4); Soil Science (Q4)";"Agricultural and Biological Sciences; Biochemistry, Genetics and Molecular Biology"
335;22190;"Genetics and Molecular Research";journal;"16765680";"Fundacao de Pesquisas Cientificas de Ribeirao Preto";Yes;No;0,157;Q4;66;58;151;2014;68;150;0,22;34,72;37,44;0;Brazil;Latin America;"Fundacao de Pesquisas Cientificas de Ribeirao Preto";"2002-2026";"Genetics (Q4); Medicine (miscellaneous) (Q4); Molecular Biology (Q4)";"Biochemistry, Genetics and Molecular Biology; Medicine"
336;18300156730;"Molecular Genetics, Microbiology and Virology";journal;"08914168, 1934841X";"Pleiades Publishing";No;No;0,157;Q4;15;43;110;1493;45;110;0,34;34,72;59,13;0;United States;Northern America;"Pleiades Publishing";"2007-2025";"Genetics (Q4); Infectious Diseases (Q4); Microbiology (Q4); Molecular Biology (Q4); Virology (Q4)";"Biochemistry, Genetics and Molecular Biology; Immunology and Microbiology; Medicine"
337;17974;"In Silico Biology";journal;"13866338, 14343207";"SAGE Publications Ltd";No;No;0,156;Q4;51;0;3;0;1;3;0,33;0,00;0,00;0;United Kingdom;Western Europe;"SAGE Publications Ltd";"1998-1999, 2002-2012, 2015, 2017, 2019-2020, 2023, 2025";"Computational Mathematics (Q4); Computational Theory and Mathematics (Q4); Genetics (Q4); Medicine (miscellaneous) (Q4); Molecular Biology (Q4)";"Biochemistry, Genetics and Molecular Biology; Computer Science; Mathematics; Medicine"
338;21100980105;"Proceedings on Applied Botany, Genetics and Breeding";journal;"22278834, 26190982";"N.I. Vavilov All-Russian Institute of Plant Genetic Resources";Yes;Yes;0,154;Q4;8;89;252;2662;99;251;0,37;29,91;72,44;0;Russian Federation;Eastern Europe;"N.I. Vavilov All-Russian Institute of Plant Genetic Resources";"2017, 2019-2025";"Biochemistry (Q4); Biotechnology (Q4); Ecology, Evolution, Behavior and Systematics (Q4); Genetics (Q4); Molecular Biology (Q4); Physiology (Q4); Plant Science (Q4)";"Agricultural and Biological Sciences; Biochemistry, Genetics and Molecular Biology"
339;21100945964;"Indonesian Aquaculture Journal";journal;"02150883, 25026577";"Center for Fisheries Research";Yes;No;0,152;Q4;5;19;54;819;26;52;0,36;43,11;40,28;0;Indonesia;Asiatic Region;"Center for Fisheries Research";"2019-2025";"Aquatic Science (Q4); Genetics (Q4); Water Science and Technology (Q4)";"Agricultural and Biological Sciences; Biochemistry, Genetics and Molecular Biology; Environmental Science"
340;19900193629;"International Journal Bioautomation";journal;"13142321, 13141902";"Institute of Biophysics and Biomedical Engineering";Yes;Yes;0,149;Q4;17;21;64;559;35;64;0,44;26,62;60,71;0;Bulgaria;Eastern Europe;"Institute of Biophysics and Biomedical Engineering";"2011-2025";"Biochemistry (Q4); Biotechnology (Q4); Ecological Modeling (Q4); Food Science (Q4); Genetics (Q4)";"Agricultural and Biological Sciences; Biochemistry, Genetics and Molecular Biology; Environmental Science"
341;21100945962;"Genetics of Aquatic Organisms";journal;"24591831, 25872265";"Central Fisheries Research Institute";Yes;No;0,148;Q4;8;15;45;742;23;45;0,42;49,47;42,03;0;Turkey;Middle East;"Central Fisheries Research Institute";"2017-2026";"Aquatic Science (Q4); Genetics (Q4)";"Agricultural and Biological Sciences; Biochemistry, Genetics and Molecular Biology"
342;21101066572;"OBM Genetics";journal;"25775790";"LIDSEN Publishing Inc";No;No;0,147;Q4;8;65;81;4425;42;78;0,48;68,08;46,02;0;United States;Northern America;"LIDSEN Publishing Inc";"2019-2026";"Cell Biology (Q4); Genetics (Q4); Molecular Biology (Q4); Molecular Medicine (Q4)";"Biochemistry, Genetics and Molecular Biology"
343;21100793198;"Analele Universitatii din Oradea, Fascicula Biologie";journal;"12245119, 18447589";"Universitatea din Oradea";Yes;No;0,143;Q4;6;20;71;956;25;71;0,37;47,80;64,00;0;Romania;Eastern Europe;"Universitatea din Oradea";"2016-2025";"Agronomy and Crop Science (Q4); Biotechnology (Q4); Ecology, Evolution, Behavior and Systematics (Q4); Genetics (Q4); Molecular Biology (Q4); Physiology (Q4); Plant Science (Q4)";"Agricultural and Biological Sciences; Biochemistry, Genetics and Molecular Biology"
344;21100818513;"Journal of Integrated OMICS";journal;"21820287";"Proteomass Scientific Society";No;No;0,127;Q4;14;6;8;114;3;4;0,00;19,00;57,14;0;Portugal;Western Europe;"Proteomass Scientific Society";"2011-2025";"Biochemistry (Q4); Genetics (Q4); Molecular Biology (Q4)";"Biochemistry, Genetics and Molecular Biology"
345;21101034400;"Chinese Journal of Reproduction and Contraception";journal;"20962916";"Chinese Medical Journals Publishing House Co.Ltd";No;No;0,123;Q4;9;193;583;8207;86;581;0,12;42,52;54,90;0;China;Asiatic Region;"Chinese Medical Journals Publishing House Co.Ltd";"2020-2026";"Cell Biology (Q4); Developmental Biology (Q4); Genetics (Q4); Genetics (clinical) (Q4); Obstetrics and Gynecology (Q4); Reproductive Medicine (Q4)";"Biochemistry, Genetics and Molecular Biology; Medicine"
346;17700156434;"Current Pharmacogenomics and Personalized Medicine";journal;"18756913, 18756921";"Bentham Science Publishers";No;No;0,123;Q4;23;16;41;946;11;36;0,21;59,13;50,00;0;United Arab Emirates;Middle East;"Bentham Science Publishers";"2008-2018, 2020-2025";"Genetics (Q4); Genetics (clinical) (Q4); Molecular Biology (Q4); Molecular Medicine (Q4); Pharmacology (Q4)";"Biochemistry, Genetics and Molecular Biology; Medicine; Pharmacology, Toxicology and Pharmaceutics"
347;38604;"Japanese Journal of Crop Science";journal;"00111848, 13490990";"Crop Science Society of Japan";No;No;0,120;Q4;27;26;118;317;14;109;0,09;12,19;27,71;0;Japan;Asiatic Region;"Crop Science Society of Japan";"1930-1944, 1947-2026";"Agronomy and Crop Science (Q4); Food Science (Q4); Genetics (Q4)";"Agricultural and Biological Sciences; Biochemistry, Genetics and Molecular Biology"
348;21101056821;"Revista de Biologia Neotropical / Journal of Neotropical Biology";journal;"18079652, 21780579";"Universidade Federal De Goias (UFG)";Yes;Yes;0,119;Q4;3;11;32;573;6;31;0,21;52,09;45,24;0;Brazil;Latin America;"Universidade Federal De Goias (UFG)";"2019-2025";"Animal Science and Zoology (Q4); Ecology, Evolution, Behavior and Systematics (Q4); Genetics (Q4); Molecular Biology (Q4); Plant Science (Q4)";"Agricultural and Biological Sciences; Biochemistry, Genetics and Molecular Biology"
349;19700201445;"Forum on Immunopathological Diseases and Therapeutics";journal;"21518025, 21518017";"Begell House Inc.";No;No;0,105;Q4;16;0;9;0;1;9;0,00;0,00;0,00;0;United States;Northern America;"Begell House Inc.";"2010-2016, 2021";"Biochemistry (Q4); Biotechnology (Q4); Genetics (Q4); Molecular Medicine (Q4)";"Biochemistry, Genetics and Molecular Biology"
350;19700169102;"Journal of Stem Cells";journal;"15568539";"Nova Science Publishers, Inc.";No;No;0,104;Q4;23;0;16;0;2;15;0,50;0,00;0,00;0;United States;Northern America;"Nova Science Publishers, Inc.";"2006-2022";"Cell Biology (Q4); Genetics (Q4); Molecular Medicine (Q4); Transplantation (Q4)";"Biochemistry, Genetics and Molecular Biology; Medicine"
351;21101392034;"Academia Biology";journal;"28374010";"Academia.edu";No;No;;-;6;52;45;4199;31;44;0,69;80,75;32,68;0;United States;Northern America;"Academia.edu";"2023-2026";"Agricultural and Biological Sciences (miscellaneous); Biochemistry; Biochemistry, Genetics and Molecular Biology (miscellaneous); Genetics; Immunology and Microbiology (miscellaneous) ; Infectious Diseases; Molecular Biology";"Agricultural and Biological Sciences; Biochemistry, Genetics and Molecular Biology; Immunology and Microbiology; Medicine"
352;21101279760;"Cardiogenetics";journal;"20358148, 20358253";"Multidisciplinary Digital Publishing Institute (MDPI)";Yes;No;;-;7;19;64;1137;62;60;0,95;59,84;45,00;0;Switzerland;Western Europe;"Multidisciplinary Digital Publishing Institute (MDPI)";"2021-2025";"Cardiology and Cardiovascular Medicine; Genetics; Genetics (clinical)";"Biochemistry, Genetics and Molecular Biology; Medicine"
353;21101330158;"Chinese Journal of Infection Control";journal;"16719638, 20969244";"Hunan Xiangya Medical Periodical Press Co.Ltd";No;No;;-;9;228;588;5762;285;588;0,46;25,27;47,95;0;China;Asiatic Region;"Hunan Xiangya Medical Periodical Press Co.Ltd";"2021-2026";"Genetics; Infectious Diseases; Public Health, Environmental and Occupational Health";"Biochemistry, Genetics and Molecular Biology; Medicine"
354;21101300691;"Discover Developmental Biology";journal;"30593247";"Springer Science and Business Media Deutschland GmbH";No;No;;-;85;13;39;1067;51;38;0,88;82,08;40,48;0;Germany;Western Europe;"Springer Science and Business Media Deutschland GmbH";"2025-2026";"Developmental Biology; Genetics";"Biochemistry, Genetics and Molecular Biology"
355;21101307731;"ESMO Gastrointestinal Oncology";journal;"29498198";"Elsevier B.V.";Yes;No;;-;6;48;0;1917;0;0;0,00;39,94;40,19;0;Netherlands;Western Europe;"Elsevier B.V.";"2024-2026";"Epidemiology; Gastroenterology; Genetics; Oncology (nursing)";"Biochemistry, Genetics and Molecular Biology; Medicine; Nursing"
356;22172;"Genetics Research (discontinued)";journal;"00166723, 14695073";"John Wiley and Sons Inc";Yes;No;;-;77;16;402;0;888;402;2,24;0,00;48,94;0;United Kingdom;Western Europe;"John Wiley and Sons Inc";"1960-2026";"Genetics; Medicine (miscellaneous)";"Biochemistry, Genetics and Molecular Biology; Medicine"
357;21101304708;"Holistic Integrative Oncology";journal;"27314529";"Springer";Yes;No;;-;10;66;66;3365;70;54;1,06;50,98;43,22;0;Singapore;Asiatic Region;"Springer";"2022-2026";"Genetics; Oncology; Surgery";"Biochemistry, Genetics and Molecular Biology; Medicine"
358;21101323946;"IEEE Transactions on Computational Biology and Bioinformatics";journal;"29984165";"Institute of Electrical and Electronics Engineers Inc.";No;No;;-;102;251;993;9321;4104;975;3,96;37,14;30,28;0;United States;Northern America;"Institute of Electrical and Electronics Engineers Inc.";"2025-2026";"Biotechnology; Genetics";"Biochemistry, Genetics and Molecular Biology"
359;21101306755;"IJID One Health";journal;"29499151";"Elsevier B.V.";Yes;No;;-;5;22;0;556;0;0;0,00;25,27;41,57;4;Netherlands;Western Europe;"Elsevier B.V.";"2024-2026";"Genetics; Immunology; Infectious Diseases; Public Health, Environmental and Occupational Health";"Biochemistry, Genetics and Molecular Biology; Immunology and Microbiology; Medicine"
360;19900193524;"Journal of Biotech Research (discontinued)";journal;"19443285";"Bio Tech System";Yes;No;;-;13;47;110;1261;46;110;0,37;26,83;51,35;0;United States;Northern America;"Bio Tech System";"2009-2013, 2015-2024";"Biotechnology; Genetics; Renewable Energy, Sustainability and the Environment";"Biochemistry, Genetics and Molecular Biology; Energy"
361;21101284191;"Journal of Crop Breeding";journal;"22286128, 26764628";"Sari Agricultural Sciences and Natural Resources University";Yes;No;;-;6;48;239;1861;98;239;0,38;38,77;17,90;0;Iran;Middle East;"Sari Agricultural Sciences and Natural Resources University";"2021-2025";"Agronomy and Crop Science; Biotechnology; Genetics; Plant Science";"Agricultural and Biological Sciences; Biochemistry, Genetics and Molecular Biology"
362;21101306754;"Journal of Endometriosis and Uterine Disorders";journal;"29498384";"Elsevier Masson s.r.l.";No;No;;-;7;26;0;990;0;0;0,00;38,08;61,29;2;France;Western Europe;"Elsevier Masson s.r.l.";"2024-2026";"Genetics; Obstetrics and Gynecology; Surgery";"Biochemistry, Genetics and Molecular Biology; Medicine"
363;21101303303;"Journal of Liquid Biopsy";journal;"29501954";"Elsevier B.V.";Yes;No;;-;9;49;1;2651;1;1;1,00;54,10;44,79;0;Netherlands;Western Europe;"Elsevier B.V.";"2023-2026";"Genetics; Oncology";"Biochemistry, Genetics and Molecular Biology; Medicine"
364;21101310676;"NPJ Metabolic Health and Disease";journal;"29482828";"Springer Nature";Yes;No;;-;11;35;1;3400;0;1;0,00;97,14;46,15;0;United Kingdom;Western Europe;"Springer Nature";"2023-2026";"Endocrinology; Endocrinology, Diabetes and Metabolism; Genetics";"Biochemistry, Genetics and Molecular Biology; Medicine"
365;21101307585;"Oral — Health, Diseases, Therapies, and Technologies";journal;"26736373";"Multidisciplinary Digital Publishing Institute (MDPI)";Yes;No;;-;9;49;108;2211;105;105;1,03;45,12;49,28;0;Switzerland;Western Europe;"Multidisciplinary Digital Publishing Institute (MDPI)";"2021-2025";"Genetics; Public Health, Environmental and Occupational Health; Surgery";"Biochemistry, Genetics and Molecular Biology; Medicine"
366;21101305306;"Pharmacoepidemiology";journal;"28130618";"Multidisciplinary Digital Publishing Institute (MDPI)";Yes;No;;-;6;28;40;1442;41;39;1,03;51,50;48,48;0;Switzerland;Western Europe;"Multidisciplinary Digital Publishing Institute (MDPI)";"2022-2025";"Genetics; Pharmacology (medical); Pharmacology, Toxicology and Pharmaceutics (miscellaneous); Public Health, Environmental and Occupational Health";"Biochemistry, Genetics and Molecular Biology; Medicine; Pharmacology, Toxicology and Pharmaceutics"
367;21101347019;"Plant Biotechnology and Breeding";journal;"26586266, 26586258";"N.I. Vavilov All-Russian Institute of Plant Genetic Resources";Yes;No;;-;6;29;61;836;34;54;0,49;28,83;68,54;0;Russian Federation;Eastern Europe;"N.I. Vavilov All-Russian Institute of Plant Genetic Resources";"2021-2025";"Agronomy and Crop Science; Biotechnology; Genetics; Plant Science";"Agricultural and Biological Sciences; Biochemistry, Genetics and Molecular Biology"
368;21101307730;"Rare";journal;"29500087";"Elsevier B.V.";Yes;No;;-;3;34;0;1025;0;0;0,00;30,15;58,73;1;Netherlands;Western Europe;"Elsevier B.V.";"2024-2026";"Genetics; Health Policy; Public Health, Environmental and Occupational Health";"Biochemistry, Genetics and Molecular Biology; Medicine"
