Rank;Sourceid;Title;Type;Issn;Publisher;Open Access;Open Access Diamond;SJR;SJR Quartile;H index;Total Docs. (2022);Total Docs. (3years);Total Refs.;Total Citations (3years);Citable Docs. (3years);Citations / Doc. (2years);Ref. / Doc.;%Female;Overton;Country;Region;Publisher;Coverage;Categories;Areas
1;4700152228;"Molecular Systems Biology";journal;"17444292";"Springer Science and Business Media Deutschland GmbH";Yes;No;6,220;Q1;185;64;223;4390;2285;203;9,16;68,59;39,49;1;Germany;Western Europe;"Springer Science and Business Media Deutschland GmbH";"2005-2026";"Agricultural and Biological Sciences (miscellaneous) (Q1); Applied Mathematics (Q1); Biochemistry, Genetics and Molecular Biology (miscellaneous) (Q1); Computational Theory and Mathematics (Q1); Immunology and Microbiology (miscellaneous)  (Q1); Information Systems (Q1); Medicine (miscellaneous) (Q1)";"Agricultural and Biological Sciences; Biochemistry, Genetics and Molecular Biology; Computer Science; Immunology and Microbiology; Mathematics; Medicine"
2;24668;"Journal of the American Mathematical Society";journal;"10886834, 08940347";"American Mathematical Society";No;No;5,848;Q1;120;19;66;975;267;66;3,80;51,32;6,82;0;United States;Northern America;"American Mathematical Society";"1988-2025";"Applied Mathematics (Q1); Mathematics (miscellaneous) (Q1)";"Mathematics"
3;28973;"Journal of Econometrics";journal;"03044076, 18726895";"Elsevier B.V.";No;No;5,744;Q1;205;140;476;5959;2430;459;5,16;42,56;23,15;54;Netherlands;Western Europe;"Elsevier B.V.";"1973-2026";"Applied Mathematics (Q1); Economics and Econometrics (Q1); History and Philosophy of Science (Q1)";"Arts and Humanities; Economics, Econometrics and Finance; Mathematics"
4;18933;"IEEE Transactions on Wireless Communications";journal;"15361276, 15582248";"Institute of Electrical and Electronics Engineers Inc.";No;No;5,662;Q1;277;760;1588;31890;19498;1587;11,94;41,96;26,80;0;United States;Northern America;"Institute of Electrical and Electronics Engineers Inc.";"2000, 2002-2026";"Applied Mathematics (Q1); Computer Science Applications (Q1); Electrical and Electronic Engineering (Q1)";"Computer Science; Engineering; Mathematics"
5;24254;"IEEE Transactions on Pattern Analysis and Machine Intelligence";journal;"01628828, 19393539";"IEEE Computer Society";No;No;4,447;Q1;460;685;766;46767;18772;757;24,42;68,27;23,87;0;United States;Northern America;"IEEE Computer Society";"1978-2026";"Applied Mathematics (Q1); Artificial Intelligence (Q1); Computational Theory and Mathematics (Q1); Computer Vision and Pattern Recognition (Q1); Software (Q1)";"Computer Science; Mathematics"
6;21101021078;"Annals of PDE";journal;"21992576, 25245317";"Springer Science + Business Media";No;No;4,425;Q1;33;26;57;1149;218;57;2,63;44,19;11,76;0;Switzerland;Western Europe;"Springer Science + Business Media";"2015-2026";"Analysis (Q1); Applied Mathematics (Q1); Geometry and Topology (Q1); Mathematical Physics (Q1); Physics and Astronomy (miscellaneous) (Q1)";"Mathematics; Physics and Astronomy"
7;21101081601;"PRX Quantum";journal;"26913399";"American Physical Society";Yes;No;4,415;Q1;82;218;272;17020;2679;268;9,85;78,07;15,77;0;United States;Northern America;"American Physical Society";"2020-2026";"Applied Mathematics (Q1); Computer Science (miscellaneous) (Q1); Electrical and Electronic Engineering (Q1); Electronic, Optical and Magnetic Materials (Q1); Mathematical Physics (Q1); Physics and Astronomy (miscellaneous) (Q1)";"Computer Science; Engineering; Materials Science; Mathematics; Physics and Astronomy"
8;25820;"Communications on Pure and Applied Mathematics";journal;"00103640, 10970312";"Wiley-Liss Inc.";No;No;4,044;Q1;134;47;162;2021;581;162;3,18;43,00;17,65;1;United States;Northern America;"Wiley-Liss Inc.";"1948-2026";"Applied Mathematics (Q1); Mathematics (miscellaneous) (Q1)";"Mathematics"
9;12996;"IEEE Signal Processing Magazine";journal;"10535888, 15580792";"Institute of Electrical and Electronics Engineers Inc.";No;No;3,939;Q1;229;75;278;2074;3610;240;12,78;27,65;21,33;0;United States;Northern America;"Institute of Electrical and Electronics Engineers Inc.";"1991-2026";"Applied Mathematics (Q1); Electrical and Electronic Engineering (Q1); Music (Q1); Signal Processing (Q1)";"Arts and Humanities; Computer Science; Engineering; Mathematics"
10;15049;"Biometrika";journal;"14643510, 00063444";"Oxford University Press";No;No;3,566;Q1;142;77;214;2476;679;204;2,84;32,16;27,47;4;United Kingdom;Western Europe;"Oxford University Press";"1908-1913, 1917, 1945, 1947-1951, 1965-2026";"Agricultural and Biological Sciences (miscellaneous) (Q1); Applied Mathematics (Q1); Mathematics (miscellaneous) (Q1); Statistics and Probability (Q1); Statistics, Probability and Uncertainty (Q1)";"Agricultural and Biological Sciences; Decision Sciences; Mathematics"
11;24242;"IEEE Transactions on Fuzzy Systems";journal;"10636706, 19410034";"Institute of Electrical and Electronics Engineers Inc.";No;No;3,533;Q1;235;451;814;20716;9495;806;11,17;45,93;27,77;0;United States;Northern America;"Institute of Electrical and Electronics Engineers Inc.";"1993-2026";"Applied Mathematics (Q1); Artificial Intelligence (Q1); Computational Theory and Mathematics (Q1); Control and Systems Engineering (Q1)";"Computer Science; Engineering; Mathematics"
12;4000151805;"Foundations and Trends in Communications and Information Theory";journal;"15672190, 15672328";"Now Publishers Inc";No;No;3,415;Q1;33;5;11;878;83;11;4,63;175,60;15,38;0;United States;Northern America;"Now Publishers Inc";"2004-2025";"Applied Mathematics (Q1); Computer Networks and Communications (Q1)";"Computer Science; Mathematics"
13;26447;"Journal of the European Mathematical Society";journal;"14359855, 14359863";"European Mathematical Society Publishing House";Yes;Yes;3,358;Q1;73;78;269;3101;689;269;2,45;39,76;15,00;0;Germany;Western Europe;"European Mathematical Society Publishing House";"2002-2026";"Applied Mathematics (Q1); Mathematics (miscellaneous) (Q1)";"Mathematics"
14;26430;"SIAM Review";journal;"10957200, 00361445";"Society for Industrial and Applied Mathematics Publications";No;No;3,002;Q1;140;43;112;2097;806;76;7,11;48,77;11,69;0;United States;Northern America;"Society for Industrial and Applied Mathematics Publications";"1969-1972, 1974-1978, 1983-2025";"Applied Mathematics (Q1); Computational Mathematics (Q1); Theoretical Computer Science (Q1)";"Mathematics"
15;24671;"Memoirs of the American Mathematical Society";journal;"00659266, 19476221";"American Mathematical Society";No;No;2,863;Q1;76;39;109;2304;236;109;1,87;59,08;14,29;0;United States;Northern America;"American Mathematical Society";"1996-2006, 2009-2025";"Applied Mathematics (Q1); Mathematics (miscellaneous) (Q1)";"Mathematics"
16;21100242249;"Analysis and PDE";journal;"1948206X, 21575045";"Mathematical Sciences Publishers";No;No;2,818;Q1;48;55;172;1852;361;172;2,06;33,67;14,95;0;United States;Northern America;"Mathematical Sciences Publishers";"2008-2026";"Analysis (Q1); Applied Mathematics (Q1); Numerical Analysis (Q1)";"Mathematics"
17;17393;"IEEE Transactions on Vehicular Technology";journal;"00189545, 19399359";"Institute of Electrical and Electronics Engineers Inc.";No;No;2,802;Q1;254;1141;3659;41365;31443;3646;7,91;36,25;26,22;0;United States;Northern America;"Institute of Electrical and Electronics Engineers Inc.";"1967-2026";"Aerospace Engineering (Q1); Applied Mathematics (Q1); Automotive Engineering (Q1); Computer Networks and Communications (Q1); Electrical and Electronic Engineering (Q1)";"Computer Science; Engineering; Mathematics"
18;23795;"Journal des Mathematiques Pures et Appliquees";journal;"00217824";"Elsevier Masson s.r.l.";No;No;2,801;Q1;81;92;347;3619;840;347;2,25;39,34;20,18;0;France;Western Europe;"Elsevier Masson s.r.l.";"1997-2026";"Applied Mathematics (Q1); Mathematics (miscellaneous) (Q1)";"Mathematics"
19;18050;"International Journal of Robotics Research";journal;"02783649, 17413176";"SAGE Publications Inc.";No;No;2,729;Q1;209;49;251;3037;2514;244;11,09;61,98;20,42;1;United States;Northern America;"SAGE Publications Inc.";"1982-2026";"Applied Mathematics (Q1); Artificial Intelligence (Q1); Electrical and Electronic Engineering (Q1); Mechanical Engineering (Q1); Modeling and Simulation (Q1); Software (Q1)";"Computer Science; Engineering; Mathematics"
20;21101033050;"Journal of Global Economic Analysis";journal;"23772999";"Purdue University, Department of Agricultural Economics";No;No;2,615;Q1;19;7;24;233;129;24;2,53;33,29;20,00;0;United States;Northern America;"Purdue University, Department of Agricultural Economics";"2016-2025";"Applied Mathematics (Q1); Economics and Econometrics (Q1); Statistics, Probability and Uncertainty (Q1)";"Decision Sciences; Economics, Econometrics and Finance; Mathematics"
21;25812;"Communications in Partial Differential Equations";journal;"03605302, 15324133";"Taylor and Francis Ltd.";No;No;2,536;Q1;99;66;181;2213;379;181;1,87;33,53;22,15;0;United States;Northern America;"Taylor and Francis Ltd.";"1971, 1976-2025";"Analysis (Q1); Applied Mathematics (Q1)";"Mathematics"
22;23200;"Annales de l'Institut Henri Poincare (C) Analyse Non Lineaire";journal;"18731430, 02941449";"European Mathematical Society Publishing House";Yes;Yes;2,473;Q1;82;32;184;1187;366;184;1,86;37,09;22,22;0;Germany;Western Europe;"European Mathematical Society Publishing House";"1984-2025";"Analysis (Q1); Applied Mathematics (Q1); Mathematical Physics (Q1)";"Mathematics"
23;25309;"Calculus of Variations and Partial Differential Equations";journal;"14320835, 09442669";"Springer New York";No;No;2,382;Q1;93;228;640;8711;1296;640;1,82;38,21;23,97;1;Germany;Western Europe;"Springer New York";"1993-2026";"Analysis (Q1); Applied Mathematics (Q1)";"Mathematics"
24;23796;"Journal fur die Reine und Angewandte Mathematik";journal;"00754102, 14355345";"Walter de Gruyter GmbH";No;No;2,310;Q1;83;101;328;3614;542;328;1,26;35,78;11,98;0;Germany;Western Europe;"Walter de Gruyter GmbH";"1826-1921, 1923-1943, 1949-2026";"Applied Mathematics (Q1); Mathematics (miscellaneous) (Q1)";"Mathematics"
25;21101072502;"NAR Genomics and Bioinformatics";journal;"26319268";"Oxford University Press";Yes;No;2,304;Q1;38;106;244;5754;1130;242;4,65;54,28;29,62;0;United Kingdom;Western Europe;"Oxford University Press";"2019-2026";"Applied Mathematics (Q1); Computer Science Applications (Q1); Genetics (Q1); Molecular Biology (Q1); Structural Biology (Q1)";"Biochemistry, Genetics and Molecular Biology; Computer Science; Mathematics"
26;26422;"SIAM Journal on Optimization";journal;"10526234, 10957189";"Society for Industrial and Applied Mathematics Publications";No;No;2,282;Q1;160;111;369;4884;1280;369;3,18;44,00;21,09;0;United States;Northern America;"Society for Industrial and Applied Mathematics Publications";"1991, 1996-2026";"Applied Mathematics (Q1); Software (Q1); Theoretical Computer Science (Q1)";"Computer Science; Mathematics"
27;26418;"SIAM Journal on Mathematical Analysis";journal;"00361410, 10957154";"Society for Industrial and Applied Mathematics Publications";No;No;1,994;Q1;109;189;571;7136;1099;571;1,79;37,76;24,13;0;United States;Northern America;"Society for Industrial and Applied Mathematics Publications";"1976, 1989, 1993, 1996-2026";"Analysis (Q1); Applied Mathematics (Q1); Computational Mathematics (Q1)";"Mathematics"
28;19900191610;"Bayesian Analysis";journal;"19316690, 19360975";"International Society for Bayesian Analysis";Yes;Yes;1,990;Q1;70;44;143;2009;477;143;3,21;45,66;19,53;0;United States;Northern America;"International Society for Bayesian Analysis";"2006-2025";"Applied Mathematics (Q1); Statistics and Probability (Q1)";"Mathematics"
29;24598;"Mathematical Models and Methods in Applied Sciences";journal;"02182025, 17936314";"World Scientific Publishing Co. Pte Ltd";No;No;1,988;Q1;103;71;223;4137;899;223;3,86;58,27;22,40;0;Singapore;Asiatic Region;"World Scientific Publishing Co. Pte Ltd";"1992, 1996-2026";"Applied Mathematics (Q1); Modeling and Simulation (Q1)";"Mathematics"
30;23874;"Journal of Differential Equations";journal;"00220396, 10902732";"Academic Press Inc.";No;No;1,983;Q1;159;504;1737;17738;4282;1732;2,32;35,19;27,03;1;United States;Northern America;"Academic Press Inc.";"1965-2026";"Analysis (Q1); Applied Mathematics (Q1)";"Mathematics"
31;13563;"Educational and Psychological Measurement";journal;"00131644, 15523888";"SAGE Publications Inc.";No;No;1,949;Q1;126;52;152;2141;609;152;3,03;41,17;37,70;0;United States;Northern America;"SAGE Publications Inc.";"1941-2026";"Applied Mathematics (Q1); Applied Psychology (Q1); Developmental and Educational Psychology (Q1); Education (Q1); Psychology (miscellaneous) (Q1)";"Mathematics; Psychology; Social Sciences"
32;26421;"SIAM Journal on Numerical Analysis";journal;"00361429, 10957170";"Society for Industrial and Applied Mathematics Publications";No;No;1,899;Q1;162;117;371;4523;1191;371;2,82;38,66;21,22;0;United States;Northern America;"Society for Industrial and Applied Mathematics Publications";"1969-1972, 1974-1978, 1983-1987, 1990-2026";"Applied Mathematics (Q1); Computational Mathematics (Q1); Numerical Analysis (Q1)";"Mathematics"
33;21100940460;"Network Neuroscience";journal;"24721751";"MIT Press";Yes;No;1,853;Q1;44;62;138;5518;702;135;4,94;89,00;27,81;0;United States;Northern America;"MIT Press";"2017-2026";"Applied Mathematics (Q1); Artificial Intelligence (Q1); Computer Science Applications (Q1); Neuroscience (miscellaneous) (Q1)";"Computer Science; Mathematics; Neuroscience"
34;18173;"Mathematical Finance";journal;"09601627, 14679965";"Wiley-Blackwell Publishing Ltd";No;No;1,837;Q1;92;30;125;1163;342;125;2,00;38,77;23,94;1;United Kingdom;Western Europe;"Wiley-Blackwell Publishing Ltd";"1991-2026";"Accounting (Q1); Applied Mathematics (Q1); Economics and Econometrics (Q1); Finance (Q1); Social Sciences (miscellaneous) (Q1)";"Business, Management and Accounting; Economics, Econometrics and Finance; Mathematics; Social Sciences"
35;13853;"Reliability Engineering and System Safety";journal;"18790836, 09518320";"Elsevier Ltd";No;No;1,760;Q1;209;579;1500;30128;13030;1493;8,57;52,03;26,06;13;United Kingdom;Western Europe;"Elsevier Ltd";"1983, 1988-2026";"Applied Mathematics (Q1); Industrial and Manufacturing Engineering (Q1); Safety, Risk, Reliability and Quality (Q1)";"Engineering; Mathematics"
36;13191;"Journal of Computational Physics";journal;"10902716, 00219991";"Academic Press Inc.";No;No;1,753;Q1;321;773;2017;40293;10469;2007;4,44;52,13;18,96;4;United States;Northern America;"Academic Press Inc.";"1966-2026";"Applied Mathematics (Q1); Computational Mathematics (Q1); Computer Science Applications (Q1); Modeling and Simulation (Q1); Numerical Analysis (Q1); Physics and Astronomy (miscellaneous) (Q1)";"Computer Science; Mathematics; Physics and Astronomy"
37;28470;"Foundations of Computational Mathematics";journal;"16153383, 16153375";"Springer New York";No;No;1,652;Q1;76;45;115;2107;408;115;3,58;46,82;15,83;0;United States;Northern America;"Springer New York";"2001-2026";"Analysis (Q1); Applied Mathematics (Q1); Computational Mathematics (Q1); Computational Theory and Mathematics (Q1)";"Computer Science; Mathematics"
38;21100898787;"Stochastics and Partial Differential Equations: Analysis and Computations";journal;"2194041X, 21940401";"Springer New York";No;No;1,635;Q1;24;43;68;1544;100;68;1,43;35,91;16,46;0;United States;Northern America;"Springer New York";"2013-2026";"Applied Mathematics (Q1); Modeling and Simulation (Q1); Statistics and Probability (Q1)";"Mathematics"
39;26425;"SIAM Journal on Scientific Computing";journal;"10957197, 10648275";"Society for Industrial and Applied Mathematics Publications";No;No;1,606;Q1;175;211;757;9499;2581;756;3,18;45,02;19,27;0;United States;Northern America;"Society for Industrial and Applied Mathematics Publications";"1996-2026";"Applied Mathematics (Q1); Computational Mathematics (Q1)";"Mathematics"
40;24689;"Transactions of the American Mathematical Society";journal;"00029947, 10886850";"American Mathematical Society";No;No;1,590;Q1;114;260;1145;9452;1619;1145;1,27;36,35;18,86;2;United States;Northern America;"American Mathematical Society";"1900-2026";"Applied Mathematics (Q1); Mathematics (miscellaneous) (Q1)";"Mathematics"
41;29805;"ISA Transactions";journal;"00190578";"International Society of Automation";No;No;1,588;Q1;131;684;1074;28306;8290;1071;7,71;41,38;25,46;1;United States;Northern America;"International Society of Automation";"1968-2026";"Applied Mathematics (Q1); Computer Science Applications (Q1); Control and Systems Engineering (Q1); Electrical and Electronic Engineering (Q1); Instrumentation (Q1)";"Computer Science; Engineering; Mathematics; Physics and Astronomy"
42;18093;"Archives of Computational Methods in Engineering";journal;"18861784, 11343060";"Springer Netherlands";No;No;1,581;Q1;129;186;332;28447;3571;330;11,21;152,94;24,87;11;Netherlands;Western Europe;"Springer Netherlands";"1994-2026";"Applied Mathematics (Q1); Computer Science Applications (Q1)";"Computer Science; Mathematics"
43;50170;"International Journal of Mechanical Sciences";journal;"00207403";"Elsevier Ltd";No;No;1,532;Q1;164;659;1859;45101;13299;1856;7,33;68,44;23,48;1;United Kingdom;Western Europe;"Elsevier Ltd";"1960-2026";"Aerospace Engineering (Q1); Applied Mathematics (Q1); Civil and Structural Engineering (Q1); Condensed Matter Physics (Q1); Materials Science (miscellaneous) (Q1); Mechanical Engineering (Q1); Mechanics of Materials (Q1); Ocean Engineering (Q1)";"Engineering; Materials Science; Mathematics; Physics and Astronomy"
44;21100199330;"Advances in Calculus of Variations";journal;"18648266, 18648258";"Walter de Gruyter GmbH";No;No;1,492;Q1;29;39;66;1200;124;66;1,68;30,77;20,99;0;Germany;Western Europe;"Walter de Gruyter GmbH";"2008-2026";"Analysis (Q1); Applied Mathematics (Q1)";"Mathematics"
45;25696;"Nonlinearity";journal;"09517715, 13616544";"IOP Publishing Ltd.";No;No;1,491;Q1;112;208;705;7820;1224;705;1,56;37,60;20,87;1;United Kingdom;Western Europe;"IOP Publishing Ltd.";"1988-2025";"Applied Mathematics (Q1); Mathematical Physics (Q1); Physics and Astronomy (miscellaneous) (Q1); Statistical and Nonlinear Physics (Q1)";"Mathematics; Physics and Astronomy"
46;28536;"Numerische Mathematik";journal;"09453245, 0029599X";"Springer New York";No;No;1,484;Q1;106;81;252;3445;574;252;2,08;42,53;18,56;0;Germany;Western Europe;"Springer New York";"1959-2026";"Applied Mathematics (Q1); Computational Mathematics (Q1)";"Mathematics"
47;18537;"Journal of Fluid Mechanics";journal;"14697645, 00221120";"Cambridge University Press";No;No;1,409;Q1;281;1205;3146;64222;13716;3142;4,02;53,30;16,31;6;United Kingdom;Western Europe;"Cambridge University Press";"1956-2026";"Applied Mathematics (Q1); Condensed Matter Physics (Q1); Mechanical Engineering (Q1); Mechanics of Materials (Q1)";"Engineering; Mathematics; Physics and Astronomy"
48;25347;"Chaos, Solitons and Fractals";journal;"09600779";"Elsevier Ltd";No;No;1,393;Q1;185;1124;2329;51029;18447;2315;8,39;45,40;27,08;3;United Kingdom;Western Europe;"Elsevier Ltd";"1991-2026";"Applied Mathematics (Q1); Mathematical Physics (Q1); Mathematics (miscellaneous) (Q1); Physics and Astronomy (miscellaneous) (Q1); Statistical and Nonlinear Physics (Q1)";"Mathematics; Physics and Astronomy"
49;21100857212;"Current Opinion in Systems Biology";journal;"24523100";"Elsevier Ltd";No;No;1,391;Q1;43;17;199;962;678;185;3,50;56,59;37,84;0;United Kingdom;Western Europe;"Elsevier Ltd";"2017-2025";"Applied Mathematics (Q1); Biochemistry, Genetics and Molecular Biology (miscellaneous) (Q1); Computer Science Applications (Q1); Drug Discovery (Q1); Modeling and Simulation (Q1)";"Biochemistry, Genetics and Molecular Biology; Computer Science; Mathematics; Pharmacology, Toxicology and Pharmaceutics"
50;74973;"Communications in Contemporary Mathematics";journal;"17936683, 02191997";"World Scientific";No;No;1,390;Q1;56;99;269;3297;414;269;1,43;33,30;18,05;0;Singapore;Asiatic Region;"World Scientific";"1999-2026";"Applied Mathematics (Q1); Mathematics (miscellaneous) (Q1)";"Mathematics"
51;21100875801;"npj Systems Biology and Applications";journal;"20567189";"Nature Publishing Group";Yes;No;1,388;Q1;43;49;114;3441;522;113;4,18;70,22;26,60;0;United Kingdom;Western Europe;"Nature Publishing Group";"2015-2026";"Applied Mathematics (Q1); Biochemistry, Genetics and Molecular Biology (miscellaneous) (Q1); Computer Science Applications (Q1); Drug Discovery (Q1); Modeling and Simulation (Q1)";"Biochemistry, Genetics and Molecular Biology; Computer Science; Mathematics; Pharmacology, Toxicology and Pharmaceutics"
52;18174;"Control Engineering Practice";journal;"09670661";"Elsevier Ltd";No;No;1,386;Q1;143;170;640;7602;3468;638;5,51;44,72;20,09;0;United Kingdom;Western Europe;"Elsevier Ltd";"1993-2026";"Applied Mathematics (Q1); Computer Science Applications (Q1); Control and Systems Engineering (Q1); Electrical and Electronic Engineering (Q1)";"Computer Science; Engineering; Mathematics"
53;21101039622;"Engineered Science";journal;"2576988X, 25769898";"Engineered Science Publisher";No;No;1,386;Q1;58;128;150;6791;2019;147;15,96;53,05;26,76;3;United States;Northern America;"Engineered Science Publisher";"2018-2026";"Applied Mathematics (Q1); Artificial Intelligence (Q1); Chemistry (miscellaneous) (Q1); Energy Engineering and Power Technology (Q1); Engineering (miscellaneous) (Q1); Materials Science (miscellaneous) (Q1); Physical and Theoretical Chemistry (Q1)";"Chemistry; Computer Science; Energy; Engineering; Materials Science; Mathematics"
54;23152;"IMA Journal of Numerical Analysis";journal;"14643642, 02724979";"Oxford University Press";No;No;1,383;Q1;81;115;246;4333;581;246;2,39;37,68;19,78;0;United Kingdom;Western Europe;"Oxford University Press";"1981-2026";"Applied Mathematics (Q1); Computational Mathematics (Q1); Mathematics (miscellaneous) (Q1)";"Mathematics"
55;21100923302;"Infectious Disease Modelling";journal;"24682152, 24680427";"KeAi Communications Co.";Yes;No;1,383;Q1;43;80;178;3474;1765;177;10,45;43,43;30,67;5;China;Asiatic Region;"KeAi Communications Co.";"2016-2026";"Applied Mathematics (Q1); Health Policy (Q1); Infectious Diseases (Q1)";"Mathematics; Medicine"
56;82360;"Journal of Nonlinear Science";journal;"09388974, 14321467";"Springer New York";No;No;1,350;Q1;73;97;283;4285;870;282;3,03;44,18;18,86;0;United States;Northern America;"Springer New York";"1991-2026";"Applied Mathematics (Q1); Engineering (miscellaneous) (Q1); Modeling and Simulation (Q1)";"Engineering; Mathematics"
57;28861;"Biometrics";journal;"0006341X, 15410420";"Oxford University Press";No;No;1,348;Q1;160;145;393;4180;736;376;1,75;28,83;37,70;7;United States;Northern America;"Oxford University Press";"1946-1951, 1965-2026";"Agricultural and Biological Sciences (miscellaneous) (Q1); Applied Mathematics (Q1); Biochemistry, Genetics and Molecular Biology (miscellaneous) (Q1); Immunology and Microbiology (miscellaneous)  (Q1); Medicine (miscellaneous) (Q1); Statistics and Probability (Q1)";"Agricultural and Biological Sciences; Biochemistry, Genetics and Molecular Biology; Immunology and Microbiology; Mathematics; Medicine"
58;13249;"Nonlinear Analysis, Theory, Methods and Applications";journal;"0362546X";"Elsevier Ltd";No;No;1,347;Q1;146;241;780;7798;1315;777;1,59;32,36;24,58;0;United Kingdom;Western Europe;"Elsevier Ltd";"1976-2026";"Analysis (Q1); Applied Mathematics (Q1)";"Mathematics"
59;28457;"Computational Mechanics";journal;"14320924, 01787675";"Springer Verlag";No;No;1,321;Q1;131;139;476;7964;2168;473;4,13;57,29;13,02;0;Germany;Western Europe;"Springer Verlag";"1986-2026";"Applied Mathematics (Q1); Computational Mathematics (Q1); Computational Mechanics (Q1); Computational Theory and Mathematics (Q1); Mechanical Engineering (Q1); Ocean Engineering (Q1)";"Computer Science; Engineering; Mathematics"
60;14061;"Psychometrika";journal;"00333123, 18600980";"Cambridge University Press";No;No;1,308;Q1;94;59;142;3143;329;139;2,30;53,27;34,81;4;United Kingdom;Western Europe;"Cambridge University Press";"1936-2026";"Applied Mathematics (Q1); Psychology (miscellaneous) (Q1)";"Mathematics; Psychology"
61;25092;"Mathematics of Computation";journal;"00255718, 10886842";"American Mathematical Society";No;No;1,302;Q1;120;84;291;2995;619;291;1,90;35,65;15,91;0;United States;Northern America;"American Mathematical Society";"1864, 1926, 1943-2026";"Algebra and Number Theory (Q1); Applied Mathematics (Q1); Computational Mathematics (Q1)";"Mathematics"
62;21576;"Nonlinear Dynamics";journal;"0924090X, 1573269X";"Springer Netherlands";No;No;1,285;Q1;165;845;2351;37173;13184;2342;5,58;43,99;25,14;4;Netherlands;Western Europe;"Springer Netherlands";"1990-2026";"Aerospace Engineering (Q1); Applied Mathematics (Q1); Control and Systems Engineering (Q1); Electrical and Electronic Engineering (Q1); Mechanical Engineering (Q1); Ocean Engineering (Q1)";"Engineering; Mathematics"
63;26405;"SIAM Journal on Control and Optimization";journal;"10957138, 03630129";"Society for Industrial and Applied Mathematics Publications";No;No;1,282;Q1;138;160;497;5665;1204;497;2,21;35,41;18,32;0;United States;Northern America;"Society for Industrial and Applied Mathematics Publications";"1969, 1976-2026";"Applied Mathematics (Q1); Control and Optimization (Q1)";"Mathematics"
64;26324;"Random Structures and Algorithms";journal;"10429832, 10982418";"John Wiley and Sons Ltd";No;No;1,281;Q1;76;60;207;1825;294;206;1,41;30,42;16,79;0;United Kingdom;Western Europe;"John Wiley and Sons Ltd";"1990-2026";"Applied Mathematics (Q1); Computer Graphics and Computer-Aided Design (Q1); Mathematics (miscellaneous) (Q1); Software (Q1)";"Computer Science; Mathematics"
65;5100155103;"Journal of Informetrics";journal;"18755879, 17511577";"Elsevier B.V.";No;No;1,269;Q1;107;91;254;5562;1164;248;3,93;61,12;33,85;6;Netherlands;Western Europe;"Elsevier B.V.";"2007-2026";"Applied Mathematics (Q1); Computer Science Applications (Q1); Library and Information Sciences (Q1); Management Science and Operations Research (Q1); Modeling and Simulation (Q1); Statistics and Probability (Q1)";"Computer Science; Decision Sciences; Mathematics; Social Sciences"
66;21780;"Nonlinear Analysis: Real World Applications";journal;"14681218";"Elsevier B.V.";No;No;1,256;Q1;109;170;494;5923;1183;494;2,12;34,84;29,43;0;Netherlands;Western Europe;"Elsevier B.V.";"2000-2026";"Analysis (Q1); Applied Mathematics (Q1); Computational Mathematics (Q1); Economics, Econometrics and Finance (miscellaneous) (Q1); Engineering (miscellaneous) (Q1); Medicine (miscellaneous) (Q1)";"Economics, Econometrics and Finance; Engineering; Mathematics; Medicine"
67;29586;"Journal of Guidance, Control, and Dynamics";journal;"15333884, 07315090";"American Institute of Aeronautics and Astronautics Inc. (AIAA)";No;No;1,239;Q1;174;197;649;6851;2369;556;3,36;34,78;15,49;0;United States;Northern America;"American Institute of Aeronautics and Astronautics Inc. (AIAA)";"1978-2026";"Aerospace Engineering (Q1); Applied Mathematics (Q1); Control and Systems Engineering (Q1); Electrical and Electronic Engineering (Q1); Space and Planetary Science (Q1)";"Earth and Planetary Sciences; Engineering; Mathematics"
68;25184;"Applied Mathematics Letters";journal;"18735452, 08939659";"Elsevier Ltd";No;No;1,224;Q1;122;367;1247;6391;4488;1245;3,92;17,41;32,91;0;United Kingdom;Western Europe;"Elsevier Ltd";"1988-2026";"Applied Mathematics (Q1)";"Mathematics"
69;28459;"Computational Optimization and Applications";journal;"15732894, 09266003";"Springer Netherlands";No;No;1,208;Q1;97;84;277;3374;606;275;2,04;40,17;21,47;0;Netherlands;Western Europe;"Springer Netherlands";"1992-2026";"Applied Mathematics (Q1); Computational Mathematics (Q1); Control and Optimization (Q1)";"Mathematics"
70;21100926541;"Information and Inference";journal;"20498772";"Oxford University Press";No;No;1,193;Q1;37;30;83;1506;202;83;2,14;50,20;11,11;0;United States;Northern America;"Oxford University Press";"2012-2026";"Analysis (Q1); Applied Mathematics (Q1); Computational Theory and Mathematics (Q1); Numerical Analysis (Q1); Statistics and Probability (Q1)";"Computer Science; Mathematics"
71;19200156958;"Applied and Computational Mathematics";journal;"16833511";"Institute of Applied Mathematics of Baku State University";No;No;1,191;Q1;29;25;74;808;459;72;7,98;32,32;15,79;0;Azerbaijan;Eastern Europe;"Institute of Applied Mathematics of Baku State University";"2008-2025";"Applied Mathematics (Q1); Computational Mathematics (Q1)";"Mathematics"
72;18120;"ACM Transactions on Mathematical Software";journal;"15577295, 00983500";"Association for Computing Machinery";No;No;1,186;Q1;102;46;122;2101;466;122;3,00;45,67;14,63;2;United States;Northern America;"Association for Computing Machinery";"1975-2025";"Applied Mathematics (Q1); Software (Q1)";"Computer Science; Mathematics"
73;26929;"Stochastic Processes and their Applications";journal;"03044149";"Elsevier B.V.";No;No;1,184;Q1;93;198;580;6382;895;580;1,43;32,23;20,72;0;Netherlands;Western Europe;"Elsevier B.V.";"1973-2026";"Applied Mathematics (Q1); Modeling and Simulation (Q1); Statistics and Probability (Q1)";"Mathematics"
74;23490;"Journal of Scientific Computing";journal;"08857474, 15737691";"Springer New York";No;No;1,171;Q1;103;369;883;15932;2408;881;2,37;43,18;27,77;2;United States;Northern America;"Springer New York";"1986-2026";"Applied Mathematics (Q1); Computational Mathematics (Q1); Computational Theory and Mathematics (Q1); Engineering (miscellaneous) (Q1); Numerical Analysis (Q1); Software (Q1); Theoretical Computer Science (Q1)";"Computer Science; Engineering; Mathematics"
75;27959;"Journal of the Franklin Institute";journal;"00160032";"Elsevier Ltd";No;No;1,159;Q1;116;523;1643;22095;7426;1638;4,36;42,25;29,96;1;United Kingdom;Western Europe;"Elsevier Ltd";"1826-2026";"Applied Mathematics (Q1); Computer Networks and Communications (Q1); Control and Systems Engineering (Q1); Signal Processing (Q1)";"Computer Science; Engineering; Mathematics"
76;21101080470;"Journal of Applied and Computational Topology";journal;"23671726, 23671734";"Springer International Publishing AG";No;No;1,149;Q1;18;16;52;712;112;52;2,18;44,50;3,03;0;Switzerland;Western Europe;"Springer International Publishing AG";"2017-2026";"Applied Mathematics (Q1); Computational Mathematics (Q1); Geometry and Topology (Q1)";"Mathematics"
77;21100945714;"Methods, Data, Analyses";journal;"21904936, 18646956";"GESIS - Leibniz Institute for the Social Sciences";Yes;Yes;1,148;Q1;11;12;32;633;59;31;1,18;52,75;48,28;1;Germany;Western Europe;"GESIS - Leibniz Institute for the Social Sciences";"2019-2025";"Applied Mathematics (Q1); Applied Psychology (Q1); Computer Science Applications (Q1); Modeling and Simulation (Q1); Statistics and Probability (Q1); Statistics, Probability and Uncertainty (Q1)";"Computer Science; Decision Sciences; Mathematics; Psychology"
78;21100898676;"IACR Transactions on Symmetric Cryptology";journal;"2519173X";"Ruhr-University of Bochum";Yes;Yes;1,144;Q1;32;48;138;1587;535;135;3,72;33,06;22,02;1;Germany;Western Europe;"Ruhr-University of Bochum";"2018-2025";"Applied Mathematics (Q1); Computational Mathematics (Q1); Computer Science Applications (Q1); Software (Q1)";"Computer Science; Mathematics"
79;14588;"Theoretical and Applied Fracture Mechanics";journal;"01678442";"Elsevier B.V.";No;No;1,142;Q1;94;444;875;22253;4611;862;5,33;50,12;24,50;2;Netherlands;Western Europe;"Elsevier B.V.";"1984-2026";"Applied Mathematics (Q1); Condensed Matter Physics (Q1); Materials Science (miscellaneous) (Q1); Mechanical Engineering (Q1)";"Engineering; Materials Science; Mathematics; Physics and Astronomy"
80;28976;"Journal of Economic Dynamics and Control";journal;"01651889";"Elsevier B.V.";No;No;1,134;Q1;110;186;380;7804;687;376;1,77;41,96;21,87;73;Netherlands;Western Europe;"Elsevier B.V.";"1979-2026";"Applied Mathematics (Q1); Control and Optimization (Q1); Economics and Econometrics (Q1)";"Economics, Econometrics and Finance; Mathematics"
81;75869;"Discrete and Continuous Dynamical Systems- Series A";journal;"15535231, 10780947";"American Institute of Mathematical Sciences";No;No;1,130;Q1;84;221;817;6551;1067;812;1,15;29,64;25,00;0;United States;Northern America;"American Institute of Mathematical Sciences";"1996-2026";"Analysis (Q1); Applied Mathematics (Q1); Discrete Mathematics and Combinatorics (Q1)";"Mathematics"
82;17300154968;"Bioinformatics and Biology Insights";journal;"11779322";"SAGE Publications Inc.";Yes;No;1,128;Q1;37;44;85;2496;457;81;6,31;56,73;39,66;0;United Kingdom;Western Europe;"SAGE Publications Inc.";"2009-2026";"Applied Mathematics (Q1); Biochemistry (Q1); Computational Mathematics (Q1); Computer Science Applications (Q1); Molecular Biology (Q2)";"Biochemistry, Genetics and Molecular Biology; Computer Science; Mathematics"
83;21101048368;"Journal of Membrane Computing";journal;"25238914, 25238906";"Springer";No;No;1,126;Q1;23;25;84;1214;373;82;3,64;48,56;38,98;0;Singapore;Asiatic Region;"Springer";"2019-2026";"Applied Mathematics (Q1); Computational Theory and Mathematics (Q1)";"Computer Science; Mathematics"
84;17316;"IEEE Signal Processing Letters";journal;"10709908, 15582361";"Institute of Electrical and Electronics Engineers Inc.";No;No;1,123;Q1;173;550;1239;16723;5568;1239;4,49;30,41;29,61;0;United States;Northern America;"Institute of Electrical and Electronics Engineers Inc.";"1994-2026";"Applied Mathematics (Q1); Electrical and Electronic Engineering (Q1); Signal Processing (Q1)";"Computer Science; Engineering; Mathematics"
85;5800173376;"Biology Direct";journal;"17456150";"BioMed Central Ltd";Yes;No;1,117;Q1;87;41;78;2512;360;76;5,53;61,27;43,78;0;United Kingdom;Western Europe;"BioMed Central Ltd";"2006-2026";"Agricultural and Biological Sciences (miscellaneous) (Q1); Applied Mathematics (Q1); Biochemistry, Genetics and Molecular Biology (miscellaneous) (Q1); Ecology, Evolution, Behavior and Systematics (Q1); Modeling and Simulation (Q1); Immunology (Q2)";"Agricultural and Biological Sciences; Biochemistry, Genetics and Molecular Biology; Immunology and Microbiology; Mathematics"
86;28497;"Inverse Problems";journal;"13616420, 02665611";"Institute of Physics";No;No;1,115;Q1;137;138;543;5794;1286;539;2,27;41,99;24,50;0;United Kingdom;Western Europe;"Institute of Physics";"1985-2025";"Applied Mathematics (Q1); Computer Science Applications (Q1); Mathematical Physics (Q1); Signal Processing (Q1); Theoretical Computer Science (Q1)";"Computer Science; Mathematics"
87;15424;"Measurement: Journal of the International Measurement Confederation";journal;"02632241";"Elsevier B.V.";No;No;1,106;Q1;164;1645;3819;69697;23213;3810;6,28;42,37;26,92;6;Netherlands;Western Europe;"Elsevier B.V.";"1983-2026";"Applied Mathematics (Q1); Condensed Matter Physics (Q1); Education (Q1); Electrical and Electronic Engineering (Q1); Instrumentation (Q1); Statistics and Probability (Q1)";"Engineering; Mathematics; Physics and Astronomy; Social Sciences"
88;144889;"Journal of Intelligent Transportation Systems: Technology, Planning, and Operations";journal;"15472450, 15472442";"Taylor and Francis Ltd.";No;No;1,101;Q1;66;47;139;2107;632;135;4,03;44,83;27,50;4;United Kingdom;Western Europe;"Taylor and Francis Ltd.";"2004-2026";"Aerospace Engineering (Q1); Applied Mathematics (Q1); Automotive Engineering (Q1); Computer Science Applications (Q1); Control and Systems Engineering (Q1); Information Systems (Q1); Software (Q1)";"Computer Science; Engineering; Mathematics"
89;17929;"BMC Bioinformatics";journal;"14712105";"BioMed Central Ltd";Yes;No;1,100;Q1;265;575;1933;25035;7406;1923;3,23;43,54;33,88;9;United Kingdom;Western Europe;"BioMed Central Ltd";"2000-2026";"Applied Mathematics (Q1); Biochemistry (Q1); Computer Science Applications (Q1); Molecular Biology (Q2); Structural Biology (Q2)";"Biochemistry, Genetics and Molecular Biology; Computer Science; Mathematics"
90;25956;"ESAIM: Mathematical Modelling and Numerical Analysis";journal;"28047214, 28227840";"EDP Sciences";Yes;No;1,096;Q1;88;80;293;3102;544;292;1,64;38,78;22,50;0;France;Western Europe;"EDP Sciences";"1996-2026";"Analysis (Q1); Applied Mathematics (Q1); Computational Mathematics (Q1); Modeling and Simulation (Q1); Numerical Analysis (Q1)";"Mathematics"
91;14567;"Technometrics";journal;"15372723, 00401706";"Taylor and Francis Ltd.";No;No;1,092;Q1;102;42;128;1676;302;119;2,14;39,90;20,77;1;United Kingdom;Western Europe;"Taylor and Francis Ltd.";"1959-2026";"Applied Mathematics (Q1); Modeling and Simulation (Q1); Statistics and Probability (Q1)";"Mathematics"
92;21100330731;"Internet Mathematics";journal;"15427951, 19449488";"Toronto Metropolitan University";No;No;1,085;Q1;42;0;3;0;6;3;2,00;0,00;0,00;0;Canada;Northern America;"Toronto Metropolitan University";"2004-2009, 2011-2020";"Applied Mathematics (Q1); Computational Mathematics (Q1); Modeling and Simulation (Q1)";"Mathematics"
93;25676;"Nonlinear Differential Equations and Applications";journal;"10219722, 14209004";"Springer International Publishing";No;No;1,085;Q1;51;74;182;2116;207;182;1,06;28,59;20,57;0;Switzerland;Western Europe;"Springer International Publishing";"1994-2026";"Analysis (Q1); Applied Mathematics (Q1)";"Mathematics"
94;23940;"Journal of Mathematical Behavior";journal;"07323123, 18738028";"Elsevier Inc.";No;No;1,081;Q1;64;67;175;3419;328;175;1,68;51,03;50,35;0;United States;Northern America;"Elsevier Inc.";"1994-2026";"Applied Mathematics (Q1); Education (Q1); Applied Psychology (Q2)";"Mathematics; Psychology; Social Sciences"
95;28065;"Applied Mathematical Modelling";journal;"0307904X";"Elsevier Inc.";No;No;1,080;Q1;159;517;1723;24041;9031;1722;5,20;46,50;24,80;5;United States;Northern America;"Elsevier Inc.";"1976-2026";"Applied Mathematics (Q1); Modeling and Simulation (Q1)";"Mathematics"
96;3200147819;"Pervasive and Mobile Computing";journal;"15741192";"Elsevier B.V.";No;No;1,080;Q1;87;86;222;4000;1039;208;4,30;46,51;17,65;0;Netherlands;Western Europe;"Elsevier B.V.";"2005-2026";"Applied Mathematics (Q1); Computer Networks and Communications (Q1); Computer Science Applications (Q1); Computer Science (miscellaneous) (Q1); Hardware and Architecture (Q1); Information Systems (Q1); Software (Q1)";"Computer Science; Mathematics"
97;28538;"Optimization Methods and Software";journal;"10294937, 10556788";"Taylor and Francis Ltd.";No;No;1,079;Q1;74;85;179;3160;447;174;2,74;37,18;22,01;0;United Kingdom;Western Europe;"Taylor and Francis Ltd.";"1992-2026";"Applied Mathematics (Q1); Control and Optimization (Q1); Software (Q1)";"Computer Science; Mathematics"
98;19300156906;"Journal of Modern Dynamics";journal;"19305311, 1930532X";"American Institute of Mathematical Sciences";No;No;1,067;Q1;26;18;56;736;53;55;1,00;40,89;21,88;0;United States;Northern America;"American Institute of Mathematical Sciences";"2007-2026";"Algebra and Number Theory (Q1); Analysis (Q1); Applied Mathematics (Q1)";"Mathematics"
99;21101018930;"SIAM Journal on Applied Algebra and Geometry";journal;"24706566";"Society for Industrial and Applied Mathematics Publications";No;No;1,059;Q1;24;27;74;1054;159;74;1,34;39,04;18,87;0;United States;Northern America;"Society for Industrial and Applied Mathematics Publications";"2017-2026";"Algebra and Number Theory (Q1); Applied Mathematics (Q1); Geometry and Topology (Q1)";"Mathematics"
100;24660;"Bulletin of the American Mathematical Society";journal;"02730979, 10889485";"American Mathematical Society";Yes;No;1,051;Q1;71;25;52;1164;80;52;1,00;46,56;17,07;0;United States;Northern America;"American Mathematical Society";"1891-2026";"Applied Mathematics (Q1); Mathematics (miscellaneous) (Q1)";"Mathematics"
101;21101054787;"Quantum Machine Intelligence";journal;"25244914, 25244906";"Springer Science and Business Media Deutschland GmbH";No;No;1,051;Q1;28;28;56;1126;327;55;5,76;40,21;23,86;0;Germany;Western Europe;"Springer Science and Business Media Deutschland GmbH";"2019-2026";"Applied Mathematics (Q1); Computational Theory and Mathematics (Q1); Software (Q1); Theoretical Computer Science (Q1); Artificial Intelligence (Q2)";"Computer Science; Mathematics"
102;14398;"International Journal of Solids and Structures";journal;"00207683";"Elsevier Ltd";No;No;1,046;Q1;216;461;1096;23239;4319;1089;3,98;50,41;18,64;1;United Kingdom;Western Europe;"Elsevier Ltd";"1965-2026";"Applied Mathematics (Q1); Condensed Matter Physics (Q1); Materials Science (miscellaneous) (Q1); Mechanical Engineering (Q1); Mechanics of Materials (Q1); Modeling and Simulation (Q1)";"Engineering; Materials Science; Mathematics; Physics and Astronomy"
103;29120;"Physica D: Nonlinear Phenomena";journal;"01672789";"Elsevier B.V.";No;No;1,044;Q1;157;203;522;10153;2049;521;4,34;50,01;21,17;0;Netherlands;Western Europe;"Elsevier B.V.";"1980-2026";"Applied Mathematics (Q1); Condensed Matter Physics (Q1); Mathematical Physics (Q1); Statistical and Nonlinear Physics (Q1)";"Mathematics; Physics and Astronomy"
104;12336;"International Journal for Numerical Methods in Engineering";journal;"00295981, 10970207";"John Wiley and Sons Ltd";No;No;1,043;Q1;208;241;751;12495;2402;746;3,13;51,85;16,39;0;United Kingdom;Western Europe;"John Wiley and Sons Ltd";"1969-2026";"Applied Mathematics (Q1); Engineering (miscellaneous) (Q1); Numerical Analysis (Q1)";"Engineering; Mathematics"
105;28542;"Journal of Mathematical Fluid Mechanics";journal;"14226928, 14226952";"Springer International Publishing";No;No;1,037;Q1;43;112;220;3403;285;220;1,21;30,38;26,29;0;Switzerland;Western Europe;"Springer International Publishing";"2004-2026";"Applied Mathematics (Q1); Computational Mathematics (Q1); Condensed Matter Physics (Q1); Mathematical Physics (Q1)";"Mathematics; Physics and Astronomy"
106;26480;"Finite Fields and their Applications";journal;"10715797, 10902465";"Academic Press Inc.";No;No;1,034;Q1;60;122;316;2678;413;316;1,13;21,95;30,17;0;United States;Northern America;"Academic Press Inc.";"1995-2026";"Algebra and Number Theory (Q1); Applied Mathematics (Q1); Engineering (miscellaneous) (Q1); Theoretical Computer Science (Q1)";"Engineering; Mathematics"
107;25862;"Designs, Codes, and Cryptography";journal;"09251022, 15737586";"Springer Netherlands";No;No;1,033;Q1;75;149;447;4025;742;441;1,56;27,01;26,10;1;Netherlands;Western Europe;"Springer Netherlands";"1991-2026";"Applied Mathematics (Q1); Computer Science Applications (Q1); Discrete Mathematics and Combinatorics (Q1); Theoretical Computer Science (Q1)";"Computer Science; Mathematics"
108;26438;"Ergodic Theory and Dynamical Systems";journal;"14694417, 01433857";"Cambridge University Press";No;No;1,027;Q1;65;129;412;3752;354;411;0,81;29,09;17,11;0;United Kingdom;Western Europe;"Cambridge University Press";"1981-2026";"Applied Mathematics (Q1); Mathematics (miscellaneous) (Q1)";"Mathematics"
109;23871;"Journal of Cryptology";journal;"14321378, 09332790";"Springer New York";No;No;1,025;Q1;89;29;125;1518;421;124;3,73;52,34;18,75;0;United States;Northern America;"Springer New York";"1988-2026";"Applied Mathematics (Q1); Computer Science Applications (Q1); Software (Q1)";"Computer Science; Mathematics"
110;27971;"Zeitschrift fur Angewandte Mathematik und Physik";journal;"14209039, 00442275";"Springer International Publishing";No;No;1,023;Q1;76;254;576;8590;1126;575;1,90;33,82;29,61;0;Switzerland;Western Europe;"Springer International Publishing";"1950-2026";"Applied Mathematics (Q1); Mathematics (miscellaneous) (Q1); Physics and Astronomy (miscellaneous) (Q1)";"Mathematics; Physics and Astronomy"
111;26951;"Studies in Applied Mathematics";journal;"14679590, 00222526";"John Wiley &amp; Sons Inc.";No;No;1,016;Q1;58;86;167;3667;457;167;2,92;42,64;23,15;0;United Kingdom;Western Europe;"John Wiley &amp; Sons Inc.";"1922-1928, 1930-2026";"Applied Mathematics (Q1)";"Mathematics"
112;23087;"Algorithmica";journal;"14320541, 01784617";"Springer New York";No;No;1,007;Q1;87;139;424;4293;638;414;1,55;30,88;18,68;1;United States;Northern America;"Springer New York";"1986-2026";"Applied Mathematics (Q1); Computer Science Applications (Q1); Computer Science (miscellaneous) (Q1)";"Computer Science; Mathematics"
113;28968;"Interfaces and Free Boundaries";journal;"14639971, 14639963";"European Mathematical Society Publishing House";Yes;Yes;0,981;Q1;43;12;52;500;48;52;0,71;41,67;17,39;0;Germany;Western Europe;"European Mathematical Society Publishing House";"1999-2025";"Applied Mathematics (Q1); Surfaces and Interfaces (Q1)";"Mathematics; Physics and Astronomy"
114;24286;"International Journal of Approximate Reasoning";journal;"0888613X, 18734731";"Elsevier Inc.";No;No;0,978;Q1;119;157;408;7279;1733;393;4,12;46,36;24,73;2;United States;Northern America;"Elsevier Inc.";"1987-2026";"Applied Mathematics (Q1); Software (Q1); Theoretical Computer Science (Q1); Artificial Intelligence (Q2)";"Computer Science; Mathematics"
115;21100927405;"Advances in Statistical Climatology, Meteorology and Oceanography";journal;"23643587, 23643579";"Copernicus Publications";Yes;Yes;0,968;Q1;11;12;30;760;84;30;3,63;63,33;39,39;0;Germany;Western Europe;"Copernicus Publications";"2019-2026";"Applied Mathematics (Q1); Oceanography (Q1); Statistics and Probability (Q1); Atmospheric Science (Q2)";"Earth and Planetary Sciences; Mathematics"
116;25807;"Communications in Nonlinear Science and Numerical Simulation";journal;"10075704";"Elsevier B.V.";No;No;0,967;Q1;149;365;1243;15323;4739;1233;3,93;41,98;26,68;1;Netherlands;Western Europe;"Elsevier B.V.";"1996-2026";"Applied Mathematics (Q1); Modeling and Simulation (Q1); Numerical Analysis (Q1)";"Mathematics"
117;12140;"Journal of Time Series Analysis";journal;"01439782, 14679892";"Wiley-Blackwell";No;No;0,967;Q1;64;46;137;1636;157;128;0,94;35,57;20,22;2;United States;Northern America;"Wiley-Blackwell";"1980-2026";"Applied Mathematics (Q1); Statistics and Probability (Q1); Statistics, Probability and Uncertainty (Q1)";"Decision Sciences; Mathematics"
118;21100256955;"Advances in Differential Equations";journal;"10799389";"Khayyam Publishing, Inc.";No;No;0,966;Q1;63;21;60;750;74;60;0,98;35,71;26,09;0;United States;Northern America;"Khayyam Publishing, Inc.";"1996-2025";"Analysis (Q1); Applied Mathematics (Q1)";"Mathematics"
119;25170;"Applied Mathematics and Computation";journal;"18735649, 00963003";"Elsevier Inc.";No;No;0,962;Q1;189;730;2333;27041;9287;2331;4,08;37,04;29,56;2;United States;Northern America;"Elsevier Inc.";"1975-2026";"Applied Mathematics (Q1); Computational Mathematics (Q1)";"Mathematics"
120;21101100208;"ES Materials and Manufacturing";journal;"25780611, 2578062X";"Engineered Science Publisher";No;No;0,959;Q1;39;40;115;1875;976;104;10,79;46,88;33,33;0;United States;Northern America;"Engineered Science Publisher";"2018-2025";"Applied Mathematics (Q1); Building and Construction (Q1); Ceramics and Composites (Q1); Metals and Alloys (Q1); Modeling and Simulation (Q1); Numerical Analysis (Q1); Polymers and Plastics (Q1)";"Engineering; Materials Science; Mathematics"
121;28067;"Applied Numerical Mathematics";journal;"01689274";"Elsevier B.V.";No;No;0,953;Q1;95;223;789;8578;2180;785;2,86;38,47;28,74;0;Netherlands;Western Europe;"Elsevier B.V.";"1985-2026";"Applied Mathematics (Q1); Computational Mathematics (Q1); Numerical Analysis (Q1)";"Mathematics"
122;25150;"Applied and Computational Harmonic Analysis";journal;"1096603X, 10635203";"Academic Press Inc.";No;No;0,946;Q1;103;66;242;2688;708;208;2,87;40,73;17,76;1;United States;Northern America;"Academic Press Inc.";"1993-2026";"Applied Mathematics (Q1)";"Mathematics"
123;21100830444;"SIAM-ASA Journal on Uncertainty Quantification";journal;"21662525";"Society for Industrial and Applied Mathematics Publications";No;No;0,940;Q1;43;60;156;2960;356;156;2,25;49,33;23,17;0;United States;Northern America;"Society for Industrial and Applied Mathematics Publications";"2013-2026";"Applied Mathematics (Q1); Discrete Mathematics and Combinatorics (Q1); Modeling and Simulation (Q1); Statistics and Probability (Q1); Statistics, Probability and Uncertainty (Q2)";"Decision Sciences; Mathematics"
124;21100853805;"Quantitative Biology";journal;"20954697, 20954689";"John Wiley and Sons Inc";No;No;0,939;Q1;25;35;103;1939;311;96;2,52;55,40;27,62;0;China;Asiatic Region;"John Wiley and Sons Inc";"2013-2026";"Applied Mathematics (Q1); Biochemistry, Genetics and Molecular Biology (miscellaneous) (Q1); Modeling and Simulation (Q1); Computer Science Applications (Q2)";"Biochemistry, Genetics and Molecular Biology; Computer Science; Mathematics"
125;19400157008;"Revista de la Real Academia de Ciencias Exactas, Fisicas y Naturales - Serie A: Matematicas";journal;"15791505, 15787303";"Springer-Verlag Italia s.r.l.";No;No;0,933;Q1;45;188;657;5777;1521;656;2,62;30,73;24,39;0;Italy;Western Europe;"Springer-Verlag Italia s.r.l.";"2008-2026";"Algebra and Number Theory (Q1); Analysis (Q1); Applied Mathematics (Q1); Computational Mathematics (Q1); Geometry and Topology (Q1)";"Mathematics"
126;3100147401;"Ecological Informatics";journal;"15749541";"Elsevier B.V.";Yes;No;0,915;Q1;101;373;462;23796;2688;460;5,76;63,80;29,97;24;Netherlands;Western Europe;"Elsevier B.V.";"2006-2026";"Applied Mathematics (Q1); Computational Theory and Mathematics (Q1); Ecological Modeling (Q1); Ecology (Q1); Ecology, Evolution, Behavior and Systematics (Q1); Modeling and Simulation (Q1); Computer Science Applications (Q2)";"Agricultural and Biological Sciences; Computer Science; Environmental Science; Mathematics"
127;25712;"Numerical Linear Algebra with Applications";journal;"10705325, 10991506";"John Wiley and Sons Ltd";No;No;0,913;Q1;64;46;173;1740;334;170;1,68;37,83;26,02;0;United Kingdom;Western Europe;"John Wiley and Sons Ltd";"1994-2026";"Algebra and Number Theory (Q1); Applied Mathematics (Q1)";"Mathematics"
128;19900193539;"Fractional Calculus and Applied Analysis";journal;"13110454, 13142224";"Springer International Publishing AG";No;No;0,905;Q1;73;106;251;3292;791;243;2,91;31,06;21,59;1;Switzerland;Western Europe;"Springer International Publishing AG";"2011-2026";"Analysis (Q1); Applied Mathematics (Q1)";"Mathematics"
129;19600156814;"Cryptography and Communications";journal;"19362447, 19362455";"Springer Publishing Company";No;No;0,902;Q1;28;74;224;2011;308;217;1,31;27,18;24,49;1;United States;Northern America;"Springer Publishing Company";"2009-2026";"Applied Mathematics (Q1); Computational Theory and Mathematics (Q1); Computer Networks and Communications (Q1)";"Computer Science; Mathematics"
130;28070;"Combinatorics Probability and Computing";journal;"09635483, 14692163";"Cambridge University Press";No;No;0,901;Q1;61;49;141;1375;157;140;0,94;28,06;18,33;0;United Kingdom;Western Europe;"Cambridge University Press";"1992-2026";"Applied Mathematics (Q1); Computational Theory and Mathematics (Q1); Statistics and Probability (Q1); Theoretical Computer Science (Q2)";"Computer Science; Mathematics"
131;26404;"SIAM Journal on Applied Mathematics";journal;"00361399, 1095712X";"Society for Industrial and Applied Mathematics Publications";No;No;0,899;Q1;119;89;351;3559;718;351;1,95;39,99;21,54;0;United States;Northern America;"Society for Industrial and Applied Mathematics Publications";"1969-2026";"Applied Mathematics (Q1)";"Mathematics"
132;25179;"Applied Mathematics and Optimization";journal;"00954616, 14320606";"Springer New York";No;No;0,897;Q1;60;88;375;3196;637;375;1,57;36,32;19,31;0;United States;Northern America;"Springer New York";"1974-1977, 1979-2026";"Applied Mathematics (Q1); Control and Optimization (Q1)";"Mathematics"
133;24756;"Match";journal;"03406253";"University of Kragujevac, Faculty of Science";No;No;0,892;Q1;77;54;225;1441;408;225;1,92;26,69;30,19;0;Serbia;Eastern Europe;"University of Kragujevac, Faculty of Science";"1990, 1996-2026";"Applied Mathematics (Q1); Chemistry (miscellaneous) (Q1); Computational Theory and Mathematics (Q1); Computer Science Applications (Q2)";"Chemistry; Computer Science; Mathematics"
134;16413;"Chemical Engineering Science";journal;"00092509";"Elsevier B.V.";No;No;0,891;Q1;233;1012;2231;50228;11461;2217;5,20;49,63;29,06;3;United Kingdom;Western Europe;"Elsevier B.V.";"1951-2026";"Applied Mathematics (Q1); Chemical Engineering (miscellaneous) (Q1); Chemistry (miscellaneous) (Q1); Industrial and Manufacturing Engineering (Q1)";"Chemical Engineering; Chemistry; Engineering; Mathematics"
135;12782;"Lifetime Data Analysis";journal;"15729249, 13807870";"Springer";No;No;0,890;Q1;58;32;104;1003;130;103;1,25;31,34;38,71;0;United States;Northern America;"Springer";"1995-2026";"Applied Mathematics (Q1); Medicine (miscellaneous) (Q1)";"Mathematics; Medicine"
136;27989;"Optimization";journal;"10294945, 02331934";"Taylor and Francis Ltd.";No;No;0,889;Q1;69;200;339;6643;856;327;2,50;33,22;26,40;0;United Kingdom;Western Europe;"Taylor and Francis Ltd.";"1985-2026";"Applied Mathematics (Q1); Control and Optimization (Q1); Management Science and Operations Research (Q1)";"Decision Sciences; Mathematics"
137;19700172204;"Analysis and Applications";journal;"17936861, 02195305";"World Scientific";No;No;0,887;Q1;32;40;106;1512;260;106;2,32;37,80;19,15;0;Singapore;Asiatic Region;"World Scientific";"2008, 2010-2026";"Analysis (Q1); Applied Mathematics (Q1)";"Mathematics"
138;28461;"Computational Statistics and Data Analysis";journal;"01679473";"Elsevier B.V.";No;No;0,877;Q1;145;176;488;7241;953;484;2,04;41,14;33,33;4;Netherlands;Western Europe;"Elsevier B.V.";"1983-2026";"Applied Mathematics (Q1); Computational Theory and Mathematics (Q1); Computational Mathematics (Q2); Statistics and Probability (Q2)";"Computer Science; Mathematics"
139;19700174753;"Nano Communication Networks";journal;"18787789";"Elsevier B.V.";No;No;0,867;Q1;49;12;68;566;241;68;3,44;47,17;19,30;0;Netherlands;Western Europe;"Elsevier B.V.";"2010-2026";"Applied Mathematics (Q1); Electrical and Electronic Engineering (Q1); Computer Networks and Communications (Q2)";"Computer Science; Engineering; Mathematics"
140;21100797724;"Journal of Survey Statistics and Methodology";journal;"23250992, 23250984";"Oxford University Press";No;No;0,863;Q1;29;61;120;2111;274;117;2,36;34,61;42,37;17;United States;Northern America;"Oxford University Press";"2013-2025";"Applied Mathematics (Q1); Social Sciences (miscellaneous) (Q1); Statistics and Probability (Q2); Statistics, Probability and Uncertainty (Q2)";"Decision Sciences; Mathematics; Social Sciences"
141;18400156705;"Set-Valued and Variational Analysis";journal;"18770541, 18770533";"Springer Verlag";No;No;0,860;Q1;50;65;124;2070;204;119;1,82;31,85;16,08;0;Germany;Western Europe;"Springer Verlag";"2009-2026";"Analysis (Q1); Applied Mathematics (Q1); Geometry and Topology (Q1); Numerical Analysis (Q1); Statistics and Probability (Q2)";"Mathematics"
142;5200152822;"Advances in Data Analysis and Classification";journal;"18625347, 18625355";"Springer Science and Business Media Deutschland GmbH";No;No;0,853;Q1;45;41;128;1571;250;121;1,87;38,32;25,24;1;Germany;Western Europe;"Springer Science and Business Media Deutschland GmbH";"2007-2026";"Applied Mathematics (Q1); Computer Science Applications (Q2); Statistics and Probability (Q2)";"Computer Science; Mathematics"
143;23966;"Journal of Optimization Theory and Applications";journal;"00223239, 15732878";"Springer New York";No;No;0,848;Q1;111;174;571;5977;1167;559;1,99;34,35;19,80;1;United States;Northern America;"Springer New York";"1967-2026";"Applied Mathematics (Q1); Control and Optimization (Q1); Management Science and Operations Research (Q2)";"Decision Sciences; Mathematics"
144;88345;"Journal of Global Optimization";journal;"09255001, 15732916";"Springer Netherlands";No;No;0,847;Q1;105;128;365;4765;792;358;1,99;37,23;19,38;1;Netherlands;Western Europe;"Springer Netherlands";"1991-2026";"Applied Mathematics (Q1); Business, Management and Accounting (miscellaneous) (Q1); Control and Optimization (Q1); Computer Science Applications (Q2); Management Science and Operations Research (Q2)";"Business, Management and Accounting; Computer Science; Decision Sciences; Mathematics"
145;19700186911;"SIAM Journal on Imaging Sciences";journal;"19364954";"Society for Industrial and Applied Mathematics Publications";No;No;0,846;Q1;92;66;206;3490;537;206;2,37;52,88;20,00;0;United States;Northern America;"Society for Industrial and Applied Mathematics Publications";"2008-2025";"Applied Mathematics (Q1); Mathematics (miscellaneous) (Q1)";"Mathematics"
146;24677;"Proceedings of the American Mathematical Society";journal;"10886826, 00029939";"American Mathematical Society";No;No;0,845;Q1;99;447;1349;8478;1280;1349;0,93;18,97;18,90;0;United States;Northern America;"American Mathematical Society";"1950-2026";"Applied Mathematics (Q1); Mathematics (miscellaneous) (Q1)";"Mathematics"
147;25713;"Numerical Methods for Partial Differential Equations";journal;"10982426, 0749159X";"John Wiley &amp; Sons Inc.";No;No;0,842;Q2;79;102;366;3935;1161;366;3,69;38,58;25,99;0;United States;Northern America;"John Wiley &amp; Sons Inc.";"1985-2026";"Analysis (Q1); Applied Mathematics (Q2); Computational Mathematics (Q2); Numerical Analysis (Q2)";"Mathematics"
148;23935;"Journal of Mathematical Analysis and Applications";journal;"10960813, 0022247X";"Academic Press Inc.";No;No;0,833;Q2;171;871;2502;23736;3418;2500;1,33;27,25;26,87;1;United States;Northern America;"Academic Press Inc.";"1960-2026";"Analysis (Q1); Applied Mathematics (Q2)";"Mathematics"
149;25708;"Numerical Algorithms";journal;"10171398, 15729265";"Springer Netherlands";No;No;0,828;Q2;85;216;614;7324;1434;609;2,18;33,91;26,96;0;Netherlands;Western Europe;"Springer Netherlands";"1991-2026";"Applied Mathematics (Q2)";"Mathematics"
150;21100211117;"Communications in Applied Mathematics and Computational Science";journal;"15593940, 21575452";"Mathematical Sciences Publishers";No;No;0,822;Q2;28;4;24;133;49;24;2,33;33,25;7,14;0;United States;Northern America;"Mathematical Sciences Publishers";"2006-2025";"Applied Mathematics (Q2); Computational Theory and Mathematics (Q2); Computer Science Applications (Q2)";"Computer Science; Mathematics"
151;27430;"Chaos";journal;"10541500, 10897682";"American Institute of Physics";No;No;0,820;Q2;138;511;1561;24681;4950;1559;2,91;48,30;24,64;18;United States;Northern America;"American Institute of Physics";"1991-2026";"Mathematical Physics (Q1); Physics and Astronomy (miscellaneous) (Q1); Applied Mathematics (Q2); Medicine (miscellaneous) (Q2); Statistical and Nonlinear Physics (Q2)";"Mathematics; Medicine; Physics and Astronomy"
152;10700153303;"Dynamics of Partial Differential Equations";journal;"1548159X, 21637873";"International Press, Inc.";Yes;No;0,819;Q2;25;17;48;431;72;48;1,30;25,35;32,50;0;United States;Northern America;"International Press, Inc.";"2007-2026";"Analysis (Q1); Applied Mathematics (Q2)";"Mathematics"
153;26389;"Electronic Journal of Combinatorics";journal;"10778926, 10971440";"Australian National University";Yes;Yes;0,816;Q2;61;235;686;8585;535;686;0,76;36,53;26,20;1;United States;Northern America;"Australian National University";"1996-2026";"Discrete Mathematics and Combinatorics (Q1); Applied Mathematics (Q2); Computational Theory and Mathematics (Q2); Geometry and Topology (Q2); Theoretical Computer Science (Q2)";"Computer Science; Mathematics"
154;28041;"Advances in Computational Mathematics";journal;"10197168, 15729044";"Springer Netherlands";No;No;0,813;Q2;73;85;298;3469;592;298;1,82;40,81;25,00;0;Netherlands;Western Europe;"Springer Netherlands";"1993-2026";"Applied Mathematics (Q2); Computational Mathematics (Q2)";"Mathematics"
155;18189;"Finite Elements in Analysis and Design";journal;"0168874X";"Elsevier B.V.";No;No;0,809;Q2;99;77;154;3687;482;153;3,40;47,88;11,29;0;Netherlands;Western Europe;"Elsevier B.V.";"1985-2026";"Analysis (Q1); Computer Graphics and Computer-Aided Design (Q1); Engineering (miscellaneous) (Q1); Applied Mathematics (Q2)";"Computer Science; Engineering; Mathematics"
156;145649;"Communications on Pure and Applied Analysis";journal;"15340392, 15535258";"American Institute of Mathematical Sciences";No;No;0,805;Q2;54;190;591;5318;643;588;0,90;27,99;27,27;0;United States;Northern America;"American Institute of Mathematical Sciences";"2004-2026";"Analysis (Q1); Applied Mathematics (Q2)";"Mathematics"
157;21100223304;"SIAM Journal on Financial Mathematics";journal;"1945497X";"Society for Industrial and Applied Mathematics Publications";No;No;0,802;Q2;42;53;128;1771;188;128;1,19;33,42;24,37;0;United States;Northern America;"Society for Industrial and Applied Mathematics Publications";"2010-2026";"Applied Mathematics (Q2); Finance (Q2); Numerical Analysis (Q2)";"Economics, Econometrics and Finance; Mathematics"
158;23847;"Journal of Computational and Applied Mathematics";journal;"03770427";"Elsevier B.V.";No;No;0,797;Q2;155;511;1671;18364;4475;1663;2,60;35,94;28,15;2;Netherlands;Western Europe;"Elsevier B.V.";"1975-2026";"Applied Mathematics (Q2); Computational Mathematics (Q2)";"Mathematics"
159;5600157643;"Collectanea Mathematica";journal;"20384815, 00100757";"";No;No;0,795;Q2;25;28;83;713;121;83;1,77;25,46;18,97;0;Italy;Western Europe;"";"2006-2026";"Mathematics (miscellaneous) (Q1); Applied Mathematics (Q2)";"Mathematics"
160;17971;"IEEE/ACM Transactions on Computational Biology and Bioinformatics";journal;"15579964, 15455963";"Institute of Electrical and Electronics Engineers Inc.";No;No;0,794;Q2;0;0;0;0;0;0;0,00;0,00;0,00;0;United States;Northern America;"Institute of Electrical and Electronics Engineers Inc.";"2004-2024";"Applied Mathematics (Q2); Biotechnology (Q2); Genetics (Q2)";"Biochemistry, Genetics and Molecular Biology; Mathematics"
161;28500;"Journal of Complexity";journal;"0885064X, 10902708";"Academic Press Inc.";No;No;0,794;Q2;59;41;112;1364;196;110;1,97;33,27;18,82;0;United States;Northern America;"Academic Press Inc.";"1985-2026";"Algebra and Number Theory (Q1); Mathematics (miscellaneous) (Q1); Applied Mathematics (Q2); Control and Optimization (Q2); Numerical Analysis (Q2); Statistics and Probability (Q2)";"Mathematics"
162;26488;"Forum Mathematicum";journal;"09337741, 14355337";"Walter de Gruyter GmbH";No;No;0,786;Q2;43;84;270;2451;223;270;0,78;29,18;25,00;1;Germany;Western Europe;"Walter de Gruyter GmbH";"1989-2026";"Mathematics (miscellaneous) (Q1); Applied Mathematics (Q2)";"Mathematics"
163;21100945720;"Journal of Nonlinear and Variational Analysis";journal;"25606778, 25606921";"Biemdas Academic Publishers";No;No;0,784;Q2;20;54;120;1653;282;117;2,70;30,61;31,30;0;Canada;Northern America;"Biemdas Academic Publishers";"2017-2026";"Analysis (Q1); Applied Mathematics (Q2)";"Mathematics"
164;27856;"BIT Numerical Mathematics";journal;"15729125, 00063835";"Springer Netherlands";No;No;0,779;Q2;69;71;140;2402;225;140;1,45;33,83;29,01;0;Netherlands;Western Europe;"Springer Netherlands";"1961-2026";"Applied Mathematics (Q2); Computational Mathematics (Q2); Computer Networks and Communications (Q2); Software (Q2)";"Computer Science; Mathematics"
165;23893;"Journal of Fourier Analysis and Applications";journal;"10695869, 15315851";"Springer Nature";No;No;0,778;Q2;68;75;310;2339;341;306;0,97;31,19;15,23;0;United States;Northern America;"Springer Nature";"1994-2026";"Analysis (Q1); Mathematics (miscellaneous) (Q1); Applied Mathematics (Q2)";"Mathematics"
166;24306;"Digital Signal Processing: A Review Journal";journal;"10954333, 10512004";"Elsevier Inc.";No;No;0,776;Q2;100;472;641;21875;2299;635;3,57;46,35;27,17;1;United States;Northern America;"Elsevier Inc.";"1991-2026";"Applied Mathematics (Q2); Artificial Intelligence (Q2); Computational Theory and Mathematics (Q2); Computer Vision and Pattern Recognition (Q2); Electrical and Electronic Engineering (Q2); Signal Processing (Q2); Statistics, Probability and Uncertainty (Q2)";"Computer Science; Decision Sciences; Engineering; Mathematics"
167;21100777482;"Analysis and Geometry in Metric Spaces";journal;"22993274";"Walter de Gruyter GmbH";Yes;No;0,773;Q2;18;17;41;424;43;41;1,00;24,94;15,63;0;Poland;Eastern Europe;"Walter de Gruyter GmbH";"2013-2025";"Analysis (Q2); Applied Mathematics (Q2); Geometry and Topology (Q2)";"Mathematics"
168;5600157640;"Communications in Mathematical Sciences";journal;"15396746, 19450796";"International Press, Inc.";No;No;0,772;Q2;68;84;283;2816;326;282;0,94;33,52;26,94;0;United States;Northern America;"International Press, Inc.";"2003-2026";"Mathematics (miscellaneous) (Q1); Applied Mathematics (Q2)";"Mathematics"
169;21116;"International Journal of Non-Linear Mechanics";journal;"00207462";"Elsevier Ltd";No;No;0,770;Q2;109;185;489;8384;1499;482;3,20;45,32;23,28;0;United Kingdom;Western Europe;"Elsevier Ltd";"1966-2026";"Mechanical Engineering (Q1); Mechanics of Materials (Q1); Applied Mathematics (Q2)";"Engineering; Mathematics"
170;15568;"Journal of Mathematical Psychology";journal;"10960880, 00222496";"Academic Press Inc.";No;No;0,766;Q2;88;33;180;1640;347;172;1,88;49,70;11,43;2;United States;Northern America;"Academic Press Inc.";"1964-2026";"Applied Mathematics (Q2); Psychology (miscellaneous) (Q2)";"Mathematics; Psychology"
171;6200180175;"Annali di Matematica Pura ed Applicata";journal;"03733114, 16181891";"";No;No;0,765;Q2;48;121;332;3366;319;332;0,99;27,82;25,70;0;Germany;Western Europe;"";"1858-1861, 1863-1865, 1867-1871, 1873, 1875, 1877-1878, 1880, 1882-1883, 1885-1919, 1921-1922, 1924-2026";"Applied Mathematics (Q2)";"Mathematics"
172;25890;"Discrete Applied Mathematics";journal;"0166218X";"Elsevier B.V.";No;No;0,758;Q2;99;395;1252;8724;1520;1230;1,16;22,09;28,64;9;Netherlands;Western Europe;"Elsevier B.V.";"1979-2026";"Applied Mathematics (Q2); Discrete Mathematics and Combinatorics (Q2)";"Mathematics"
173;12166;"Mathematics and Computers in Simulation";journal;"03784754";"Elsevier B.V.";No;No;0,755;Q2;103;331;865;13573;3482;850;4,47;41,01;26,14;0;Netherlands;Western Europe;"Elsevier B.V.";"1958-2026";"Computer Science (miscellaneous) (Q1); Modeling and Simulation (Q1); Applied Mathematics (Q2); Numerical Analysis (Q2); Theoretical Computer Science (Q2)";"Computer Science; Mathematics"
174;28574;"Journal of Statistical Physics";journal;"00224715, 15729613";"Springer";No;No;0,750;-;128;155;652;5646;1037;649;1,51;36,43;19,93;0;United States;Northern America;"Springer";"1969-2026";"Mathematical Physics (Q2); Statistical and Nonlinear Physics (Q2)";"Mathematics; Physics and Astronomy"
175;21100873337;"Complex Adaptive Systems Modeling";journal;"21943206";"SpringerOpen";Yes;No;0,746;Q2;20;0;9;0;36;9;5,17;0,00;0,00;0;United Kingdom;Western Europe;"SpringerOpen";"2013-2020";"Applied Mathematics (Q2); Computer Science Applications (Q2); Modeling and Simulation (Q2)";"Computer Science; Mathematics"
176;98456;"International Journal of Structural Stability and Dynamics";journal;"02194554, 17936764";"World Scientific";No;No;0,742;Q2;61;242;631;10260;1955;625;3,20;42,40;24,31;0;Singapore;Asiatic Region;"World Scientific";"2004-2026";"Aerospace Engineering (Q1); Building and Construction (Q1); Mechanical Engineering (Q1); Ocean Engineering (Q1); Applied Mathematics (Q2); Civil and Structural Engineering (Q2)";"Engineering; Mathematics"
177;29610;"Journal of Mathematical Biology";journal;"03036812, 14321416";"Springer Science and Business Media Deutschland GmbH";No;No;0,739;Q2;116;130;421;5558;824;420;1,86;42,75;25,69;1;Germany;Western Europe;"Springer Science and Business Media Deutschland GmbH";"1974-2026";"Agricultural and Biological Sciences (miscellaneous) (Q1); Applied Mathematics (Q2); Modeling and Simulation (Q2)";"Agricultural and Biological Sciences; Mathematics"
178;19700201409;"Computational Methods in Applied Mathematics";journal;"16094840, 16099389";"Walter de Gruyter GmbH";No;No;0,733;Q2;39;50;145;1750;199;144;1,35;35,00;20,66;0;Germany;Western Europe;"Walter de Gruyter GmbH";"2001-2026";"Applied Mathematics (Q2); Computational Mathematics (Q2); Numerical Analysis (Q2)";"Mathematics"
179;24562;"Mathematical Biosciences";journal;"00255564, 18793134";"Elsevier Inc.";No;No;0,732;Q2;118;64;248;3049;884;245;4,82;47,64;33,92;0;United States;Northern America;"Elsevier Inc.";"1967-2026";"Agricultural and Biological Sciences (miscellaneous) (Q1); Applied Mathematics (Q2); Biochemistry, Genetics and Molecular Biology (miscellaneous) (Q2); Immunology and Microbiology (miscellaneous)  (Q2); Medicine (miscellaneous) (Q2); Modeling and Simulation (Q2); Statistics and Probability (Q2)";"Agricultural and Biological Sciences; Biochemistry, Genetics and Molecular Biology; Immunology and Microbiology; Mathematics; Medicine"
180;5200152703;"International Journal of Automation and Computing";journal;"14768186, 17518520";"Chinese Academy of Sciences";No;No;0,731;Q2;0;0;0;0;0;0;0,00;0,00;0,00;0;China;Asiatic Region;"Chinese Academy of Sciences";"2005, 2007-2021";"Applied Mathematics (Q2); Computer Science Applications (Q2); Control and Systems Engineering (Q2); Modeling and Simulation (Q2)";"Computer Science; Engineering; Mathematics"
181;12370;"Journal of Computer and System Sciences";journal;"10902724, 00220000";"Academic Press Inc.";No;No;0,726;Q2;110;61;192;2396;300;186;1,87;39,28;11,95;1;United States;Northern America;"Academic Press Inc.";"1967-2026";"Applied Mathematics (Q2); Computational Theory and Mathematics (Q2); Computer Networks and Communications (Q2); Theoretical Computer Science (Q2)";"Computer Science; Mathematics"
182;23841;"Journal of Approximation Theory";journal;"10960430, 00219045";"Academic Press Inc.";No;No;0,720;Q2;62;47;224;1241;235;221;0,99;26,40;9,23;0;United States;Northern America;"Academic Press Inc.";"1968-2026";"Mathematics (miscellaneous) (Q1); Analysis (Q2); Applied Mathematics (Q2); Numerical Analysis (Q2)";"Mathematics"
183;21101045274;"Applied Set-Valued Analysis and Optimization";journal;"25627783, 25627775";"Biemdas Academic Publishers";No;No;0,718;Q2;13;26;72;728;95;68;1,35;28,00;9,62;0;Canada;Northern America;"Biemdas Academic Publishers";"2019-2026";"Mathematics (miscellaneous) (Q1); Analysis (Q2); Applied Mathematics (Q2); Control and Optimization (Q2); Modeling and Simulation (Q2); Numerical Analysis (Q2)";"Mathematics"
184;25889;"Discrete and Continuous Dynamical Systems - Series B";journal;"1553524X, 15313492";"American Institute of Mathematical Sciences";No;No;0,718;Q2;68;278;850;9703;1196;841;1,35;34,90;31,84;0;United States;Northern America;"American Institute of Mathematical Sciences";"2001-2026";"Applied Mathematics (Q2); Discrete Mathematics and Combinatorics (Q2)";"Mathematics"
185;15654;"Journal of Agricultural, Biological, and Environmental Statistics";journal;"10857117, 15372693";"Springer";No;No;0,711;Q2;61;37;106;1498;202;104;1,42;40,49;32,46;4;United States;Northern America;"Springer";"1996-2026";"Agricultural and Biological Sciences (miscellaneous) (Q1); Applied Mathematics (Q2); Environmental Science (miscellaneous) (Q2); Statistics and Probability (Q2); Statistics, Probability and Uncertainty (Q2)";"Agricultural and Biological Sciences; Decision Sciences; Environmental Science; Mathematics"
186;21100443321;"Evolution Equations and Control Theory";journal;"21632480, 21632472";"American Institute of Mathematical Sciences";No;No;0,698;Q2;28;91;143;3143;249;141;1,86;34,54;20,44;0;United States;Northern America;"American Institute of Mathematical Sciences";"2012-2026";"Applied Mathematics (Q2); Control and Optimization (Q2); Modeling and Simulation (Q2)";"Mathematics"
187;28999;"Journal of Mathematical Economics";journal;"03044068, 18731538";"Elsevier B.V.";No;No;0,695;Q2;49;97;252;3431;253;251;1,10;35,37;18,39;3;Netherlands;Western Europe;"Elsevier B.V.";"1974-2026";"Applied Mathematics (Q2); Economics and Econometrics (Q2)";"Economics, Econometrics and Finance; Mathematics"
188;20307;"Engineering Analysis with Boundary Elements";journal;"09557997";"Elsevier Ltd";No;No;0,694;Q2;90;339;810;17616;2689;803;3,36;51,96;20,81;0;United Kingdom;Western Europe;"Elsevier Ltd";"1989-2026";"Engineering (miscellaneous) (Q1); Analysis (Q2); Applied Mathematics (Q2); Computational Mathematics (Q2)";"Engineering; Mathematics"
189;6700153291;"BMC Systems Biology";journal;"17520509";"BioMed Central Ltd";Yes;No;0,689;Q2;105;0;38;0;98;37;0,00;0,00;0,00;0;United Kingdom;Western Europe;"BioMed Central Ltd";"2007-2019";"Applied Mathematics (Q2); Computer Science Applications (Q2); Modeling and Simulation (Q2); Molecular Biology (Q3); Structural Biology (Q3)";"Biochemistry, Genetics and Molecular Biology; Computer Science; Mathematics"
190;25178;"Applied Mathematics and Mechanics (English Edition)";journal;"02534827, 15732754";"Springer China";No;No;0,688;Q2;64;121;352;5156;1291;352;4,08;42,61;28,93;0;Netherlands;Western Europe;"Springer China";"1980-2026";"Mechanical Engineering (Q1); Applied Mathematics (Q2); Mechanics of Materials (Q2)";"Engineering; Mathematics"
191;21101039848;"Mathematics in Engineering";journal;"26403501";"American Institute of Mathematical Sciences";Yes;Yes;0,687;Q2;17;65;143;2427;171;142;0,94;37,34;25,79;0;United States;Northern America;"American Institute of Mathematical Sciences";"2019-2026";"Analysis (Q2); Applied Mathematics (Q2); Mathematical Physics (Q2)";"Mathematics"
192;18534;"International Journal for Numerical Methods in Fluids";journal;"10970363, 02712091";"John Wiley and Sons Ltd";No;No;0,682;Q2;135;80;330;4291;727;330;2,06;53,64;16,60;0;United Kingdom;Western Europe;"John Wiley and Sons Ltd";"1981-2026";"Computational Mechanics (Q1); Applied Mathematics (Q2); Computer Science Applications (Q2); Mechanical Engineering (Q2); Mechanics of Materials (Q2)";"Computer Science; Engineering; Mathematics"
193;14422;"Journal of Non-Newtonian Fluid Mechanics";journal;"03770257";"Elsevier B.V.";No;No;0,682;Q2;126;109;344;5622;1040;335;3,14;51,58;15,50;0;Netherlands;Western Europe;"Elsevier B.V.";"1976-2026";"Chemical Engineering (miscellaneous) (Q1); Applied Mathematics (Q2); Condensed Matter Physics (Q2); Materials Science (miscellaneous) (Q2); Mechanical Engineering (Q2)";"Chemical Engineering; Engineering; Materials Science; Mathematics; Physics and Astronomy"
194;21101092701;"Communications on Applied Mathematics and Computation";journal;"20966385, 26618893";"Springer";No;No;0,677;Q2;16;56;100;2081;129;92;1,39;37,16;22,13;0;Germany;Western Europe;"Springer";"2019-2026";"Applied Mathematics (Q2); Computational Mathematics (Q2)";"Mathematics"
195;21100943318;"Journal of Numerical Cognition";journal;"23638761";"PsychOpen";Yes;Yes;0,677;Q2;15;24;68;1451;132;63;1,72;60,46;58,46;2;Germany;Western Europe;"PsychOpen";"2019-2025";"Applied Mathematics (Q2); Experimental and Cognitive Psychology (Q2); Numerical Analysis (Q2)";"Mathematics; Psychology"
196;4000149605;"Advances in Difference Equations";journal;"16871839, 16871847";"Springer Publishing Company";Yes;No;0,672;Q2;0;0;0;0;0;0;0,00;0,00;0,00;0;United States;Northern America;"Springer Publishing Company";"2004-2021";"Algebra and Number Theory (Q2); Analysis (Q2); Applied Mathematics (Q2)";"Mathematics"
197;21101021773;"Applied Mathematics and Nonlinear Sciences (discontinued)";journal;"24448656";"Sciendo";Yes;No;0,671;Q2;27;196;201;3003;768;201;3,82;15,32;34,74;0;Poland;Eastern Europe;"Sciendo";"2019-2024";"Computer Science (miscellaneous) (Q1); Engineering (miscellaneous) (Q1); Applied Mathematics (Q2); Modeling and Simulation (Q2)";"Computer Science; Engineering; Mathematics"
198;24556;"Advances in Applied Mathematics";journal;"01968858, 10902074";"Academic Press Inc.";No;No;0,670;Q2;60;80;254;2290;254;253;0,98;28,63;29,17;0;United States;Northern America;"Academic Press Inc.";"1980-2026";"Applied Mathematics (Q2)";"Mathematics"
199;5700165206;"Complex Analysis and Operator Theory";journal;"16618262, 16618254";"Springer International Publishing";No;No;0,660;Q2;32;120;406;3136;364;405;0,75;26,13;22,32;1;Switzerland;Western Europe;"Springer International Publishing";"2007-2026";"Applied Mathematics (Q2); Computational Mathematics (Q2); Computational Theory and Mathematics (Q2)";"Computer Science; Mathematics"
200;21100205502;"European Journal of Remote Sensing";journal;"22797254";"Taylor and Francis Ltd.";Yes;No;0,660;Q2;60;49;239;2617;890;228;3,53;53,41;28,57;3;United Kingdom;Western Europe;"Taylor and Francis Ltd.";"2012-2026";"Applied Mathematics (Q2); Atmospheric Science (Q2); Computers in Earth Sciences (Q2); Environmental Science (miscellaneous) (Q2)";"Earth and Planetary Sciences; Environmental Science; Mathematics"
201;24099;"Acta Applicandae Mathematicae";journal;"15729036, 01678019";"Springer Netherlands";No;No;0,659;Q2;56;86;276;2577;418;276;1,56;29,97;29,78;0;Netherlands;Western Europe;"Springer Netherlands";"1983-2026";"Applied Mathematics (Q2)";"Mathematics"
202;21100855984;"Advanced Modeling and Simulation in Engineering Sciences";journal;"22137467";"SpringerOpen";Yes;No;0,656;Q2;29;24;87;1387;266;87;3,36;57,79;19,28;0;United Kingdom;Western Europe;"SpringerOpen";"2014-2026";"Engineering (miscellaneous) (Q1); Applied Mathematics (Q2); Computer Science Applications (Q2); Modeling and Simulation (Q2)";"Computer Science; Engineering; Mathematics"
203;21100262587;"Differential and Integral Equations";journal;"08934983";"Khayyam Publishing";No;No;0,655;Q2;36;34;85;878;119;85;1,44;25,82;27,14;0;United States;Northern America;"Khayyam Publishing";"1988-1995, 2009-2014, 2016-2024";"Analysis (Q2); Applied Mathematics (Q2)";"Mathematics"
204;29114;"Engineering Optimization";journal;"0305215X, 10290273";"Taylor and Francis Ltd.";No;No;0,651;Q2;82;124;362;4355;1138;361;3,20;35,12;25,19;0;United Kingdom;Western Europe;"Taylor and Francis Ltd.";"1974-2026";"Applied Mathematics (Q2); Computer Science Applications (Q2); Control and Optimization (Q2); Industrial and Manufacturing Engineering (Q2); Management Science and Operations Research (Q2)";"Computer Science; Decision Sciences; Engineering; Mathematics"
205;21101049096;"Water Waves";journal;"25233688, 2523367X";"Springer International Publishing";No;No;0,641;Q2;11;19;44;718;44;42;0,91;37,79;28,26;0;Switzerland;Western Europe;"Springer International Publishing";"2019-2026";"Analysis (Q2); Applied Mathematics (Q2); Computational Mathematics (Q2); Modeling and Simulation (Q2)";"Mathematics"
206;21101079404;"Partial Differential Equations in Applied Mathematics";journal;"26668181";"Elsevier B.V.";Yes;No;0,637;Q2;40;136;118;5136;554;117;4,69;37,76;22,30;0;Netherlands;Western Europe;"Elsevier B.V.";"2020-2026";"Analysis (Q2); Applied Mathematics (Q2)";"Mathematics"
207;26443;"European Journal of Applied Mathematics";journal;"14694425, 09567925";"Cambridge University Press";Yes;No;0,627;Q2;56;41;135;1781;248;130;2,18;43,44;21,98;0;United Kingdom;Western Europe;"Cambridge University Press";"1990-2026";"Applied Mathematics (Q2)";"Mathematics"
208;21101024218;"Applied System Innovation";journal;"25715577";"Multidisciplinary Digital Publishing Institute (MDPI)";Yes;No;0,626;Q2;44;126;191;6889;914;188;5,38;54,67;29,84;5;Switzerland;Western Europe;"Multidisciplinary Digital Publishing Institute (MDPI)";"2018-2026";"Applied Mathematics (Q2); Artificial Intelligence (Q2); Control and Systems Engineering (Q2); Human-Computer Interaction (Q2); Industrial and Manufacturing Engineering (Q2); Information Systems (Q2)";"Computer Science; Engineering; Mathematics"
209;25461;"Informatica (Netherlands)";journal;"08684952";"SAGE Publications Ltd";Yes;No;0,624;Q2;52;36;95;1867;407;95;3,30;51,86;30,00;0;Netherlands;Western Europe;"SAGE Publications Ltd";"1990-2024";"Applied Mathematics (Q2); Information Systems (Q2)";"Computer Science; Mathematics"
210;21101028344;"Art of Discrete and Applied Mathematics";journal;"25909770";"University of Primorska";No;No;0,622;Q2;9;28;99;653;40;93;0,41;23,32;22,81;0;Slovenia;Eastern Europe;"University of Primorska";"2018-2026";"Applied Mathematics (Q2); Computational Theory and Mathematics (Q2); Discrete Mathematics and Combinatorics (Q2)";"Computer Science; Mathematics"
211;21101021576;"Journal of Finance and Data Science";journal;"24059188";"KeAi Communications Co.";Yes;No;0,621;Q2;26;21;24;1177;109;24;3,92;56,05;25,00;1;China;Asiatic Region;"KeAi Communications Co.";"2015-2025";"Applied Mathematics (Q2); Business, Management and Accounting (miscellaneous) (Q2); Computer Science Applications (Q2); Economics and Econometrics (Q2); Finance (Q2); Statistics and Probability (Q2)";"Business, Management and Accounting; Computer Science; Economics, Econometrics and Finance; Mathematics"
212;19202;"Mathematics of Control, Signals, and Systems";journal;"09324194, 1435568X";"Springer London";No;No;0,620;Q2;46;28;68;942;92;68;1,19;33,64;18,03;0;United Kingdom;Western Europe;"Springer London";"1988-2026";"Applied Mathematics (Q2); Control and Optimization (Q2); Control and Systems Engineering (Q2); Signal Processing (Q2)";"Computer Science; Engineering; Mathematics"
213;12136;"Journal of Statistical Planning and Inference";journal;"03783758";"Elsevier B.V.";No;No;0,616;Q2;93;90;297;2629;314;297;1,03;29,21;28,79;1;Netherlands;Western Europe;"Elsevier B.V.";"1977-2026";"Applied Mathematics (Q2); Statistics and Probability (Q2); Statistics, Probability and Uncertainty (Q2)";"Decision Sciences; Mathematics"
214;12600154783;"Networks and Heterogeneous Media";journal;"1556181X, 15561801";"American Institute of Mathematical Sciences";Yes;No;0,614;Q2;43;37;87;1241;126;86;1,44;33,54;34,41;0;United States;Northern America;"American Institute of Mathematical Sciences";"2006-2026";"Engineering (miscellaneous) (Q1); Applied Mathematics (Q2); Computer Science Applications (Q2); Statistics and Probability (Q2)";"Computer Science; Engineering; Mathematics"
215;24568;"Advances in Applied Probability";journal;"00018678, 14756064";"Cambridge University Press";No;No;0,612;Q2;67;41;121;1275;146;121;1,21;31,10;20,45;1;United Kingdom;Western Europe;"Cambridge University Press";"1969-1971, 1973-1976, 1980, 1983-1988, 1990, 1992-1993, 1995-2026";"Applied Mathematics (Q2); Statistics and Probability (Q2)";"Mathematics"
216;23148;"IMA Journal of Management Mathematics";journal;"1471678X, 14716798";"Oxford University Press";No;No;0,611;Q2;43;26;69;1034;137;66;2,16;39,77;23,94;0;United Kingdom;Western Europe;"Oxford University Press";"1986, 1988-1989, 1991-1993, 1995-2026";"Economics, Econometrics and Finance (miscellaneous) (Q1); Applied Mathematics (Q2); Management Information Systems (Q2); Management Science and Operations Research (Q2); Modeling and Simulation (Q2); Strategy and Management (Q2)";"Business, Management and Accounting; Decision Sciences; Economics, Econometrics and Finance; Mathematics"
217;21101065510;"Data-Centric Engineering";journal;"26326736";"Cambridge University Press";Yes;No;0,605;Q2;19;29;40;1548;172;39;4,30;53,38;18,10;0;United Kingdom;Western Europe;"Cambridge University Press";"2020-2026";"Applied Mathematics (Q2); Computer Science Applications (Q2); Engineering (miscellaneous) (Q2); Statistics and Probability (Q2)";"Computer Science; Engineering; Mathematics"
218;21100894514;"Chaos, Solitons and Fractals: X";journal;"25900544";"Elsevier Ltd";Yes;No;0,604;Q2;17;14;37;621;138;37;3,15;44,36;18,75;1;United Kingdom;Western Europe;"Elsevier Ltd";"2019-2025";"Applied Mathematics (Q2); Mathematical Physics (Q2); Physics and Astronomy (miscellaneous) (Q2); Statistical and Nonlinear Physics (Q2)";"Mathematics; Physics and Astronomy"
219;5700165174;"Journal of Fixed Point Theory and Applications";journal;"16617738, 16617746";"Springer International Publishing";No;No;0,603;Q2;46;80;270;2557;503;270;1,81;31,96;19,48;0;Switzerland;Western Europe;"Springer International Publishing";"2007-2026";"Applied Mathematics (Q2); Geometry and Topology (Q2); Modeling and Simulation (Q2)";"Mathematics"
220;12337;"International Journal of Bifurcation and Chaos";journal;"17936551, 02181274";"World Scientific";No;No;0,601;Q2;124;286;861;10696;2051;861;2,25;37,40;32,26;0;Singapore;Asiatic Region;"World Scientific";"1991, 1994, 1996-2026";"Multidisciplinary (Q1); Applied Mathematics (Q2); Engineering (miscellaneous) (Q2); Modeling and Simulation (Q2)";"Engineering; Mathematics; Multidisciplinary"
221;21101093023;"Probability, Uncertainty and Quantitative Risk";journal;"23670126, 20959672";"American Institute of Mathematical Sciences";No;No;0,601;Q2;14;21;33;536;49;33;1,30;25,52;21,43;0;United States;Northern America;"American Institute of Mathematical Sciences";"2016-2025";"Applied Mathematics (Q2); Statistics and Probability (Q2); Statistics, Probability and Uncertainty (Q2)";"Decision Sciences; Mathematics"
222;28472;"Fractals";journal;"17936543, 0218348X";"World Scientific";No;No;0,600;Q2;78;463;666;17468;2767;663;4,57;37,73;30,70;0;Singapore;Asiatic Region;"World Scientific";"1993-2026";"Multidisciplinary (Q1); Applied Mathematics (Q2); Geometry and Topology (Q2); Modeling and Simulation (Q2)";"Mathematics; Multidisciplinary"
223;145592;"Computational and Mathematical Organization Theory";journal;"15729346, 1381298X";"Springer";No;No;0,595;Q2;39;15;64;787;216;62;1,79;52,47;31,82;2;United States;Northern America;"Springer";"1995, 2000-2001, 2004-2026";"Applied Mathematics (Q2); Computational Mathematics (Q2); Computer Science (miscellaneous) (Q2); Decision Sciences (miscellaneous) (Q2); Modeling and Simulation (Q2)";"Computer Science; Decision Sciences; Mathematics"
224;23229;"Integral Transforms and Special Functions";journal;"14768291, 10652469";"Taylor and Francis Ltd.";No;No;0,595;Q2;51;68;183;1262;202;182;1,03;18,56;12,99;0;United Kingdom;Western Europe;"Taylor and Francis Ltd.";"1993-2026";"Analysis (Q2); Applied Mathematics (Q2)";"Mathematics"
225;21101017225;"International Journal of Data Science and Analytics";journal;"2364415X, 23644168";"Springer International Publishing";No;No;0,592;Q2;43;52;138;2802;373;134;2,53;53,88;31,21;6;Switzerland;Western Europe;"Springer International Publishing";"2016-2026";"Applied Mathematics (Q2); Computational Theory and Mathematics (Q2); Computer Science Applications (Q2); Information Systems (Q2); Modeling and Simulation (Q2)";"Computer Science; Mathematics"
226;21101039441;"Cryptography";journal;"2410387X";"Multidisciplinary Digital Publishing Institute (MDPI)";Yes;No;0,591;Q2;29;64;97;2569;284;97;2,34;40,14;21,20;1;Switzerland;Western Europe;"Multidisciplinary Digital Publishing Institute (MDPI)";"2017-2025";"Applied Mathematics (Q2); Computational Theory and Mathematics (Q2); Computer Networks and Communications (Q2); Computer Science Applications (Q2); Software (Q2)";"Computer Science; Mathematics"
227;23821;"Journal of Applied Mathematics and Computing";journal;"15985865, 18652085";"";No;No;0,590;Q2;53;215;343;7084;881;343;2,44;32,95;33,06;0;Germany;Western Europe;"";"1997-2026";"Applied Mathematics (Q2); Computational Mathematics (Q2)";"Mathematics"
228;21100869482;"Research in Mathematical Sciences";journal;"21979847, 25220144";"SpringerOpen";Yes;No;0,587;Q2;25;68;130;2471;194;129;1,02;36,34;21,19;0;Switzerland;Western Europe;"SpringerOpen";"2014-2026";"Applied Mathematics (Q2); Computational Mathematics (Q2); Mathematics (miscellaneous) (Q2); Theoretical Computer Science (Q3)";"Mathematics"
229;21100256977;"Mathematical Control and Related Fields";journal;"21568499, 21568472";"American Institute of Mathematical Sciences";No;No;0,586;Q2;27;48;105;1638;134;103;1,34;34,13;11,49;0;United States;Northern America;"American Institute of Mathematical Sciences";"2011-2026";"Applied Mathematics (Q2); Control and Optimization (Q2)";"Mathematics"
230;21100199346;"Journal of Mathematical Cryptology";journal;"18622984, 18622976";"Walter de Gruyter GmbH";Yes;No;0,585;Q2;22;19;75;516;93;72;1,32;27,16;27,27;0;Germany;Western Europe;"Walter de Gruyter GmbH";"2007-2025";"Applied Mathematics (Q2); Computational Mathematics (Q2); Computer Science Applications (Q2)";"Computer Science; Mathematics"
231;12517;"Wave Motion";journal;"01652125";"Elsevier B.V.";No;No;0,584;Q2;75;119;318;4817;715;314;2,42;40,48;21,96;0;Netherlands;Western Europe;"Elsevier B.V.";"1979-2026";"Applied Mathematics (Q2); Computational Mathematics (Q2); Modeling and Simulation (Q2); Physics and Astronomy (miscellaneous) (Q2)";"Mathematics; Physics and Astronomy"
232;5800179604;"Algorithms for Molecular Biology";journal;"17487188";"BioMed Central Ltd";Yes;No;0,583;Q2;42;16;69;574;109;69;1,27;35,88;31,91;0;United Kingdom;Western Europe;"BioMed Central Ltd";"2006-2026";"Applied Mathematics (Q2); Computational Theory and Mathematics (Q2); Molecular Biology (Q3); Structural Biology (Q3)";"Biochemistry, Genetics and Molecular Biology; Computer Science; Mathematics"
233;22202;"Operations Research Letters";journal;"01676377";"Elsevier B.V.";No;No;0,583;Q2;89;119;405;2326;533;403;1,20;19,55;20,63;2;Netherlands;Western Europe;"Elsevier B.V.";"1981-2026";"Applied Mathematics (Q2); Industrial and Manufacturing Engineering (Q2); Management Science and Operations Research (Q2); Software (Q2)";"Computer Science; Decision Sciences; Engineering; Mathematics"
234;5000153703;"Computational and Applied Mathematics";journal;"18070302, 22383603";"Springer Nature";Yes;Yes;0,581;Q2;58;424;838;16655;2187;838;2,66;39,28;29,74;0;Switzerland;Western Europe;"Springer Nature";"2003-2026";"Applied Mathematics (Q2); Computational Mathematics (Q2)";"Mathematics"
235;21100935003;"Journal of Fractal Geometry";journal;"23081309, 23081317";"European Mathematical Society Publishing House";Yes;Yes;0,581;Q2;8;15;44;377;35;44;1,00;25,13;14,81;0;Germany;Western Europe;"European Mathematical Society Publishing House";"2015-2016, 2019-2025";"Applied Mathematics (Q2); Geometry and Topology (Q2)";"Mathematics"
236;27968;"Zeitschrift fur Analysis und ihre Anwendungen";journal;"02322064";"European Mathematical Society Publishing House";Yes;Yes;0,581;Q2;41;25;68;647;68;68;1,16;25,88;13,33;0;Germany;Western Europe;"European Mathematical Society Publishing House";"1996-2025";"Analysis (Q2); Applied Mathematics (Q2)";"Mathematics"
237;19700177406;"Dynamic Games and Applications";journal;"21530785, 21530793";"Springer Nature";No;No;0,579;Q2;33;55;131;2302;195;128;1,36;41,85;19,49;0;United States;Northern America;"Springer Nature";"2011-2026";"Applied Mathematics (Q2); Computational Mathematics (Q2); Computational Theory and Mathematics (Q2); Computer Graphics and Computer-Aided Design (Q2); Computer Science Applications (Q2); Economics and Econometrics (Q2); Statistics and Probability (Q2)";"Computer Science; Economics, Econometrics and Finance; Mathematics"
238;26415;"Electronic Transactions on Numerical Analysis";journal;"10689613";"Kent State University";Yes;No;0,578;Q2;52;28;137;988;151;137;1,03;35,29;20,00;0;United States;Northern America;"Kent State University";"1996-2026";"Analysis (Q2); Applied Mathematics (Q2)";"Mathematics"
239;18800156711;"Advances in Mathematics of Communications";journal;"19305346, 19305338";"American Institute of Mathematical Sciences";No;No;0,576;Q2;31;63;140;1798;143;137;1,00;28,54;29,66;2;United States;Northern America;"American Institute of Mathematical Sciences";"2007-2026";"Algebra and Number Theory (Q2); Applied Mathematics (Q2); Computer Networks and Communications (Q2); Discrete Mathematics and Combinatorics (Q2)";"Computer Science; Mathematics"
240;26310;"Quarterly of Applied Mathematics";journal;"15524485, 0033569X";"American Mathematical Society";No;No;0,571;Q2;48;28;89;1370;99;89;0,82;48,93;15,00;0;United States;Northern America;"American Mathematical Society";"1956, 1963, 1968, 1970-1971, 1973-1988, 1990-2025";"Applied Mathematics (Q2)";"Mathematics"
241;29663;"Journal of Theoretical Biology";journal;"10958541, 00225193";"Academic Press";No;No;0,566;Q2;184;207;896;11283;2028;879;2,12;54,51;32,85;6;United States;Northern America;"Academic Press";"1961-2026";"Agricultural and Biological Sciences (miscellaneous) (Q1); Applied Mathematics (Q2); Biochemistry, Genetics and Molecular Biology (miscellaneous) (Q2); Immunology and Microbiology (miscellaneous)  (Q2); Medicine (miscellaneous) (Q2); Modeling and Simulation (Q2); Statistics and Probability (Q2)";"Agricultural and Biological Sciences; Biochemistry, Genetics and Molecular Biology; Immunology and Microbiology; Mathematics; Medicine"
242;11800154594;"AStA Advances in Statistical Analysis";journal;"1863818X, 18638171";"Springer Verlag";No;No;0,562;Q2;36;31;78;1131;93;77;1,13;36,48;30,77;2;Germany;Western Europe;"Springer Verlag";"2008-2026";"Analysis (Q2); Applied Mathematics (Q2); Economics and Econometrics (Q2); Modeling and Simulation (Q2); Social Sciences (miscellaneous) (Q2); Statistics and Probability (Q2)";"Economics, Econometrics and Finance; Mathematics; Social Sciences"
243;5000158124;"Results in Mathematics";journal;"14209012, 14226383";"Springer International Publishing";No;No;0,556;Q2;48;238;594;5376;648;594;1,05;22,59;23,95;0;Switzerland;Western Europe;"Springer International Publishing";"1978-2026";"Applied Mathematics (Q2); Mathematics (miscellaneous) (Q2)";"Mathematics"
244;19700174683;"International Journal for Numerical Methods in Biomedical Engineering";journal;"20407947, 20407939";"Wiley-Blackwell";No;No;0,550;Q2;80;98;293;5215;859;293;2,53;53,21;23,67;1;United States;Northern America;"Wiley-Blackwell";"2010-2026";"Applied Mathematics (Q2); Biomedical Engineering (Q2); Computational Theory and Mathematics (Q2); Modeling and Simulation (Q2); Software (Q2); Molecular Biology (Q3)";"Biochemistry, Genetics and Molecular Biology; Computer Science; Engineering; Mathematics"
245;11800154589;"Journal of Algebra and its Applications";journal;"17936829, 02194988";"World Scientific Publishing Co. Pte Ltd";No;No;0,538;Q2;37;255;740;4850;493;739;0,70;19,02;22,38;0;Singapore;Asiatic Region;"World Scientific Publishing Co. Pte Ltd";"2004, 2008-2026";"Algebra and Number Theory (Q2); Applied Mathematics (Q2)";"Mathematics"
246;24573;"Aequationes Mathematicae";journal;"00019054, 14208903";"Springer International Publishing";No;No;0,536;Q2;42;80;235;1415;229;234;0,92;17,69;16,78;0;Switzerland;Western Europe;"Springer International Publishing";"1968-2026";"Applied Mathematics (Q2); Discrete Mathematics and Combinatorics (Q2); Mathematics (miscellaneous) (Q2)";"Mathematics"
247;25142;"Applicable Analysis";journal;"00036811, 1563504X";"Taylor and Francis Ltd.";No;No;0,535;Q2;52;351;540;10025;676;539;1,25;28,56;28,85;0;United Kingdom;Western Europe;"Taylor and Francis Ltd.";"1971-2026";"Analysis (Q2); Applied Mathematics (Q2)";"Mathematics"
248;25165;"Applied Mathematical Finance";journal;"1350486X, 14664313";"Routledge";No;No;0,535;Q2;40;17;57;653;90;57;1,33;38,41;13,51;0;United Kingdom;Western Europe;"Routledge";"1994-1997, 1999-2026";"Applied Mathematics (Q2); Finance (Q2)";"Economics, Econometrics and Finance; Mathematics"
249;21100205111;"Computational Methods and Function Theory";journal;"21953724, 16179447";"Springer Science and Business Media Deutschland GmbH";No;No;0,535;Q2;24;44;129;1048;199;121;1,84;23,82;28,75;0;Germany;Western Europe;"Springer Science and Business Media Deutschland GmbH";"2001, 2003-2005, 2007-2026";"Analysis (Q2); Applied Mathematics (Q2); Computational Theory and Mathematics (Q2)";"Computer Science; Mathematics"
250;23197;"Infinite Dimensional Analysis, Quantum Probability and Related Topics";journal;"17936306, 02190257";"World Scientific Publishing Co. Pte Ltd";No;No;0,533;Q2;35;28;83;894;84;83;0,85;31,93;10,26;0;Singapore;Asiatic Region;"World Scientific Publishing Co. Pte Ltd";"1998-2026";"Applied Mathematics (Q2); Mathematical Physics (Q2); Statistics and Probability (Q2); Statistical and Nonlinear Physics (Q3)";"Mathematics; Physics and Astronomy"
251;25663;"Journal of Ship Research";journal;"15420604, 00224502";"Society of Naval Architects and Marine Engineers";No;No;0,533;Q2;54;25;76;681;142;76;1,68;27,24;15,48;0;United States;Northern America;"Society of Naval Architects and Marine Engineers";"1969-1975, 1977-2024";"Applied Mathematics (Q2); Civil and Structural Engineering (Q2); Mechanical Engineering (Q2); Numerical Analysis (Q2); Ocean Engineering (Q2)";"Engineering; Mathematics"
252;23559;"Journal of Statistical Computation and Simulation";journal;"15635163, 00949655";"Taylor and Francis Ltd.";No;No;0,527;Q2;74;182;532;6222;733;531;1,30;34,19;29,83;0;United Kingdom;Western Europe;"Taylor and Francis Ltd.";"1972-2026";"Applied Mathematics (Q2); Modeling and Simulation (Q2); Statistics and Probability (Q3); Statistics, Probability and Uncertainty (Q3)";"Decision Sciences; Mathematics"
253;26928;"Stochastic Analysis and Applications";journal;"15329356, 07362994";"Taylor and Francis Ltd.";No;No;0,527;Q2;45;53;159;1540;240;159;1,52;29,06;29,03;0;United States;Northern America;"Taylor and Francis Ltd.";"1983-2026";"Applied Mathematics (Q2); Statistics and Probability (Q3); Statistics, Probability and Uncertainty (Q3)";"Decision Sciences; Mathematics"
254;28494;"International Journal of Computer Mathematics";journal;"00207160, 10290265";"Taylor and Francis Ltd.";No;No;0,526;Q2;62;131;433;4386;823;430;1,92;33,48;30,97;0;United Kingdom;Western Europe;"Taylor and Francis Ltd.";"1964, 1968, 1971-1975, 1977-2026";"Applied Mathematics (Q2); Computational Theory and Mathematics (Q2); Computer Science Applications (Q2)";"Computer Science; Mathematics"
255;15947;"Behaviormetrika";journal;"03857417, 13496964";"Springer";Yes;No;0,524;Q2;19;17;74;594;115;64;1,78;34,94;26,67;0;Japan;Asiatic Region;"Springer";"1985-1986, 2017-2026";"Analysis (Q2); Applied Mathematics (Q2); Clinical Psychology (Q2); Experimental and Cognitive Psychology (Q3)";"Mathematics; Psychology"
256;21100902965;"Measurement";journal;"15366367, 15366359";"Taylor and Francis Ltd.";No;No;0,522;Q2;25;16;48;680;69;48;1,13;42,50;33,33;0;United Kingdom;Western Europe;"Taylor and Francis Ltd.";"2007-2008, 2010-2026";"Applied Mathematics (Q2); Education (Q2); Statistics and Probability (Q3)";"Mathematics; Social Sciences"
257;21101040213;"Constructive Mathematical Analysis";journal;"26512939";"";Yes;Yes;0,521;Q2;19;20;65;460;93;65;1,40;23,00;0,00;0;Turkey;Middle East;"";"2018-2025";"Analysis (Q2); Applied Mathematics (Q2); Numerical Analysis (Q2)";"Mathematics"
258;25529;"Optimal Control Applications and Methods";journal;"10991514, 01432087";"John Wiley and Sons Ltd";No;No;0,520;Q2;57;96;278;3944;607;276;2,16;41,08;26,01;0;United Kingdom;Western Europe;"John Wiley and Sons Ltd";"1980-2026";"Applied Mathematics (Q2); Control and Optimization (Q2); Control and Systems Engineering (Q2); Software (Q3)";"Computer Science; Engineering; Mathematics"
259;100147319;"International Journal of Mathematical Education in Science and Technology";journal;"14645211, 0020739X";"Taylor and Francis Ltd.";No;No;0,516;Q2;48;194;265;7068;357;172;1,27;36,43;43,39;0;United Kingdom;Western Europe;"Taylor and Francis Ltd.";"1970-2026";"Applied Mathematics (Q2); Education (Q2); Mathematics (miscellaneous) (Q2)";"Mathematics; Social Sciences"
260;12409;"Multidimensional Systems and Signal Processing";journal;"15730824, 09236082";"Springer Netherlands";No;No;0,516;Q2;51;63;238;2458;635;238;2,78;39,02;24,43;1;Netherlands;Western Europe;"Springer Netherlands";"1990-2026";"Applied Mathematics (Q2); Computer Science Applications (Q2); Information Systems (Q2); Artificial Intelligence (Q3); Hardware and Architecture (Q3); Signal Processing (Q3); Software (Q3)";"Computer Science; Mathematics"
261;4500151509;"International Journal of Applied Mathematics and Computer Science";journal;"1641876X, 20838492";"";Yes;No;0,507;Q2;56;48;166;1822;352;166;2,35;37,96;21,28;0;Germany;Western Europe;"";"2001-2002, 2006-2025";"Applied Mathematics (Q2); Computer Science (miscellaneous) (Q2); Engineering (miscellaneous) (Q2)";"Computer Science; Engineering; Mathematics"
262;4400151729;"Eurasia Journal of Mathematics, Science and Technology Education";journal;"13058223, 13058215";"Modestum LTD";Yes;No;0,506;Q2;69;140;402;7694;1035;399;2,97;54,96;43,04;2;Turkey;Middle East;"Modestum LTD";"2006-2026";"Applied Mathematics (Q2); Education (Q2)";"Mathematics; Social Sciences"
263;19700177501;"Topological Methods in Nonlinear Analysis";journal;"12303429";"Juliusz Schauder Center for Nonlinear Analysis";No;No;0,506;Q2;31;76;217;2032;147;217;0,52;26,74;22,06;0;Poland;Eastern Europe;"Juliusz Schauder Center for Nonlinear Analysis";"1997, 2009-2025";"Analysis (Q2); Applied Mathematics (Q2)";"Mathematics"
264;17700155806;"Nonlinear Analysis: Modelling and Control";journal;"23358963, 13925113";"Vilnius University Press";Yes;Yes;0,503;Q2;48;61;183;1811;361;183;1,82;29,69;29,25;0;Lithuania;Eastern Europe;"Vilnius University Press";"2005, 2009-2026";"Analysis (Q2); Applied Mathematics (Q2)";"Mathematics"
265;28469;"Discrete Optimization";journal;"15725286";"Elsevier B.V.";No;No;0,500;Q2;46;38;77;1113;97;77;1,02;29,29;17,20;1;Netherlands;Western Europe;"Elsevier B.V.";"2004-2026";"Applied Mathematics (Q2); Computational Theory and Mathematics (Q2); Theoretical Computer Science (Q3)";"Computer Science; Mathematics"
266;28499;"Journal of Combinatorial Optimization";journal;"13826905, 15732886";"Springer Netherlands";No;No;0,497;Q2;60;252;413;7021;879;409;1,53;27,86;32,28;0;Netherlands;Western Europe;"Springer Netherlands";"1997-2026";"Applied Mathematics (Q2); Computational Theory and Mathematics (Q2); Control and Optimization (Q2); Discrete Mathematics and Combinatorics (Q2); Computer Science Applications (Q3)";"Computer Science; Mathematics"
267;24572;"Mathematical Inequalities and Applications";journal;"13314343";"Element D.O.O.";No;No;0,496;Q2;50;35;290;757;274;290;0,94;21,63;21,88;0;Croatia;Eastern Europe;"Element D.O.O.";"1998-2025";"Applied Mathematics (Q2); Mathematics (miscellaneous) (Q2)";"Mathematics"
268;21100857441;"Categories and General Algebraic Structures with Applications";journal;"23455861, 23455853";"Shahid Beheshti University";Yes;Yes;0,495;Q2;8;16;49;342;32;49;0,81;21,38;45,83;0;Iran;Middle East;"Shahid Beheshti University";"2017-2026";"Analysis (Q2); Applied Mathematics (Q2); Discrete Mathematics and Combinatorics (Q2); Computational Mathematics (Q3)";"Mathematics"
269;18780;"Circuits, Systems, and Signal Processing";journal;"0278081X, 15315878";"Springer Nature";No;No;0,494;Q2;70;330;910;12255;2307;908;2,61;37,14;28,79;1;United States;Northern America;"Springer Nature";"1982-2026";"Applied Mathematics (Q2); Signal Processing (Q3)";"Computer Science; Mathematics"
270;34667;"Microgravity Science and Technology";journal;"09380108, 18750494";"Springer Science and Business Media B.V.";No;No;0,489;Q2;46;105;252;3581;558;252;2,08;34,10;28,84;0;Netherlands;Western Europe;"Springer Science and Business Media B.V.";"1990-1999, 2001-2026";"Applied Mathematics (Q2); Engineering (miscellaneous) (Q2); Modeling and Simulation (Q2); Physics and Astronomy (miscellaneous) (Q2)";"Engineering; Mathematics; Physics and Astronomy"
271;21100395701;"Journal of Complex Networks";journal;"20511310, 20511329";"Oxford University Press";No;No;0,486;Q2;36;67;147;3074;327;147;2,30;45,88;24,35;0;United States;Northern America;"Oxford University Press";"2013-2026";"Applied Mathematics (Q2); Computer Networks and Communications (Q2); Control and Optimization (Q2); Computational Mathematics (Q3); Management Science and Operations Research (Q3)";"Computer Science; Decision Sciences; Mathematics"
272;6700153281;"Asian Journal of Mathematics";journal;"19450036, 10936106";"International Press, Inc.";No;No;0,483;Q2;28;33;114;1091;67;114;0,47;33,06;14,81;0;United States;Northern America;"International Press, Inc.";"2000, 2005-2026";"Applied Mathematics (Q2); Mathematics (miscellaneous) (Q2)";"Mathematics"
273;21101080469;"Partial Differential Equations and Applications";journal;"26622963, 26622971";"Springer International Publishing AG";No;No;0,481;Q2;12;82;128;2510;142;127;1,11;30,61;18,67;0;Switzerland;Western Europe;"Springer International Publishing AG";"2020-2026";"Analysis (Q2); Applied Mathematics (Q2); Computational Mathematics (Q3); Numerical Analysis (Q3)";"Mathematics"
274;4900153217;"Journal of Computational and Nonlinear Dynamics";journal;"15551423, 15551415";"American Society of Mechanical Engineers (ASME)";No;No;0,480;Q2;67;94;302;3873;650;296;2,24;41,20;17,34;0;United States;Northern America;"American Society of Mechanical Engineers (ASME)";"2006-2026";"Applied Mathematics (Q2); Control and Systems Engineering (Q2); Mechanical Engineering (Q2)";"Engineering; Mathematics"
275;21101066160;"Mathematical Sciences";journal;"22517456, 20081359";"Springer Nature";No;No;0,478;Q2;31;38;116;1339;262;116;1,99;35,24;28,74;0;Germany;Western Europe;"Springer Nature";"2012-2024";"Analysis (Q2); Applied Mathematics (Q2); Information Systems (Q2); Computer Science Applications (Q3); Numerical Analysis (Q3); Signal Processing (Q3); Statistics and Probability (Q3)";"Computer Science; Mathematics"
276;15526;"Measurement Science and Technology";journal;"09570233, 13616501";"IOP Publishing Ltd.";No;No;0,478;Q2;165;660;1637;24334;4252;1621;2,67;36,87;26,19;6;United Kingdom;Western Europe;"IOP Publishing Ltd.";"1990-2025";"Applied Mathematics (Q2); Engineering (miscellaneous) (Q2); Instrumentation (Q2)";"Engineering; Mathematics; Physics and Astronomy"
277;24650;"American Journal of Mathematical and Management Sciences";journal;"01966324";"Taylor and Francis Ltd.";No;No;0,477;Q2;25;25;72;602;90;72;1,44;24,08;14,89;0;United Kingdom;Western Europe;"Taylor and Francis Ltd.";"1981-2011, 2013-2025";"Applied Mathematics (Q2); Business, Management and Accounting (miscellaneous) (Q2)";"Business, Management and Accounting; Mathematics"
278;28501;"Journal of Mathematical Imaging and Vision";journal;"09249907, 15737683";"Springer Netherlands";No;No;0,477;Q2;86;58;213;2623;408;207;2,08;45,22;24,22;0;Netherlands;Western Europe;"Springer Netherlands";"1992-2026";"Applied Mathematics (Q2); Condensed Matter Physics (Q2); Geometry and Topology (Q2); Modeling and Simulation (Q2); Computer Vision and Pattern Recognition (Q3); Statistics and Probability (Q3)";"Computer Science; Mathematics; Physics and Astronomy"
279;11000153760;"Computational and Mathematical Methods in Medicine (discontinued)";journal;"17486718, 1748670X";"John Wiley and Sons Ltd";Yes;No;0,474;Q2;84;757;658;26133;2407;656;3,55;34,52;43,06;16;United States;Northern America;"John Wiley and Sons Ltd";"2006-2023";"Applied Mathematics (Q2); Biochemistry, Genetics and Molecular Biology (miscellaneous) (Q2); Modeling and Simulation (Q2); Immunology and Microbiology (miscellaneous)  (Q3); Medicine (miscellaneous) (Q3)";"Biochemistry, Genetics and Molecular Biology; Immunology and Microbiology; Mathematics; Medicine"
280;19400157311;"Fixed Point Theory";journal;"15835022, 20669208";"House of the Book of Science";No;No;0,472;Q2;34;45;167;1311;219;167;1,18;29,13;19,59;0;Romania;Eastern Europe;"House of the Book of Science";"2008-2025";"Analysis (Q2); Applied Mathematics (Q2); Computational Mathematics (Q3)";"Mathematics"
281;21100924770;"Journal of Elliptic and Parabolic Equations";journal;"22969020, 22969039";"Springer International Publishing";No;No;0,470;Q2;16;46;104;1304;84;102;0,73;28,35;10,00;0;Switzerland;Western Europe;"Springer International Publishing";"2015-2026";"Analysis (Q2); Applied Mathematics (Q2); Numerical Analysis (Q3)";"Mathematics"
282;61774;"Journal of Inequalities and Applications";journal;"1029242X, 10255834";"Springer Nature";Yes;No;0,469;Q2;72;163;767;4819;1254;766;1,55;29,56;32,54;0;Switzerland;Western Europe;"Springer Nature";"2000-2002, 2005-2026";"Analysis (Q2); Applied Mathematics (Q2); Discrete Mathematics and Combinatorics (Q2)";"Mathematics"
283;21101068591;"Communication in Biomathematical Sciences";journal;"25492896";"Indonesian Biomathematical Society";Yes;Yes;0,468;Q2;11;8;36;240;62;35;2,08;30,00;45,45;0;Indonesia;Asiatic Region;"Indonesian Biomathematical Society";"2017-2026";"Applied Mathematics (Q2); Biochemistry, Genetics and Molecular Biology (miscellaneous) (Q2); Health Informatics (Q3); Modeling and Simulation (Q3)";"Biochemistry, Genetics and Molecular Biology; Mathematics; Medicine"
284;15502;"Measurement and Control (United Kingdom)";journal;"00202940";"SAGE Publications Ltd";Yes;No;0,468;Q2;40;97;449;3145;1109;449;2,10;32,42;26,59;0;United Kingdom;Western Europe;"SAGE Publications Ltd";"1968-2026";"Applied Mathematics (Q2); Control and Optimization (Q2); Instrumentation (Q2)";"Mathematics; Physics and Astronomy"
285;21101040667;"Computational and Mathematical Biophysics";journal;"25447297";"Walter de Gruyter GmbH";Yes;No;0,467;Q2;16;14;40;511;89;40;1,97;36,50;26,47;0;Germany;Western Europe;"Walter de Gruyter GmbH";"2012-2026";"Applied Mathematics (Q2); Mathematical Physics (Q2); Biophysics (Q3); Computational Mathematics (Q3); Molecular Biology (Q4)";"Biochemistry, Genetics and Molecular Biology; Mathematics"
286;27137;"Celestial Mechanics and Dynamical Astronomy";journal;"15729478, 09232958";"Springer Netherlands";No;No;0,466;Q2;70;57;171;2339;313;170;1,67;41,04;16,53;0;Netherlands;Western Europe;"Springer Netherlands";"1989-2026";"Applied Mathematics (Q2); Astronomy and Astrophysics (Q2); Computational Mathematics (Q3); Mathematical Physics (Q3); Modeling and Simulation (Q3); Space and Planetary Science (Q3)";"Earth and Planetary Sciences; Mathematics; Physics and Astronomy"
287;21100864379;"Neutrosophic Sets and Systems (discontinued)";journal;"23316055, 2331608X";"University of New Mexico";Yes;Yes;0,466;Q2;42;211;602;6556;1406;602;2,36;31,07;32,05;0;United States;Northern America;"University of New Mexico";"2018-2025";"Applied Mathematics (Q2); Logic (Q2)";"Mathematics"
288;21100198552;"International Journal of Applied Cryptography";journal;"17530571, 17530563";"Inderscience";No;No;0,463;Q2;20;4;4;188;5;4;1,25;47,00;25,00;0;Switzerland;Western Europe;"Inderscience";"2008-2010, 2012-2014, 2017, 2020, 2022, 2024-2025";"Applied Mathematics (Q2); Computational Mathematics (Q3); Computational Theory and Mathematics (Q3); Computer Networks and Communications (Q3)";"Computer Science; Mathematics"
289;23941;"Journal of Mathematical Chemistry";journal;"02599791, 15728897";"Springer Netherlands";No;No;0,458;Q2;76;101;347;4961;614;338;1,94;49,12;24,21;0;Netherlands;Western Europe;"Springer Netherlands";"1987-2026";"Applied Mathematics (Q2); Chemistry (miscellaneous) (Q2)";"Chemistry; Mathematics"
290;17900156742;"Complex Variables and Elliptic Equations";journal;"17476933, 17476941";"Taylor and Francis Ltd.";No;No;0,457;Q2;38;165;385;4196;345;382;0,98;25,43;25,26;0;United Kingdom;Western Europe;"Taylor and Francis Ltd.";"2007-2026";"Analysis (Q2); Applied Mathematics (Q2); Computational Mathematics (Q3); Numerical Analysis (Q3)";"Mathematics"
291;21101061831;"Grey Systems";journal;"20439385, 20439377";"Emerald Group Publishing Ltd.";No;No;0,457;Q2;35;41;119;2262;335;116;2,74;55,17;35,79;0;United Kingdom;Western Europe;"Emerald Group Publishing Ltd.";"2011-2026";"Applied Mathematics (Q2); Computer Science (miscellaneous) (Q2); Control and Systems Engineering (Q2)";"Computer Science; Engineering; Mathematics"
292;19900192596;"Mathematical Modelling of Natural Phenomena";journal;"09735348, 17606101";"EDP Sciences";No;No;0,454;Q2;47;45;183;1837;442;181;2,42;40,82;25,44;0;France;Western Europe;"EDP Sciences";"2006-2026";"Applied Mathematics (Q2); Modeling and Simulation (Q3)";"Mathematics"
293;21100871297;"Journal of Theoretical and Computational Acoustics";journal;"25917811, 25917285";"World Scientific";No;No;0,453;Q2;46;40;102;1614;189;100;1,98;40,35;17,31;0;Singapore;Asiatic Region;"World Scientific";"2018-2026";"Acoustics and Ultrasonics (Q2); Applied Mathematics (Q2); Computer Science Applications (Q3)";"Computer Science; Mathematics; Physics and Astronomy"
294;19900193816;"Numerical Mathematics";journal;"20797338, 10048979";"Global Science Press";No;No;0,450;Q2;30;69;150;2721;196;150;1,45;39,43;36,53;0;Hong Kong;Asiatic Region;"Global Science Press";"2010-2025";"Applied Mathematics (Q2); Computational Mathematics (Q3); Control and Optimization (Q3); Modeling and Simulation (Q3)";"Mathematics"
295;5200152802;"Mathematical Biosciences and Engineering";journal;"15471063, 15510018";"American Institute of Mathematical Sciences";Yes;No;0,446;Q3;68;655;1321;26745;3361;1308;2,70;40,83;34,32;5;United States;Northern America;"American Institute of Mathematical Sciences";"2004-2026";"Agricultural and Biological Sciences (miscellaneous) (Q2); Applied Mathematics (Q3); Computational Mathematics (Q3); Medicine (miscellaneous) (Q3); Modeling and Simulation (Q3)";"Agricultural and Biological Sciences; Mathematics; Medicine"
296;21101022199;"Annales Mathematiques Blaise Pascal";journal;"12591734, 21187436";"";Yes;Yes;0,445;Q3;5;9;26;155;14;26;0,32;17,22;13,33;0;France;Western Europe;"";"2018-2025";"Algebra and Number Theory (Q2); Geometry and Topology (Q2); Analysis (Q3); Applied Mathematics (Q3)";"Mathematics"
297;21101036137;"Bulletin of the Institute of Combinatorics and its Applications";journal;"26890674, 11831278";"Institute of Combinatorics and its Applications";No;No;0,444;Q3;7;18;54;289;27;54;0,68;16,06;23,33;0;United States;Northern America;"Institute of Combinatorics and its Applications";"2019-2026";"Discrete Mathematics and Combinatorics (Q2); Applied Mathematics (Q3)";"Mathematics"
298;21100198432;"International Journal of Biomathematics";journal;"17935245, 17937159";"World Scientific";No;No;0,444;Q3;40;90;251;3807;486;250;2,04;42,30;36,16;0;Singapore;Asiatic Region;"World Scientific";"2008-2026";"Applied Mathematics (Q3); Modeling and Simulation (Q3)";"Mathematics"
299;21101022413;"International Journal of Information Technology (Singapore)";journal;"25112104, 25112112";"Springer Science + Business Media";No;No;0,442;Q3;59;357;549;11598;1644;535;3,07;32,49;32,68;3;Singapore;Asiatic Region;"Springer Science + Business Media";"2017-2026";"Electrical and Electronic Engineering (Q2); Applied Mathematics (Q3); Artificial Intelligence (Q3); Computational Theory and Mathematics (Q3); Computer Networks and Communications (Q3); Computer Science Applications (Q3); Information Systems (Q3)";"Computer Science; Engineering; Mathematics"
300;21100207001;"Discrete and Continuous Dynamical Systems - Series S";journal;"19371632, 19371179";"American Institute of Mathematical Sciences";Yes;No;0,440;Q3;45;193;576;6618;931;552;1,79;34,29;30,07;1;United States;Northern America;"American Institute of Mathematical Sciences";"2008-2026";"Discrete Mathematics and Combinatorics (Q2); Analysis (Q3); Applied Mathematics (Q3)";"Mathematics"
301;21100929582;"Concrete Operators";journal;"22993282";"Walter de Gruyter GmbH";Yes;No;0,438;Q3;9;13;36;293;32;36;0,68;22,54;20,83;0;Germany;Western Europe;"Walter de Gruyter GmbH";"2013-2026";"Analysis (Q3); Applied Mathematics (Q3)";"Mathematics"
302;23150;"IMA Journal of Mathematical Control and Information";journal;"02650754, 14716887";"Oxford University Press";No;No;0,437;Q3;45;54;185;1733;298;185;1,59;32,09;21,26;0;United Kingdom;Western Europe;"Oxford University Press";"1984-2026";"Control and Systems Engineering (Q2); Applied Mathematics (Q3); Control and Optimization (Q3)";"Engineering; Mathematics"
303;29577;"Journal of Biological Systems";journal;"17936470, 02183390";"World Scientific";No;No;0,436;Q3;42;34;94;1412;157;92;1,82;41,53;29,76;0;Singapore;Asiatic Region;"World Scientific";"1995-2026";"Agricultural and Biological Sciences (miscellaneous) (Q2); Ecology (Q2); Applied Mathematics (Q3)";"Agricultural and Biological Sciences; Environmental Science; Mathematics"
304;19700166502;"Journal of Pseudo-Differential Operators and Applications";journal;"1662999X, 16629981";"Springer International Publishing";No;No;0,436;Q3;22;63;191;1720;206;191;1,18;27,30;23,76;0;Switzerland;Western Europe;"Springer International Publishing";"2010-2026";"Analysis (Q3); Applied Mathematics (Q3)";"Mathematics"
305;71359;"Journal of the Brazilian Society of Mechanical Sciences and Engineering";journal;"16785878, 18063691";"Springer Verlag";Yes;No;0,436;Q3;67;609;1765;25979;4426;1760;2,30;42,66;16,45;0;Germany;Western Europe;"Springer Verlag";"2003-2026";"Aerospace Engineering (Q2); Automotive Engineering (Q2); Engineering (miscellaneous) (Q2); Industrial and Manufacturing Engineering (Q2); Mechanical Engineering (Q2); Applied Mathematics (Q3)";"Engineering; Mathematics"
306;4000149607;"Fixed Point Theory and Algorithms for Sciences and Engineering";journal;"16871812, 16871820";"SpringerOpen";Yes;No;0,435;Q3;82;27;57;1074;76;57;1,20;39,78;25,00;0;United Kingdom;Western Europe;"SpringerOpen";"2004-2026";"Geometry and Topology (Q2); Applied Mathematics (Q3)";"Mathematics"
307;4900152804;"Advances in Applied Clifford Algebras";journal;"16614909, 01887009";"Springer International Publishing";No;No;0,434;Q3;38;61;248;1934;298;247;1,05;31,70;21,97;0;Switzerland;Western Europe;"Springer International Publishing";"2001, 2003-2026";"Applied Mathematics (Q3)";"Mathematics"
308;21100223169;"St. Petersburg Mathematical Journal";journal;"10610022, 15477371";"American Mathematical Society";No;No;0,431;Q3;23;57;158;1159;81;158;0,45;20,33;23,61;0;United States;Northern America;"American Mathematical Society";"2003-2025";"Algebra and Number Theory (Q2); Analysis (Q3); Applied Mathematics (Q3)";"Mathematics"
309;23919;"Journal of Inverse and Ill-Posed Problems";journal;"09280219, 15693945";"Walter de Gruyter GmbH";No;No;0,428;Q3;41;55;182;1669;226;181;1,12;30,35;25,20;0;Germany;Western Europe;"Walter de Gruyter GmbH";"1993-2026";"Applied Mathematics (Q3)";"Mathematics"
310;21100905025;"Results in Applied Mathematics";journal;"25900374";"Elsevier B.V.";Yes;No;0,427;Q3;19;55;126;1578;234;125;2,10;28,69;27,59;0;Netherlands;Western Europe;"Elsevier B.V.";"2019-2026";"Applied Mathematics (Q3)";"Mathematics"
311;21100943271;"Trudy Instituta Matematiki i Mekhaniki UrO RAN";journal;"26584786, 01344889";"Krasovskii Institute of Mathematics and Mechanics";No;No;0,425;Q3;11;89;273;1429;149;273;0,57;16,06;38,17;0;Russian Federation;Eastern Europe;"Krasovskii Institute of Mathematics and Mechanics";"2019-2025";"Computational Mechanics (Q2); Mathematics (miscellaneous) (Q2); Applied Mathematics (Q3); Computer Science Applications (Q3)";"Computer Science; Engineering; Mathematics"
312;16065;"Electrical Engineering";journal;"14320487, 09487921";"Springer Verlag";No;No;0,423;Q3;52;333;536;10784;1258;534;2,31;32,38;16,26;1;Germany;Western Europe;"Springer Verlag";"1994-2026";"Electrical and Electronic Engineering (Q2); Applied Mathematics (Q3)";"Engineering; Mathematics"
313;24022;"Journal of Chemometrics";journal;"1099128X, 08869383";"John Wiley and Sons Ltd";No;No;0,423;Q3;112;44;253;1521;635;236;2,44;34,57;32,41;1;United Kingdom;Western Europe;"John Wiley and Sons Ltd";"1987-2026";"Analytical Chemistry (Q3); Applied Mathematics (Q3)";"Chemistry; Mathematics"
314;17963;"International Journal of Circuit Theory and Applications";journal;"1097007X, 00989886";"John Wiley and Sons Ltd";No;No;0,422;Q3;60;255;524;8406;1267;500;2,33;32,96;19,33;0;United Kingdom;Western Europe;"John Wiley and Sons Ltd";"1973-2026";"Electrical and Electronic Engineering (Q2); Applied Mathematics (Q3); Computer Science Applications (Q3); Electronic, Optical and Magnetic Materials (Q3)";"Computer Science; Engineering; Materials Science; Mathematics"
315;19700180503;"Discussiones Mathematicae - Graph Theory";journal;"20835892, 12343099";"University of Zielona Gora";Yes;Yes;0,421;Q3;26;69;210;1243;171;207;0,76;18,01;32,17;1;Poland;Eastern Europe;"University of Zielona Gora";"1995, 2000, 2004-2005, 2007, 2009-2025";"Applied Mathematics (Q3); Discrete Mathematics and Combinatorics (Q3)";"Mathematics"
316;21100287116;"East Asian Journal on Applied Mathematics";journal;"20797362, 20797370";"Global Science Press";No;No;0,420;Q3;26;44;147;1496;180;146;1,35;34,00;33,96;0;Hong Kong;Asiatic Region;"Global Science Press";"2011-2025";"Applied Mathematics (Q3)";"Mathematics"
317;26401;"Electronic Journal of Qualitative Theory of Differential Equations";journal;"14173875";"University of Szeged";Yes;Yes;0,419;Q3;43;70;277;1858;220;277;0,71;26,54;28,35;0;Hungary;Eastern Europe;"University of Szeged";"2000-2026";"Applied Mathematics (Q3)";"Mathematics"
318;23146;"IMA Journal of Applied Mathematics";journal;"14643634, 02724960";"Oxford University Press";No;No;0,419;Q3;53;37;134;1408;162;133;1,20;38,05;8,64;0;United Kingdom;Western Europe;"Oxford University Press";"1965-2025";"Applied Mathematics (Q3)";"Mathematics"
319;21101041416;"SeMA Journal";journal;"22817875, 22543902";"Springer Nature";No;No;0,419;Q3;25;30;95;1337;148;95;1,54;44,57;18,52;0;Switzerland;Western Europe;"Springer Nature";"2010-2026";"Applied Mathematics (Q3); Control and Optimization (Q3); Modeling and Simulation (Q3); Numerical Analysis (Q3)";"Mathematics"
320;6600153110;"Journal of Applied and Industrial Mathematics";journal;"19904789, 19904797";"Pleiades Publishing";No;No;0,417;Q3;23;76;204;1550;134;204;0,69;20,39;26,36;0;United States;Northern America;"Pleiades Publishing";"2007-2025";"Industrial and Manufacturing Engineering (Q2); Applied Mathematics (Q3)";"Engineering; Mathematics"
321;19700186891;"Journal of Interdisciplinary Mathematics";journal;"09720502";"Taru Publications";No;No;0,416;Q3;30;197;412;3642;680;405;1,81;18,49;33,53;0;India;Asiatic Region;"Taru Publications";"1998-2026";"Analysis (Q3); Applied Mathematics (Q3)";"Mathematics"
322;19700186892;"Journal of Discrete Mathematical Sciences and Cryptography";journal;"09720529";"Taru Publications";No;No;0,413;Q3;35;222;444;3924;765;431;1,71;17,68;33,41;1;India;Asiatic Region;"Taru Publications";"1998-2026";"Algebra and Number Theory (Q3); Analysis (Q3); Applied Mathematics (Q3)";"Mathematics"
323;28048;"Applicable Algebra in Engineering, Communications and Computing";journal;"14320622, 09381279";"Springer Science and Business Media Deutschland GmbH";No;No;0,412;Q3;40;41;99;930;95;96;0,66;22,68;33,73;1;Germany;Western Europe;"Springer Science and Business Media Deutschland GmbH";"1990-2026";"Algebra and Number Theory (Q3); Applied Mathematics (Q3)";"Mathematics"
324;21189;"Journal of Strain Analysis for Engineering Design";journal;"03093247, 20413130";"SAGE Publications Ltd";No;No;0,412;Q3;61;52;104;1967;203;104;1,93;37,83;13,86;0;United Kingdom;Western Europe;"SAGE Publications Ltd";"1965-2026";"Mechanical Engineering (Q2); Mechanics of Materials (Q2); Applied Mathematics (Q3); Modeling and Simulation (Q3)";"Engineering; Mathematics"
325;24533;"Acta Mathematica Sinica, English Series";journal;"14397617, 14398516";"Springer Verlag";No;No;0,411;Q3;48;131;343;3787;242;342;0,61;28,91;30,63;0;Germany;Western Europe;"Springer Verlag";"1991-1992, 1996, 1998-2026";"Mathematics (miscellaneous) (Q2); Applied Mathematics (Q3)";"Mathematics"
326;19600161827;"Qualitative Theory of Dynamical Systems";journal;"16623592, 15755460";"Springer International Publishing";Yes;No;0,411;Q3;35;166;252;5280;342;252;1,41;31,81;29,77;0;Switzerland;Western Europe;"Springer International Publishing";"1999-2005, 2008-2026";"Applied Mathematics (Q3); Discrete Mathematics and Combinatorics (Q3)";"Mathematics"
327;27970;"ZAMM Zeitschrift fur Angewandte Mathematik und Mechanik";journal;"00442267, 15214001";"Wiley-VCH Verlag";No;No;0,410;Q3;64;167;394;6566;777;365;2,10;39,32;23,28;0;Germany;Western Europe;"Wiley-VCH Verlag";"1921-1944, 1947-2026";"Computational Mechanics (Q2); Applied Mathematics (Q3)";"Engineering; Mathematics"
328;19600157217;"International Journal of Intelligent Transportation Systems Research";journal;"13488503, 18688659";"Springer";No;No;0,405;Q3;28;62;106;1874;268;106;2,41;30,23;20,22;1;United States;Northern America;"Springer";"2010-2026";"Aerospace Engineering (Q2); Automotive Engineering (Q2); Applied Mathematics (Q3); Computer Science Applications (Q3); Control and Systems Engineering (Q3); Information Systems (Q3); Neuroscience (miscellaneous) (Q3); Software (Q3)";"Computer Science; Engineering; Mathematics; Neuroscience"
329;21100943825;"Advances in the Theory of Nonlinear Analysis and its Applications (discontinued)";journal;"25872648";"DergiPark";Yes;No;0,404;Q3;18;48;111;1150;200;111;1,91;23,96;19,63;0;Turkey;Middle East;"DergiPark";"2019-2023";"Analysis (Q3); Applied Mathematics (Q3)";"Mathematics"
330;19700182746;"Applicable Analysis and Discrete Mathematics";journal;"14528630";"University of Belgrade";Yes;No;0,403;Q3;35;31;129;753;130;129;0,90;24,29;23,29;0;Serbia;Eastern Europe;"University of Belgrade";"2007-2025";"Analysis (Q3); Applied Mathematics (Q3); Discrete Mathematics and Combinatorics (Q3)";"Mathematics"
331;23872;"Journal of Difference Equations and Applications";journal;"15635120, 10236198";"Taylor and Francis Ltd.";No;No;0,402;Q3;54;67;267;1884;304;259;1,16;28,12;22,12;0;United Kingdom;Western Europe;"Taylor and Francis Ltd.";"1995-1996, 1998-2026";"Algebra and Number Theory (Q3); Analysis (Q3); Applied Mathematics (Q3)";"Mathematics"
332;21100285499;"Dolomites Research Notes on Approximation";journal;"20356803";"Padova University Press";Yes;Yes;0,399;Q3;16;45;49;1129;45;47;0,97;25,09;46,43;0;Italy;Western Europe;"Padova University Press";"2013-2026";"Mathematics (miscellaneous) (Q2); Applied Mathematics (Q3)";"Mathematics"
333;4000150504;"Regular and Chaotic Dynamics";journal;"14684845, 15603547";"Pleiades Publishing";No;No;0,399;Q3;44;44;136;1326;195;136;1,59;30,14;25,00;0;United States;Northern America;"Pleiades Publishing";"1998-2026";"Mathematics (miscellaneous) (Q2); Mechanical Engineering (Q2); Applied Mathematics (Q3); Mathematical Physics (Q3); Modeling and Simulation (Q3); Statistical and Nonlinear Physics (Q3)";"Engineering; Mathematics; Physics and Astronomy"
334;21100201026;"Journal of Mathematics in Industry";journal;"21905983";"Springer Science and Business Media Deutschland GmbH";Yes;No;0,397;Q3;20;13;57;398;167;56;3,00;30,62;21,57;1;Germany;Western Europe;"Springer Science and Business Media Deutschland GmbH";"2011-2026";"Applied Mathematics (Q3)";"Mathematics"
335;21100201017;"Advances in Applied Mathematics and Mechanics";journal;"20751354, 20700733";"Global Science Press";No;No;0,390;Q3;36;41;228;1762;279;227;1,38;42,98;30,51;0;United Kingdom;Western Europe;"Global Science Press";"2009-2026";"Applied Mathematics (Q3); Mechanical Engineering (Q3)";"Engineering; Mathematics"
336;21100857172;"Computation";journal;"20793197";"Multidisciplinary Digital Publishing Institute (MDPI)";Yes;No;0,386;Q3;39;220;316;9019;815;313;2,42;41,00;29,21;0;Switzerland;Western Europe;"Multidisciplinary Digital Publishing Institute (MDPI)";"2013-2026";"Computer Science (miscellaneous) (Q2); Applied Mathematics (Q3); Modeling and Simulation (Q3); Theoretical Computer Science (Q3)";"Computer Science; Mathematics"
337;21100941199;"Statistics and Public Policy";journal;"2330443X";"Taylor and Francis Inc.";Yes;No;0,385;Q3;21;16;30;537;56;24;2,88;33,56;38,30;0;United States;Northern America;"Taylor and Francis Inc.";"2014-2025";"Public Administration (Q2); Applied Mathematics (Q3); Statistics and Probability (Q3); Statistics, Probability and Uncertainty (Q3)";"Decision Sciences; Mathematics; Social Sciences"
338;23670;"Annals of Mathematics and Artificial Intelligence";journal;"15737470, 10122443";"Springer Netherlands";No;No;0,383;Q3;64;52;146;1683;213;135;1,33;32,37;17,59;1;Netherlands;Western Europe;"Springer Netherlands";"1990-2026";"Applied Mathematics (Q3); Artificial Intelligence (Q3)";"Computer Science; Mathematics"
339;21101039083;"Nonautonomous Dynamical Systems";journal;"23530626";"Walter de Gruyter GmbH";Yes;No;0,381;Q3;13;20;47;522;51;47;1,09;26,10;7,14;0;Germany;Western Europe;"Walter de Gruyter GmbH";"2014-2024";"Analysis (Q3); Applied Mathematics (Q3); Numerical Analysis (Q3); Statistics and Probability (Q3)";"Mathematics"
340;21101034465;"Iranian Journal of Mathematical Chemistry";journal;"20089015, 22286489";"University of Kashan";No;No;0,380;Q3;12;19;65;428;74;65;1,37;22,53;23,08;0;Iran;Middle East;"University of Kashan";"2019-2025";"Chemistry (miscellaneous) (Q2); Applied Mathematics (Q3)";"Chemistry; Mathematics"
341;19700200886;"Journal of Algorithms and Computational Technology";journal;"17483018, 17483026";"SAGE Publications Inc.";Yes;No;0,379;Q3;24;11;110;319;153;109;0,92;29,00;40,00;0;United Kingdom;Western Europe;"SAGE Publications Inc.";"2009, 2011-2026";"Applied Mathematics (Q3); Computational Mathematics (Q3); Numerical Analysis (Q3)";"Mathematics"
342;21101066571;"International Journal of Neutrosophic Science (discontinued)";journal;"26906805, 26926148";"American Scientific Publishing Group (ASPG)";No;No;0,375;Q3;32;126;164;3176;358;164;2,18;25,21;32,96;0;United States;Northern America;"American Scientific Publishing Group (ASPG)";"2020-2025";"Applied Mathematics (Q3); Logic (Q3); Mathematics (miscellaneous) (Q3)";"Mathematics"
343;28511;"Mathematical and Computer Modelling of Dynamical Systems";journal;"17445051, 13873954";"Taylor and Francis Ltd.";Yes;No;0,375;Q3;42;8;77;324;152;74;2,08;40,50;17,39;0;United Kingdom;Western Europe;"Taylor and Francis Ltd.";"1996-2026";"Applied Mathematics (Q3); Computer Science Applications (Q3); Control and Systems Engineering (Q3); Modeling and Simulation (Q3); Software (Q3)";"Computer Science; Engineering; Mathematics"
344;23300;"Japan Journal of Industrial and Applied Mathematics";journal;"1868937X, 09167005";"Springer Japan";No;No;0,374;Q3;33;44;141;1158;123;138;0,95;26,32;19,23;0;Japan;Asiatic Region;"Springer Japan";"1991-2026";"Engineering (miscellaneous) (Q2); Applied Mathematics (Q3)";"Engineering; Mathematics"
345;13794;"BioSystems";journal;"03032647, 18728324";"Elsevier Ireland Ltd";No;No;0,370;Q3;88;118;392;6845;701;380;1,68;58,01;25,11;0;Ireland;Western Europe;"Elsevier Ireland Ltd";"1967-2026";"Applied Mathematics (Q3); Biochemistry, Genetics and Molecular Biology (miscellaneous) (Q3); Medicine (miscellaneous) (Q3); Modeling and Simulation (Q3); Statistics and Probability (Q3)";"Biochemistry, Genetics and Molecular Biology; Mathematics; Medicine"
346;21100899436;"International Journal of Applied and Computational Mathematics";journal;"23495103, 21995796";"Springer India";No;No;0,369;Q3;41;280;602;10448;1195;600;2,05;37,31;25,66;0;India;Asiatic Region;"Springer India";"2015-2026";"Applied Mathematics (Q3); Computational Mathematics (Q3)";"Mathematics"
347;21101060462;"Results in Control and Optimization";journal;"26667207";"Elsevier B.V.";Yes;No;0,366;Q3;28;60;39;2620;97;39;2,49;43,67;17,99;0;Netherlands;Western Europe;"Elsevier B.V.";"2020-2026";"Applied Mathematics (Q3); Artificial Intelligence (Q3); Control and Optimization (Q3); Control and Systems Engineering (Q3); Modeling and Simulation (Q3)";"Computer Science; Engineering; Mathematics"
348;21100331504;"International Review of Aerospace Engineering";journal;"19737459, 25332279";"Praise Worthy Prize S.r.l";No;No;0,365;Q3;22;32;90;1145;184;90;1,97;35,78;12,61;0;Italy;Western Europe;"Praise Worthy Prize S.r.l";"2014-2025";"Aerospace Engineering (Q3); Applied Mathematics (Q3); Control and Systems Engineering (Q3); Electrical and Electronic Engineering (Q3); Fluid Flow and Transfer Processes (Q3)";"Chemical Engineering; Engineering; Mathematics"
349;21100301413;"Journal of the Operations Research Society of China";journal;"21946698, 2194668X";"Springer International Publishing";No;No;0,364;Q3;25;37;118;1669;149;112;1,52;45,11;31,25;0;Switzerland;Western Europe;"Springer International Publishing";"2013-2026";"Applied Mathematics (Q3); Management Science and Operations Research (Q3); Mathematics (miscellaneous) (Q3)";"Decision Sciences; Mathematics"
350;21100455428;"Communications in Applied and Industrial Mathematics";journal;"20380909";"de Gruyter";Yes;No;0,362;Q3;16;8;29;309;27;28;0,88;38,63;26,92;0;Germany;Western Europe;"de Gruyter";"2014-2025";"Industrial and Manufacturing Engineering (Q2); Applied Mathematics (Q3)";"Engineering; Mathematics"
351;21100934093;"Journal of Econometric Methods";journal;"21566674";"Walter de Gruyter GmbH";No;No;0,361;Q3;16;7;28;247;21;28;0,78;35,29;8,33;1;Germany;Western Europe;"Walter de Gruyter GmbH";"2012-2013, 2015-2026";"Applied Mathematics (Q3); Economics and Econometrics (Q3); Statistics and Probability (Q3)";"Economics, Econometrics and Finance; Mathematics"
352;21100838755;"Nonlinear Functional Analysis and Applications";journal;"24660973, 12291595";"Kyungnam University Press";Yes;No;0,361;Q3;17;59;169;1378;174;169;1,19;23,36;28,07;0;South Korea;Asiatic Region;"Kyungnam University Press";"2017-2025";"Analysis (Q3); Applied Mathematics (Q3); Control and Optimization (Q3); Numerical Analysis (Q3)";"Mathematics"
353;21100215904;"Journal of Geometric Mechanics";journal;"19414889, 19414897";"American Institute of Mathematical Sciences";No;No;0,359;Q3;20;28;83;919;58;79;0,68;32,82;18,52;0;United States;Northern America;"American Institute of Mathematical Sciences";"2011-2023";"Applied Mathematics (Q3); Control and Optimization (Q3); Geometry and Topology (Q3); Mechanics of Materials (Q3)";"Engineering; Mathematics"
354;24326;"International Journal of Uncertainty, Fuzziness and Knowledge-Based Systems";journal;"02184885, 17936411";"World Scientific";No;No;0,359;-;69;66;184;2242;284;176;1,54;33,97;29,08;0;Singapore;Asiatic Region;"World Scientific";"1996-2026";"Artificial Intelligence (Q3); Control and Systems Engineering (Q3); Information Systems (Q3); Software (Q3)";"Computer Science; Engineering"
355;20948;"Jixie Gongcheng Xuebao/Journal of Mechanical Engineering";journal;"05776686";"Chinese Mechanical Engineering Society";No;No;0,357;Q3;69;712;1856;24081;3253;1856;1,57;33,82;28,08;0;China;Asiatic Region;"Chinese Mechanical Engineering Society";"1981-1989, 1996-2025";"Applied Mathematics (Q3); Computer Science Applications (Q3); Mechanical Engineering (Q3)";"Computer Science; Engineering; Mathematics"
356;21100206801;"Statistics and its Interface";journal;"19387989, 19387997";"International Press, Inc.";No;No;0,355;Q3;25;41;143;1335;94;142;0,67;32,56;38,32;0;United States;Northern America;"International Press, Inc.";"2010-2026";"Applied Mathematics (Q3); Statistics and Probability (Q3)";"Mathematics"
357;21100925611;"Journal of Applied Logics";journal;"26319829, 26319810";"College Publications";Yes;No;0,353;Q3;12;30;188;1044;150;176;0,60;34,80;11,32;0;United Kingdom;Western Europe;"College Publications";"2018-2026";"Applied Mathematics (Q3); Logic (Q3)";"Mathematics"
358;21100860443;"International Journal of Optimization and Control: Theories and Applications";journal;"21460957";"AccScience Publishing";Yes;No;0,352;Q3;17;17;98;524;134;98;1,43;30,82;34,48;0;Turkey;Middle East;"AccScience Publishing";"2018-2025";"Applied Mathematics (Q3); Control and Optimization (Q3)";"Mathematics"
359;14345;"Theory in Biosciences";journal;"16117530, 14317613";"Springer Science and Business Media Deutschland GmbH";No;No;0,350;Q3;45;28;77;1609;120;75;1,33;57,46;31,11;0;Germany;Western Europe;"Springer Science and Business Media Deutschland GmbH";"1997-2026";"Applied Mathematics (Q3); Ecology, Evolution, Behavior and Systematics (Q3); Statistics and Probability (Q3)";"Agricultural and Biological Sciences; Mathematics"
360;19600157312;"Scientific Annals of Computer Science";journal;"18438121, 22482695";"Alexandru Ioan Cuza University of Iasi";Yes;Yes;0,346;Q3;12;10;22;337;18;22;1,07;33,70;16,67;0;Romania;Eastern Europe;"Alexandru Ioan Cuza University of Iasi";"2009-2026";"Applied Mathematics (Q3); Computer Science (miscellaneous) (Q3)";"Computer Science; Mathematics"
361;21101105106;"Journal of Nonlinear Modeling and Analysis";journal;"25622854, 25622862";"Global Science Press";No;No;0,345;Q3;11;48;111;1392;126;111;1,31;29,00;42,86;0;China;Asiatic Region;"Global Science Press";"2019-2026";"Analysis (Q3); Applied Mathematics (Q3); Mathematics (miscellaneous) (Q3); Modeling and Simulation (Q3)";"Mathematics"
362;21100871775;"Progress in Fractional Differentiation and Applications";journal;"23569336, 23569344";"Natural Sciences Publishing";No;No;0,343;Q3;27;43;98;1326;172;98;1,97;30,84;21,65;0;United States;Northern America;"Natural Sciences Publishing";"2015-2025";"Analysis (Q3); Applied Mathematics (Q3)";"Mathematics"
363;21101057377;"Advanced Mathematical Models and Applications";journal;"25194445";"Jomard Publishing";No;No;0,342;Q3;13;33;50;688;79;50;1,83;20,85;28,92;0;Azerbaijan;Eastern Europe;"Jomard Publishing";"2019-2025";"Applied Mathematics (Q3); Computational Mathematics (Q3); Control and Optimization (Q3); Modeling and Simulation (Q3); Numerical Analysis (Q3); Statistics and Probability (Q3)";"Mathematics"
364;19700171105;"Differential Equations and Dynamical Systems";journal;"09713514, 09746870";"Springer International Publishing AG";No;No;0,342;Q3;28;58;149;1575;171;146;0,87;27,16;22,76;1;India;Asiatic Region;"Springer International Publishing AG";"2008-2026";"Analysis (Q3); Applied Mathematics (Q3)";"Mathematics"
365;21101022436;"Multiscale and Multidisciplinary Modeling, Experiments and Design";journal;"25208179, 25208160";"Springer Science and Business Media B.V.";No;No;0,342;Q3;25;27;69;1097;168;68;2,88;40,63;13,79;0;Switzerland;Western Europe;"Springer Science and Business Media B.V.";"2018-2026";"Applied Mathematics (Q3); Materials Science (miscellaneous) (Q3); Mechanics of Materials (Q3)";"Engineering; Materials Science; Mathematics"
366;21101080473;"Information Geometry";journal;"2511249X, 25112481";"Springer Nature";No;No;0,341;Q3;12;16;34;656;37;32;1,12;41,00;14,81;0;Singapore;Asiatic Region;"Springer Nature";"2018-2026";"Applied Mathematics (Q3); Computational Theory and Mathematics (Q3); Computer Science Applications (Q3); Geometry and Topology (Q3); Statistics and Probability (Q3)";"Computer Science; Mathematics"
367;21100970313;"Information Sciences Letters (discontinued)";journal;"2090956X, 20909551";"Natural Sciences Publishing";No;No;0,339;Q3;28;198;101;6936;231;101;2,47;35,03;32,16;1;United States;Northern America;"Natural Sciences Publishing";"2019-2023";"Library and Information Sciences (Q2); Applied Mathematics (Q3); Computer Science Applications (Q3)";"Computer Science; Mathematics; Social Sciences"
368;21100203314;"Journal of Singularities";journal;"19492006";"Worldwide Center of Mathematics";No;No;0,339;Q3;14;31;72;638;34;71;0,52;20,58;12,73;0;United States;Northern America;"Worldwide Center of Mathematics";"2011-2025";"Applied Mathematics (Q3); Geometry and Topology (Q3)";"Mathematics"
369;25193;"Applied Sciences";journal;"14545101";"Balkan Society of Geometers";Yes;Yes;0,336;Q3;25;18;64;399;126;64;2,51;22,17;29,41;0;Romania;Eastern Europe;"Balkan Society of Geometers";"1999-2022";"Engineering (miscellaneous) (Q2); Applied Mathematics (Q3); Computer Science Applications (Q3); Fluid Flow and Transfer Processes (Q3); Instrumentation (Q3); Materials Science (miscellaneous) (Q3); Process Chemistry and Technology (Q3)";"Chemical Engineering; Computer Science; Engineering; Materials Science; Mathematics; Physics and Astronomy"
370;26309;"Quarterly Journal of Mechanics and Applied Mathematics";journal;"00335614, 14643855";"Oxford University Press";No;No;0,336;Q3;44;17;65;476;76;65;1,10;28,00;13,79;0;United Kingdom;Western Europe;"Oxford University Press";"1948-2026";"Applied Mathematics (Q3); Condensed Matter Physics (Q3); Mechanical Engineering (Q3); Mechanics of Materials (Q3)";"Engineering; Mathematics; Physics and Astronomy"
371;12900154727;"Journal of Industrial and Management Optimization";journal;"15475816, 1553166X";"American Institute of Mathematical Sciences";Yes;No;0,334;Q3;46;211;412;7596;526;412;1,25;36,00;33,33;0;United States;Northern America;"American Institute of Mathematical Sciences";"2007-2025";"Applied Mathematics (Q3); Business and International Management (Q3); Control and Optimization (Q3); Strategy and Management (Q3)";"Business, Management and Accounting; Mathematics"
372;19700175586;"Analele Stiintifice ale Universitatii Ovidius Constanta, Seria Matematica";journal;"12241784, 18440835";"Ovidius University";Yes;Yes;0,333;Q3;27;40;134;942;127;134;0,70;23,55;29,76;0;Romania;Eastern Europe;"Ovidius University";"2009-2025";"Analysis (Q3); Applied Mathematics (Q3)";"Mathematics"
373;8000153103;"Ricerche di Matematica";journal;"18273491, 00355038";"Springer-Verlag Italia s.r.l.";No;No;0,331;Q3;25;54;129;1202;148;127;1,41;22,26;27,17;0;Italy;Western Europe;"Springer-Verlag Italia s.r.l.";"2007-2026";"Applied Mathematics (Q3); Mathematics (miscellaneous) (Q3)";"Mathematics"
374;7700153223;"Kyungpook Mathematical Journal";journal;"12256951, 04548124";"Kyungmoon Publishing";Yes;No;0,330;Q3;26;48;179;920;154;179;0,72;19,17;24,14;0;South Korea;Asiatic Region;"Kyungmoon Publishing";"2007-2025";"Applied Mathematics (Q3); Mathematics (miscellaneous) (Q3)";"Mathematics"
375;21101026926;"Moroccan Journal of Pure and Applied Analysis";journal;"23518227, 26056364";"Sidi Mohamed Ben Abdellah University";Yes;Yes;0,327;Q3;10;27;74;591;71;74;1,00;21,89;11,86;0;Morocco;Africa;"Sidi Mohamed Ben Abdellah University";"2019-2025";"Analysis (Q3); Applied Mathematics (Q3); Control and Optimization (Q3); Numerical Analysis (Q3)";"Mathematics"
376;12961;"Journal of Computer and Systems Sciences International";journal;"10642307, 15556530";"Pleiades Publishing";No;No;0,325;Q3;26;83;246;1707;188;246;0,77;20,57;25,32;0;United States;Northern America;"Pleiades Publishing";"1993-2025";"Applied Mathematics (Q3); Computer Networks and Communications (Q3); Computer Vision and Pattern Recognition (Q3); Control and Systems Engineering (Q3); Information Systems (Q3); Software (Q3); Theoretical Computer Science (Q4)";"Computer Science; Engineering; Mathematics"
377;21100941066;"Frontiers in Applied Mathematics and Statistics";journal;"22974687";"Frontiers Media SA";Yes;No;0,324;Q3;29;133;224;5602;348;204;1,36;42,12;25,13;4;Switzerland;Western Europe;"Frontiers Media SA";"2015-2026";"Applied Mathematics (Q3); Statistics and Probability (Q3)";"Mathematics"
378;29006;"Hangkong Xuebao/Acta Aeronautica et Astronautica Sinica";journal;"10006893";"Chinese Society of Astronautics";No;No;0,322;Q3;51;533;1120;21086;1840;1120;1,75;39,56;28,80;0;China;Asiatic Region;"Chinese Society of Astronautics";"1985-1986, 1991, 1998, 2000-2025";"Aerospace Engineering (Q3); Applied Mathematics (Q3); Modeling and Simulation (Q3); Space and Planetary Science (Q3)";"Earth and Planetary Sciences; Engineering; Mathematics"
379;21101033829;"Results in Nonlinear Analysis";journal;"26367556";"Erdal Karapinar";Yes;Yes;0,322;Q3;13;37;62;994;88;61;1,51;26,86;31,58;0;Turkey;Middle East;"Erdal Karapinar";"2019-2025";"Analysis (Q3); Applied Mathematics (Q3); Geometry and Topology (Q3); Mathematics (miscellaneous) (Q3)";"Mathematics"
380;17700154922;"International Review of Electrical Engineering";journal;"25332244, 18276660";"Praise Worthy Prize";No;No;0,321;Q3;34;59;152;2199;283;152;1,82;37,27;20,69;0;Italy;Western Europe;"Praise Worthy Prize";"2008-2025";"Automotive Engineering (Q2); Applied Mathematics (Q3); Electrical and Electronic Engineering (Q3); Energy (miscellaneous) (Q3); Instrumentation (Q3)";"Energy; Engineering; Mathematics; Physics and Astronomy"
381;23247;"International Journal of Nonlinear Sciences and Numerical Simulation";journal;"15651339, 21910294";"Walter de Gruyter GmbH";No;No;0,319;Q3;64;80;208;2730;341;208;1,28;34,13;24,88;0;Germany;Western Europe;"Walter de Gruyter GmbH";"2000-2023";"Computational Mechanics (Q2); Engineering (miscellaneous) (Q2); Applied Mathematics (Q3); Mechanics of Materials (Q3); Modeling and Simulation (Q3); Physics and Astronomy (miscellaneous) (Q3); Statistical and Nonlinear Physics (Q3)";"Engineering; Mathematics; Physics and Astronomy"
382;21100401154;"Epidemiologic Methods";journal;"21949263, 2161962X";"Walter de Gruyter GmbH";No;No;0,318;Q3;18;8;56;273;77;55;1,02;34,13;38,46;0;Germany;Western Europe;"Walter de Gruyter GmbH";"2012-2025";"Applied Mathematics (Q3); Epidemiology (Q4)";"Mathematics; Medicine"
383;51667;"Journal of Mechanics";journal;"18118216, 17277191";"Oxford University Press";Yes;No;0,315;Q3;33;50;218;1877;366;218;1,69;37,54;20,47;0;United Kingdom;Western Europe;"Oxford University Press";"1998-2026";"Applied Mathematics (Q3); Condensed Matter Physics (Q3); Mechanical Engineering (Q3)";"Engineering; Mathematics; Physics and Astronomy"
384;21100846307;"Matematiche";journal;"03733505, 20375298";"Universita di Catania";Yes;Yes;0,315;Q3;9;22;81;446;52;81;0,63;20,27;20,00;0;Italy;Western Europe;"Universita di Catania";"2017-2025";"Applied Mathematics (Q3); Information Systems (Q3); Mathematics (miscellaneous) (Q3)";"Computer Science; Mathematics"
385;10900153313;"Mathematics in Computer Science";journal;"16618289, 16618270";"Birkhauser Verlag Basel";No;No;0,315;Q3;29;32;146;623;100;137;0,55;19,47;27,08;0;Switzerland;Western Europe;"Birkhauser Verlag Basel";"2007-2025";"Applied Mathematics (Q3); Computational Mathematics (Q3); Computational Theory and Mathematics (Q3)";"Computer Science; Mathematics"
386;130128;"Journal of Mathematical Sciences (United States)";journal;"10723374, 15738795";"Springer";No;No;0,314;Q3;48;569;1545;10607;553;1544;0,38;18,64;30,21;0;United States;Northern America;"Springer";"1994-2026";"Applied Mathematics (Q3); Mathematics (miscellaneous) (Q3); Statistics and Probability (Q3)";"Mathematics"
387;21101067491;"Journal of Medical Robotics Research";journal;"24249068, 2424905X";"World Scientific";No;No;0,314;Q3;19;13;37;519;48;35;1,39;39,92;30,00;0;Singapore;Asiatic Region;"World Scientific";"2016-2026";"Applied Mathematics (Q3); Artificial Intelligence (Q3); Biomedical Engineering (Q3); Computer Science Applications (Q3); Human-Computer Interaction (Q3)";"Computer Science; Engineering; Mathematics"
388;7600153123;"Journal of Mechanics of Materials and Structures";journal;"15593959";"Mathematical Sciences Publishers";No;No;0,313;Q3;52;29;111;944;151;111;0,96;32,55;25,00;0;United States;Northern America;"Mathematical Sciences Publishers";"2006-2025";"Applied Mathematics (Q3); Mechanics of Materials (Q3)";"Engineering; Mathematics"
389;21100863128;"Surveys in Mathematics and its Applications";journal;"18437265, 18426298";"University Constantin Brancusi of Targu-Jiu";Yes;Yes;0,313;Q3;9;21;62;482;65;62;1,17;22,95;25,00;0;Romania;Eastern Europe;"University Constantin Brancusi of Targu-Jiu";"2009, 2018-2025";"Applied Mathematics (Q3); Mathematics (miscellaneous) (Q3)";"Mathematics"
390;21101044881;"International Journal of Serious Games";journal;"23848766";"Serious Games Society";Yes;Yes;0,312;Q3;19;29;84;1222;146;71;1,64;42,14;41,03;2;Italy;Western Europe;"Serious Games Society";"2019-2026";"Applied Mathematics (Q3); Artificial Intelligence (Q3); Computer Graphics and Computer-Aided Design (Q3); Education (Q3); Human-Computer Interaction (Q3); Software (Q3)";"Computer Science; Mathematics; Social Sciences"
391;21100286801;"Journal of Nonlinear and Convex Analysis";journal;"13454773, 18805221";"Yokohama Publishers";No;No;0,312;Q3;42;184;551;5481;543;548;1,18;29,79;29,95;0;Japan;Asiatic Region;"Yokohama Publishers";"2010-2025";"Analysis (Q3); Applied Mathematics (Q3); Control and Optimization (Q3); Geometry and Topology (Q3)";"Mathematics"
392;144917;"Journal of Applied Mathematics";journal;"16870042, 1110757X";"John Wiley and Sons Ltd";Yes;No;0,308;Q3;62;80;144;2183;250;144;1,77;27,29;21,18;1;United Kingdom;Western Europe;"John Wiley and Sons Ltd";"2001-2026";"Applied Mathematics (Q3)";"Mathematics"
393;24184;"Chinese Journal of Electronics";journal;"10224653, 20755597";"Institute of Electrical and Electronics Engineers Inc.";Yes;No;0,307;Q3;38;112;453;3972;636;452;1,43;35,46;35,89;1;United States;Northern America;"Institute of Electrical and Electronics Engineers Inc.";"1996-2025";"Applied Mathematics (Q3); Electrical and Electronic Engineering (Q3)";"Engineering; Mathematics"
394;21100241790;"International Journal of Differential Equations";journal;"16879651, 16879643";"John Wiley and Sons Ltd";Yes;No;0,307;Q3;32;20;78;524;121;77;1,43;26,20;23,81;0;United Kingdom;Western Europe;"John Wiley and Sons Ltd";"2010-2026";"Analysis (Q3); Applied Mathematics (Q3)";"Mathematics"
395;18056;"Jiqiren/Robot";journal;"10020446";"Chinese Academy of Sciences";No;No;0,307;Q3;35;66;230;2755;412;230;2,04;41,74;25,55;0;China;Asiatic Region;"Chinese Academy of Sciences";"1998, 2001-2026";"Applied Mathematics (Q3); Artificial Intelligence (Q3); Electrical and Electronic Engineering (Q3); Mechanical Engineering (Q3); Modeling and Simulation (Q3); Software (Q3)";"Computer Science; Engineering; Mathematics"
396;24616;"Algebra Colloquium";journal;"02191733, 10053867";"World Scientific Publishing Co. Pte Ltd";Yes;No;0,306;Q3;33;62;169;1175;64;167;0,28;18,95;34,78;0;Singapore;Asiatic Region;"World Scientific Publishing Co. Pte Ltd";"1996-2025";"Algebra and Number Theory (Q3); Applied Mathematics (Q3)";"Mathematics"
397;19700180901;"Acta Scientiarum Mathematicarum";journal;"00016969";"Springer International Publishing";No;No;0,305;Q3;16;38;108;1104;67;107;0,69;29,05;6,78;0;Switzerland;Western Europe;"Springer International Publishing";"2006, 2009-2026";"Analysis (Q3); Applied Mathematics (Q3)";"Mathematics"
398;21100283718;"Numerical Algebra, Control and Optimization";journal;"21553289, 21553297";"American Institute of Mathematical Sciences";No;No;0,305;Q3;29;50;113;1770;167;111;1,56;35,40;23,15;0;United States;Northern America;"American Institute of Mathematical Sciences";"2011-2026";"Algebra and Number Theory (Q3); Applied Mathematics (Q3); Control and Optimization (Q3)";"Mathematics"
399;21100943513;"Journal of Operation and Automation in Power Engineering";journal;"24234567, 23224576";"University of Mohaghegh Ardabili, Faculty of Electrical Engineering";Yes;Yes;0,304;Q3;15;24;67;841;90;67;1,53;35,04;11,11;0;Iran;Middle East;"University of Mohaghegh Ardabili, Faculty of Electrical Engineering";"2019-2026";"Applied Mathematics (Q3); Control and Systems Engineering (Q3); Electrical and Electronic Engineering (Q3); Energy Engineering and Power Technology (Q3); Information Systems (Q3)";"Computer Science; Energy; Engineering; Mathematics"
400;21100901158;"EURO Journal on Decision Processes";journal;"21939446, 21939438";"Elsevier B.V.";Yes;No;0,303;Q3;23;15;30;1073;39;28;0,92;71,53;43,75;0;Germany;Western Europe;"Elsevier B.V.";"2013-2026";"Applied Mathematics (Q3); Business, Management and Accounting (miscellaneous) (Q3); Computational Mathematics (Q3); Decision Sciences (miscellaneous) (Q3); Statistics and Probability (Q3)";"Business, Management and Accounting; Decision Sciences; Mathematics"
401;21100818724;"Electronic Journal of Graph Theory and Applications";journal;"23382287";"Indonesian Combinatorics Society";Yes;Yes;0,302;Q3;13;48;110;915;87;110;0,83;19,06;38,61;0;Indonesia;Asiatic Region;"Indonesian Combinatorics Society";"2016-2025";"Applied Mathematics (Q3); Discrete Mathematics and Combinatorics (Q3)";"Mathematics"
402;14828;"Stochastic Models";journal;"15326349, 15324214";"Taylor and Francis Ltd.";No;No;0,302;Q3;41;30;81;847;52;78;0,70;28,23;20,31;0;United States;Northern America;"Taylor and Francis Ltd.";"2002-2026";"Applied Mathematics (Q3); Modeling and Simulation (Q3); Statistics and Probability (Q3)";"Mathematics"
403;20400195003;"International Journal of Advanced Intelligence Paradigms (discontinued)";journal;"17550386, 17550394";"Inderscience Publishers";No;No;0,300;Q3;21;71;245;2109;274;236;1,15;29,70;27,82;1;United Kingdom;Western Europe;"Inderscience Publishers";"2008-2025";"Applied Mathematics (Q3); Computer Science (miscellaneous) (Q3); Engineering (miscellaneous) (Q3)";"Computer Science; Engineering; Mathematics"
404;21100928218;"Vestnik Samarskogo Gosudarstvennogo Tekhnicheskogo Universiteta, Seriya Fiziko-Matematicheskie Nauki";journal;"23107081, 19918615";"Samara State Technical University";Yes;Yes;0,298;Q3;11;40;134;1128;87;134;0,73;28,20;31,58;0;Russian Federation;Eastern Europe;"Samara State Technical University";"2019-2025";"Analysis (Q3); Applied Mathematics (Q3); Condensed Matter Physics (Q3); Mathematical Physics (Q3); Mechanics of Materials (Q3); Modeling and Simulation (Q3); Software (Q3)";"Computer Science; Engineering; Mathematics; Physics and Astronomy"
405;4000149107;"International Journal of Wavelets, Multiresolution and Information Processing";journal;"1793690X, 02196913";"World Scientific Publishing Co. Pte Ltd";No;No;0,297;Q3;32;70;228;2214;327;227;1,59;31,63;28,57;0;Singapore;Asiatic Region;"World Scientific Publishing Co. Pte Ltd";"2006-2026";"Applied Mathematics (Q3); Information Systems (Q3); Signal Processing (Q3)";"Computer Science; Mathematics"
406;21100207615;"Journal of Integral Equations and Applications";journal;"08973962";"Rocky Mountain Mathematics Consortium";No;No;0,296;Q3;34;31;87;776;62;87;0,60;25,03;20,97;0;United States;Northern America;"Rocky Mountain Mathematics Consortium";"1988-2025";"Applied Mathematics (Q3); Numerical Analysis (Q3)";"Mathematics"
407;6000194782;"Games";journal;"20734336";"Multidisciplinary Digital Publishing Institute (MDPI)";Yes;No;0,295;Q3;27;82;205;3127;193;200;0,94;38,13;25,60;0;Switzerland;Western Europe;"Multidisciplinary Digital Publishing Institute (MDPI)";"2010-2025";"Applied Mathematics (Q3); Statistics and Probability (Q3); Statistics, Probability and Uncertainty (Q3)";"Decision Sciences; Mathematics"
408;21100900134;"International Journal on Engineering Applications";journal;"25332295, 22812881";"Praise Worthy Prize";No;No;0,295;Q3;15;47;98;1942;178;98;1,96;41,32;25,62;0;Italy;Western Europe;"Praise Worthy Prize";"2018-2025";"Architecture (Q1); Applied Mathematics (Q3); Computer Science Applications (Q3); Engineering (miscellaneous) (Q3)";"Computer Science; Engineering; Mathematics"
409;25805;"UPB Scientific Bulletin, Series A: Applied Mathematics and Physics";journal;"22863672, 12237027";"Politechnica University of Bucharest";Yes;No;0,295;Q3;34;77;326;2036;333;326;1,07;26,44;31,40;0;Romania;Eastern Europe;"Politechnica University of Bucharest";"1996-2002, 2004-2025";"Applied Mathematics (Q3); Physics and Astronomy (miscellaneous) (Q3)";"Mathematics; Physics and Astronomy"
410;7500153129;"Communications of the Korean Mathematical Society";journal;"12251763, 22343024";"Korean Mathematical Society";No;No;0,293;Q3;23;91;257;1736;184;257;0,73;19,08;26,39;0;South Korea;Asiatic Region;"Korean Mathematical Society";"2007-2025";"Applied Mathematics (Q3); Mathematics (miscellaneous) (Q3)";"Mathematics"
411;11500153304;"Nonlinear Dynamics and Systems Theory";journal;"15628353, 18137385";"InforMath Publishing Group";No;No;0,293;Q3;24;47;132;929;125;131;1,04;19,77;20,99;0;Ukraine;Eastern Europe;"InforMath Publishing Group";"2007-2025";"Applied Mathematics (Q3); Mathematical Physics (Q3)";"Mathematics"
412;21100838017;"Sankhya B";journal;"09768394, 09768386";"Springer India";No;No;0,293;Q3;16;37;85;1109;78;84;0,57;29,97;20,00;0;India;Asiatic Region;"Springer India";"2010-2026";"Applied Mathematics (Q3); Statistics and Probability (Q3); Statistics, Probability and Uncertainty (Q3)";"Decision Sciences; Mathematics"
413;21100464917;"Journal of Computational Finance";journal;"14601559, 17552850";"Incisive Media Ltd.";No;No;0,291;Q3;17;14;56;406;48;56;0,32;29,00;5,88;0;United Kingdom;Western Europe;"Incisive Media Ltd.";"2011-2025";"Applied Mathematics (Q3); Computer Science Applications (Q3); Finance (Q3)";"Computer Science; Economics, Econometrics and Finance; Mathematics"
414;21100854726;"International Journal of Mathematics and Computer Science";journal;"18140432, 18140424";"";No;No;0,287;Q3;21;167;335;2021;262;335;0,73;12,10;41,71;0;United States;Northern America;"";"2017-2025";"Algebra and Number Theory (Q3); Applied Mathematics (Q3); Computational Mathematics (Q3); Computer Science (miscellaneous) (Q3); Discrete Mathematics and Combinatorics (Q3); Modeling and Simulation (Q3); Numerical Analysis (Q3); Statistics and Probability (Q3)";"Computer Science; Mathematics"
415;12424;"Inverse Problems in Science and Engineering";journal;"17415985, 17415977";"Taylor and Francis Ltd.";No;No;0,286;Q3;41;0;320;0;464;317;1,31;0,00;0,00;0;United Kingdom;Western Europe;"Taylor and Francis Ltd.";"2004-2021";"Applied Mathematics (Q3); Computer Science Applications (Q3); Engineering (miscellaneous) (Q3)";"Computer Science; Engineering; Mathematics"
416;21100442012;"Analysis (Germany)";journal;"21966753, 01744747";"Walter de Gruyter GmbH";No;No;0,284;Q3;29;22;50;577;45;50;0,95;26,23;13,16;0;Germany;Western Europe;"Walter de Gruyter GmbH";"1981-2026";"Analysis (Q3); Applied Mathematics (Q3); Numerical Analysis (Q3)";"Mathematics"
417;21100834310;"Vestnik Sankt-Peterburgskogo Universiteta, Prikladnaya Matematika, Informatika, Protsessy Upravleniya";journal;"18119905, 25422251";"Saint Petersburg State University";Yes;No;0,284;Q3;12;51;122;977;125;122;1,20;19,16;31,71;0;Russian Federation;Eastern Europe;"Saint Petersburg State University";"2017-2025";"Applied Mathematics (Q3); Computer Science (miscellaneous) (Q3); Control and Optimization (Q4)";"Computer Science; Mathematics"
418;21100832768;"Confluentes Mathematici";journal;"17937442, 17937434";"Institut Camille Jordan";No;No;0,283;Q3;7;11;25;258;11;25;0,28;23,45;17,65;0;France;Western Europe;"Institut Camille Jordan";"2017-2025";"Applied Mathematics (Q3); Mathematical Physics (Q3); Mathematics (miscellaneous) (Q3)";"Mathematics"
419;21100450083;"Eastern-European Journal of Enterprise Technologies";journal;"17293774, 17294061";"Technology Center";Yes;No;0,283;Q3;42;572;1656;14232;1893;1656;1,08;24,88;41,85;1;Ukraine;Eastern Europe;"Technology Center";"2013-2025";"Applied Mathematics (Q3); Computer Science Applications (Q3); Control and Systems Engineering (Q3); Electrical and Electronic Engineering (Q3); Energy Engineering and Power Technology (Q3); Food Science (Q3); Industrial and Manufacturing Engineering (Q3); Management of Technology and Innovation (Q3); Mechanical Engineering (Q3); Environmental Chemistry (Q4)";"Agricultural and Biological Sciences; Business, Management and Accounting; Computer Science; Energy; Engineering; Environmental Science; Mathematics"
420;19500157817;"Mathematical Communications";journal;"13310623";"Udruga Matematicara Osijek";Yes;Yes;0,283;Q3;26;20;60;406;45;60;0,48;20,30;31,71;0;Croatia;Eastern Europe;"Udruga Matematicara Osijek";"2008-2025";"Algebra and Number Theory (Q3); Analysis (Q3); Applied Mathematics (Q3); Geometry and Topology (Q3)";"Mathematics"
421;12456;"Acta Biotheoretica";journal;"00015342, 15728358";"Springer Science and Business Media B.V.";No;No;0,279;Q3;42;26;76;1461;85;74;1,21;56,19;20,63;0;Netherlands;Western Europe;"Springer Science and Business Media B.V.";"1935-1943, 1946-1949, 1951-1953, 1955-1965, 1967-1988, 1990-2026";"Agricultural and Biological Sciences (miscellaneous) (Q2); Philosophy (Q2); Applied Mathematics (Q3); Biochemistry, Genetics and Molecular Biology (miscellaneous) (Q3); Environmental Science (miscellaneous) (Q3); Medicine (miscellaneous) (Q3)";"Agricultural and Biological Sciences; Arts and Humanities; Biochemistry, Genetics and Molecular Biology; Environmental Science; Mathematics; Medicine"
422;5800184384;"SOCAR Proceedings";journal;"22186867, 22188622";"Oil Gas Scientific Research Project Institute";No;No;0,279;Q3;33;172;249;4619;536;249;2,42;26,85;33,15;0;Azerbaijan;Eastern Europe;"Oil Gas Scientific Research Project Institute";"2010-2025";"Applied Mathematics (Q3); Chemical Engineering (miscellaneous) (Q3); Chemistry (miscellaneous) (Q3); Energy Engineering and Power Technology (Q3); Energy (miscellaneous) (Q3); Fuel Technology (Q3); Geology (Q3); Geophysics (Q3); Geotechnical Engineering and Engineering Geology (Q3)";"Chemical Engineering; Chemistry; Earth and Planetary Sciences; Energy; Mathematics"
423;25348;"Chinese Annals of Mathematics. Series B";journal;"18606261, 02529599";"Springer Verlag";No;No;0,275;Q3;43;68;169;1587;104;169;0,46;23,34;42,28;0;Germany;Western Europe;"Springer Verlag";"1980, 1996-2026";"Applied Mathematics (Q3); Mathematics (miscellaneous) (Q3)";"Mathematics"
424;24578;"Mathematical Medicine and Biology";journal;"14778599, 14778602";"Oxford University Press";No;No;0,273;Q3;52;16;68;660;75;68;1,02;41,25;36,73;1;United Kingdom;Western Europe;"Oxford University Press";"1984-1999, 2001-2025";"Applied Mathematics (Q3); Biochemistry, Genetics and Molecular Biology (miscellaneous) (Q3); Environmental Science (miscellaneous) (Q3); Immunology and Microbiology (miscellaneous)  (Q3); Medicine (miscellaneous) (Q3); Modeling and Simulation (Q3); Pharmacology (Q3); Neuroscience (miscellaneous) (Q4)";"Biochemistry, Genetics and Molecular Biology; Environmental Science; Immunology and Microbiology; Mathematics; Medicine; Neuroscience; Pharmacology, Toxicology and Pharmaceutics"
425;21100206263;"New Mathematics and Natural Computation";journal;"17937027, 17930057";"World Scientific";No;No;0,273;Q3;21;44;110;1311;118;110;1,09;29,80;32,81;0;Singapore;Asiatic Region;"World Scientific";"2012-2026";"Applied Mathematics (Q3); Computational Mathematics (Q3); Computational Theory and Mathematics (Q3); Computer Science Applications (Q3); Human-Computer Interaction (Q4)";"Computer Science; Mathematics"
426;12756;"Nonlinear Dynamics, Psychology, and Life Sciences";journal;"15736652, 10900578";"Society for Chaos Theory in Pyschology and Life Sciences";No;No;0,271;Q3;37;25;72;1260;58;72;0,77;50,40;46,15;0;United States;Northern America;"Society for Chaos Theory in Pyschology and Life Sciences";"2003-2026";"Applied Mathematics (Q3)";"Mathematics"
427;21100466426;"Communications in Mathematics and Statistics";journal;"21946701, 2194671X";"Springer Verlag";No;No;0,269;Q3;21;34;72;959;59;72;0,77;28,21;28,95;0;Germany;Western Europe;"Springer Verlag";"2013-2026";"Applied Mathematics (Q3); Computational Mathematics (Q3); Statistics and Probability (Q3)";"Mathematics"
428;11600153442;"Journal of Mathematics and Music";journal;"17459737, 17459745";"Taylor and Francis Ltd.";No;No;0,269;Q3;19;23;47;558;59;43;1,69;24,26;9,68;0;United Kingdom;Western Europe;"Taylor and Francis Ltd.";"2007-2026";"Music (Q1); Applied Mathematics (Q3); Computational Mathematics (Q3); Modeling and Simulation (Q3)";"Arts and Humanities; Mathematics"
429;21101041404;"Journal of Analysis";journal;"09713611, 23672501";"Springer Science and Business Media B.V.";No;No;0,267;Q3;17;188;252;4506;198;249;0,78;23,97;22,74;0;Germany;Western Europe;"Springer Science and Business Media B.V.";"2016-2026";"Analysis (Q3); Applied Mathematics (Q3); Geometry and Topology (Q3); Algebra and Number Theory (Q4)";"Mathematics"
430;25894;"Discrete Mathematics and Applications";journal;"15693929, 09249265";"Walter de Gruyter GmbH";No;No;0,265;Q3;16;34;128;430;49;126;0,31;12,65;20,45;0;Germany;Western Europe;"Walter de Gruyter GmbH";"1991-2025";"Applied Mathematics (Q3); Discrete Mathematics and Combinatorics (Q3)";"Mathematics"
431;21100933704;"Sahand Communications in Mathematical Analysis";journal;"24233900, 23225807";"University of Maragheh";Yes;Yes;0,265;Q3;10;39;138;996;84;138;0,66;25,54;31,17;0;Iran;Middle East;"University of Maragheh";"2019-2025";"Applied Mathematics (Q3); Analysis (Q4); Numerical Analysis (Q4)";"Mathematics"
432;19900192029;"Advances in Mathematical Physics";journal;"16879120, 16879139";"John Wiley and Sons Ltd";Yes;No;0,263;Q3;36;160;430;5134;492;430;1,10;32,09;27,36;0;United Kingdom;Western Europe;"John Wiley and Sons Ltd";"2009-2026";"Applied Mathematics (Q3); Physics and Astronomy (miscellaneous) (Q3)";"Mathematics; Physics and Astronomy"
433;21100199308;"Journal of Applied Analysis";journal;"18696082, 14256908";"Walter de Gruyter GmbH";No;No;0,263;Q3;19;28;74;620;59;74;0,70;22,14;31,03;0;Germany;Western Europe;"Walter de Gruyter GmbH";"1995-2026";"Applied Mathematics (Q3); Computational Theory and Mathematics (Q3); Statistics, Probability and Uncertainty (Q3); Mathematical Physics (Q4)";"Computer Science; Decision Sciences; Mathematics"
434;19700173020;"Journal of Contemporary Mathematical Analysis";journal;"10683623, 19349416";"Pleiades Publishing";No;No;0,263;Q3;13;39;117;689;56;117;0,31;17,67;26,09;0;United States;Northern America;"Pleiades Publishing";"2009-2025";"Applied Mathematics (Q3); Analysis (Q4); Control and Optimization (Q4)";"Mathematics"
435;21101048277;"International Electronic Journal of Geometry";journal;"13075624";"DergiPark";No;No;0,261;Q3;10;35;92;664;53;92;0,66;18,97;35,62;0;Turkey;Middle East;"DergiPark";"2019-2025";"Applied Mathematics (Q3); Geometry and Topology (Q4); Mathematical Physics (Q4)";"Mathematics"
436;21101085534;"Advances in Mathematical Sciences and Applications";journal;"13434373";"Gakko Tosho Co. Ltd.";No;No;0,260;Q3;7;22;74;536;22;74;0,22;24,36;16,22;0;Japan;Asiatic Region;"Gakko Tosho Co. Ltd.";"2019-2025";"Applied Mathematics (Q3); Analysis (Q4); Modeling and Simulation (Q4); Numerical Analysis (Q4)";"Mathematics"
437;21100429007;"Journal of Computational and Theoretical Transport";journal;"23324309, 23324325";"Taylor and Francis Ltd.";No;No;0,260;Q3;32;18;58;446;45;58;0,80;24,78;14,81;0;United Kingdom;Western Europe;"Taylor and Francis Ltd.";"2013-2026";"Applied Mathematics (Q3); Physics and Astronomy (miscellaneous) (Q3); Transportation (Q3); Mathematical Physics (Q4); Statistical and Nonlinear Physics (Q4)";"Mathematics; Physics and Astronomy; Social Sciences"
438;28454;"COMPEL - The International Journal for Computation and Mathematics in Electrical and Electronic Engineering";journal;"03321649";"Emerald Group Publishing Ltd.";No;No;0,259;Q3;39;129;320;3127;310;313;0,77;24,24;14,20;0;United Kingdom;Western Europe;"Emerald Group Publishing Ltd.";"1982-2026";"Applied Mathematics (Q3); Computer Science Applications (Q3); Electrical and Electronic Engineering (Q3); Computational Theory and Mathematics (Q4)";"Computer Science; Engineering; Mathematics"
439;4500151507;"Lixue Xuebao/Chinese Journal of Theoretical and Applied Mechanics";journal;"04591879";"Chinese Society of Theoretical and Applied Mechanics";No;No;0,259;Q3;39;287;622;12150;924;622;1,39;42,33;29,36;0;China;Asiatic Region;"Chinese Society of Theoretical and Applied Mechanics";"2006-2025";"Applied Mathematics (Q3); Computational Mechanics (Q3); Mechanical Engineering (Q3); Mechanics of Materials (Q3)";"Engineering; Mathematics"
440;21100926584;"Russian Journal of Nonlinear Dynamics";journal;"26585324, 26585316";"Institute of Computer Science Izhevsk";Yes;No;0,259;Q3;12;55;131;1681;78;131;0,58;30,56;22,81;0;Russian Federation;Eastern Europe;"Institute of Computer Science Izhevsk";"2018-2025";"Applied Mathematics (Q3); Control and Systems Engineering (Q3); Mechanical Engineering (Q3); Mathematical Physics (Q4); Modeling and Simulation (Q4); Statistical and Nonlinear Physics (Q4)";"Engineering; Mathematics; Physics and Astronomy"
441;5800207506;"International Journal of Modelling, Identification and Control";journal;"17466172, 17466180";"Inderscience Enterprises Ltd";No;No;0,258;Q3;36;66;313;2052;279;308;0,79;31,09;21,47;0;United Kingdom;Western Europe;"Inderscience Enterprises Ltd";"2006-2025";"Applied Mathematics (Q3); Computer Science Applications (Q3); Modeling and Simulation (Q4)";"Computer Science; Mathematics"
442;21100199332;"Monte Carlo Methods and Applications";journal;"09299629, 15693961";"Walter de Gruyter GmbH";No;No;0,258;Q3;29;27;70;650;45;70;0,59;24,07;27,66;0;Germany;Western Europe;"Walter de Gruyter GmbH";"1995-2026";"Applied Mathematics (Q3); Statistics and Probability (Q4)";"Mathematics"
443;22798;"Qinghua Daxue Xuebao/Journal of Tsinghua University";journal;"10000054";"Tsinghua University";No;No;0,257;Q4;43;225;430;5774;574;430;1,45;25,66;33,37;0;China;Asiatic Region;"Tsinghua University";"1993-2026";"Engineering (miscellaneous) (Q3); Applied Mathematics (Q4); Computer Science Applications (Q4)";"Computer Science; Engineering; Mathematics"
444;145267;"Rendiconti del Seminario Matematico";journal;"2704999X, 03731243";"Rendiconti del Seminario Matematico";Yes;No;0,255;Q4;22;1;32;81;14;30;0,39;81,00;100,00;0;Italy;Western Europe;"Rendiconti del Seminario Matematico";"1999-2024";"Mathematics (miscellaneous) (Q3); Applied Mathematics (Q4)";"Mathematics"
445;23178;"Indian Journal of Pure and Applied Mathematics";journal;"00195588, 09757465";"Indian National Science Academy";Yes;No;0,254;Q4;44;100;316;1736;196;309;0,64;17,36;32,72;0;India;Asiatic Region;"Indian National Science Academy";"1996-2026";"Mathematics (miscellaneous) (Q3); Applied Mathematics (Q4)";"Mathematics"
446;21100970264;"Journal of Algebra and Related Topics";journal;"23829877, 23453931";"University of Guilan";Yes;Yes;0,252;Q4;5;24;48;334;16;48;0,39;13,92;41,46;0;Iran;Middle East;"University of Guilan";"2019-2025";"Algebra and Number Theory (Q4); Applied Mathematics (Q4); Discrete Mathematics and Combinatorics (Q4)";"Mathematics"
447;21100826286;"Fuzzy Information and Engineering";journal;"16168658, 16168666";"Tsinghua University Press";Yes;Yes;0,251;Q4;29;27;92;928;118;92;1,16;34,37;32,14;0;United Kingdom;Western Europe;"Tsinghua University Press";"2011, 2014-2025";"Control and Systems Engineering (Q3); Industrial and Manufacturing Engineering (Q3); Information Systems (Q3); Logic (Q3); Applied Mathematics (Q4); Artificial Intelligence (Q4); Management Science and Operations Research (Q4); Theoretical Computer Science (Q4)";"Computer Science; Decision Sciences; Engineering; Mathematics"
448;21100858348;"Croatian Operational Research Review";journal;"18480225, 18489931";"Croatian Operational Research Society";Yes;Yes;0,250;Q4;12;17;66;475;73;66;0,87;27,94;36,84;0;Croatia;Eastern Europe;"Croatian Operational Research Society";"2017-2026";"Economics and Econometrics (Q3); Applied Mathematics (Q4); Management Science and Operations Research (Q4); Statistics and Probability (Q4); Statistics, Probability and Uncertainty (Q4)";"Decision Sciences; Economics, Econometrics and Finance; Mathematics"
449;21100899863;"Journal of Mathematical Modeling";journal;"2345394X, 23829869";"University of Guilan";Yes;No;0,250;Q4;12;47;99;1257;93;99;0,96;26,74;30,39;0;Iran;Middle East;"University of Guilan";"2018-2026";"Applied Mathematics (Q4); Computational Mathematics (Q4); Modeling and Simulation (Q4)";"Mathematics"
450;25182;"Applied Mathematics E - Notes";journal;"16072510";"Tsing Hua University";Yes;No;0,248;Q4;24;70;185;1437;128;185;0,59;20,53;30,71;0;Taiwan;Asiatic Region;"Tsing Hua University";"2001-2026";"Applied Mathematics (Q4)";"Mathematics"
451;21101028068;"Journal of Optimization, Differential Equations and their Applications";journal;"26636824, 26170108";"Oles Honchar Dnipro National University";Yes;Yes;0,247;Q4;7;12;25;322;30;25;1,38;26,83;22,73;0;Ukraine;Eastern Europe;"Oles Honchar Dnipro National University";"2018-2025";"Applied Mathematics (Q4); Control and Optimization (Q4); Mathematical Physics (Q4); Modeling and Simulation (Q4)";"Mathematics"
452;21100981084;"European Journal of Pure and Applied Mathematics (discontinued)";journal;"13075543";"New York Business Global";Yes;No;0,246;Q4;23;154;324;2771;216;323;0,72;17,99;37,78;0;United States;Northern America;"New York Business Global";"2019-2025";"Algebra and Number Theory (Q4); Applied Mathematics (Q4); Geometry and Topology (Q4); Numerical Analysis (Q4); Statistics and Probability (Q4); Theoretical Computer Science (Q4)";"Mathematics"
453;21100810885;"Problemy Analiza";journal;"23063432, 23063424";"Petrozavodsk State University";Yes;Yes;0,246;Q4;10;27;84;469;45;84;0,59;17,37;21,28;0;Russian Federation;Eastern Europe;"Petrozavodsk State University";"2016-2025";"Analysis (Q4); Applied Mathematics (Q4)";"Mathematics"
454;24087;"Abstract and Applied Analysis";journal;"10853375, 16870409";"John Wiley and Sons Ltd";Yes;No;0,245;Q4;75;39;130;854;112;130;0,82;21,90;21,79;1;United Kingdom;Western Europe;"John Wiley and Sons Ltd";"1996, 2002-2026";"Analysis (Q4); Applied Mathematics (Q4)";"Mathematics"
455;5600157614;"Applied Mathematics";journal;"19930445, 10051031";"Springer Verlag";No;No;0,245;Q4;25;41;109;1131;94;109;0,87;27,59;30,51;0;Germany;Western Europe;"Springer Verlag";"1993-2025";"Applied Mathematics (Q4)";"Mathematics"
456;21100985663;"International Journal of Computer Network and Information Security";journal;"20749104, 20749090";"Modern Education and Computer Science Press";Yes;No;0,245;Q4;22;39;131;1386;305;131;2,38;35,54;30,59;0;China;Asiatic Region;"Modern Education and Computer Science Press";"2019-2026";"Computer Networks and Communications (Q3); Information Systems (Q3); Safety Research (Q3); Applied Mathematics (Q4); Computer Science Applications (Q4); Software (Q4)";"Computer Science; Mathematics; Social Sciences"
457;21101056014;"Topological Algebra and its Applications";journal;"22993231";"Walter de Gruyter GmbH";Yes;Yes;0,243;Q4;10;21;24;554;23;24;1,17;26,38;14,71;0;Poland;Eastern Europe;"Walter de Gruyter GmbH";"2013-2023";"Algebra and Number Theory (Q4); Applied Mathematics (Q4); Geometry and Topology (Q4)";"Mathematics"
458;25145;"Applications of Mathematics";journal;"15729109, 08627940";"Springer Science and Business Media Deutschland GmbH";No;No;0,242;Q4;34;48;121;1215;100;114;0,61;25,31;21,74;0;Germany;Western Europe;"Springer Science and Business Media Deutschland GmbH";"1997-2026";"Applied Mathematics (Q4)";"Mathematics"
459;21100864538;"Izvestiya Vysshikh Uchebnykh Zavedeniy. Prikladnaya Nelineynaya Dinamika";journal;"08696632, 25421905";"Saratov State University";Yes;Yes;0,242;Q4;13;50;132;1292;79;123;0,67;25,84;21,90;0;Russian Federation;Eastern Europe;"Saratov State University";"2005-2026";"Physics and Astronomy (miscellaneous) (Q3); Applied Mathematics (Q4); Statistical and Nonlinear Physics (Q4)";"Mathematics; Physics and Astronomy"
460;21100809811;"Eurasian Journal of Mathematical and Computer Applications";journal;"23066172, 23089822";"L.N. Gumilyov Eurasian National University";Yes;No;0,241;Q4;14;24;73;702;71;73;0,86;29,25;36,84;0;Kazakhstan;Asiatic Region;"L.N. Gumilyov Eurasian National University";"2013-2025";"Information Systems (Q3); Applied Mathematics (Q4); Computational Mathematics (Q4); Computer Science Applications (Q4); Mathematical Physics (Q4); Modeling and Simulation (Q4)";"Computer Science; Mathematics"
461;26511;"Functional Analysis and its Applications";journal;"15738485, 00162663";"Springer";No;No;0,241;Q4;32;35;111;512;42;111;0,44;14,63;33,33;0;United States;Northern America;"Springer";"1967-2025";"Analysis (Q4); Applied Mathematics (Q4)";"Mathematics"
462;21101024139;"Journal of Geodetic Science";journal;"20819943";"Walter de Gruyter GmbH";Yes;No;0,239;Q4;24;17;45;661;53;44;1,41;38,88;29,17;1;Poland;Eastern Europe;"Walter de Gruyter GmbH";"2011-2026";"Astronomy and Astrophysics (Q3); Computers in Earth Sciences (Q3); Earth and Planetary Sciences (miscellaneous) (Q3); Geophysics (Q3); Applied Mathematics (Q4)";"Earth and Planetary Sciences; Mathematics; Physics and Astronomy"
463;21101027245;"Journal of Statistical Theory and Applications";journal;"15387887, 22141766";"Springer Science and Business Media B.V.";Yes;No;0,239;Q4;14;13;117;435;100;117;0,86;33,46;27,27;0;France;Western Europe;"Springer Science and Business Media B.V.";"2019-2026";"Applied Mathematics (Q4); Computer Science Applications (Q4); Statistics and Probability (Q4)";"Computer Science; Mathematics"
464;21100241760;"Markov Processes and Related Fields";journal;"10242953";"Polymat";No;No;0,239;Q4;12;27;70;736;22;65;0,30;27,26;20,00;0;Russian Federation;Eastern Europe;"Polymat";"2012-2025";"Applied Mathematics (Q4); Statistics and Probability (Q4)";"Mathematics"
465;21100855990;"Journal of Dynamics and Games";journal;"21646074";"American Institute of Mathematical Sciences";No;No;0,238;Q4;15;29;71;964;64;70;0,96;33,24;10,77;0;United States;Northern America;"American Institute of Mathematical Sciences";"2014-2026";"Applied Mathematics (Q4); Modeling and Simulation (Q4); Statistics and Probability (Q4)";"Mathematics"
466;21100855508;"Dependence Modeling";journal;"23002298";"Walter de Gruyter GmbH";Yes;No;0,236;Q4;17;20;63;689;40;60;0,55;34,45;20,83;0;Poland;Eastern Europe;"Walter de Gruyter GmbH";"2013-2026";"Applied Mathematics (Q4); Modeling and Simulation (Q4); Statistics and Probability (Q4)";"Mathematics"
467;7900153143;"International Journal of Simulation and Process Modelling";journal;"17402123, 17402131";"Inderscience Enterprises Ltd";No;No;0,236;Q4;25;43;151;1468;150;148;0,92;34,14;25,44;0;United Kingdom;Western Europe;"Inderscience Enterprises Ltd";"2005-2025";"Applied Mathematics (Q4); Computer Science Applications (Q4); Modeling and Simulation (Q4)";"Computer Science; Mathematics"
468;21100902867;"Differencialnie Uravnenia i Protsesy Upravlenia";journal;"18172172";"Saint Petersburg State University";No;No;0,232;Q4;8;23;88;549;40;88;0,44;23,87;29,63;0;Russian Federation;Eastern Europe;"Saint Petersburg State University";"2019-2025";"Analysis (Q4); Applied Mathematics (Q4); Computer Science Applications (Q4); Control and Optimization (Q4); Information Systems (Q4); Software (Q4)";"Computer Science; Mathematics"
469;16800154715;"IAENG International Journal of Applied Mathematics";journal;"19929978, 19929986";"International Association of Engineers";Yes;No;0,232;Q4;26;134;311;3455;352;311;1,16;25,78;38,99;0;Hong Kong;Asiatic Region;"International Association of Engineers";"2009-2025";"Applied Mathematics (Q4)";"Mathematics"
470;21100863633;"Mathematical Modelling of Engineering Problems";journal;"23690739, 23690747";"International Information and Engineering Technology Association";No;No;0,232;Q4;24;210;284;6482;346;284;1,18;30,87;28,77;0;Canada;Northern America;"International Information and Engineering Technology Association";"2018-2025";"Engineering (miscellaneous) (Q3); Applied Mathematics (Q4); Modeling and Simulation (Q4)";"Engineering; Mathematics"
471;7100153149;"Model Assisted Statistics and Applications";journal;"15741699";"SAGE Publications Ltd";No;No;0,232;Q4;17;32;89;669;42;80;0,54;20,91;43,55;0;United Kingdom;Western Europe;"SAGE Publications Ltd";"2005, 2007-2026";"Applied Mathematics (Q4); Modeling and Simulation (Q4); Statistics and Probability (Q4)";"Mathematics"
472;30232;"Economic Computation and Economic Cybernetics Studies and Research";journal;"0424267X, 18423264";"Editura Academia de studii economice";No;No;0,231;Q4;25;79;225;1868;213;225;0,97;23,65;48,21;0;Romania;Eastern Europe;"Editura Academia de studii economice";"1968-1969, 1971-1973, 1975-1989, 2008-2025";"Economics and Econometrics (Q3); Applied Mathematics (Q4); Computer Science Applications (Q4)";"Computer Science; Economics, Econometrics and Finance; Mathematics"
473;6400153123;"Logica Universalis";journal;"16618300, 16618297";"Springer International Publishing";No;No;0,231;Q4;23;30;79;853;65;79;0,98;28,43;15,91;0;Switzerland;Western Europe;"Springer International Publishing";"2007-2025";"Logic (Q3); Applied Mathematics (Q4)";"Mathematics"
474;21100197928;"Applied Mathematics and Information Sciences";journal;"19350090, 23250399";"Natural Sciences Publishing";Yes;No;0,230;Q4;51;92;375;2437;316;375;1,07;26,49;25,86;0;United States;Northern America;"Natural Sciences Publishing";"2007-2026";"Analysis (Q4); Applied Mathematics (Q4); Computational Theory and Mathematics (Q4); Computer Science Applications (Q4); Numerical Analysis (Q4)";"Computer Science; Mathematics"
475;21100793172;"Informatika i ee Primeneniya";journal;"19922264, 23109912";"Federal Research Center "Computer Science and Control" of Russian Academy of Sciences";No;No;0,229;Q4;11;56;194;773;80;194;0,49;13,80;31,25;0;Russian Federation;Eastern Europe;"Federal Research Center "Computer Science and Control" of Russian Academy of Sciences";"2015-2025";"Applied Mathematics (Q4); Computational Theory and Mathematics (Q4); Computer Networks and Communications (Q4); Information Systems (Q4); Software (Q4)";"Computer Science; Mathematics"
476;144884;"WSEAS Transactions on Mathematics";journal;"11092769, 22242880";"World Scientific and Engineering Academy and Society";No;No;0,228;Q4;26;109;212;2433;148;212;0,78;22,32;37,85;0;Greece;Western Europe;"World Scientific and Engineering Academy and Society";"2005-2014, 2017-2026";"Algebra and Number Theory (Q4); Applied Mathematics (Q4); Computational Mathematics (Q4); Control and Optimization (Q4); Discrete Mathematics and Combinatorics (Q4); Endocrinology, Diabetes and Metabolism (Q4); Management Science and Operations Research (Q4); Statistics and Probability (Q4)";"Decision Sciences; Mathematics; Medicine"
477;19900191622;"Communications in Mathematical Analysis";journal;"19389787";"Mathematical Research Publishers";No;No;0,226;Q4;11;0;14;0;7;14;0,00;0,00;0,00;0;United States;Northern America;"Mathematical Research Publishers";"2011-2020";"Analysis (Q4); Applied Mathematics (Q4); Computational Mathematics (Q4); Numerical Analysis (Q4)";"Mathematics"
478;29004;"Hangkong Dongli Xuebao/Journal of Aerospace Power";journal;"10008055";"BUAA Press";No;No;0,226;Q4;32;267;837;7101;563;837;0,62;26,60;28,65;1;China;Asiatic Region;"BUAA Press";"1990-1992, 2001-2026";"Aerospace Engineering (Q4); Applied Mathematics (Q4)";"Engineering; Mathematics"
479;19700202601;"International Review on Modelling and Simulations";journal;"19749821, 25331701";"Praise Worthy Prize S.r.l";No;No;0,226;Q4;27;47;141;1575;191;141;1,52;33,51;21,21;0;Italy;Western Europe;"Praise Worthy Prize S.r.l";"2010-2025";"Chemical Engineering (miscellaneous) (Q3); Electrical and Electronic Engineering (Q3); Mechanical Engineering (Q3); Applied Mathematics (Q4); Discrete Mathematics and Combinatorics (Q4); Logic (Q4); Modeling and Simulation (Q4)";"Chemical Engineering; Engineering; Mathematics"
480;21100201073;"Journal of Institute of Control, Robotics and Systems";journal;"19765622";"Institute of Control, Robotics and Systems";No;No;0,226;Q4;15;164;432;2863;295;425;0,83;17,46;18,70;0;South Korea;Asiatic Region;"Institute of Control, Robotics and Systems";"2008-2026";"Applied Mathematics (Q4); Control and Systems Engineering (Q4); Software (Q4)";"Computer Science; Engineering; Mathematics"
481;144829;"Acta Mathematicae Applicatae Sinica";journal;"01689673, 16183932";"Springer Verlag";No;No;0,225;Q4;36;70;202;1715;123;201;0,60;24,50;38,86;0;Germany;Western Europe;"Springer Verlag";"1984-1985, 1987-2026";"Applied Mathematics (Q4)";"Mathematics"
482;21101041550;"New Zealand Journal of Mathematics";journal;"11794984";"New Zealand Mathematical Society and Department of Mathematics, University of Auckland";Yes;Yes;0,225;Q4;6;7;56;98;25;56;0,44;14,00;0,00;0;New Zealand;Pacific Region;"New Zealand Mathematical Society and Department of Mathematics, University of Auckland";"2019-2025";"Algebra and Number Theory (Q4); Analysis (Q4); Applied Mathematics (Q4); Geometry and Topology (Q4)";"Mathematics"
483;21100845829;"Communications in Mathematical Biology and Neuroscience";journal;"20522541";"SCIK Publishing Corporation";No;No;0,223;Q4;19;125;221;3391;228;221;1,03;27,13;34,41;0;United Kingdom;Western Europe;"SCIK Publishing Corporation";"2017-2026";"Biochemistry, Genetics and Molecular Biology (miscellaneous) (Q3); Applied Mathematics (Q4); Neuroscience (miscellaneous) (Q4)";"Biochemistry, Genetics and Molecular Biology; Mathematics; Neuroscience"
484;19700182104;"International Journal of Agricultural and Statistical Sciences (discontinued)";journal;"09763392, 09731903";"DAV College";Yes;No;0,223;Q4;21;107;697;2515;427;697;0,60;23,50;34,50;0;India;Asiatic Region;"DAV College";"2009-2022";"Agricultural and Biological Sciences (miscellaneous) (Q3); Applied Mathematics (Q4); Statistics and Probability (Q4)";"Agricultural and Biological Sciences; Mathematics"
485;21100305006;"Memoirs on Differential Equations and Mathematical Physics";journal;"15120015";"Andrea Razmadze Mathematical Institute";No;No;0,222;Q4;19;33;36;633;21;36;0,56;19,18;25,86;0;Georgia;Eastern Europe;"Andrea Razmadze Mathematical Institute";"1996-2025";"Analysis (Q4); Applied Mathematics (Q4); Mathematical Physics (Q4)";"Mathematics"
486;12472;"Jixie Qiangdu/Journal of Mechanical Strength";journal;"10019669";"Chinese Mechanical Engineering Society";Yes;No;0,221;Q4;23;212;686;3787;328;686;0,50;17,86;30,97;0;China;Asiatic Region;"Chinese Mechanical Engineering Society";"2001-2025";"Mechanical Engineering (Q3); Applied Mathematics (Q4); Mechanics of Materials (Q4); Modeling and Simulation (Q4)";"Engineering; Mathematics"
487;21100793184;"Prikladnaya Diskretnaya Matematika";journal;"23112263, 20710410";"Tomsk State University";Yes;No;0,221;Q4;7;34;107;576;28;106;0,25;16,94;33,33;0;Russian Federation;Eastern Europe;"Tomsk State University";"2016-2025";"Applied Mathematics (Q4); Computational Theory and Mathematics (Q4); Discrete Mathematics and Combinatorics (Q4); Signal Processing (Q4); Theoretical Computer Science (Q4)";"Computer Science; Mathematics"
488;21100827423;"IIUM Engineering Journal";journal;"1511788X, 22897860";"International Islamic University Malaysia-IIUM";Yes;No;0,219;Q4;19;52;135;1315;160;134;1,09;25,29;35,79;0;Malaysia;Asiatic Region;"International Islamic University Malaysia-IIUM";"2016-2026";"Chemical Engineering (miscellaneous) (Q3); Computer Science (miscellaneous) (Q3); Engineering (miscellaneous) (Q3); Applied Mathematics (Q4)";"Chemical Engineering; Computer Science; Engineering; Mathematics"
489;21100855735;"Communications for Statistical Applications and Methods";journal;"22877843, 23834757";"Korean Statistical Society";Yes;No;0,218;Q4;15;49;141;1077;94;141;0,45;21,98;36,56;0;South Korea;Asiatic Region;"Korean Statistical Society";"2015, 2017-2025";"Finance (Q3); Applied Mathematics (Q4); Modeling and Simulation (Q4); Statistics and Probability (Q4); Statistics, Probability and Uncertainty (Q4)";"Decision Sciences; Economics, Econometrics and Finance; Mathematics"
490;21100238614;"Journal of Applied Probability and Statistics";journal;"19306792";"ISOSS PUBLICATIONS";No;No;0,218;Q4;11;21;59;577;49;56;0,94;27,48;48,72;0;Pakistan;Asiatic Region;"ISOSS PUBLICATIONS";"2012-2025";"Podiatry (Q3); Applied Mathematics (Q4); Statistics and Probability (Q4)";"Health Professions; Mathematics"
491;17700155303;"International Journal of Biometrics";journal;"1755831X, 17558301";"Inderscience Enterprises Ltd";No;No;0,217;Q4;20;31;80;780;81;79;0,81;25,16;32,20;0;United Kingdom;Western Europe;"Inderscience Enterprises Ltd";"2008-2026";"Electrical and Electronic Engineering (Q3); Applied Mathematics (Q4); Computer Science Applications (Q4); Computer Vision and Pattern Recognition (Q4)";"Computer Science; Engineering; Mathematics"
492;21100886421;"Letters in Biomathematics";journal;"23737867";"";Yes;No;0,217;Q4;17;8;47;329;37;43;0,55;41,13;15,38;0;United States;Northern America;"";"2014-2026";"Biochemistry, Genetics and Molecular Biology (miscellaneous) (Q3); Applied Mathematics (Q4); Statistics and Probability (Q4)";"Biochemistry, Genetics and Molecular Biology; Mathematics"
493;15425;"Measurement Techniques";journal;"05431972, 15738906";"Springer Science and Business Media Deutschland GmbH";No;No;0,215;Q4;27;137;458;2218;226;455;0,49;16,19;27,27;0;United States;Northern America;"Springer Science and Business Media Deutschland GmbH";"1958-2026";"Applied Mathematics (Q4); Instrumentation (Q4)";"Mathematics; Physics and Astronomy"
494;21101080460;"Operations Research Forum";journal;"26622556";"Springer International Publishing AG";No;No;0,214;Q4;18;66;103;3175;79;101;0,77;48,11;29,45;3;Switzerland;Western Europe;"Springer International Publishing AG";"2020-2026";"Economics, Econometrics and Finance (miscellaneous) (Q3); Applied Mathematics (Q4); Computer Science Applications (Q4); Control and Optimization (Q4)";"Computer Science; Economics, Econometrics and Finance; Mathematics"
495;21100944556;"Journal of the Acoustical Society of Korea";journal;"12254428, 22873775";"Acoustical Society of Korea";No;No;0,213;Q4;7;80;239;1523;91;238;0,43;19,04;30,34;0;South Korea;Asiatic Region;"Acoustical Society of Korea";"2019-2026";"Speech and Hearing (Q3); Acoustics and Ultrasonics (Q4); Applied Mathematics (Q4); Instrumentation (Q4); Signal Processing (Q4)";"Computer Science; Health Professions; Mathematics; Physics and Astronomy"
496;300147002;"Tamkang Journal of Mathematics";journal;"00492930";"Tamkang University";Yes;No;0,213;Q4;24;3;91;79;53;91;0,47;26,33;33,33;0;Taiwan;Asiatic Region;"Tamkang University";"1992, 1996, 2005-2025";"Metals and Alloys (Q3); Applied Mathematics (Q4); Materials Science (miscellaneous) (Q4); Mathematics (miscellaneous) (Q4)";"Materials Science; Mathematics"
497;21100902964;"Applied Mathematics and Mechanics";journal;"10000887";"Editorial Office of Applied Mathematics and Mechanics";No;No;0,212;Q4;14;121;374;2989;223;374;0,66;24,70;35,24;0;China;Asiatic Region;"Editorial Office of Applied Mathematics and Mechanics";"2016-2026";"Applied Mathematics (Q4); Mechanical Engineering (Q4)";"Engineering; Mathematics"
498;21100948959;"Communications in Statistics Case Studies Data Analysis and Applications";journal;"23737484";"Taylor and Francis Ltd.";Yes;No;0,211;Q4;12;41;101;1364;62;96;0,55;33,27;27,78;0;United Kingdom;Western Europe;"Taylor and Francis Ltd.";"2015-2026";"Analysis (Q4); Applied Mathematics (Q4); Statistics and Probability (Q4)";"Mathematics"
499;26076;"IEICE Transactions on Fundamentals of Electronics, Communications and Computer Sciences";journal;"17451337, 09168508";"Maruzen Co., Ltd/Maruzen Kabushikikaisha";No;No;0,211;Q4;58;204;718;4322;388;684;0,54;21,19;19,58;0;Japan;Asiatic Region;"Maruzen Co., Ltd/Maruzen Kabushikikaisha";"1993-2026";"Computer Graphics and Computer-Aided Design (Q3); Applied Mathematics (Q4); Electrical and Electronic Engineering (Q4); Signal Processing (Q4)";"Computer Science; Engineering; Mathematics"
500;19700172903;"Journal of Grey System";journal;"09573720, 23969040";"Research Information Ltd";No;No;0,211;Q4;22;0;10;0;13;10;0,00;0,00;0,00;0;United Kingdom;Western Europe;"Research Information Ltd";"2008-2019";"Applied Mathematics (Q4); Control and Optimization (Q4); Modeling and Simulation (Q4); Statistics, Probability and Uncertainty (Q4)";"Decision Sciences; Mathematics"
501;90906;"Jisuan Wuli/Chinese Journal of Computational Physics";journal;"1001246X";"Editorial Board of Chinese Journal of Computational";No;No;0,209;Q4;19;79;245;2064;165;245;0,61;26,13;37,66;0;China;Asiatic Region;"Editorial Board of Chinese Journal of Computational";"2004-2025";"Applied Mathematics (Q4); Modeling and Simulation (Q4); Physics and Astronomy (miscellaneous) (Q4)";"Mathematics; Physics and Astronomy"
502;21100466834;"Journal of Risk Model Validation";journal;"17539587, 17539579";"Incisive Media Ltd.";No;No;0,209;Q4;11;16;41;611;21;41;0,59;38,19;24,24;0;United Kingdom;Western Europe;"Incisive Media Ltd.";"2012-2026";"Applied Mathematics (Q4); Economics and Econometrics (Q4); Finance (Q4); Modeling and Simulation (Q4)";"Economics, Econometrics and Finance; Mathematics"
503;21100915634;"Biomath";journal;"13147218, 1314684X";"Bulgarian Academy of Sciences, Institute of Mathematics and Informatics";Yes;Yes;0,208;Q4;8;9;32;237;27;31;0,95;26,33;43,33;0;Bulgaria;Eastern Europe;"Bulgarian Academy of Sciences, Institute of Mathematics and Informatics";"2014, 2019-2025";"Agricultural and Biological Sciences (miscellaneous) (Q3); Biochemistry, Genetics and Molecular Biology (miscellaneous) (Q3); Applied Mathematics (Q4)";"Agricultural and Biological Sciences; Biochemistry, Genetics and Molecular Biology; Mathematics"
504;21101070992;"International Journal of Analysis and Applications";journal;"22918639";"Semnan University, Center of Excellence in Nonlinear Analysis and Applications";Yes;No;0,208;Q4;18;73;210;1517;223;210;0,86;20,78;28,13;0;Canada;Northern America;"Semnan University, Center of Excellence in Nonlinear Analysis and Applications";"2019-2026";"Analysis (Q4); Applied Mathematics (Q4); Business and International Management (Q4); Geometry and Topology (Q4)";"Business, Management and Accounting; Mathematics"
505;12007;"Statisztikai Szemle";journal;"00390690";"Hungarian Central Statistical Office";No;No;0,208;Q4;6;41;142;1573;56;141;0,40;38,37;32,81;0;Hungary;Eastern Europe;"Hungarian Central Statistical Office";"1946, 1948, 1977-1999, 2019-2025";"Demography (Q3); Social Sciences (miscellaneous) (Q3); Applied Mathematics (Q4); Economics and Econometrics (Q4); Statistics and Probability (Q4)";"Economics, Econometrics and Finance; Mathematics; Social Sciences"
506;21101044727;"Informatics and Automation";journal;"27133206, 27133192";"St. Petersburg Federal Research Center of the  Russian Academy of Sciences";Yes;Yes;0,207;Q4;15;46;143;2055;128;143;0,95;44,67;23,02;0;Russian Federation;Eastern Europe;"St. Petersburg Federal Research Center of the  Russian Academy of Sciences";"2020-2026";"Applied Mathematics (Q4); Artificial Intelligence (Q4); Computational Mathematics (Q4); Computational Theory and Mathematics (Q4); Computer Networks and Communications (Q4); Information Systems (Q4)";"Computer Science; Mathematics"
507;21100935773;"Journal of Cryptologic Research";journal;"20957025";"Chinese Association for Cryptologic Research";No;No;0,203;Q4;20;76;222;2664;205;212;0,85;35,05;35,20;0;China;Asiatic Region;"Chinese Association for Cryptologic Research";"2014-2025";"Applied Mathematics (Q4); Computational Mathematics (Q4); Computer Science Applications (Q4); Electrical and Electronic Engineering (Q4); Software (Q4)";"Computer Science; Engineering; Mathematics"
508;21100870373;"Turkish World Mathematical Society Journal of Applied and Engineering Mathematics";journal;"21461147, 25871013";"Isik University";Yes;No;0,203;Q4;16;139;352;2720;179;352;0,48;19,57;30,00;0;Turkey;Middle East;"Isik University";"2018-2026";"Applied Mathematics (Q4); Computational Mathematics (Q4); Control and Optimization (Q4); Discrete Mathematics and Combinatorics (Q4); Mathematical Physics (Q4); Numerical Analysis (Q4); Statistics and Probability (Q4)";"Mathematics"
509;21100843362;"Stochastics and Quality Control";journal;"23672390, 23672404";"Walter de Gruyter GmbH";No;No;0,201;Q4;17;15;28;436;18;27;0,70;29,07;12,00;0;Germany;Western Europe;"Walter de Gruyter GmbH";"2001-2013, 2017-2026";"Safety, Risk, Reliability and Quality (Q3); Applied Mathematics (Q4); Discrete Mathematics and Combinatorics (Q4); Statistics and Probability (Q4); Statistics, Probability and Uncertainty (Q4)";"Decision Sciences; Engineering; Mathematics"
510;21100201313;"Mathematical and Computational Forestry and Natural-Resource Sciences";journal;"19467664";"University of Georgia";Yes;No;0,200;Q4;15;5;23;237;14;23;0,63;47,40;12,50;0;United States;Northern America;"University of Georgia";"2009-2025";"Forestry (Q3); Applied Mathematics (Q4); Computer Science Applications (Q4); Environmental Engineering (Q4)";"Agricultural and Biological Sciences; Computer Science; Environmental Science; Mathematics"
511;12184;"Journal of Optical Technology (A Translation of Opticheskii Zhurnal)";journal;"10910786, 10709762";"Optica Publishing Group (formerly OSA)";No;No;0,198;Q4;30;117;395;2480;199;392;0,56;21,20;27,30;0;United States;Northern America;"Optica Publishing Group (formerly OSA)";"1995-2025";"Engineering (miscellaneous) (Q3); Applied Mathematics (Q4); Atomic and Molecular Physics, and Optics (Q4); Computational Mathematics (Q4)";"Engineering; Mathematics; Physics and Astronomy"
512;21100847882;"Revue Roumaine de Mathematiques Pures et Appliquees";journal;"00353965, 2343774X";"Publishing House of the Romanian Academy";No;No;0,198;Q4;8;9;101;155;32;93;0,25;17,22;0,00;0;Romania;Eastern Europe;"Publishing House of the Romanian Academy";"1974, 2018-2025";"Applied Mathematics (Q4); Mathematics (miscellaneous) (Q4)";"Mathematics"
513;21100444451;"Austrian Journal of Statistics";journal;"27914852, 1026597X";"Austrian Statistical Society";Yes;Yes;0,195;Q4;17;28;86;827;56;85;0,71;29,54;21,43;0;Austria;Western Europe;"Austrian Statistical Society";"2014-2026";"Applied Mathematics (Q4); Statistics and Probability (Q4); Statistics, Probability and Uncertainty (Q4)";"Decision Sciences; Mathematics"
514;21101042317;"Journal of Systems Science and Information";journal;"14789906, 25126660";"Science China Press";No;No;0,195;Q4;12;36;114;1395;83;112;0,67;38,75;41,12;0;China;Asiatic Region;"Science China Press";"2019-2026";"Economics, Econometrics and Finance (miscellaneous) (Q3); Applied Mathematics (Q4); Computer Networks and Communications (Q4); Control and Systems Engineering (Q4); Decision Sciences (miscellaneous) (Q4); Statistics and Probability (Q4)";"Computer Science; Decision Sciences; Economics, Econometrics and Finance; Engineering; Mathematics"
515;17600155382;"Glottometrics";journal;"26258226, 16178351";"International Quantitative Linguistics Association";No;No;0,194;Q4;8;7;51;271;17;49;0,13;38,71;15,79;0;Germany;Western Europe;"International Quantitative Linguistics Association";"2017-2025";"Linguistics and Language (Q2); Applied Mathematics (Q4)";"Mathematics; Social Sciences"
516;14100154713;"International Journal of Grid and Utility Computing";journal;"1741847X, 17418488";"Inderscience Enterprises Ltd";No;No;0,193;Q4;24;59;192;1841;171;186;0,85;31,20;32,06;0;United Kingdom;Western Europe;"Inderscience Enterprises Ltd";"2005, 2009, 2011-2026";"Applied Mathematics (Q4); Computer Science Applications (Q4); Management Information Systems (Q4)";"Business, Management and Accounting; Computer Science; Mathematics"
517;21100223159;"Investigacion Operacional";journal;"02574306, 22245405";"Universidad de La Habana";Yes;No;0,193;Q4;20;60;197;1321;120;194;0,64;22,02;29,05;0;Cuba;Latin America;"Universidad de La Habana";"2012-2026";"Applied Mathematics (Q4); Numerical Analysis (Q4); Statistics and Probability (Q4)";"Mathematics"
518;21101060903;"Symmetry: Culture and Science";journal;"08654824, 22261877";"Symmetrion";No;No;0,193;Q4;4;29;77;729;18;74;0,24;25,14;36,96;0;Hungary;Eastern Europe;"Symmetrion";"2019, 2021-2025";"Visual Arts and Performing Arts (Q1); Architecture (Q2); Arts and Humanities (miscellaneous) (Q2); Applied Mathematics (Q4); Engineering (miscellaneous) (Q4); Modeling and Simulation (Q4)";"Arts and Humanities; Engineering; Mathematics"
519;21100814021;"Theoretical and Applied Mechanics";journal;"14505584, 24060925";"Serbian Society of Mechanics";Yes;Yes;0,192;Q4;10;12;43;347;27;42;0,52;28,92;16,67;0;Serbia;Eastern Europe;"Serbian Society of Mechanics";"2016-2025";"Computational Mechanics (Q3); Applied Mathematics (Q4); Mechanical Engineering (Q4)";"Engineering; Mathematics"
520;25940;"Dynamics of Continuous, Discrete and Impulsive Systems Series A: Mathematical Analysis";journal;"12013390, 19182538";"Watam Press";No;No;0,189;Q4;31;29;74;711;33;74;0,42;24,52;21,54;0;Canada;Northern America;"Watam Press";"2003-2025";"Analysis (Q4); Applied Mathematics (Q4); Discrete Mathematics and Combinatorics (Q4)";"Mathematics"
521;28477;"International Journal of Computational Geometry and Applications";journal;"17936357, 02181959";"World Scientific";No;No;0,189;Q4;43;7;37;276;17;36;0,29;39,43;40,00;0;Singapore;Asiatic Region;"World Scientific";"1995-2025";"Applied Mathematics (Q4); Computational Mathematics (Q4); Computational Theory and Mathematics (Q4); Geometry and Topology (Q4); Theoretical Computer Science (Q4)";"Computer Science; Mathematics"
522;21100898620;"Poincare Journal of Analysis and Applications";journal;"23496789, 23496797";"Poincare Publisher";Yes;No;0,188;Q4;7;28;76;570;36;73;0,42;20,36;27,91;0;India;Asiatic Region;"Poincare Publisher";"2018-2026";"Analysis (Q4); Applied Mathematics (Q4)";"Mathematics"
523;25605;"Jisuan Lixue Xuebao/Chinese Journal of Computational Mechanics";journal;"10074708";"Editorial Office of Chinese Journal of Computational Mechanics";No;No;0,187;Q4;23;113;332;2360;172;332;0,49;20,88;25,07;0;China;Asiatic Region;"Editorial Office of Chinese Journal of Computational Mechanics";"2001-2025";"Applied Mathematics (Q4); Computational Mechanics (Q4); Modeling and Simulation (Q4)";"Engineering; Mathematics"
524;21101051699;"System Research and Information Technologies";journal;"16816048, 23088893";"National Technical University of Ukraine Igor Sikorsky Kyiv Polytechnic Institute";Yes;Yes;0,185;Q4;9;46;104;1024;21;104;0,27;22,26;28,87;0;Ukraine;Eastern Europe;"National Technical University of Ukraine Igor Sikorsky Kyiv Polytechnic Institute";"2019-2025";"Applied Mathematics (Q4); Artificial Intelligence (Q4); Computational Theory and Mathematics (Q4); Theoretical Computer Science (Q4)";"Computer Science; Mathematics"
525;21100212321;"Mathematical Biology and Bioinformatics";journal;"19946538";"Russian Academy of Sciences,Department of the Earth Sciences";No;No;0,182;Q4;12;25;73;1105;45;73;0,59;44,20;32,86;0;Russian Federation;Eastern Europe;"Russian Academy of Sciences,Department of the Earth Sciences";"2012-2026";"Applied Mathematics (Q4); Biomedical Engineering (Q4)";"Engineering; Mathematics"
526;21100923463;"Statistical Theory and Related Fields";journal;"24754277, 24754269";"Routledge";Yes;Yes;0,179;Q4;10;35;99;844;36;97;0,36;24,11;21,33;0;United States;Northern America;"Routledge";"2017-2026";"Analysis (Q4); Applied Mathematics (Q4); Computational Theory and Mathematics (Q4); Statistics and Probability (Q4); Statistics, Probability and Uncertainty (Q4)";"Computer Science; Decision Sciences; Mathematics"
527;21100889407;"Mathematics in Engineering, Science and Aerospace";journal;"20413173, 20413165";"Cambridge Scientific Publishers";No;No;0,178;Q4;15;81;219;2125;165;217;0,70;26,23;32,28;0;United States;Northern America;"Cambridge Scientific Publishers";"2018-2025";"Aerospace Engineering (Q4); Applied Mathematics (Q4); Modeling and Simulation (Q4)";"Engineering; Mathematics"
528;21100199342;"International Journal of Mathematical Modelling and Numerical Optimisation";journal;"20403607, 20403615";"Inderscience";No;No;0,177;Q4;17;21;62;703;47;62;0,63;33,48;26,83;0;Switzerland;Western Europe;"Inderscience";"2009-2026";"Applied Mathematics (Q4); Modeling and Simulation (Q4); Numerical Analysis (Q4)";"Mathematics"
529;18700156724;"International Journal of Computing Science and Mathematics";journal;"17525063, 17525055";"Inderscience Enterprises Ltd";No;No;0,175;Q4;24;59;165;1325;129;165;0,81;22,46;39,87;0;United Kingdom;Western Europe;"Inderscience Enterprises Ltd";"2007-2010, 2012-2025";"Applied Mathematics (Q4); Computational Mathematics (Q4); Computational Theory and Mathematics (Q4); Theoretical Computer Science (Q4)";"Computer Science; Mathematics"
530;21100204516;"International Journal of Data Analysis Techniques and Strategies";journal;"17558050, 17558069";"Inderscience";No;No;0,171;Q4;21;15;57;543;37;56;0,54;36,20;34,21;0;Switzerland;Western Europe;"Inderscience";"2008-2026";"Applied Mathematics (Q4); Information Systems (Q4); Information Systems and Management (Q4)";"Computer Science; Decision Sciences; Mathematics"
531;16040;"Dongbei Daxue Xuebao/Journal of Northeastern University";journal;"10053026";"Northeast University";No;No;0,169;Q4;24;233;859;4269;481;859;0,59;18,32;32,57;0;China;Asiatic Region;"Northeast University";"1998-2025";"Applied Mathematics (Q4); Computer Science Applications (Q4); Engineering (miscellaneous) (Q4)";"Computer Science; Engineering; Mathematics"
532;21101028600;"Statistica Applicata";journal;"11251964, 20385587";"ASA Associazione per la Statistica Applicata";No;No;0,168;Q4;5;15;46;616;14;44;0,18;41,07;65,22;0;Italy;Western Europe;"ASA Associazione per la Statistica Applicata";"2019-2024";"Applied Mathematics (Q4); Statistics and Probability (Q4); Statistics, Probability and Uncertainty (Q4)";"Decision Sciences; Mathematics"
533;21100945273;"Algebraic Structures and their Applications";journal;"24233447";"Yazd University";Yes;No;0,167;Q4;7;24;69;390;22;69;0,43;16,25;26,83;0;Iran;Middle East;"Yazd University";"2019-2025";"Algebra and Number Theory (Q4); Applied Mathematics (Q4)";"Mathematics"
534;21100948917;"Journal of Computational Technologies";journal;"2313691X, 15607534";"Institute of Computational Technologies SB RAS";No;No;0,167;Q4;6;50;121;1143;32;120;0,27;22,86;22,02;0;Russian Federation;Eastern Europe;"Institute of Computational Technologies SB RAS";"2019-2025";"Applied Mathematics (Q4); Computational Mathematics (Q4); Computational Theory and Mathematics (Q4); Computer Networks and Communications (Q4); Numerical Analysis (Q4); Software (Q4)";"Computer Science; Mathematics"
535;21100202514;"Nonlinear Studies";journal;"21534373, 13598678";"Cambridge Scientific Publishers";No;No;0,166;Q4;24;84;192;2335;97;190;0,49;27,80;24,10;0;United Kingdom;Western Europe;"Cambridge Scientific Publishers";"2010-2025";"Applied Mathematics (Q4); Modeling and Simulation (Q4)";"Mathematics"
536;21100967806;"Proceedings of the International Geometry Center";journal;"24098906, 20729812";"Odesa National University of Technology";Yes;Yes;0,165;Q4;6;17;65;356;30;65;0,66;20,94;43,48;0;Ukraine;Eastern Europe;"Odesa National University of Technology";"2019-2025";"Analysis (Q4); Applied Mathematics (Q4); Geometry and Topology (Q4)";"Mathematics"
537;21100925649;"Discussiones Mathematicae - General Algebra and Applications";journal;"20840373, 15099415";"Sciendo";Yes;Yes;0,163;Q4;7;25;78;396;41;78;0,43;15,84;33,33;0;Poland;Eastern Europe;"Sciendo";"2019-2025";"Algebra and Number Theory (Q4); Applied Mathematics (Q4)";"Mathematics"
538;21100871803;"Jordan Journal of Mathematics and Statistics";journal;"20757905, 22275487";"Yarmouk University";No;No;0,163;Q4;11;71;110;1451;47;110;0,43;20,44;19,33;0;Jordan;Middle East;"Yarmouk University";"2018-2025";"Applied Mathematics (Q4); Mathematics (miscellaneous) (Q4); Statistics and Probability (Q4)";"Mathematics"
539;21101044962;"Computational Continuum Mechanics";journal;"19996691";"Institute of Continuous Media Mechanics";No;No;0,162;Q4;8;38;116;1156;55;116;0,44;30,42;25,30;0;Russian Federation;Eastern Europe;"Institute of Continuous Media Mechanics";"2019-2025";"Applied Mathematics (Q4); Computational Mechanics (Q4); Condensed Matter Physics (Q4); Mechanical Engineering (Q4)";"Engineering; Mathematics; Physics and Astronomy"
540;21100903186;"International Journal of Computational Methods and Experimental Measurements";journal;"20460554, 20460546";"International Information and Engineering Technology Association";Yes;No;0,162;Q4;14;28;86;707;42;86;0,46;25,25;18,95;0;Canada;Northern America;"International Information and Engineering Technology Association";"2013-2025";"Applied Mathematics (Q4); Computational Mathematics (Q4); Computational Mechanics (Q4); Computer Science Applications (Q4); Modeling and Simulation (Q4)";"Computer Science; Engineering; Mathematics"
541;19700182135;"Journal of Analysis and Applications";journal;"09725954";"SAS International Publications";No;No;0,162;Q4;8;9;28;130;11;28;0,32;14,44;53,85;0;India;Asiatic Region;"SAS International Publications";"2009-2010, 2012-2025";"Analysis (Q4); Applied Mathematics (Q4)";"Mathematics"
542;12928;"Control and Cybernetics";journal;"03248569";"Sciendo";No;No;0,161;Q4;43;29;76;837;25;70;0,14;28,86;15,91;0;Poland;Eastern Europe;"Sciendo";"1996-2024";"Applied Mathematics (Q4); Control and Systems Engineering (Q4); Modeling and Simulation (Q4)";"Engineering; Mathematics"
543;21100928093;"Uchenye Zapiski Kazanskogo Universiteta. Seriya Fiziko-Matematicheskie Nauki";journal;"25002198, 25417746";"Kazan Federal University";Yes;Yes;0,160;Q4;9;16;99;465;28;99;0,26;29,06;46,88;0;Russian Federation;Eastern Europe;"Kazan Federal University";"2016-2025";"Applied Mathematics (Q4); Mathematics (miscellaneous) (Q4); Modeling and Simulation (Q4); Physics and Astronomy (miscellaneous) (Q4)";"Mathematics; Physics and Astronomy"
544;27928;"Utilitas Mathematica (discontinued)";journal;"03153681";"Utilitas Mathematica Publishing Inc.";No;No;0,160;Q4;34;9;164;159;50;164;0,21;17,67;29,41;0;Canada;Northern America;"Utilitas Mathematica Publishing Inc.";"1996-2014, 2016-2024";"Applied Mathematics (Q4); Statistics and Probability (Q4); Statistics, Probability and Uncertainty (Q4)";"Decision Sciences; Mathematics"
545;21101007458;"Advances in Dynamical Systems and Applications (discontinued)";journal;"0974021X, 09735321";"Research India Publications";No;No;0,159;Q4;3;0;14;0;6;14;0,00;0,00;0,00;0;India;Asiatic Region;"Research India Publications";"2019";"Analysis (Q4); Applied Mathematics (Q4); Computational Mechanics (Q4); Control and Optimization (Q4); Geometry and Topology (Q4); Modeling and Simulation (Q4)";"Engineering; Mathematics"
546;21101030457;"Mathematics for Applications";journal;"18053629, 18053610";"Brno University of Technology";No;No;0,158;Q4;4;13;38;268;16;38;0,40;20,62;15,38;1;Czech Republic;Eastern Europe;"Brno University of Technology";"2019-2025";"Applied Mathematics (Q4); Mathematics (miscellaneous) (Q4)";"Mathematics"
547;11100153313;"Communications on Applied Nonlinear Analysis (discontinued)";journal;"1074133X";"International Publications";No;No;0,157;Q4;17;8;65;193;16;65;0,22;24,13;11,76;0;United States;Northern America;"International Publications";"2008-2025";"Analysis (Q4); Applied Mathematics (Q4)";"Mathematics"
548;21101061454;"Fractional Differential Calculus";journal;"18479677";"Element D.O.O.";No;No;0,157;Q4;9;19;50;516;32;50;0,58;27,16;23,33;0;Croatia;Eastern Europe;"Element D.O.O.";"2019-2025";"Analysis (Q4); Applied Mathematics (Q4)";"Mathematics"
549;19900191977;"Fundamental and Applied Mathematics";journal;"15605159, 20766203";"Lomonosov Moscow State University";No;No;0,156;Q4;9;12;101;179;14;101;0,09;14,92;66,67;0;Russian Federation;Eastern Europe;"Lomonosov Moscow State University";"2009-2010, 2013-2016, 2018-2025";"Algebra and Number Theory (Q4); Analysis (Q4); Applied Mathematics (Q4); Geometry and Topology (Q4)";"Mathematics"
550;21101082063;"Industrial Laboratory. Materials Diagnostics";journal;"10286861, 25880187";"TEST-ZL Publishing, LLC";No;No;0,153;Q4;13;127;384;2908;140;379;0,34;22,90;34,14;0;Russian Federation;Eastern Europe;"TEST-ZL Publishing, LLC";"2001-2005, 2019-2026";"Analytical Chemistry (Q4); Applied Mathematics (Q4); Materials Science (miscellaneous) (Q4); Mechanics of Materials (Q4)";"Chemistry; Engineering; Materials Science; Mathematics"
551;21100312404;"Theory of Stochastic Processes";journal;"03213900";"Institute of Mathematics, Ukrainian National Academy of Sciences";No;No;0,153;Q4;8;5;26;93;5;26;0,00;18,60;50,00;0;Ukraine;Eastern Europe;"Institute of Mathematics, Ukrainian National Academy of Sciences";"2011-2012, 2014-2020, 2022-2025";"Applied Mathematics (Q4); Modeling and Simulation (Q4); Statistics and Probability (Q4)";"Mathematics"
552;19700175734;"Revista Internacional de Metodos Numericos para Calculo y Diseno en Ingenieria";journal;"02131315, 1886158X";"Scipedia S.L.";Yes;No;0,151;Q4;13;41;128;1276;49;126;0,34;31,12;21,99;0;Spain;Western Europe;"Scipedia S.L.";"1987, 2009-2026";"Applied Mathematics (Q4); Engineering (miscellaneous) (Q4)";"Engineering; Mathematics"
553;21101038526;"Journal of Applied Mathematics and Informatics";journal;"27341194, 22348417";"Korean Society for Computational and Applied Mathematics";No;No;0,149;Q4;12;88;157;1869;56;157;0,43;21,24;27,39;0;South Korea;Asiatic Region;"Korean Society for Computational and Applied Mathematics";"2019-2026";"Analysis (Q4); Applied Mathematics (Q4); Computational Mathematics (Q4); Computational Theory and Mathematics (Q4); Mathematics (miscellaneous) (Q4)";"Computer Science; Mathematics"
554;21100875938;"Geometry, Integrability and Quantization";journal;"23677147, 13143247";"Bulgarska Akademiya na Naukite";No;No;0,148;Q4;7;7;70;136;15;68;0,24;19,43;9,09;0;Bulgaria;Eastern Europe;"Bulgarska Akademiya na Naukite";"2018-2025";"Applied Mathematics (Q4); Geometry and Topology (Q4); Mathematical Physics (Q4)";"Mathematics"
555;19700188800;"Electronics and Communications in Japan";journal;"19429541, 19429533";"John Wiley and Sons Inc";No;No;0,147;Q4;31;39;186;619;89;186;0,33;15,87;17,73;0;United States;Northern America;"John Wiley and Sons Inc";"1975, 2008-2026";"Applied Mathematics (Q4); Computer Networks and Communications (Q4); Electrical and Electronic Engineering (Q4); Physics and Astronomy (miscellaneous) (Q4); Signal Processing (Q4)";"Computer Science; Engineering; Mathematics; Physics and Astronomy"
556;21101073952;"ISeCure";journal;"20083076, 20082045";"Iranian Society of Cryptology";No;Yes;0,147;Q4;8;29;83;903;68;80;0,40;31,14;32,79;0;Iran;Middle East;"Iranian Society of Cryptology";"2019-2025";"Applied Mathematics (Q4); Computational Mathematics (Q4); Computational Theory and Mathematics (Q4); Computer Science Applications (Q4); Information Systems (Q4); Software (Q4)";"Computer Science; Mathematics"
557;12400154718;"Shuidonglixue Yanjiu yu Jinzhan/Chinese Journal of Hydrodynamics Ser. A";journal;"10004874";"";No;No;0,147;Q4;20;68;287;1394;133;287;0,38;20,50;31,23;0;China;Asiatic Region;"";"2008-2025";"Applied Mathematics (Q4); Computational Mechanics (Q4); Fluid Flow and Transfer Processes (Q4)";"Chemical Engineering; Engineering; Mathematics"
558;21100262314;"Mathematical Reports";journal;"15823067, 22853898";"Publishing House of the Romanian Academy";No;No;0,146;Q4;15;51;94;985;19;93;0,11;19,31;25,25;0;Romania;Eastern Europe;"Publishing House of the Romanian Academy";"2012-2025";"Algebra and Number Theory (Q4); Analysis (Q4); Applied Mathematics (Q4); Geometry and Topology (Q4)";"Mathematics"
559;21101081704;"Advanced Studies: Euro-Tbilisi Mathematical Journal";journal;"26679930";"Tbilisi Centre for Mathematical Sciences";No;No;0,145;Q4;7;35;68;762;33;68;0,49;21,77;25,86;0;Georgia;Eastern Europe;"Tbilisi Centre for Mathematical Sciences";"2021-2025";"Algebra and Number Theory (Q4); Analysis (Q4); Applied Mathematics (Q4); Geometry and Topology (Q4)";"Mathematics"
560;11700154384;"Australian Journal of Mathematical Analysis and Applications";journal;"14495910";"Austral Internet Publishing";No;No;0,145;Q4;15;24;85;495;29;85;0,29;20,63;25,00;0;Australia;Pacific Region;"Austral Internet Publishing";"2008-2025";"Analysis (Q4); Applied Mathematics (Q4)";"Mathematics"
561;21101023183;"Revista Brasileira de Biometria";journal;"19830823";"";Yes;Yes;0,145;Q4;0;0;0;0;0;0;0,00;0,00;0,00;0;Brazil;Latin America;"";"2019-2022";"Agricultural and Biological Sciences (miscellaneous) (Q4); Applied Mathematics (Q4); Epidemiology (Q4); Public Health, Environmental and Occupational Health (Q4); Statistics and Probability (Q4)";"Agricultural and Biological Sciences; Mathematics; Medicine"
562;25942;"Dynamics of Continuous, Discrete and Impulsive Systems Series B: Applications and Algorithms";journal;"14928760";"Watam Press";No;No;0,144;Q4;30;21;71;543;19;71;0,25;25,86;26,32;0;Canada;Northern America;"Watam Press";"1997-2025";"Applied Mathematics (Q4); Discrete Mathematics and Combinatorics (Q4)";"Mathematics"
563;20702;"Dalian Ligong Daxue Xuebao/Journal of Dalian University of Technology";journal;"10008608";"Dalian University of Technology";No;No;0,143;Q4;21;79;250;1610;91;250;0,40;20,38;39,86;0;China;Asiatic Region;"Dalian University of Technology";"1994-2026";"Applied Mathematics (Q4); Engineering (miscellaneous) (Q4); Physics and Astronomy (miscellaneous) (Q4)";"Engineering; Mathematics; Physics and Astronomy"
564;26993;"International Journal of Power and Energy Systems";journal;"10783466";"Acta Press";No;No;0,141;Q4;19;16;56;352;28;56;0,30;22,00;23,81;0;Canada;Northern America;"Acta Press";"1996-2026";"Applied Mathematics (Q4); Electrical and Electronic Engineering (Q4); Energy Engineering and Power Technology (Q4)";"Energy; Engineering; Mathematics"
565;21100826432;"Bulletin of Computational Applied Mathematics";journal;"22448659";"Universidad Simon Bolivar";Yes;Yes;0,139;Q4;8;10;22;206;8;21;0,06;20,60;25,00;0;Venezuela;Latin America;"Universidad Simon Bolivar";"2017-2024";"Applied Mathematics (Q4); Computational Mathematics (Q4)";"Mathematics"
566;21100903780;"lnternational Journal of Differential Equations and Applications";journal;"13146084";"Academic Publications Ltd.";Yes;No;0,137;Q4;9;19;40;452;26;40;0,82;23,79;27,78;0;Bulgaria;Eastern Europe;"Academic Publications Ltd.";"2019-2025";"Analysis (Q4); Applied Mathematics (Q4)";"Mathematics"
567;21100981104;"Applicationes Mathematicae";journal;"17306280, 12337234";"Institute of Mathematics. Polish Academy of Sciences";No;No;0,134;Q4;3;7;36;140;3;36;0,11;20,00;10,00;0;Poland;Eastern Europe;"Institute of Mathematics. Polish Academy of Sciences";"1999, 2019-2025";"Applied Mathematics (Q4)";"Mathematics"
568;21100857118;"Rendiconti di Matematica e delle Sue Applicazioni";journal;"11207183, 25323350";"University of Rome La Sapienza";Yes;Yes;0,134;Q4;9;11;45;394;11;43;0,31;35,82;15,79;0;Italy;Western Europe;"University of Rome La Sapienza";"2016-2025";"Algebra and Number Theory (Q4); Analysis (Q4); Applied Mathematics (Q4); Computational Mathematics (Q4); Discrete Mathematics and Combinatorics (Q4); Fluid Flow and Transfer Processes (Q4); Geometry and Topology (Q4); Modeling and Simulation (Q4)";"Chemical Engineering; Mathematics"
569;21101050900;"South East Asian Journal of Mathematics and Mathematical Sciences";journal;"09727752, 25820850";"RAMANUJAN SOCIETY OF MATHEMATICS AND MATHEMATICAL SCIENCES";No;No;0,133;Q4;7;105;266;1816;44;266;0,18;17,30;37,50;0;India;Asiatic Region;"RAMANUJAN SOCIETY OF MATHEMATICS AND MATHEMATICAL SCIENCES";"2019-2025";"Algebra and Number Theory (Q4); Analysis (Q4); Applied Mathematics (Q4); Computational Mathematics (Q4); Discrete Mathematics and Combinatorics (Q4)";"Mathematics"
570;21101017020;"International Journal of Difference Equations (discontinued)";journal;"09741828, 09736069";"Research India Publications";No;No;0,132;Q4;4;0;22;0;7;22;0,22;0,00;0,00;0;India;Asiatic Region;"Research India Publications";"2019-2021";"Analysis (Q4); Applied Mathematics (Q4); Computational Mechanics (Q4); Modeling and Simulation (Q4)";"Engineering; Mathematics"
571;17900156704;"Journal of Numerical Analysis, Industrial and Applied Mathematics";journal;"17908159, 17908140";"Promacon";No;No;0,128;Q4;24;4;11;85;6;11;1,50;21,25;21,43;0;Greece;Western Europe;"Promacon";"2006-2013, 2015-2022, 2024";"Applied Mathematics (Q4); Computational Mathematics (Q4); Numerical Analysis (Q4)";"Mathematics"
572;21100837464;"Central European Journal of Economic Modelling and Econometrics";journal;"2080119X, 20800886";"Polish Academy of Sciencies-Lodz Branch";Yes;Yes;0,125;Q4;8;15;43;601;17;43;0,26;40,07;28,57;0;Poland;Eastern Europe;"Polish Academy of Sciencies-Lodz Branch";"2017-2025";"Applied Mathematics (Q4); Economics and Econometrics (Q4); Statistics and Probability (Q4)";"Economics, Econometrics and Finance; Mathematics"
573;21100930074;"Computer Science Research Notes";journal;"24644625, 24644617";"University of West Bohemia";No;No;0,121;-;7;41;99;919;18;95;0,23;22,41;15,18;0;Czech Republic;Eastern Europe;"University of West Bohemia";"2017-2025";"Psychiatry and Mental Health (Q4)";"Medicine"
574;21101066985;"Revista Politecnica";journal;"13900129, 24778990";"Escuela Politecnica Nacional";Yes;Yes;0,120;Q4;7;31;74;758;19;74;0,23;24,45;24,69;0;Ecuador;Latin America;"Escuela Politecnica Nacional";"2019-2025";"Applied Mathematics (Q4); Chemistry (miscellaneous) (Q4); Engineering (miscellaneous) (Q4); Environmental Engineering (Q4); Geochemistry and Petrology (Q4); Geotechnical Engineering and Engineering Geology (Q4); Physics and Astronomy (miscellaneous) (Q4)";"Chemistry; Earth and Planetary Sciences; Engineering; Environmental Science; Mathematics; Physics and Astronomy"
575;12700154701;"Journal for Geometry and Graphics";journal;"14338157";"Heldermann Verlag";No;No;0,117;Q4;21;24;46;328;12;46;0,33;13,67;31,82;0;Germany;Western Europe;"Heldermann Verlag";"1997-2025";"Applied Mathematics (Q4); Applied Psychology (Q4); Geometry and Topology (Q4)";"Mathematics; Psychology"
576;21100199333;"Groups, Complexity, Cryptology";journal;"18696104, 18671144";"Episciences";Yes;Yes;0,114;Q4;16;5;24;119;10;24;0,62;23,80;18,18;0;United States;Northern America;"Episciences";"2009-2025";"Applied Mathematics (Q4); Computational Mathematics (Q4); Computational Theory and Mathematics (Q4); Computer Networks and Communications (Q4)";"Computer Science; Mathematics"
577;4700152427;"Electronic Notes in Discrete Mathematics";journal;"15710653";"Elsevier B.V.";Yes;No;0,113;Q4;36;0;4;0;1;3;0,00;0,00;0,00;0;Netherlands;Western Europe;"Elsevier B.V.";"1999-2019";"Applied Mathematics (Q4); Discrete Mathematics and Combinatorics (Q4)";"Mathematics"
578;144786;"Journal of Japan Industrial Management Association";journal;"13422618, 21879079";"Japan Industrial Management Association";Yes;No;0,110;Q4;11;17;75;405;13;74;0,21;23,82;18,75;0;Japan;Asiatic Region;"Japan Industrial Management Association";"2004-2026";"Applied Mathematics (Q4); Industrial and Manufacturing Engineering (Q4); Management Science and Operations Research (Q4); Strategy and Management (Q4)";"Business, Management and Accounting; Decision Sciences; Engineering; Mathematics"
579;21100394018;"Journal of Algebra and Applied Mathematics";journal;"23197234";"SAS International Publications";No;No;0,109;Q4;8;9;28;93;5;28;0,26;10,33;33,33;0;India;Asiatic Region;"SAS International Publications";"2012-2025";"Algebra and Number Theory (Q4); Applied Mathematics (Q4); Computational Mathematics (Q4); Discrete Mathematics and Combinatorics (Q4)";"Mathematics"
580;21101059300;"Biophysical Bulletin";journal;"20753829, 20753810";"V N Karazin Kharkiv National University";Yes;Yes;0,106;Q4;4;8;34;207;5;33;0,17;25,88;68,75;0;Ukraine;Eastern Europe;"V N Karazin Kharkiv National University";"2019-2025";"Applied Mathematics (Q4); Biochemistry (Q4); Biophysics (Q4); Modeling and Simulation (Q4); Molecular Biology (Q4); Physics and Astronomy (miscellaneous) (Q4)";"Biochemistry, Genetics and Molecular Biology; Mathematics; Physics and Astronomy"
581;21101033241;"ESARDA Bulletin";journal;"03923029, 19775296";"Publications Office of the European Union";No;No;0,102;Q4;6;9;42;301;6;36;0,04;33,44;18,60;0;Italy;Western Europe;"Publications Office of the European Union";"2017-2025";"Applied Mathematics (Q4); Nuclear and High Energy Physics (Q4); Nuclear Energy and Engineering (Q4); Safety, Risk, Reliability and Quality (Q4)";"Energy; Engineering; Mathematics; Physics and Astronomy"
582;21100793611;"Lecture Notes of TICMI";journal;"15120511";"Tbilisi International Centre of Mathematics and Informatics (TICMI)";No;No;0,102;Q4;3;1;17;22;3;16;0,19;22,00;0,00;0;Georgia;Eastern Europe;"Tbilisi International Centre of Mathematics and Informatics (TICMI)";"2016-2017, 2019-2025";"Applied Mathematics (Q4); Information Systems (Q4); Mathematics (miscellaneous) (Q4)";"Computer Science; Mathematics"
583;21100199556;"Recta";journal;"1575605X";"ASEPUMA";Yes;Yes;0,102;Q4;6;7;27;257;8;27;0,33;36,71;25,00;0;Spain;Western Europe;"ASEPUMA";"2011-2025";"Applied Mathematics (Q4); Economics and Econometrics (Q4)";"Economics, Econometrics and Finance; Mathematics"
584;21101152108;"Adiyaman University Journal of Science";journal;"2146586X, 21471630";"Adiyaman University";No;No;;-;8;21;115;614;43;115;0,36;29,24;42,00;0;Turkey;Middle East;"Adiyaman University";"2019-2025";"Applied Mathematics; Atomic and Molecular Physics, and Optics; Condensed Matter Physics; Nuclear and High Energy Physics";"Mathematics; Physics and Astronomy"
585;21101071257;"Advances in Continuous and Discrete Models";journal;"27314235";"Springer Science and Business Media Deutschland GmbH";No;No;;-;86;72;1719;2802;5973;1719;3,97;38,92;22,22;0;Germany;Western Europe;"Springer Science and Business Media Deutschland GmbH";"2022-2026";"Algebra and Number Theory; Analysis; Applied Mathematics";"Mathematics"
586;21101309509;"Algebraic Statistics";journal;"26932997, 26933004";"Mathematical Sciences Publishers";No;No;;-;5;4;12;110;5;12;0,42;27,50;12,50;0;United States;Northern America;"Mathematical Sciences Publishers";"2021-2026";"Algebra and Number Theory; Applied Mathematics; Statistics and Probability";"Mathematics"
587;100147006;"Analysis in Theory and Applications";journal;"15738175, 16724070";"Global Science Press";No;No;;-;13;21;42;576;24;42;0,57;27,43;40,00;0;Netherlands;Western Europe;"Global Science Press";"2004-2011, 2020-2025";"Analysis; Applied Mathematics";"Mathematics"
588;21101256292;"Annales Universitatis Mariae Curie-Sklodowska, sectio A - Mathematica";journal;"03651029, 20837402";"Wydawnictwo Uniwersytetu Marii Curie-Sklodowskiej w Lublinie";Yes;Yes;;-;6;11;24;147;14;24;0,58;13,36;29,41;0;Poland;Eastern Europe;"Wydawnictwo Uniwersytetu Marii Curie-Sklodowskiej w Lublinie";"2020-2025";"Algebra and Number Theory; Analysis; Applied Mathematics; Statistics and Probability";"Mathematics"
589;21101252467;"Annual of Sofia University ";journal;"26035529, 13139215";"";No;No;;-;2;7;13;248;0;12;0,00;35,43;33,33;0;Bulgaria;Eastern Europe;"";"2020-2025";"Algebra and Number Theory; Applied Mathematics; Artificial Intelligence; Computer Science Applications";"Computer Science; Mathematics"
590;21101107570;"Applied Mathematics in Science and Engineering";journal;"27690911";"Routledge";Yes;No;;-;16;39;0;1423;0;0;0,00;36,49;25,45;0;United Kingdom;Western Europe;"Routledge";"2022-2026";"Applied Mathematics; Computer Science Applications; Engineering (miscellaneous)";"Computer Science; Engineering; Mathematics"
591;21101243364;"AppliedMath";journal;"26739909";"Multidisciplinary Digital Publishing Institute (MDPI)";Yes;No;;-;10;44;5;1527;3;4;0,60;34,70;18,75;0;Switzerland;Western Europe;"Multidisciplinary Digital Publishing Institute (MDPI)";"2021-2026";"Applied Mathematics; Mathematics (miscellaneous)";"Mathematics"
592;21101274774;"AUT Journal of Mathematics and Computing";journal;"27832449, 27832287";"Amirkabir University of Technology";Yes;Yes;;-;4;24;23;814;8;23;0,35;33,92;21,74;0;Iran;Middle East;"Amirkabir University of Technology";"2021-2026";"Applied Mathematics; Computational Mathematics; Computational Theory and Mathematics; Statistics and Probability";"Computer Science; Mathematics"
593;21101267689;"AUT Journal of Modeling and Simulation";journal;"25882953, 25882961";"Amirkabir University of Technology";No;No;;-;4;15;41;491;15;41;0,37;32,73;20,00;0;Iran;Middle East;"Amirkabir University of Technology";"2020-2025";"Applied Mathematics; Computer Science Applications; Engineering (miscellaneous); Modeling and Simulation";"Computer Science; Engineering; Mathematics"
594;21101242571;"Bangmod International Journal of Mathematical and Computational Science";journal;"2408154X";"Center of Excellence in Theoretical and Computational Science";No;No;;-;7;7;14;188;7;14;0,50;26,86;45,45;0;Thailand;Asiatic Region;"Center of Excellence in Theoretical and Computational Science";"2020-2025";"Applied Mathematics; Computational Mathematics; Control and Optimization; Mathematics (miscellaneous)";"Mathematics"
595;21101272725;"Barekeng";journal;"26153017, 19787227";"Universitas Pattimura";Yes;No;;-;7;160;140;3116;17;140;0,12;19,48;48,71;0;Indonesia;Asiatic Region;"Universitas Pattimura";"2020-2026";"Applied Mathematics; Mathematics (miscellaneous); Numerical Analysis; Statistics, Probability and Uncertainty";"Decision Sciences; Mathematics"
596;21101300218;"Biometrical Letters";journal;"18963811, 2199577X";"Walter de Gruyter";No;No;;-;5;12;16;266;7;16;0,44;22,17;54,17;0;Germany;Western Europe;"Walter de Gruyter";"2021-2025";"Agricultural and Biological Sciences (miscellaneous); Applied Mathematics; Biochemistry, Genetics and Molecular Biology (miscellaneous); Mathematics (miscellaneous); Statistics and Probability";"Agricultural and Biological Sciences; Biochemistry, Genetics and Molecular Biology; Mathematics"
597;21101184778;"Brazilian Journal of Biometrics";journal;"27645290";"";Yes;Yes;;-;7;32;100;970;166;99;0,28;30,31;32,32;0;Brazil;Latin America;"";"2022-2026";"Agricultural and Biological Sciences (miscellaneous); Applied Mathematics; Epidemiology; Public Health, Environmental and Occupational Health; Statistics and Probability";"Agricultural and Biological Sciences; Mathematics; Medicine"
598;21101155957;"Bulletin of Mathematical Analysis and Applications";journal;"18211291";"Department of Mathematics and Computer Sciences, University of Prishtina";No;No;;-;7;12;49;265;26;49;0,53;22,08;21,74;0;Serbia;Eastern Europe;"Department of Mathematics and Computer Sciences, University of Prishtina";"2019-2025";"Analysis; Applied Mathematics; Mathematics (miscellaneous)";"Mathematics"
599;21101365823;"Caspian Journal of Mathematical Sciences";journal;"26767260";"University of Mazandaran";No;No;;-;3;45;30;838;3;30;0,10;18,62;21,62;0;Iran;Middle East;"University of Mazandaran";"2021-2025";"Algebra and Number Theory; Analysis; Applied Mathematics; Mathematics (miscellaneous)";"Mathematics"
600;21101365990;"Communications in Mathematical Research";journal;"27078523, 16745647";"Global Science Press";No;No;;-;6;28;20;711;17;19;0,85;25,39;35,71;0;Hong Kong;Asiatic Region;"Global Science Press";"2021-2025";"Applied Mathematics; Computational Mathematics; Statistics and Probability";"Mathematics"
601;21101287243;"Communications of the American Mathematical Society";journal;"26923688";"American Mathematical Society";No;No;;-;9;11;1;654;6;1;6,00;59,45;10,71;0;United States;Northern America;"American Mathematical Society";"2021-2026";"Applied Mathematics; Mathematics (miscellaneous)";"Mathematics"
602;21101089973;"Computational Methods for Differential Equations";journal;"23453982, 23832533";"University of Tabriz";Yes;Yes;;-;15;79;190;2617;204;190;1,18;33,13;28,40;0;Iran;Middle East;"University of Tabriz";"2019-2026";"Algebra and Number Theory; Applied Mathematics; Numerical Analysis";"Mathematics"
603;21101125517;"Contemporary Mathematics (Singapore) (discontinued)";journal;"27051064, 27051056";"Universal Wiser Publisher";No;No;;-;17;30;58;898;25;58;0,34;29,93;32,76;0;Singapore;Asiatic Region;"Universal Wiser Publisher";"2019-2025";"Applied Mathematics; Discrete Mathematics and Combinatorics; Geometry and Topology; Mathematical Physics";"Mathematics"
604;21101244201;"Control and Optimization in Applied Mathematics";journal;"25385615, 23833130";"Payame Noor University (PNU)";Yes;Yes;;-;4;12;24;385;6;24;0,25;32,08;26,92;0;Iran;Middle East;"Payame Noor University (PNU)";"2020-2026";"Applied Mathematics; Control and Optimization; Mathematics (miscellaneous); Modeling and Simulation";"Mathematics"
605;21101140341;"CSIAM Transactions on Applied Mathematics";journal;"27080560, 27080579";"Global Science Press";No;No;;-;15;28;60;1116;96;58;1,60;39,86;35,44;0;Hong Kong;Asiatic Region;"Global Science Press";"2020-2025";"Applied Mathematics";"Mathematics"
606;21101098756;"Decision Analytics Journal";journal;"27726622";"Elsevier Inc.";Yes;No;;-;46;44;0;2748;0;0;0,00;62,45;19,01;3;United States;Northern America;"Elsevier Inc.";"2021-2026";"Analysis; Applied Mathematics; Decision Sciences (miscellaneous); Modeling and Simulation";"Decision Sciences; Mathematics"
607;21101288929;"Emergent Scientist";journal;"25568779";"EDP Sciences";Yes;No;;-;1;3;4;38;0;4;0,00;12,67;14,29;0;France;Western Europe;"EDP Sciences";"2021-2025";"Applied Mathematics; Atomic and Molecular Physics, and Optics; Condensed Matter Physics; Instrumentation";"Mathematics; Physics and Astronomy"
608;21101162729;"Examples and Counterexamples";journal;"2666657X";"Elsevier B.V.";Yes;No;;-;7;27;23;461;11;23;0,48;17,07;22,22;0;Netherlands;Western Europe;"Elsevier B.V.";"2021-2026";"Applied Mathematics; Computational Mathematics; Mathematics (miscellaneous)";"Mathematics"
609;21101298833;"Far East Journal of Theoretical Statistics";journal;"09720863, 30487358";"Pushpa Publishing House";No;No;;-;2;17;25;282;2;25;0,08;16,59;13,04;0;India;Asiatic Region;"Pushpa Publishing House";"2021-2025";"Applied Mathematics; Computational Mathematics; Economics and Econometrics; Statistics and Probability";"Economics, Econometrics and Finance; Mathematics"
610;21101113590;"Foundations of Data Science";journal;"26398001";"American Institute of Mathematical Sciences";No;No;;-;15;23;65;992;111;64;1,70;43,13;32,35;0;United States;Northern America;"American Institute of Mathematical Sciences";"2019-2026";"Analysis; Applied Mathematics; Computational Theory and Mathematics; Statistics and Probability";"Computer Science; Mathematics"
611;21101226628;"Frontiers in Systems Biology";journal;"26740702";"Frontiers Media SA";Yes;No;;-;12;51;7;3685;8;6;1,14;72,25;41,59;1;Switzerland;Western Europe;"Frontiers Media SA";"2021-2026";"Applied Mathematics; Modeling and Simulation";"Mathematics"
612;21101199907;"Frontiers of Mathematical Finance";journal;"27696715";"American Institute of Mathematical Sciences";No;No;;-;7;20;0;769;0;0;0,00;38,45;21,05;1;United States;Northern America;"American Institute of Mathematical Sciences";"2022-2026";"Applied Mathematics; Economics, Econometrics and Finance (miscellaneous)";"Economics, Econometrics and Finance; Mathematics"
613;27205;"Game Studies";journal;"16047982";"Game Studies";Yes;No;;-;40;17;69;902;114;64;1,57;53,06;34,78;0;Norway;Western Europe;"Game Studies";"2002-2006, 2008-2026";"Applied Mathematics; Arts and Humanities (miscellaneous); Cultural Studies; Statistics, Probability and Uncertainty";"Arts and Humanities; Decision Sciences; Mathematics; Social Sciences"
614;19600157213;"GAMM Mitteilungen";journal;"09367195, 15222608";"John Wiley and Sons Inc";No;No;;-;28;19;55;868;200;46;4,05;45,68;12,50;0;Germany;Western Europe;"John Wiley and Sons Inc";"2009-2025";"Applied Mathematics; Materials Science (miscellaneous); Physics and Astronomy (miscellaneous)";"Materials Science; Mathematics; Physics and Astronomy"
615;21101209857;"IEEE Journal on Selected Areas in Information Theory";journal;"26418770";"Institute of Electrical and Electronics Engineers Inc.";No;No;;-;34;66;168;2667;788;160;4,69;40,41;19,63;0;United States;Northern America;"Institute of Electrical and Electronics Engineers Inc.";"2020-2026";"Applied Mathematics; Artificial Intelligence; Computer Networks and Communications; Media Technology";"Computer Science; Engineering; Mathematics"
616;21101291387;"Ikonion Journal of Mathematics";journal;"26876531";"Nihat AKGUNES";No;No;;-;3;9;9;215;3;9;0,33;23,89;33,33;0;Turkey;Middle East;"Nihat AKGUNES";"2021-2025";"Algebra and Number Theory; Analysis; Applied Mathematics; Geometry and Topology";"Mathematics"
617;21101281043;"International Journal of Basic and Applied Science";journal;"27763013, 23018038";"Institute of Computer Science (IOCS)";No;No;;-;2;23;40;459;2;40;0,05;19,96;32,00;0;Indonesia;Asiatic Region;"Institute of Computer Science (IOCS)";"2020-2025";"Aerospace Engineering; Agricultural and Biological Sciences (miscellaneous); Applied Mathematics; Chemistry (miscellaneous); Computer Science (miscellaneous); Engineering (miscellaneous); Materials Science (miscellaneous)";"Agricultural and Biological Sciences; Chemistry; Computer Science; Engineering; Materials Science; Mathematics"
618;21101183613;"International Journal of Maps in Mathematics";journal;"26367467";"";No;No;;-;5;11;34;239;12;34;0,45;21,73;36,36;0;Turkey;Middle East;"";"2019-2025";"Applied Mathematics; Earth and Planetary Sciences (miscellaneous); Geography, Planning and Development; Geometry and Topology";"Earth and Planetary Sciences; Mathematics; Social Sciences"
619;21101128525;"International Journal of Mathematics for Industry";journal;"26613352, 26613344";"World Scientific";Yes;Yes;;-;7;5;21;114;18;20;0,23;22,80;11,11;0;Singapore;Asiatic Region;"World Scientific";"2019-2026";"Applied Mathematics; Computational Mechanics; Modeling and Simulation; Numerical Analysis";"Engineering; Mathematics"
620;21100873480;"International Journal of Nonlinear Analysis and Applications (discontinued)";journal;"20086822";"Semnan University";Yes;No;;-;20;29;477;613;309;476;0,66;21,14;38,57;0;Iran;Middle East;"Semnan University";"2018-2022";"Analysis; Applied Mathematics";"Mathematics"
621;21101128656;"International Journal of Nonlinear Science";journal;"17493889, 17493897";"World Academic Union";No;No;;-;4;17;99;272;11;99;0,09;16,00;68,57;0;United Kingdom;Western Europe;"World Academic Union";"2019-2025";"Analysis; Applied Mathematics; Engineering (miscellaneous); Mathematics (miscellaneous); Modeling and Simulation; Statistical and Nonlinear Physics";"Engineering; Mathematics; Physics and Astronomy"
622;21101121563;"Journal of Applied Mathematics and Computational Mechanics";journal;"23530588, 22999965";"Czestochowa University of Technology";Yes;No;;-;14;37;114;775;124;113;1,18;20,95;22,54;0;Poland;Eastern Europe;"Czestochowa University of Technology";"2019-2025";"Analysis; Applied Mathematics; Computational Mathematics; Mechanical Engineering; Numerical Analysis";"Engineering; Mathematics"
623;21101288670;"Journal of Behavioral Data Science";journal;"25758306, 25741284";"International Society for Data Science and Analytics";No;No;;-;7;12;7;369;7;7;1,00;30,75;37,93;0;United States;Northern America;"International Society for Data Science and Analytics";"2021-2025";"Applied Mathematics; Modeling and Simulation; Statistics and Probability";"Mathematics"
624;21101339748;"Journal of Computational Algebra";journal;"27728277";"Elsevier B.V.";Yes;No;;-;4;2;0;92;0;0;0,00;46,00;25,00;0;Netherlands;Western Europe;"Elsevier B.V.";"2022-2026";"Algebra and Number Theory; Applied Mathematics; Computational Mathematics";"Mathematics"
625;21101190270;"Journal of Computational Mathematics and Data Science";journal;"27724158";"Elsevier B.V.";Yes;No;;-;16;28;8;1143;4;8;0,50;40,82;24,69;0;Netherlands;Western Europe;"Elsevier B.V.";"2021-2026";"Applied Mathematics; Artificial Intelligence; Computational Mathematics; Computer Science Applications";"Computer Science; Mathematics"
626;21101256296;"Journal of Contemporary Applied Mathematics";journal;"30063183, 22225498";"";No;No;;-;5;17;37;261;11;37;0,30;15,35;50,00;0;Azerbaijan;Eastern Europe;"";"2020-2026";"Analysis; Applied Mathematics; Control and Optimization; Mathematical Physics";"Mathematics"
627;21101289580;"Journal of Finsler Geometry and its Applications";journal;"27830500";"University of Mohaghegh Ardabili";No;No;;-;4;24;24;408;3;24;0,13;17,00;47,06;0;Iran;Middle East;"University of Mohaghegh Ardabili";"2021-2025";"Analysis; Applied Mathematics; Geometry and Topology; Mathematical Physics";"Mathematics"
628;21101200244;"Journal of Fuzzy Extension and Applications";journal;"27831442, 27173453";"Research Expansion Alliance (REA)";Yes;Yes;;-;19;28;56;956;148;56;2,64;34,14;25,45;0;Serbia;Eastern Europe;"Research Expansion Alliance (REA)";"2020-2025";"Applied Mathematics; Artificial Intelligence; Logic; Mathematics (miscellaneous)";"Computer Science; Mathematics"
629;21101152621;"Journal of Inequalities and Special Functions";journal;"22174303";"University of Prishtina";No;No;;-;6;11;62;236;38;62;0,60;21,45;9,52;0;Serbia;Eastern Europe;"University of Prishtina";"2019-2025";"Applied Mathematics";"Mathematics"
630;21101152525;"Journal of Mathematical Analysis";journal;"22173412";"University of Prishtina";No;No;;-;7;19;61;517;44;61;0,72;27,21;22,22;0;Serbia;Eastern Europe;"University of Prishtina";"2020-2025";"Analysis; Applied Mathematics; Mathematics (miscellaneous)";"Mathematics"
631;21101323190;"Journal of Mathematical Research with Applications";journal;"20952651";"Dalian University of Technology";No;No;;-;4;56;55;1162;7;55;0,13;20,75;36,45;0;China;Asiatic Region;"Dalian University of Technology";"2021-2026";"Applied Mathematics";"Mathematics"
632;21101108652;"Journal of Numerical Analysis and Approximation Theory";journal;"24576794, 2501059X";"Publishing House of the Romanian Academy";Yes;Yes;;-;7;12;39;241;13;39;0,37;20,08;15,79;0;Romania;Eastern Europe;"Publishing House of the Romanian Academy";"2003, 2015-2025";"Applied Mathematics; Computational Mathematics; Mathematics (miscellaneous); Numerical Analysis";"Mathematics"
633;21101248370;"Journal of Partial Differential Equations";journal;"2079732X, 1000940X";"Global Science Press";No;No;;-;7;25;46;645;11;46;0,24;25,80;46,81;0;Hong Kong;Asiatic Region;"Global Science Press";"2020-2025";"Analysis; Applied Mathematics; Computational Mathematics; Numerical Analysis";"Mathematics"
634;21101358090;"Latin American Journal of Mathematics";journal;"29650798";"Universidade Federal de Sao Carlos";No;No;;-;1;4;0;52;0;0;0,00;13,00;0,00;0;Brazil;Latin America;"Universidade Federal de Sao Carlos";"2022-2026";"Applied Mathematics; Mathematics (miscellaneous)";"Mathematics"
635;21101174188;"Life Cycle Reliability and Safety Engineering";journal;"25201360, 25201352";"Springer";No;No;;-;10;33;0;1062;0;0;0,00;32,18;18,18;0;Singapore;Asiatic Region;"Springer";"2022-2026";"Applied Mathematics; Civil and Structural Engineering; Control and Systems Engineering; Materials Science (miscellaneous); Mechanical Engineering; Safety, Risk, Reliability and Quality";"Engineering; Materials Science; Mathematics"
636;21101072017;"Machine Intelligence Research";journal;"2731538X, 27315398";"Chinese Academy of Sciences";No;No;;-;60;34;198;2962;899;198;5,16;87,12;34,17;0;China;Asiatic Region;"Chinese Academy of Sciences";"2022-2026";"Applied Mathematics; Artificial Intelligence; Computer Networks and Communications; Computer Science Applications; Computer Vision and Pattern Recognition; Control and Systems Engineering; Modeling and Simulation; Signal Processing";"Computer Science; Engineering; Mathematics"
637;21101160584;"Mathematical Modelling and Control";journal;"27678946";"American Institute of Mathematical Sciences";Yes;Yes;;-;12;27;17;707;19;17;1,12;26,19;37,50;0;United States;Northern America;"American Institute of Mathematical Sciences";"2021-2025";"Applied Mathematics; Computational Mathematics; Control and Optimization; Modeling and Simulation";"Mathematics"
638;21101180452;"Mathematical Modelling and Numerical Simulation with Applications";journal;"27918564";"";No;No;;-;20;20;10;727;205;10;20,50;36,35;21,28;0;Turkey;Middle East;"";"2021-2025";"Applied Mathematics; Computational Theory and Mathematics; Mathematical Physics; Modeling and Simulation";"Computer Science; Mathematics"
639;21101251288;"Mathematical Proceedings of the Royal Irish Academy";journal;"20090021, 13937197";"Royal Irish Academy";No;No;;-;3;8;9;114;3;9;0,33;14,25;7,69;0;Ireland;Western Europe;"Royal Irish Academy";"2020-2025";"Algebra and Number Theory; Applied Mathematics; Discrete Mathematics and Combinatorics";"Mathematics"
640;21101219669;"Mathematics and Computational Sciences";journal;"27172708";"Qom University of Technology";Yes;Yes;;-;6;24;30;546;9;30;0,30;22,75;21,95;0;Iran;Middle East;"Qom University of Technology";"2020-2025";"Applied Mathematics; Computational Mathematics; Numerical Analysis; Theoretical Computer Science";"Mathematics"
641;21101181929;"Mathematics and Education in Mathematics";journal;"13133330, 28154002";"Union of Bulgarian Mathematicians";No;No;;-;3;17;93;220;5;89;0,07;12,94;58,33;0;Bulgaria;Eastern Europe;"Union of Bulgarian Mathematicians";"2019-2025";"Applied Mathematics; Computer Science (miscellaneous); Education; Mathematics (miscellaneous)";"Computer Science; Mathematics; Social Sciences"
642;21101088263;"Mathematics in Applied Sciences and Engineering";journal;"25631926";"Western University Libraries";Yes;Yes;;-;8;15;44;480;39;43;0,89;32,00;16,67;0;Canada;Northern America;"Western University Libraries";"2020-2025";"Applied Mathematics; Modeling and Simulation";"Mathematics"
643;21101296041;"Mathematics Open";journal;"28110072";"World Scientific";Yes;No;;-;4;5;0;76;0;0;0,00;15,20;10,00;0;Singapore;Asiatic Region;"World Scientific";"2022-2026";"Algebra and Number Theory; Applied Mathematics; Numerical Analysis; Statistics and Probability";"Mathematics"
644;21101149372;"Menoufia Journal of Electronic Engineering Research";journal;"26823535, 16871189";"Menoufia University, Faculty of Electronic Engineering";Yes;No;;-;7;21;60;786;25;60;0,42;37,43;29,79;0;Egypt;Africa/Middle East;"Menoufia University, Faculty of Electronic Engineering";"2015, 2017-2026";"Applied Mathematics; Control and Systems Engineering; Electrical and Electronic Engineering; Signal Processing";"Computer Science; Engineering; Mathematics"
645;21101310687;"Methods and Applications of Analysis";journal;"10732772, 19450001";"International Press, Inc.";No;No;;-;6;15;48;401;14;42;0,29;26,73;16,00;0;United States;Northern America;"International Press, Inc.";"2003, 2020-2025";"Analysis; Applied Mathematics; Computational Mathematics; Control and Optimization";"Mathematics"
646;21101180045;"Montes Taurus Journal of Pure and Applied Mathematics";journal;"26874814";"";No;No;;-;12;45;67;1140;83;66;1,09;25,33;35,48;0;Turkey;Middle East;"";"2019-2025";"Algebra and Number Theory; Analysis; Applied Mathematics; Computational Mathematics";"Mathematics"
647;21101129623;"NED University Journal of Research";journal;"27065758, 2304716X";"NED University Press";No;No;;-;4;8;45;297;22;45;0,50;37,13;14,29;0;Pakistan;Asiatic Region;"NED University Press";"2019-2025";"Applied Mathematics; Artificial Intelligence; Computer Science Applications; Engineering (miscellaneous); Materials Science (miscellaneous)";"Computer Science; Engineering; Materials Science; Mathematics"
648;21101154818;"Neuro-Fuzzy Modeling Techniques in Economics";journal;"24153516, 23063289";"Vadym Hetman Kyiv National University of Economics";No;No;;-;6;6;15;280;11;15;0,86;46,67;43,75;0;Ukraine;Eastern Europe;"Vadym Hetman Kyiv National University of Economics";"2019, 2021-2024";"Applied Mathematics; Economics, Econometrics and Finance (miscellaneous); Management Science and Operations Research; Statistics and Probability; Statistics, Probability and Uncertainty";"Decision Sciences; Economics, Econometrics and Finance; Mathematics"
649;21101174381;"Northeast Journal of Complex Systems";journal;"25778439";"Binghamton University Libraries";Yes;Yes;;-;6;5;17;129;16;16;1,10;25,80;28,57;0;United States;Northern America;"Binghamton University Libraries";"2019-2025";"Applied Mathematics; Modeling and Simulation; Statistical and Nonlinear Physics";"Mathematics; Physics and Astronomy"
650;21101238126;"North-Western European Journal of Mathematics";journal;"2824074X, 24965170";"Universite de Lille III (Charles de Gaulle)";Yes;Yes;;-;4;8;17;220;6;17;0,35;27,50;20,00;0;France;Western Europe;"Universite de Lille III (Charles de Gaulle)";"2020-2025";"Applied Mathematics";"Mathematics"
651;21101094914;"Observational Studies";journal;"27673324";"University of Pennsylvania Press";Yes;Yes;;-;9;13;58;466;52;53;0,40;35,85;30,77;2;United States;Northern America;"University of Pennsylvania Press";"2019-2025";"Applied Mathematics; Computer Science Applications; Modeling and Simulation; Numerical Analysis; Statistics and Probability";"Computer Science; Mathematics"
652;21101245234;"Pan-American Journal of Mathematics";journal;"28324293";"Mathyze Publishers";Yes;Yes;;-;4;17;0;478;0;0;0,00;28,12;14,29;0;United States;Northern America;"Mathyze Publishers";"2022-2026";"Applied Mathematics; Computational Mathematics; Discrete Mathematics and Combinatorics; Modeling and Simulation";"Mathematics"
653;21101250475;"Pure and Applied Functional Analysis";journal;"21893756, 21893764";"Yokohama Publications";No;No;;-;9;92;153;2494;56;143;0,37;27,11;15,71;0;Japan;Asiatic Region;"Yokohama Publications";"2020-2025";"Analysis; Applied Mathematics; Control and Optimization";"Mathematics"
654;21101133222;"Queueing Models and Service Management";journal;"26162687, 26162679";"Kaoyian Press";No;No;;-;7;7;20;191;9;20;0,45;27,29;16,67;0;Taiwan;Asiatic Region;"Kaoyian Press";"2018-2025";"Applied Mathematics; Management Science and Operations Research; Modeling and Simulation; Statistics, Probability and Uncertainty";"Decision Sciences; Mathematics"
655;22782;"Reliable Computing";journal;"13853139, 15731340";"Springer Netherlands";No;No;;-;36;5;13;91;0;13;0,00;18,20;16,67;0;Netherlands;Western Europe;"Springer Netherlands";"1995-2008, 2010-2018, 2021-2022, 2024";"Applied Mathematics; Computational Mathematics; Software";"Computer Science; Mathematics"
656;21101121584;"Review of Economics and Political Science";journal;"26313561, 23569980";"Emerald Publishing";Yes;No;;-;19;19;58;915;76;57;1,03;48,16;43,75;0;United Kingdom;Western Europe;"Emerald Publishing";"2018-2026";"Applied Mathematics; Economics, Econometrics and Finance (miscellaneous); Political Science and International Relations; Sociology and Political Science; Statistics and Probability";"Economics, Econometrics and Finance; Mathematics; Social Sciences"
657;21101369340;"Romanian Journal of Mathematics and Computer Science";journal;"2247689X";"Technical University of Civil Engineering of Bucharest";No;No;;-;3;12;12;191;0;12;0,00;15,92;33,33;0;Romania;Eastern Europe;"Technical University of Civil Engineering of Bucharest";"2021-2025";"Algebra and Number Theory; Analysis; Applied Mathematics; Geometry and Topology";"Mathematics"
658;21101306833;"SIAM Journal on Mathematics of Data Science";journal;"25770187";"Society for Industrial and Applied Mathematics Publications";No;No;;-;33;58;127;2837;650;126;4,54;48,91;16,35;0;United States;Northern America;"Society for Industrial and Applied Mathematics Publications";"2019-2026";"Applied Mathematics; Computational Mathematics; Statistics and Probability";"Mathematics"
659;21101149663;"STEM Education";journal;"27671925";"American Institute of Mathematical Sciences";Yes;Yes;;-;10;21;20;712;17;20;0,85;33,90;41,67;0;United States;Northern America;"American Institute of Mathematical Sciences";"2021-2026";"Applied Mathematics; Education";"Mathematics; Social Sciences"
660;21101260644;"Transactions on Fuzzy Sets and Systems";journal;"28210131";"Islamic Azad University";Yes;Yes;;-;5;24;0;577;0;0;0,00;24,04;23,08;0;Iran;Middle East;"Islamic Azad University";"2022-2025";"Applied Mathematics; Artificial Intelligence; Information Systems and Management; Logic";"Computer Science; Decision Sciences; Mathematics"
661;21101342176;"Trends in Computational and Applied Mathematics";journal;"26760029";"Sociedade Brasileira de Matematica Aplicada e Computacional";Yes;No;;-;5;48;41;1107;14;40;0,34;23,06;38,71;0;Brazil;Latin America;"Sociedade Brasileira de Matematica Aplicada e Computacional";"2021-2025";"Applied Mathematics; Computational Mathematics; Modeling and Simulation; Numerical Analysis";"Mathematics"
662;21101259365;"Turkish Journal of Inequalities";journal;"26024187";"";No;No;;-;7;9;31;193;24;31;0,77;21,44;20,00;0;Turkey;Middle East;"";"2020-2025";"Analysis; Applied Mathematics; Computational Mathematics; Modeling and Simulation";"Mathematics"
663;21101184509;"Universal Journal of Mathematics and Applications";journal;"26199653";"";Yes;Yes;;-;10;20;76;384;40;76;0,45;19,20;36,11;0;Turkey;Middle East;"";"2019-2025";"Analysis; Applied Mathematics; Geometry and Topology; Numerical Analysis";"Mathematics"
664;21101162548;"Zhurnal Srednevolzhskogo Matematicheskogo Obshchestva";journal;"20796900, 25877496";"National Research Ogarev Mordovia State University";Yes;Yes;;-;3;26;25;355;4;25;0,16;13,65;38,60;0;Russian Federation;Eastern Europe;"National Research Ogarev Mordovia State University";"2021-2025";"Applied Mathematics; Computational Mathematics; Control and Optimization; Mathematics (miscellaneous)";"Mathematics"
