Rank;Sourceid;Title;Type;Issn;Publisher;Open Access;Open Access Diamond;SJR;SJR Quartile;H index;Total Docs. (2022);Total Docs. (3years);Total Refs.;Total Citations (3years);Citable Docs. (3years);Citations / Doc. (2years);Ref. / Doc.;%Female;Overton;Country;Region;Publisher;Coverage;Categories;Areas
1;18991;"Nature Reviews Genetics";journal;"14710056, 14710064";"Nature Research";No;No;19,454;Q1;458;119;331;7830;8029;186;17,94;65,80;29,27;13;United Kingdom;Western Europe;"Nature Research";"2000-2026";"Genetics (Q1); Genetics (clinical) (Q1); Molecular Biology (Q1)";"Biochemistry, Genetics and Molecular Biology; Medicine"
2;18990;"Nature Genetics";journal;"10614036, 15461718";"Nature Research";No;No;16,732;Q1;679;258;635;12825;15501;480;19,66;49,71;41,75;26;United Kingdom;Western Europe;"Nature Research";"1992-2026";"Genetics (Q1)";"Biochemistry, Genetics and Molecular Biology"
3;40944;"Genome Biology";journal;"1474760X, 14747596";"BioMed Central Ltd";Yes;No;9,249;Q1;332;262;919;17613;14371;886;11,47;67,23;37,46;10;United Kingdom;Western Europe;"BioMed Central Ltd";"2000-2026";"Cell Biology (Q1); Ecology, Evolution, Behavior and Systematics (Q1); Genetics (Q1)";"Agricultural and Biological Sciences; Biochemistry, Genetics and Molecular Biology"
4;21100773752;"Nature Microbiology";journal;"20585276";"Nature Research";No;No;9,187;Q1;176;249;667;12079;12585;477;21,83;48,51;43,61;38;United Kingdom;Western Europe;"Nature Research";"2016-2026";"Applied Microbiology and Biotechnology (Q1); Cell Biology (Q1); Genetics (Q1); Immunology (Q1); Microbiology (Q1); Microbiology (medical) (Q1)";"Biochemistry, Genetics and Molecular Biology; Immunology and Microbiology; Medicine"
5;6100153018;"Cell Stem Cell";journal;"19345909, 18759777";"Cell Press";No;No;9,156;Q1;329;149;580;8649;8819;503;14,95;58,05;42,75;11;United States;Northern America;"Cell Press";"2007-2026";"Cell Biology (Q1); Genetics (Q1); Molecular Medicine (Q1)";"Biochemistry, Genetics and Molecular Biology"
6;14204;"Nucleic Acids Research";journal;"03051048, 13624962";"Oxford University Press";Yes;No;8,234;Q1;714;1267;3856;76116;70101;3850;14,53;60,08;38,32;29;United Kingdom;Western Europe;"Oxford University Press";"1974-2026";"Genetics (Q1)";"Biochemistry, Genetics and Molecular Biology"
7;21100888816;"Signal Transduction and Targeted Therapy";journal;"20593635, 20959907";"Springer Nature";Yes;No;6,630;Q1;224;387;774;39637;14846;476;19,29;102,42;43,11;28;United Kingdom;Western Europe;"Springer Nature";"2016-2026";"Cancer Research (Q1); Genetics (Q1)";"Biochemistry, Genetics and Molecular Biology"
8;22126;"Genes and Development";journal;"15495477, 08909369";"Cold Spring Harbor Laboratory Press";No;No;5,769;Q1;499;85;374;5795;3858;373;9,34;68,18;38,16;1;United States;Northern America;"Cold Spring Harbor Laboratory Press";"1987-2026";"Developmental Biology (Q1); Genetics (Q1)";"Biochemistry, Genetics and Molecular Biology"
9;21677;"American Journal of Human Genetics";journal;"15376605, 00029297";"Cell Press";No;No;4,943;Q1;348;171;563;8886;5433;522;8,53;51,96;45,40;8;United States;Northern America;"Cell Press";"1950-2026";"Genetics (Q1); Genetics (clinical) (Q1)";"Biochemistry, Genetics and Molecular Biology; Medicine"
10;22214;"Genome Research";journal;"15495469, 10889051";"Cold Spring Harbor Laboratory Press";No;No;4,906;Q1;347;166;523;9780;4283;522;7,01;58,92;39,19;3;United States;Northern America;"Cold Spring Harbor Laboratory Press";"1991-2026";"Genetics (Q1); Genetics (clinical) (Q1)";"Biochemistry, Genetics and Molecular Biology; Medicine"
11;21101101215;"Cell Genomics";journal;"2666979X";"Cell Press";Yes;No;4,863;Q1;41;84;24;5723;138;16;5,75;68,13;36,91;4;United States;Northern America;"Cell Press";"2021-2026";"Biochemistry, Genetics and Molecular Biology (miscellaneous) (Q1); Genetics (Q1)";"Biochemistry, Genetics and Molecular Biology"
12;19700175140;"Genome Medicine";journal;"1756994X";"BioMed Central Ltd";Yes;No;4,851;Q1;147;141;380;10038;4688;369;11,82;71,19;44,04;17;United Kingdom;Western Europe;"BioMed Central Ltd";"2009-2026";"Genetics (Q1); Genetics (clinical) (Q1); Molecular Biology (Q1); Molecular Medicine (Q1)";"Biochemistry, Genetics and Molecular Biology; Medicine"
13;21100819064;"Cell Discovery";journal;"20565968";"Springer Nature";Yes;No;4,179;Q1;77;137;263;6064;3428;163;15,21;44,26;39,99;4;United Kingdom;Western Europe;"Springer Nature";"2015-2026";"Biochemistry (Q1); Cell Biology (Q1); Genetics (Q1); Molecular Biology (Q1)";"Biochemistry, Genetics and Molecular Biology"
14;21100330722;"Annual Review of Animal Biosciences";journal;"21658110, 21658102";"Annual Reviews Inc.";No;No;3,696;Q1;74;24;64;3129;900;61;12,56;130,38;43,66;3;United States;Northern America;"Annual Reviews Inc.";"2013-2026";"Animal Science and Zoology (Q1); Biotechnology (Q1); Genetics (Q1); Veterinary (miscellaneous) (Q1)";"Agricultural and Biological Sciences; Biochemistry, Genetics and Molecular Biology; Veterinary"
15;19049;"Trends in Genetics";journal;"01689525, 13624555";"Elsevier Ltd";No;No;3,583;Q1;261;134;343;9204;2634;327;7,19;68,69;40,67;3;United Kingdom;Western Europe;"Elsevier Ltd";"1985-2026";"Genetics (Q1)";"Biochemistry, Genetics and Molecular Biology"
16;12455;"Molecular Therapy";journal;"15250024, 15250016";"Cell Press";No;No;3,425;Q1;233;288;724;16173;7191;636;9,31;56,16;42,36;12;United States;Northern America;"Cell Press";"2000-2026";"Drug Discovery (Q1); Genetics (Q1); Medicine (miscellaneous) (Q1); Molecular Biology (Q1); Molecular Medicine (Q1); Pharmacology (Q1)";"Biochemistry, Genetics and Molecular Biology; Medicine; Pharmacology, Toxicology and Pharmaceutics"
17;12216;"Molecular Biology and Evolution";journal;"15371719, 07374038";"Oxford University Press";Yes;No;3,423;Q1;264;335;948;26459;7793;921;8,90;78,98;35,01;11;United Kingdom;Western Europe;"Oxford University Press";"1983-2026";"Ecology, Evolution, Behavior and Systematics (Q1); Genetics (Q1); Molecular Biology (Q1)";"Agricultural and Biological Sciences; Biochemistry, Genetics and Molecular Biology"
18;21101040628;"Evolution Letters";journal;"20563744";"Oxford University Press";Yes;No;3,297;Q1;43;40;144;2993;692;20;4,79;74,83;20,00;0;United Kingdom;Western Europe;"Oxford University Press";"2017-2026";"Ecology, Evolution, Behavior and Systematics (Q1); Genetics (Q1)";"Agricultural and Biological Sciences; Biochemistry, Genetics and Molecular Biology"
19;22088;"EMBO Reports";journal;"14693178, 1469221X";"Springer Science and Business Media Deutschland GmbH";Yes;No;3,273;Q1;227;302;904;16322;5381;673;5,68;54,05;43,84;10;Germany;Western Europe;"Springer Science and Business Media Deutschland GmbH";"2000-2026";"Biochemistry (Q1); Genetics (Q1); Molecular Biology (Q1)";"Biochemistry, Genetics and Molecular Biology"
20;14305;"Systematic Biology";journal;"1076836X, 10635157";"Oxford University Press";No;No;3,185;Q1;215;101;236;8573;1843;236;6,90;84,88;23,77;2;United Kingdom;Western Europe;"Oxford University Press";"1952, 1968-1975, 1977-1984, 1986, 1988-1989, 1991-2026";"Ecology, Evolution, Behavior and Systematics (Q1); Genetics (Q1)";"Agricultural and Biological Sciences; Biochemistry, Genetics and Molecular Biology"
21;21100879846;"Circulation: Genomic and Precision Medicine";journal;"25748300";"Lippincott Williams and Wilkins";No;No;2,966;Q1;107;83;274;2661;1377;234;4,78;32,06;36,40;0;United States;Northern America;"Lippincott Williams and Wilkins";"2018-2026";"Cardiology and Cardiovascular Medicine (Q1); Genetics (Q1); Genetics (clinical) (Q1)";"Biochemistry, Genetics and Molecular Biology; Medicine"
22;89440;"Genomics, Proteomics and Bioinformatics";journal;"16720229, 22103244";"Beijing Genomics Institute";Yes;No;2,869;Q1;87;93;204;5558;1795;191;9,10;59,76;42,52;2;China;Asiatic Region;"Beijing Genomics Institute";"2003-2025";"Biochemistry (Q1); Computational Mathematics (Q1); Genetics (Q1); Medicine (miscellaneous) (Q1); Molecular Biology (Q1)";"Biochemistry, Genetics and Molecular Biology; Mathematics; Medicine"
23;80280;"Biochimica et Biophysica Acta - Reviews on Cancer";journal;"18792561, 0304419X";"Elsevier B.V.";No;No;2,657;Q1;174;131;323;20929;3928;321;11,22;159,76;42,09;4;Netherlands;Western Europe;"Elsevier B.V.";"1974-2026";"Cancer Research (Q1); Genetics (Q1); Oncology (Q1)";"Biochemistry, Genetics and Molecular Biology; Medicine"
24;11700154306;"Molecular Ecology Resources";journal;"1755098X, 17550998";"Wiley-Blackwell Publishing Ltd";No;No;2,594;Q1;179;222;479;15655;4266;456;8,97;70,52;38,22;28;United Kingdom;Western Europe;"Wiley-Blackwell Publishing Ltd";"2008-2026";"Biotechnology (Q1); Ecology, Evolution, Behavior and Systematics (Q1); Genetics (Q1)";"Agricultural and Biological Sciences; Biochemistry, Genetics and Molecular Biology"
25;19700174932;"Epigenetics and Chromatin";journal;"17568935";"BioMed Central Ltd";Yes;No;2,586;Q1;74;39;186;3133;957;186;3,81;80,33;53,25;1;United Kingdom;Western Europe;"BioMed Central Ltd";"2009-2026";"Genetics (Q1); Molecular Biology (Q1)";"Biochemistry, Genetics and Molecular Biology"
26;4000151809;"PLOS Pathogens";journal;"15537374, 15537366";"Public Library of Science";Yes;No;2,490;Q1;274;638;2046;41904;13933;2024;6,82;65,68;44,19;32;United States;Northern America;"Public Library of Science";"2005-2026";"Genetics (Q1); Immunology (Q1); Microbiology (Q1); Molecular Biology (Q1); Parasitology (Q1); Virology (Q1)";"Biochemistry, Genetics and Molecular Biology; Immunology and Microbiology"
27;21100248838;"Stem Cell Reports";journal;"22136711";"Cell Press";Yes;No;2,464;Q1;127;194;628;9382;3994;608;5,62;48,36;41,94;7;United States;Northern America;"Cell Press";"2013-2026";"Biochemistry (Q1); Cell Biology (Q1); Developmental Biology (Q1); Genetics (Q1)";"Biochemistry, Genetics and Molecular Biology"
28;19065;"Traffic";journal;"16000854, 13989219";"Blackwell Munksgaard";No;No;2,462;Q1;156;36;164;2647;854;144;4,12;73,53;47,95;0;Denmark;Western Europe;"Blackwell Munksgaard";"2000-2026";"Biochemistry (Q1); Cell Biology (Q1); Genetics (Q1); Molecular Biology (Q1); Structural Biology (Q1)";"Biochemistry, Genetics and Molecular Biology"
29;4000151808;"PLOS Genetics";journal;"15537390, 15537404";"Public Library of Science";Yes;No;2,363;Q1;292;466;1678;31723;8445;1652;4,40;68,08;41,77;13;United States;Northern America;"Public Library of Science";"2005-2026";"Cancer Research (Q1); Ecology, Evolution, Behavior and Systematics (Q1); Genetics (Q1); Genetics (clinical) (Q1); Molecular Biology (Q1)";"Agricultural and Biological Sciences; Biochemistry, Genetics and Molecular Biology; Medicine"
30;12523;"Oncogene";journal;"14765594, 09509232";"Springer Nature";Yes;No;2,311;Q1;387;426;1484;22062;11474;1475;7,37;51,79;42,63;2;United Kingdom;Western Europe;"Springer Nature";"1987-2026";"Cancer Research (Q1); Genetics (Q1); Molecular Biology (Q1)";"Biochemistry, Genetics and Molecular Biology"
31;21101072502;"NAR Genomics and Bioinformatics";journal;"26319268";"Oxford University Press";Yes;No;2,304;Q1;38;106;244;5754;1130;242;4,65;54,28;29,62;0;United Kingdom;Western Europe;"Oxford University Press";"2019-2026";"Applied Mathematics (Q1); Computer Science Applications (Q1); Genetics (Q1); Molecular Biology (Q1); Structural Biology (Q1)";"Biochemistry, Genetics and Molecular Biology; Computer Science; Mathematics"
32;22080;"Current Opinion in Genetics and Development";journal;"0959437X, 18790380";"Elsevier Ltd";No;No;2,264;Q1;208;98;300;6073;1233;283;4,00;61,97;44,02;0;United Kingdom;Western Europe;"Elsevier Ltd";"1991-2026";"Developmental Biology (Q1); Genetics (Q1)";"Biochemistry, Genetics and Molecular Biology"
33;16615;"Plant Physiology";journal;"00320889, 15322548";"American Society of Plant Biologists";No;No;2,166;Q1;391;578;1557;35341;10178;1358;5,96;61,14;41,13;11;United States;Northern America;"American Society of Plant Biologists";"1935, 1939, 1942, 1950, 1961, 1964-1971, 1973-2026";"Genetics (Q1); Physiology (Q1); Plant Science (Q1)";"Agricultural and Biological Sciences; Biochemistry, Genetics and Molecular Biology"
34;21101065916;"Cell Reports Methods";journal;"26672375";"Cell Press";Yes;No;2,145;Q1;32;151;78;7671;303;72;3,88;50,80;36,22;1;United States;Northern America;"Cell Press";"2021-2026";"Biochemistry (Q1); Biochemistry, Genetics and Molecular Biology (miscellaneous) (Q1); Biotechnology (Q1); Computer Science Applications (Q1); Genetics (Q1); Radiology, Nuclear Medicine and Imaging (Q1)";"Biochemistry, Genetics and Molecular Biology; Computer Science; Medicine"
35;16612;"Plant Journal";journal;"1365313X, 09607412";"Wiley-Blackwell Publishing Ltd";No;No;2,118;Q1;341;451;1306;32340;9411;1240;7,03;71,71;39,06;12;United Kingdom;Western Europe;"Wiley-Blackwell Publishing Ltd";"1991-2026";"Cell Biology (Q1); Genetics (Q1); Plant Science (Q1)";"Agricultural and Biological Sciences; Biochemistry, Genetics and Molecular Biology"
36;21100852132;"npj Genomic Medicine";journal;"20567944";"Nature Research";Yes;No;2,093;Q1;50;71;189;4052;997;182;5,06;57,07;45,61;5;United Kingdom;Western Europe;"Nature Research";"2016-2026";"Genetics (Q1); Genetics (clinical) (Q1); Molecular Biology (Q1)";"Biochemistry, Genetics and Molecular Biology; Medicine"
37;19700173006;"Clinical Epigenetics";journal;"18687083, 18687075";"BioMed Central Ltd";Yes;No;2,014;Q1;94;193;600;11511;4196;595;5,59;59,64;47,34;8;United Kingdom;Western Europe;"BioMed Central Ltd";"2010-2026";"Developmental Biology (Q1); Genetics (Q1); Genetics (clinical) (Q1); Molecular Biology (Q1)";"Biochemistry, Genetics and Molecular Biology; Medicine"
38;22245;"Human Genetics";journal;"03406717, 14321203";"Springer Science and Business Media Deutschland GmbH";No;No;1,980;Q1;159;141;360;9564;2004;343;5,83;67,83;59,08;6;Germany;Western Europe;"Springer Science and Business Media Deutschland GmbH";"1964-2026";"Genetics (Q1); Genetics (clinical) (Q1)";"Biochemistry, Genetics and Molecular Biology; Medicine"
39;11700154206;"Current Protocols in Human Genetics";journal;"19348266, 19348258";"John Wiley &amp; Sons Inc.";No;No;1,975;Q1;0;0;0;0;0;0;0,00;0,00;0,00;0;United States;Northern America;"John Wiley &amp; Sons Inc.";"2001-2020";"Genetics (Q1); Genetics (clinical) (Q1); Medicine (miscellaneous) (Q1)";"Biochemistry, Genetics and Molecular Biology; Medicine"
40;20297;"Molecular Ecology";journal;"1365294X, 09621083";"Wiley-Blackwell Publishing Ltd";No;No;1,937;Q1;272;437;1203;40231;6543;1110;4,95;92,06;38,19;40;United Kingdom;Western Europe;"Wiley-Blackwell Publishing Ltd";"1992-2026";"Ecology, Evolution, Behavior and Systematics (Q1); Genetics (Q1)";"Agricultural and Biological Sciences; Biochemistry, Genetics and Molecular Biology"
41;19600166321;"Journal of Molecular Cell Biology";journal;"17594685, 16742788";"Oxford University Press";Yes;No;1,904;Q1;91;85;300;4275;1575;254;4,34;50,29;44,09;1;United Kingdom;Western Europe;"Oxford University Press";"2009-2025";"Cell Biology (Q1); Genetics (Q1); Medicine (miscellaneous) (Q1); Molecular Biology (Q1)";"Biochemistry, Genetics and Molecular Biology; Medicine"
42;4000151810;"PLOS Computational Biology";journal;"15537358, 1553734X";"Public Library of Science";Yes;No;1,872;Q1;237;895;2438;54965;11483;2413;4,16;61,41;32,79;35;United States;Northern America;"Public Library of Science";"2005-2026";"Cellular and Molecular Neuroscience (Q1); Computational Theory and Mathematics (Q1); Ecology (Q1); Ecology, Evolution, Behavior and Systematics (Q1); Genetics (Q1); Modeling and Simulation (Q1); Molecular Biology (Q1)";"Agricultural and Biological Sciences; Biochemistry, Genetics and Molecular Biology; Computer Science; Environmental Science; Mathematics; Neuroscience"
43;19700188453;"Transcription";journal;"21541272, 21541264";"Taylor and Francis Ltd.";No;No;1,867;Q1;43;8;58;814;247;48;2,87;101,75;57,89;0;United Kingdom;Western Europe;"Taylor and Francis Ltd.";"2010-2025";"Biochemistry (Q1); Biotechnology (Q1); Genetics (Q1)";"Biochemistry, Genetics and Molecular Biology"
44;22173;"Genetics";journal;"19432631, 00166731";"Oxford University Press";No;No;1,848;Q1;290;228;697;17621;2610;686;3,39;77,29;39,95;1;United Kingdom;Western Europe;"Oxford University Press";"1918, 1920, 1930, 1935, 1938, 1945-1952, 1958, 1960-2026";"Genetics (Q1)";"Biochemistry, Genetics and Molecular Biology"
45;22266;"Human Molecular Genetics";journal;"14602083, 09646906";"Oxford University Press";No;No;1,831;Q1;313;329;914;18918;4283;907;3,73;57,50;45,51;8;United Kingdom;Western Europe;"Oxford University Press";"1992-2026";"Genetics (Q1); Genetics (clinical) (Q1); Medicine (miscellaneous) (Q1); Molecular Biology (Q1)";"Biochemistry, Genetics and Molecular Biology; Medicine"
46;21100451375;"Molecular Therapy Methods and Clinical Development";journal;"23290501";"Cell Press";Yes;No;1,825;Q1;77;163;588;8068;3066;586;4,96;49,50;47,00;4;United States;Northern America;"Cell Press";"2014-2025";"Genetics (Q1); Molecular Biology (Q1); Molecular Medicine (Q1)";"Biochemistry, Genetics and Molecular Biology"
47;18945;"Journal of Medical Genetics";journal;"00222593, 14686244";"BMJ Publishing Group";No;No;1,816;Q1;201;169;334;6330;1781;329;4,49;37,46;53,66;14;United Kingdom;Western Europe;"BMJ Publishing Group";"1964-2026";"Genetics (Q1); Genetics (clinical) (Q1)";"Biochemistry, Genetics and Molecular Biology; Medicine"
48;21101043805;"Environmental DNA";journal;"26374943";"John Wiley &amp; Sons Inc.";Yes;No;1,809;Q1;54;100;184;7570;1383;178;6,81;75,70;35,40;18;United States;Northern America;"John Wiley &amp; Sons Inc.";"2019-2026";"Ecology (Q1); Ecology, Evolution, Behavior and Systematics (Q1); Genetics (Q1)";"Agricultural and Biological Sciences; Biochemistry, Genetics and Molecular Biology; Environmental Science"
49;21100773746;"Horticulture Research";journal;"26626810, 20527276";"Oxford University Press";Yes;No;1,805;Q1;97;298;598;20341;5548;597;8,89;68,26;41,96;6;United Kingdom;Western Europe;"Oxford University Press";"2014-2026";"Biochemistry (Q1); Biotechnology (Q1); Genetics (Q1); Horticulture (Q1); Plant Science (Q1)";"Agricultural and Biological Sciences; Biochemistry, Genetics and Molecular Biology"
50;11200153524;"Biochimica et Biophysica Acta - Gene Regulatory Mechanisms";journal;"18749399, 18764320";"Elsevier B.V.";No;No;1,803;Q1;152;54;266;4159;1362;258;4,87;77,02;41,97;1;Netherlands;Western Europe;"Elsevier B.V.";"2008-2026";"Biochemistry (Q1); Biophysics (Q1); Genetics (Q1); Molecular Biology (Q1); Structural Biology (Q1)";"Biochemistry, Genetics and Molecular Biology"
51;5800207508;"Molecular Oncology";journal;"15747891, 18780261";"John Wiley and Sons Ltd";Yes;No;1,778;Q1;130;229;590;15372;4042;575;6,88;67,13;46,18;4;Netherlands;Western Europe;"John Wiley and Sons Ltd";"2007-2026";"Cancer Research (Q1); Genetics (Q1); Medicine (miscellaneous) (Q1); Molecular Medicine (Q1); Oncology (Q1)";"Biochemistry, Genetics and Molecular Biology; Medicine"
52;22101;"European Journal of Human Genetics";journal;"10184813, 14765438";"Springer Nature";No;No;1,764;Q1;153;226;640;6031;2887;585;4,51;26,69;56,33;26;Switzerland;Western Europe;"Springer Nature";"1993-2026";"Genetics (Q1); Genetics (clinical) (Q1)";"Biochemistry, Genetics and Molecular Biology; Medicine"
53;21100850723;"mSystems";journal;"23795077";"American Society for Microbiology";Yes;No;1,691;Q1;101;320;1018;21818;6373;1009;5,89;68,18;40,57;6;United States;Northern America;"American Society for Microbiology";"2016-2026";"Biochemistry (Q1); Computer Science Applications (Q1); Ecology, Evolution, Behavior and Systematics (Q1); Genetics (Q1); Microbiology (Q1); Modeling and Simulation (Q1); Molecular Biology (Q1); Physiology (Q1)";"Agricultural and Biological Sciences; Biochemistry, Genetics and Molecular Biology; Computer Science; Immunology and Microbiology; Mathematics"
54;5300152707;"Journal of Genetics and Genomics";journal;"16738527, 18735533";"Institute of Genetics and Developmental Biology";No;No;1,620;Q1;88;135;278;7058;1210;201;4,52;52,28;41,62;1;China;Asiatic Region;"Institute of Genetics and Developmental Biology";"2007-2026";"Genetics (Q1); Molecular Biology (Q1)";"Biochemistry, Genetics and Molecular Biology"
55;21100318415;"Computational and Structural Biotechnology Journal";journal;"20010370";"Elsevier B.V.";Yes;No;1,579;Q1;107;564;1043;42374;7010;1037;6,56;75,13;39,05;13;Sweden;Western Europe;"Elsevier B.V.";"2012-2026";"Biochemistry (Q1); Biophysics (Q1); Biotechnology (Q1); Computer Science Applications (Q1); Genetics (Q1); Structural Biology (Q2)";"Biochemistry, Genetics and Molecular Biology; Computer Science"
56;21100907393;"Environmental Microbiome";journal;"25246372";"BioMed Central Ltd";Yes;No;1,538;Q1;55;60;49;4862;364;48;7,71;81,03;39,05;4;United Kingdom;Western Europe;"BioMed Central Ltd";"2019-2026";"Applied Microbiology and Biotechnology (Q1); Genetics (Q1); Microbiology (Q1)";"Biochemistry, Genetics and Molecular Biology; Immunology and Microbiology"
57;22267;"Human Mutation";journal;"10981004, 10597794";"John Wiley and Sons Inc";No;No;1,538;Q1;194;190;534;8618;2276;510;3,94;45,36;52,08;8;United States;Northern America;"John Wiley and Sons Inc";"1992-2026";"Genetics (Q1); Genetics (clinical) (Q1)";"Biochemistry, Genetics and Molecular Biology; Medicine"
58;22104;"Evolution";journal;"15585646, 00143820";"Oxford University Press";No;No;1,503;Q1;234;248;692;17050;2090;610;2,75;68,75;36,68;2;United Kingdom;Western Europe;"Oxford University Press";"1948-1949, 1955, 1963-1964, 1970-1978, 1980-2026";"Agricultural and Biological Sciences (miscellaneous) (Q1); Ecology, Evolution, Behavior and Systematics (Q1); Genetics (Q1)";"Agricultural and Biological Sciences; Biochemistry, Genetics and Molecular Biology"
59;14283;"Proteins: Structure, Function and Genetics";journal;"10970134, 08873585";"";No;No;1,500;-;214;175;437;9562;1699;433;3,50;54,64;36,09;0;United States;Northern America;"";"1986-2026";"Biochemistry (Q1); Molecular Biology (Q1); Structural Biology (Q2)";"Biochemistry, Genetics and Molecular Biology"
60;19900193739;"Nucleic Acid Therapeutics";journal;"21593345, 21593337";"Mary Ann Liebert Inc.";No;No;1,490;Q1;85;46;118;2358;483;115;3,99;51,26;37,20;0;United States;Northern America;"Mary Ann Liebert Inc.";"2011-2025";"Biochemistry (Q1); Drug Discovery (Q1); Genetics (Q1); Molecular Biology (Q1); Molecular Medicine (Q1)";"Biochemistry, Genetics and Molecular Biology; Pharmacology, Toxicology and Pharmaceutics"
61;21100861038;"Non-coding RNA";journal;"2311553X";"Multidisciplinary Digital Publishing Institute (MDPI)";Yes;No;1,486;Q1;48;82;181;5989;956;173;4,31;73,04;41,26;0;Switzerland;Western Europe;"Multidisciplinary Digital Publishing Institute (MDPI)";"2015-2025";"Biochemistry (Q1); Genetics (Q1); Molecular Biology (Q1)";"Biochemistry, Genetics and Molecular Biology"
62;15106;"Journal of Inherited Metabolic Disease";journal;"01418955, 15732665";"Springer Netherlands";Yes;No;1,459;Q1;131;108;371;4558;1892;338;4,54;42,20;53,68;6;Netherlands;Western Europe;"Springer Netherlands";"1978-2026";"Genetics (Q1); Genetics (clinical) (Q1)";"Biochemistry, Genetics and Molecular Biology; Medicine"
63;18965;"Molecular Phylogenetics and Evolution";journal;"10959513, 10557903";"Academic Press Inc.";No;No;1,414;Q1;188;223;782;20490;3451;767;4,33;91,88;33,47;5;United States;Northern America;"Academic Press Inc.";"1992-2026";"Ecology, Evolution, Behavior and Systematics (Q1); Genetics (Q1); Molecular Biology (Q1)";"Agricultural and Biological Sciences; Biochemistry, Genetics and Molecular Biology"
64;19046;"Theoretical and Applied Genetics";journal;"14322242, 00405752";"Springer Science and Business Media Deutschland GmbH";No;No;1,403;Q1;211;284;727;19182;4823;724;6,27;67,54;35,55;11;Germany;Western Europe;"Springer Science and Business Media Deutschland GmbH";"1933, 1941, 1946, 1965, 1968-2026";"Agronomy and Crop Science (Q1); Biotechnology (Q1); Genetics (Q1); Medicine (miscellaneous) (Q1)";"Agricultural and Biological Sciences; Biochemistry, Genetics and Molecular Biology; Medicine"
65;5700191205;"Forensic Science International: Genetics";journal;"18724973, 18780326";"Elsevier Ireland Ltd";No;No;1,392;Q1;107;139;486;6224;1982;426;3,55;44,78;45,90;10;Ireland;Western Europe;"Elsevier Ireland Ltd";"2007-2026";"Genetics (Q1); Pathology and Forensic Medicine (Q1)";"Biochemistry, Genetics and Molecular Biology; Medicine"
66;15048;"FASEB Journal";journal;"15306860, 08926638";"John Wiley &amp; Sons Inc.";No;No;1,386;Q1;320;568;3091;30966;15080;3054;4,53;54,52;42,56;1;United States;Northern America;"John Wiley &amp; Sons Inc.";"1987-2026";"Biochemistry (Q1); Biotechnology (Q1); Genetics (Q1); Medicine (miscellaneous) (Q1); Molecular Biology (Q2)";"Biochemistry, Genetics and Molecular Biology; Medicine"
67;19400157205;"Evolutionary Applications";journal;"17524571";"John Wiley and Sons Inc";Yes;No;1,374;Q1;102;144;532;12782;2306;524;4,10;88,76;38,75;22;United States;Northern America;"John Wiley and Sons Inc";"2008-2026";"Agricultural and Biological Sciences (miscellaneous) (Q1); Ecology, Evolution, Behavior and Systematics (Q1); Genetics (Q1)";"Agricultural and Biological Sciences; Biochemistry, Genetics and Molecular Biology"
68;19700182013;"Genome Biology and Evolution";journal;"17596653";"Oxford University Press";Yes;No;1,374;Q1;109;180;830;11634;2919;818;3,20;64,63;37,04;5;United Kingdom;Western Europe;"Oxford University Press";"2009-2026";"Ecology, Evolution, Behavior and Systematics (Q1); Genetics (Q1)";"Agricultural and Biological Sciences; Biochemistry, Genetics and Molecular Biology"
69;28081;"Gene Therapy";journal;"09697128, 14765462";"Springer Nature";No;No;1,366;Q1;181;72;170;3397;859;145;5,31;47,18;44,76;0;United Kingdom;Western Europe;"Springer Nature";"1994-2026";"Genetics (Q1); Molecular Medicine (Q1); Molecular Biology (Q2)";"Biochemistry, Genetics and Molecular Biology"
70;22139;"Genes Chromosomes and Cancer";journal;"10982264, 10452257";"Wiley-Liss Inc.";No;No;1,362;Q1;137;78;272;3693;1144;260;3,91;47,35;47,99;4;United States;Northern America;"Wiley-Liss Inc.";"1989-2026";"Genetics (Q1); Cancer Research (Q2)";"Biochemistry, Genetics and Molecular Biology"
71;145164;"Human Genomics";journal;"14739542, 14797364";"BioMed Central Ltd";Yes;No;1,308;Q1;78;70;180;4519;941;172;4,33;64,56;43,76;8;United Kingdom;Western Europe;"BioMed Central Ltd";"2003-2006, 2008-2026";"Drug Discovery (Q1); Genetics (Q1); Molecular Medicine (Q1); Molecular Biology (Q2)";"Biochemistry, Genetics and Molecular Biology; Pharmacology, Toxicology and Pharmaceutics"
72;21100207626;"Advances in Biological Regulation";journal;"22124934, 22124926";"Elsevier Ltd";No;No;1,276;Q1;75;30;123;1710;542;117;4,04;57,00;42,40;0;United Kingdom;Western Europe;"Elsevier Ltd";"2012-2026";"Genetics (Q1); Molecular Medicine (Q1); Cancer Research (Q2); Molecular Biology (Q2)";"Biochemistry, Genetics and Molecular Biology"
73;17481;"FEBS Letters";journal;"00145793, 18733468";"John Wiley and Sons Inc";No;No;1,276;Q1;295;243;859;16044;3163;824;3,46;66,02;39,05;3;United States;Northern America;"John Wiley and Sons Inc";"1968-2026";"Biochemistry (Q1); Biophysics (Q1); Genetics (Q1); Cell Biology (Q2); Molecular Biology (Q2); Structural Biology (Q2)";"Biochemistry, Genetics and Molecular Biology"
74;21100870279;"Microbial Genomics";journal;"20575858";"Microbiology Society";Yes;No;1,257;Q1;62;172;470;10877;2151;468;4,17;63,24;44,32;12;United Kingdom;Western Europe;"Microbiology Society";"2015-2026";"Genetics (Q1); Microbiology (Q1); Epidemiology (Q2); Molecular Biology (Q2)";"Biochemistry, Genetics and Molecular Biology; Immunology and Microbiology; Medicine"
75;16620;"Plant Science";journal;"01689452, 18732259";"Elsevier Ireland Ltd";No;No;1,249;Q1;201;316;914;20253;5728;908;5,65;64,09;43,61;4;Ireland;Western Europe;"Elsevier Ireland Ltd";"1985-2026";"Agronomy and Crop Science (Q1); Genetics (Q1); Medicine (miscellaneous) (Q1); Plant Science (Q1)";"Agricultural and Biological Sciences; Biochemistry, Genetics and Molecular Biology; Medicine"
76;19961;"Molecular Medicine";journal;"10761551, 15283658";"BioMed Central Ltd";Yes;No;1,245;Q1;141;162;331;9799;1917;329;5,49;60,49;42,15;4;United Kingdom;Western Europe;"BioMed Central Ltd";"1994-2026";"Genetics (Q1); Genetics (clinical) (Q1); Molecular Medicine (Q1); Molecular Biology (Q2)";"Biochemistry, Genetics and Molecular Biology; Medicine"
77;18988;"Mutation Research - Reviews in Mutation Research";journal;"13882139, 13835742";"Elsevier B.V.";No;No;1,245;Q1;147;22;110;3074;677;107;5,49;139,73;50,00;2;Netherlands;Western Europe;"Elsevier B.V.";"1990-1991, 1993-1994, 1997-2026";"Genetics (Q1); Health, Toxicology and Mutagenesis (Q1)";"Biochemistry, Genetics and Molecular Biology; Environmental Science"
78;22064;"Clinical Genetics";journal;"00099163, 13990004";"Wiley-Blackwell Publishing Ltd";No;No;1,241;Q1;125;150;570;4085;2041;471;3,19;27,23;58,32;8;United Kingdom;Western Europe;"Wiley-Blackwell Publishing Ltd";"1970-2026";"Genetics (Q1); Genetics (clinical) (Q1)";"Biochemistry, Genetics and Molecular Biology; Medicine"
79;25949;"Experimental Hematology";journal;"0301472X, 18732399";"Elsevier Inc.";No;No;1,182;Q1;133;76;260;4053;707;258;2,72;53,33;44,09;0;United States;Northern America;"Elsevier Inc.";"1973-2026";"Genetics (Q1); Hematology (Q1); Cancer Research (Q2); Cell Biology (Q2); Molecular Biology (Q2)";"Biochemistry, Genetics and Molecular Biology; Medicine"
80;32795;"Journal of Dairy Science";journal;"15253198, 00220302";"Elsevier Inc.";Yes;No;1,179;Q1;252;718;3067;38007;12858;3054;3,90;52,93;42,84;49;United States;Northern America;"Elsevier Inc.";"1917-2026";"Animal Science and Zoology (Q1); Food Science (Q1); Genetics (Q1)";"Agricultural and Biological Sciences; Biochemistry, Genetics and Molecular Biology"
81;21100203948;"EvoDevo";journal;"20419139";"BioMed Central Ltd";Yes;No;1,172;Q1;48;18;72;1537;253;71;3,87;85,39;45,76;0;United Kingdom;Western Europe;"BioMed Central Ltd";"2010-2026";"Developmental Biology (Q1); Ecology, Evolution, Behavior and Systematics (Q1); Genetics (Q1)";"Agricultural and Biological Sciences; Biochemistry, Genetics and Molecular Biology"
82;21100932746;"CRISPR Journal";journal;"25731599, 25731602";"Mary Ann Liebert Inc.";No;No;1,151;Q1;28;79;169;4103;438;143;2,62;51,94;41,01;3;United States;Northern America;"Mary Ann Liebert Inc.";"2019-2026";"Biotechnology (Q1); Genetics (Q1)";"Biochemistry, Genetics and Molecular Biology"
83;29094;"Cancer Cell International";journal;"14752867";"BioMed Central Ltd";Yes;No;1,145;Q1;100;407;1547;28017;8729;1545;5,52;68,84;42,89;1;United Kingdom;Western Europe;"BioMed Central Ltd";"2001-2026";"Genetics (Q1); Cancer Research (Q2); Oncology (Q2)";"Biochemistry, Genetics and Molecular Biology; Medicine"
84;16530;"Physiologia Plantarum";journal;"00319317, 13993054";"Wiley-Blackwell Publishing Ltd";No;No;1,141;Q1;187;252;755;18518;4507;727;6,40;73,48;42,68;1;United Kingdom;Western Europe;"Wiley-Blackwell Publishing Ltd";"1948-2026";"Genetics (Q1); Medicine (miscellaneous) (Q1); Physiology (Q1); Plant Science (Q1); Cell Biology (Q2)";"Agricultural and Biological Sciences; Biochemistry, Genetics and Molecular Biology; Medicine"
85;16617;"Plant Physiology and Biochemistry";journal;"09819428, 18732690";"Elsevier Masson s.r.l.";No;No;1,141;Q1;183;373;1568;24193;10974;1564;6,83;64,86;41,78;5;France;Western Europe;"Elsevier Masson s.r.l.";"1989, 1991-2026";"Genetics (Q1); Physiology (Q1); Plant Science (Q1)";"Agricultural and Biological Sciences; Biochemistry, Genetics and Molecular Biology"
86;28747;"BMC Cancer";journal;"14712407";"BioMed Central Ltd";Yes;No;1,137;Q1;180;1338;3763;54026;16453;3762;3,80;40,38;41,20;76;United Kingdom;Western Europe;"BioMed Central Ltd";"2001-2026";"Genetics (Q1); Cancer Research (Q2); Oncology (Q2)";"Biochemistry, Genetics and Molecular Biology; Medicine"
87;13042;"Plant Molecular Biology";journal;"15735028, 01674412";"Springer Science and Business Media B.V.";No;No;1,132;Q2;208;123;363;9424;1964;361;5,26;76,62;36,66;7;Netherlands;Western Europe;"Springer Science and Business Media B.V.";"1981-2026";"Agronomy and Crop Science (Q1); Medicine (miscellaneous) (Q1); Plant Science (Q1); Genetics (Q2)";"Agricultural and Biological Sciences; Biochemistry, Genetics and Molecular Biology; Medicine"
88;22129;"Genes and Immunity";journal;"14664879, 14765470";"Springer Nature";No;No;1,121;Q2;117;33;146;1445;556;135;4,81;43,79;47,94;1;United Kingdom;Western Europe;"Springer Nature";"1999-2017, 2019-2026";"Genetics (Q2); Genetics (clinical) (Q2); Immunology (Q2)";"Biochemistry, Genetics and Molecular Biology; Immunology and Microbiology; Medicine"
89;6400153153;"Plant Methods";journal;"17464811";"BioMed Central Ltd";Yes;No;1,121;Q2;113;141;438;7136;2980;438;5,56;50,61;34,68;5;United Kingdom;Western Europe;"BioMed Central Ltd";"2005-2026";"Biotechnology (Q1); Plant Science (Q1); Genetics (Q2)";"Agricultural and Biological Sciences; Biochemistry, Genetics and Molecular Biology"
90;21727;"BMC Genomics";journal;"14712164";"BioMed Central Ltd";Yes;No;1,107;Q2;218;849;2782;52775;13279;2778;4,45;62,16;40,28;28;United Kingdom;Western Europe;"BioMed Central Ltd";"2000-2026";"Biotechnology (Q1); Genetics (Q2)";"Biochemistry, Genetics and Molecular Biology"
91;21100901579;"Microbial Cell";journal;"23112638";"Shared Science Publishers OG";Yes;No;1,101;Q2;47;22;103;1049;444;102;3,77;47,68;37,18;0;Austria;Western Europe;"Shared Science Publishers OG";"2014-2026";"Applied Microbiology and Biotechnology (Q1); Biochemistry, Genetics and Molecular Biology (miscellaneous) (Q1); Parasitology (Q1); Cell Biology (Q2); Genetics (Q2); Microbiology (Q2); Molecular Biology (Q2); Virology (Q2)";"Biochemistry, Genetics and Molecular Biology; Immunology and Microbiology"
92;21100433120;"Microbiology Spectrum";journal;"21650497";"American Society for Microbiology";Yes;No;1,095;Q2;111;1905;671;95791;3124;668;3,57;50,28;45,85;104;United States;Northern America;"American Society for Microbiology";"2013-2026";"Ecology (Q1); Immunology and Microbiology (miscellaneous)  (Q1); Infectious Diseases (Q1); Microbiology (medical) (Q1); Physiology (Q1); Cell Biology (Q2); Genetics (Q2)";"Biochemistry, Genetics and Molecular Biology; Environmental Science; Immunology and Microbiology; Medicine"
93;19700175823;"Briefings in Functional Genomics";journal;"20412649, 20412657";"Oxford University Press";No;No;1,089;Q2;91;38;110;3395;509;103;3,63;89,34;37,91;1;United Kingdom;Western Europe;"Oxford University Press";"2010-2026";"Biochemistry (Q1); Medicine (miscellaneous) (Q1); Genetics (Q2); Molecular Biology (Q2)";"Biochemistry, Genetics and Molecular Biology; Medicine"
94;18928;"Journal of Human Genetics";journal;"1435232X, 14345161";"Springer Nature";No;No;1,089;Q2;100;105;415;3054;1458;398;3,56;29,09;35,85;2;United Kingdom;Western Europe;"Springer Nature";"1961, 1996, 1998-2026";"Genetics (Q2); Genetics (clinical) (Q2)";"Biochemistry, Genetics and Molecular Biology; Medicine"
95;21100980170;"Matrix Biology Plus";journal;"25900285";"Elsevier B.V.";Yes;No;1,083;Q2;27;27;80;1986;356;80;4,38;73,56;42,33;0;Netherlands;Western Europe;"Elsevier B.V.";"2019-2026";"Biochemistry (Q1); Biophysics (Q1); Histology (Q1); Cell Biology (Q2); Genetics (Q2); Molecular Biology (Q2)";"Biochemistry, Genetics and Molecular Biology; Medicine"
96;35934;"Physiological Genomics";journal;"15312267, 10948341";"American Physiological Society";No;No;1,082;Q2;132;46;165;2511;788;162;5,13;54,59;41,14;0;United States;Northern America;"American Physiological Society";"1999-2026";"Physiology (Q1); Genetics (Q2)";"Biochemistry, Genetics and Molecular Biology"
97;18926;"Journal of Heredity";journal;"14657333, 00221503";"Oxford University Press";No;No;1,076;Q2;108;69;201;4625;557;195;3,10;67,03;34,93;3;United Kingdom;Western Europe;"Oxford University Press";"1905-2026";"Biotechnology (Q1); Genetics (Q2); Genetics (clinical) (Q2); Molecular Biology (Q2)";"Biochemistry, Genetics and Molecular Biology; Medicine"
98;22235;"Heredity";journal;"0018067X, 13652540";"Springer Nature";Yes;No;1,074;Q2;146;86;353;7160;1289;348;3,82;83,26;31,65;5;Switzerland;Western Europe;"Springer Nature";"1947-2026";"Genetics (Q2); Genetics (clinical) (Q2)";"Biochemistry, Genetics and Molecular Biology; Medicine"
99;19836;"Mycorrhiza";journal;"14321890, 09406360";"Springer Science and Business Media Deutschland GmbH";No;No;1,048;Q2;113;38;182;2647;845;179;4,34;69,66;28,50;1;Germany;Western Europe;"Springer Science and Business Media Deutschland GmbH";"1991-2026";"Ecology, Evolution, Behavior and Systematics (Q1); Medicine (miscellaneous) (Q1); Plant Science (Q1); Genetics (Q2); Molecular Biology (Q2)";"Agricultural and Biological Sciences; Biochemistry, Genetics and Molecular Biology; Medicine"
100;22243;"Human Gene Therapy";journal;"10430342, 15577422";"Mary Ann Liebert Inc.";No;No;1,045;Q2;167;132;446;5597;1499;389;2,95;42,40;43,93;3;United States;Northern America;"Mary Ann Liebert Inc.";"1990-2026";"Genetics (Q2); Molecular Biology (Q2); Molecular Medicine (Q2)";"Biochemistry, Genetics and Molecular Biology"
101;17517;"IUBMB Life";journal;"15216543, 15216551";"John Wiley and Sons Inc";No;No;1,041;Q2;144;92;513;6947;2566;506;4,88;75,51;42,82;2;United States;Northern America;"John Wiley and Sons Inc";"1999-2026";"Clinical Biochemistry (Q1); Biochemistry (Q2); Cell Biology (Q2); Genetics (Q2); Molecular Biology (Q2)";"Biochemistry, Genetics and Molecular Biology"
102;28010;"Molecular Human Reproduction";journal;"14602407, 13609947";"Oxford University Press";No;No;1,039;Q2;145;42;226;2660;933;222;4,10;63,33;48,69;0;United Kingdom;Western Europe;"Oxford University Press";"1995-2026";"Embryology (Q1); Obstetrics and Gynecology (Q1); Reproductive Medicine (Q1); Cell Biology (Q2); Developmental Biology (Q2); Genetics (Q2); Molecular Biology (Q2)";"Biochemistry, Genetics and Molecular Biology; Medicine"
103;23140;"Current Opinion in Lipidology";journal;"14736535, 09579672";"Lippincott Williams and Wilkins";No;No;1,032;Q2;142;52;206;2372;706;152;3,24;45,62;42,61;0;United States;Northern America;"Lippincott Williams and Wilkins";"1990-2026";"Cardiology and Cardiovascular Medicine (Q1); Nutrition and Dietetics (Q1); Cell Biology (Q2); Endocrinology, Diabetes and Metabolism (Q2); Genetics (Q2); Molecular Biology (Q2)";"Biochemistry, Genetics and Molecular Biology; Medicine; Nursing"
104;29769;"Familial Cancer";journal;"15737292, 13899600";"Springer Science and Business Media B.V.";No;No;1,031;Q2;72;51;149;1712;410;143;2,32;33,57;60,13;13;Netherlands;Western Europe;"Springer Science and Business Media B.V.";"2001, 2003-2026";"Cancer Research (Q2); Genetics (Q2); Genetics (clinical) (Q2); Oncology (Q2)";"Biochemistry, Genetics and Molecular Biology; Medicine"
105;4200151509;"Molecular Diagnosis and Therapy";journal;"11792000, 11771062";"";No;No;1,030;Q2;76;54;185;3700;757;179;3,98;68,52;46,04;2;Switzerland;Western Europe;"";"2001, 2006-2026";"Medicine (miscellaneous) (Q1); Pharmacology (Q1); Genetics (Q2); Molecular Medicine (Q2)";"Biochemistry, Genetics and Molecular Biology; Medicine; Pharmacology, Toxicology and Pharmaceutics"
106;14759;"International Journal of Molecular Medicine";journal;"1791244X, 11073756";"Spandidos Publications";No;No;1,029;Q2;124;142;1036;9269;5626;1035;5,40;65,27;45,59;3;Greece;Western Europe;"Spandidos Publications";"1998-2026";"Medicine (miscellaneous) (Q1); Genetics (Q2)";"Biochemistry, Genetics and Molecular Biology; Medicine"
107;22193;"Genetics Selection Evolution";journal;"0999193X, 12979686";"BioMed Central Ltd";Yes;No;1,027;Q2;97;81;237;4384;1091;236;4,11;54,12;36,04;7;United Kingdom;Western Europe;"BioMed Central Ltd";"1970, 1972-1977, 1983, 1989-2026";"Animal Science and Zoology (Q1); Ecology, Evolution, Behavior and Systematics (Q1); Medicine (miscellaneous) (Q1); Genetics (Q2)";"Agricultural and Biological Sciences; Biochemistry, Genetics and Molecular Biology; Medicine"
108;14155;"Molecular Genetics and Metabolism";journal;"10967206, 10967192";"Academic Press Inc.";No;No;1,019;Q2;134;129;394;6055;1542;371;3,53;46,94;49,78;10;United States;Northern America;"Academic Press Inc.";"1998-2026";"Biochemistry (Q2); Endocrinology (Q2); Endocrinology, Diabetes and Metabolism (Q2); Genetics (Q2); Molecular Biology (Q2)";"Biochemistry, Genetics and Molecular Biology; Medicine"
109;16950;"Chromosome Research";journal;"15736849, 09673849";"";No;No;1,018;Q2;92;33;80;1993;269;75;2,62;60,39;47,06;1;Netherlands;Western Europe;"";"1993-2026";"Genetics (Q2)";"Biochemistry, Genetics and Molecular Biology"
110;22074;"Current Genetics";journal;"01728083, 14320983";"Springer Science and Business Media Deutschland GmbH";No;No;1,013;Q2;98;48;346;3385;966;345;2,63;70,52;44,69;0;Germany;Western Europe;"Springer Science and Business Media Deutschland GmbH";"1979-2025";"Medicine (miscellaneous) (Q1); Genetics (Q2)";"Biochemistry, Genetics and Molecular Biology; Medicine"
111;24546;"Zoologica Scripta";journal;"14636409, 03003256";"Wiley-Blackwell Publishing Ltd";No;No;1,002;Q2;78;47;165;3488;476;164;2,77;74,21;32,79;0;United Kingdom;Western Europe;"Wiley-Blackwell Publishing Ltd";"1971-2026";"Animal Science and Zoology (Q1); Ecology, Evolution, Behavior and Systematics (Q1); Genetics (Q2); Molecular Biology (Q2)";"Agricultural and Biological Sciences; Biochemistry, Genetics and Molecular Biology"
112;21100236803;"Frontiers in Genetics";journal;"16648021";"Frontiers Media SA";Yes;No;1,000;Q2;147;3777;5775;206042;24386;5601;3,64;54,55;43,09;67;Switzerland;Western Europe;"Frontiers Media SA";"2010-2026";"Genetics (Q2); Genetics (clinical) (Q2); Molecular Medicine (Q2)";"Biochemistry, Genetics and Molecular Biology; Medicine"
113;22138;"Genes, Brain and Behavior";journal;"1601183X, 16011848";"Wiley-Blackwell Publishing Ltd";No;No;1,000;Q2;107;55;243;4122;741;238;2,82;74,95;51,78;0;United Kingdom;Western Europe;"Wiley-Blackwell Publishing Ltd";"2002-2025";"Behavioral Neuroscience (Q1); Genetics (Q2); Neurology (Q2)";"Biochemistry, Genetics and Molecular Biology; Neuroscience"
114;17426;"DNA Research";journal;"17561663, 13402838";"Oxford University Press";Yes;No;0,998;Q2;120;40;96;2844;418;96;4,04;71,10;34,28;1;United Kingdom;Western Europe;"Oxford University Press";"1994-2026";"Medicine (miscellaneous) (Q1); Genetics (Q2); Molecular Biology (Q2)";"Biochemistry, Genetics and Molecular Biology; Medicine"
115;16646;"Planta";journal;"14322048, 00320935";"Springer Science and Business Media Deutschland GmbH";No;No;0,978;Q2;204;239;765;18433;3899;763;4,37;77,13;42,67;5;Germany;Western Europe;"Springer Science and Business Media Deutschland GmbH";"1925-1945, 1947-2026";"Plant Science (Q1); Genetics (Q2)";"Agricultural and Biological Sciences; Biochemistry, Genetics and Molecular Biology"
116;19900191728;"Arthropod Systematics and Phylogeny";journal;"18637221, 18648312";"Staatliche Naturhistorische Sammlungen Dresden";Yes;Yes;0,967;Q2;31;29;65;1841;139;65;1,86;63,48;26,42;0;Germany;Western Europe;"Staatliche Naturhistorische Sammlungen Dresden";"2009-2025";"Insect Science (Q1); Genetics (Q2)";"Agricultural and Biological Sciences; Biochemistry, Genetics and Molecular Biology"
117;21100232417;"G3: Genes, Genomes, Genetics";journal;"21601836";"Genetics Society of America";Yes;No;0,952;Q2;98;386;1203;23627;3705;1197;2,72;61,21;40,94;8;United States;Northern America;"Genetics Society of America";"2011-2026";"Medicine (miscellaneous) (Q1); Genetics (Q2); Genetics (clinical) (Q2); Molecular Biology (Q2)";"Biochemistry, Genetics and Molecular Biology; Medicine"
118;29003;"Experimental Gerontology";journal;"18736815, 05315565";"Elsevier Inc.";Yes;No;0,937;Q2;170;264;864;13879;3658;855;4,06;52,57;44,63;9;United States;Northern America;"Elsevier Inc.";"1964-2026";"Biochemistry (Q2); Cell Biology (Q2); Endocrinology (Q2); Genetics (Q2); Molecular Biology (Q2); Aging (Q3)";"Biochemistry, Genetics and Molecular Biology"
119;19700188368;"Genes";journal;"20734425";"Multidisciplinary Digital Publishing Institute (MDPI)";Yes;No;0,924;Q2;119;2398;4598;141388;18113;4519;3,61;58,96;46,70;51;Switzerland;Western Europe;"Multidisciplinary Digital Publishing Institute (MDPI)";"2010-2026";"Genetics (Q2); Genetics (clinical) (Q2)";"Biochemistry, Genetics and Molecular Biology; Medicine"
120;21100356807;"Current Plant Biology";journal;"22146628";"Elsevier B.V.";Yes;No;0,921;Q2;42;33;121;2614;645;110;5,57;79,21;35,92;0;Netherlands;Western Europe;"Elsevier B.V.";"2014-2026";"Plant Science (Q1); Biochemistry (Q2); Cell Biology (Q2); Developmental Biology (Q2); Genetics (Q2)";"Agricultural and Biological Sciences; Biochemistry, Genetics and Molecular Biology"
121;21101075891;"aBIOTECH";journal;"26621738, 20966326";"Editorial Department of Scientia Agricultura Sinica";No;No;0,917;Q2;27;24;55;1431;222;53;4,04;59,63;37,30;2;Singapore;Asiatic Region;"Editorial Department of Scientia Agricultura Sinica";"2020-2026";"Agronomy and Crop Science (Q1); Biotechnology (Q1); Plant Science (Q1); Biochemistry, Genetics and Molecular Biology (miscellaneous) (Q2); Genetics (Q2); Molecular Biology (Q2)";"Agricultural and Biological Sciences; Biochemistry, Genetics and Molecular Biology"
122;22120;"Gene Expression";journal;"15553884, 10522166";"";No;No;0,914;Q2;56;8;30;445;107;30;3,37;55,63;35,48;0;United States;Northern America;"";"1991-2025";"Genetics (Q2); Molecular Biology (Q2)";"Biochemistry, Genetics and Molecular Biology"
123;17300154988;"BioData Mining";journal;"17560381";"BioMed Central Ltd";Yes;No;0,913;Q2;46;31;92;1586;424;88;4,85;51,16;32,74;2;United Kingdom;Western Europe;"BioMed Central Ltd";"2009-2026";"Computational Mathematics (Q1); Computational Theory and Mathematics (Q1); Biochemistry (Q2); Computer Science Applications (Q2); Genetics (Q2); Molecular Biology (Q2)";"Biochemistry, Genetics and Molecular Biology; Computer Science; Mathematics"
124;21369;"Expert Review of Molecular Diagnostics";journal;"17448352, 14737159";"Taylor and Francis Ltd.";No;No;0,910;Q2;95;100;357;7967;1601;299;4,58;79,67;43,46;4;United Kingdom;Western Europe;"Taylor and Francis Ltd.";"2001-2026";"Pathology and Forensic Medicine (Q1); Genetics (Q2); Molecular Biology (Q2); Molecular Medicine (Q2)";"Biochemistry, Genetics and Molecular Biology; Medicine"
125;17300154707;"BMC Medical Genomics";journal;"17558794";"BioMed Central Ltd";Yes;No;0,892;Q2;102;273;1129;11791;3250;1126;2,64;43,19;42,50;5;United Kingdom;Western Europe;"BioMed Central Ltd";"2008-2026";"Genetics (Q2); Genetics (clinical) (Q2)";"Biochemistry, Genetics and Molecular Biology; Medicine"
126;21100823995;"Non-coding RNA Research";journal;"24680540";"KeAi Communications Co.";Yes;No;0,886;Q2;37;32;75;1995;342;72;4,73;62,34;40,52;0;China;Asiatic Region;"KeAi Communications Co.";"2016-2026";"Biochemistry (Q2); Biochemistry (medical) (Q2); Genetics (Q2); Molecular Biology (Q2)";"Biochemistry, Genetics and Molecular Biology; Medicine"
127;21752;"Chromosoma";journal;"14320886, 00095915";"Springer Science and Business Media Deutschland GmbH";No;No;0,870;Q2;100;17;82;1319;175;79;1,58;77,59;47,47;0;Germany;Western Europe;"Springer Science and Business Media Deutschland GmbH";"1939, 1941, 1948, 1950-1953, 1955-2025";"Genetics (Q2); Genetics (clinical) (Q2)";"Biochemistry, Genetics and Molecular Biology; Medicine"
128;22141;"Genes to Cells";journal;"13652443, 13569597";"Wiley-Blackwell Publishing Ltd";No;No;0,868;Q2;129;59;206;2435;434;206;2,14;41,27;27,22;1;United Kingdom;Western Europe;"Wiley-Blackwell Publishing Ltd";"1996-2026";"Genetics (Q2); Medicine (miscellaneous) (Q2); Cell Biology (Q3)";"Biochemistry, Genetics and Molecular Biology; Medicine"
129;22215;"Genomics";journal;"08887543, 10898646";"Academic Press Inc.";Yes;No;0,866;Q2;164;281;1233;18439;5597;1230;4,62;65,62;38,92;1;United States;Northern America;"Academic Press Inc.";"1987-2026";"Genetics (Q2)";"Biochemistry, Genetics and Molecular Biology"
130;16703;"American Journal of Botany";journal;"15372197, 00029122";"John Wiley &amp; Sons Inc.";No;No;0,863;Q2;186;153;510;11534;1409;475;2,86;75,39;40,31;8;United States;Northern America;"John Wiley &amp; Sons Inc.";"1922, 1934-1935, 1939-1943, 1946-1957, 1959-1960, 1965-1970, 1974, 1976-2026";"Ecology, Evolution, Behavior and Systematics (Q1); Plant Science (Q1); Genetics (Q2)";"Agricultural and Biological Sciences; Biochemistry, Genetics and Molecular Biology"
131;18962;"Mammalian Genome";journal;"14321777, 09388990";"Springer";No;No;0,855;Q2;109;60;103;3709;292;99;2,56;61,82;39,68;0;United States;Northern America;"Springer";"1991-2026";"Genetics (Q2)";"Biochemistry, Genetics and Molecular Biology"
132;21100832705;"Cold Spring Harbor Molecular Case Studies";journal;"23732873";"Cold Spring Harbor Laboratory Press";No;No;0,854;Q2;31;71;197;2059;443;195;1,71;29,00;48,36;1;United States;Northern America;"Cold Spring Harbor Laboratory Press";"2016-2023";"Biochemistry (Q2); Genetics (Q2); Genetics (clinical) (Q2); Molecular Medicine (Q2)";"Biochemistry, Genetics and Molecular Biology; Medicine"
133;14500154702;"Journal of Cardiovascular Translational Research";journal;"19375395, 19375387";"Springer";No;No;0,853;Q2;68;130;299;5524;1091;278;3,59;42,49;37,22;5;United States;Northern America;"Springer";"2008-2026";"Pharmaceutical Science (Q1); Cardiology and Cardiovascular Medicine (Q2); Genetics (Q2); Genetics (clinical) (Q2); Molecular Medicine (Q2)";"Biochemistry, Genetics and Molecular Biology; Medicine; Pharmacology, Toxicology and Pharmaceutics"
134;27580;"Journal of Assisted Reproduction and Genetics";journal;"10580468, 15737330";"Springer";No;No;0,844;Q2;108;292;977;11501;3153;846;2,84;39,39;53,71;8;United States;Northern America;"Springer";"1992-2026";"Developmental Biology (Q2); Genetics (Q2); Genetics (clinical) (Q2); Medicine (miscellaneous) (Q2); Obstetrics and Gynecology (Q2); Reproductive Medicine (Q2)";"Biochemistry, Genetics and Molecular Biology; Medicine"
135;21101050345;"Phytopathology Research";journal;"20965362, 25244167";"BioMed Central Ltd";Yes;Yes;0,841;Q2;27;49;93;2877;424;93;3,66;58,71;39,10;2;United Kingdom;Western Europe;"BioMed Central Ltd";"2019-2026";"Plant Science (Q1); Biochemistry, Genetics and Molecular Biology (miscellaneous) (Q2); Genetics (Q2); Physiology (Q2)";"Agricultural and Biological Sciences; Biochemistry, Genetics and Molecular Biology"
136;18946;"Journal of Molecular Evolution";journal;"14321432, 00222844";"Springer";No;No;0,836;Q2;142;38;153;2492;480;124;3,30;65,58;34,29;0;United States;Northern America;"Springer";"1971-2026";"Ecology, Evolution, Behavior and Systematics (Q1); Genetics (Q2); Molecular Biology (Q2)";"Agricultural and Biological Sciences; Biochemistry, Genetics and Molecular Biology"
137;21101022488;"Metabarcoding and Metagenomics";journal;"25349708";"Pensoft Publishers";Yes;No;0,835;Q2;25;26;43;1741;167;41;3,27;66,96;38,50;5;Bulgaria;Eastern Europe;"Pensoft Publishers";"2017-2025";"Animal Science and Zoology (Q1); Ecology, Evolution, Behavior and Systematics (Q1); Insect Science (Q1); Nature and Landscape Conservation (Q1); Plant Science (Q1); Genetics (Q2); Molecular Biology (Q2)";"Agricultural and Biological Sciences; Biochemistry, Genetics and Molecular Biology; Environmental Science"
138;19814;"Mycologia";journal;"00275514, 15572536";"Taylor and Francis Ltd.";No;No;0,835;Q2;135;61;246;4048;719;245;3,13;66,36;39,53;3;United Kingdom;Western Europe;"Taylor and Francis Ltd.";"1945-1949, 1953, 1960-1961, 1965-1982, 1984-2026";"Ecology, Evolution, Behavior and Systematics (Q1); Plant Science (Q1); Genetics (Q2); Medicine (miscellaneous) (Q2); Molecular Biology (Q2); Physiology (Q2); Cell Biology (Q3)";"Agricultural and Biological Sciences; Biochemistry, Genetics and Molecular Biology; Medicine"
139;19357;"Molecular Breeding";journal;"13803743, 15729788";"Springer Science and Business Media B.V.";No;No;0,831;Q2;124;76;352;4774;1387;351;3,48;62,82;35,49;1;Netherlands;Western Europe;"Springer Science and Business Media B.V.";"1995-2026";"Agronomy and Crop Science (Q1); Plant Science (Q1); Biotechnology (Q2); Genetics (Q2); Molecular Biology (Q2)";"Agricultural and Biological Sciences; Biochemistry, Genetics and Molecular Biology"
140;14677;"Infection, Genetics and Evolution";journal;"15677257, 15671348";"Elsevier B.V.";Yes;No;0,826;Q2;124;216;1254;11193;4597;1227;3,70;51,82;40,52;7;Netherlands;Western Europe;"Elsevier B.V.";"2001-2026";"Ecology, Evolution, Behavior and Systematics (Q1); Genetics (Q2); Infectious Diseases (Q2); Microbiology (Q2); Microbiology (medical) (Q2); Molecular Biology (Q2)";"Agricultural and Biological Sciences; Biochemistry, Genetics and Molecular Biology; Immunology and Microbiology; Medicine"
141;35941;"Journal of Animal Science";journal;"15253163, 00218812";"Oxford University Press";No;No;0,826;Q2;196;379;1256;19536;3903;1234;2,87;51,55;41,19;19;United States;Northern America;"Oxford University Press";"1946-1951, 1953, 1958-1959, 1961-2026";"Animal Science and Zoology (Q1); Food Science (Q1); Genetics (Q2); Medicine (miscellaneous) (Q2)";"Agricultural and Biological Sciences; Biochemistry, Genetics and Molecular Biology; Medicine"
142;19700200884;"Genes and Cancer";journal;"19476027, 19476019";"Impact Journals LLC";No;No;0,821;Q2;88;9;36;541;92;35;2,00;60,11;47,27;0;United States;Northern America;"Impact Journals LLC";"2010-2025";"Genetics (Q2); Cancer Research (Q3)";"Biochemistry, Genetics and Molecular Biology"
143;110320;"American Journal of Medical Genetics, Part C: Seminars in Medical Genetics";journal;"15524876, 15524868";"Wiley-Liss Inc.";No;No;0,814;Q2;122;53;247;3134;794;220;2,86;59,13;66,54;6;United States;Northern America;"Wiley-Liss Inc.";"1980-1981, 1984-1985, 1987-1989, 1991-1996, 1999-2026";"Genetics (Q2); Genetics (clinical) (Q2)";"Biochemistry, Genetics and Molecular Biology; Medicine"
144;19700175458;"Epigenomics";journal;"1750192X, 17501911";"Taylor and Francis Ltd.";No;No;0,809;Q2;85;125;429;6934;1474;401;3,08;55,47;44,79;2;United Kingdom;Western Europe;"Taylor and Francis Ltd.";"2009-2026";"Genetics (Q2); Cancer Research (Q3)";"Biochemistry, Genetics and Molecular Biology"
145;19700175011;"Application of Clinical Genetics";journal;"1178704X";"Dove Medical Press Ltd";Yes;No;0,803;Q2;48;15;86;624;313;84;3,31;41,60;59,21;0;New Zealand;Pacific Region;"Dove Medical Press Ltd";"2008-2026";"Genetics (Q2); Genetics (clinical) (Q2)";"Biochemistry, Genetics and Molecular Biology; Medicine"
146;21100832688;"Synthetic and Systems Biotechnology";journal;"2405805X";"KeAi Communications Co.";Yes;No;0,800;Q2;49;85;125;4737;581;115;4,72;55,73;42,59;2;China;Asiatic Region;"KeAi Communications Co.";"2016-2026";"Applied Microbiology and Biotechnology (Q1); Biomedical Engineering (Q2); Genetics (Q2); Structural Biology (Q3)";"Biochemistry, Genetics and Molecular Biology; Engineering; Immunology and Microbiology"
147;21100851290;"World Journal of Stem Cells";journal;"19480210";"Baishideng Publishing Group Inc";Yes;No;0,796;Q2;48;60;292;4734;1421;286;4,21;78,90;46,18;1;United States;Northern America;"Baishideng Publishing Group Inc";"2016-2025";"Genetics (Q2); Genetics (clinical) (Q2); Histology (Q2); Molecular Biology (Q2); Cell Biology (Q3)";"Biochemistry, Genetics and Molecular Biology; Medicine"
148;17971;"IEEE/ACM Transactions on Computational Biology and Bioinformatics";journal;"15579964, 15455963";"Institute of Electrical and Electronics Engineers Inc.";No;No;0,794;Q2;0;0;0;0;0;0;0,00;0,00;0,00;0;United States;Northern America;"Institute of Electrical and Electronics Engineers Inc.";"2004-2024";"Applied Mathematics (Q2); Biotechnology (Q2); Genetics (Q2)";"Biochemistry, Genetics and Molecular Biology; Mathematics"
149;21100889437;"Molecular Omics";journal;"25154184";"Royal Society of Chemistry";No;No;0,791;Q2;31;90;173;5951;588;171;3,15;66,12;46,48;0;United Kingdom;Western Europe;"Royal Society of Chemistry";"2018-2026";"Biochemistry (Q2); Genetics (Q2); Molecular Biology (Q3)";"Biochemistry, Genetics and Molecular Biology"
150;145157;"American Journal of Medical Genetics, Part A";journal;"15524833, 15524825";"John Wiley and Sons Inc";No;No;0,790;Q2;141;456;1295;11262;2866;1127;1,85;24,70;57,49;15;United States;Northern America;"John Wiley and Sons Inc";"1996-1999, 2001-2026";"Genetics (Q2); Genetics (clinical) (Q3)";"Biochemistry, Genetics and Molecular Biology; Medicine"
151;20386;"Insect Molecular Biology";journal;"13652583, 09621075";"Wiley-Blackwell Publishing Ltd";No;No;0,790;Q2;109;67;174;3730;550;174;2,91;55,67;38,70;1;United Kingdom;Western Europe;"Wiley-Blackwell Publishing Ltd";"1992-2026";"Insect Science (Q1); Genetics (Q2); Molecular Biology (Q3)";"Agricultural and Biological Sciences; Biochemistry, Genetics and Molecular Biology"
152;10100153328;"Genes and Nutrition";journal;"15558932, 18653499";"BioMed Central Ltd";Yes;No;0,783;Q2;72;16;74;908;319;73;3,71;56,75;44,12;0;United Kingdom;Western Europe;"BioMed Central Ltd";"2007-2026";"Endocrinology, Diabetes and Metabolism (Q2); Genetics (Q2)";"Biochemistry, Genetics and Molecular Biology; Medicine"
153;18571;"Fungal Genetics and Biology";journal;"10960937, 10871845";"Academic Press Inc.";No;No;0,781;Q2;135;62;269;3650;999;265;3,38;58,87;43,83;1;United States;Northern America;"Academic Press Inc.";"1996-2026";"Genetics (Q2); Microbiology (Q2)";"Biochemistry, Genetics and Molecular Biology; Immunology and Microbiology"
154;21100225613;"Human Gene Therapy Methods";journal;"19466536, 19466544";"Mary Ann Liebert Inc.";No;No;0,780;Q2;43;0;24;0;89;24;0,00;0,00;0,00;0;United States;Northern America;"Mary Ann Liebert Inc.";"2012-2019";"Applied Microbiology and Biotechnology (Q2); Genetics (Q2); Molecular Medicine (Q2); Pharmacology (Q2); Genetics (clinical) (Q3)";"Biochemistry, Genetics and Molecular Biology; Immunology and Microbiology; Medicine; Pharmacology, Toxicology and Pharmaceutics"
155;22069;"Conservation Genetics";journal;"15729737, 15660621";"Springer Science and Business Media B.V.";No;No;0,778;Q2;87;79;272;6491;678;266;2,01;82,16;38,64;10;Netherlands;Western Europe;"Springer Science and Business Media B.V.";"1994, 2000-2026";"Ecology, Evolution, Behavior and Systematics (Q1); Genetics (Q2)";"Agricultural and Biological Sciences; Biochemistry, Genetics and Molecular Biology"
156;21101048255;"Environmental Epigenetics";journal;"20585888";"Oxford University Press";Yes;No;0,759;Q2;35;24;54;2168;185;52;3,50;90,33;50,55;6;United Kingdom;Western Europe;"Oxford University Press";"2015-2026";"Genetics (Q2); Health, Toxicology and Mutagenesis (Q2); Genetics (clinical) (Q3); Molecular Biology (Q3)";"Biochemistry, Genetics and Molecular Biology; Environmental Science; Medicine"
157;22556;"Journal of Experimental Zoology Part B: Molecular and Developmental Evolution";journal;"15525007, 15525015";"John Wiley &amp; Sons Inc.";No;No;0,755;Q2;77;52;146;3148;272;118;1,96;60,54;40,22;0;United States;Northern America;"John Wiley &amp; Sons Inc.";"2003-2026";"Animal Science and Zoology (Q1); Ecology, Evolution, Behavior and Systematics (Q1); Developmental Biology (Q2); Genetics (Q2); Molecular Medicine (Q2)";"Agricultural and Biological Sciences; Biochemistry, Genetics and Molecular Biology"
158;12602;"American Journal of Human Biology";journal;"10420533, 15206300";"Wiley-Liss Inc.";No;No;0,744;Q2;103;182;352;11128;1095;326;3,45;61,14;51,03;7;United States;Northern America;"Wiley-Liss Inc.";"1989-2026";"Anatomy (Q1); Anthropology (Q1); Ecology, Evolution, Behavior and Systematics (Q1); Genetics (Q2)";"Agricultural and Biological Sciences; Biochemistry, Genetics and Molecular Biology; Medicine; Social Sciences"
159;15636;"Gene";journal;"18790038, 03781119";"Elsevier B.V.";No;No;0,730;Q2;204;695;2038;39220;7448;2015;3,59;56,43;41,22;6;Netherlands;Western Europe;"Elsevier B.V.";"1976-2026";"Genetics (Q2); Medicine (miscellaneous) (Q2)";"Biochemistry, Genetics and Molecular Biology; Medicine"
160;21100256980;"Plant Genome";journal;"19403372";"John Wiley &amp; Sons Inc.";Yes;No;0,730;Q2;78;94;293;5870;982;289;3,75;62,45;29,88;7;United States;Northern America;"John Wiley &amp; Sons Inc.";"2008-2026";"Agronomy and Crop Science (Q1); Plant Science (Q1); Genetics (Q2)";"Agricultural and Biological Sciences; Biochemistry, Genetics and Molecular Biology"
161;21100855826;"Current Protocols in Plant Biology";journal;"23798068";"John Wiley and Sons Inc";No;No;0,729;Q2;0;0;0;0;0;0;0,00;0,00;0,00;0;United Kingdom;Western Europe;"John Wiley and Sons Inc";"2016-2020";"Plant Science (Q1); Biochemistry (Q2); Genetics (Q2); Molecular Biology (Q3)";"Agricultural and Biological Sciences; Biochemistry, Genetics and Molecular Biology"
162;21741;"Behavior Genetics";journal;"00018244, 15733297";"Springer";No;No;0,728;Q2;110;27;148;1230;282;136;1,87;45,56;41,32;2;United States;Northern America;"Springer";"1970, 1972-2026";"Ecology, Evolution, Behavior and Systematics (Q1); Genetics (Q2); Genetics (clinical) (Q3)";"Agricultural and Biological Sciences; Biochemistry, Genetics and Molecular Biology; Medicine"
163;18992;"Neurogenetics";journal;"13646753, 13646745";"Springer Science and Business Media Deutschland GmbH";No;No;0,721;Q2;72;33;100;960;224;92;2,10;29,09;55,23;3;Germany;Western Europe;"Springer Science and Business Media Deutschland GmbH";"1997-2026";"Genetics (Q2); Cellular and Molecular Neuroscience (Q3); Genetics (clinical) (Q3)";"Biochemistry, Genetics and Molecular Biology; Medicine; Neuroscience"
164;130005;"European Journal of Medical Genetics";journal;"18780849, 17697212";"Elsevier Masson s.r.l.";No;No;0,720;Q2;71;189;642;5507;1413;612;2,05;29,14;57,74;8;France;Western Europe;"Elsevier Masson s.r.l.";"2005-2026";"Genetics (Q2); Medicine (miscellaneous) (Q2); Genetics (clinical) (Q3)";"Biochemistry, Genetics and Molecular Biology; Medicine"
165;16614;"Plant Pathology";journal;"00320862, 13653059";"Wiley-Blackwell Publishing Ltd";No;No;0,718;Q2;114;163;504;8253;1557;498;3,04;50,63;43,57;21;United Kingdom;Western Europe;"Wiley-Blackwell Publishing Ltd";"1952-2026";"Agronomy and Crop Science (Q1); Horticulture (Q1); Plant Science (Q1); Genetics (Q2)";"Agricultural and Biological Sciences; Biochemistry, Genetics and Molecular Biology"
166;16746;"Journal of Neurogenetics";journal;"15635260, 01677063";"Taylor and Francis Ltd.";No;No;0,713;Q2;45;13;124;658;220;120;1,70;50,62;36,51;1;United Kingdom;Western Europe;"Taylor and Francis Ltd.";"1983-1987, 1989-2026";"Genetics (Q2); Cellular and Molecular Neuroscience (Q3)";"Biochemistry, Genetics and Molecular Biology; Neuroscience"
167;18800156706;"Molecular Medicine Reports";journal;"17913004, 17912997";"Spandidos Publications";No;No;0,711;Q2;106;358;2769;16536;9809;2769;3,34;46,19;43,39;1;Greece;Western Europe;"Spandidos Publications";"2008-2026";"Biochemistry (Q2); Genetics (Q2); Oncology (Q2); Cancer Research (Q3); Molecular Biology (Q3); Molecular Medicine (Q3)";"Biochemistry, Genetics and Molecular Biology; Medicine"
168;22578;"Journal of Mammalogy";journal;"00222372, 15451542";"Oxford University Press";No;No;0,709;Q2;120;119;437;8373;890;421;1,73;70,36;41,03;14;United States;Northern America;"Oxford University Press";"1921, 1932, 1934-1935, 1941-1942, 1945-1950, 1952-2026";"Animal Science and Zoology (Q1); Ecology (Q2); Ecology, Evolution, Behavior and Systematics (Q2); Genetics (Q2); Nature and Landscape Conservation (Q2)";"Agricultural and Biological Sciences; Biochemistry, Genetics and Molecular Biology; Environmental Science"
169;14532;"Development Genes and Evolution";journal;"0949944X, 1432041X";"Springer Science and Business Media Deutschland GmbH";No;No;0,704;Q2;0;0;0;0;0;0;0,00;0,00;0,00;0;Germany;Western Europe;"Springer Science and Business Media Deutschland GmbH";"1934, 1994, 1996-2024";"Genetics (Q2); Developmental Biology (Q3)";"Biochemistry, Genetics and Molecular Biology"
170;17424;"DNA and Cell Biology";journal;"10445498, 15577430";"Mary Ann Liebert Inc.";No;No;0,691;Q2;94;105;527;6002;1713;519;3,20;57,16;43,53;2;United States;Northern America;"Mary Ann Liebert Inc.";"1990-2026";"Genetics (Q2); Medicine (miscellaneous) (Q2); Cell Biology (Q3); Molecular Biology (Q3)";"Biochemistry, Genetics and Molecular Biology; Medicine"
171;21100848471;"Journal of Experimental Zoology Part A: Ecological and Integrative Physiology";journal;"24715646, 24715638";"John Wiley &amp; Sons Inc.";No;No;0,690;Q2;32;97;205;6423;549;200;3,01;66,22;39,89;1;United States;Northern America;"John Wiley &amp; Sons Inc.";"2017-2026";"Animal Science and Zoology (Q1); Ecology, Evolution, Behavior and Systematics (Q2); Genetics (Q2); Physiology (Q2); Molecular Biology (Q3)";"Agricultural and Biological Sciences; Biochemistry, Genetics and Molecular Biology"
172;14163;"Molecular Reproduction and Development";journal;"1040452X, 10982795";"Wiley-Liss Inc.";No;No;0,686;Q2;121;52;354;3377;968;332;2,45;64,94;43,22;2;United States;Northern America;"Wiley-Liss Inc.";"1988-2026";"Genetics (Q2); Cell Biology (Q3); Developmental Biology (Q3)";"Biochemistry, Genetics and Molecular Biology"
173;22142;"Genesis (United States)";journal;"1526954X, 1526968X";"Wiley-Liss Inc.";No;No;0,681;Q2;128;28;139;1900;218;127;1,24;67,86;40,87;0;United States;Northern America;"Wiley-Liss Inc.";"2000-2026";"Genetics (Q2); Medicine (miscellaneous) (Q2); Cell Biology (Q3); Endocrinology (Q3)";"Biochemistry, Genetics and Molecular Biology; Medicine"
174;22119;"Functional and Integrative Genomics";journal;"14387948, 1438793X";"";No;No;0,675;Q3;94;105;180;5716;661;179;3,11;54,44;41,95;0;Germany;Western Europe;"";"2000-2026";"Medicine (miscellaneous) (Q2); Genetics (Q3)";"Biochemistry, Genetics and Molecular Biology; Medicine"
175;19006;"Psychiatric Genetics";journal;"14735873, 09558829";"Lippincott Williams and Wilkins";No;No;0,666;Q3;67;28;87;1304;199;82;1,97;46,57;46,36;0;United States;Northern America;"Lippincott Williams and Wilkins";"1990-2026";"Psychiatry and Mental Health (Q2); Biological Psychiatry (Q3); Genetics (Q3); Genetics (clinical) (Q3)";"Biochemistry, Genetics and Molecular Biology; Medicine; Neuroscience"
176;29729;"Disease Markers (discontinued)";journal;"02780240, 18758630";"Hindawi Limited";Yes;No;0,662;Q3;91;723;859;29248;2718;845;2,80;40,45;42,78;10;United Kingdom;Western Europe;"Hindawi Limited";"1983-1994, 1996-2023";"Biochemistry (medical) (Q2); Clinical Biochemistry (Q2); Medicine (miscellaneous) (Q2); Genetics (Q3); Molecular Biology (Q3)";"Biochemistry, Genetics and Molecular Biology; Medicine"
177;130074;"Cancer Genomics and Proteomics";journal;"17906245, 11096535";"International Institute of Anticancer Research";No;No;0,660;Q3;53;61;190;3820;535;190;2,66;62,62;41,52;0;Greece;Western Europe;"International Institute of Anticancer Research";"2004-2026";"Biochemistry (Q2); Medicine (miscellaneous) (Q2); Cancer Research (Q3); Genetics (Q3); Molecular Biology (Q3)";"Biochemistry, Genetics and Molecular Biology; Medicine"
178;22211;"Genome";journal;"14803321, 08312796";"Canadian Science Publishing";No;No;0,658;Q3;113;51;219;2741;657;203;3,02;53,75;43,68;0;Canada;Northern America;"Canadian Science Publishing";"1987-2026";"Biotechnology (Q2); Medicine (miscellaneous) (Q2); Genetics (Q3); Molecular Biology (Q3)";"Biochemistry, Genetics and Molecular Biology; Medicine"
179;21697;"Animal Genetics";journal;"02689146, 13652052";"Wiley-Blackwell Publishing Ltd";No;No;0,657;Q3;99;113;393;4034;1099;349;2,53;35,70;44,90;1;United Kingdom;Western Europe;"Wiley-Blackwell Publishing Ltd";"1986-2026";"Animal Science and Zoology (Q1); Medicine (miscellaneous) (Q2); Genetics (Q3)";"Agricultural and Biological Sciences; Biochemistry, Genetics and Molecular Biology; Medicine"
180;18922;"Journal of Gene Medicine";journal;"1099498X, 15212254";"John Wiley and Sons Ltd";No;No;0,657;Q3;104;57;271;2577;934;267;3,42;45,21;40,96;0;United States;Northern America;"John Wiley and Sons Ltd";"1998-2026";"Drug Discovery (Q2); Genetics (Q3); Genetics (clinical) (Q3); Molecular Biology (Q3); Molecular Medicine (Q3)";"Biochemistry, Genetics and Molecular Biology; Medicine; Pharmacology, Toxicology and Pharmaceutics"
181;19649;"Canadian Journal of Microbiology";journal;"00084166, 14803275";"National Research Council of Canada";No;No;0,654;Q3;114;68;233;3580;823;226;2,82;52,65;42,63;3;Canada;Northern America;"National Research Council of Canada";"1954-1962, 1964-2026";"Applied Microbiology and Biotechnology (Q2); Medicine (miscellaneous) (Q2); Genetics (Q3); Immunology (Q3); Microbiology (Q3); Molecular Biology (Q3)";"Biochemistry, Genetics and Molecular Biology; Immunology and Microbiology; Medicine"
182;22605;"Journal of Zoological Systematics and Evolutionary Research";journal;"09475745, 14390469";"Wiley-VCH Verlag";Yes;No;0,652;Q3;62;12;291;889;592;287;2,05;74,08;33,33;0;Germany;Western Europe;"Wiley-VCH Verlag";"1963-1981, 1983-2026";"Animal Science and Zoology (Q1); Ecology, Evolution, Behavior and Systematics (Q2); Genetics (Q3); Molecular Biology (Q3)";"Agricultural and Biological Sciences; Biochemistry, Genetics and Molecular Biology"
183;17905;"Yeast";journal;"10970061, 0749503X";"John Wiley and Sons Ltd";Yes;No;0,645;Q3;116;42;165;2822;478;161;2,57;67,19;46,45;0;United Kingdom;Western Europe;"John Wiley and Sons Ltd";"1985-2026";"Applied Microbiology and Biotechnology (Q2); Biochemistry (Q2); Bioengineering (Q2); Biotechnology (Q2); Medicine (miscellaneous) (Q2); Genetics (Q3)";"Biochemistry, Genetics and Molecular Biology; Chemical Engineering; Immunology and Microbiology; Medicine"
184;21100847273;"Molecular Genetics and Genomic Medicine";journal;"23249269";"John Wiley and Sons Inc";Yes;No;0,644;Q3;50;220;1241;6761;2777;1221;2,09;30,73;51,32;6;United States;Northern America;"John Wiley and Sons Inc";"2013-2026";"Genetics (Q3); Genetics (clinical) (Q3); Molecular Biology (Q3)";"Biochemistry, Genetics and Molecular Biology; Medicine"
185;21101038704;"BMC Genomic Data";journal;"27306844";"BioMed Central Ltd";Yes;No;0,642;Q3;100;84;304;4270;946;302;2,78;50,83;37,41;1;United Kingdom;Western Europe;"BioMed Central Ltd";"2021-2026";"Genetics (Q3); Health Informatics (Q3)";"Biochemistry, Genetics and Molecular Biology; Medicine"
186;17600155055;"Journal of Cancer Epidemiology";journal;"16878566, 16878558";"John Wiley and Sons Ltd";Yes;No;0,642;Q3;31;9;28;223;94;28;2,05;24,78;50,00;1;United States;Northern America;"John Wiley and Sons Ltd";"2009-2024";"Public Health, Environmental and Occupational Health (Q2); Epidemiology (Q3); Genetics (Q3)";"Biochemistry, Genetics and Molecular Biology; Medicine"
187;18964;"Molecular Genetics and Genomics";journal;"16174615, 16174623";"Springer Science and Business Media Deutschland GmbH";No;No;0,642;Q3;141;127;333;7637;1081;333;3,09;60,13;41,68;1;Germany;Western Europe;"Springer Science and Business Media Deutschland GmbH";"1994, 1996-1997, 2000-2026";"Medicine (miscellaneous) (Q2); Genetics (Q3); Molecular Biology (Q3)";"Biochemistry, Genetics and Molecular Biology; Medicine"
188;76879;"Breeding Science";journal;"13447610, 13473735";"Japanese Society of Breeding";Yes;No;0,641;Q3;73;40;214;1970;576;180;2,47;49,25;31,34;1;Japan;Asiatic Region;"Japanese Society of Breeding";"1993-2025";"Agronomy and Crop Science (Q1); Plant Science (Q2); Genetics (Q3)";"Agricultural and Biological Sciences; Biochemistry, Genetics and Molecular Biology"
189;3900148224;"Comparative Biochemistry and Physiology - Part D: Genomics and Proteomics";journal;"1744117X, 18780407";"Elsevier Inc.";No;No;0,639;Q3;55;73;304;4746;1020;300;3,06;65,01;42,09;0;United States;Northern America;"Elsevier Inc.";"2006-2026";"Animal Science and Zoology (Q1); Aquatic Science (Q2); Biochemistry (Q2); Genetics (Q3); Molecular Biology (Q3); Physiology (Q3)";"Agricultural and Biological Sciences; Biochemistry, Genetics and Molecular Biology"
190;21100793213;"Current Pharmacology Reports";journal;"2198641X";"Springer Science and Business Media Deutschland GmbH";No;No;0,638;Q3;43;36;100;3139;458;96;5,66;87,19;41,98;0;Switzerland;Western Europe;"Springer Science and Business Media Deutschland GmbH";"2015-2026";"Biochemistry (Q2); Drug Discovery (Q2); Pharmacology (Q2); Genetics (Q3)";"Biochemistry, Genetics and Molecular Biology; Pharmacology, Toxicology and Pharmaceutics"
191;22271;"Immunogenetics";journal;"00937711, 14321211";"Springer Science and Business Media Deutschland GmbH";No;No;0,632;Q3;104;42;141;2828;384;138;2,97;67,33;36,00;1;Germany;Western Europe;"Springer Science and Business Media Deutschland GmbH";"1974-2026";"Genetics (Q3); Immunology (Q3)";"Biochemistry, Genetics and Molecular Biology; Immunology and Microbiology"
192;21703;"Annals of Human Genetics";journal;"00034800, 14691809";"Wiley-Blackwell Publishing Ltd";No;No;0,629;Q3;81;34;139;1186;271;134;2,20;34,88;50,93;0;United Kingdom;Western Europe;"Wiley-Blackwell Publishing Ltd";"1954-2026";"Genetics (Q3); Genetics (clinical) (Q3)";"Biochemistry, Genetics and Molecular Biology; Medicine"
193;5200153018;"Cancer Biomarkers";journal;"15740153, 18758592";"SAGE Publications Ltd";No;No;0,622;Q3;60;137;423;5612;1291;423;2,84;40,96;40,53;0;United Kingdom;Western Europe;"SAGE Publications Ltd";"2005-2025";"Medicine (miscellaneous) (Q2); Cancer Research (Q3); Genetics (Q3); Oncology (Q3)";"Biochemistry, Genetics and Molecular Biology; Medicine"
194;21168;"Pharmacogenomics Journal";journal;"1470269X, 14731150";"Springer Nature";No;No;0,621;Q3;101;38;215;1655;671;212;2,96;43,55;38,23;5;United Kingdom;Western Europe;"Springer Nature";"2001-2026";"Pharmacology (Q2); Genetics (Q3); Molecular Medicine (Q3)";"Biochemistry, Genetics and Molecular Biology; Pharmacology, Toxicology and Pharmaceutics"
195;21729;"BMC Medical Genetics";journal;"14712350";"BioMed Central Ltd";Yes;No;0,620;Q3;0;0;0;0;0;0;0,00;0,00;0,00;0;United Kingdom;Western Europe;"BioMed Central Ltd";"2000-2020";"Genetics (Q3); Genetics (clinical) (Q3)";"Biochemistry, Genetics and Molecular Biology; Medicine"
196;19700202610;"Cancer Genetics";journal;"22107762, 22107770";"Elsevier Inc.";No;No;0,614;Q3;59;77;223;2774;442;218;1,86;36,03;49,64;3;United States;Northern America;"Elsevier Inc.";"2011-2026";"Cancer Research (Q3); Genetics (Q3); Molecular Biology (Q3)";"Biochemistry, Genetics and Molecular Biology"
197;21101044876;"Animal Bioscience";journal;"27650235, 27650189";"Asian-Australasian Association of Animal Production Societies";Yes;No;0,613;Q3;96;193;646;7462;2007;640;2,83;38,66;35,08;3;South Korea;Asiatic Region;"Asian-Australasian Association of Animal Production Societies";"2021-2025";"Animal Science and Zoology (Q1); Veterinary (miscellaneous) (Q1); Food Science (Q2); Genetics (Q3); Physiology (Q3)";"Agricultural and Biological Sciences; Biochemistry, Genetics and Molecular Biology; Veterinary"
198;27769;"Journal of Forensic Sciences";journal;"00221198, 15564029";"John Wiley and Sons Inc";No;No;0,607;Q3;123;264;879;8794;1650;783;1,87;33,31;44,52;13;United States;Northern America;"John Wiley and Sons Inc";"1961, 1963-2026";"Pathology and Forensic Medicine (Q2); Genetics (Q3)";"Biochemistry, Genetics and Molecular Biology; Medicine"
199;19001;"OMICS A Journal of Integrative Biology";journal;"15362310, 15578100";"Mary Ann Liebert Inc.";No;No;0,602;Q3;76;67;241;3411;703;193;3,09;50,91;44,08;1;United States;Northern America;"Mary Ann Liebert Inc.";"2002-2026";"Biotechnology (Q2); Medicine (miscellaneous) (Q2); Biochemistry (Q3); Genetics (Q3); Molecular Biology (Q3); Molecular Medicine (Q3)";"Biochemistry, Genetics and Molecular Biology; Medicine"
200;21100901748;"Behavioral Sciences";journal;"2076328X";"Multidisciplinary Digital Publishing Institute (MDPI)";Yes;No;0,597;Q3;64;515;532;32914;1543;531;2,89;63,91;50,78;31;Switzerland;Western Europe;"Multidisciplinary Digital Publishing Institute (MDPI)";"2011-2026";"Development (Q2); Ecology, Evolution, Behavior and Systematics (Q2); Psychology (miscellaneous) (Q2); Behavioral Neuroscience (Q3); Genetics (Q3)";"Agricultural and Biological Sciences; Biochemistry, Genetics and Molecular Biology; Neuroscience; Psychology; Social Sciences"
201;18966;"Mutagenesis";journal;"02678357, 14643804";"Oxford University Press";No;No;0,588;Q3;107;21;132;1129;332;128;2,68;53,76;49,32;3;United Kingdom;Western Europe;"Oxford University Press";"1986-2025";"Health, Toxicology and Mutagenesis (Q2); Toxicology (Q2); Genetics (Q3); Genetics (clinical) (Q3)";"Biochemistry, Genetics and Molecular Biology; Environmental Science; Medicine; Pharmacology, Toxicology and Pharmaceutics"
202;19700166901;"Fungal Biology";journal;"18786146";"Elsevier B.V.";No;No;0,580;Q3;129;76;303;4603;921;301;2,81;60,57;45,45;3;Netherlands;Western Europe;"Elsevier B.V.";"2010-2026";"Ecology, Evolution, Behavior and Systematics (Q2); Plant Science (Q2); Genetics (Q3); Infectious Diseases (Q3)";"Agricultural and Biological Sciences; Biochemistry, Genetics and Molecular Biology; Medicine"
203;14154;"Molecular Biology Reports";journal;"03014851, 15734978";"Springer Science and Business Media B.V.";No;No;0,578;Q3;103;1095;2319;57837;7035;2309;3,09;52,82;43,42;10;Netherlands;Western Europe;"Springer Science and Business Media B.V.";"1973-1988, 1990-2026";"Medicine (miscellaneous) (Q2); Genetics (Q3); Molecular Biology (Q3)";"Biochemistry, Genetics and Molecular Biology; Medicine"
204;21100241624;"International Journal of Genomics";journal;"2314436X, 23144378";"John Wiley and Sons Ltd";Yes;No;0,574;Q3;43;36;172;1902;537;170;2,93;52,83;42,86;0;United Kingdom;Western Europe;"John Wiley and Sons Ltd";"2013-2026";"Pharmaceutical Science (Q2); Biochemistry (Q3); Genetics (Q3); Molecular Biology (Q3)";"Biochemistry, Genetics and Molecular Biology; Pharmacology, Toxicology and Pharmaceutics"
205;13600154724;"Biomicrofluidics";journal;"19321058";"American Institute of Physics";No;No;0,571;Q3;86;79;288;5313;1045;287;3,39;67,25;36,49;0;United States;Northern America;"American Institute of Physics";"2007-2026";"Biomedical Engineering (Q2); Colloid and Surface Chemistry (Q2); Condensed Matter Physics (Q2); Fluid Flow and Transfer Processes (Q2); Materials Science (miscellaneous) (Q2); Nanoscience and Nanotechnology (Q2); Physical and Theoretical Chemistry (Q2); Genetics (Q3); Molecular Biology (Q3)";"Biochemistry, Genetics and Molecular Biology; Chemical Engineering; Chemistry; Engineering; Materials Science; Physics and Astronomy"
206;29581;"Journal of Computational Biology";journal;"15578666, 10665277";"Mary Ann Liebert Inc.";No;No;0,571;Q3;108;101;363;3751;626;350;1,81;37,14;30,84;1;United States;Northern America;"Mary Ann Liebert Inc.";"1994-2026";"Computational Mathematics (Q2); Computational Theory and Mathematics (Q2); Modeling and Simulation (Q2); Genetics (Q3); Molecular Biology (Q3)";"Biochemistry, Genetics and Molecular Biology; Computer Science; Mathematics"
207;21101043576;"Epigenomes";journal;"20754655";"Multidisciplinary Digital Publishing Institute (MDPI)";Yes;No;0,567;Q3;22;42;75;4105;177;70;2,44;97,74;51,56;1;Switzerland;Western Europe;"Multidisciplinary Digital Publishing Institute (MDPI)";"2017-2025";"Biochemistry, Genetics and Molecular Biology (miscellaneous) (Q2); Biochemistry (Q3); Genetics (Q3); Health, Toxicology and Mutagenesis (Q3)";"Biochemistry, Genetics and Molecular Biology; Environmental Science"
208;22234;"Hereditas";journal;"16015223, 00180661";"BioMed Central Ltd";Yes;No;0,565;Q3;58;47;132;2438;352;130;2,31;51,87;40,93;0;United Kingdom;Western Europe;"BioMed Central Ltd";"1920-2026";"Medicine (miscellaneous) (Q2); Genetics (Q3)";"Biochemistry, Genetics and Molecular Biology; Medicine"
209;22072;"Current Gene Therapy";journal;"18755631, 15665232";"Bentham Science Publishers";No;No;0,564;Q3;85;36;122;3105;436;107;3,32;86,25;42,39;0;United Arab Emirates;Middle East;"Bentham Science Publishers";"2001-2025";"Drug Discovery (Q2); Genetics (Q3); Genetics (clinical) (Q3); Molecular Biology (Q3); Molecular Medicine (Q3)";"Biochemistry, Genetics and Molecular Biology; Medicine; Pharmacology, Toxicology and Pharmaceutics"
210;18993;"New Genetics and Society";journal;"14636778, 14699915";"Routledge";Yes;No;0,564;Q3;45;19;75;886;169;71;2,04;46,63;62,50;0;United Kingdom;Western Europe;"Routledge";"1996-1997, 1999-2025";"Health Policy (Q2); Health (social science) (Q2); Issues, Ethics and Legal Aspects (Q2); Genetics (Q3)";"Biochemistry, Genetics and Molecular Biology; Medicine; Nursing; Social Sciences"
211;21100784450;"Stem Cell Investigation";journal;"23069759";"AME Publishing Company";Yes;No;0,562;Q3;34;11;92;726;282;86;2,53;66,00;44,74;0;Hong Kong;Asiatic Region;"AME Publishing Company";"2014-2023";"Cell Biology (Q3); Developmental Biology (Q3); Genetics (Q3); Molecular Biology (Q3)";"Biochemistry, Genetics and Molecular Biology"
212;21100463067;"Journal of Genetic Engineering and Biotechnology";journal;"20905920, 1687157X";"Elsevier B.V.";Yes;No;0,560;Q3;62;171;275;9113;1075;275;3,92;53,29;47,71;1;Netherlands;Western Europe;"Elsevier B.V.";"2011-2026";"Biotechnology (Q2); Genetics (Q3)";"Biochemistry, Genetics and Molecular Biology"
213;21100326555;"Molecular Genetics and Metabolism Reports";journal;"22144269";"Elsevier Inc.";Yes;No;0,552;Q3;36;112;381;3262;775;338;2,01;29,13;51,75;2;United States;Northern America;"Elsevier Inc.";"2014-2026";"Endocrinology (Q3); Genetics (Q3); Molecular Biology (Q3)";"Biochemistry, Genetics and Molecular Biology"
214;22075;"Current Genomics";journal;"13892029, 18755488";"Bentham Science Publishers";No;No;0,548;Q3;86;36;176;2328;490;153;2,59;64,67;38,26;0;United Arab Emirates;Middle East;"Bentham Science Publishers";"2000-2026";"Genetics (Q3); Genetics (clinical) (Q3)";"Biochemistry, Genetics and Molecular Biology; Medicine"
215;21100891048;"Epigenetics Insights";journal;"25168657";"SAGE Publications Ltd";Yes;No;0,546;Q3;17;12;42;1098;104;32;2,59;91,50;56,41;1;United Kingdom;Western Europe;"SAGE Publications Ltd";"2018-2023";"Biochemistry (Q3); Genetics (Q3)";"Biochemistry, Genetics and Molecular Biology"
216;16531;"Physiological and Molecular Plant Pathology";journal;"10961178, 08855765";"Academic Press";No;No;0,545;Q3;96;132;304;7192;926;302;2,73;54,48;37,25;3;United States;Northern America;"Academic Press";"1986-2026";"Plant Science (Q2); Genetics (Q3)";"Agricultural and Biological Sciences; Biochemistry, Genetics and Molecular Biology"
217;21100916535;"Human Genome Variation";journal;"2054345X";"Springer Nature";Yes;No;0,544;Q3;28;48;143;907;263;141;1,48;18,90;28,90;0;United Kingdom;Western Europe;"Springer Nature";"2014-2026";"Biochemistry (Q3); Genetics (Q3); Molecular Biology (Q3)";"Biochemistry, Genetics and Molecular Biology"
218;22262;"Human Heredity";journal;"14230062, 00015652";"S. Karger AG";Yes;No;0,544;Q3;67;11;55;431;91;53;1,41;39,18;45,71;0;Switzerland;Western Europe;"S. Karger AG";"1950-1954, 1956-2026";"Genetics (Q3); Genetics (clinical) (Q3)";"Biochemistry, Genetics and Molecular Biology; Medicine"
219;145623;"Tree Genetics and Genomes";journal;"16142942, 16142950";"Springer Science and Business Media Deutschland GmbH";Yes;No;0,544;Q3;78;43;216;3473;520;216;2,39;80,77;36,13;6;Germany;Western Europe;"Springer Science and Business Media Deutschland GmbH";"2005-2026";"Forestry (Q1); Horticulture (Q1); Genetics (Q3); Molecular Biology (Q3)";"Agricultural and Biological Sciences; Biochemistry, Genetics and Molecular Biology"
220;22186;"Genetics and Molecular Biology";journal;"14154757, 16784685";"Brazilian Society of Genetics";Yes;No;0,542;Q3;69;84;346;5765;739;343;2,23;68,63;49,53;0;Brazil;Latin America;"Brazilian Society of Genetics";"1998-2026";"Genetics (Q3); Molecular Biology (Q3)";"Biochemistry, Genetics and Molecular Biology"
221;19623;"Archives of Microbiology";journal;"1432072X, 03028933";"Springer Science and Business Media Deutschland GmbH";No;No;0,540;Q3;129;718;1012;35599;3154;1009;3,09;49,58;45,77;8;Germany;Western Europe;"Springer Science and Business Media Deutschland GmbH";"1974-2026";"Medicine (miscellaneous) (Q2); Biochemistry (Q3); Genetics (Q3); Microbiology (Q3); Molecular Biology (Q3)";"Biochemistry, Genetics and Molecular Biology; Immunology and Microbiology; Medicine"
222;21100388318;"Plant Gene";journal;"23524073";"Elsevier B.V.";No;No;0,538;Q3;40;40;165;2529;547;165;2,41;63,23;44,03;0;Netherlands;Western Europe;"Elsevier B.V.";"2015-2026";"Biotechnology (Q2); Plant Science (Q2); Biochemistry (Q3); Genetics (Q3)";"Agricultural and Biological Sciences; Biochemistry, Genetics and Molecular Biology"
223;19900193647;"Genes and Environment";journal;"18807046, 18807062";"BioMed Central Ltd";Yes;No;0,537;Q3;29;26;109;1152;223;108;1,95;44,31;35,59;2;United Kingdom;Western Europe;"BioMed Central Ltd";"2006-2007, 2009-2026";"Environmental Science (miscellaneous) (Q2); Social Psychology (Q2); Genetics (Q3)";"Biochemistry, Genetics and Molecular Biology; Environmental Science; Psychology"
224;15300154802;"Transgenic Research";journal;"15739368, 09628819";"Springer Science and Business Media Deutschland GmbH";No;No;0,536;Q3;103;43;175;2621;615;171;3,40;60,95;43,68;3;Switzerland;Western Europe;"Springer Science and Business Media Deutschland GmbH";"1991-2026";"Agronomy and Crop Science (Q2); Animal Science and Zoology (Q2); Biotechnology (Q2); Genetics (Q3)";"Agricultural and Biological Sciences; Biochemistry, Genetics and Molecular Biology"
225;19180;"Journal of Applied Genetics";journal;"12341983, 21903883";"Springer Science and Business Media Deutschland GmbH";No;No;0,534;Q3;65;66;170;3413;504;168;2,63;51,71;45,70;0;Germany;Western Europe;"Springer Science and Business Media Deutschland GmbH";"1996-2026";"Medicine (miscellaneous) (Q2); Genetics (Q3)";"Biochemistry, Genetics and Molecular Biology; Medicine"
226;18968;"Mutation Research - Genetic Toxicology and Environmental Mutagenesis";journal;"18793592, 13835718";"Elsevier B.V.";No;No;0,530;Q3;132;79;274;4888;761;265;2,10;61,87;54,38;6;Netherlands;Western Europe;"Elsevier B.V.";"1997-2026";"Genetics (Q3); Health, Toxicology and Mutagenesis (Q3)";"Biochemistry, Genetics and Molecular Biology; Environmental Science"
227;11700154718;"Marine Genomics";journal;"18747787, 18767478";"Elsevier B.V.";No;No;0,529;Q3;48;50;168;1972;319;85;2,10;39,44;46,00;1;Netherlands;Western Europe;"Elsevier B.V.";"2008-2026";"Aquatic Science (Q2); Genetics (Q3)";"Agricultural and Biological Sciences; Biochemistry, Genetics and Molecular Biology"
228;21100894629;"Gene: X";journal;"25901583";"Elsevier B.V.";Yes;No;0,526;Q3;10;0;30;0;68;30;3,62;0,00;0,00;0;Netherlands;Western Europe;"Elsevier B.V.";"2019-2020";"Genetics (Q3)";"Biochemistry, Genetics and Molecular Biology"
229;19706;"FEMS Microbiology Letters";journal;"15746968, 03781097";"Oxford University Press";No;No;0,514;Q3;189;110;676;4506;1603;665;2,14;40,96;43,72;0;United Kingdom;Western Europe;"Oxford University Press";"1977-2026";"Genetics (Q3); Microbiology (Q3); Molecular Biology (Q3)";"Biochemistry, Genetics and Molecular Biology; Immunology and Microbiology"
230;20887;"Virus Genes";journal;"1572994X, 09208569";"Springer";No;No;0,511;Q3;70;60;257;2922;594;254;1,83;48,70;43,61;4;United States;Northern America;"Springer";"1987-2026";"Genetics (Q3); Medicine (miscellaneous) (Q3); Molecular Biology (Q3); Virology (Q3)";"Biochemistry, Genetics and Molecular Biology; Immunology and Microbiology; Medicine"
231;16579;"Plant Breeding";journal;"14390523, 01799541";"Wiley-Blackwell Publishing Ltd";No;No;0,506;Q3;90;71;301;4082;806;301;2,41;57,49;31,49;1;United Kingdom;Western Europe;"Wiley-Blackwell Publishing Ltd";"1964, 1986-2026";"Agronomy and Crop Science (Q2); Plant Science (Q2); Genetics (Q3)";"Agricultural and Biological Sciences; Biochemistry, Genetics and Molecular Biology"
232;56471;"Euphytica";journal;"15735060, 00142336";"Springer Science and Business Media B.V.";No;No;0,504;Q3;133;174;610;9956;1405;610;2,12;57,22;34,80;8;Netherlands;Western Europe;"Springer Science and Business Media B.V.";"1952-2026";"Horticulture (Q1); Agronomy and Crop Science (Q2); Plant Science (Q2); Genetics (Q3)";"Agricultural and Biological Sciences; Biochemistry, Genetics and Molecular Biology"
233;21100414801;"Current Protocols in Mouse Biology";journal;"21612617";"John Wiley and Sons Inc";No;No;0,501;Q3;0;0;0;0;0;0;0,00;0,00;0,00;0;United States;Northern America;"John Wiley and Sons Inc";"2014-2020";"Animal Science and Zoology (Q2); Medical Laboratory Technology (Q2); Biochemistry (Q3); Genetics (Q3); Molecular Biology (Q3); Cell Biology (Q4); Cellular and Molecular Neuroscience (Q4)";"Agricultural and Biological Sciences; Biochemistry, Genetics and Molecular Biology; Health Professions; Neuroscience"
234;11200153571;"Evolutionary Bioinformatics";journal;"11769343";"Libertas Academica Ltd.";Yes;No;0,497;Q3;42;29;136;1253;296;124;2,41;43,21;28,57;0;New Zealand;Pacific Region;"Libertas Academica Ltd.";"2005-2026";"Ecology, Evolution, Behavior and Systematics (Q2); Computer Science Applications (Q3); Genetics (Q3)";"Agricultural and Biological Sciences; Biochemistry, Genetics and Molecular Biology; Computer Science"
235;26724;"Journal of the American Society for Horticultural Science";journal;"00031062, 23279788";"American Society for Horticultural Science";Yes;No;0,490;Q3;102;34;126;1580;296;126;2,22;46,47;42,48;0;United States;Northern America;"American Society for Horticultural Science";"1970-1981, 1983-2026";"Horticulture (Q1); Genetics (Q3)";"Agricultural and Biological Sciences; Biochemistry, Genetics and Molecular Biology"
236;21100874197;"Archives Animal Breeding";journal;"00039438, 23639822";"Copernicus Publications";Yes;No;0,488;Q3;39;45;163;2151;394;163;1,98;47,80;34,00;0;Germany;Western Europe;"Copernicus Publications";"1996-2026";"Agronomy and Crop Science (Q2); Animal Science and Zoology (Q2); Food Animals (Q2); Plant Science (Q2); Genetics (Q3)";"Agricultural and Biological Sciences; Biochemistry, Genetics and Molecular Biology; Veterinary"
237;21100870576;"Current Medical Science";journal;"2523899X, 20965230";"Huazhong University of Science and Technology";No;No;0,487;Q3;45;148;437;5396;1117;437;2,60;36,46;44,97;2;China;Asiatic Region;"Huazhong University of Science and Technology";"2018-2026";"Biochemistry (Q3); Genetics (Q3)";"Biochemistry, Genetics and Molecular Biology"
238;130044;"Pharmacogenetics and Genomics";journal;"17446880, 17446872";"Lippincott Williams and Wilkins";No;No;0,486;Q3;158;40;87;1553;202;84;2,68;38,83;43,87;0;United States;Northern America;"Lippincott Williams and Wilkins";"2005-2026";"Pharmacology, Toxicology and Pharmaceutics (miscellaneous) (Q1); Genetics (Q3); Genetics (clinical) (Q3); Molecular Biology (Q3); Molecular Medicine (Q3)";"Biochemistry, Genetics and Molecular Biology; Medicine; Pharmacology, Toxicology and Pharmaceutics"
239;22164;"Genetic Resources and Crop Evolution";journal;"09259864, 15735109";"Springer Nature";No;No;0,485;Q3;86;194;518;10379;1269;515;2,51;53,50;35,97;8;Netherlands;Western Europe;"Springer Nature";"1992-2026";"Agronomy and Crop Science (Q2); Ecology, Evolution, Behavior and Systematics (Q2); Plant Science (Q2); Genetics (Q3)";"Agricultural and Biological Sciences; Biochemistry, Genetics and Molecular Biology"
240;21745;"Biochemical Genetics";journal;"00062928, 15734927";"Springer";No;No;0,474;Q3;50;143;198;6563;516;197;2,90;45,90;39,10;1;United States;Northern America;"Springer";"1967-2026";"Ecology, Evolution, Behavior and Systematics (Q2); Biochemistry (Q3); Genetics (Q3); Medicine (miscellaneous) (Q3); Molecular Biology (Q3)";"Agricultural and Biological Sciences; Biochemistry, Genetics and Molecular Biology; Medicine"
241;21100854817;"Current Stem Cell Reports";journal;"21987866";"Springer Science and Business Media Deutschland GmbH";No;No;0,471;Q3;29;20;52;1952;73;52;1,41;97,60;36,78;0;Switzerland;Western Europe;"Springer Science and Business Media Deutschland GmbH";"2015-2026";"Genetics (Q3); Cell Biology (Q4); Developmental Biology (Q4); Molecular Biology (Q4)";"Biochemistry, Genetics and Molecular Biology"
242;5800173405;"Current Bioinformatics";journal;"15748936, 2212392X";"Bentham Science Publishers";No;No;0,467;Q3;43;83;324;4428;1143;312;3,95;53,35;37,97;0;United Arab Emirates;Middle East;"Bentham Science Publishers";"2006-2026";"Biochemistry (Q3); Computational Mathematics (Q3); Genetics (Q3); Molecular Biology (Q4)";"Biochemistry, Genetics and Molecular Biology; Mathematics"
243;21100326880;"Acta Crystallographica Section F:Structural Biology Communications";journal;"2053230X";"John Wiley and Sons Ltd";No;No;0,465;Q3;48;52;260;1945;242;248;0,85;37,40;32,17;0;United Kingdom;Western Europe;"John Wiley and Sons Ltd";"2014-2026";"Condensed Matter Physics (Q2); Biochemistry (Q3); Biophysics (Q3); Genetics (Q3); Medicine (miscellaneous) (Q3); Structural Biology (Q4)";"Biochemistry, Genetics and Molecular Biology; Medicine; Physics and Astronomy"
244;12000154520;"Genes and Genomics";journal;"19769571, 20929293";"Genetics Society of Korea";No;No;0,461;Q3;37;139;412;6030;951;410;2,19;43,38;41,19;1;South Korea;Asiatic Region;"Genetics Society of Korea";"2008-2026";"Biochemistry (Q3); Genetics (Q3); Molecular Biology (Q4)";"Biochemistry, Genetics and Molecular Biology"
245;19226;"Journal of Phytopathology";journal;"09311785, 14390434";"Wiley-Blackwell Publishing Ltd";No;No;0,461;Q3;77;85;230;3457;443;228;1,78;40,67;41,90;6;United Kingdom;Western Europe;"Wiley-Blackwell Publishing Ltd";"1958-2026";"Agronomy and Crop Science (Q2); Plant Science (Q2); Genetics (Q3); Physiology (Q3)";"Agricultural and Biological Sciences; Biochemistry, Genetics and Molecular Biology"
246;13035;"Annals of Human Biology";journal;"03014460, 14645033";"Informa Healthcare";Yes;No;0,453;Q3;73;47;245;2037;400;230;1,61;43,34;52,05;1;United Kingdom;Western Europe;"Informa Healthcare";"1974-2026";"Epidemiology (Q3); Genetics (Q3); Physiology (Q3); Public Health, Environmental and Occupational Health (Q3); Aging (Q4)";"Biochemistry, Genetics and Molecular Biology; Medicine"
247;18893;"International Journal of Immunogenetics";journal;"1744313X, 17443121";"Wiley-Blackwell Publishing Ltd";No;No;0,452;Q3;51;35;133;1473;275;122;2,15;42,09;45,36;0;United Kingdom;Western Europe;"Wiley-Blackwell Publishing Ltd";"1974-1996, 2005-2026";"Genetics (Q3); Immunology (Q3); Medicine (miscellaneous) (Q3); Genetics (clinical) (Q4); Molecular Biology (Q4)";"Biochemistry, Genetics and Molecular Biology; Immunology and Microbiology; Medicine"
248;22128;"Genes and Genetic Systems";journal;"13417568, 18805779";"Genetics Society of Japan";Yes;No;0,451;Q3;58;31;97;1648;140;94;0,97;53,16;29,41;1;Japan;Asiatic Region;"Genetics Society of Japan";"1996-2026";"Genetics (Q3); Medicine (miscellaneous) (Q3); Molecular Biology (Q4)";"Biochemistry, Genetics and Molecular Biology; Medicine"
249;21100821160;"International Journal of Molecular and Cellular Medicine";journal;"22519645, 22519637";"Babol University of Medical Sciences";No;No;0,447;Q3;26;14;93;619;211;92;2,13;44,21;54,84;0;Iran;Middle East;"Babol University of Medical Sciences";"2016-2025";"Biochemistry (Q3); Biotechnology (Q3); Genetics (Q3); Molecular Medicine (Q3); Cell Biology (Q4); Molecular Biology (Q4)";"Biochemistry, Genetics and Molecular Biology"
250;17300154942;"Molecular Cytogenetics";journal;"17558166";"BioMed Central Ltd";Yes;No;0,443;Q3;42;52;163;1641;279;162;1,36;31,56;58,39;1;United Kingdom;Western Europe;"BioMed Central Ltd";"2008-2026";"Biochemistry (Q3); Biochemistry (medical) (Q3); Genetics (Q3); Molecular Medicine (Q3); Genetics (clinical) (Q4); Molecular Biology (Q4)";"Biochemistry, Genetics and Molecular Biology; Medicine"
251;4700152284;"Turkish Journal of Biology";journal;"13036092, 13000152";"TUBITAK";No;No;0,443;Q3;58;37;148;1945;360;148;2,47;52,57;51,32;0;Turkey;Middle East;"TUBITAK";"2006-2025";"Agricultural and Biological Sciences (miscellaneous) (Q2); Genetics (Q3); Microbiology (Q3); Physiology (Q3); Cell Biology (Q4); Molecular Biology (Q4)";"Agricultural and Biological Sciences; Biochemistry, Genetics and Molecular Biology; Immunology and Microbiology"
252;14500154715;"Tropical Plant Biology";journal;"19359764, 19359756";"Springer";No;No;0,440;Q3;34;24;90;1363;207;90;2,28;56,79;35,83;0;United States;Northern America;"Springer";"2008-2026";"Plant Science (Q2); Genetics (Q3)";"Agricultural and Biological Sciences; Biochemistry, Genetics and Molecular Biology"
253;21100945202;"Genomics and Informatics";journal;"22340742";"BioMed Central Ltd";Yes;No;0,437;Q3;17;49;144;1869;231;127;1,08;38,14;38,71;0;United Kingdom;Western Europe;"BioMed Central Ltd";"2015, 2019-2026";"Ecology, Evolution, Behavior and Systematics (Q2); Genetics (Q3); Health Informatics (Q3)";"Agricultural and Biological Sciences; Biochemistry, Genetics and Molecular Biology; Medicine"
254;21167;"Pharmacogenomics";journal;"14622416, 17448042";"Taylor and Francis Ltd.";No;No;0,435;Q3;106;98;356;4115;841;343;2,07;41,99;42,39;8;United Kingdom;Western Europe;"Taylor and Francis Ltd.";"2000-2026";"Genetics (Q3); Molecular Medicine (Q3); Pharmacology (Q3)";"Biochemistry, Genetics and Molecular Biology; Pharmacology, Toxicology and Pharmaceutics"
255;22081;"Cytogenetic and Genome Research";journal;"14248581, 1424859X";"S. Karger AG";No;No;0,432;Q3;100;33;213;1321;330;207;1,68;40,03;63,46;1;Switzerland;Western Europe;"S. Karger AG";"1962-1972, 2002-2026";"Genetics (Q3); Genetics (clinical) (Q4); Molecular Biology (Q4)";"Biochemistry, Genetics and Molecular Biology; Medicine"
256;17291;"Systematic Botany";journal;"15482324, 03636445";"American Society of Plant Taxonomists Inc.";No;No;0,428;Q3;87;66;214;3260;262;214;1,10;49,39;33,74;0;United States;Northern America;"American Society of Plant Taxonomists Inc.";"1994-2025";"Plant Science (Q2); Ecology, Evolution, Behavior and Systematics (Q3); Genetics (Q3)";"Agricultural and Biological Sciences; Biochemistry, Genetics and Molecular Biology"
257;21101089493;"Reproduction and Breeding";journal;"26670712";"KeAi Communications Co.";Yes;No;0,419;Q3;11;21;26;1142;59;25;2,27;54,38;41,80;0;China;Asiatic Region;"KeAi Communications Co.";"2021-2026";"Animal Science and Zoology (Q2); Plant Science (Q2); Genetics (Q3); Developmental Biology (Q4)";"Agricultural and Biological Sciences; Biochemistry, Genetics and Molecular Biology"
258;17700155308;"Journal of Plant Registrations";journal;"19365209, 19403496";"John Wiley &amp; Sons Inc.";No;No;0,406;Q3;30;75;218;1959;219;218;0,97;26,12;25,51;0;United States;Northern America;"John Wiley &amp; Sons Inc.";"2009-2026";"Agronomy and Crop Science (Q2); Genetics (Q3)";"Agricultural and Biological Sciences; Biochemistry, Genetics and Molecular Biology"
259;22171;"Genetica";journal;"00166707, 15736857";"Springer Science and Business Media Deutschland GmbH";No;No;0,400;Q3;98;35;90;2182;136;90;1,52;62,34;38,89;0;Germany;Western Europe;"Springer Science and Business Media Deutschland GmbH";"1919-1941, 1943, 1949-1951, 1953, 1955-1957, 1959-1960, 1962-2026";"Animal Science and Zoology (Q2); Plant Science (Q2); Genetics (Q3); Insect Science (Q3); Medicine (miscellaneous) (Q3)";"Agricultural and Biological Sciences; Biochemistry, Genetics and Molecular Biology; Medicine"
260;25427;"Journal of Horticultural Science and Biotechnology";journal;"14620316";"Taylor and Francis Ltd.";No;No;0,398;Q4;75;69;240;4150;540;233;2,15;60,14;39,13;0;United Kingdom;Western Europe;"Taylor and Francis Ltd.";"1996-2026";"Horticulture (Q2); Genetics (Q4)";"Agricultural and Biological Sciences; Biochemistry, Genetics and Molecular Biology"
261;19700188125;"Molecular Syndromology";journal;"16618777, 16618769";"S. Karger AG";No;No;0,392;Q4;47;62;162;1467;224;156;1,14;23,66;60,93;0;Switzerland;Western Europe;"S. Karger AG";"2010-2026";"Genetics (Q4); Genetics (clinical) (Q4)";"Biochemistry, Genetics and Molecular Biology; Medicine"
262;73453;"Journal of Crop Improvement";journal;"15427528, 15427536";"Taylor and Francis Ltd.";No;No;0,385;Q4;52;51;139;2248;269;139;1,84;44,08;27,85;2;United States;Northern America;"Taylor and Francis Ltd.";"2004-2026";"Agronomy and Crop Science (Q2); Plant Science (Q2); Soil Science (Q2); Genetics (Q4)";"Agricultural and Biological Sciences; Biochemistry, Genetics and Molecular Biology"
263;21100945249;"Plant Physiology Reports";journal;"26622548, 2662253X";"Springer";No;No;0,383;Q4;35;71;193;3525;393;191;1,94;49,65;35,00;1;India;Asiatic Region;"Springer";"2019-2026";"Plant Science (Q2); Ecology, Evolution, Behavior and Systematics (Q3); Cell Biology (Q4); Genetics (Q4); Physiology (Q4)";"Agricultural and Biological Sciences; Biochemistry, Genetics and Molecular Biology"
264;13544;"Reproduction, Fertility and Development";journal;"14485990, 10313613";"CSIRO Publishing";No;No;0,377;Q4;91;85;564;5042;791;560;0,95;59,32;50,74;0;Australia;Pacific Region;"CSIRO Publishing";"1989-2026";"Animal Science and Zoology (Q2); Biotechnology (Q3); Reproductive Medicine (Q3); Developmental Biology (Q4); Endocrinology (Q4); Genetics (Q4); Molecular Biology (Q4)";"Agricultural and Biological Sciences; Biochemistry, Genetics and Molecular Biology; Medicine"
265;21100212125;"Nucleus (India)";journal;"09767975, 0029568X";"Springer";No;No;0,362;Q4;22;40;106;3231;213;99;2,27;80,78;45,19;1;India;Asiatic Region;"Springer";"2011-2026";"Cell Biology (Q4); Genetics (Q4); Molecular Biology (Q4); Molecular Medicine (Q4)";"Biochemistry, Genetics and Molecular Biology"
266;5300152724;"IET Systems Biology";journal;"17518857, 17518849";"John Wiley &amp; Sons Inc.";Yes;No;0,354;Q4;56;17;96;906;202;96;2,34;53,29;24,69;0;United Kingdom;Western Europe;"John Wiley &amp; Sons Inc.";"2007-2026";"Biotechnology (Q3); Modeling and Simulation (Q3); Cell Biology (Q4); Genetics (Q4); Molecular Biology (Q4)";"Biochemistry, Genetics and Molecular Biology; Mathematics"
267;31004;"Journal of Agricultural Science";journal;"00218596, 14695146";"Cambridge University Press";Yes;No;0,354;Q4;93;53;227;2704;362;223;1,54;51,02;30,30;0;United Kingdom;Western Europe;"Cambridge University Press";"1905-2026";"Agronomy and Crop Science (Q2); Animal Science and Zoology (Q2); Genetics (Q4)";"Agricultural and Biological Sciences; Biochemistry, Genetics and Molecular Biology"
268;21101039508;"Dermatology Practical and Conceptual";journal;"21609381";"Mattioli 1885";Yes;Yes;0,353;Q4;23;210;219;2682;251;174;0,93;12,77;54,94;6;Italy;Western Europe;"Mattioli 1885";"2014, 2017, 2019-2026";"Dermatology (Q3); Oncology (Q3); Genetics (Q4); Molecular Biology (Q4)";"Biochemistry, Genetics and Molecular Biology; Medicine"
269;21100875680;"Lifestyle Genomics";journal;"25043188, 25043161";"S. Karger AG";Yes;No;0,353;Q4;38;13;49;602;99;48;2,26;46,31;58,46;0;Switzerland;Western Europe;"S. Karger AG";"2017-2026";"Food Science (Q3); Medicine (miscellaneous) (Q3); Genetics (Q4)";"Agricultural and Biological Sciences; Biochemistry, Genetics and Molecular Biology; Medicine"
270;22071;"Critical Reviews in Eukaryotic Gene Expression";journal;"10454403";"Begell House Inc.";No;No;0,345;Q4;71;62;146;2307;262;146;1,61;37,21;38,81;0;United States;Northern America;"Begell House Inc.";"1990-2025";"Genetics (Q4); Molecular Biology (Q4)";"Biochemistry, Genetics and Molecular Biology"
271;21100778656;"Mitochondrial DNA Part A: DNA Mapping, Sequencing, and Analysis";journal;"24701394, 24701408";"Taylor and Francis Ltd.";No;No;0,345;Q4;26;6;160;338;211;153;1,00;56,33;30,00;0;United Kingdom;Western Europe;"Taylor and Francis Ltd.";"2016-2023, 2025-2026";"Genetics (Q4); Molecular Biology (Q4)";"Biochemistry, Genetics and Molecular Biology"
272;18924;"Journal of Genetics";journal;"09737731, 00221333";"Springer";Yes;No;0,343;Q4;52;54;331;2013;497;326;1,68;37,28;38,10;0;India;Asiatic Region;"Springer";"1910-1960, 1962-1966, 1968, 1970-1972, 1974-1977, 1985-2026";"Genetics (Q4)";"Biochemistry, Genetics and Molecular Biology"
273;9500154033;"Biologia";journal;"13369563, 00063088";"Springer Science and Business Media Deutschland GmbH";No;No;0,340;Q4;56;295;727;17172;1324;719;1,77;58,21;43,53;4;Germany;Western Europe;"Springer Science and Business Media Deutschland GmbH";"1954-1955, 1961-1970, 1974-1989, 1996-2001, 2006-2026";"Animal Science and Zoology (Q3); Ecology, Evolution, Behavior and Systematics (Q3); Plant Science (Q3); Biochemistry (Q4); Cell Biology (Q4); Genetics (Q4); Molecular Biology (Q4)";"Agricultural and Biological Sciences; Biochemistry, Genetics and Molecular Biology"
274;19900193811;"Comparative Cytogenetics";journal;"1993078X, 19930771";"Pensoft Publishers";Yes;No;0,340;Q4;26;13;95;628;102;93;1,13;48,31;29,63;0;Russian Federation;Eastern Europe;"Pensoft Publishers";"2010-2026";"Animal Science and Zoology (Q3); Biotechnology (Q3); Insect Science (Q3); Plant Science (Q3); Genetics (Q4)";"Agricultural and Biological Sciences; Biochemistry, Genetics and Molecular Biology"
275;85637;"Cereal Research Communications";journal;"17889170, 01333720";"Springer Nature";No;No;0,336;Q4;46;122;207;5528;337;207;1,82;45,31;39,74;3;Switzerland;Western Europe;"Springer Nature";"1993-2026";"Agronomy and Crop Science (Q2); Genetics (Q4); Physiology (Q4)";"Agricultural and Biological Sciences; Biochemistry, Genetics and Molecular Biology"
276;22172;"Genetics Research (discontinued)";journal;"00166723, 14695073";"John Wiley and Sons Inc";Yes;No;0,335;Q4;77;344;38;14662;63;34;1,35;42,62;39,80;4;United Kingdom;Western Europe;"John Wiley and Sons Inc";"1960-2026";"Medicine (miscellaneous) (Q3); Genetics (Q4)";"Biochemistry, Genetics and Molecular Biology; Medicine"
277;22122;"Gene Expression Patterns";journal;"1567133X, 18727298";"Elsevier B.V.";No;No;0,332;Q4;72;42;110;1748;129;110;1,25;41,62;39,71;0;Netherlands;Western Europe;"Elsevier B.V.";"2001-2026";"Developmental Biology (Q4); Genetics (Q4); Molecular Biology (Q4)";"Biochemistry, Genetics and Molecular Biology"
278;19400158520;"Conservation Genetics Resources";journal;"18777252, 18777260";"Springer Science and Business Media B.V.";No;No;0,325;Q4;32;57;265;2017;281;265;1,28;35,39;38,83;1;Netherlands;Western Europe;"Springer Science and Business Media B.V.";"2009-2026";"Ecology, Evolution, Behavior and Systematics (Q3); Genetics (Q4)";"Agricultural and Biological Sciences; Biochemistry, Genetics and Molecular Biology"
279;19900193995;"Indian Journal of Genetics and Plant Breeding";journal;"09756906, 00195200";"Springer";No;No;0,320;Q4;28;57;233;1381;228;190;0,97;24,23;29,95;0;India;Asiatic Region;"Springer";"2008-2026";"Plant Science (Q3); Genetics (Q4)";"Agricultural and Biological Sciences; Biochemistry, Genetics and Molecular Biology"
280;21100797915;"Agri Gene";journal;"23522151";"Elsevier Inc.";No;No;0,318;Q4;0;0;0;0;0;0;0,00;0,00;0,00;0;United States;Northern America;"Elsevier Inc.";"2016-2020";"Agricultural and Biological Sciences (miscellaneous) (Q2); Biotechnology (Q3); Genetics (Q4)";"Agricultural and Biological Sciences; Biochemistry, Genetics and Molecular Biology"
281;21100860941;"Expert Review of Precision Medicine and Drug Development";journal;"23808993";"Taylor and Francis Ltd.";No;No;0,317;Q4;19;18;120;1413;177;94;1,02;78,50;26,79;0;United Kingdom;Western Europe;"Taylor and Francis Ltd.";"2016-2025";"Drug Discovery (Q3); Pharmacology (Q3); Genetics (Q4); Molecular Medicine (Q4)";"Biochemistry, Genetics and Molecular Biology; Pharmacology, Toxicology and Pharmaceutics"
282;98120;"Plant Genetic Resources: Characterisation and Utilisation";journal;"1479263X, 14792621";"Cambridge University Press";No;No;0,315;Q4;47;44;186;2033;254;185;1,09;46,20;41,23;0;United Kingdom;Western Europe;"Cambridge University Press";"2003-2026";"Agronomy and Crop Science (Q3); Plant Science (Q3); Genetics (Q4)";"Agricultural and Biological Sciences; Biochemistry, Genetics and Molecular Biology"
283;19800188010;"Sabrao Journal of Breeding and Genetics";journal;"10297073";"Society for the Advancement of Breeding Researches in Asia and Oceania (SABRAO)";No;No;0,312;Q4;25;110;112;4904;217;112;1,76;44,58;35,11;1;Japan;Asiatic Region;"Society for the Advancement of Breeding Researches in Asia and Oceania (SABRAO)";"2008-2025";"Horticulture (Q2); Agronomy and Crop Science (Q3); Animal Science and Zoology (Q3); Biotechnology (Q3); Genetics (Q4)";"Agricultural and Biological Sciences; Biochemistry, Genetics and Molecular Biology"
284;17700156447;"Biodemography and Social Biology";journal;"19485573, 19485565";"Taylor and Francis Ltd.";No;No;0,309;Q4;40;18;39;675;49;39;1,28;37,50;47,27;2;United Kingdom;Western Europe;"Taylor and Francis Ltd.";"1986, 1988, 1990, 1996, 2008-2026";"Anthropology (Q2); Demography (Q2); Ecology, Evolution, Behavior and Systematics (Q3); Genetics (Q4)";"Agricultural and Biological Sciences; Biochemistry, Genetics and Molecular Biology; Social Sciences"
285;21100775663;"HLA";journal;"20592302, 20592310";"Wiley-Blackwell Publishing Ltd";No;No;0,307;Q4;110;354;922;3048;695;721;0,86;8,61;49,42;2;United Kingdom;Western Europe;"Wiley-Blackwell Publishing Ltd";"2011, 2016-2026";"Genetics (Q4); Immunology (Q4); Immunology and Allergy (Q4)";"Biochemistry, Genetics and Molecular Biology; Immunology and Microbiology; Medicine"
286;5700165213;"Czech Journal of Genetics and Plant Breeding";journal;"12121975, 18059325";"Czech Academy of Agricultural Sciences";Yes;No;0,298;Q4;28;20;62;1261;88;61;1,17;63,05;38,71;0;Czech Republic;Eastern Europe;"Czech Academy of Agricultural Sciences";"2005, 2007-2025";"Plant Science (Q3); Genetics (Q4)";"Agricultural and Biological Sciences; Biochemistry, Genetics and Molecular Biology"
287;21100825339;"Mitochondrial DNA Part B: Resources";journal;"23802359";"Taylor and Francis Ltd.";Yes;No;0,295;Q4;21;749;4644;9389;2653;4643;0,57;12,54;40,58;3;United Kingdom;Western Europe;"Taylor and Francis Ltd.";"2016-2026";"Genetics (Q4); Molecular Biology (Q4)";"Biochemistry, Genetics and Molecular Biology"
288;7200153144;"Molluscan Research";journal;"14486067, 13235818";"Taylor and Francis Ltd.";No;No;0,295;Q4;30;29;111;1302;111;107;1,03;44,90;31,71;0;United Kingdom;Western Europe;"Taylor and Francis Ltd.";"1987-2026";"Animal Science and Zoology (Q3); Ecology, Evolution, Behavior and Systematics (Q3); Genetics (Q4)";"Agricultural and Biological Sciences; Biochemistry, Genetics and Molecular Biology"
289;38175;"Vitis - Journal of Grapevine Research";journal;"00427500, 23674156";"Julius Kuhn-Institut Federal Research Center for Cultivated Plants";Yes;No;0,295;Q4;59;18;84;770;118;82;1,24;42,78;40,00;0;Germany;Western Europe;"Julius Kuhn-Institut Federal Research Center for Cultivated Plants";"1981, 1984-1985, 1993-2026";"Horticulture (Q2); Genetics (Q4)";"Agricultural and Biological Sciences; Biochemistry, Genetics and Molecular Biology"
290;15073;"Folia Biologica (Czech Republic)";journal;"25337602, 00155500";"Charles University in Prague";Yes;No;0,294;Q4;39;22;80;830;92;78;0,71;37,73;38,89;0;Czech Republic;Eastern Europe;"Charles University in Prague";"1961-2025";"Medicine (miscellaneous) (Q3); Biochemistry (Q4); Cell Biology (Q4); Developmental Biology (Q4); Genetics (Q4); Immunology (Q4); Molecular Biology (Q4)";"Biochemistry, Genetics and Molecular Biology; Immunology and Microbiology; Medicine"
291;18430;"Caryologia";journal;"00087114, 21655391";"Firenze University Press";Yes;No;0,293;Q4;36;58;156;2725;198;156;1,31;46,98;51,63;0;United Kingdom;Western Europe;"Firenze University Press";"1949-2025";"Agricultural and Biological Sciences (miscellaneous) (Q2); Genetics (Q4)";"Agricultural and Biological Sciences; Biochemistry, Genetics and Molecular Biology"
292;12100157243;"Iranian Journal of Biotechnology";journal;"23222921, 17283043";"National Institute of Genetic Engineering and Biotechnology";No;No;0,287;Q4;37;40;135;1548;220;135;1,55;38,70;36,59;0;Iran;Middle East;"National Institute of Genetic Engineering and Biotechnology";"2008-2026";"Biotechnology (Q3); Biochemistry (Q4); Genetics (Q4)";"Biochemistry, Genetics and Molecular Biology"
293;21100884986;"Microbiology Resource Announcements";journal;"2576098X";"American Society for Microbiology";Yes;No;0,283;Q4;51;804;2940;11198;2412;2931;0,81;13,93;46,12;19;United States;Northern America;"American Society for Microbiology";"2018-2026";"Immunology and Microbiology (miscellaneous)  (Q3); Genetics (Q4); Molecular Biology (Q4)";"Biochemistry, Genetics and Molecular Biology; Immunology and Microbiology"
294;12100155401;"Forensic Science International: Genetics Supplement Series";journal;"1875175X, 18751768";"Elsevier B.V.";No;No;0,282;Q4;31;127;349;782;185;348;0,00;6,16;54,36;1;Ireland;Western Europe;"Elsevier B.V.";"2008-2009, 2011, 2013, 2015, 2017, 2019, 2022";"Pathology and Forensic Medicine (Q3); Genetics (Q4)";"Biochemistry, Genetics and Molecular Biology; Medicine"
295;19039;"Statistical Applications in Genetics and Molecular Biology";journal;"15446115, 21946302";"Walter de Gruyter GmbH";No;No;0,280;Q4;54;8;53;332;39;53;0,87;41,50;30,43;0;Germany;Western Europe;"Walter de Gruyter GmbH";"2002, 2004-2026";"Computational Mathematics (Q3); Statistics and Probability (Q3); Genetics (Q4); Molecular Biology (Q4)";"Biochemistry, Genetics and Molecular Biology; Mathematics"
296;18508;"Cytologia";journal;"00114545";"Japan Mendel Society";No;No;0,277;Q4;31;64;182;2050;161;172;1,03;32,03;37,06;0;Japan;Asiatic Region;"Japan Mendel Society";"1929-1944, 1947, 1949-2025";"Animal Science and Zoology (Q3); Plant Science (Q3); Cell Biology (Q4); Genetics (Q4)";"Agricultural and Biological Sciences; Biochemistry, Genetics and Molecular Biology"
297;21100445644;"Gene Reports";journal;"24520144";"Elsevier Inc.";No;No;0,277;Q4;30;275;1035;13246;1340;1024;1,42;48,17;45,05;2;United States;Northern America;"Elsevier Inc.";"2015-2026";"Genetics (Q4)";"Biochemistry, Genetics and Molecular Biology"
298;11300153308;"Animal Science Papers and Reports";journal;"23008342, 08604037";"Institute of Genetics and Animal Biotechnology of the Polish Academy of Sciences";Yes;No;0,264;Q4;34;32;99;1665;138;99;1,15;52,03;48,88;0;Poland;Eastern Europe;"Institute of Genetics and Animal Biotechnology of the Polish Academy of Sciences";"2007-2025";"Veterinary (miscellaneous) (Q2); Animal Science and Zoology (Q3); Biotechnology (Q3); Genetics (Q4)";"Agricultural and Biological Sciences; Biochemistry, Genetics and Molecular Biology; Veterinary"
299;17232;"Silvae Genetica";journal;"00375349";"J.D. Sauerlander Verlag";Yes;No;0,259;Q4;46;15;58;784;54;58;0,98;52,27;41,54;1;Germany;Western Europe;"J.D. Sauerlander Verlag";"1991, 1993-1994, 1996-2025";"Forestry (Q3); Genetics (Q4)";"Agricultural and Biological Sciences; Biochemistry, Genetics and Molecular Biology"
300;21100446423;"Ecological Genetics and Genomics";journal;"24059854";"Elsevier Inc.";No;No;0,255;Q4;18;47;62;2510;104;62;1,77;53,40;32,66;4;United States;Northern America;"Elsevier Inc.";"2016-2026";"Ecology, Evolution, Behavior and Systematics (Q3); Genetics (Q4)";"Agricultural and Biological Sciences; Biochemistry, Genetics and Molecular Biology"
301;14205;"Nucleosides, Nucleotides and Nucleic Acids";journal;"15257770, 15322335";"Taylor and Francis Ltd.";No;No;0,254;Q4;55;81;224;2783;346;224;1,50;34,36;38,91;0;United States;Northern America;"Taylor and Francis Ltd.";"2000-2026";"Medicine (miscellaneous) (Q3); Biochemistry (Q4); Genetics (Q4); Molecular Medicine (Q4)";"Biochemistry, Genetics and Molecular Biology; Medicine"
302;22240;"Human Biology";journal;"15346617, 00187143";"Wayne State University Press";No;No;0,244;Q4;62;13;61;778;71;60;0,86;59,85;46,38;0;United States;Northern America;"Wayne State University Press";"1945-2023";"Medicine (miscellaneous) (Q3); Ecology, Evolution, Behavior and Systematics (Q4); Genetics (Q4); Genetics (clinical) (Q4)";"Agricultural and Biological Sciences; Biochemistry, Genetics and Molecular Biology; Medicine"
303;17974;"In Silico Biology";journal;"13866338, 14343207";"SAGE Publications Ltd";No;No;0,244;Q4;51;0;14;0;17;14;0,60;0,00;0,00;0;United Kingdom;Western Europe;"SAGE Publications Ltd";"1998-1999, 2002-2012, 2015, 2017, 2019-2020, 2023, 2025";"Medicine (miscellaneous) (Q3); Computational Mathematics (Q4); Computational Theory and Mathematics (Q4); Genetics (Q4); Molecular Biology (Q4)";"Biochemistry, Genetics and Molecular Biology; Computer Science; Mathematics; Medicine"
304;18963;"Medizinische Genetik";journal;"09365931, 18635490";"Walter de Gruyter GmbH";No;No;0,240;Q4;14;31;110;1038;51;90;0,56;33,48;51,55;1;Germany;Western Europe;"Walter de Gruyter GmbH";"1994-2026";"Genetics (Q4); Genetics (clinical) (Q4)";"Biochemistry, Genetics and Molecular Biology; Medicine"
305;21100914897;"Egyptian Journal of Botany";journal;"23570350, 03759237";"";No;No;0,233;Q4;18;63;192;3579;236;191;1,06;56,81;50,72;1;Egypt;Africa/Middle East;"";"2014-2026";"Biotechnology (Q3); Ecology (Q3); Plant Science (Q3); Cell Biology (Q4); Ecology, Evolution, Behavior and Systematics (Q4); Genetics (Q4)";"Agricultural and Biological Sciences; Biochemistry, Genetics and Molecular Biology; Environmental Science"
306;21100828656;"Iranian Journal of Plant Physiology";journal;"23222808, 22285512";"Islamic Azad University";No;No;0,231;Q4;14;31;103;1241;92;103;0,76;40,03;29,41;0;Iran;Middle East;"Islamic Azad University";"2016-2025";"Plant Science (Q3); Genetics (Q4); Physiology (Q4)";"Agricultural and Biological Sciences; Biochemistry, Genetics and Molecular Biology"
307;21101034121;"Revista Argentina de Antropologia Biologica";journal;"18536387";"Asociacion de Antropologia Biologica Argentina";Yes;Yes;0,231;Q4;6;14;43;870;33;43;0,76;62,14;65,52;0;Argentina;Latin America;"Asociacion de Antropologia Biologica Argentina";"2019-2025";"Anthropology (Q2); Archeology (Q2); Developmental Biology (Q4); Genetics (Q4)";"Biochemistry, Genetics and Molecular Biology; Social Sciences"
308;21101045216;"Eurobiotech Journal";journal;"2564615X";"";Yes;Yes;0,230;Q4;16;17;79;1286;156;78;1,91;75,65;41,07;0;Poland;Eastern Europe;"";"2019-2026";"Biotechnology (Q3); Food Science (Q3); Biomedical Engineering (Q4); Genetics (Q4); Molecular Biology (Q4); Molecular Medicine (Q4)";"Agricultural and Biological Sciences; Biochemistry, Genetics and Molecular Biology; Engineering"
309;19700201437;"Genome Integrity";journal;"20419414";"Wolters Kluwer Medknow Publications";Yes;No;0,229;Q4;23;1;5;29;6;5;0,50;29,00;62,50;0;India;Asiatic Region;"Wolters Kluwer Medknow Publications";"2010-2022";"Genetics (Q4); Molecular Biology (Q4)";"Biochemistry, Genetics and Molecular Biology"
310;96929;"Maydica";journal;"00256153, 22798013";"Crea Journals";Yes;No;0,222;Q4;43;5;83;167;69;83;0,69;33,40;50,00;0;Italy;Western Europe;"Crea Journals";"1993-2022, 2024-2025";"Agronomy and Crop Science (Q3); Genetics (Q4); Plant Science (Q4)";"Agricultural and Biological Sciences; Biochemistry, Genetics and Molecular Biology"
311;22190;"Genetics and Molecular Research";journal;"16765680";"Fundacao de Pesquisas Cientificas de Ribeirao Preto";Yes;No;0,217;Q4;66;36;287;1477;187;286;0,45;41,03;50,43;0;Brazil;Latin America;"Fundacao de Pesquisas Cientificas de Ribeirao Preto";"2002-2026";"Genetics (Q4); Medicine (miscellaneous) (Q4); Molecular Biology (Q4)";"Biochemistry, Genetics and Molecular Biology; Medicine"
312;21100413900;"Genetika";journal;"18206069, 05340012";"Serbian Genetics Society";Yes;No;0,217;Q4;28;103;277;3922;236;277;0,99;38,08;41,00;0;Serbia;Eastern Europe;"Serbian Genetics Society";"2007-2025";"Agricultural and Biological Sciences (miscellaneous) (Q3); Genetics (Q4); Plant Science (Q4)";"Agricultural and Biological Sciences; Biochemistry, Genetics and Molecular Biology"
313;21100977379;"Proceedings of the Zoological Society";journal;"03735893, 09746919";"Springer India";No;No;0,217;Q4;22;55;164;2523;135;163;0,72;45,87;27,00;1;India;Asiatic Region;"Springer India";"2009-2026";"Animal Science and Zoology (Q4); Aquatic Science (Q4); Cell Biology (Q4); Ecology, Evolution, Behavior and Systematics (Q4); Endocrinology (Q4); Genetics (Q4); Immunology (Q4); Insect Science (Q4)";"Agricultural and Biological Sciences; Biochemistry, Genetics and Molecular Biology; Immunology and Microbiology"
314;21101037915;"Animal Gene";journal;"23524065";"Elsevier B.V.";No;No;0,215;Q4;0;0;0;0;0;0;0,00;0,00;0,00;0;Netherlands;Western Europe;"Elsevier B.V.";"2020-2023";"Animal Science and Zoology (Q4); Aquatic Science (Q4); Biotechnology (Q4); Genetics (Q4); Insect Science (Q4)";"Agricultural and Biological Sciences; Biochemistry, Genetics and Molecular Biology"
315;21733;"Balkan Journal of Medical Genetics";journal;"13110160, 21995761";"";Yes;No;0,212;Q4;20;27;87;817;74;87;0,56;30,26;46,83;0;Poland;Eastern Europe;"";"2000-2025";"Genetics (Q4); Genetics (clinical) (Q4)";"Biochemistry, Genetics and Molecular Biology; Medicine"
316;21100283722;"Meta Gene";journal;"22145400";"Elsevier B.V.";No;No;0,198;Q4;0;0;0;0;0;0;0,00;0,00;0,00;0;Netherlands;Western Europe;"Elsevier B.V.";"2013-2022";"Genetics (Q4); Genetics (clinical) (Q4)";"Biochemistry, Genetics and Molecular Biology; Medicine"
317;21100841273;"Ecological Genetics";journal;"18110932, 24119202";"Eco-Vector LLC";Yes;No;0,190;Q4;11;29;105;1297;83;105;0,68;44,72;54,74;0;Russian Federation;Eastern Europe;"Eco-Vector LLC";"2017-2025";"Biochemistry (Q4); Biotechnology (Q4); Ecology (Q4); Ecology, Evolution, Behavior and Systematics (Q4); Genetics (Q4); Genetics (clinical) (Q4)";"Agricultural and Biological Sciences; Biochemistry, Genetics and Molecular Biology; Environmental Science; Medicine"
318;21100976732;"Journal of Fruit Science";journal;"10099980";"Editorial Department of Scientia Agricultura Sinica";Yes;No;0,184;Q4;17;263;623;7822;614;623;0,85;29,74;42,80;0;China;Asiatic Region;"Editorial Department of Scientia Agricultura Sinica";"2019-2025";"Biotechnology (Q4); Ecology (Q4); Ecology, Evolution, Behavior and Systematics (Q4); Food Science (Q4); Genetics (Q4); Horticulture (Q4)";"Agricultural and Biological Sciences; Biochemistry, Genetics and Molecular Biology; Environmental Science"
319;21100903779;"Bonplandia";journal;"18538460, 05240476";"Instituto de Botanica del Nordeste";Yes;Yes;0,180;Q4;6;10;44;272;25;44;0,43;27,20;57,58;0;Argentina;Latin America;"Instituto de Botanica del Nordeste";"2016, 2019-2026";"Biochemistry, Genetics and Molecular Biology (miscellaneous) (Q4); Ecology, Evolution, Behavior and Systematics (Q4); Genetics (Q4); Plant Science (Q4)";"Agricultural and Biological Sciences; Biochemistry, Genetics and Molecular Biology"
320;19021;"Russian Journal of Genetics";journal;"10227954, 16083369";"Pleiades Publishing";No;No;0,180;Q4;33;153;502;7195;310;502;0,63;47,03;59,13;0;United States;Northern America;"Pleiades Publishing";"1996-2026";"Genetics (Q4)";"Biochemistry, Genetics and Molecular Biology"
321;19061;"Cytology and Genetics";journal;"00954527, 19349440";"Allerton Press Inc.";No;No;0,176;Q4;21;61;204;2805;128;204;0,66;45,98;55,61;0;United States;Northern America;"Allerton Press Inc.";"1978, 1982, 1984, 1988, 2007-2026";"Agricultural and Biological Sciences (miscellaneous) (Q4); Cell Biology (Q4); Genetics (Q4); Genetics (clinical) (Q4); Histology (Q4)";"Agricultural and Biological Sciences; Biochemistry, Genetics and Molecular Biology; Medicine"
322;21100945962;"Genetics of Aquatic Organisms";journal;"24591831, 25872265";"Central Fisheries Research Institute";Yes;No;0,175;Q4;8;11;34;417;20;34;0,54;37,91;37,93;0;Turkey;Middle East;"Central Fisheries Research Institute";"2017-2026";"Aquatic Science (Q4); Genetics (Q4)";"Agricultural and Biological Sciences; Biochemistry, Genetics and Molecular Biology"
323;130078;"Chinese Journal of Applied and Environmental Biology";journal;"1006687X";"Science Press";No;No;0,172;Q4;25;203;591;9061;434;591;0,73;44,64;43,06;0;China;Asiatic Region;"Science Press";"2005-2026";"Agronomy and Crop Science (Q4); Applied Microbiology and Biotechnology (Q4); Genetics (Q4); Pollution (Q4)";"Agricultural and Biological Sciences; Biochemistry, Genetics and Molecular Biology; Environmental Science; Immunology and Microbiology"
324;21101056821;"Revista de Biologia Neotropical / Journal of Neotropical Biology";journal;"18079652, 21780579";"Universidade Federal De Goias (UFG)";Yes;Yes;0,172;Q4;3;16;32;696;18;32;0,70;43,50;44,00;0;Brazil;Latin America;"Universidade Federal De Goias (UFG)";"2019-2025";"Animal Science and Zoology (Q4); Ecology, Evolution, Behavior and Systematics (Q4); Genetics (Q4); Molecular Biology (Q4); Plant Science (Q4)";"Agricultural and Biological Sciences; Biochemistry, Genetics and Molecular Biology"
325;21100980105;"Proceedings on Applied Botany, Genetics and Breeding";journal;"22278834, 26190982";"N.I. Vavilov All-Russian Institute of Plant Genetic Resources";Yes;Yes;0,160;Q4;8;82;235;2168;86;235;0,38;26,44;67,35;1;Russian Federation;Eastern Europe;"N.I. Vavilov All-Russian Institute of Plant Genetic Resources";"2017, 2019-2025";"Biochemistry (Q4); Biotechnology (Q4); Ecology, Evolution, Behavior and Systematics (Q4); Genetics (Q4); Molecular Biology (Q4); Physiology (Q4); Plant Science (Q4)";"Agricultural and Biological Sciences; Biochemistry, Genetics and Molecular Biology"
326;19900193629;"International Journal Bioautomation";journal;"13142321, 13141902";"Institute of Biophysics and Biomedical Engineering";Yes;Yes;0,159;Q4;17;16;104;554;70;104;0,71;34,63;48,98;0;Bulgaria;Eastern Europe;"Institute of Biophysics and Biomedical Engineering";"2011-2025";"Biochemistry (Q4); Biotechnology (Q4); Ecological Modeling (Q4); Food Science (Q4); Genetics (Q4)";"Agricultural and Biological Sciences; Biochemistry, Genetics and Molecular Biology; Environmental Science"
327;19900193524;"Journal of Biotech Research (discontinued)";journal;"19443285";"Bio Tech System";Yes;No;0,159;Q4;13;31;70;1238;44;70;0,58;39,94;54,05;0;United States;Northern America;"Bio Tech System";"2009-2013, 2015-2024";"Biotechnology (Q4); Genetics (Q4); Renewable Energy, Sustainability and the Environment (Q4)";"Biochemistry, Genetics and Molecular Biology; Energy"
328;18300156730;"Molecular Genetics, Microbiology and Virology";journal;"08914168, 1934841X";"Pleiades Publishing";No;No;0,157;Q4;15;31;107;1018;57;107;0,58;32,84;56,39;0;United States;Northern America;"Pleiades Publishing";"2007-2025";"Genetics (Q4); Infectious Diseases (Q4); Microbiology (Q4); Molecular Biology (Q4); Virology (Q4)";"Biochemistry, Genetics and Molecular Biology; Immunology and Microbiology; Medicine"
329;12300154905;"Revista Fitotecnia Mexicana";journal;"01877380";"Sociedad Mexicana de Fitogenetica";Yes;No;0,156;Q4;24;62;222;1818;100;217;0,33;29,32;28,96;1;Mexico;Latin America;"Sociedad Mexicana de Fitogenetica";"2007-2025";"Agronomy and Crop Science (Q4); Genetics (Q4); Horticulture (Q4); Plant Science (Q4)";"Agricultural and Biological Sciences; Biochemistry, Genetics and Molecular Biology"
330;21100945964;"Indonesian Aquaculture Journal";journal;"02150883, 25026577";"Center for Fisheries Research";Yes;No;0,155;Q4;5;20;39;572;17;36;0,31;28,60;43,04;0;Indonesia;Asiatic Region;"Center for Fisheries Research";"2019-2025";"Aquatic Science (Q4); Genetics (Q4); Water Science and Technology (Q4)";"Agricultural and Biological Sciences; Biochemistry, Genetics and Molecular Biology; Environmental Science"
331;21101066572;"OBM Genetics";journal;"25775790";"LIDSEN Publishing Inc";No;No;0,153;Q4;8;27;84;1822;23;77;0,22;67,48;60,64;0;United States;Northern America;"LIDSEN Publishing Inc";"2019-2026";"Cell Biology (Q4); Genetics (Q4); Molecular Biology (Q4); Molecular Medicine (Q4)";"Biochemistry, Genetics and Molecular Biology"
332;21100793198;"Analele Universitatii din Oradea, Fascicula Biologie";journal;"12245119, 18447589";"Universitatea din Oradea";Yes;No;0,150;Q4;6;27;79;1241;30;79;0,35;45,96;63,95;0;Romania;Eastern Europe;"Universitatea din Oradea";"2016-2025";"Agronomy and Crop Science (Q4); Biotechnology (Q4); Ecology, Evolution, Behavior and Systematics (Q4); Genetics (Q4); Molecular Biology (Q4); Physiology (Q4); Plant Science (Q4)";"Agricultural and Biological Sciences; Biochemistry, Genetics and Molecular Biology"
333;21101061920;"Research Results in Biomedicine";journal;"26586533";"Belgorod State National Research University";No;No;0,142;Q4;16;40;128;1571;89;128;0,90;39,28;55,39;0;Russian Federation;Eastern Europe;"Belgorod State National Research University";"2018-2025";"Pharmacology, Toxicology and Pharmaceutics (miscellaneous) (Q3); Biochemistry, Genetics and Molecular Biology (miscellaneous) (Q4); Genetics (Q4); Obstetrics and Gynecology (Q4); Pharmacology (Q4); Pharmacology (medical) (Q4); Psychiatry and Mental Health (Q4)";"Biochemistry, Genetics and Molecular Biology; Medicine; Pharmacology, Toxicology and Pharmaceutics"
334;21100818513;"Journal of Integrated OMICS";journal;"21820287";"Proteomass Scientific Society";No;No;0,139;Q4;14;4;31;111;14;31;0,65;27,75;33,33;0;Portugal;Western Europe;"Proteomass Scientific Society";"2011-2025";"Biochemistry (Q4); Genetics (Q4); Molecular Biology (Q4)";"Biochemistry, Genetics and Molecular Biology"
335;21100899216;"Atlas of Genetics and Cytogenetics in Oncology and Haematology";journal;"17683262";"Atlas of genetics and cytogenetics in oncology and haematology";Yes;No;0,132;Q4;5;0;171;0;44;171;0,41;0,00;0,00;0;France;Western Europe;"Atlas of genetics and cytogenetics in oncology and haematology";"2018-2020";"Cancer Research (Q4); Genetics (Q4); Hematology (Q4); Oncology (Q4)";"Biochemistry, Genetics and Molecular Biology; Medicine"
336;21101046168;"Ratarstvo i Povrtarstvo";journal;"18213944, 22178392";"Institute of Field and Vegetable Crops";Yes;Yes;0,132;Q4;7;13;41;358;18;41;0,52;27,54;50,00;0;Serbia;Eastern Europe;"Institute of Field and Vegetable Crops";"2019-2025";"Agronomy and Crop Science (Q4); Biochemistry (Q4); Biotechnology (Q4); Genetics (Q4); Horticulture (Q4); Plant Science (Q4); Soil Science (Q4)";"Agricultural and Biological Sciences; Biochemistry, Genetics and Molecular Biology"
337;21100199504;"Genomics Insights";journal;"11786310";"SAGE Publications Ltd";No;No;0,131;Q4;11;0;1;0;0;1;0,00;0,00;0,00;0;United Kingdom;Western Europe;"SAGE Publications Ltd";"2008-2019";"Biochemistry (Q4); Cell Biology (Q4); Genetics (Q4); Molecular Biology (Q4)";"Biochemistry, Genetics and Molecular Biology"
338;21100837407;"Genetics Research International";journal;"20903154, 20903162";"Hindawi Limited";Yes;No;0,124;Q4;14;0;2;0;1;2;0,00;0,00;0,00;0;United Kingdom;Western Europe;"Hindawi Limited";"2012, 2014-2019";"Genetics (Q4); Genetics (clinical) (Q4); Molecular Biology (Q4)";"Biochemistry, Genetics and Molecular Biology; Medicine"
339;21101034400;"Chinese Journal of Reproduction and Contraception";journal;"20962916";"Chinese Medical Journals Publishing House Co.Ltd";No;No;0,122;Q4;9;200;357;6516;114;357;0,32;32,58;39,85;0;China;Asiatic Region;"Chinese Medical Journals Publishing House Co.Ltd";"2020-2026";"Cell Biology (Q4); Developmental Biology (Q4); Genetics (Q4); Genetics (clinical) (Q4); Obstetrics and Gynecology (Q4); Reproductive Medicine (Q4)";"Biochemistry, Genetics and Molecular Biology; Medicine"
340;19700174894;"Gene Regulation and Systems Biology";journal;"11776250";"SAGE Publications Ltd";Yes;No;0,116;Q4;23;0;2;0;0;2;0,00;0,00;0,00;0;United Kingdom;Western Europe;"SAGE Publications Ltd";"2008-2019";"Computer Science Applications (Q4); Ecology, Evolution, Behavior and Systematics (Q4); Genetics (Q4); Molecular Biology (Q4)";"Agricultural and Biological Sciences; Biochemistry, Genetics and Molecular Biology; Computer Science"
341;38604;"Japanese Journal of Crop Science";journal;"00111848, 13490990";"Crop Science Society of Japan";No;No;0,111;Q4;27;37;125;177;7;110;0,07;4,78;21,33;0;Japan;Asiatic Region;"Crop Science Society of Japan";"1930-1944, 1947-2026";"Agronomy and Crop Science (Q4); Food Science (Q4); Genetics (Q4)";"Agricultural and Biological Sciences; Biochemistry, Genetics and Molecular Biology"
342;17700156434;"Current Pharmacogenomics and Personalized Medicine";journal;"18756913, 18756921";"Bentham Science Publishers";No;No;0,110;Q4;23;12;37;381;9;32;0,24;31,75;57,14;0;United Arab Emirates;Middle East;"Bentham Science Publishers";"2008-2018, 2020-2025";"Genetics (Q4); Genetics (clinical) (Q4); Molecular Biology (Q4); Molecular Medicine (Q4); Pharmacology (Q4)";"Biochemistry, Genetics and Molecular Biology; Medicine; Pharmacology, Toxicology and Pharmaceutics"
343;19700201445;"Forum on Immunopathological Diseases and Therapeutics";journal;"21518025, 21518017";"Begell House Inc.";No;No;0,107;Q4;16;0;9;0;1;9;0,11;0,00;0,00;0;United States;Northern America;"Begell House Inc.";"2010-2016, 2021";"Biochemistry (Q4); Biotechnology (Q4); Genetics (Q4); Molecular Medicine (Q4)";"Biochemistry, Genetics and Molecular Biology"
344;19700169102;"Journal of Stem Cells";journal;"15568539";"Nova Science Publishers, Inc.";No;No;0,102;Q4;23;4;37;651;2;36;0,07;162,75;66,67;0;United States;Northern America;"Nova Science Publishers, Inc.";"2006-2022";"Cell Biology (Q4); Genetics (Q4); Molecular Medicine (Q4); Transplantation (Q4)";"Biochemistry, Genetics and Molecular Biology; Medicine"
345;21101183614;"Addiction Neuroscience";journal;"27723925";"Elsevier Inc.";Yes;No;;-;14;39;0;4109;0;0;0,00;105,36;47,10;0;United States;Northern America;"Elsevier Inc.";"2022-2026";"Genetics; Neuroscience (miscellaneous)";"Biochemistry, Genetics and Molecular Biology; Neuroscience"
346;21101112616;"American Journal of Biological Anthropology";journal;"26927691";"John Wiley and Sons Inc";No;No;;-;150;150;543;14484;1484;506;2,64;96,56;49,79;2;United States;Northern America;"John Wiley and Sons Inc";"2022-2026";"Anatomy; Anthropology; Archeology; Epidemiology; Genetics; Paleontology";"Biochemistry, Genetics and Molecular Biology; Earth and Planetary Sciences; Medicine; Social Sciences"
347;21101192678;"Animal Science and Genetics";journal;"27206076";"Polish Society of Animal Production";Yes;No;;-;6;27;0;1208;0;0;0,00;44,74;60,87;0;Poland;Eastern Europe;"Polish Society of Animal Production";"2022-2025";"Animal Science and Zoology; Ecology, Evolution, Behavior and Systematics; Food Science; Genetics";"Agricultural and Biological Sciences; Biochemistry, Genetics and Molecular Biology"
348;21101136879;"Annual Review of Biomedical Data Science";journal;"25743414";"Annual Reviews Inc.";No;No;;-;33;18;49;2392;330;49;7,13;132,89;34,92;1;United States;Northern America;"Annual Reviews Inc.";"2018-2025";"Biochemistry, Genetics and Molecular Biology (miscellaneous); Biomedical Engineering; Cancer Research; Genetics";"Biochemistry, Genetics and Molecular Biology; Engineering"
349;21101146658;"Archives of Breast Cancer";journal;"23830433";"Farname Inc.";Yes;Yes;;-;9;66;119;2077;56;97;0,48;31,47;49,82;0;Canada;Northern America;"Farname Inc.";"2019-2025";"Cancer Research; Epidemiology; Genetics; Molecular Biology; Oncology; Pathophysiology";"Biochemistry, Genetics and Molecular Biology; Medicine; Nursing"
350;21101136808;"Bioinformatics Advances";journal;"26350041";"Oxford University Press";Yes;No;;-;23;100;37;2882;64;35;1,73;28,82;30,67;1;United Kingdom;Western Europe;"Oxford University Press";"2021-2026";"Computer Science Applications; Genetics; Molecular Biology; Structural Biology";"Biochemistry, Genetics and Molecular Biology; Computer Science"
351;21101268951;"Biotechnology Bulletin";journal;"10025464";"";No;No;;-;10;361;0;16189;0;0;0,00;44,84;46,31;0;China;Asiatic Region;"";"2022-2025";"Biochemistry, Genetics and Molecular Biology (miscellaneous); Biotechnology; Genetics; Molecular Biology";"Biochemistry, Genetics and Molecular Biology"
352;21101279760;"Cardiogenetics";journal;"20358148, 20358253";"Multidisciplinary Digital Publishing Institute (MDPI)";Yes;No;;-;7;25;25;1221;17;24;0,68;48,84;45,12;0;Switzerland;Western Europe;"Multidisciplinary Digital Publishing Institute (MDPI)";"2021-2025";"Cardiology and Cardiovascular Medicine; Genetics; Genetics (clinical)";"Biochemistry, Genetics and Molecular Biology; Medicine"
353;21101330158;"Chinese Journal of Infection Control";journal;"16719638, 20969244";"Hunan Xiangya Medical Periodical Press Co.Ltd";No;No;;-;9;193;176;4739;88;176;0,50;24,55;48,61;1;China;Asiatic Region;"Hunan Xiangya Medical Periodical Press Co.Ltd";"2021-2026";"Genetics; Infectious Diseases; Public Health, Environmental and Occupational Health";"Biochemistry, Genetics and Molecular Biology; Medicine"
354;21101163373;"Clinical and Translational Discovery";journal;"27680622";"John Wiley and Sons Inc";Yes;No;;-;14;130;10;4820;17;6;1,70;37,08;39,52;1;Australia;Pacific Region;"John Wiley and Sons Inc";"2021-2026";"Cell Biology; Clinical Biochemistry; Genetics; Molecular Medicine";"Biochemistry, Genetics and Molecular Biology"
355;21101300691;"Discover Developmental Biology";journal;"30593247";"Springer Science and Business Media Deutschland GmbH";No;No;;-;85;14;58;551;122;57;2,43;39,36;33,90;0;Germany;Western Europe;"Springer Science and Business Media Deutschland GmbH";"2025-2026";"Developmental Biology; Genetics";"Biochemistry, Genetics and Molecular Biology"
356;21101158871;"Frontiers in Aging";journal;"26736217";"Frontiers Media SA";Yes;No;;-;30;126;87;10772;177;84;2,03;85,49;45,24;4;Switzerland;Western Europe;"Frontiers Media SA";"2020-2026";"Aging; Genetics; Molecular Biology; Physiology";"Biochemistry, Genetics and Molecular Biology"
357;21101149137;"Frontiers in Genome Editing";journal;"26733439";"Frontiers Media SA";Yes;No;;-;32;59;80;5106;396;77;4,99;86,54;38,22;11;Switzerland;Western Europe;"Frontiers Media SA";"2019-2026";"Biotechnology; Genetics";"Biochemistry, Genetics and Molecular Biology"
358;21101262340;"Frontiers in Horticulture";journal;"28133595";"Frontiers Media SA";Yes;No;;-;10;8;0;296;0;0;0,00;37,00;23,26;1;Switzerland;Western Europe;"Frontiers Media SA";"2022-2026";"Genetics; Horticulture; Plant Science";"Agricultural and Biological Sciences; Biochemistry, Genetics and Molecular Biology"
359;21101146367;"Genealogy";journal;"23135778";"Multidisciplinary Digital Publishing Institute (MDPI)";Yes;No;;-;8;92;0;5240;0;0;0,00;56,96;59,13;2;Switzerland;Western Europe;"Multidisciplinary Digital Publishing Institute (MDPI)";"2017-2019, 2021-2025";"Biochemistry, Genetics and Molecular Biology (miscellaneous); Genetics; Genetics (clinical); Molecular Medicine";"Biochemistry, Genetics and Molecular Biology; Medicine"
360;21101188713;"GigaByte";journal;"27094715";"GigaScience Press";Yes;No;;-;14;38;36;1993;87;36;2,42;52,45;44,22;4;China;Asiatic Region;"GigaScience Press";"2020-2025";"Biochemistry, Genetics and Molecular Biology (miscellaneous); Biotechnology; Genetics; Molecular Medicine";"Biochemistry, Genetics and Molecular Biology"
361;21101304708;"Holistic Integrative Oncology";journal;"27314529";"Springer";Yes;No;;-;10;22;0;1263;0;0;0,00;57,41;35,09;0;Singapore;Asiatic Region;"Springer";"2022-2026";"Genetics; Oncology; Surgery";"Biochemistry, Genetics and Molecular Biology; Medicine"
362;21101089664;"Human Gene";journal;"27730441";"Elsevier B.V.";No;No;;-;33;147;457;6558;323;451;0,74;44,61;49,01;0;Netherlands;Western Europe;"Elsevier B.V.";"2022-2026";"Genetics; Genetics (clinical)";"Biochemistry, Genetics and Molecular Biology; Medicine"
363;21101323946;"IEEE Transactions on Computational Biology and Bioinformatics";journal;"29984165";"Institute of Electrical and Electronics Engineers Inc.";No;No;;-;102;350;699;16700;2950;676;4,21;47,71;29,96;0;United States;Northern America;"Institute of Electrical and Electronics Engineers Inc.";"2025-2026";"Biotechnology; Genetics";"Biochemistry, Genetics and Molecular Biology"
364;21101272839;"International Journal of Translational Medicine";journal;"26738937";"Multidisciplinary Digital Publishing Institute (MDPI)";Yes;No;;-;12;45;24;2772;26;23;1,08;61,60;43,86;0;Switzerland;Western Europe;"Multidisciplinary Digital Publishing Institute (MDPI)";"2021-2025";"Biochemistry, Genetics and Molecular Biology (miscellaneous); Genetics; Immunology; Medicine (miscellaneous)";"Biochemistry, Genetics and Molecular Biology; Immunology and Microbiology; Medicine"
365;21101174385;"JMIR Bioinformatics and Biotechnology";journal;"25633570";"JMIR Publications Inc.";Yes;No;;-;9;24;5;1148;21;5;4,20;47,83;38,97;1;Canada;Northern America;"JMIR Publications Inc.";"2020-2026";"Applied Microbiology and Biotechnology; Bioengineering; Biotechnology; Genetics; Health Informatics";"Biochemistry, Genetics and Molecular Biology; Chemical Engineering; Immunology and Microbiology; Medicine"
366;21101284191;"Journal of Crop Breeding";journal;"22286128, 26764628";"Sari Agricultural Sciences and Natural Resources University";Yes;No;;-;6;80;79;2746;36;79;0,46;34,33;22,08;0;Iran;Middle East;"Sari Agricultural Sciences and Natural Resources University";"2021-2025";"Agronomy and Crop Science; Biotechnology; Genetics; Plant Science";"Agricultural and Biological Sciences; Biochemistry, Genetics and Molecular Biology"
367;21101105293;"Journal of Translational Genetics and Genomics";journal;"25785281";"OAE Publishing Inc.";No;No;;-;14;28;75;2921;107;67;1,41;104,32;50,82;0;United States;Northern America;"OAE Publishing Inc.";"2019-2026";"Genetics; Genetics (clinical)";"Biochemistry, Genetics and Molecular Biology; Medicine"
368;21101088425;"MedComm";journal;"26882663";"John Wiley and Sons Inc";Yes;No;;-;57;81;88;11706;700;74;7,95;144,52;42,50;4;United States;Northern America;"John Wiley and Sons Inc";"2020-2026";"Biochemistry (medical); Cell Biology; Drug Discovery; Genetics; Genetics (clinical); Immunology and Allergy; Oncology";"Biochemistry, Genetics and Molecular Biology; Medicine; Pharmacology, Toxicology and Pharmaceutics"
369;18967;"Mutation Research - Fundamental and Molecular Mechanisms of Mutagenesis";journal;"13861964, 18792871";"Elsevier B.V.";No;No;;-;179;24;74;1388;165;71;2,27;57,83;38,02;0;Netherlands;Western Europe;"Elsevier B.V.";"1964-2026";"Genetics; Health, Toxicology and Mutagenesis; Molecular Biology";"Biochemistry, Genetics and Molecular Biology; Environmental Science"
370;21101278665;"Onco Therapeutics";journal;"26944642, 26944650";"Begell House Inc.";No;No;;-;3;14;1;1209;0;1;0,00;86,36;46,67;0;United States;Northern America;"Begell House Inc.";"2021-2022";"Biochemistry; Biotechnology; Genetics; Molecular Medicine";"Biochemistry, Genetics and Molecular Biology"
371;21101307585;"Oral — Health, Diseases, Therapies, and Technologies";journal;"26736373";"Multidisciplinary Digital Publishing Institute (MDPI)";Yes;No;;-;9;28;35;1079;25;34;0,71;38,54;41,27;0;Switzerland;Western Europe;"Multidisciplinary Digital Publishing Institute (MDPI)";"2021-2025";"Genetics; Public Health, Environmental and Occupational Health; Surgery";"Biochemistry, Genetics and Molecular Biology; Medicine"
372;21101230650;"Peer Community Journal";journal;"28043871";"Centre Mersenne";Yes;Yes;;-;16;82;71;5977;57;71;0,80;72,89;37,33;4;France;Western Europe;"Centre Mersenne";"2021-2026";"Agricultural and Biological Sciences (miscellaneous); Animal Science and Zoology; Ecology, Evolution, Behavior and Systematics; Genetics";"Agricultural and Biological Sciences; Biochemistry, Genetics and Molecular Biology"
373;21101305306;"Pharmacoepidemiology";journal;"28130618";"Multidisciplinary Digital Publishing Institute (MDPI)";Yes;No;;-;6;10;0;390;0;0;0,00;39,00;50,00;0;Switzerland;Western Europe;"Multidisciplinary Digital Publishing Institute (MDPI)";"2022-2025";"Genetics; Pharmacology (medical); Pharmacology, Toxicology and Pharmaceutics (miscellaneous); Public Health, Environmental and Occupational Health";"Biochemistry, Genetics and Molecular Biology; Medicine; Pharmacology, Toxicology and Pharmaceutics"
374;21101225723;"Phenomics";journal;"2730583X, 27305848";"Springer";No;No;;-;22;36;22;2563;58;21;2,64;71,19;40,21;1;Singapore;Asiatic Region;"Springer";"2021-2026";"Biotechnology; Cell Biology; Genetics; Molecular Biology";"Biochemistry, Genetics and Molecular Biology"
375;21101347019;"Plant Biotechnology and Breeding";journal;"26586266, 26586258";"N.I. Vavilov All-Russian Institute of Plant Genetic Resources";Yes;No;;-;6;22;18;785;16;16;0,89;35,68;69,49;0;Russian Federation;Eastern Europe;"N.I. Vavilov All-Russian Institute of Plant Genetic Resources";"2021-2025";"Agronomy and Crop Science; Biotechnology; Genetics; Plant Science";"Agricultural and Biological Sciences; Biochemistry, Genetics and Molecular Biology"
