Rank;Sourceid;Title;Type;Issn;Publisher;Open Access;Open Access Diamond;SJR;SJR Quartile;H index;Total Docs. (2025);Total Docs. (3years);Total Refs.;Total Citations (3years);Citable Docs. (3years);Citations / Doc. (2years);Ref. / Doc.;%Female;Overton;Country;Region;Publisher;Coverage;Categories;Areas
1;25835;"International Security";journal;"15314804, 01622889";"MIT Press";No;No;4,166;Q1;136;21;55;2118;402;44;6,03;100,86;22,22;4;United States;Northern America;"MIT Press";"1984, 1996-2025";"Law (Q1); Political Science and International Relations (Q1); Sociology and Political Science (Q1)";"Social Sciences"
2;14735;"Government Information Quarterly";journal;"0740624X";"Elsevier Ltd";No;No;3,575;Q1;157;72;239;6890;4053;236;14,76;95,69;32,37;3;United Kingdom;Western Europe;"Elsevier Ltd";"1984-2026";"E-learning (Q1); Law (Q1); Library and Information Sciences (Q1); Sociology and Political Science (Q1)";"Social Sciences"
3;23859;"Journal of Business Ethics";journal;"15730697, 01674544";"Springer Netherlands";No;No;3,138;Q1;304;450;1007;41971;11662;992;10,35;93,27;43,15;4;Netherlands;Western Europe;"Springer Netherlands";"1982-2026";"Arts and Humanities (miscellaneous) (Q1); Business and International Management (Q1); Business, Management and Accounting (miscellaneous) (Q1); Economics and Econometrics (Q1); Law (Q1)";"Arts and Humanities; Business, Management and Accounting; Economics, Econometrics and Finance; Social Sciences"
4;39139;"International Organization";journal;"15315088, 00208183";"Cambridge University Press";No;No;3,041;Q1;180;44;88;3605;520;87;4,27;81,93;33,75;0;United Kingdom;Western Europe;"Cambridge University Press";"1947-2026";"Law (Q1); Organizational Behavior and Human Resource Management (Q1); Political Science and International Relations (Q1); Sociology and Political Science (Q1)";"Business, Management and Accounting; Social Sciences"
5;22856;"Yale Law Journal";journal;"00440094";"Yale Law Journal";No;No;2,799;Q1;100;39;111;2724;310;101;2,90;69,85;35,29;0;United States;Northern America;"Yale Law Journal";"1973-1975, 1977-1979, 1981, 1983, 1985-1991, 1994, 1996-2025";"Law (Q1)";"Social Sciences"
6;19684;"Criminology";journal;"17459125, 00111384";"Wiley-Blackwell";No;No;2,392;Q1;174;40;87;3613;595;87;5,02;90,33;44,19;2;United States;Northern America;"Wiley-Blackwell";"1963-2026";"Law (Q1); Pathology and Forensic Medicine (Q1)";"Medicine; Social Sciences"
7;22132;"Virginia Law Review";journal;"00426601";"University of Virginia";Yes;No;2,216;Q1;67;10;90;1427;145;85;1,76;142,70;42,86;0;United States;Northern America;"University of Virginia";"1967, 1974-1978, 1980, 1983-1985, 1987, 1990, 1992, 1995-2025";"Law (Q1)";"Social Sciences"
8;20896;"Telematics and Informatics";journal;"07365853";"Elsevier Ltd";No;No;2,200;Q1;133;77;243;6134;3180;242;14,85;79,66;44,64;1;United Kingdom;Western Europe;"Elsevier Ltd";"1984-2026";"Communication (Q1); Computer Networks and Communications (Q1); Electrical and Electronic Engineering (Q1); Law (Q1)";"Computer Science; Engineering; Social Sciences"
9;21100867411;"Annual Review of Criminology";journal;"25724568";"Annual Reviews Inc.";No;No;2,139;Q1;46;22;41;2753;300;41;7,32;125,14;42,00;2;United States;Northern America;"Annual Reviews Inc.";"2018-2021, 2023-2026";"Law (Q1)";"Social Sciences"
10;14316;"Harvard Law Review";journal;"0017811X";"Harvard Law Review Association";No;No;2,068;Q1;103;69;163;2084;263;80;1,16;30,20;37,50;0;United States;Northern America;"Harvard Law Review Association";"1973-2026";"Law (Q1)";"Social Sciences"
11;18787;"Higher Education";journal;"00181560, 1573174X";"Springer Netherlands";No;No;2,059;Q1;150;317;501;18710;4236;500;7,99;59,02;53,81;7;Netherlands;Western Europe;"Springer Netherlands";"1972-2026";"Education (Q1); Law (Q1)";"Social Sciences"
12;110031;"Resources Policy";journal;"03014207";"Elsevier Ltd";No;No;2,050;Q1;154;260;2647;19926;24946;2644;9,31;76,64;29,15;10;United Kingdom;Western Europe;"Elsevier Ltd";"1974-2026";"Economics and Econometrics (Q1); Law (Q1); Management, Monitoring, Policy and Law (Q1); Sociology and Political Science (Q1)";"Economics, Econometrics and Finance; Environmental Science; Social Sciences"
13;19532;"Accident Analysis and Prevention";journal;"18792057, 00014575";"Elsevier Ltd";No;No;1,997;Q1;212;322;895;20307;7863;890;8,31;63,07;30,15;1;United Kingdom;Western Europe;"Elsevier Ltd";"1969-2026";"Human Factors and Ergonomics (Q1); Law (Q1); Public Health, Environmental and Occupational Health (Q1); Safety, Risk, Reliability and Quality (Q1); Transportation (Q1)";"Engineering; Medicine; Social Sciences"
14;21101270281;"Cambridge Prisms: Coastal Futures";journal;"27547205";"Cambridge University Press";Yes;No;1,988;Q1;11;27;48;2135;405;48;8,44;79,07;50,60;0;United Kingdom;Western Europe;"Cambridge University Press";"2023-2026";"Ecology (Q1); Environmental Science (miscellaneous) (Q1); Law (Q1)";"Environmental Science; Social Sciences"
15;19751;"Stanford Law Review";journal;"00389765";"Stanford Law School";No;No;1,901;Q1;87;26;68;7572;207;53;3,41;291,23;32,00;0;United States;Northern America;"Stanford Law School";"1974-1976, 1978-1979, 1987-1994, 1996-2026";"Law (Q1); Medicine (miscellaneous) (Q1)";"Medicine; Social Sciences"
16;19700170231;"Criminology and Public Policy";journal;"17459133, 15386473";"Wiley-Blackwell Publishing Ltd";No;No;1,821;Q1;57;25;103;2025;560;98;4,51;81,00;55,84;4;United Kingdom;Western Europe;"Wiley-Blackwell Publishing Ltd";"2006-2007, 2009, 2012-2026";"Law (Q1); Literature and Literary Theory (Q1); Public Administration (Q1)";"Arts and Humanities; Social Sciences"
17;21101257044;"Life Medicine";journal;"27551733";"Oxford University Press";Yes;Yes;1,754;Q1;16;34;148;2441;496;120;3,55;71,79;40,79;0;United Kingdom;Western Europe;"Oxford University Press";"2022-2026";"Aging (Q1); Arts and Humanities (miscellaneous) (Q1); Law (Q1); Mathematics (miscellaneous) (Q1); Social Sciences (miscellaneous) (Q1)";"Arts and Humanities; Biochemistry, Genetics and Molecular Biology; Mathematics; Social Sciences"
18;21100934923;"IEEE Communications Standards Magazine";journal;"24712825";"Institute of Electrical and Electronics Engineers Inc.";No;No;1,629;Q1;50;130;157;1893;1034;134;5,80;14,56;24,86;0;United States;Northern America;"Institute of Electrical and Electronics Engineers Inc.";"2017-2026";"Computer Networks and Communications (Q1); Law (Q1); Management of Technology and Innovation (Q1); Safety, Risk, Reliability and Quality (Q1)";"Business, Management and Accounting; Computer Science; Engineering; Social Sciences"
19;28898;"Computers and Security";journal;"01674048";"Elsevier Ltd";No;No;1,598;Q1;148;500;1213;29355;12087;1210;9,96;58,71;29,07;1;United Kingdom;Western Europe;"Elsevier Ltd";"1982-2026";"Computer Science (miscellaneous) (Q1); Law (Q1)";"Computer Science; Social Sciences"
20;26836;"Journal of International Economic Law";journal;"14643758, 13693034";"Oxford University Press";No;No;1,593;Q1;64;31;136;3671;382;134;2,67;118,42;40,00;4;United Kingdom;Western Europe;"Oxford University Press";"1998-2025";"Economics, Econometrics and Finance (miscellaneous) (Q1); Law (Q1)";"Economics, Econometrics and Finance; Social Sciences"
21;16220;"Journal of Law and Economics";journal;"15375285, 00222186";"University of Chicago Press";No;No;1,592;Q1;98;28;103;1544;203;101;1,58;55,14;24,19;0;United States;Northern America;"University of Chicago Press";"1978-1989, 1996-2025";"Economics and Econometrics (Q1); Law (Q1)";"Economics, Econometrics and Finance; Social Sciences"
22;13143;"Columbia Law Review";journal;"00101958";"Columbia Law Review Association";No;No;1,582;Q1;88;46;152;2323;323;133;2,12;50,50;48,94;0;United States;Northern America;"Columbia Law Review Association";"1973-1981, 1984, 1987-1988, 1990, 1992-2026";"Law (Q1)";"Social Sciences"
23;14000156253;"Regulation and Governance";journal;"17485983, 17485991";"Wiley-Blackwell Publishing Ltd";No;No;1,536;Q1;70;158;212;13310;1385;211;6,67;84,24;37,61;10;United Kingdom;Western Europe;"Wiley-Blackwell Publishing Ltd";"2008-2026";"Law (Q1); Public Administration (Q1); Sociology and Political Science (Q1)";"Social Sciences"
24;21100201725;"European Journal of Psychology Applied to Legal Context";journal;"19894007, 18891861";"Colegio Oficial de la Psicologia de Madrid";Yes;Yes;1,531;Q1;39;10;30;780;179;30;6,45;78,00;55,26;1;Spain;Western Europe;"Colegio Oficial de la Psicologia de Madrid";"2009-2026";"Applied Psychology (Q1); Law (Q1)";"Psychology; Social Sciences"
25;21101114532;"Ijtihad: Jurnal Wacana Hukum Islam dan Kemanusiaan";journal;"14119544, 24778036";"Faculty of Sharia State Islamic University of Salatiga";Yes;No;1,515;Q1;17;13;40;992;291;40;7,68;76,31;30,77;0;Indonesia;Asiatic Region;"Faculty of Sharia State Islamic University of Salatiga";"2019-2025";"Law (Q1); Religious Studies (Q1); Social Sciences (miscellaneous) (Q1)";"Arts and Humanities; Social Sciences"
26;21681;"University of Pennsylvania Law Review";journal;"19428537, 00419907";"University of Pennsylvania Law School";No;No;1,513;Q1;78;29;83;10644;124;78;1,49;367,03;52,94;0;United States;Northern America;"University of Pennsylvania Law School";"1974, 1977-1978, 1986, 1989-1990, 1992-1993, 1996-2025";"Law (Q1)";"Social Sciences"
27;21101168024;"Europe and the World";journal;"23992875";"UCL Press";Yes;Yes;1,504;Q1;7;0;6;0;15;6;4,00;0,00;0,00;0;United Kingdom;Western Europe;"UCL Press";"2019-2023";"Law (Q1)";"Social Sciences"
28;21100269613;"Transnational Environmental Law";journal;"20471033, 20471025";"Cambridge University Press";No;No;1,474;Q1;36;28;80;4594;292;73;3,40;164,07;46,81;0;United Kingdom;Western Europe;"Cambridge University Press";"2012-2026";"Law (Q1); Management, Monitoring, Policy and Law (Q1)";"Environmental Science; Social Sciences"
29;20838;"Transport Policy";journal;"1879310X, 0967070X";"Elsevier Ltd";No;No;1,435;Q1;144;386;795;25498;5777;785;6,85;66,06;33,80;9;United Kingdom;Western Europe;"Elsevier Ltd";"1993-2026";"Geography, Planning and Development (Q1); Law (Q1); Transportation (Q1)";"Social Sciences"
30;15184;"Duke Law Journal";journal;"00127086";"Duke Law Publications";Yes;No;1,413;Q1;57;31;88;8355;175;86;1,43;269,52;30,00;0;United States;Northern America;"Duke Law Publications";"1978-1981, 1983-1986, 1988-1994, 1996-2026";"Law (Q1)";"Social Sciences"
31;20377;"Journal of Quantitative Criminology";journal;"07484518, 15737799";"Springer New York";No;No;1,398;Q1;105;53;94;3242;459;94;4,33;61,17;24,40;3;United States;Northern America;"Springer New York";"1985-2026";"Law (Q1); Pathology and Forensic Medicine (Q1)";"Medicine; Social Sciences"
32;5600152888;"Journal of Genocide Research";journal;"14623528, 14699494";"Taylor and Francis Ltd.";No;No;1,382;Q1;42;72;104;4186;389;93;4,27;58,14;43,02;0;United Kingdom;Western Europe;"Taylor and Francis Ltd.";"1999-2026";"History (Q1); Law (Q1); Political Science and International Relations (Q1); Sociology and Political Science (Q1)";"Arts and Humanities; Social Sciences"
33;20388;"Justice Quarterly";journal;"17459109, 07418825";"Taylor and Francis Ltd.";No;No;1,376;Q1;115;80;154;7006;627;151;3,61;87,58;44,20;2;United Kingdom;Western Europe;"Taylor and Francis Ltd.";"1984-2026";"Law (Q1); Pathology and Forensic Medicine (Q1)";"Medicine; Social Sciences"
34;29868;"California Law Review";journal;"00081221";"University of California, Berkeley";No;No;1,336;Q1;72;33;129;11584;196;128;1,10;351,03;32,35;0;United States;Northern America;"University of California, Berkeley";"1973-1979, 1982-1984, 1986-1988, 1990-1992, 1994-2025";"Law (Q1)";"Social Sciences"
35;16642;"Michigan Law Review";journal;"00262234";"Michigan Law Review Association";No;No;1,336;Q1;70;21;85;2668;94;74;0,88;127,05;47,62;0;United States;Northern America;"Michigan Law Review Association";"1938, 1940, 1955, 1957, 1974-1980, 1982-1983, 1985, 1991-2025";"Law (Q1)";"Social Sciences"
36;11600154701;"Police Quarterly";journal;"10986111, 1552745X";"SAGE Publications Inc.";No;No;1,320;Q1;73;27;66;1904;290;66;3,84;70,52;57,83;2;United States;Northern America;"SAGE Publications Inc.";"1998-2026";"Law (Q1); Social Sciences (miscellaneous) (Q1)";"Social Sciences"
37;20436;"Texas Law Review";journal;"00404411";"University of Texas at Austin";No;No;1,307;Q1;61;35;95;1189;117;80;1,37;33,97;32,26;0;United States;Northern America;"University of Texas at Austin";"1977, 1981-1982, 1987, 1990, 1992, 1994, 1996-2025";"Law (Q1)";"Social Sciences"
38;27851;"Marine Policy";journal;"0308597X";"Elsevier Ltd";No;No;1,279;Q1;140;358;1295;25001;6573;1292;4,81;69,84;43,58;25;United Kingdom;Western Europe;"Elsevier Ltd";"1977-2026";"Aquatic Science (Q1); Economics and Econometrics (Q1); Environmental Science (miscellaneous) (Q1); Law (Q1); Management, Monitoring, Policy and Law (Q1)";"Agricultural and Biological Sciences; Economics, Econometrics and Finance; Environmental Science; Social Sciences"
39;22068;"Vanderbilt Law Review";journal;"00422533";"Vanderbilt Law Review";No;No;1,255;Q1;56;35;126;10322;176;123;1,25;294,91;42,86;0;United States;Northern America;"Vanderbilt Law Review";"1973-1976, 1978-1979, 1986-1987, 1989-1990, 1992-1993, 1995-2025";"Law (Q1)";"Social Sciences"
40;18916;"Social Science Computer Review";journal;"15528286, 08944393";"SAGE Publications Inc.";No;No;1,254;Q1;104;119;272;7788;1654;272;5,31;65,45;38,55;2;United States;Northern America;"SAGE Publications Inc.";"1983-2026";"Computer Science Applications (Q1); Law (Q1); Library and Information Sciences (Q1); Social Sciences (miscellaneous) (Q1)";"Computer Science; Social Sciences"
41;5800171965;"Asia Pacific Law Review";journal;"18758444, 10192557";"Routledge";No;No;1,244;Q1;17;21;75;652;155;75;2,14;31,05;51,72;1;United Kingdom;Western Europe;"Routledge";"2008-2026";"Law (Q1)";"Social Sciences"
42;22810;"British Journal of Criminology";journal;"00070955, 14643529";"Oxford University Press";No;No;1,241;Q1;127;72;248;4989;971;247;3,69;69,29;45,93;4;United Kingdom;Western Europe;"Oxford University Press";"1960-2026";"Arts and Humanities (miscellaneous) (Q1); Law (Q1); Pathology and Forensic Medicine (Q1); Social Psychology (Q1)";"Arts and Humanities; Medicine; Psychology; Social Sciences"
43;145598;"European Journal of International Law";journal;"09385428, 14643596";"Oxford University Press";No;No;1,240;Q1;86;29;149;4265;293;128;1,63;147,07;35,48;0;United Kingdom;Western Europe;"Oxford University Press";"2005-2025";"Law (Q1); Political Science and International Relations (Q1)";"Social Sciences"
44;22852;"Yale Journal on Regulation";journal;"23765925, 07419457";"Yale Journal on Regulation";No;No;1,238;Q1;13;35;59;6956;106;58;2,32;198,74;27,27;0;United States;Northern America;"Yale Journal on Regulation";"1991, 1994, 1998, 2019-2025";"Law (Q1); Public Administration (Q1)";"Social Sciences"
45;21100259111;"Journal of Legal Analysis";journal;"21617201, 19465319";"Oxford University Press";Yes;Yes;1,210;Q1;21;11;19;718;142;19;11,63;65,27;11,76;1;United States;Northern America;"Oxford University Press";"2013-2017, 2019-2022, 2024-2026";"Law (Q1)";"Social Sciences"
46;21101183492;"El-Mashlahah";journal;"20891970, 26228645";"Sharia Faculty of State Islamic Institute (IAIN) Palangka Raya";No;No;1,198;Q1;16;20;44;1014;247;44;6,34;50,70;30,51;0;Indonesia;Asiatic Region;"Sharia Faculty of State Islamic Institute (IAIN) Palangka Raya";"2019-2025";"Law (Q1)";"Social Sciences"
47;16242;"Journal of Law, Economics, and Organization";journal;"14657341, 87566222";"Oxford University Press";No;No;1,198;Q1;84;39;75;1910;164;75;2,17;48,97;20,24;6;United Kingdom;Western Europe;"Oxford University Press";"1985-2026";"Economics and Econometrics (Q1); Law (Q1); Organizational Behavior and Human Resource Management (Q1)";"Business, Management and Accounting; Economics, Econometrics and Finance; Social Sciences"
48;19400158595;"World Trade Review";journal;"14747456, 14753138";"Cambridge University Press";No;No;1,183;Q1;42;52;111;4421;301;106;2,66;85,02;29,17;0;United Kingdom;Western Europe;"Cambridge University Press";"2002-2026";"Economics and Econometrics (Q1); Law (Q1); Political Science and International Relations (Q1)";"Economics, Econometrics and Finance; Social Sciences"
49;25666;"Common Market Law Review";journal;"01650750, 18758320";"Kluwer Law International";No;No;1,182;Q1;74;50;211;6096;481;184;1,98;121,92;44,23;1;Netherlands;Western Europe;"Kluwer Law International";"1996-2025";"Law (Q1); Political Science and International Relations (Q1)";"Social Sciences"
50;20369;"Journal of Family Violence";journal;"08857482, 15732851";"Springer New York";No;No;1,162;Q1;103;339;398;20647;1742;394;3,28;60,91;72,32;15;United States;Northern America;"Springer New York";"1986-2026";"Clinical Psychology (Q1); Law (Q1); Social Sciences (miscellaneous) (Q1); Sociology and Political Science (Q1)";"Psychology; Social Sciences"
51;17591;"Law and Society Review";journal;"00239216, 15405893";"Cambridge University Press";No;No;1,162;Q1;97;34;79;3864;233;68;2,46;113,65;56,45;1;United States;Northern America;"Cambridge University Press";"1977-1979, 1983, 1985, 1987, 1995-2026";"Law (Q1); Sociology and Political Science (Q1)";"Social Sciences"
52;21100899442;"Comparative Migration Studies";journal;"2214594X";"SpringerOpen";Yes;No;1,158;Q1;45;92;136;5441;616;129;3,48;59,14;54,17;7;Switzerland;Western Europe;"SpringerOpen";"2013-2026";"Demography (Q1); Geography, Planning and Development (Q1); Law (Q1); Sociology and Political Science (Q1); Statistics, Probability and Uncertainty (Q1)";"Decision Sciences; Social Sciences"
53;19900191537;"International Theory";journal;"17529727, 17529719";"Cambridge University Press";Yes;No;1,158;Q1;50;25;65;2660;201;64;3,42;106,40;32,26;0;United Kingdom;Western Europe;"Cambridge University Press";"2009-2026";"Law (Q1); Philosophy (Q1); Political Science and International Relations (Q1)";"Arts and Humanities; Social Sciences"
54;100147033;"Journal of Competition Law and Economics";journal;"17446422, 17446414";"Oxford University Press";No;No;1,138;Q1;37;24;69;2956;176;68;1,98;123,17;17,78;1;United Kingdom;Western Europe;"Oxford University Press";"2005-2025";"Economics and Econometrics (Q1); Law (Q1)";"Economics, Econometrics and Finance; Social Sciences"
55;23369;"Journal of Environmental Law";journal;"1464374X, 09528873";"Oxford University Press";No;No;1,105;Q1;45;35;93;4491;255;86;2,58;128,31;37,21;6;United Kingdom;Western Europe;"Oxford University Press";"1989-2025";"Law (Q1); Management, Monitoring, Policy and Law (Q1)";"Environmental Science; Social Sciences"
56;18575;"Notre Dame Law Review";journal;"07453515";"Notre Dame Law Review";No;No;1,102;Q1;42;8;152;2805;115;150;0,82;350,63;37,50;0;United States;Northern America;"Notre Dame Law Review";"1984, 1986, 1989-1990, 1992-1993, 1995-2025";"Law (Q1)";"Social Sciences"
57;22743;"International Environmental Agreements: Politics, Law and Economics";journal;"15679764, 15731553";"Springer Netherlands";No;No;1,091;Q1;58;38;96;2618;401;94;3,97;68,89;49,12;4;Netherlands;Western Europe;"Springer Netherlands";"2002-2026";"Economics and Econometrics (Q1); Law (Q1); Political Science and International Relations (Q1)";"Economics, Econometrics and Finance; Social Sciences"
58;21101183612;"Al-Manahij: Jurnal Kajian Hukum Islam";journal;"19786670, 25794167";"Universitas Islam Negeri Profesor Kiai Haji Saifuddin Zuhri Purwokerto";Yes;No;1,088;Q1;15;21;60;1322;305;60;6,41;62,95;20,93;0;Indonesia;Asiatic Region;"Universitas Islam Negeri Profesor Kiai Haji Saifuddin Zuhri Purwokerto";"2019-2025";"Law (Q1); Religious Studies (Q1); Social Sciences (miscellaneous) (Q1)";"Arts and Humanities; Social Sciences"
59;20532;"Journal of Air Transport Management";journal;"09696997";"Elsevier Ltd";No;No;1,088;Q1;107;125;353;7324;2040;352;5,68;58,59;31,07;1;United Kingdom;Western Europe;"Elsevier Ltd";"1994-1995, 1997-2026";"Law (Q1); Management, Monitoring, Policy and Law (Q1); Strategy and Management (Q1); Transportation (Q1)";"Business, Management and Accounting; Environmental Science; Social Sciences"
60;21100881654;"Journal of Law and the Biosciences";journal;"20539711";"Oxford University Press";Yes;Yes;1,077;Q1;38;29;101;3911;409;101;4,07;134,86;53,42;0;United Kingdom;Western Europe;"Oxford University Press";"2014, 2016-2026";"Biochemistry, Genetics and Molecular Biology (miscellaneous) (Q1); Law (Q1); Medicine (miscellaneous) (Q1)";"Biochemistry, Genetics and Molecular Biology; Medicine; Social Sciences"
61;19786;"Utilities Policy";journal;"09571787";"Elsevier B.V.";No;No;1,073;Q1;72;175;396;11849;2204;394;5,88;67,71;31,35;0;United Kingdom;Western Europe;"Elsevier B.V.";"1990-1995, 1997-2001, 2003-2026";"Business and International Management (Q1); Development (Q1); Economics and Econometrics (Q1); Law (Q1); Management, Monitoring, Policy and Law (Q1); Sociology and Political Science (Q1); Transportation (Q1)";"Business, Management and Accounting; Economics, Econometrics and Finance; Environmental Science; Social Sciences"
62;130146;"Journal of Experimental Criminology";journal;"15728315, 15733750";"Springer Science and Business Media B.V.";No;No;1,068;Q1;72;110;154;7294;596;152;3,87;66,31;45,73;3;Netherlands;Western Europe;"Springer Science and Business Media B.V.";"2005-2026";"Law (Q1)";"Social Sciences"
63;28888;"Computer Law and Security Review";journal;"22124748, 2212473X";"Elsevier Ltd";No;No;1,052;Q1;70;35;283;609;1835;279;6,80;17,40;42,62;5;United Kingdom;Western Europe;"Elsevier Ltd";"1985-2026";"Business, Management and Accounting (miscellaneous) (Q1); Computer Networks and Communications (Q1); Law (Q1)";"Business, Management and Accounting; Computer Science; Social Sciences"
64;21100923464;"International Data Privacy Law";journal;"20443994, 20444001";"Oxford University Press";No;No;1,045;Q1;35;21;68;2170;200;61;2,53;103,33;33,33;0;United States;Northern America;"Oxford University Press";"2011-2025";"Law (Q1)";"Social Sciences"
65;19900192517;"Revista Espanola de Derecho Constitucional";journal;"02115743, 19890648";"Centro de Estudios Politicos y Constitucionales";No;Yes;1,042;Q1;12;34;87;981;45;70;0,54;28,85;25,00;0;Spain;Western Europe;"Centro de Estudios Politicos y Constitucionales";"2008-2013, 2015-2025";"Law (Q1); Sociology and Political Science (Q1)";"Social Sciences"
66;13822;"Cornell Law Review";journal;"00108847";"Cornell Law School";No;No;1,039;Q1;62;17;40;2931;48;38;0,80;172,41;50,00;0;United States;Northern America;"Cornell Law School";"1975-1981, 1984-1986, 1988-2025";"Law (Q1)";"Social Sciences"
67;5700162193;"Leiden Journal of International Law";journal;"09221565, 14789698";"Cambridge University Press";Yes;No;1,033;Q1;51;53;153;8335;366;143;2,63;157,26;50,79;0;United Kingdom;Western Europe;"Cambridge University Press";"1988-2026";"Law (Q1); Political Science and International Relations (Q1)";"Social Sciences"
68;5600157637;"European Journal of Criminology";journal;"14773708, 17412609";"SAGE Publications Inc.";No;No;1,029;Q1;73;64;212;4169;794;212;3,45;65,14;48,80;3;United States;Northern America;"SAGE Publications Inc.";"2004-2026";"Law (Q1)";"Social Sciences"
69;24303;"Computer Standards and Interfaces";journal;"09205489";"Elsevier B.V.";No;No;1,021;Q1;84;125;195;6722;1287;194;6,60;53,78;31,60;1;Netherlands;Western Europe;"Elsevier B.V.";"1986-2026";"Computer Science Applications (Q1); Hardware and Architecture (Q1); Law (Q1); Software (Q1)";"Computer Science; Social Sciences"
70;18553;"Northwestern University Law Review";journal;"00293571";"Northwestern University School of Law";No;No;1,012;Q1;56;25;101;1544;153;85;1,48;61,76;38,71;0;United States;Northern America;"Northwestern University School of Law";"1973, 1977, 1981, 1989-1990, 1992-2025";"Law (Q1)";"Social Sciences"
71;17545;"Law and Human Behavior";journal;"01477307, 1573661X";"Springer New York";No;No;1,010;Q1;120;40;119;2828;450;119;3,52;70,70;54,48;0;United States;Northern America;"Springer New York";"1977-2025";"Arts and Humanities (miscellaneous) (Q1); Law (Q1); Psychology (miscellaneous) (Q1); Psychiatry and Mental Health (Q2)";"Arts and Humanities; Medicine; Psychology; Social Sciences"
72;25277;"Contemporary Drug Problems";journal;"00914509";"SAGE Publications Inc.";No;No;1,002;Q1;28;54;76;3723;253;75;3,42;68,94;61,84;0;United Kingdom;Western Europe;"SAGE Publications Inc.";"1973-1981, 1994-1995, 2014-2026";"Health Policy (Q1); Health (social science) (Q1); Law (Q1); Public Health, Environmental and Occupational Health (Q1)";"Medicine; Social Sciences"
73;21101138552;"Juris: Jurnal Ilmiah Syariah";journal;"25802763, 14126109";"Universitas Islam Negeri Mahmud Yunus Batusangkar";Yes;No;0,999;Q1;16;30;79;1899;334;79;4,22;63,30;21,62;0;Indonesia;Asiatic Region;"Universitas Islam Negeri Mahmud Yunus Batusangkar";"2019-2025";"Law (Q1); Religious Studies (Q1)";"Arts and Humanities; Social Sciences"
74;147233;"Punishment and Society";journal;"17413095, 14624745";"SAGE Publications Ltd";No;No;0,969;Q1;78;46;151;3209;441;150;2,82;69,76;56,57;0;United Kingdom;Western Europe;"SAGE Publications Ltd";"1999-2026";"Law (Q1); Social Sciences (miscellaneous) (Q1)";"Social Sciences"
75;21058;"UCLA Law Review";journal;"00415650";"University of California, Berkeley";No;No;0,968;Q1;58;27;77;1636;87;74;0,89;60,59;42,42;0;United States;Northern America;"University of California, Berkeley";"1968, 1976, 1978, 1980-1983, 1986, 1989, 1991-2026";"Law (Q1)";"Social Sciences"
76;25050;"American Journal of International Law";journal;"21617953, 00029300";"Cambridge University Press";Yes;No;0,964;Q1;102;38;144;4191;272;140;1,49;110,29;41,18;2;United States;Northern America;"Cambridge University Press";"1937, 1959, 1979, 1982, 1984, 1987-1988, 1992-1994, 1996-2026";"Law (Q1); Political Science and International Relations (Q1)";"Social Sciences"
77;21101196455;"Al-Ahkam";journal;"08544603, 25023209";"State Islamic University Walisongo Semarang";Yes;No;0,946;Q1;12;16;40;925;176;40;4,54;57,81;22,73;0;Indonesia;Asiatic Region;"State Islamic University Walisongo Semarang";"2020-2025";"Law (Q1); Religious Studies (Q1)";"Arts and Humanities; Social Sciences"
78;39526;"IIC International Review of Intellectual Property and Competition Law";journal;"00189855, 21950237";"Springer International Publishing AG";No;No;0,945;Q1;29;63;161;3597;342;121;2,21;57,10;55,41;2;Germany;Western Europe;"Springer International Publishing AG";"1982, 1989, 1991, 1994-2026";"Law (Q1); Political Science and International Relations (Q1)";"Social Sciences"
79;5700165148;"European Constitutional Law Review";journal;"17445515, 15740196";"Cambridge University Press";Yes;No;0,944;Q1;42;27;96;3126;197;95;1,65;115,78;40,00;0;United Kingdom;Western Europe;"Cambridge University Press";"2005-2026";"Law (Q1)";"Social Sciences"
80;21101042192;"World Tax Journal";journal;"23529237, 18784917";"International Bureau of Fiscal Documentation (IBFD)";No;No;0,943;Q1;11;20;61;1667;55;59;0,78;83,35;35,90;3;Netherlands;Western Europe;"International Bureau of Fiscal Documentation (IBFD)";"2019-2025";"Law (Q1); Accounting (Q2); Economics and Econometrics (Q2); Finance (Q2)";"Business, Management and Accounting; Economics, Econometrics and Finance; Social Sciences"
81;21100465147;"Election Law Journal: Rules, Politics, and Policy";journal;"15578062, 15331296";"Mary Ann Liebert Inc.";No;No;0,938;Q1;20;39;64;2371;123;63;1,70;60,79;32,74;2;United States;Northern America;"Mary Ann Liebert Inc.";"2005, 2008-2009, 2012, 2016-2025";"Law (Q1)";"Social Sciences"
82;21100904891;"Forensic Science International: Synergy";journal;"2589871X";"Elsevier B.V.";Yes;No;0,937;Q1;27;66;162;3566;563;131;3,41;54,03;48,65;0;Netherlands;Western Europe;"Elsevier B.V.";"2019-2026";"Law (Q1); Pathology and Forensic Medicine (Q1)";"Medicine; Social Sciences"
83;12915;"Space Policy";journal;"02659646, 1879338X";"Elsevier B.V.";No;No;0,935;Q1;37;45;106;3170;339;104;3,25;70,44;37,50;0;United Kingdom;Western Europe;"Elsevier B.V.";"1985-2026";"Law (Q1); Sociology and Political Science (Q1); Economics and Econometrics (Q2); Space and Planetary Science (Q2)";"Earth and Planetary Sciences; Economics, Econometrics and Finance; Social Sciences"
84;21100885607;"Journal of World Investment and Trade";journal;"16607112, 22119000";"Brill Academic Publishers";No;No;0,934;Q1;28;34;84;4944;159;77;2,17;145,41;38,30;0;Netherlands;Western Europe;"Brill Academic Publishers";"2000-2001, 2003-2025";"Business and International Management (Q1); Economics, Econometrics and Finance (miscellaneous) (Q1); Law (Q1); Political Science and International Relations (Q1)";"Business, Management and Accounting; Economics, Econometrics and Finance; Social Sciences"
85;5600153974;"Policing and Society";journal;"14772728, 10439463";"Routledge";No;No;0,934;Q1;61;100;204;7106;686;200;2,95;71,06;49,80;3;United Kingdom;Western Europe;"Routledge";"1990-2003, 2005-2026";"Law (Q1); Sociology and Political Science (Q1)";"Social Sciences"
86;26216;"European Journal of Migration and Law";journal;"1388364X, 15718166";"Martinus Nijhoff Publishers";No;No;0,928;Q1;44;20;66;2112;181;63;1,98;105,60;60,71;0;Netherlands;Western Europe;"Martinus Nijhoff Publishers";"1999-2025";"Demography (Q1); Law (Q1)";"Social Sciences"
87;26339;"International and Comparative Law Quarterly";journal;"00205893, 14716895";"Cambridge University Press";No;No;0,928;Q1;70;53;109;8365;272;109;2,60;157,83;39,44;0;United Kingdom;Western Europe;"Cambridge University Press";"1952-2025";"Law (Q1); Political Science and International Relations (Q1)";"Social Sciences"
88;21100856536;"Journal of Antitrust Enforcement";journal;"20500688, 20500696";"Oxford University Press";No;No;0,927;Q1;16;31;123;3523;211;115;1,67;113,65;30,77;3;United Kingdom;Western Europe;"Oxford University Press";"2013-2025";"Law (Q1)";"Social Sciences"
89;25671;"Washington Quarterly";journal;"15309177, 0163660X";"Taylor and Francis Ltd.";No;No;0,923;Q1;61;37;112;1876;270;112;2,30;50,70;26,79;0;United Kingdom;Western Europe;"Taylor and Francis Ltd.";"1978-2025";"Law (Q1); Political Science and International Relations (Q1); Sociology and Political Science (Q1)";"Social Sciences"
90;21101210522;"Journal of Islamic Law";journal;"27215032, 27215040";"Institut Agama Islam Negeri Pontianak";Yes;No;0,914;Q1;13;17;38;1395;160;38;4,85;82,06;27,27;0;Indonesia;Asiatic Region;"Institut Agama Islam Negeri Pontianak";"2020-2025";"Arts and Humanities (miscellaneous) (Q1); Law (Q1); Religious Studies (Q1); Social Sciences (miscellaneous) (Q1)";"Arts and Humanities; Social Sciences"
91;21101060255;"Novum Jus";journal;"16926013, 25008692";"Universidad Catolica de Colombia";Yes;Yes;0,914;Q1;10;47;140;2344;197;131;1,38;49,87;36,11;0;Colombia;Latin America;"Universidad Catolica de Colombia";"2019-2025";"Law (Q1); Sociology and Political Science (Q1)";"Social Sciences"
92;20500195116;"Probation Journal";journal;"17413079, 02645505";"SAGE Publications Ltd";No;No;0,914;Q1;44;51;74;2367;203;58;2,17;46,41;56,36;2;United Kingdom;Western Europe;"SAGE Publications Ltd";"1929-1949, 1954-1956, 1959, 1962, 1965-2026";"Law (Q1)";"Social Sciences"
93;25733;"Journal of Criminal Justice";journal;"00472352";"Elsevier B.V.";Yes;No;0,913;Q1;110;180;313;13848;993;311;2,64;76,93;51,86;3;United Kingdom;Western Europe;"Elsevier B.V.";"1973-2026";"Law (Q1); Social Psychology (Q1); Sociology and Political Science (Q1); Applied Psychology (Q2)";"Psychology; Social Sciences"
94;21100286942;"Hague Journal on the Rule of Law";journal;"18764053, 18764045";"Springer International Publishing AG";No;No;0,909;Q1;29;26;67;1792;188;64;1,98;68,92;43,75;0;Switzerland;Western Europe;"Springer International Publishing AG";"2009-2026";"Law (Q1)";"Social Sciences"
95;13880;"Artificial Intelligence and Law";journal;"09248463, 15728382";"Springer Nature";No;No;0,905;Q1;54;98;96;5401;656;96;7,00;55,11;25,71;9;Netherlands;Western Europe;"Springer Nature";"1992-1993, 1995-2026";"Law (Q1); Artificial Intelligence (Q2)";"Computer Science; Social Sciences"
96;5600156029;"Journal of Legislative Studies";journal;"13572334, 17439337";"Routledge";No;No;0,905;Q1;48;78;82;3996;152;79;1,31;51,23;32,59;6;United Kingdom;Western Europe;"Routledge";"1995-2026";"Law (Q1); Political Science and International Relations (Q1)";"Social Sciences"
97;30035;"Administrative Law Review";journal;"00018368";"American Bar Association";No;No;0,903;Q1;33;0;11;0;5;10;0,60;0,00;0,00;0;United States;Northern America;"American Bar Association";"1977, 1988, 1990, 1996-2012, 2016-2019, 2022-2023";"Law (Q1); Public Administration (Q1)";"Social Sciences"
98;21101055891;"Ahkam: Jurnal Ilmu Syariah";journal;"24078646, 14124734";"Syarif Hidayatullah State Islamic University (UIN) Jakarta";Yes;Yes;0,896;Q1;16;21;68;1406;234;68;3,46;66,95;28,85;0;Indonesia;Asiatic Region;"Syarif Hidayatullah State Islamic University (UIN) Jakarta";"2012-2025";"Law (Q1); Religious Studies (Q1)";"Arts and Humanities; Social Sciences"
99;21100824892;"Law, Innovation and Technology";journal;"1757997X, 17579961";"Taylor and Francis Ltd.";No;No;0,886;Q1;31;28;68;2070;330;67;5,58;73,93;38,89;0;United Kingdom;Western Europe;"Taylor and Francis Ltd.";"2009-2026";"Computer Science (miscellaneous) (Q1); Law (Q1); Artificial Intelligence (Q2); Biotechnology (Q2); Computer Science Applications (Q2)";"Biochemistry, Genetics and Molecular Biology; Computer Science; Social Sciences"
100;19664;"Criminal Justice and Behavior";journal;"15523594, 00938548";"SAGE Publications Inc.";No;No;0,881;Q1;121;106;284;5912;872;284;2,53;55,77;60,70;3;United States;Northern America;"SAGE Publications Inc.";"1974-2026";"Law (Q1); Pathology and Forensic Medicine (Q1); Psychology (miscellaneous) (Q1)";"Medicine; Psychology; Social Sciences"
101;19600166406;"European Business Organization Law Review";journal;"17416205, 15667529";"Springer International Publishing AG";No;No;0,880;Q1;37;27;100;1467;436;96;2,77;54,33;26,47;0;Switzerland;Western Europe;"Springer International Publishing AG";"2000-2026";"Law (Q1); Political Science and International Relations (Q1); Business and International Management (Q2)";"Business, Management and Accounting; Social Sciences"
102;21100942111;"Journal of Law and Courts";journal;"21646589, 21646570";"Cambridge University Press";No;No;0,877;Q1;23;40;58;2582;92;58;1,52;64,55;41,98;0;United States;Northern America;"Cambridge University Press";"2013-2026";"Law (Q1); Political Science and International Relations (Q1); Sociology and Political Science (Q1)";"Social Sciences"
103;27789;"International Journal of Marine and Coastal Law";journal;"09273522, 15718085";"Martinus Nijhoff Publishers";No;No;0,870;Q1;42;64;105;4910;206;104;1,58;76,72;36,99;0;Netherlands;Western Europe;"Martinus Nijhoff Publishers";"1986-2025";"Geography, Planning and Development (Q1); Law (Q1); Oceanography (Q1); Environmental Science (miscellaneous) (Q2); Management, Monitoring, Policy and Law (Q2)";"Earth and Planetary Sciences; Environmental Science; Social Sciences"
104;18777;"Violence Against Women";journal;"10778012, 15528448";"SAGE Publications Inc.";No;No;0,862;Q1;126;355;534;21258;1766;522;3,09;59,88;79,75;17;United States;Northern America;"SAGE Publications Inc.";"1995-2026";"Gender Studies (Q1); Law (Q1); Sociology and Political Science (Q1)";"Social Sciences"
105;21100208071;"Teoria y Realidad Constitucional";journal;"11395583, 21748950";"Universidad Nacional de Educacion a Distancia (UNED)";No;No;0,859;Q1;11;29;111;1056;74;111;0,65;36,41;40,00;0;Spain;Western Europe;"Universidad Nacional de Educacion a Distancia (UNED)";"2012-2025";"Law (Q1); Political Science and International Relations (Q1)";"Social Sciences"
106;21101032719;"Forensic Science International: Digital Investigation";journal;"26662817, 26662825";"Elsevier Ltd";No;No;0,857;Q1;72;96;265;3826;955;241;3,82;39,85;26,25;0;United Kingdom;Western Europe;"Elsevier Ltd";"2020-2026";"Information Systems (Q1); Law (Q1); Medical Laboratory Technology (Q1); Pathology and Forensic Medicine (Q1); Computer Science Applications (Q2)";"Computer Science; Health Professions; Medicine; Social Sciences"
107;11400153312;"Feminist Criminology";journal;"15570851, 1557086X";"SAGE Publications Ltd";No;No;0,856;Q1;51;41;75;2659;219;71;2,81;64,85;71,43;1;United Kingdom;Western Europe;"SAGE Publications Ltd";"2006-2026";"Gender Studies (Q1); Law (Q1)";"Social Sciences"
108;21101198446;"De Jure: Jurnal Hukum dan Syar'iah";journal;"20851618, 25281658";"Maulana Malik Ibrahim State Islamic University of Malang";No;No;0,853;Q1;13;25;70;1523;269;70;4,52;60,92;39,39;0;Indonesia;Asiatic Region;"Maulana Malik Ibrahim State Islamic University of Malang";"2020-2025";"Gender Studies (Q1); Law (Q1); Political Science and International Relations (Q1); Religious Studies (Q1)";"Arts and Humanities; Social Sciences"
109;21101146661;"European Law Open";journal;"27526135";"Cambridge University Press";Yes;No;0,850;Q1;11;52;162;5909;259;152;1,59;113,63;40,68;1;United Kingdom;Western Europe;"Cambridge University Press";"2022-2026";"Law (Q1)";"Social Sciences"
110;145600;"International Journal of Law and Information Technology";journal;"09670769, 14643693";"Oxford University Press";No;No;0,848;Q1;28;19;61;2729;251;61;3,97;143,63;40,00;1;United Kingdom;Western Europe;"Oxford University Press";"1993-2026";"Law (Q1); Library and Information Sciences (Q1)";"Social Sciences"
111;13600;"Georgetown Law Journal";journal;"00168092";"Georgetown Law Journal Association";No;No;0,838;Q1;62;16;63;5617;74;63;1,25;351,06;50,00;0;United States;Northern America;"Georgetown Law Journal Association";"1973-1974, 1976-1977, 1979, 1981, 1983-1986, 1988, 1992, 1994-2020, 2022-2025";"Law (Q1)";"Social Sciences"
112;21101198697;"El-Usrah";journal;"26208075, 26208083";"State Islamic University of Ar-Raniry Faculty of Sharia and Law";No;No;0,830;Q1;13;60;110;2997;364;110;4,49;49,95;34,19;0;Indonesia;Asiatic Region;"State Islamic University of Ar-Raniry Faculty of Sharia and Law";"2020-2025";"Anthropology (Q1); Gender Studies (Q1); Law (Q1); Social Sciences (miscellaneous) (Q1)";"Social Sciences"
113;21101176851;"Volksgeist: Jurnal Ilmu Hukum dan Konstitusi";journal;"2615174X, 26155648";"Universitas Islam Negeri Profesor Kiai Haji Saifuddin Zuhri Purwokerto";Yes;No;0,830;Q1;14;29;62;1476;250;62;4,48;50,90;28,00;0;Indonesia;Asiatic Region;"Universitas Islam Negeri Profesor Kiai Haji Saifuddin Zuhri Purwokerto";"2019-2025";"Law (Q1); Political Science and International Relations (Q1); Social Sciences (miscellaneous) (Q1); Sociology and Political Science (Q1)";"Social Sciences"
114;12100156325;"Journal of Intervention and Statebuilding";journal;"17502977, 17502985";"Routledge";No;No;0,829;Q1;33;51;106;3883;312;95;3,10;76,14;52,94;4;United Kingdom;Western Europe;"Routledge";"2012-2026";"Law (Q1); Political Science and International Relations (Q1)";"Social Sciences"
115;21100774810;"Health and Justice";journal;"21947899";"BioMed Central Ltd";Yes;No;0,828;Q1;29;75;133;4899;428;129;2,65;65,32;65,11;3;United Kingdom;Western Europe;"BioMed Central Ltd";"2014-2026";"Law (Q1); Public Health, Environmental and Occupational Health (Q2)";"Medicine; Social Sciences"
116;28802;"Electricity Journal";journal;"10406190";"Elsevier Inc.";No;No;0,826;Q1;67;47;203;2276;655;196;2,83;48,43;25,00;1;United States;Northern America;"Elsevier Inc.";"1988-2026";"Law (Q1); Business and International Management (Q2); Energy (miscellaneous) (Q2); Management of Technology and Innovation (Q2)";"Business, Management and Accounting; Energy; Social Sciences"
117;21100855505;"Journal of Cybersecurity";journal;"20572093";"Oxford University Press";Yes;No;0,818;Q1;38;47;68;3676;382;68;5,06;78,21;36,22;4;United Kingdom;Western Europe;"Oxford University Press";"2015-2026";"Computer Science (miscellaneous) (Q1); Law (Q1); Political Science and International Relations (Q1); Safety Research (Q1); Safety, Risk, Reliability and Quality (Q1); Computer Networks and Communications (Q2); Computer Science Applications (Q2); Hardware and Architecture (Q2); Information Systems (Q2); Social Psychology (Q2); Software (Q2)";"Computer Science; Engineering; Psychology; Social Sciences"
118;17534;"Social Justice Research";journal;"15736725, 08857466";"Springer New York";No;No;0,817;Q1;71;23;62;1625;185;60;2,28;70,65;44,44;1;United States;Northern America;"Springer New York";"1987-1990, 1992-2026";"Anthropology (Q1); Law (Q1); Sociology and Political Science (Q1)";"Social Sciences"
119;16151;"Medical Law Review";journal;"14643790, 09670742";"Oxford University Press";No;No;0,813;Q1;38;42;97;5459;249;68;2,57;129,98;60,00;1;United Kingdom;Western Europe;"Oxford University Press";"1993-2026";"Law (Q1); Medicine (miscellaneous) (Q2)";"Medicine; Social Sciences"
120;21100817648;"Race and Justice";journal;"21533687";"SAGE Publications Inc.";No;No;0,813;Q1;28;72;106;4578;351;97;3,06;63,58;50,00;6;United States;Northern America;"SAGE Publications Inc.";"2011-2026";"Anthropology (Q1); Law (Q1); Sociology and Political Science (Q1)";"Social Sciences"
121;144977;"Homicide Studies";journal;"15526720, 10887679";"SAGE Publications Inc.";No;No;0,810;Q1;60;26;86;1407;253;81;3,00;54,12;67,14;2;United States;Northern America;"SAGE Publications Inc.";"1997-2026";"Law (Q1); Pathology and Forensic Medicine (Q1); Psychology (miscellaneous) (Q2)";"Medicine; Psychology; Social Sciences"
122;17400154828;"Psychological Injury and Law";journal;"1938971X, 19389728";"Springer New York";No;No;0,809;Q1;39;27;92;1671;373;90;3,25;61,89;38,20;0;United States;Northern America;"Springer New York";"2008-2026";"Ecology (Q1); Law (Q1); Psychiatry and Mental Health (Q2)";"Environmental Science; Medicine; Social Sciences"
123;22087;"Theoretical Criminology";journal;"14617439, 13624806";"SAGE Publications Ltd";No;No;0,796;Q1;98;34;101;2251;286;96;2,12;66,21;59,57;1;United Kingdom;Western Europe;"SAGE Publications Ltd";"1997-2026";"Law (Q1); Pathology and Forensic Medicine (Q1); Sociology and Political Science (Q1)";"Medicine; Social Sciences"
124;21101059716;"Al-Ihkam: Jurnal Hukum dan Pranata Sosial";journal;"24423084, 1907591X";"Faculty of Shariah Institut Agama Islam Negeri Madura";Yes;No;0,795;Q1;15;15;74;709;304;74;3,13;47,27;47,22;0;Indonesia;Asiatic Region;"Faculty of Shariah Institut Agama Islam Negeri Madura";"2018-2026";"Arts and Humanities (miscellaneous) (Q1); Law (Q1); Philosophy (Q1); Religious Studies (Q1); Social Sciences (miscellaneous) (Q1); Sociology and Political Science (Q1); Social Psychology (Q2)";"Arts and Humanities; Psychology; Social Sciences"
125;5600152957;"American Journal of Criminal Justice";journal;"10662316, 19361351";"Springer New York";No;No;0,790;Q1;53;88;165;6020;465;161;2,80;68,41;50,43;1;United States;Northern America;"Springer New York";"1975-1976, 1979-1982, 1984-1991, 1993-1997, 2001-2002, 2009-2026";"Law (Q1)";"Social Sciences"
126;18053;"New York University Law Review";journal;"00287881";"New York University School of Law";No;No;0,790;Q1;66;40;122;5684;134;104;1,10;142,10;48,78;1;United States;Northern America;"New York University School of Law";"1973-1976, 1979, 1985, 1987, 1991-1994, 1996-1999, 2001-2025";"Law (Q1)";"Social Sciences"
127;22222;"Parliamentary Affairs";journal;"14602482, 00312290";"Oxford University Press";No;No;0,787;Q1;57;54;129;2536;311;128;2,36;46,96;38,00;5;United Kingdom;Western Europe;"Oxford University Press";"1947-2026";"Law (Q1); Sociology and Political Science (Q1)";"Social Sciences"
128;130056;"Journal of International Criminal Justice";journal;"14781395, 14781387";"Oxford University Press";No;No;0,786;Q1;53;42;152;4167;260;147;1,56;99,21;39,58;1;United Kingdom;Western Europe;"Oxford University Press";"2005-2025";"Law (Q1); Sociology and Political Science (Q1)";"Social Sciences"
129;21100855986;"Revista de Investigacoes Constitucionais";journal;"23595639";"Universidade Federal do Parana";Yes;Yes;0,781;Q1;14;24;71;1290;67;69;0,91;53,75;38,71;0;Brazil;Latin America;"Universidade Federal do Parana";"2014-2025";"Law (Q1); Sociology and Political Science (Q1)";"Social Sciences"
130;21100236217;"Review of European, Comparative and International Environmental Law";journal;"20500386, 20500394";"John Wiley and Sons Ltd";No;No;0,774;Q1;36;55;135;1786;398;129;2,73;32,47;46,91;5;United Kingdom;Western Europe;"John Wiley and Sons Ltd";"2013-2026";"Geography, Planning and Development (Q1); Law (Q1); Management, Monitoring, Policy and Law (Q2)";"Environmental Science; Social Sciences"
131;5700169289;"Journal of Sexual Aggression";journal;"17426545, 13552600";"Routledge";No;No;0,770;Q1;48;64;84;4168;227;83;2,96;65,13;62,33;5;United Kingdom;Western Europe;"Routledge";"1994, 1996-1997, 1999-2026";"Law (Q1); Applied Psychology (Q2); Behavioral Neuroscience (Q2); Psychiatry and Mental Health (Q2); Psychology (miscellaneous) (Q2)";"Medicine; Neuroscience; Psychology; Social Sciences"
132;21629;"University of Chicago Law Review";journal;"00419494";"University of Chicago Law School";No;No;0,766;Q1;71;40;68;11863;93;68;1,42;296,58;27,27;0;United States;Northern America;"University of Chicago Law School";"1977-1978, 1986, 1991-1992, 1995-2026";"Law (Q1)";"Social Sciences"
133;21100895625;"Yearbook of European Law";journal;"20450044, 02633264";"Oxford University Press";No;No;0,766;Q1;14;0;38;0;88;38;2,15;0,00;0,00;0;United Kingdom;Western Europe;"Oxford University Press";"2018-2024";"Law (Q1); Political Science and International Relations (Q1)";"Social Sciences"
134;21539;"Harvard Civil Rights-Civil Liberties Law Review";journal;"00178039";"Harvard University Law School";No;No;0,764;Q1;33;21;55;5845;67;55;1,42;278,33;55,00;0;United States;Northern America;"Harvard University Law School";"1973, 1975, 1981-1982, 1984, 1988, 1991-1992, 1996-2011, 2013-2025";"Law (Q1)";"Social Sciences"
135;24567;"European Foreign Affairs Review";journal;"18758223, 13846299";"Kluwer Law International";No;No;0,758;Q1;44;41;98;3118;239;92;2,43;76,05;47,27;0;Netherlands;Western Europe;"Kluwer Law International";"1996-2026";"Law (Q1); Political Science and International Relations (Q1)";"Social Sciences"
136;21101045325;"Samarah";journal;"25493167, 25493132";"Universitas Islam Negeri Ar-Raniry";No;No;0,758;Q1;18;81;230;3973;736;230;3,30;49,05;28,90;0;Indonesia;Asiatic Region;"Universitas Islam Negeri Ar-Raniry";"2017-2025";"Law (Q1); Social Sciences (miscellaneous) (Q1)";"Social Sciences"
137;6500153248;"Victims and Offenders";journal;"15564886, 15564991";"Routledge";No;No;0,758;Q1;47;110;226;7913;660;221;2,46;71,94;64,08;2;United Kingdom;Western Europe;"Routledge";"2006-2026";"Law (Q1); Applied Psychology (Q2); Health (social science) (Q2); Pathology and Forensic Medicine (Q2)";"Medicine; Psychology; Social Sciences"
138;19625;"Crime and Delinquency";journal;"1552387X, 00111287";"SAGE Publications Inc.";No;No;0,755;Q1;94;253;404;16660;1016;404;2,12;65,85;48,48;11;United States;Northern America;"SAGE Publications Inc.";"1955-2026";"Law (Q1); Pathology and Forensic Medicine (Q2)";"Medicine; Social Sciences"
139;21100238638;"Global Policy";journal;"17585899, 17585880";"John Wiley and Sons Ltd";No;No;0,751;Q1;59;147;402;8059;1117;382;2,69;54,82;38,55;8;United Kingdom;Western Europe;"John Wiley and Sons Ltd";"2010-2026";"Law (Q1); Political Science and International Relations (Q1); Economics and Econometrics (Q2); Management, Monitoring, Policy and Law (Q2); Global and Planetary Change (Q3)";"Economics, Econometrics and Finance; Environmental Science; Social Sciences"
140;17600155423;"International Journal of Transitional Justice";journal;"17527724, 17527716";"Oxford University Press";No;No;0,749;Q1;40;36;90;3297;204;84;2,10;91,58;58,70;0;United Kingdom;Western Europe;"Oxford University Press";"2011-2025";"Law (Q1)";"Social Sciences"
141;21100925787;"AJIL Unbound";journal;"23987723";"Cambridge University Press";Yes;Yes;0,748;Q1;22;53;187;1651;252;177;1,33;31,15;69,44;1;United States;Northern America;"Cambridge University Press";"2013-2026";"Law (Q1)";"Social Sciences"
142;21100881655;"ICSID Review";journal;"02583690, 20491999";"Oxford University Press";No;No;0,747;Q1;29;25;111;2802;119;99;1,12;112,08;41,67;0;United Kingdom;Western Europe;"Oxford University Press";"1996-2025";"Law (Q1); Finance (Q2)";"Economics, Econometrics and Finance; Social Sciences"
143;21100217205;"Journal of Borderlands Studies";journal;"21591229, 08865655";"Taylor and Francis Ltd.";No;No;0,747;Q1;33;110;162;6596;439;152;2,50;59,96;44,44;1;United Kingdom;Western Europe;"Taylor and Francis Ltd.";"1986-2026";"Geography, Planning and Development (Q1); Law (Q1); Political Science and International Relations (Q1); Sociology and Political Science (Q1)";"Social Sciences"
144;16241;"Journal of Law and Society";journal;"14676478, 0263323X";"Wiley-Blackwell Publishing Ltd";No;No;0,746;Q1;63;52;109;2002;249;107;1,59;38,50;54,29;0;United Kingdom;Western Europe;"Wiley-Blackwell Publishing Ltd";"1983, 1985, 1988, 1991-1993, 1996-2026";"Law (Q1); Sociology and Political Science (Q1)";"Social Sciences"
145;5700168360;"Police Practice and Research";journal;"15614263, 1477271X";"Routledge";No;No;0,737;Q1;44;68;141;3724;388;139;2,82;54,76;51,11;0;United Kingdom;Western Europe;"Routledge";"2009-2026";"Law (Q1); Social Sciences (miscellaneous) (Q1)";"Social Sciences"
146;21100285725;"European Journal of Risk Regulation";journal;"21908249, 1867299X";"Cambridge University Press";Yes;No;0,725;Q1;38;130;167;12996;587;161;3,07;99,97;51,06;18;Germany;Western Europe;"Cambridge University Press";"2010-2026";"Law (Q1); Safety Research (Q1)";"Social Sciences"
147;15373;"Journal of Aggression, Maltreatment and Trauma";journal;"10926771, 1545083X";"Routledge";No;No;0,723;Q1;67;106;268;5723;670;264;2,05;53,99;65,91;1;United States;Northern America;"Routledge";"1997-1998, 2000-2026";"Health Professions (miscellaneous) (Q1); Law (Q1); Applied Psychology (Q2); Clinical Psychology (Q2); Psychiatry and Mental Health (Q2); Social Psychology (Q2)";"Health Professions; Medicine; Psychology; Social Sciences"
148;15685;"Iowa Law Review";journal;"00210552";"University of Iowa";No;No;0,715;Q1;47;51;153;13759;161;153;0,92;269,78;42,42;0;United States;Northern America;"University of Iowa";"1976, 1979-1980, 1982, 1985, 1987, 1989-1992, 1995-2026";"Law (Q1)";"Social Sciences"
149;5800224699;"Modern Law Review";journal;"14682230, 00267961";"Wiley-Blackwell";No;No;0,714;Q1;41;48;181;3100;326;171;1,97;64,58;36,36;1;United States;Northern America;"Wiley-Blackwell";"1937-1995, 1997-1999, 2001-2002, 2004, 2010-2026";"Law (Q1)";"Social Sciences"
150;21519;"Police Journal";journal;"17405599, 0032258X";"SAGE Publications Ltd";No;No;0,710;Q1;26;73;122;4045;316;121;2,44;55,41;51,58;0;United Kingdom;Western Europe;"SAGE Publications Ltd";"1974-1986, 2002-2026";"Law (Q1)";"Social Sciences"
151;21101321975;"Journal of Economic Criminology";journal;"29497914";"Elsevier B.V.";Yes;No;0,709;Q1;15;77;98;5206;523;95;5,34;67,61;33,33;1;Netherlands;Western Europe;"Elsevier B.V.";"2023-2026";"Economics, Econometrics and Finance (miscellaneous) (Q1); Law (Q1)";"Economics, Econometrics and Finance; Social Sciences"
152;21101079115;"Revista Eurolatinoamericana de Derecho Administrativo";journal;"2362583X";"Universidad Nacional del Litoral";Yes;Yes;0,704;Q1;6;17;58;712;30;58;0,38;41,88;17,65;0;Argentina;Latin America;"Universidad Nacional del Litoral";"2019-2025";"Law (Q1)";"Social Sciences"
153;19900191551;"International Review of the Red Cross";journal;"16075889, 18163831";"Cambridge University Press";Yes;No;0,702;Q1;54;60;184;8605;297;171;1,37;143,42;53,75;0;United Kingdom;Western Europe;"Cambridge University Press";"2005-2026";"Law (Q1); Sociology and Political Science (Q1)";"Social Sciences"
154;21100865909;"Intertax";journal;"18758347, 01652826";"Kluwer Law International";No;No;0,700;Q1;13;55;203;3341;164;168;0,78;60,75;47,83;1;Netherlands;Western Europe;"Kluwer Law International";"2018-2026";"Law (Q1); Accounting (Q2)";"Business, Management and Accounting; Social Sciences"
155;21101266482;"MILRev: Metro Islamic Law Review";journal;"2986528X";"Faculty of Sharia, IAIN Metro";Yes;No;0,698;Q1;9;55;51;2467;177;51;4,71;44,85;22,76;0;Indonesia;Asiatic Region;"Faculty of Sharia, IAIN Metro";"2022-2026";"Law (Q1); Religious Studies (Q1); Social Sciences (miscellaneous) (Q1)";"Arts and Humanities; Social Sciences"
156;5000155401;"Journal of Disability Policy Studies";journal;"10442073, 15384802";"SAGE Publications Inc.";No;No;0,693;Q1;47;29;81;1330;199;78;2,13;45,86;62,37;0;United States;Northern America;"SAGE Publications Inc.";"1990-2026";"Law (Q1); Health (social science) (Q2)";"Social Sciences"
157;26299;"Harvard International Law Journal";journal;"00178063";"Harvard University";No;No;0,687;Q1;56;20;28;4755;101;27;2,64;237,75;33,33;0;United States;Northern America;"Harvard University";"1979, 1992, 1996-2019, 2022-2025";"Law (Q1); Political Science and International Relations (Q1)";"Social Sciences"
158;14293;"Deviant Behavior";journal;"15210456, 01639625";"Taylor and Francis Ltd.";No;No;0,684;Q1;74;288;298;20213;833;298;2,64;70,18;46,46;2;United Kingdom;Western Europe;"Taylor and Francis Ltd.";"1979-2026";"Law (Q1); Sociology and Political Science (Q1); Clinical Psychology (Q2); Social Psychology (Q2)";"Psychology; Social Sciences"
159;21101206093;"Al-Risalah: Forum Kajian Hukum dan Sosial Kemasyarakatan";journal;"1412436X, 25409522";"State Islamic University of Sulthan Thaha Saifuddin Jambi";No;No;0,683;Q1;11;24;61;1107;177;61;3,51;46,13;35,29;0;Indonesia;Asiatic Region;"State Islamic University of Sulthan Thaha Saifuddin Jambi";"2020-2025";"Law (Q1); Political Science and International Relations (Q1)";"Social Sciences"
160;5400152639;"IET Intelligent Transport Systems";journal;"17519578, 1751956X";"John Wiley &amp; Sons Inc.";Yes;No;0,677;Q1;74;148;472;7352;1844;469;3,72;49,68;28,41;0;United Kingdom;Western Europe;"John Wiley &amp; Sons Inc.";"2007-2026";"Law (Q1); Mechanical Engineering (Q1); Environmental Science (miscellaneous) (Q2); Transportation (Q2)";"Engineering; Environmental Science; Social Sciences"
161;5700168403;"Global Crime";journal;"17440572, 17440580";"Routledge";No;No;0,676;Q1;40;23;47;1432;122;46;2,92;62,26;31,58;0;United Kingdom;Western Europe;"Routledge";"2007-2026";"Law (Q1); Political Science and International Relations (Q1); Sociology and Political Science (Q1)";"Social Sciences"
162;5800170969;"Journal of Corporate Law Studies";journal;"17578426, 14735970";"Taylor and Francis Ltd.";No;No;0,676;Q1;16;20;68;871;129;66;1,97;43,55;48,28;0;United Kingdom;Western Europe;"Taylor and Francis Ltd.";"2013-2026";"Law (Q1)";"Social Sciences"
163;27743;"Forensic Science International";journal;"03790738, 18726283";"Elsevier Ireland Ltd";Yes;No;0,675;Q1;152;250;826;12126;2235;810;2,65;48,50;47,16;4;Ireland;Western Europe;"Elsevier Ireland Ltd";"1978-2026";"Law (Q1); Pathology and Forensic Medicine (Q2)";"Medicine; Social Sciences"
164;21100828958;"Capital Markets Law Journal";journal;"17507227, 17507219";"Oxford University Press";No;No;0,674;Q1;14;28;78;3071;114;72;1,65;109,68;36,36;1;United Kingdom;Western Europe;"Oxford University Press";"2006, 2014-2026";"Law (Q1); Finance (Q2)";"Economics, Econometrics and Finance; Social Sciences"
165;21100824895;"Journal of Energy and Natural Resources Law";journal;"23764538, 02646811";"Taylor and Francis Ltd.";No;No;0,672;Q1;23;38;89;1959;218;65;2,73;51,55;46,27;2;United Kingdom;Western Europe;"Taylor and Francis Ltd.";"2015-2026";"Law (Q1); Energy (miscellaneous) (Q2)";"Energy; Social Sciences"
166;19676;"Southern California Law Review";journal;"00383910";"University of Southern California";No;No;0,672;Q1;45;35;86;8823;72;85;0,77;252,09;43,90;0;United States;Northern America;"University of Southern California";"1973-1979, 1981-1982, 1985-1988, 1991-1992, 1996-2025";"Law (Q1)";"Social Sciences"
167;145568;"European Journal on Criminal Policy and Research";journal;"09281371, 15729869";"Springer Science and Business Media B.V.";No;No;0,671;Q1;48;74;106;5316;348;103;3,54;71,84;53,24;6;Netherlands;Western Europe;"Springer Science and Business Media B.V.";"1993-2001, 2004-2026";"Law (Q1)";"Social Sciences"
168;21100805791;"Transnational Legal Theory";journal;"20414013, 20414005";"Taylor and Francis Ltd.";No;No;0,669;Q1;18;32;66;794;93;61;1,40;24,81;37,50;0;United Kingdom;Western Europe;"Taylor and Francis Ltd.";"2010, 2015-2025";"Law (Q1)";"Social Sciences"
169;14027;"Psychology, Crime and Law";journal;"14772744, 1068316X";"Routledge";No;No;0,668;Q1;75;162;194;11866;471;193;2,24;73,25;57,74;0;United Kingdom;Western Europe;"Routledge";"1994-2026";"Law (Q1); Pathology and Forensic Medicine (Q2); Psychology (miscellaneous) (Q2)";"Medicine; Psychology; Social Sciences"
170;21100830164;"Business and Human Rights Journal";journal;"20570198, 20570201";"Cambridge University Press";No;No;0,667;Q1;30;36;102;3232;223;101;2,27;89,78;63,64;1;United Kingdom;Western Europe;"Cambridge University Press";"2016-2026";"Law (Q1); Sociology and Political Science (Q1); Business and International Management (Q2); Industrial Relations (Q2)";"Business, Management and Accounting; Social Sciences"
171;12100155627;"Trends in Organized Crime";journal;"10844791, 19364830";"Springer US";No;No;0,664;Q1;40;43;113;2639;341;111;3,21;61,37;37,00;5;United States;Northern America;"Springer US";"1995-2002, 2004-2026";"Law (Q1)";"Social Sciences"
172;5700164300;"Youth Violence and Juvenile Justice";journal;"15569330, 15412040";"SAGE Publications Inc.";No;No;0,658;Q1;63;10;47;571;89;47;1,68;57,10;39,39;0;United States;Northern America;"SAGE Publications Inc.";"2003-2026";"Law (Q1); Developmental and Educational Psychology (Q2); Health (social science) (Q2)";"Psychology; Social Sciences"
173;18100156704;"International Review of Law, Computers and Technology";journal;"13600869, 13646885";"Routledge";No;No;0,657;Q1;24;48;67;3107;200;61;2,83;64,73;56,76;3;United Kingdom;Western Europe;"Routledge";"1984, 1986-1987, 1989, 1991-1995, 2009-2026";"Law (Q1); Computer Science Applications (Q2)";"Computer Science; Social Sciences"
174;5600153350;"International Review of Victimology";journal;"20479433, 02697580";"SAGE Publications Ltd";No;No;0,656;Q1;39;44;70;3070;186;70;2,89;69,77;68,13;0;United Kingdom;Western Europe;"SAGE Publications Ltd";"1990-2010, 2012-2026";"Law (Q1); Sociology and Political Science (Q1)";"Social Sciences"
175;100147035;"Criminal Justice Review";journal;"15563839, 07340168";"SAGE Publications Inc.";No;No;0,655;Q1;49;38;79;2654;194;78;2,72;69,84;52,27;1;United States;Northern America;"SAGE Publications Inc.";"1976-2026";"Law (Q1)";"Social Sciences"
176;21101052765;"Journal of Criminology";journal;"26338076, 26338084";"SAGE Publications Ltd";No;No;0,654;Q1;52;47;87;2821;263;84;3,07;60,02;55,81;1;United Kingdom;Western Europe;"SAGE Publications Ltd";"2021-2026";"Law (Q1)";"Social Sciences"
177;21100199539;"Politica Criminal";journal;"07183399";"Centro Estudios Derecho Penal";Yes;Yes;0,654;Q1;13;43;103;2617;58;103;0,55;60,86;39,13;0;Chile;Latin America;"Centro Estudios Derecho Penal";"2009-2025";"Law (Q1); Sociology and Political Science (Q1)";"Social Sciences"
178;19700188322;"Journal of Human Rights";journal;"14754843, 14754835";"Carfax Publishers";No;No;0,653;Q1;32;38;117;2706;248;116;1,96;71,21;64,62;2;United Kingdom;Western Europe;"Carfax Publishers";"2010-2026";"Law (Q1); Political Science and International Relations (Q1); Sociology and Political Science (Q1)";"Social Sciences"
179;21100886395;"Journal of International Dispute Settlement";journal;"20403585, 20403593";"Oxford University Press";No;No;0,651;Q1;30;62;88;8534;105;81;1,31;137,65;40,54;2;United Kingdom;Western Europe;"Oxford University Press";"2010-2026";"Law (Q1); Political Science and International Relations (Q1)";"Social Sciences"
180;29156;"Boston University Law Review";journal;"00068047";"Boston University Law Review";No;No;0,650;Q1;44;44;162;7138;257;151;1,10;162,23;67,74;0;United States;Northern America;"Boston University Law Review";"1973-1977, 1987, 1989-1990, 1992, 1994, 1996-2025";"Law (Q1)";"Social Sciences"
181;21101023020;"German Law Journal";journal;"20718322, 25118048";"Cambridge University Press";Yes;No;0,647;Q1;46;59;241;9235;485;235;1,97;156,53;36,36;1;United Kingdom;Western Europe;"Cambridge University Press";"2000-2026";"Law (Q1)";"Social Sciences"
182;21100829207;"European Company and Financial Law Review";journal;"16132556, 16132548";"Walter de Gruyter GmbH";No;No;0,644;Q1;13;30;97;3111;179;95;1,08;103,70;26,92;0;Germany;Western Europe;"Walter de Gruyter GmbH";"2016-2025";"Economics, Econometrics and Finance (miscellaneous) (Q1); Law (Q1)";"Economics, Econometrics and Finance; Social Sciences"
183;28916;"IEEE Security and Privacy";journal;"15584046, 15407993";"Institute of Electrical and Electronics Engineers Inc.";No;No;0,643;Q1;95;81;230;1018;574;201;2,41;12,57;30,20;0;United States;Northern America;"Institute of Electrical and Electronics Engineers Inc.";"2003-2026";"Law (Q1); Computer Networks and Communications (Q2); Electrical and Electronic Engineering (Q2)";"Computer Science; Engineering; Social Sciences"
184;21100388413;"Policing (Oxford)";journal;"17524512, 17524520";"Oxford University Press";No;No;0,641;Q1;38;54;324;2847;667;310;1,95;52,72;40,15;0;United Kingdom;Western Europe;"Oxford University Press";"2014-2026";"Law (Q1)";"Social Sciences"
185;17504;"Social and Legal Studies";journal;"09646639, 14617390";"SAGE Publications Ltd";No;No;0,640;Q1;57;61;134;4323;312;133;1,89;70,87;74,71;2;United Kingdom;Western Europe;"SAGE Publications Ltd";"1992-2026";"Law (Q1); Social Sciences (miscellaneous) (Q1); Sociology and Political Science (Q1)";"Social Sciences"
186;21101072371;"Via Inveniendi et Iudicandi";journal;"19090528";"Universidad de Santo Tomas";Yes;Yes;0,640;Q1;7;12;71;525;57;69;0,75;43,75;20,00;0;Colombia;Latin America;"Universidad de Santo Tomas";"2019-2025";"Law (Q1)";"Social Sciences"
187;21100298645;"Journal of Crime and Justice";journal;"21589119, 0735648X";"Taylor and Francis Ltd.";No;No;0,636;Q1;44;86;120;5739;266;117;1,98;66,73;55,11;0;United Kingdom;Western Europe;"Taylor and Francis Ltd.";"1984-2026";"Law (Q1)";"Social Sciences"
188;24359;"Women's Studies International Forum";journal;"02775395";"Elsevier Ltd";No;No;0,635;Q1;81;138;330;9113;992;322;2,80;66,04;67,97;0;United Kingdom;Western Europe;"Elsevier Ltd";"1982-2026";"Gender Studies (Q1); Law (Q1); Sociology and Political Science (Q1); Development (Q2); Education (Q2)";"Social Sciences"
189;21100371203;"Revista de Derecho Politico";journal;"21745625, 0211979X";"Universidad Nacional de Educacion a Distancia (UNED)";Yes;Yes;0,633;Q1;10;37;119;1550;64;118;0,64;41,89;40,63;0;Spain;Western Europe;"Universidad Nacional de Educacion a Distancia (UNED)";"2014-2025";"Law (Q1); Political Science and International Relations (Q1); Sociology and Political Science (Q1)";"Social Sciences"
190;21100840031;"Critical Military Studies";journal;"23337486, 23337494";"Taylor and Francis Ltd.";No;No;0,632;Q1;27;52;98;3030;177;96;1,70;58,27;60,32;2;United Kingdom;Western Europe;"Taylor and Francis Ltd.";"2015-2026";"History (Q1); Law (Q1); Political Science and International Relations (Q1); Social Sciences (miscellaneous) (Q1); Sociology and Political Science (Q1); Management Science and Operations Research (Q2)";"Arts and Humanities; Decision Sciences; Social Sciences"
191;4700152205;"Criminology and Criminal Justice";journal;"17488966, 17488958";"SAGE Publications Ltd";No;No;0,631;Q1;67;109;177;6611;463;176;2,54;60,65;48,37;14;United Kingdom;Western Europe;"SAGE Publications Ltd";"2002-2003, 2006-2026";"Law (Q1)";"Social Sciences"
192;12100155619;"Journal of Police and Criminal Psychology";journal;"19366469, 08820783";"Springer Verlag";No;No;0,629;Q1;41;103;244;6056;562;244;1,99;58,80;57,62;4;Germany;Western Europe;"Springer Verlag";"1985-2026";"Law (Q1); Applied Psychology (Q3)";"Psychology; Social Sciences"
193;5600155017;"International Journal of Human Rights";journal;"1744053X, 13642987";"Routledge";No;No;0,626;Q1;46;128;233;10871;591;226;2,36;84,93;55,49;4;United Kingdom;Western Europe;"Routledge";"2009-2026";"Law (Q1); Sociology and Political Science (Q1)";"Social Sciences"
194;16673;"Minnesota Law Review";journal;"00265535";"University of Minnesota";No;No;0,618;Q1;51;25;131;6760;102;124;0,79;270,40;45,83;0;United States;Northern America;"University of Minnesota";"1976-1977, 1979, 1991, 1994, 1996-2025";"Law (Q1)";"Social Sciences"
195;21100395705;"Quaderni Costituzionali";journal;"03926664, 19738188";"Societa Editrice Il Mulino";No;No;0,618;Q1;8;72;271;1442;63;110;0,25;20,03;56,67;0;Italy;Western Europe;"Societa Editrice Il Mulino";"2015-2025";"Law (Q1)";"Social Sciences"
196;21100890644;"Journal of Money Laundering Control";journal;"17587808, 13685201";"Emerald Group Publishing Ltd.";No;No;0,616;Q1;36;57;255;2975;839;239;3,15;52,19;39,42;0;United Kingdom;Western Europe;"Emerald Group Publishing Ltd.";"1997-2026";"Economics, Econometrics and Finance (miscellaneous) (Q1); Law (Q1); Public Administration (Q2)";"Economics, Econometrics and Finance; Social Sciences"
197;21101131816;"European Convention on Human Rights Law Review";journal;"26663236, 26663228";"Brill Academic Publishers";No;No;0,613;Q1;8;26;64;3327;91;37;1,40;127,96;30,00;0;Netherlands;Western Europe;"Brill Academic Publishers";"2020-2026";"Law (Q1)";"Social Sciences"
198;20000195069;"Trends and Issues in Crime and Criminal Justice";journal;"18362206, 08178542";"Australian Institute of Criminology";No;No;0,613;Q1;25;10;62;339;93;62;1,09;33,90;48,28;0;Australia;Pacific Region;"Australian Institute of Criminology";"2011-2025";"Law (Q1)";"Social Sciences"
199;19800188055;"Journal of Financial Crime";journal;"17587239, 13590790";"Emerald Group Publishing Ltd.";No;No;0,607;Q1;44;92;328;4685;1174;313;3,37;50,92;38,07;0;United Kingdom;Western Europe;"Emerald Group Publishing Ltd.";"1993-2025";"Economics, Econometrics and Finance (miscellaneous) (Q1); Law (Q1)";"Economics, Econometrics and Finance; Social Sciences"
200;21101209992;"Al-'Adalah";journal;"08541272, 2614171X";"Universitas Islam Negeri Raden Intan Lampung";Yes;Yes;0,606;Q1;7;18;60;998;158;60;3,35;55,44;40,00;0;Indonesia;Asiatic Region;"Universitas Islam Negeri Raden Intan Lampung";"2020-2025";"Law (Q1); Religious Studies (Q1); Gender Studies (Q2)";"Arts and Humanities; Social Sciences"
201;21101162682;"Al-Istinbath: Jurnal Hukum Islam";journal;"25483374, 25483382";"State Institute for Islamic Studies Curup";Yes;Yes;0,604;Q1;12;39;102;1742;261;102;2,69;44,67;41,49;0;Indonesia;Asiatic Region;"State Institute for Islamic Studies Curup";"2019-2025";"Law (Q1); Religious Studies (Q1); Social Sciences (miscellaneous) (Q1)";"Arts and Humanities; Social Sciences"
202;21541;"Policing";journal;"1363951X";"Emerald Publishing";No;No;0,602;Q1;65;105;207;6535;449;201;1,90;62,24;51,43;0;United Kingdom;Western Europe;"Emerald Publishing";"1997-2026";"Law (Q1); Pathology and Forensic Medicine (Q2); Public Administration (Q2)";"Medicine; Social Sciences"
203;16300154766;"Crime, Media, Culture";journal;"17416590, 17416604";"SAGE Publications Ltd";No;No;0,600;Q1;52;72;90;4915;241;84;2,50;68,26;50,39;1;United Kingdom;Western Europe;"SAGE Publications Ltd";"2005-2026";"Arts and Humanities (miscellaneous) (Q1); Communication (Q1); Cultural Studies (Q1); Law (Q1)";"Arts and Humanities; Social Sciences"
204;21100375851;"Anuario de Psicologia Juridica";journal;"11330740, 21740542";"Colegio Oficial de Psicologos de Madrid";Yes;Yes;0,595;Q1;18;12;42;656;94;42;1,97;54,67;60,42;1;Spain;Western Europe;"Colegio Oficial de Psicologos de Madrid";"2013-2025";"Law (Q1); Pathology and Forensic Medicine (Q2); Applied Psychology (Q3)";"Medicine; Psychology; Social Sciences"
205;5800213394;"Information and Communications Technology Law";journal;"13600834, 14698404";"Routledge";No;No;0,594;Q1;28;30;55;1554;209;53;3,59;51,80;40,91;2;United Kingdom;Western Europe;"Routledge";"1992-2001, 2003-2026";"Law (Q1); Communication (Q2); Computer Science Applications (Q2)";"Computer Science; Social Sciences"
206;14045;"Psychology, Public Policy, and Law";journal;"10768971, 19391528";"American Psychological Association";No;No;0,589;Q1;84;29;110;2102;272;109;1,84;72,48;73,12;0;United States;Northern America;"American Psychological Association";"1995-2025";"Law (Q1); Social Psychology (Q2); Sociology and Political Science (Q2)";"Psychology; Social Sciences"
207;5800169269;"Chinese Journal of International Law";journal;"15401650, 17469937";"Oxford University Press";No;No;0,588;Q1;29;27;85;3171;85;60;1,07;117,44;41,94;0;United Kingdom;Western Europe;"Oxford University Press";"2008-2025";"Law (Q1); Political Science and International Relations (Q2)";"Social Sciences"
208;19700170839;"Journal of Human Rights Practice";journal;"17579619, 17579627";"Oxford University Press";No;No;0,587;Q1;30;52;173;3057;385;171;2,32;58,79;62,50;7;United Kingdom;Western Europe;"Oxford University Press";"2009-2026";"History (Q1); Law (Q1); Political Science and International Relations (Q2); Sociology and Political Science (Q2)";"Arts and Humanities; Social Sciences"
209;25818;"International Journal of Refugee Law";journal;"14643715, 09538186";"Oxford University Press";No;No;0,586;Q1;47;20;73;2332;142;68;1,42;116,60;44,44;3;United Kingdom;Western Europe;"Oxford University Press";"1989-2025";"Law (Q1); Demography (Q2); Management, Monitoring, Policy and Law (Q2)";"Environmental Science; Social Sciences"
210;17585;"Law and Social Inquiry";journal;"08976546, 17474469";"Cambridge University Press";No;No;0,580;Q1;68;59;223;5028;363;223;1,57;85,22;62,35;0;United States;Northern America;"Cambridge University Press";"1976-2026";"Law (Q1); Social Sciences (miscellaneous) (Q1)";"Social Sciences"
211;20750;"European Journal of Law and Economics";journal;"09291261, 15729990";"Springer Netherlands";No;No;0,579;Q1;42;44;110;2391;213;106;1,93;54,34;20,51;3;Netherlands;Western Europe;"Springer Netherlands";"1994-2026";"Law (Q1); Business and International Management (Q2); Economics and Econometrics (Q2)";"Business, Management and Accounting; Economics, Econometrics and Finance; Social Sciences"
212;21100840020;"Perspectives on Terrorism";journal;"23343745";"International Centre for Counter-Terrorism (ICCT)";Yes;Yes;0,577;Q1;27;21;111;3298;170;109;1,48;157,05;50,00;0;United States;Northern America;"International Centre for Counter-Terrorism (ICCT)";"2017-2025";"Law (Q1); Political Science and International Relations (Q2); Safety Research (Q2)";"Social Sciences"
213;21101152733;"Legality: Jurnal Ilmiah Hukum";journal;"08546509, 25494600";"University of Muhammadiyah Malang";No;No;0,576;Q1;13;30;65;1707;206;65;3,64;56,90;29,23;0;Indonesia;Asiatic Region;"University of Muhammadiyah Malang";"2019-2025";"Law (Q1); Religious Studies (Q1); Social Sciences (miscellaneous) (Q1); Political Science and International Relations (Q2)";"Arts and Humanities; Social Sciences"
214;21100818511;"International Journal for Court Administration";journal;"21567964";"International Association for Court Administration";Yes;Yes;0,575;Q1;11;8;55;298;66;52;1,18;37,25;16,67;0;United States;Northern America;"International Association for Court Administration";"2016-2025";"Law (Q1)";"Social Sciences"
215;4700152463;"International Journal of Constitutional Law";journal;"14742659, 14742640";"Oxford University Press";No;No;0,574;Q1;59;36;235;4776;340;209;1,41;132,67;60,00;0;United Kingdom;Western Europe;"Oxford University Press";"2003, 2005-2025";"Law (Q1)";"Social Sciences"
216;21100841760;"Howard Journal of Crime and Justice";journal;"20591101, 20591098";"John Wiley and Sons Inc";No;No;0,563;Q1;22;50;86;3486;190;83;1,93;69,72;64,29;1;United States;Northern America;"John Wiley and Sons Inc";"2016-2026";"Law (Q1)";"Social Sciences"
217;21101042195;"International Journal of Police Science and Management";journal;"14781603, 14613557";"SAGE Publications Ltd";No;No;0,562;Q1;38;35;118;2033;266;118;1,86;58,09;51,85;0;United Kingdom;Western Europe;"SAGE Publications Ltd";"1998-2026";"Law (Q1)";"Social Sciences"
218;21101076713;"A e C - Revista de Direito Administrativo e Constitucional";journal;"15163210, 19844182";"Instituto de Direito Romeu Felipe Bacellar";No;No;0,558;Q1;9;36;109;1692;59;109;0,52;47,00;32,56;0;Brazil;Latin America;"Instituto de Direito Romeu Felipe Bacellar";"2019-2025";"Law (Q1)";"Social Sciences"
219;5600156543;"Netherlands Quarterly of Human Rights";journal;"01693441";"Stichting Studie- en Informatiecentrum Mensenrechten";Yes;No;0,558;Q1;29;14;57;1186;92;48;1,38;84,71;71,43;0;Netherlands;Western Europe;"Stichting Studie- en Informatiecentrum Mensenrechten";"1999, 2006-2025";"Law (Q1); Political Science and International Relations (Q2); Sociology and Political Science (Q2)";"Social Sciences"
220;21100396512;"International Sports Law Journal";journal;"22135154, 15677559";"Springer Science + Business Media";No;No;0,557;Q1;16;42;87;2291;180;77;2,07;54,55;26,79;0;United States;Northern America;"Springer Science + Business Media";"2013-2026";"Law (Q1)";"Social Sciences"
221;21100788802;"Forensic Chemistry";journal;"24681709";"Elsevier B.V.";No;No;0,555;Q1;34;74;205;3049;582;202;3,06;41,20;44,64;0;Netherlands;Western Europe;"Elsevier B.V.";"2016-2026";"Law (Q1); Analytical Chemistry (Q2); Materials Chemistry (Q2); Pathology and Forensic Medicine (Q2); Physical and Theoretical Chemistry (Q2); Spectroscopy (Q2)";"Chemistry; Materials Science; Medicine; Social Sciences"
222;17575;"Law and Policy";journal;"02658240, 14679930";"Wiley-Blackwell Publishing Ltd";No;No;0,555;Q1;58;17;58;1613;138;58;2,08;94,88;51,52;1;United Kingdom;Western Europe;"Wiley-Blackwell Publishing Ltd";"1979-2026";"Law (Q1); Sociology and Political Science (Q2)";"Social Sciences"
223;21100774809;"Crime Science";journal;"21937680";"BioMed Central Ltd";Yes;No;0,548;Q1;40;20;78;1567;254;77;2,52;78,35;40,85;1;United Kingdom;Western Europe;"BioMed Central Ltd";"2013-2026";"Cultural Studies (Q1); Law (Q1); Urban Studies (Q1); Safety Research (Q2)";"Social Sciences"
224;28336;"Ocean Development and International Law";journal;"00908320, 15210642";"Taylor and Francis Ltd.";No;No;0,548;Q1;41;30;78;1040;144;78;1,56;34,67;40,00;1;United Kingdom;Western Europe;"Taylor and Francis Ltd.";"1973-2026";"Law (Q1); Development (Q2); Management, Monitoring, Policy and Law (Q2); Political Science and International Relations (Q2)";"Environmental Science; Social Sciences"
225;15718;"Israel Law Review";journal;"20479336, 00212237";"Cambridge University Press";No;No;0,547;Q1;26;15;66;2191;137;57;2,37;146,07;20,00;0;United Kingdom;Western Europe;"Cambridge University Press";"1974-1975, 1977-1981, 1983, 1992-2002, 2004-2025";"Law (Q1)";"Social Sciences"
226;144984;"Res Publica";journal;"13564765, 15728692";"Springer Netherlands";Yes;No;0,546;Q1;28;72;134;3109;202;118;1,36;43,18;32,47;2;Netherlands;Western Europe;"Springer Netherlands";"1994-2026";"Law (Q1); Philosophy (Q1)";"Arts and Humanities; Social Sciences"
227;21100922747;"Journal of Developmental and Life-Course Criminology";journal;"21994641, 2199465X";"Springer International Publishing AG";No;No;0,544;Q1;26;19;82;1336;131;81;1,54;70,32;57,45;0;Switzerland;Western Europe;"Springer International Publishing AG";"2015-2026";"Law (Q1); Applied Psychology (Q3); Life-span and Life-course Studies (Q3)";"Psychology; Social Sciences"
228;130127;"Human Rights Law Review";journal;"14617781, 17441021";"Oxford University Press";No;No;0,543;Q1;50;16;110;2824;237;110;1,52;176,50;52,63;1;United Kingdom;Western Europe;"Oxford University Press";"2004-2026";"Law (Q1); Sociology and Political Science (Q2)";"Social Sciences"
229;21101179113;"Jurnal Media Hukum";journal;"25031023, 08548919";"Faculty of Law, Universitas Muhammadiyah Yogyakarta";Yes;No;0,540;Q1;9;20;40;882;123;40;3,30;44,10;37,29;0;Indonesia;Asiatic Region;"Faculty of Law, Universitas Muhammadiyah Yogyakarta";"2019-2025";"Law (Q1); Political Science and International Relations (Q2); Social Sciences (miscellaneous) (Q2)";"Social Sciences"
230;5700169553;"Residential Treatment for Children and Youth";journal;"15410358, 0886571X";"Routledge";No;No;0,535;Q1;32;58;81;3068;169;72;2,25;52,90;66,31;0;United States;Northern America;"Routledge";"1986-2005, 2007-2026";"Law (Q1); Pediatrics, Perinatology and Child Health (Q2)";"Medicine; Social Sciences"
231;5700160617;"Criminal Justice Policy Review";journal;"08874034, 15523586";"SAGE Publications Inc.";No;No;0,534;Q1;47;16;78;1017;155;77;1,95;63,56;63,27;0;United States;Northern America;"SAGE Publications Inc.";"1986-1987, 1989-1992, 1995, 1997-1999, 2004-2026";"Law (Q1)";"Social Sciences"
232;29882;"Journal of Child Sexual Abuse: Research, Treatment, and Program Innovations for Victims, Suvivors, and Offenders";journal;"10538712, 15470679";"Routledge";No;No;0,530;Q1;61;57;167;2703;305;157;1,36;47,42;73,47;0;United States;Northern America;"Routledge";"1992-2026";"Law (Q1); Clinical Psychology (Q2); Pathology and Forensic Medicine (Q2); Pediatrics, Perinatology and Child Health (Q2); Applied Psychology (Q3); Psychiatry and Mental Health (Q3)";"Medicine; Psychology; Social Sciences"
233;26847;"Women and Criminal Justice";journal;"08974454, 15410323";"Routledge";No;No;0,528;Q1;39;56;96;3923;201;95;1,90;70,05;76,39;0;United States;Northern America;"Routledge";"1989-2026";"Law (Q1); Gender Studies (Q2)";"Social Sciences"
234;21100927252;"Diritto Pubblico";journal;"17218985, 26122464";"Societa Editrice Il Mulino";No;No;0,527;Q1;6;20;70;1759;21;67;0,33;87,95;28,57;0;Italy;Western Europe;"Societa Editrice Il Mulino";"2019-2025";"Law (Q1)";"Social Sciences"
235;21100232428;"International Journal of Law and Management";journal;"1754243X, 17542448";"Emerald Group Publishing Ltd.";No;No;0,526;Q1;39;85;106;5391;418;105;4,08;63,42;40,00;0;United Kingdom;Western Europe;"Emerald Group Publishing Ltd.";"1996-1997, 2008-2026";"Law (Q1); Organizational Behavior and Human Resource Management (Q2)";"Business, Management and Accounting; Social Sciences"
236;21100220394;"Climate Law";journal;"18786553, 18786561";"Brill Academic Publishers";No;No;0,525;Q1;27;9;29;1021;57;28;1,67;113,44;53,33;0;Netherlands;Western Europe;"Brill Academic Publishers";"2010-2012, 2014-2026";"Law (Q1); Environmental Science (miscellaneous) (Q2); Management, Monitoring, Policy and Law (Q2); Renewable Energy, Sustainability and the Environment (Q3)";"Energy; Environmental Science; Social Sciences"
237;5700166959;"Human Rights Review";journal;"15248879, 18746306";"Springer Science and Business Media B.V.";No;No;0,524;Q1;32;11;69;822;142;68;1,81;74,73;42,11;0;Netherlands;Western Europe;"Springer Science and Business Media B.V.";"2000-2026";"Law (Q1); Sociology and Political Science (Q2)";"Social Sciences"
238;26842;"Journal of World Trade";journal;"22102795, 10116702";"Kluwer Law International";No;No;0,524;Q1;40;43;125;2397;189;124;1,34;55,74;34,62;3;Netherlands;Western Europe;"Kluwer Law International";"1989, 1996-2026";"Law (Q1); Economics and Econometrics (Q2); Political Science and International Relations (Q2)";"Economics, Econometrics and Finance; Social Sciences"
239;18728;"Psychiatry, Psychology and Law";journal;"19341687, 13218719";"Routledge";No;No;0,522;Q1;45;129;170;8107;357;167;1,81;62,84;58,80;2;United Kingdom;Western Europe;"Routledge";"1994-2026";"Law (Q1); Pathology and Forensic Medicine (Q2); Psychology (miscellaneous) (Q2); Psychiatry and Mental Health (Q3)";"Medicine; Psychology; Social Sciences"
240;16264;"Journal of Legal Education";journal;"00222208";"Association of American Law Schools";No;No;0,521;Q1;24;36;31;2952;94;27;0,00;82,00;56,86;0;United States;Northern America;"Association of American Law Schools";"1988, 1996-2022, 2025";"Law (Q1); Education (Q2)";"Social Sciences"
241;21101146405;"Journal of Human Rights, Culture and Legal System";journal;"28072812, 28072979";"Lembaga Contrarius Indonesia";Yes;No;0,519;Q1;17;35;79;2661;302;79;4,13;76,03;20,29;1;Indonesia;Asiatic Region;"Lembaga Contrarius Indonesia";"2021-2026";"Law (Q1); Environmental Science (miscellaneous) (Q2); Political Science and International Relations (Q2); Public Administration (Q2)";"Environmental Science; Social Sciences"
242;21100898700;"Journal of Human Trafficking";journal;"23322705, 23322713";"Taylor and Francis Ltd.";No;No;0,519;Q1;28;84;176;4602;376;161;2,09;54,79;71,05;5;United States;Northern America;"Taylor and Francis Ltd.";"2015-2026";"Anthropology (Q1); Law (Q1); Demography (Q2); Sociology and Political Science (Q2); Transportation (Q2)";"Social Sciences"
243;21100790525;"European Competition Journal";journal;"17441056, 17578396";"Taylor and Francis Ltd.";No;No;0,517;Q1;17;37;73;1567;82;72;1,17;42,35;31,48;1;United Kingdom;Western Europe;"Taylor and Francis Ltd.";"2005, 2012, 2014-2025";"Law (Q1); Economics, Econometrics and Finance (miscellaneous) (Q2)";"Economics, Econometrics and Finance; Social Sciences"
244;21100208060;"European Journal of Probation";journal;"20662203";"SAGE Publications Ltd";No;No;0,516;Q1;26;12;42;504;66;40;1,38;42,00;50,00;0;United Kingdom;Western Europe;"SAGE Publications Ltd";"2009-2026";"Law (Q1)";"Social Sciences"
245;200147134;"First Monday";journal;"13960466";"";Yes;No;0,516;Q1;93;74;251;4383;615;248;2,94;59,23;49,31;0;United States;Northern America;"";"1996-2026";"Law (Q1); Computer Networks and Communications (Q2); Human-Computer Interaction (Q3)";"Computer Science; Social Sciences"
246;14435;"Current Legal Problems";journal;"20448422, 00701998";"Oxford University Press";No;No;0,512;Q1;19;13;30;1833;61;30;2,35;141,00;69,23;0;United Kingdom;Western Europe;"Oxford University Press";"1983, 2014-2025";"Law (Q1)";"Social Sciences"
247;19900192514;"Dynamics of Asymmetric Conflict: Pathways toward Terrorism and Genocide";journal;"17467594, 17467586";"Routledge";No;No;0,512;Q1;21;19;41;1226;74;36;1,41;64,53;35,00;0;United Kingdom;Western Europe;"Routledge";"2010-2025";"Cultural Studies (Q1); Law (Q1); Political Science and International Relations (Q2); Sociology and Political Science (Q2); Social Psychology (Q3)";"Psychology; Social Sciences"
248;21100855983;"Arbitration International";journal;"09570411, 18758398";"Oxford University Press";No;No;0,505;Q1;28;40;89;6806;60;88;0,67;170,15;20,69;1;United Kingdom;Western Europe;"Oxford University Press";"1996-2025";"Law (Q1); Business and International Management (Q2)";"Business, Management and Accounting; Social Sciences"
249;21100921043;"Journal of European Competition Law and Practice";journal;"20417772, 20417764";"Oxford University Press";No;No;0,504;Q1;21;47;219;4038;192;193;0,85;85,91;46,03;0;United States;Northern America;"Oxford University Press";"2010-2025";"Law (Q1)";"Social Sciences"
250;145585;"Industrial Law Journal";journal;"03059332, 14643669";"Oxford University Press";No;No;0,502;Q1;37;35;105;4085;186;103;1,54;116,71;42,22;0;United Kingdom;Western Europe;"Oxford University Press";"1972-2025";"Law (Q1)";"Social Sciences"
251;144927;"Child Abuse Review";journal;"09529136, 10990852";"John Wiley and Sons Ltd";No;No;0,500;Q1;59;59;169;2633;292;155;1,85;44,63;63,45;0;United Kingdom;Western Europe;"John Wiley and Sons Ltd";"1992-2026";"Law (Q1); Pediatrics, Perinatology and Child Health (Q2); Social Work (Q3)";"Medicine; Social Sciences"
252;21101281532;"Revista de Estudios de la Administracion Local y Autonomica";journal;"19898975";"Instituto Nacional de Administracion Publica";Yes;No;0,500;Q1;6;12;67;420;45;66;0,72;35,00;21,43;0;Spain;Western Europe;"Instituto Nacional de Administracion Publica";"2021-2025";"Law (Q1)";"Social Sciences"
253;21100773741;"Journal of Policing, Intelligence and Counter Terrorism";journal;"18335330, 21595364";"Taylor and Francis Ltd.";No;No;0,499;Q1;19;35;76;1957;146;65;1,81;55,91;35,42;2;United Kingdom;Western Europe;"Taylor and Francis Ltd.";"2006-2013, 2016-2026";"Law (Q1); Political Science and International Relations (Q2)";"Social Sciences"
254;21101326198;"Pro Jure Revista de Derecho";journal;"28107659";"Pontificia Universidad Catolica de Valparaiso";No;No;0,498;Q1;4;35;34;1979;16;30;0,42;56,54;32,50;0;Chile;Latin America;"Pontificia Universidad Catolica de Valparaiso";"2024-2025";"Law (Q1); Social Sciences (miscellaneous) (Q2)";"Social Sciences"
255;5000158107;"Asian Journal of Criminology";journal;"1871014X, 18710131";"Springer Netherlands";No;No;0,497;Q1;27;20;81;1331;141;79;1,81;66,55;46,34;0;Netherlands;Western Europe;"Springer Netherlands";"2006-2026";"Law (Q1)";"Social Sciences"
256;5800154205;"International Journal of Comparative and Applied Criminal Justice";journal;"21576475, 01924036";"Routledge";No;No;0,497;Q1;26;38;71;2899;154;66;2,35;76,29;36,17;1;United States;Northern America;"Routledge";"1977-1995, 2009, 2014-2026";"Law (Q1); Sociology and Political Science (Q2); Social Psychology (Q3)";"Psychology; Social Sciences"
257;145137;"Critical Criminology";journal;"15729877, 12058629";"Springer Netherlands";No;No;0,496;Q1;46;57;184;2939;293;171;1,46;51,56;30,56;1;Netherlands;Western Europe;"Springer Netherlands";"1996-1997, 2000-2026";"Law (Q1); Sociology and Political Science (Q2)";"Social Sciences"
258;21100797723;"World Competition";journal;"18758436, 10114548";"Kluwer Law International";No;No;0,496;Q1;9;24;69;1098;42;57;0,46;45,75;30,30;0;Netherlands;Western Europe;"Kluwer Law International";"2016-2025";"Law (Q1); Economics and Econometrics (Q2)";"Economics, Econometrics and Finance; Social Sciences"
259;14306;"Harvard Journal on Legislation";journal;"0017808X";"Harvard University";No;No;0,493;Q1;22;10;42;1469;25;36;0,59;146,90;46,67;0;United States;Northern America;"Harvard University";"1975, 1978-1979, 1983, 1987-1992, 1996-2025";"Law (Q1)";"Social Sciences"
260;19700177700;"European Energy and Environmental Law Review";journal;"18793886, 25890387";"Kluwer Law International";No;No;0,491;Q1;20;10;68;547;110;66;1,14;54,70;55,56;0;Netherlands;Western Europe;"Kluwer Law International";"2008-2025";"Law (Q1); Geography, Planning and Development (Q2); Management, Monitoring, Policy and Law (Q3); Renewable Energy, Sustainability and the Environment (Q3)";"Energy; Environmental Science; Social Sciences"
261;19900188955;"PoLAR: Political and Legal Anthropology Review";journal;"10816976, 15552934";"John Wiley and Sons Inc";No;No;0,490;Q1;39;34;76;1693;68;49;0,87;49,79;63,89;0;United States;Northern America;"John Wiley and Sons Inc";"1973-1974, 1977-2026";"Anthropology (Q1); Law (Q1); Sociology and Political Science (Q2)";"Social Sciences"
262;21100865931;"EC Tax Review";journal;"09282750, 18758363";"Kluwer Law International";No;No;0,479;Q1;9;24;90;901;57;76;0,65;37,54;18,52;0;Netherlands;Western Europe;"Kluwer Law International";"2018-2025";"Law (Q1); Accounting (Q3)";"Business, Management and Accounting; Social Sciences"
263;15662;"International Review of Law and Economics";journal;"01448188";"Elsevier Inc.";No;No;0,479;Q1;52;34;104;1659;150;103;1,39;48,79;29,51;0;United States;Northern America;"Elsevier Inc.";"1981-2026";"Law (Q1); Economics and Econometrics (Q2); Finance (Q2)";"Economics, Econometrics and Finance; Social Sciences"
264;5100154502;"Journal of Forensic and Legal Medicine";journal;"18787487, 1752928X";"Churchill Livingstone";No;No;0,476;Q1;66;168;325;6318;614;314;1,90;37,61;45,86;1;United Kingdom;Western Europe;"Churchill Livingstone";"2007-2026";"Law (Q1); Pathology and Forensic Medicine (Q2); Medicine (miscellaneous) (Q3)";"Medicine; Social Sciences"
265;21100370349;"Journal of Criminal Psychology";journal;"20499388, 20093829";"Emerald Publishing";No;No;0,475;Q1;20;72;72;4029;153;70;2,28;55,96;60,66;0;United Kingdom;Western Europe;"Emerald Publishing";"2011-2026";"Law (Q1); Applied Psychology (Q3); Social Psychology (Q3)";"Psychology; Social Sciences"
266;21100922953;"London Review of International Law";journal;"20506333, 20506325";"Oxford University Press";No;No;0,475;Q1;21;16;59;1831;44;58;0,64;114,44;53,33;0;United Kingdom;Western Europe;"Oxford University Press";"2013-2025";"Law (Q1)";"Social Sciences"
267;21101170019;"Journal of European Tort Law";journal;"18689612, 18689620";"Walter de Gruyter GmbH";No;No;0,474;Q1;14;14;45;1525;53;41;1,00;108,93;45,45;0;Germany;Western Europe;"Walter de Gruyter GmbH";"2010-2025";"Law (Q1); Economics, Econometrics and Finance (miscellaneous) (Q2)";"Economics, Econometrics and Finance; Social Sciences"
268;21100407545;"International Journal for Crime, Justice and Social Democracy";journal;"22028005, 22027998";"Queensland Uuniversity of Technology";Yes;Yes;0,470;Q1;33;38;106;2538;250;98;1,83;66,79;71,67;2;Australia;Pacific Region;"Queensland Uuniversity of Technology";"2013-2025";"Law (Q1); Sociology and Political Science (Q2)";"Social Sciences"
269;21100814045;"Journal of Human Rights and the Environment";journal;"17597188, 17597196";"Edward Elgar Publishing Ltd.";No;No;0,469;Q1;22;16;46;360;125;38;1,52;22,50;73,33;0;United Kingdom;Western Europe;"Edward Elgar Publishing Ltd.";"2016-2025";"Law (Q1); Sociology and Political Science (Q2); Management, Monitoring, Policy and Law (Q3)";"Environmental Science; Social Sciences"
270;21100843497;"Accounting, Economics and Law: A Convivium";journal;"21522820";"Walter de Gruyter GmbH";Yes;No;0,468;Q1;23;43;75;2015;87;75;1,33;46,86;50,00;1;Germany;Western Europe;"Walter de Gruyter GmbH";"2011-2026";"Law (Q1); Economics, Econometrics and Finance (miscellaneous) (Q2); Accounting (Q3)";"Business, Management and Accounting; Economics, Econometrics and Finance; Social Sciences"
271;21100922988;"Antitrust Bulletin";journal;"19307969, 0003603X";"SAGE Publications Inc.";No;No;0,468;Q1;26;16;74;1042;89;69;0,98;65,13;70,59;0;United States;Northern America;"SAGE Publications Inc.";"1972, 1986, 1994, 1996-2026";"Law (Q1); Economics and Econometrics (Q2)";"Economics, Econometrics and Finance; Social Sciences"
272;21100937015;"Arctic Review on Law and Politics";journal;"23874562";"Cappelen Damm Akademisk";Yes;No;0,467;Q1;14;3;55;157;140;50;3,06;52,33;66,67;0;Norway;Western Europe;"Cappelen Damm Akademisk";"2019-2025";"Law (Q1); Sociology and Political Science (Q2)";"Social Sciences"
273;21101245222;"Jurnal Konstitusi";journal;"25481657, 18297706";"Registrar and Secretariat General of the Constitutional Court of the Republic of Indonesia";Yes;Yes;0,467;Q1;9;36;111;1616;99;111;0,72;44,89;25,00;0;Indonesia;Asiatic Region;"Registrar and Secretariat General of the Constitutional Court of the Republic of Indonesia";"2020-2025";"Law (Q1)";"Social Sciences"
274;5700164129;"Criminal Justice Studies";journal;"14786028, 1478601X";"Routledge";No;No;0,466;Q1;31;24;72;1393;137;71;1,52;58,04;54,10;0;United Kingdom;Western Europe;"Routledge";"2007-2026";"Law (Q1)";"Social Sciences"
275;21100217634;"Journal of Empirical Legal Studies";journal;"17401453, 17401461";"Wiley-Blackwell Publishing Ltd";No;No;0,466;Q1;38;33;86;2106;115;83;1,14;63,82;25,00;1;United Kingdom;Western Europe;"Wiley-Blackwell Publishing Ltd";"2007, 2009, 2011-2026";"Law (Q1); Education (Q2)";"Social Sciences"
276;19500157216;"Journal of Addictions and Offender Counseling";journal;"10553835, 21611874";"Wiley-Blackwell";No;No;0,464;Q1;20;16;35;1000;66;32;2,04;62,50;59,26;0;United States;Northern America;"Wiley-Blackwell";"1990-2026";"Law (Q1); Clinical Psychology (Q3); Social Psychology (Q3)";"Psychology; Social Sciences"
277;21101094524;"Journal of Indonesian Legal Studies";journal;"25481592, 25481584";"Universitas Negeri Semarang";Yes;No;0,464;Q1;16;26;84;1629;233;83;2,30;62,65;40,32;0;Indonesia;Asiatic Region;"Universitas Negeri Semarang";"2016-2025";"Law (Q1)";"Social Sciences"
278;21101114559;"Teoria y Derecho";journal;"18883443, 26956594";"Tirant lo Blanch";Yes;Yes;0,462;Q1;4;22;70;1738;21;66;0,27;79,00;25,00;0;Spain;Western Europe;"Tirant lo Blanch";"2019, 2021-2025";"Law (Q1)";"Social Sciences"
279;21100970270;"Current Issues in Criminal Justice";journal;"10345329, 22069542";"Routledge";No;No;0,461;Q1;17;58;82;3635;183;68;2,17;62,67;61,86;4;United Kingdom;Western Europe;"Routledge";"2019-2026";"Law (Q1)";"Social Sciences"
280;21101186824;"Corrections: Policy, Practice, and Research";journal;"23774657, 23774665";"Informa UK Ltd";No;No;0,460;Q1;18;38;84;2320;154;83;1,87;61,05;61,70;1;United Kingdom;Western Europe;"Informa UK Ltd";"2016-2026";"Law (Q1); Sociology and Political Science (Q2)";"Social Sciences"
281;130055;"Public Organization Review";journal;"15667170, 15737098";"Kluwer Academic Publishers";No;No;0,459;Q1;44;160;232;8960;588;228;2,46;56,00;39,83;1;Netherlands;Western Europe;"Kluwer Academic Publishers";"2004-2026";"Law (Q1); Business, Management and Accounting (miscellaneous) (Q2)";"Business, Management and Accounting; Social Sciences"
282;5700162015;"Public Integrity";journal;"15580989, 10999922";"Taylor and Francis Ltd.";No;No;0,458;Q1;35;77;161;4792;347;155;2,13;62,23;34,19;2;United Kingdom;Western Europe;"Taylor and Francis Ltd.";"2000-2026";"Law (Q1); Philosophy (Q1); Business and International Management (Q2); Public Administration (Q2); Sociology and Political Science (Q2)";"Arts and Humanities; Business, Management and Accounting; Social Sciences"
283;5700164344;"Youth Justice";journal;"14732254, 17476283";"SAGE Publications Inc.";No;No;0,458;Q1;41;37;69;2068;139;58;2,04;55,89;63,75;3;United States;Northern America;"SAGE Publications Inc.";"2001-2026";"Law (Q1); Developmental and Educational Psychology (Q3)";"Psychology; Social Sciences"
284;21101047935;"Hasanuddin Law Review";journal;"24429880, 24429899";"Faculty of Law, Universitas Hasanuddin";Yes;Yes;0,455;Q1;11;15;60;578;115;60;2,28;38,53;38,24;0;Indonesia;Asiatic Region;"Faculty of Law, Universitas Hasanuddin";"2017-2025";"Law (Q1); Political Science and International Relations (Q2); Sociology and Political Science (Q2)";"Social Sciences"
285;21100832752;"Journal of International Arbitration";journal;"2212182X, 02558106";"Kluwer Law International";No;No;0,455;Q2;9;32;97;2665;76;97;0,67;83,28;25,00;0;Netherlands;Western Europe;"Kluwer Law International";"2017-2026";"Law (Q2)";"Social Sciences"
286;21101209166;"Jambura Law Review";journal;"26549255, 26560461";"Universitas Negeri Gorontalo";No;No;0,454;Q2;10;26;59;1378;130;59;3,08;53,00;36,54;0;Indonesia;Asiatic Region;"Universitas Negeri Gorontalo";"2020-2025";"Law (Q2)";"Social Sciences"
287;21100789025;"Journal of Media Law";journal;"17577640, 17577632";"Taylor and Francis Ltd.";No;No;0,452;Q2;14;13;60;230;105;50;2,17;17,69;61,54;1;United Kingdom;Western Europe;"Taylor and Francis Ltd.";"2009, 2013, 2015-2026";"Communication (Q2); Law (Q2)";"Social Sciences"
288;15077;"Indiana Law Journal";journal;"00196665";"The Trustees of Indiana University";No;No;0,448;Q2;36;31;117;8030;115;117;0,54;259,03;37,78;0;United States;Northern America;"The Trustees of Indiana University";"1973, 1977-1979, 1981-1983, 1989, 1992-2025";"Law (Q2)";"Social Sciences"
289;21101050919;"Journal of Family Trauma, Child Custody and Child Development";journal;"26904586, 26904594";"Taylor and Francis Ltd.";No;No;0,447;Q2;28;32;76;1947;122;70;1,80;60,84;64,95;0;United Kingdom;Western Europe;"Taylor and Francis Ltd.";"2020-2026";"Health (social science) (Q2); Law (Q2); Pediatrics, Perinatology and Child Health (Q2); Clinical Psychology (Q3); Developmental and Educational Psychology (Q3); Social Psychology (Q3)";"Medicine; Psychology; Social Sciences"
290;5600157617;"Criminal Law and Philosophy";journal;"18719791, 18719805";"Springer Netherlands";No;No;0,446;Q2;28;53;121;1000;104;118;0,82;18,87;26,92;0;Netherlands;Western Europe;"Springer Netherlands";"2007-2026";"Philosophy (Q1); Law (Q2)";"Arts and Humanities; Social Sciences"
291;17800156703;"Journal of Empirical Research on Human Research Ethics";journal;"15562646, 15562654";"SAGE Publications Inc.";No;No;0,444;Q2;46;45;104;1691;200;98;1,82;37,58;50,00;0;United States;Northern America;"SAGE Publications Inc.";"2007, 2009-2026";"Communication (Q2); Education (Q2); Law (Q2); Medicine (miscellaneous) (Q3); Social Psychology (Q3)";"Medicine; Psychology; Social Sciences"
292;21101163444;"International Journal on Child Maltreatment: Research, Policy and Practice";journal;"25245236, 25245244";"Springer Nature";No;No;0,438;Q2;15;29;100;1477;163;86;1,38;50,93;69,79;1;Switzerland;Western Europe;"Springer Nature";"2018-2026";"Health (social science) (Q2); Law (Q2); Pediatrics, Perinatology and Child Health (Q2); Developmental and Educational Psychology (Q3)";"Medicine; Psychology; Social Sciences"
293;25049;"American Journal of Comparative Law";journal;"0002919X, 23269197";"Oxford University Press";No;No;0,437;Q2;56;16;83;3089;119;79;1,09;193,06;35,00;0;United States;Northern America;"Oxford University Press";"1963, 1974, 1977, 1985-1988, 1990, 1992, 1995-2025";"Law (Q2); Social Sciences (miscellaneous) (Q2)";"Social Sciences"
294;21100255068;"Masaryk University Journal of Law and Technology";journal;"18025951, 18025943";"Faculty of Law, Masaryk University";Yes;No;0,436;Q2;10;11;27;548;53;27;2,33;49,82;42,11;0;Czech Republic;Eastern Europe;"Faculty of Law, Masaryk University";"2013-2025";"Law (Q2); Library and Information Sciences (Q2); Computer Science Applications (Q3)";"Computer Science; Social Sciences"
295;21100384222;"Egyptian Journal of Forensic Sciences";journal;"20905939, 2090536X";"Springer International Publishing AG";Yes;Yes;0,432;Q2;33;81;156;3760;323;151;2,14;46,42;44,93;0;Switzerland;Western Europe;"Springer International Publishing AG";"2011-2026";"Health (social science) (Q2); Law (Q2); Pathology and Forensic Medicine (Q3)";"Medicine; Social Sciences"
296;5800170936;"Legal Issues of Economic Integration";journal;"18756433, 15666573";"Kluwer Law International";No;No;0,430;Q2;19;21;58;1927;59;56;1,16;91,76;50,00;1;Netherlands;Western Europe;"Kluwer Law International";"2012-2025";"Law (Q2); Economics and Econometrics (Q3)";"Economics, Econometrics and Finance; Social Sciences"
297;11700154202;"Revista Chilena de Derecho";journal;"07183437, 07160747";"Pontificia Universidad Catolica de Chile";Yes;Yes;0,429;Q2;16;13;77;814;56;69;0,45;62,62;33,33;0;Chile;Latin America;"Pontificia Universidad Catolica de Chile";"2007-2025";"Law (Q2)";"Social Sciences"
298;21100224006;"Journal of World Energy Law and Business";journal;"17549965, 17549957";"Oxford University Press";No;No;0,428;Q2;16;33;94;3257;169;91;1,79;98,70;44,68;1;United States;Northern America;"Oxford University Press";"2012-2025";"Law (Q2); Energy (miscellaneous) (Q3); Management, Monitoring, Policy and Law (Q3)";"Energy; Environmental Science; Social Sciences"
299;5700169004;"Security Journal";journal;"17434645, 09551662";"Palgrave Macmillan Ltd.";No;No;0,427;Q2;38;67;171;4555;449;171;2,47;67,99;35,76;1;United Kingdom;Western Europe;"Palgrave Macmillan Ltd.";"1995, 2000, 2009-2026";"Law (Q2); Safety Research (Q2); Strategy and Management (Q3)";"Business, Management and Accounting; Social Sciences"
300;21101064943;"Nordic Journal of Migration Research";journal;"1799649X";"Helsinki University Press";Yes;Yes;0,426;Q2;12;22;92;1181;155;87;1,66;53,68;73,81;1;Finland;Western Europe;"Helsinki University Press";"2019-2026";"Anthropology (Q1); Demography (Q2); Geography, Planning and Development (Q2); Law (Q2); Sociology and Political Science (Q2)";"Social Sciences"
301;21101028118;"Journal of Gender-Based Violence";journal;"23986808, 23986816";"Bristol University Press";No;No;0,425;Q2;21;39;99;1855;166;89;1,32;47,56;82,29;0;United Kingdom;Western Europe;"Bristol University Press";"2017-2026";"Gender Studies (Q2); Law (Q2)";"Social Sciences"
302;21101197198;"Brawijaya Law Journal";journal;"25030841, 23564512";"Brawijaya University Faculty of Law";Yes;Yes;0,424;Q2;4;17;41;973;39;41;1,11;57,24;62,50;0;Indonesia;Asiatic Region;"Brawijaya University Faculty of Law";"2022-2025";"Law (Q2)";"Social Sciences"
303;21101287735;"Journal of Law and Political Economy";journal;"26939681";"eScholarship Publishing";Yes;No;0,423;Q2;8;24;49;3205;68;38;0,81;133,54;41,38;0;United States;Northern America;"eScholarship Publishing";"2021-2025";"Law (Q2)";"Social Sciences"
304;21101039870;"Revista Espanola de la Transparencia";journal;"24442607";"Association of Professionals and Researchers of Transparency";Yes;Yes;0,422;Q2;7;12;85;381;69;85;0,81;31,75;44,44;0;Spain;Western Europe;"Association of Professionals and Researchers of Transparency";"2020-2025";"Communication (Q2); Law (Q2); Public Administration (Q2)";"Social Sciences"
305;21101176849;"Jurnal Ilmiah Peuradeun";journal;"23388617, 24432067";"SCAD Independent";No;No;0,421;Q2;14;90;170;4826;449;170;3,15;53,62;35,69;0;Indonesia;Asiatic Region;"SCAD Independent";"2019-2026";"Arts and Humanities (miscellaneous) (Q1); Linguistics and Language (Q1); Religious Studies (Q1); Education (Q2); Law (Q2); Social Sciences (miscellaneous) (Q2)";"Arts and Humanities; Social Sciences"
306;16291;"European Law Review";journal;"03075400";"Sweet &amp; Maxwell Ltd.";No;No;0,420;Q2;33;38;133;1995;119;115;0,57;52,50;51,16;0;United Kingdom;Western Europe;"Sweet &amp; Maxwell Ltd.";"1995, 2008-2025";"Law (Q2)";"Social Sciences"
307;5000160302;"Revista de Derecho";journal;"07180950, 07169132";"Universidad Austral de Chile";Yes;Yes;0,420;Q2;14;15;94;707;50;94;0,47;47,13;33,33;0;Chile;Latin America;"Universidad Austral de Chile";"2006-2025";"Law (Q2)";"Social Sciences"
308;21101136847;"International Tax Studies";journal;"25901117";"International Bureau of Fiscal Documentation (IBFD)";No;No;0,419;Q2;4;9;30;500;7;30;0,37;55,56;14,29;0;Netherlands;Western Europe;"International Bureau of Fiscal Documentation (IBFD)";"2019-2025";"Economics, Econometrics and Finance (miscellaneous) (Q2); Law (Q2); Social Sciences (miscellaneous) (Q2); Sociology and Political Science (Q2)";"Economics, Econometrics and Finance; Social Sciences"
309;21100275968;"Journal for European Environmental and Planning Law";journal;"18760104, 16137272";"Brill Academic Publishers";No;No;0,418;Q2;15;22;58;1639;76;50;1,55;74,50;45,83;1;Netherlands;Western Europe;"Brill Academic Publishers";"2013-2025";"Law (Q2); Management, Monitoring, Policy and Law (Q3)";"Environmental Science; Social Sciences"
310;21101283114;"Justicia Islamica";journal;"16935926, 25027646";"Faculty of Sharia, UIN Kiai Ageng Muhammad Besari Ponorogo";No;No;0,415;Q2;6;20;60;1301;101;60;1,93;65,05;27,91;0;Indonesia;Asiatic Region;"Faculty of Sharia, UIN Kiai Ageng Muhammad Besari Ponorogo";"2022-2025";"Religious Studies (Q1); Law (Q2); Social Sciences (miscellaneous) (Q2)";"Arts and Humanities; Social Sciences"
311;21101136824;"European Taxation";journal;"00143138, 23529199";"International Bureau of Fiscal Documentation (IBFD)";No;No;0,413;Q2;5;71;224;1792;34;208;0,19;25,24;37,93;0;Netherlands;Western Europe;"International Bureau of Fiscal Documentation (IBFD)";"2019-2025";"Economics, Econometrics and Finance (miscellaneous) (Q2); Law (Q2)";"Economics, Econometrics and Finance; Social Sciences"
312;21101043579;"Annals of Corporate Governance";journal;"23816732, 23816724";"Now Publishers Inc";No;No;0,412;Q2;6;3;7;838;16;7;2,25;279,33;30,00;0;United States;Northern America;"Now Publishers Inc";"2019-2025";"Business, Management and Accounting (miscellaneous) (Q2); Law (Q2); Finance (Q3)";"Business, Management and Accounting; Economics, Econometrics and Finance; Social Sciences"
313;19637;"Crime, Law and Social Change";journal;"15730751, 09254994";"Springer Netherlands";No;No;0,412;Q2;63;56;192;3731;411;190;2,06;66,63;37,17;0;Netherlands;Western Europe;"Springer Netherlands";"1991-2026";"Law (Q2); Social Sciences (miscellaneous) (Q2); Pathology and Forensic Medicine (Q3)";"Medicine; Social Sciences"
314;21100898979;"Environmental Law Review";journal;"17405564, 14614529";"SAGE Publications Ltd";No;No;0,412;Q2;11;18;63;920;79;49;1,05;51,11;60,00;1;United Kingdom;Western Europe;"SAGE Publications Ltd";"2018-2026";"Geography, Planning and Development (Q2); Law (Q2); Management, Monitoring, Policy and Law (Q3)";"Environmental Science; Social Sciences"
315;21101144867;"GRUR International";journal;"26328623, 26328550";"Oxford University Press";No;No;0,412;Q2;13;97;340;6245;285;298;0,75;64,38;46,15;4;United Kingdom;Western Europe;"Oxford University Press";"2020-2026";"Law (Q2)";"Social Sciences"
316;25251;"Business Lawyer";journal;"00076899";"American Bar Association";No;No;0,410;Q2;25;45;163;6597;71;152;0,31;146,60;22,12;0;United States;Northern America;"American Bar Association";"1979, 1995-2012, 2014-2025";"Law (Q2); Organizational Behavior and Human Resource Management (Q3)";"Business, Management and Accounting; Social Sciences"
317;21101136742;"Justice Evaluation Journal";journal;"24751979, 24751987";"Routledge";No;No;0,409;Q2;14;28;39;1486;71;39;2,29;53,07;42,42;0;United Kingdom;Western Europe;"Routledge";"2018-2026";"Law (Q2)";"Social Sciences"
318;18500168400;"Asian Affairs";journal;"03068374, 14771500";"Routledge";No;No;0,408;Q2;22;45;108;1789;123;93;0,84;39,76;22,64;1;United Kingdom;Western Europe;"Routledge";"1995-2026";"Geography, Planning and Development (Q2); Law (Q2); Political Science and International Relations (Q2); Economics and Econometrics (Q3)";"Economics, Econometrics and Finance; Social Sciences"
319;4700152741;"Journal of Ethnicity in Criminal Justice";journal;"15377938, 15377946";"Routledge";No;No;0,408;Q2;26;17;48;921;54;46;0,78;54,18;65,52;0;United States;Northern America;"Routledge";"2003-2026";"Anthropology (Q1); Law (Q2)";"Social Sciences"
320;21101267547;"Revista General de Derecho Constitucional";journal;"18867650, 18866212";"Iustel";No;No;0,408;Q2;3;18;58;838;13;56;0,32;46,56;41,67;0;Spain;Western Europe;"Iustel";"2020-2025";"Law (Q2); Social Sciences (miscellaneous) (Q2)";"Social Sciences"
321;21100869222;"Journal of Legal Affairs and Dispute Resolution in Engineering and Construction";journal;"19434162, 19434170";"American Society of Civil Engineers (ASCE)";No;No;0,407;Q2;29;103;243;5429;540;239;2,30;52,71;29,44;0;United States;Northern America;"American Society of Civil Engineers (ASCE)";"2009, 2018-2026";"Civil and Structural Engineering (Q2); Engineering (miscellaneous) (Q2); Law (Q2); Safety, Risk, Reliability and Quality (Q2)";"Engineering; Social Sciences"
322;21101144403;"Scandinavian Journal of Public Administration";journal;"20017413, 20017405";"University of Gothenburg School of Public Administration";Yes;Yes;0,407;Q2;10;16;61;832;102;59;1,59;52,00;58,06;0;Sweden;Western Europe;"University of Gothenburg School of Public Administration";"2019-2025";"Business, Management and Accounting (miscellaneous) (Q2); Law (Q2); Public Administration (Q2)";"Business, Management and Accounting; Social Sciences"
323;21101268971;"Journal of White Collar and Corporate Crime";journal;"26313103";"SAGE Publications Inc.";No;No;0,405;Q2;14;12;37;702;121;31;3,28;58,50;41,18;0;United Kingdom;Western Europe;"SAGE Publications Inc.";"2020-2026";"Business, Management and Accounting (miscellaneous) (Q2); Law (Q2)";"Business, Management and Accounting; Social Sciences"
324;22809;"Criminal Justice Ethics";journal;"19375948, 0731129X";"Taylor and Francis Ltd.";No;No;0,404;Q2;20;16;37;733;58;37;1,70;45,81;34,15;0;United Kingdom;Western Europe;"Taylor and Francis Ltd.";"1982-2025";"Law (Q2)";"Social Sciences"
325;21101146387;"Law Reform: Jurnal Pembaharuan Hukum";journal;"25808508, 18584810";"Diponegoro University";Yes;No;0,404;Q2;10;21;55;1185;107;55;1,86;56,43;32,20;0;Indonesia;Asiatic Region;"Diponegoro University";"2019-2025";"Law (Q2)";"Social Sciences"
326;12123;"Behavioral Sciences and the Law";journal;"10990798, 07353936";"John Wiley and Sons Ltd";No;No;0,402;Q2;91;49;126;3289;245;120;2,10;67,12;50,42;0;United Kingdom;Western Europe;"John Wiley and Sons Ltd";"1983-2026";"Law (Q2); Clinical Psychology (Q3); Medicine (miscellaneous) (Q3); Psychiatry and Mental Health (Q3)";"Medicine; Psychology; Social Sciences"
327;13020;"Fordham Law Review";journal;"0015704X";"Fordham University School of Law";No;No;0,402;Q2;48;44;189;12273;107;179;0,50;278,93;45,65;0;United States;Northern America;"Fordham University School of Law";"1973, 1975, 1978, 1980, 1983, 1994-2025";"Law (Q2)";"Social Sciences"
328;5800179629;"Journal of Criminal Justice Education";journal;"10511253, 17459117";"Taylor and Francis Ltd.";No;No;0,402;Q2;37;89;128;4284;213;117;1,17;48,13;60,20;0;United Kingdom;Western Europe;"Taylor and Francis Ltd.";"1990-1995, 2005-2026";"Education (Q2); Law (Q2)";"Social Sciences"
329;40064;"Medicine, Science and the Law";journal;"20421818, 00258024";"SAGE Publications Ltd";No;No;0,402;Q2;44;82;154;2849;273;114;1,99;34,74;49,18;2;United Kingdom;Western Europe;"SAGE Publications Ltd";"1960-2026";"Law (Q2); Health Policy (Q3); Issues, Ethics and Legal Aspects (Q3)";"Medicine; Nursing; Social Sciences"
330;7200153129;"International Community Law Review";journal;"18719732, 18719740";"Martinus Nijhoff Publishers";No;No;0,401;Q2;21;31;78;3185;56;67;0,75;102,74;34,29;1;Netherlands;Western Europe;"Martinus Nijhoff Publishers";"2006-2026";"Law (Q2); Political Science and International Relations (Q2)";"Social Sciences"
331;21101236742;"Jambe Law Journal";journal;"25987925, 2598795X";"Jambi University";No;No;0,401;Q2;6;30;40;1440;88;40;2,37;48,00;42,68;0;Indonesia;Asiatic Region;"Jambi University";"2020-2025";"Law (Q2)";"Social Sciences"
332;21100996939;"Revista Cientifica General Jose Maria Cordova";journal;"19006586, 25007645";"Escuela Militar de Cadetes";Yes;Yes;0,400;Q2;10;45;164;2113;158;150;0,80;46,96;24,36;0;Colombia;Latin America;"Escuela Militar de Cadetes";"2011-2013, 2015-2026";"Law (Q2); Political Science and International Relations (Q2); Public Administration (Q2); Safety Research (Q2); Safety, Risk, Reliability and Quality (Q2); Social Sciences (miscellaneous) (Q2); Sociology and Political Science (Q2)";"Engineering; Social Sciences"
333;21101071896;"Environmental Economics";journal;"19986041, 1998605X";"LLC CPC Business Perspectives";Yes;No;0,398;Q2;14;35;64;1567;215;64;3,64;44,77;48,82;0;Ukraine;Eastern Europe;"LLC CPC Business Perspectives";"2017-2026";"Geography, Planning and Development (Q2); Law (Q2); Public Administration (Q2); Economics and Econometrics (Q3); Environmental Science (miscellaneous) (Q3); Management, Monitoring, Policy and Law (Q3); Renewable Energy, Sustainability and the Environment (Q3); Global and Planetary Change (Q4)";"Economics, Econometrics and Finance; Energy; Environmental Science; Social Sciences"
334;15626;"International Journal of Law and Psychiatry";journal;"18736386, 01602527";"Elsevier Ltd";No;No;0,398;Q2;83;49;150;2905;327;148;2,31;59,29;54,71;1;United Kingdom;Western Europe;"Elsevier Ltd";"1978-1984, 1986-2026";"Law (Q2); Pathology and Forensic Medicine (Q3); Psychiatry and Mental Health (Q3)";"Medicine; Social Sciences"
335;22830;"Canadian Journal of Criminology and Criminal Justice";journal;"17077753, 19110219";"University of Toronto Press";No;No;0,397;Q2;48;12;57;778;80;56;1,11;64,83;66,67;0;Canada;Northern America;"University of Toronto Press";"2003-2025";"Law (Q2); Social Sciences (miscellaneous) (Q2)";"Social Sciences"
336;21570;"Prison Journal";journal;"00328855, 15527522";"SAGE Publications Inc.";No;No;0,396;Q2;63;36;109;1879;157;109;1,29;52,19;59,78;1;United States;Northern America;"SAGE Publications Inc.";"1921-1992, 1996-2026";"Law (Q2); Social Sciences (miscellaneous) (Q2)";"Social Sciences"
337;21101283227;"Justice, Opportunities, and Rehabilitation";journal;"29979668";"Routledge";No;No;0,391;Q2;51;22;80;1143;131;80;1,50;51,95;55,41;0;United Kingdom;Western Europe;"Routledge";"2025-2026";"Law (Q2); Rehabilitation (Q2)";"Medicine; Social Sciences"
338;5800207391;"Journal of Adult Protection";journal;"14668203";"Emerald Publishing";No;No;0,390;Q2;23;34;81;1058;108;67;1,22;31,12;66,67;0;United Kingdom;Western Europe;"Emerald Publishing";"1999-2026";"Law (Q2); Sociology and Political Science (Q2)";"Social Sciences"
339;21101021225;"Anti-Trafficking Review";journal;"22867511, 22870113";"Global Alliance Against Traffic in Women";Yes;Yes;0,389;Q2;16;21;62;842;92;51;0,92;40,10;88,89;1;Thailand;Asiatic Region;"Global Alliance Against Traffic in Women";"2019-2025";"Law (Q2); Political Science and International Relations (Q2)";"Social Sciences"
340;17522;"Law and Critique";journal;"09578536, 15728617";"Springer Netherlands";No;No;0,389;Q2;29;36;77;2181;103;74;1,36;60,58;34,21;1;Netherlands;Western Europe;"Springer Netherlands";"1990-2002, 2004-2025";"Law (Q2)";"Social Sciences"
341;22194;"Washington Law Review";journal;"00430617";"University of Washington School of Law";No;No;0,389;Q2;32;23;87;2055;66;82;0,61;89,35;50,00;0;United States;Northern America;"University of Washington School of Law";"1973-1974, 1976, 1980, 1982-1983, 1986, 1988, 1990-1992, 1994-2000, 2002-2025";"Law (Q2)";"Social Sciences"
342;21100894876;"State Crime Journal";journal;"20466056";"Pluto Journals";Yes;Yes;0,386;Q2;13;4;38;403;82;37;1,63;100,75;80,00;0;United Kingdom;Western Europe;"Pluto Journals";"2018-2025";"Law (Q2); Management, Monitoring, Policy and Law (Q3)";"Environmental Science; Social Sciences"
343;14300;"Harvard Journal of Law and Public Policy";journal;"01934872";"Harvard University";No;No;0,384;Q2;33;13;107;1711;126;105;1,32;131,62;18,18;0;United States;Northern America;"Harvard University";"1980, 1985, 1990, 1995-2025";"Law (Q2); Sociology and Political Science (Q2)";"Social Sciences"
344;21101185302;"Al-Ahwal";journal;"2085627X, 25286617";"Al-Ahwal Research Centre Department of Islamic Family Law, Faculty of Sharia and Law, UIN Sunan Kalijaga";Yes;No;0,382;Q2;8;5;48;227;50;48;1,28;45,40;36,36;0;Indonesia;Asiatic Region;"Al-Ahwal Research Centre Department of Islamic Family Law, Faculty of Sharia and Law, UIN Sunan Kalijaga";"2019-2025";"Arts and Humanities (miscellaneous) (Q1); Religious Studies (Q1); Gender Studies (Q2); Law (Q2)";"Arts and Humanities; Social Sciences"
345;21101055871;"Bulletin for International Taxation";journal;"18195490, 23529202";"International Bureau of Fiscal Documentation (IBFD)";No;No;0,380;Q2;7;35;135;1061;37;132;0,20;30,31;27,42;0;Netherlands;Western Europe;"International Bureau of Fiscal Documentation (IBFD)";"2019-2025";"Law (Q2); Accounting (Q3); Economics and Econometrics (Q3); Finance (Q3)";"Business, Management and Accounting; Economics, Econometrics and Finance; Social Sciences"
346;5600155948;"European Law Journal";journal;"14680386, 13515993";"Wiley-Blackwell Publishing Ltd";No;No;0,379;Q2;73;16;86;298;140;72;1,75;18,63;62,96;0;United Kingdom;Western Europe;"Wiley-Blackwell Publishing Ltd";"1995-2025";"Law (Q2)";"Social Sciences"
347;21101040698;"South African Journal of Bioethics and Law";journal;"19997639";"South African Medical Association";Yes;No;0,379;Q2;8;27;78;531;82;51;0,96;19,67;59,09;0;South Africa;Africa;"South African Medical Association";"2019-2025";"Health Professions (miscellaneous) (Q2); Law (Q2); Medicine (miscellaneous) (Q3); Public Health, Environmental and Occupational Health (Q3)";"Health Professions; Medicine; Social Sciences"
348;17400154818;"ERA Forum";journal;"16123093, 18639038";"Springer Verlag";No;No;0,375;Q2;19;42;118;732;195;106;1,38;17,43;45,00;1;Germany;Western Europe;"Springer Verlag";"2009-2026";"Law (Q2); Political Science and International Relations (Q2)";"Social Sciences"
349;21100784265;"Ius Canonicum";journal;"0021325X, 22546219";"Servicio de Publicaciones de la Universidad de Navarra";Yes;No;0,375;Q2;7;23;77;1318;23;69;0,30;57,30;30,77;0;Spain;Western Europe;"Servicio de Publicaciones de la Universidad de Navarra";"2016-2025";"Religious Studies (Q1); Law (Q2)";"Arts and Humanities; Social Sciences"
350;5800191628;"Netherlands International Law Review";journal;"0165070X, 17416191";"Springer Nature";No;No;0,375;Q2;27;10;57;728;72;51;1,32;72,80;16,67;1;Switzerland;Western Europe;"Springer Nature";"1953, 1955-2026";"Law (Q2)";"Social Sciences"
351;12685;"American Journal of Law and Medicine";journal;"00988588, 2375835X";"Cambridge University Press";No;No;0,374;Q2;37;22;83;5219;82;82;0,96;237,23;41,94;0;United Kingdom;Western Europe;"Cambridge University Press";"1975-2025";"Law (Q2); Health (social science) (Q3); Medicine (miscellaneous) (Q3)";"Medicine; Social Sciences"
352;21101264299;"Quaestio Facti";journal;"26604515, 26046202";"University of Girona";Yes;Yes;0,374;Q2;6;18;56;913;38;53;0,63;50,72;27,78;0;Spain;Western Europe;"University of Girona";"2020-2026";"Law (Q2)";"Social Sciences"
353;21100242411;"International Journal of Law in Context";journal;"17445531, 17445523";"Cambridge University Press";No;No;0,372;Q2;34;47;102;3491;140;101;1,33;74,28;67,19;0;United Kingdom;Western Europe;"Cambridge University Press";"2005-2026";"Law (Q2)";"Social Sciences"
354;21101388869;"Lex Social";journal;"21746419";"Universidad Pablo de Olavide";No;No;0,371;Q2;4;36;116;1607;43;103;0,39;44,64;40,00;0;Spain;Western Europe;"Universidad Pablo de Olavide";"2022-2025";"Law (Q2); Social Sciences (miscellaneous) (Q2); Sociology and Political Science (Q2)";"Social Sciences"
355;130084;"Journal of Contemporary Criminal Justice";journal;"10439862, 15525406";"SAGE Publications Inc.";No;No;0,370;Q2;66;51;127;2340;173;121;1,78;45,88;68,24;4;United States;Northern America;"SAGE Publications Inc.";"1978-1981, 1983-1984, 1987-2026";"Law (Q2)";"Social Sciences"
356;21101100275;"Bestuur";journal;"27224708, 23023783";"Sebelas Maret University Faculty of Law";Yes;No;0,369;Q2;15;9;43;651;86;43;2,03;72,33;42,31;0;Indonesia;Asiatic Region;"Sebelas Maret University Faculty of Law";"2019-2025";"Law (Q2); Public Administration (Q2); Social Sciences (miscellaneous) (Q2); Management, Monitoring, Policy and Law (Q3)";"Environmental Science; Social Sciences"
357;21100929581;"Journal of Intellectual Property, Information Technology and E-Commerce Law";journal;"21903387";"Digital Peer Publishing Licenses";Yes;No;0,369;Q2;14;13;85;1323;85;76;0,87;101,77;22,22;0;Germany;Western Europe;"Digital Peer Publishing Licenses";"2019-2025";"Law (Q2)";"Social Sciences"
358;21101180711;"Rivista Italiana di Informatica e Diritto";journal;"27047318";"Consiglio Nazionale delle Ricerche";Yes;Yes;0,369;Q2;6;61;134;3203;79;124;0,51;52,51;42,19;0;Italy;Western Europe;"Consiglio Nazionale delle Ricerche";"2019-2025";"Law (Q2); Artificial Intelligence (Q3); Computer Science Applications (Q3); Information Systems (Q3)";"Computer Science; Social Sciences"
359;19700194007;"African Security Review";journal;"21540128, 10246029";"Taylor and Francis Ltd.";No;No;0,367;Q2;22;34;89;1955;136;83;1,58;57,50;24,49;1;United Kingdom;Western Europe;"Taylor and Francis Ltd.";"1995, 2010-2026";"Law (Q2); Political Science and International Relations (Q2); Safety Research (Q2)";"Social Sciences"
360;12763;"International Journal of Technology Management";journal;"17415276, 02675730";"Inderscience Publishers";No;No;0,366;Q2;72;40;133;3101;272;133;2,08;77,53;32,74;0;United Kingdom;Western Europe;"Inderscience Publishers";"1986-1989, 1996-2025";"Engineering (miscellaneous) (Q2); Law (Q2); Computer Science Applications (Q3); Industrial Relations (Q3); Strategy and Management (Q3)";"Business, Management and Accounting; Computer Science; Engineering; Social Sciences"
361;21100937573;"Journal of Intellectual Property Law and Practice";journal;"17471540, 17471532";"Oxford University Press";No;No;0,366;Q2;19;95;323;6508;263;286;1,01;68,51;46,27;2;United Kingdom;Western Europe;"Oxford University Press";"2005-2026";"Law (Q2)";"Social Sciences"
362;13583;"George Washington Law Review";journal;"00168076";"George Washington University";No;No;0,363;Q2;39;33;101;10896;91;96;1,05;330,18;46,88;0;United States;Northern America;"George Washington University";"1976, 1978, 1980, 1982-1983, 1989, 1992-1994, 1996-2025";"Law (Q2)";"Social Sciences"
363;21100938256;"Nordic Journal of Criminology";journal;"2578983X, 25789821";"Scandinavian University Press";Yes;Yes;0,362;Q2;30;22;43;1141;63;41;1,29;51,86;47,62;0;Norway;Western Europe;"Scandinavian University Press";"2019-2026";"Law (Q2)";"Social Sciences"
364;18778;"Violence and Victims";journal;"08866708";"Springer Publishing Company";No;No;0,361;Q2;104;46;139;2583;138;139;0,72;56,15;67,31;0;United States;Northern America;"Springer Publishing Company";"1986-2026";"Law (Q2); Health (social science) (Q3); Medicine (miscellaneous) (Q3); Pathology and Forensic Medicine (Q3)";"Medicine; Social Sciences"
365;24681;"American Business Law Journal";journal;"17441714, 00027766";"John Wiley and Sons Inc";No;No;0,360;Q2;32;14;44;621;99;44;1,75;44,36;31,58;0;United Kingdom;Western Europe;"John Wiley and Sons Inc";"1963-2026";"Law (Q2); Business and International Management (Q3)";"Business, Management and Accounting; Social Sciences"
366;21101040211;"Forum Scientiae Oeconomia";journal;"23534435, 23005947";"";Yes;Yes;0,359;Q2;23;17;108;1408;261;108;2,67;82,82;50,00;0;Poland;Eastern Europe;"";"2017-2026";"Cultural Studies (Q1); Law (Q2); Multidisciplinary (Q2); Business and International Management (Q3); Economics and Econometrics (Q3); Marketing (Q3); Strategy and Management (Q3)";"Business, Management and Accounting; Economics, Econometrics and Finance; Multidisciplinary; Social Sciences"
367;6000152910;"Journal of Arts Management Law and Society";journal;"10632921, 19307799";"Taylor and Francis Ltd.";No;No;0,359;Q2;29;45;61;2183;102;59;2,07;48,51;51,85;1;United States;Northern America;"Taylor and Francis Ltd.";"1992-2026";"Visual Arts and Performing Arts (Q1); Law (Q2); Strategy and Management (Q3)";"Arts and Humanities; Business, Management and Accounting; Social Sciences"
368;21101089371;"Law, Technology and Humans";journal;"26524074";"Queensland University of Technology";Yes;Yes;0,359;Q2;11;35;74;2562;134;73;1,96;73,20;54,76;0;Australia;Pacific Region;"Queensland University of Technology";"2019-2025";"Computer Science (miscellaneous) (Q2); Information Systems and Management (Q2); Law (Q2); Social Sciences (miscellaneous) (Q2); Artificial Intelligence (Q3); Biotechnology (Q3); Computer Networks and Communications (Q3)";"Biochemistry, Genetics and Molecular Biology; Computer Science; Decision Sciences; Social Sciences"
369;21101087784;"Laws";journal;"2075471X";"Multidisciplinary Digital Publishing Institute (MDPI)";Yes;No;0,359;Q2;22;99;256;6665;462;249;1,59;67,32;50,83;2;Switzerland;Western Europe;"Multidisciplinary Digital Publishing Institute (MDPI)";"2019-2025";"Law (Q2)";"Social Sciences"
370;21100432126;"Revista Derecho del Estado";journal;"23462051, 01229893";"Universidad Externado de Colombia";Yes;Yes;0,359;Q2;10;39;133;1692;77;129;0,72;43,38;36,96;0;Colombia;Latin America;"Universidad Externado de Colombia";"2015-2026";"Law (Q2)";"Social Sciences"
371;5700168058;"European Journal of Crime, Criminal Law and Criminal Justice";journal;"15718174, 09289569";"Martinus Nijhoff Publishers";No;No;0,358;Q2;23;18;47;1356;64;37;1,19;75,33;65,38;0;Netherlands;Western Europe;"Martinus Nijhoff Publishers";"1993-2000, 2002-2026";"Law (Q2); Political Science and International Relations (Q2); Sociology and Political Science (Q2)";"Social Sciences"
372;145329;"International Journal of Discrimination and the Law";journal;"13582291, 20479468";"SAGE Publications Inc.";No;No;0,357;Q2;17;35;62;2206;104;39;1,11;63,03;57,89;1;United Kingdom;Western Europe;"SAGE Publications Inc.";"2000, 2005-2009, 2011-2026";"Law (Q2); Sociology and Political Science (Q2)";"Social Sciences"
373;19900191409;"Partner Abuse";journal;"19466560, 19466579";"Springer Publishing Company";No;No;0,355;Q2;16;30;77;2039;96;77;1,06;67,97;68,60;0;United States;Northern America;"Springer Publishing Company";"2011, 2017-2026";"Gender Studies (Q2); Law (Q2); Clinical Psychology (Q3); Health (social science) (Q3); Pediatrics, Perinatology and Child Health (Q3); Social Psychology (Q3)";"Medicine; Psychology; Social Sciences"
374;21101154265;"African Human Mobility Review";journal;"24107972, 24116955";"University of the Western Cape";Yes;Yes;0,354;Q2;7;18;56;774;64;49;0,90;43,00;31,25;1;South Africa;Africa;"University of the Western Cape";"2019-2025";"Law (Q2); Social Sciences (miscellaneous) (Q2); Sociology and Political Science (Q2); Development (Q3)";"Social Sciences"
375;21101097254;"Lex Scientia Law Review";journal;"25989685, 25989677";"Universitas Negeri Semarang";Yes;No;0,353;Q2;12;29;81;1752;154;79;1,92;60,41;39,29;0;Indonesia;Asiatic Region;"Universitas Negeri Semarang";"2017-2025";"Law (Q2); Political Science and International Relations (Q2); Public Administration (Q2); Sociology and Political Science (Q2)";"Social Sciences"
376;16269;"Journal of Legal Studies";journal;"15375366, 00472530";"University of Chicago Press";Yes;No;0,351;Q2;72;14;43;779;47;41;0,78;55,64;17,86;0;United States;Northern America;"University of Chicago Press";"1983, 1985, 1996-2026";"Law (Q2)";"Social Sciences"
377;21101185418;"Jurnal IUS Kajian Hukum dan Keadilan";journal;"23033827, 2477815X";"Mataram University Faculty of Law";Yes;No;0,351;Q2;7;41;132;1950;202;132;1,89;47,56;42,05;0;Indonesia;Asiatic Region;"Mataram University Faculty of Law";"2019-2025";"Law (Q2); Political Science and International Relations (Q2); Public Administration (Q2); Sociology and Political Science (Q2)";"Social Sciences"
378;21100898697;"UUM Journal of Legal Studies";journal;"01279483, 2229984X";"Universiti Utara Malaysia Press";Yes;Yes;0,351;Q2;10;21;86;1270;105;86;1,04;60,48;42,50;0;Malaysia;Asiatic Region;"Universiti Utara Malaysia Press";"2018-2026";"Law (Q2); Sociology and Political Science (Q2)";"Social Sciences"
379;21101060915;"Constitutional Review";journal;"25483870, 24600016";"Center for Research and Case Analysis and Library Management of the Constitutional Court of the Republic of Indonesia";Yes;Yes;0,350;Q2;11;16;40;682;44;40;1,21;42,63;29,41;0;Indonesia;Asiatic Region;"Center for Research and Case Analysis and Library Management of the Constitutional Court of the Republic of Indonesia";"2015-2025";"Law (Q2)";"Social Sciences"
380;21101041601;"European Papers - A Journal on Law and Integration";journal;"24998249";"European Paper";Yes;Yes;0,350;Q2;14;35;151;2503;159;148;1,07;71,51;62,16;0;United States;Northern America;"European Paper";"2016-2026";"Law (Q2)";"Social Sciences"
381;21100967508;"Santander Art and Culture Law Review";journal;"2450050X, 23917997";"Jagiellonian University Press";Yes;Yes;0,349;Q2;10;26;97;1356;50;79;0,42;52,15;52,17;0;Poland;Eastern Europe;"Jagiellonian University Press";"2015-2025";"Conservation (Q1); Cultural Studies (Q1); Visual Arts and Performing Arts (Q1); Law (Q2)";"Arts and Humanities; Social Sciences"
382;21100316000;"Journal of World Intellectual Property";journal;"14222213, 17471796";"John Wiley and Sons Ltd";No;No;0,348;Q2;18;46;99;0;174;92;1,88;0,00;48,21;1;United Kingdom;Western Europe;"John Wiley and Sons Ltd";"2002-2004, 2013-2026";"Law (Q2)";"Social Sciences"
383;21101181970;"Yustisia";journal;"08520941, 25490907";"Sebelas Maret University Faculty of Law";Yes;No;0,348;Q2;4;18;50;927;71;50;1,40;51,50;40,74;0;Indonesia;Asiatic Region;"Sebelas Maret University Faculty of Law";"2022-2025";"Law (Q2); Political Science and International Relations (Q2); Social Sciences (miscellaneous) (Q2); Health (social science) (Q3); Management, Monitoring, Policy and Law (Q3)";"Environmental Science; Social Sciences"
384;21101045709;"Forensic Science International: Mind and Law";journal;"26663538";"Elsevier B.V.";Yes;No;0,345;Q2;14;0;35;0;82;27;2,05;0,00;0,00;0;Netherlands;Western Europe;"Elsevier B.V.";"2020-2024";"Law (Q2); Psychiatry and Mental Health (Q3); Psychology (miscellaneous) (Q3)";"Medicine; Psychology; Social Sciences"
385;21101172919;"ICL Journal";journal;"23063734, 19955855";"Walter de Gruyter GmbH";No;No;0,345;Q2;11;20;51;2559;44;47;0,90;127,95;9,09;0;Germany;Western Europe;"Walter de Gruyter GmbH";"2007-2026";"Law (Q2)";"Social Sciences"
386;21100886226;"International Journal of Evidence and Proof";journal;"13657127, 17405572";"SAGE Publications Ltd";No;No;0,345;Q2;14;25;53;1251;64;52;1,25;50,04;44,23;1;United Kingdom;Western Europe;"SAGE Publications Ltd";"2018-2026";"Law (Q2); Sociology and Political Science (Q2); Management, Monitoring, Policy and Law (Q3)";"Environmental Science; Social Sciences"
387;19700173116;"Journal of Children's Services";journal;"17466660";"Emerald Group Publishing Ltd.";No;No;0,345;Q2;30;11;50;543;77;49;0,97;49,36;65,79;0;United Kingdom;Western Europe;"Emerald Group Publishing Ltd.";"2006-2026";"Law (Q2); Sociology and Political Science (Q2); Developmental and Educational Psychology (Q3); Education (Q3); Health (social science) (Q3)";"Psychology; Social Sciences"
388;19900191564;"Journal of International Peacekeeping";journal;"18754104, 18754112";"Brill Academic Publishers";No;No;0,345;Q2;15;38;60;2278;53;57;0,91;59,95;26,23;0;Netherlands;Western Europe;"Brill Academic Publishers";"1994-1998, 2000-2001, 2004-2025";"Law (Q2); Political Science and International Relations (Q2); Infectious Diseases (Q3); Pharmacology (Q3); Pharmacology (medical) (Q3); Virology (Q3)";"Immunology and Microbiology; Medicine; Pharmacology, Toxicology and Pharmaceutics; Social Sciences"
389;7100153146;"Review of Central and East European Law";journal;"09259880, 15730352";"Martinus Nijhoff Publishers";No;No;0,343;Q2;19;6;50;805;37;46;0,47;134,17;14,29;0;Netherlands;Western Europe;"Martinus Nijhoff Publishers";"1975, 1977-1981, 1983-2026";"Classics (Q1); History (Q1); Philosophy (Q1); Law (Q2)";"Arts and Humanities; Social Sciences"
390;5300152704;"Journal of Forensic Nursing";journal;"19393938, 15563693";"Lippincott Williams and Wilkins";No;No;0,341;Q2;34;62;147;1867;160;127;1,08;30,11;77,99;0;United States;Northern America;"Lippincott Williams and Wilkins";"2005-2026";"Law (Q2); Issues, Ethics and Legal Aspects (Q3); Medicine (miscellaneous) (Q3); Nursing (miscellaneous) (Q3); Pathology and Forensic Medicine (Q3); Psychiatry and Mental Health (Q3)";"Medicine; Nursing; Social Sciences"
391;21100856464;"Settler Colonial Studies";journal;"18380743, 2201473X";"Taylor and Francis Ltd.";No;No;0,341;Q2;32;54;61;3787;71;53;1,16;70,13;56,67;0;United Kingdom;Western Europe;"Taylor and Francis Ltd.";"2011-2021, 2023-2026";"Cultural Studies (Q1); History (Q1); Anthropology (Q2); Demography (Q2); Law (Q2); Sociology and Political Science (Q2)";"Arts and Humanities; Social Sciences"
392;5100154604;"Ius et Praxis";journal;"07180012, 07172877";"Universidad de Talca";Yes;Yes;0,340;Q2;15;11;137;519;76;128;0,47;47,18;66,67;0;Chile;Latin America;"Universidad de Talca";"2001-2002, 2006-2025";"Law (Q2)";"Social Sciences"
393;21101162892;"Petita: Jurnal Kajian Ilmu Hukum dan Syariah";journal;"25028006, 25498274";"Lembaga Kajian Konstitusi Indonesia (LKKI), Fakultas Syariah dan Hukum, Universitas Islam Negeri Ar-Raniry";No;No;0,340;Q2;9;51;70;3960;258;66;3,69;77,65;27,27;0;Indonesia;Asiatic Region;"Lembaga Kajian Konstitusi Indonesia (LKKI), Fakultas Syariah dan Hukum, Universitas Islam Negeri Ar-Raniry";"2023-2025";"Religious Studies (Q1); Arts and Humanities (miscellaneous) (Q2); Law (Q2); Social Sciences (miscellaneous) (Q2)";"Arts and Humanities; Social Sciences"
394;21100896486;"International Journal of E-Entrepreneurship and Innovation";journal;"19478585, 19478593";"IGI Global Publishing";No;No;0,339;Q2;9;2;14;101;25;14;3,60;50,50;11,11;0;United States;Northern America;"IGI Global Publishing";"2018-2026";"Law (Q2); Business and International Management (Q3); Management Information Systems (Q3); Management of Technology and Innovation (Q3)";"Business, Management and Accounting; Social Sciences"
395;21101022227;"Journal of Human Rights and Social Work";journal;"23651792";"Springer Science + Business Media";No;No;0,339;Q2;22;81;147;4742;214;137;1,23;58,54;59,36;0;Switzerland;Western Europe;"Springer Science + Business Media";"2016-2026";"Law (Q2); Sociology and Political Science (Q2)";"Social Sciences"
396;12683;"American Journal of Jurisprudence";journal;"20496494, 00658995";"University of Notre Dame, Law School";No;No;0,338;Q2;13;17;44;1866;32;43;0,63;109,76;26,32;0;United States;Northern America;"University of Notre Dame, Law School";"1973-1975, 1977, 1981, 1987, 1997, 2000, 2016-2025";"Law (Q2)";"Social Sciences"
397;21101040630;"Revista de Derecho Ambiental (Chile)";journal;"07180101, 07194633";"Universidad de Chile. Centro de Derecho Ambiental";Yes;Yes;0,338;Q2;5;14;50;433;36;47;0,67;30,93;38,46;0;Chile;Latin America;"Universidad de Chile. Centro de Derecho Ambiental";"2019-2025";"Law (Q2); Management, Monitoring, Policy and Law (Q3); Renewable Energy, Sustainability and the Environment (Q3)";"Energy; Environmental Science; Social Sciences"
398;21101149930;"Bialostockie Studia Prawnicze";journal;"16897404, 27199452";"Sciendo";Yes;Yes;0,337;Q2;5;60;124;2815;94;124;0,76;46,92;49,49;0;Poland;Eastern Europe;"Sciendo";"2023-2025";"Law (Q2); Political Science and International Relations (Q2); Social Sciences (miscellaneous) (Q2); Public Administration (Q3)";"Social Sciences"
399;5600152936;"Crime Prevention and Community Safety";journal;"17434629, 14603780";"Palgrave Macmillan Ltd.";No;No;0,336;Q2;33;5;71;285;122;71;1,81;57,00;15,38;0;United Kingdom;Western Europe;"Palgrave Macmillan Ltd.";"1999-2025";"Law (Q2); Sociology and Political Science (Q2); Safety Research (Q3)";"Social Sciences"
400;5600153394;"International Criminal Justice Review";journal;"10575677, 15563855";"SAGE Publications Inc.";No;No;0,336;Q2;35;25;68;2022;105;67;1,33;80,88;37,74;0;United States;Northern America;"SAGE Publications Inc.";"1991-2003, 2005-2026";"Law (Q2)";"Social Sciences"
401;21101141528;"Advances in Southeast Asian Studies";journal;"2791531X";"SEAS - Society for South-East Asian Studies";Yes;Yes;0,334;Q2;18;11;48;623;87;43;1,94;56,64;52,94;0;Austria;Western Europe;"SEAS - Society for South-East Asian Studies";"2022-2025";"Cultural Studies (Q1); Anthropology (Q2); Communication (Q2); Law (Q2); Sociology and Political Science (Q2); Development (Q3); Geography, Planning and Development (Q3)";"Social Sciences"
402;21100248874;"Dilemas";journal;"19835922, 21782792";"Universidade Federal do Rio de Janeiro";Yes;Yes;0,334;Q2;14;45;149;2312;64;147;0,18;51,38;43,33;0;Brazil;Latin America;"Universidade Federal do Rio de Janeiro";"2013-2025";"Law (Q2); Pharmacology, Toxicology and Pharmaceutics (miscellaneous) (Q2); Social Sciences (miscellaneous) (Q2); Sociology and Political Science (Q2)";"Pharmacology, Toxicology and Pharmaceutics; Social Sciences"
403;12043;"Interchange";journal;"15731790, 08264805";"Springer Netherlands";No;No;0,334;Q2;26;17;84;605;153;84;1,71;35,59;53,85;0;Netherlands;Western Europe;"Springer Netherlands";"1970-2003, 2005-2026";"Arts and Humanities (miscellaneous) (Q2); Law (Q2); Social Sciences (miscellaneous) (Q2); Education (Q3)";"Arts and Humanities; Social Sciences"
404;21100865932;"European Public Law";journal;"13543725, 18758207";"Kluwer Law International";No;No;0,332;Q2;12;27;62;2494;52;62;0,64;92,37;48,78;0;Netherlands;Western Europe;"Kluwer Law International";"2018-2025";"Law (Q2)";"Social Sciences"
405;12256;"Cambridge Law Journal";journal;"14692139, 00081973";"Cambridge University Press";Yes;No;0,331;Q2;37;38;120;3029;165;91;0,87;79,71;20,00;0;United Kingdom;Western Europe;"Cambridge University Press";"1921-1939, 1941-1998, 2000-2026";"Law (Q2)";"Social Sciences"
406;21100244605;"Cuestiones Constitucionales";journal;"24484881, 14059193";"Universidad Nacional Autonoma de Mexico";Yes;Yes;0,331;Q2;8;55;131;2561;46;130;0,14;46,56;27,42;0;Mexico;Latin America;"Universidad Nacional Autonoma de Mexico";"2013-2026";"Law (Q2); Sociology and Political Science (Q2)";"Social Sciences"
407;6000159531;"International Journal of Cultural Property";journal;"14657317, 09407391";"Cambridge University Press";No;No;0,331;Q2;33;17;75;1031;103;72;0,87;60,65;50,00;0;United Kingdom;Western Europe;"Cambridge University Press";"1992-2002, 2005-2026";"Conservation (Q1); Cultural Studies (Q1); History (Q1); Museology (Q1); Anthropology (Q2); Law (Q2)";"Arts and Humanities; Social Sciences"
408;4700153002;"International Journal of Law, Policy and the Family";journal;"13609939, 14643707";"Oxford University Press";No;No;0,331;Q2;31;36;65;3817;83;65;1,14;106,03;72,41;1;United Kingdom;Western Europe;"Oxford University Press";"1996-1997, 2002, 2004-2026";"Law (Q2); Sociology and Political Science (Q2)";"Social Sciences"
409;21100832753;"European Business Law Review";journal;"1875841X, 09596941";"Kluwer Law International";No;No;0,330;Q2;13;50;147;4436;135;143;0,75;88,72;44,64;1;Netherlands;Western Europe;"Kluwer Law International";"2017-2025";"Law (Q2)";"Social Sciences"
410;19700174724;"International Journal of Migration, Health and Social Care";journal;"20428650, 17479894";"Emerald Publishing";No;No;0,330;Q2;24;47;95;2782;122;95;1,15;59,19;61,71;0;United Kingdom;Western Europe;"Emerald Publishing";"2005-2026";"Law (Q2); Sociology and Political Science (Q2); Health (social science) (Q3)";"Social Sciences"
411;21100794007;"New York University Journal of Law and Liberty";journal;"19305044, 19324421";"New York University School of Law";No;No;0,330;Q2;6;6;46;591;9;46;0,33;98,50;0,00;0;United States;Northern America;"New York University School of Law";"2016-2025";"Law (Q2)";"Social Sciences"
412;5800170538;"Journal of the History of International Law";journal;"1388199X, 15718050";"Martinus Nijhoff Publishers";No;No;0,329;Q2;18;16;51;1350;32;49;0,54;84,38;25,00;0;Netherlands;Western Europe;"Martinus Nijhoff Publishers";"2007-2026";"History (Q1); Law (Q2); Political Science and International Relations (Q2)";"Arts and Humanities; Social Sciences"
413;15517;"Maastricht Journal of European and Comparative Law";journal;"1023263X, 23995548";"SAGE Publications Ltd";No;No;0,329;Q2;31;43;131;2961;162;110;1,24;68,86;50,00;0;United Kingdom;Western Europe;"SAGE Publications Ltd";"1994-2026";"Law (Q2); Political Science and International Relations (Q2)";"Social Sciences"
414;21101190201;"TalTech Journal of European Studies";journal;"26744619, 26744600";"Sciendo";Yes;Yes;0,329;Q2;15;40;62;1850;89;62;1,13;46,25;36,76;0;Poland;Eastern Europe;"Sciendo";"2020-2025";"History (Q1); Economics, Econometrics and Finance (miscellaneous) (Q2); Law (Q2); Political Science and International Relations (Q2); Sociology and Political Science (Q2)";"Arts and Humanities; Economics, Econometrics and Finance; Social Sciences"
415;21100264819;"Vniversitas";journal;"00419060, 20111711";"Pontificia Universidad Javeriana";Yes;Yes;0,329;Q2;7;25;62;2172;22;61;0,22;86,88;33,33;0;Colombia;Latin America;"Pontificia Universidad Javeriana";"2012-2025";"Law (Q2)";"Social Sciences"
416;21101050918;"International Journal of Legal Discourse";journal;"23648821, 2364883X";"De Gruyter Mouton";No;No;0,326;Q2;14;19;45;990;114;45;3,00;52,11;37,93;0;Germany;Western Europe;"De Gruyter Mouton";"2016-2025";"Law (Q2); Linguistics and Language (Q2)";"Social Sciences"
417;21101039805;"Sriwijaya Law Review";journal;"25416464, 25415298";"Sriwijaya University";Yes;Yes;0,326;Q2;11;21;67;1223;109;67;1,69;58,24;38,46;0;Indonesia;Asiatic Region;"Sriwijaya University";"2017-2025";"Law (Q2); Social Sciences (miscellaneous) (Q2); Sociology and Political Science (Q2)";"Social Sciences"
418;21101185807;"Central European Public Administration Review";journal;"25912259, 25912240";"University of Ljubljana Faculty of Public Administration";Yes;Yes;0,325;Q2;10;20;44;1128;76;44;1,40;56,40;58,82;0;Slovenia;Eastern Europe;"University of Ljubljana Faculty of Public Administration";"2019-2025";"Law (Q2); Public Administration (Q3)";"Social Sciences"
419;21100793925;"Nordic Journal of Human Rights";journal;"1891814X, 18918131";"Taylor and Francis Ltd.";No;No;0,325;Q2;18;21;82;405;140;76;1,72;19,29;67,86;1;United Kingdom;Western Europe;"Taylor and Francis Ltd.";"2010-2026";"Law (Q2); Political Science and International Relations (Q2); Sociology and Political Science (Q2)";"Social Sciences"
420;21100840720;"Transactions on Maritime Science";journal;"18483305, 18483313";"Faculty of Maritime Studies";Yes;No;0,324;Q2;15;66;138;2328;250;131;1,82;35,27;23,50;0;Croatia;Eastern Europe;"Faculty of Maritime Studies";"2017-2026";"Law (Q2); Automotive Engineering (Q3); Ocean Engineering (Q3); Transportation (Q3); Water Science and Technology (Q3)";"Engineering; Environmental Science; Social Sciences"
421;17400154833;"Journal of Transportation Security";journal;"19387741, 1938775X";"Springer New York";No;No;0,320;Q2;23;31;47;1418;112;47;2,29;45,74;29,09;0;United States;Northern America;"Springer New York";"2008-2026";"Law (Q2); Political Science and International Relations (Q2); Sociology and Political Science (Q2); Management Science and Operations Research (Q3); Safety Research (Q3); Transportation (Q3)";"Decision Sciences; Social Sciences"
422;21101071123;"Knowledge and Performance Management";journal;"26163829, 25435507";"LLC CPC Business Perspectives";Yes;No;0,320;Q2;10;30;43;1402;128;43;2,76;46,73;51,72;0;Ukraine;Eastern Europe;"LLC CPC Business Perspectives";"2019-2026";"Information Systems and Management (Q2); Law (Q2); Social Sciences (miscellaneous) (Q2); Business, Management and Accounting (miscellaneous) (Q3); Economics and Econometrics (Q3); Management of Technology and Innovation (Q3); Marketing (Q3); Organizational Behavior and Human Resource Management (Q3); Strategy and Management (Q3)";"Business, Management and Accounting; Decision Sciences; Economics, Econometrics and Finance; Social Sciences"
423;145539;"International Journal for the Semiotics of Law";journal;"15728722, 09528059";"Springer Science and Business Media B.V.";No;No;0,319;Q2;24;186;332;9632;483;320;1,46;51,78;42,62;0;Netherlands;Western Europe;"Springer Science and Business Media B.V.";"1988-2002, 2004-2026";"Law (Q2); Linguistics and Language (Q2)";"Social Sciences"
424;21101045770;"Nordic Journal of Studies in Policing";journal;"27037045";"Scandinavian University Press";Yes;Yes;0,319;Q2;6;12;29;674;34;29;1,25;56,17;72,73;0;Norway;Western Europe;"Scandinavian University Press";"2020-2025";"Law (Q2); Social Sciences (miscellaneous) (Q2); Sociology and Political Science (Q2); Education (Q3)";"Social Sciences"
425;11800154588;"Security and Human Rights";journal;"18747337, 18750230";"";No;No;0,319;Q2;13;1;20;32;17;19;0,33;32,00;50,00;0;Netherlands;Western Europe;"";"2008-2017, 2020-2025";"Law (Q2); Political Science and International Relations (Q2)";"Social Sciences"
426;21100935790;"Journal of Holocaust Research";journal;"25785656";"Taylor and Francis Inc.";No;No;0,318;Q2;8;15;77;1217;75;71;0,96;81,13;29,41;0;United States;Northern America;"Taylor and Francis Inc.";"2019-2026";"History (Q1); Law (Q2); Political Science and International Relations (Q2); Sociology and Political Science (Q2)";"Arts and Humanities; Social Sciences"
427;21101215212;"Jurisdictie: Jurnal Hukum dan Syariah";journal;"20867549, 25283383";"Maulana Malik Ibrahim State Islamic University of Malang";No;No;0,318;Q2;7;17;43;805;91;43;2,03;47,35;37,50;0;Indonesia;Asiatic Region;"Maulana Malik Ibrahim State Islamic University of Malang";"2020-2025";"Religious Studies (Q1); Law (Q2)";"Arts and Humanities; Social Sciences"
428;21101168863;"Malaysian Journal of Syariah and Law";journal;"19857454, 25904396";"Faculty of Syariah and Law, Islamic Science University of Malaysia (USIM)";Yes;No;0,318;Q2;8;47;109;2567;160;103;1,63;54,62;39,34;0;Malaysia;Asiatic Region;"Faculty of Syariah and Law, Islamic Science University of Malaysia (USIM)";"2019-2025";"Religious Studies (Q1); Law (Q2); Political Science and International Relations (Q2); Social Sciences (miscellaneous) (Q2)";"Arts and Humanities; Social Sciences"
429;21100902663;"Revista Brasileira de Direito Processual Penal";journal;"23593881, 2525510X";"Instituto Brasileiro de Direito Processual Penal";Yes;Yes;0,318;Q2;8;44;115;2046;61;115;0,63;46,50;34,88;0;Brazil;Latin America;"Instituto Brasileiro de Direito Processual Penal";"2018-2025";"Anthropology (Q2); Law (Q2); Sociology and Political Science (Q2); Psychiatry and Mental Health (Q3); Safety Research (Q3)";"Medicine; Social Sciences"
430;21100203315;"Anuario Iberoamericano de Justicia Constitucional";journal;"19895585, 11384824";"Centro de Estudios Politicos y Constitucionales";No;Yes;0,317;Q2;7;21;67;744;22;59;0,34;35,43;29,41;0;Spain;Western Europe;"Centro de Estudios Politicos y Constitucionales";"2011-2026";"Law (Q2)";"Social Sciences"
431;7200153135;"Forensische Psychiatrie, Psychologie, Kriminologie";journal;"18627072, 18627080";"";No;No;0,317;Q2;18;47;132;1567;93;109;0,84;33,34;50,56;0;Germany;Western Europe;"";"2007-2026";"Law (Q2); Applied Psychology (Q3); Psychiatry and Mental Health (Q3)";"Medicine; Psychology; Social Sciences"
432;21101087357;"University of Pennsylvania Journal of Constitutional Law";journal;"19428561, 15212823";"University of Pennsylvania Law School";No;No;0,317;Q2;6;16;98;1680;41;73;0,41;105,00;43,75;0;United States;Northern America;"University of Pennsylvania Law School";"2019-2025";"Law (Q2)";"Social Sciences"
433;21100788736;"Cambridge Yearbook of European Legal Studies";journal;"20497636, 15288870";"Cambridge University Press";No;No;0,316;Q2;23;0;39;0;38;37;0,58;0,00;0,00;0;United Kingdom;Western Europe;"Cambridge University Press";"1998, 2000, 2008-2010, 2012-2024, 2026";"Law (Q2)";"Social Sciences"
434;21100933893;"Family Court Review";journal;"15312445, 17441617";"John Wiley &amp; Sons Inc.";No;No;0,316;Q2;55;59;202;3998;155;166;0,79;67,76;65,85;0;United States;Northern America;"John Wiley &amp; Sons Inc.";"1977, 1996-2026";"Law (Q2)";"Social Sciences"
435;21101037295;"Studia Iuridica Lublinensia";journal;"17316375, 24498289";"Wydawnictwo Uniwersytetu Marii Curie-Sklodowskiej w Lublinie";Yes;Yes;0,316;Q2;12;76;242;3042;127;237;0,58;40,03;45,61;0;Poland;Eastern Europe;"Wydawnictwo Uniwersytetu Marii Curie-Sklodowskiej w Lublinie";"2019-2026";"Law (Q2); Public Administration (Q3)";"Social Sciences"
436;21100899527;"Australian Feminist Law Journal";journal;"22040064, 13200968";"Routledge";No;No;0,315;Q2;10;11;42;269;54;37;0,96;24,45;68,75;0;Australia;Pacific Region;"Routledge";"2018-2026";"Literature and Literary Theory (Q1); Gender Studies (Q2); Law (Q2); Sociology and Political Science (Q2); Psychology (miscellaneous) (Q3)";"Arts and Humanities; Psychology; Social Sciences"
437;5700168544;"Adoption and Fostering";journal;"1740469X, 03085759";"SAGE Publications Ltd";No;No;0,314;Q2;37;33;101;1359;81;69;0,68;41,18;76,39;0;United Kingdom;Western Europe;"SAGE Publications Ltd";"1996-2026";"Law (Q2); Sociology and Political Science (Q2); Health (social science) (Q3); Human Factors and Ergonomics (Q3); Social Psychology (Q3)";"Psychology; Social Sciences"
438;5700153969;"University of Toronto Law Journal";journal;"00420220, 17101174";"University of Toronto Press";No;No;0,314;Q2;27;28;68;2974;52;65;0,72;106,21;27,59;0;Canada;Northern America;"University of Toronto Press";"1974-1975, 1977, 1981, 1989, 1991-1993, 2008-2026";"Law (Q2); Sociology and Political Science (Q2)";"Social Sciences"
439;21499;"Environmental Policy and Law";journal;"0378777X";"SAGE Publications Ltd";No;No;0,312;Q2;18;29;105;2638;134;94;1,63;90,97;32,14;0;United Kingdom;Western Europe;"SAGE Publications Ltd";"1975-2026";"Law (Q2); Environmental Science (miscellaneous) (Q3); Management, Monitoring, Policy and Law (Q3)";"Environmental Science; Social Sciences"
440;21100395926;"Asian Journal of Law and Society";journal;"20529023, 20529015";"Cambridge University Press";No;No;0,309;Q2;20;40;71;2874;85;68;1,02;71,85;36,36;0;United Kingdom;Western Europe;"Cambridge University Press";"2014-2026";"Law (Q2); Sociology and Political Science (Q2)";"Social Sciences"
441;21100310006;"Boletin de la Asociacion Internacional de Derecho Cooperativo";journal;"1134993X, 23864893";"University of Deusto";Yes;Yes;0,309;Q2;9;16;52;791;47;52;1,00;49,44;52,63;0;Spain;Western Europe;"University of Deusto";"2013-2025";"Law (Q2)";"Social Sciences"
442;21100899296;"Innovative Marketing";journal;"18142427, 18166326";"LLC CPC Business Perspectives";Yes;No;0,309;Q2;28;95;246;4708;594;246;2,43;49,56;33,78;0;Ukraine;Eastern Europe;"LLC CPC Business Perspectives";"2005-2026";"Economics, Econometrics and Finance (miscellaneous) (Q2); Law (Q2); Management of Technology and Innovation (Q3); Marketing (Q3)";"Business, Management and Accounting; Economics, Econometrics and Finance; Social Sciences"
443;21101209979;"Journal of Law and Legal Reform";journal;"27150968, 27150941";"Universitas Negeri Semarang";Yes;Yes;0,309;Q2;7;63;99;3210;140;99;1,41;50,95;38,52;0;Indonesia;Asiatic Region;"Universitas Negeri Semarang";"2023-2026";"History (Q1); Law (Q2); Sociology and Political Science (Q2); Public Administration (Q3)";"Arts and Humanities; Social Sciences"
444;21100830426;"Journal of Criminological Research, Policy and Practice";journal;"2056385X, 20563841";"Emerald Group Publishing Ltd.";No;No;0,308;Q2;17;30;50;1806;64;48;1,45;60,20;58,02;0;United Kingdom;Western Europe;"Emerald Group Publishing Ltd.";"2015-2025";"Law (Q2); Sociology and Political Science (Q2); Health (social science) (Q3); Public Administration (Q3); Social Psychology (Q3)";"Psychology; Social Sciences"
445;21100253392;"Asian Journal of International Law";journal;"20442521, 20442513";"Cambridge University Press";No;No;0,307;Q2;19;22;50;3558;62;49;1,03;161,73;30,77;0;United Kingdom;Western Europe;"Cambridge University Press";"2011-2026";"Law (Q2)";"Social Sciences"
446;20357;"Journal of Criminal Law and Criminology";journal;"00914169";"Northwestern University";No;No;0,307;Q2;58;16;64;4154;44;58;0,56;259,63;44,44;0;United States;Northern America;"Northwestern University";"1973-1985, 1987, 1991, 1996-2026";"Law (Q2)";"Social Sciences"
447;21101169874;"Jurnal Hukum Unissula";journal;"14122723, 27236668";"Islamic University of Sultan Agung Faculty of Law";No;No;0,307;Q2;7;50;69;2693;103;69;1,49;53,86;29,79;0;Indonesia;Asiatic Region;"Islamic University of Sultan Agung Faculty of Law";"2019-2026";"Religious Studies (Q1); Law (Q2); Sociology and Political Science (Q2)";"Arts and Humanities; Social Sciences"
448;21101388871;"Law, Ethics and Technology";journal;"29593077, 29593085";"ELSP";No;No;0,307;Q2;3;9;12;554;24;11;2,00;61,56;57,14;0;Hong Kong;Asiatic Region;"ELSP";"2024-2026";"Arts and Humanities (miscellaneous) (Q2); Law (Q2); Artificial Intelligence (Q3); Biomedical Engineering (Q3); Computer Science (miscellaneous) (Q3); Management, Monitoring, Policy and Law (Q3); Nuclear Energy and Engineering (Q3)";"Arts and Humanities; Computer Science; Energy; Engineering; Environmental Science; Social Sciences"
449;21101266481;"Substantive Justice International Journal of Law";journal;"25990462";"Faculty of Law, Universitas Islam Indonesia";Yes;No;0,307;Q2;5;6;34;145;40;34;1,43;24,17;31,82;0;Indonesia;Asiatic Region;"Faculty of Law, Universitas Islam Indonesia";"2020-2025";"Law (Q2)";"Social Sciences"
450;21100975882;"Doxa. Cuadernos de Filosofia del Derecho";journal;"02148676, 23864702";"Universidad de Alicante";Yes;Yes;0,306;Q2;8;33;94;1318;44;92;0,49;39,94;25,00;0;Spain;Western Europe;"Universidad de Alicante";"2019-2025";"Philosophy (Q1); Law (Q2)";"Arts and Humanities; Social Sciences"
451;19600157915;"Journal of Applied Security Research";journal;"19361629, 19361610";"Routledge";No;No;0,306;Q2;23;27;101;1886;217;98;2,37;69,85;33,33;0;United Kingdom;Western Europe;"Routledge";"2008-2026";"Law (Q2); Education (Q3); Safety Research (Q3); Safety, Risk, Reliability and Quality (Q3)";"Engineering; Social Sciences"
452;19700170105;"Problems and Perspectives in Management";journal;"17277051, 18105467";"LLC CPC Business Perspectives";Yes;No;0,306;Q2;40;225;637;11352;1428;637;2,42;50,45;50,15;0;Ukraine;Eastern Europe;"LLC CPC Business Perspectives";"2003-2026";"Information Systems and Management (Q2); Law (Q2); Social Sciences (miscellaneous) (Q2); Sociology and Political Science (Q2); Business and International Management (Q3); Business, Management and Accounting (miscellaneous) (Q3); Public Administration (Q3); Strategy and Management (Q3)";"Business, Management and Accounting; Decision Sciences; Social Sciences"
453;19700174682;"Safer Communities";journal;"17578043";"Emerald Publishing";No;No;0,305;Q2;19;36;73;2193;115;69;1,61;60,92;44,30;0;United Kingdom;Western Europe;"Emerald Publishing";"2002-2025";"Law (Q2); Community and Home Care (Q3); Public Health, Environmental and Occupational Health (Q3); Safety Research (Q3)";"Medicine; Nursing; Social Sciences"
454;21101314569;"Journal of Law, Environmental and Justice";journal;"30317215, 30317045";"lus et Ambientis";No;No;0,304;Q2;8;21;30;1444;106;30;3,53;68,76;22,00;0;Indonesia;Asiatic Region;"lus et Ambientis";"2023-2025";"Law (Q2); Development (Q3); Ecology (Q3); Management, Monitoring, Policy and Law (Q3)";"Environmental Science; Social Sciences"
455;21101088438;"Padjadjaran Jurnal Ilmu Hukum";journal;"24601543, 24429325";"Padjadjaran University";Yes;No;0,304;Q2;9;7;63;417;78;63;1,19;59,57;46,15;0;Indonesia;Asiatic Region;"Padjadjaran University";"2019-2025";"Law (Q2)";"Social Sciences"
456;21100892908;"PSL Quarterly Review";journal;"20373643, 20373635";"Economia Civile";Yes;Yes;0,304;Q2;11;21;64;1120;64;64;0,96;53,33;13,51;1;Italy;Western Europe;"Economia Civile";"2018-2025";"Law (Q2); Business, Management and Accounting (miscellaneous) (Q3); Economics and Econometrics (Q3)";"Business, Management and Accounting; Economics, Econometrics and Finance; Social Sciences"
457;25650;"Columbia Journal of Transnational Law";journal;"00101931";"Columbia Law Review Association";No;No;0,303;Q2;41;14;40;3829;35;40;0,80;273,50;72,22;0;United States;Northern America;"Columbia Law Review Association";"1996-2025";"Law (Q2); Political Science and International Relations (Q2)";"Social Sciences"
458;21101220946;"Osgoode Hall Law Journal";journal;"28175069";"York University Osgoode Hall Law School";Yes;Yes;0,303;Q2;29;15;51;646;38;50;0,58;43,07;23,81;0;Canada;Northern America;"York University Osgoode Hall Law School";"1996-2025";"Law (Q2)";"Social Sciences"
459;21101164609;"European Labour Law Journal";journal;"23995556, 20319525";"SAGE Publications Ltd";No;No;0,301;Q2;16;46;142;1389;224;99;1,22;30,20;57,41;2;United Kingdom;Western Europe;"SAGE Publications Ltd";"2010-2026";"Law (Q2); Sociology and Political Science (Q2)";"Social Sciences"
460;19700187808;"Journal of Medical Ethics and History of Medicine";journal;"20080387";"Tehran University of Medical Sciences";Yes;No;0,301;Q2;28;20;54;673;70;46;1,18;33,65;44,44;0;Iran;Middle East;"Tehran University of Medical Sciences";"2008-2025";"History (Q1); Law (Q2); Computer Science (miscellaneous) (Q3)";"Arts and Humanities; Computer Science; Social Sciences"
461;145657;"Conflict Resolution Quarterly";journal;"15365581, 15411508";"Wiley-Liss Inc.";No;No;0,300;Q2;29;61;101;2943;155;85;1,58;48,25;49,49;0;United States;Northern America;"Wiley-Liss Inc.";"2002, 2005-2026";"Law (Q2); Psychology (miscellaneous) (Q3)";"Psychology; Social Sciences"
462;21101254987;"Jurnal Ilmiah Al-Syir'ah";journal;"16934202, 25280368";"";No;No;0,296;Q2;7;20;56;1069;63;56;1,25;53,45;24,14;0;Indonesia;Asiatic Region;"";"2020-2025";"Cultural Studies (Q1); Religious Studies (Q1); Law (Q2); Social Sciences (miscellaneous) (Q2)";"Arts and Humanities; Social Sciences"
463;5700163881;"Contemporary Justice Review: Issues in Criminal, Social, and Restorative Justice";journal;"10282580, 14772248";"Routledge";No;No;0,295;Q2;26;29;59;1815;65;56;1,32;62,59;46,67;0;United Kingdom;Western Europe;"Routledge";"2008-2026";"Law (Q2)";"Social Sciences"
464;20600195510;"Journal of Aggression, Conflict and Peace Research";journal;"20428715, 17596599";"Emerald Group Publishing Ltd.";No;No;0,295;Q2;26;25;92;1288;120;86;1,29;51,52;58,00;0;United Kingdom;Western Europe;"Emerald Group Publishing Ltd.";"2009-2026";"Law (Q2); Sociology and Political Science (Q2); Health (social science) (Q3); Social Psychology (Q4)";"Psychology; Social Sciences"
465;21100370222;"Griffith Law Review";journal;"18394205, 10383441";"Taylor and Francis Ltd.";No;No;0,294;Q2;26;24;69;1254;98;66;1,48;52,25;55,17;0;United Kingdom;Western Europe;"Taylor and Francis Ltd.";"2003-2006, 2008-2026";"Law (Q2)";"Social Sciences"
466;21101288927;"Journal of Sustainable Development and Regulatory Issues";journal;"29878071, 29878063";"Lembaga Contrarius Indonesia";No;No;0,293;Q2;8;28;32;1998;74;32;2,31;71,36;30,61;0;Indonesia;Asiatic Region;"Lembaga Contrarius Indonesia";"2023-2026";"Law (Q2); Medicine (miscellaneous) (Q3)";"Medicine; Social Sciences"
467;21100255350;"Journal of Forensic Practice";journal;"20508808, 20508794";"Emerald Publishing";No;No;0,292;Q2;25;52;82;2648;85;82;0,76;50,92;68,33;0;United Kingdom;Western Europe;"Emerald Publishing";"2013-2026";"Law (Q2); Applied Psychology (Q3); Pathology and Forensic Medicine (Q3); Psychiatry and Mental Health (Q3)";"Medicine; Psychology; Social Sciences"
468;12100157016;"International Journal of Law, Crime and Justice";journal;"17560616";"Academic Press";No;No;0,290;Q2;40;72;109;4832;290;109;2,62;67,11;53,61;0;United States;Northern America;"Academic Press";"2008-2026";"Law (Q2); Political Science and International Relations (Q2); Sociology and Political Science (Q3)";"Social Sciences"
469;21100857559;"BRICS Law Journal";journal;"24122343, 24099058";"University of Tyumen";Yes;Yes;0,288;Q2;10;21;88;389;59;85;0,71;18,52;45,00;0;Russian Federation;Eastern Europe;"University of Tyumen";"2017-2025";"Law (Q2)";"Social Sciences"
470;21101154816;"Cuadernos de Derecho Local";journal;"16960955";"Fundacion Democracia y Gobierno Local";No;No;0,288;Q2;5;40;114;1180;29;94;0,28;29,50;38,10;0;Spain;Western Europe;"Fundacion Democracia y Gobierno Local";"2019-2025";"Law (Q2); Public Administration (Q3)";"Social Sciences"
471;21100856607;"Diritto Pubblico Comparato ed Europeo";journal;"17204313, 26122219";"Societa Editrice Il Mulino";No;No;0,288;Q2;6;18;119;1253;28;109;0,25;69,61;35,00;0;Italy;Western Europe;"Societa Editrice Il Mulino";"2017-2025";"Law (Q2)";"Social Sciences"
472;4700152718;"Adoption Quarterly";journal;"10926755, 1544452X";"Routledge";No;No;0,286;Q2;40;48;59;2888;65;58;1,14;60,17;77,04;1;United States;Northern America;"Routledge";"1997-2026";"Demography (Q2); Law (Q2); Sociology and Political Science (Q3)";"Social Sciences"
473;21101016919;"Onati Socio-Legal Series";journal;"20795971";"Onati International Institute for the Sociology of Law";Yes;Yes;0,285;Q2;13;82;264;4604;153;244;0,56;56,15;48,19;0;Spain;Western Europe;"Onati International Institute for the Sociology of Law";"2019-2026";"Law (Q2); Social Sciences (miscellaneous) (Q2)";"Social Sciences"
474;19400157238;"Texto e Contexto Enfermagem";journal;"01040707, 1980265X";"Universidade Federal de Santa Catarina";Yes;No;0,285;Q2;31;74;365;2369;288;353;0,69;32,01;84,35;0;Brazil;Latin America;"Universidade Federal de Santa Catarina";"2009-2025";"Advanced and Specialized Nursing (Q2); Law (Q2); Maternity and Midwifery (Q2); Community and Home Care (Q3); Nursing (miscellaneous) (Q3)";"Nursing; Social Sciences"
475;21101090090;"InDret";journal;"1698739X";"Universidad Pompeu Fabra";Yes;Yes;0,284;Q2;7;57;177;4037;60;158;0,36;70,82;48,00;0;Spain;Western Europe;"Universidad Pompeu Fabra";"2019-2025";"Law (Q2)";"Social Sciences"
476;147218;"Journal of Conflict and Security Law";journal;"14677962, 14677954";"Oxford University Press";No;No;0,284;Q2;34;18;55;2904;71;53;1,18;161,33;21,05;1;United Kingdom;Western Europe;"Oxford University Press";"2005-2025";"Law (Q2); Safety Research (Q3); Safety, Risk, Reliability and Quality (Q3)";"Engineering; Social Sciences"
477;21100346214;"Yearbook of International Humanitarian Law";journal;"1574096X, 13891359";"Springer Nature";No;No;0,284;Q2;21;6;18;797;10;15;0,20;132,83;33,33;0;United Kingdom;Western Europe;"Springer Nature";"1998-2013, 2015-2016, 2018-2025";"Law (Q2)";"Social Sciences"
478;21100407655;"Banks and Bank Systems";journal;"19917074, 18167403";"LLC CPC Business Perspectives";Yes;No;0,283;Q2;27;84;225;3891;565;225;2,47;46,32;47,51;0;Ukraine;Eastern Europe;"LLC CPC Business Perspectives";"2006-2026";"Law (Q2); Business, Management and Accounting (miscellaneous) (Q3); Economics, Econometrics and Finance (miscellaneous) (Q3); Finance (Q3); Management of Technology and Innovation (Q3); Marketing (Q3); Organizational Behavior and Human Resource Management (Q3)";"Business, Management and Accounting; Economics, Econometrics and Finance; Social Sciences"
479;21101036615;"Relacoes Internacionais no Mundo Atual";journal;"23162880";"Centro Universitario Curitiba - UNICURITIBA";No;No;0,283;Q2;9;48;436;1468;179;435;0,47;30,58;52,38;0;Brazil;Latin America;"Centro Universitario Curitiba - UNICURITIBA";"2019-2026";"Law (Q2); Political Science and International Relations (Q2); Public Administration (Q3); Sociology and Political Science (Q3)";"Social Sciences"
480;21100923617;"Revista Pedagogia Universitaria y Didactica del Derecho";journal;"07195885";"Universidad de Chile";Yes;Yes;0,283;Q2;9;17;95;539;44;93;0,42;31,71;53,33;0;Chile;Latin America;"Universidad de Chile";"2019-2025";"Law (Q2); Education (Q3)";"Social Sciences"
481;24834;"Journal of Value Inquiry";journal;"15730492, 00225363";"Springer Netherlands";No;No;0,281;Q2;25;66;145;2335;112;144;0,60;35,38;17,57;0;Netherlands;Western Europe;"Springer Netherlands";"1967-2026";"Law (Q2); Philosophy (Q2); Social Sciences (miscellaneous) (Q2)";"Arts and Humanities; Social Sciences"
482;21101147603;"Mazahib Jurnal Pemikiran Hukum Islam";journal;"18299067, 24606588";"Faculty of Sharia, Sultan Aji Muhammad Idris State Islamic University";Yes;Yes;0,281;Q2;7;19;45;1129;71;45;1,62;59,42;21,15;0;Indonesia;Asiatic Region;"Faculty of Sharia, Sultan Aji Muhammad Idris State Islamic University";"2019-2025";"Religious Studies (Q1); Law (Q2); Political Science and International Relations (Q3)";"Arts and Humanities; Social Sciences"
483;21100944126;"European State Aid Law Quarterly";journal;"16195272, 21908184";"Lexxion Verlagsgesellschaft mbH";No;No;0,280;Q2;6;62;181;452;34;108;0,20;7,29;44,19;0;Germany;Western Europe;"Lexxion Verlagsgesellschaft mbH";"2019-2025";"Law (Q2); Development (Q3); Public Administration (Q3)";"Social Sciences"
484;21101021175;"Lex Portus";journal;"2617541X, 2524101X";"National University Odessa Law Academy";Yes;Yes;0,280;Q2;9;17;49;822;85;48;2,06;48,35;29,17;0;Ukraine;Eastern Europe;"National University Odessa Law Academy";"2019-2025";"Law (Q2); Management, Monitoring, Policy and Law (Q3); Political Science and International Relations (Q3); Transportation (Q4)";"Environmental Science; Social Sciences"
485;21100872124;"Journal of Property, Planning and Environmental Law";journal;"25149415, 25149407";"Emerald Publishing";No;No;0,279;Q2;18;23;33;1288;37;31;1,07;56,00;41,67;0;United Kingdom;Western Europe;"Emerald Publishing";"2018-2026";"Law (Q2); Urban Studies (Q2); Management, Monitoring, Policy and Law (Q3)";"Environmental Science; Social Sciences"
486;21101291267;"Nurani";journal;"16938437, 24609102";"Fakultas Syariah dan Hukum, Universitas Islam Negeri Raden Fatah";Yes;No;0,279;Q2;6;40;88;2067;101;88;1,40;51,68;35,56;0;Indonesia;Asiatic Region;"Fakultas Syariah dan Hukum, Universitas Islam Negeri Raden Fatah";"2021-2025";"Religious Studies (Q1); Law (Q2); Social Sciences (miscellaneous) (Q2)";"Arts and Humanities; Social Sciences"
487;19231;"Oxford Journal of Legal Studies";journal;"14643820, 01436503";"Oxford University Press";No;No;0,279;Q2;46;37;125;5772;264;125;1,88;156,00;42,86;5;United Kingdom;Western Europe;"Oxford University Press";"1981-1996, 1998, 2000-2001, 2005-2025";"Law (Q2)";"Social Sciences"
488;5700164027;"International Criminal Law Review";journal;"15718123, 1567536X";"Brill Nijhoff";No;No;0,278;Q2;29;41;75;6094;46;71;0,55;148,63;50,88;0;Netherlands;Western Europe;"Brill Nijhoff";"2001-2026";"Law (Q2); Political Science and International Relations (Q3); Sociology and Political Science (Q3)";"Social Sciences"
489;16149;"Medical Law International";journal;"20479441, 09685332";"SAGE Publications Inc.";No;No;0,278;Q2;16;18;46;1068;86;29;2,19;59,33;53,13;0;United Kingdom;Western Europe;"SAGE Publications Inc.";"1993-2026";"Law (Q2); Medicine (miscellaneous) (Q3)";"Medicine; Social Sciences"
490;21101303677;"Revista Espanola de Derecho Internacional";journal;"23871253, 00349380";"Tirant lo Blanch";No;No;0,278;Q2;4;37;105;1455;51;57;0,34;39,32;40,74;0;Spain;Western Europe;"Tirant lo Blanch";"2021-2025";"Law (Q2)";"Social Sciences"
491;21101209161;"Sexual Offending: Theory, Research, and Prevention";journal;"26998440";"PsychOpen";Yes;Yes;0,278;Q2;8;11;23;593;27;23;0,27;53,91;67,74;0;Germany;Western Europe;"PsychOpen";"2020-2026";"Law (Q2); Clinical Psychology (Q3); Psychiatry and Mental Health (Q3); Applied Psychology (Q4)";"Medicine; Psychology; Social Sciences"
492;21100423127;"Stability";journal;"21652627";"Department of Peace Studies and International Development, University of Bradford";Yes;No;0,278;Q2;27;2;6;126;10;6;2,00;63,00;75,00;0;United Kingdom;Western Europe;"Department of Peace Studies and International Development, University of Bradford";"2012-2020, 2022-2023, 2025";"Law (Q2); Political Science and International Relations (Q3)";"Social Sciences"
493;21100865930;"Air and Space Law";journal;"09273379, 18758339";"Kluwer Law International";No;No;0,277;Q2;10;51;114;2950;83;113;0,74;57,84;50,00;1;Netherlands;Western Europe;"Kluwer Law International";"2018-2026";"Law (Q2)";"Social Sciences"
494;21101302101;"Anuario Espanol de derecho Internacional";journal;"21733775, 2254660X";"Servicio de Publicaciones de la Universidad de Navarra";No;No;0,276;Q2;4;15;42;635;23;40;0,48;42,33;53,33;0;Spain;Western Europe;"Servicio de Publicaciones de la Universidad de Navarra";"2021-2025";"Law (Q2); Development (Q3); Management, Monitoring, Policy and Law (Q3); Political Science and International Relations (Q3)";"Environmental Science; Social Sciences"
495;21100977380;"Cambridge International Law Journal";journal;"23989173, 23989181";"Edward Elgar Publishing Ltd.";No;No;0,275;Q2;18;19;51;1486;33;44;0,78;78,21;50,00;0;United Kingdom;Western Europe;"Edward Elgar Publishing Ltd.";"2012-2025";"Law (Q2)";"Social Sciences"
496;21101064914;"Chinese Journal of Environmental Law";journal;"24686042, 24686034";"Brill Academic Publishers";No;No;0,274;Q2;11;14;52;1292;32;45;0,46;92,29;58,82;0;Netherlands;Western Europe;"Brill Academic Publishers";"2017-2025";"Law (Q2); Management, Monitoring, Policy and Law (Q3)";"Environmental Science; Social Sciences"
497;21101123257;"Studia z Prawa Wyznaniowego";journal;"20818882, 25443003";"The John Paul II Catholic University of Lublin";Yes;Yes;0,274;Q2;4;24;69;884;26;68;0,45;36,83;33,33;0;Poland;Eastern Europe;"The John Paul II Catholic University of Lublin";"2019-2025";"Religious Studies (Q1); Law (Q2)";"Arts and Humanities; Social Sciences"
498;21101182773;"Economics and Culture";journal;"22557563, 22560173";"Sciendo";Yes;Yes;0,273;Q2;7;22;65;1018;106;65;1,91;46,27;52,08;0;Germany;Western Europe;"Sciendo";"2022-2025";"Law (Q2); Social Sciences (miscellaneous) (Q2); Business, Management and Accounting (miscellaneous) (Q3); Demography (Q3); Economics, Econometrics and Finance (miscellaneous) (Q3); Sociology and Political Science (Q3)";"Business, Management and Accounting; Economics, Econometrics and Finance; Social Sciences"
499;25817;"Journal of Divorce and Remarriage";journal;"10502556, 15404811";"Routledge";No;No;0,273;Q2;41;0;43;0;59;42;1,00;0,00;0,00;0;United States;Northern America;"Routledge";"1990-2023";"Law (Q2); Demography (Q3)";"Social Sciences"
500;21100200414;"Legal Studies";journal;"1748121X, 02613875";"Wiley-Blackwell";No;No;0,273;Q2;37;39;120;4724;176;119;1,18;121,13;55,56;3;United States;Northern America;"Wiley-Blackwell";"1981-2026";"Law (Q2)";"Social Sciences"
501;18200156703;"Journal of International Trade Law and Policy";journal;"14770024";"Emerald Group Publishing Ltd.";No;No;0,272;Q2;15;23;37;1241;41;36;0,92;53,96;26,92;0;United Kingdom;Western Europe;"Emerald Group Publishing Ltd.";"2002-2026";"Law (Q2); Economics, Econometrics and Finance (miscellaneous) (Q3); Industrial Relations (Q3); Political Science and International Relations (Q3)";"Business, Management and Accounting; Economics, Econometrics and Finance; Social Sciences"
502;5700154184;"Legal Theory";journal;"13523252, 14698048";"Cambridge University Press";No;No;0,272;Q2;41;15;39;1120;49;36;0,77;74,67;21,05;0;United Kingdom;Western Europe;"Cambridge University Press";"1995-2025";"Law (Q2); Philosophy (Q2)";"Arts and Humanities; Social Sciences"
503;21100942928;"Revista de Internet, Derecho y Politica";journal;"16998154";"Universitat Oberta de Catalunya";Yes;Yes;0,272;Q2;8;21;59;789;46;57;0,80;37,57;26,92;0;Spain;Western Europe;"Universitat Oberta de Catalunya";"2019-2026";"Law (Q2); Computer Science (miscellaneous) (Q3); Sociology and Political Science (Q3)";"Computer Science; Social Sciences"
504;21101062822;"Revista Juridica Portucalense";journal;"21835705, 21835799";"Universidade Portucalense";Yes;Yes;0,272;Q2;6;56;174;1923;116;166;0,72;34,34;48,74;0;Portugal;Western Europe;"Universidade Portucalense";"2019-2026";"Law (Q2); Political Science and International Relations (Q3); Sociology and Political Science (Q3)";"Social Sciences"
505;21100868866;"African Journal of International and Comparative Law";journal;"09548890, 17551609";"Edinburgh University Press";No;No;0,271;Q2;15;32;92;1672;45;88;0,31;52,25;36,36;0;United Kingdom;Western Europe;"Edinburgh University Press";"2005-2025";"Law (Q2)";"Social Sciences"
506;21100926573;"Derecho PUCP";journal;"23052546, 02513420";"Pontificia Universidad Catolica del Peru";Yes;Yes;0,271;Q2;7;18;65;1542;48;65;0,63;85,67;18,18;0;Peru;Latin America;"Pontificia Universidad Catolica del Peru";"2019-2025";"Law (Q2)";"Social Sciences"
507;145712;"Statute Law Review";journal;"14643863, 01443593";"Oxford University Press";No;No;0,271;Q2;16;39;114;2898;80;112;0,78;74,31;34,09;0;United Kingdom;Western Europe;"Oxford University Press";"1980-2026";"Law (Q2)";"Social Sciences"
508;24010;"Constitutional Political Economy";journal;"15729966, 10434062";"Springer New York";No;No;0,270;Q2;36;50;87;2798;98;86;1,08;55,96;21,52;2;United States;Northern America;"Springer New York";"1990-2026";"Law (Q2); Philosophy (Q2); Economics and Econometrics (Q3); Sociology and Political Science (Q3)";"Arts and Humanities; Economics, Econometrics and Finance; Social Sciences"
509;21100837350;"Domes : Digest of Middle East Studies";journal;"10604367, 19493606";"John Wiley and Sons Inc";No;No;0,270;Q2;18;14;76;861;88;62;1,32;61,50;53,33;0;United States;Northern America;"John Wiley and Sons Inc";"1992-2026";"Cultural Studies (Q1); History (Q1); Religious Studies (Q1); Law (Q2); Political Science and International Relations (Q3); Sociology and Political Science (Q3)";"Arts and Humanities; Social Sciences"
510;21101193864;"CIRIEC-Espana, Revista Juridica de Economia Social y Cooperativa";journal;"19897332, 15774430";"CIRIEC";No;Yes;0,269;Q2;7;25;90;786;43;82;0,39;31,44;37,50;0;Spain;Western Europe;"CIRIEC";"2019-2025";"Law (Q2)";"Social Sciences"
511;21101119721;"Federalismi.it";journal;"18263534";"Societa Editoriale Federalismi s.r.l.";No;No;0,269;Q2;5;314;912;9991;115;836;0,14;31,82;52,16;0;Italy;Western Europe;"Societa Editoriale Federalismi s.r.l.";"2019-2020, 2022-2026";"Law (Q2)";"Social Sciences"
512;19700182325;"Investment Management and Financial Innovations";journal;"18104967, 18129358";"LLC CPC Business Perspectives";Yes;No;0,269;Q2;33;140;364;6674;699;364;1,95;47,67;35,44;0;Ukraine;Eastern Europe;"LLC CPC Business Perspectives";"2004-2026";"Law (Q2); Accounting (Q3); Business and International Management (Q3); Economics and Econometrics (Q3); Finance (Q3); Strategy and Management (Q3)";"Business, Management and Accounting; Economics, Econometrics and Finance; Social Sciences"
513;21101042128;"Juridical Tribune";journal;"22477195, 22480382";"Bucharest University of Economic Studies";Yes;Yes;0,269;Q2;12;0;67;0;95;67;1,51;0,00;0,00;0;Romania;Eastern Europe;"Bucharest University of Economic Studies";"2019-2023";"Law (Q2); Education (Q3); Political Science and International Relations (Q3); Public Administration (Q3)";"Social Sciences"
514;21101064911;"Ocean Yearbook Online";journal;"22116001";"Brill Academic Publishers";No;No;0,268;Q2;13;22;74;2501;42;74;0,60;113,68;48,72;0;Netherlands;Western Europe;"Brill Academic Publishers";"2011-2025";"Law (Q2)";"Social Sciences"
515;21101218122;"Arbitration";journal;"00037877, 25142356";"Wolters Kluwer Legal &amp; Regulatory - International Group";No;No;0,267;Q2;4;27;95;736;28;82;0,28;27,26;36,84;0;Netherlands;Western Europe;"Wolters Kluwer Legal &amp; Regulatory - International Group";"2020-2026";"Law (Q2)";"Social Sciences"
516;21101266016;"Jurnal Hukum Islam";journal;"25027719, 18297382";"Faculty of Sharia, Universitas Islam Negeri K.H. Abdurrahman Wahid Pekalongan";Yes;No;0,266;Q2;4;20;46;1187;45;46;1,16;59,35;24,19;0;Indonesia;Asiatic Region;"Faculty of Sharia, Universitas Islam Negeri K.H. Abdurrahman Wahid Pekalongan";"2020-2025";"Religious Studies (Q1); Law (Q2); Sociology and Political Science (Q3)";"Arts and Humanities; Social Sciences"
517;21101240974;"Legal Education Review";journal;"18393713, 10332839";"Australasian Law Academics Association";Yes;Yes;0,266;Q2;3;8;29;208;29;27;1,05;26,00;62,50;0;Australia;Pacific Region;"Australasian Law Academics Association";"2020-2025";"Law (Q2)";"Social Sciences"
518;21101042004;"Prawo i Wiez";journal;"27193594, 2299405X";"Spoldzielczy Instytut Naukowy";No;No;0,266;Q2;6;227;404;6212;149;401;0,38;27,37;40,93;0;Poland;Eastern Europe;"Spoldzielczy Instytut Naukowy";"2019-2026";"Law (Q2)";"Social Sciences"
519;21100936587;"Revista de Derecho Administrativo Economico";journal;"07174888, 07195591";"Pontifica Universidad Catolica de Chile, Programa de Derecho Administrativo Economico";Yes;No;0,266;Q2;5;73;116;2354;26;113;0,22;32,25;25,86;0;Chile;Latin America;"Pontifica Universidad Catolica de Chile, Programa de Derecho Administrativo Economico";"2019-2025";"Law (Q2); Public Administration (Q3)";"Social Sciences"
520;21100803316;"Valori e Valutazioni";journal;"20362404";"Societa Italiana di Estimo e Valutazione (SIEV)";Yes;No;0,266;Q2;17;34;67;1515;77;60;1,16;44,56;54,55;0;Italy;Western Europe;"Societa Italiana di Estimo e Valutazione (SIEV)";"2016-2025";"Law (Q2); Decision Sciences (miscellaneous) (Q3); Finance (Q3); Strategy and Management (Q3)";"Business, Management and Accounting; Decision Sciences; Economics, Econometrics and Finance; Social Sciences"
521;19700202605;"Law and Ethics of Human Rights";journal;"19382545, 21946531";"Walter de Gruyter GmbH";No;No;0,265;Q2;18;9;30;869;29;30;0,50;96,56;27,27;0;Germany;Western Europe;"Walter de Gruyter GmbH";"2010-2025";"Law (Q2); Sociology and Political Science (Q3)";"Social Sciences"
522;21101027250;"Revista Chilena de Derecho Privado";journal;"07180233, 07188072";"Universidad Diego Portales";Yes;Yes;0,264;Q2;5;28;62;1922;19;62;0,24;68,64;37,04;0;Chile;Latin America;"Universidad Diego Portales";"2019-2025";"Law (Q2)";"Social Sciences"
523;21100224008;"Croatian Yearbook of European Law and Policy";journal;"18455662, 18489958";"Faculty Of Law, University Of Zagreb";Yes;Yes;0,263;Q2;9;7;33;839;31;27;1,00;119,86;42,86;0;Croatia;Eastern Europe;"Faculty Of Law, University Of Zagreb";"2012-2025";"Law (Q2)";"Social Sciences"
524;21100283726;"Forensic Science Review";journal;"10427201";"Central Police University Press";No;No;0,263;Q2;21;5;29;176;33;17;0,57;35,20;25,00;0;Taiwan;Asiatic Region;"Central Police University Press";"2012, 2014-2025";"Law (Q2); Medicine (miscellaneous) (Q3)";"Medicine; Social Sciences"
525;14298;"Harvard Environmental Law Review";journal;"01478257";"Harvard University Law School";No;No;0,262;Q2;35;10;29;4090;32;27;1,35;409,00;27,27;0;United States;Northern America;"Harvard University Law School";"1979-1983, 1987, 1989, 1996-2025";"Law (Q2); Environmental Science (miscellaneous) (Q3); Management, Monitoring, Policy and Law (Q3)";"Environmental Science; Social Sciences"
526;21100922612;"Uniform Law Review";journal;"11243694, 20509065";"Oxford University Press";No;No;0,262;Q2;17;29;93;2671;59;93;0,81;92,10;35,71;0;United States;Northern America;"Oxford University Press";"1996-2004, 2006-2025";"Law (Q2)";"Social Sciences"
527;5700160560;"Islamic Law and Society";journal;"15685195, 09289380";"Brill Academic Publishers";No;No;0,261;Q2;39;17;28;2241;20;28;0,22;131,82;13,33;0;Netherlands;Western Europe;"Brill Academic Publishers";"1994-2026";"Law (Q2); Sociology and Political Science (Q3)";"Social Sciences"
528;21100820624;"Oxford Journal of Law and Religion";journal;"20470770, 20470789";"Oxford University Press";No;No;0,261;Q2;19;8;58;984;64;54;1,04;123,00;54,55;0;United Kingdom;Western Europe;"Oxford University Press";"2012-2025";"Religious Studies (Q1); Law (Q2)";"Arts and Humanities; Social Sciences"
529;21101277889;"Al-Ahkam: Jurnal Ilmu Syari'ah dan Hukum";journal;"25278169, 25278150";"Sharia Faculty, Universitas Islam Negeri Raden Mas Said Surakarta";Yes;Yes;0,260;Q2;4;10;36;561;28;36;0,78;56,10;26,67;0;Indonesia;Asiatic Region;"Sharia Faculty, Universitas Islam Negeri Raden Mas Said Surakarta";"2020-2026";"Religious Studies (Q1); Law (Q2)";"Arts and Humanities; Social Sciences"
530;21101301814;"Business Ethics and Leadership";journal;"25206311, 25206761";"Academic Research and Publishing UG";Yes;No;0,260;Q2;14;76;156;3740;345;156;2,50;49,21;47,83;0;Germany;Western Europe;"Academic Research and Publishing UG";"2019-2025";"Gender Studies (Q2); Law (Q2); Business, Management and Accounting (miscellaneous) (Q3); Decision Sciences (miscellaneous) (Q3); Issues, Ethics and Legal Aspects (Q3); Organizational Behavior and Human Resource Management (Q3); Social Sciences (miscellaneous) (Q3); Sociology and Political Science (Q3)";"Business, Management and Accounting; Decision Sciences; Nursing; Social Sciences"
531;21100862232;"Intersections East European Journal of Society and Politics";journal;"2416089X";"Centre for Social Sciences Hungarian Academy of Sciences";Yes;No;0,259;Q2;19;29;128;1244;100;128;0,64;42,90;42,86;0;Hungary;Eastern Europe;"Centre for Social Sciences Hungarian Academy of Sciences";"2015-2025";"Law (Q2); Sociology and Political Science (Q3)";"Social Sciences"
532;21600;"Studies in East European Thought";journal;"15730948, 09259392";"Springer Netherlands";No;No;0,259;Q2;14;134;150;5681;61;131;0,34;42,40;32,56;0;Netherlands;Western Europe;"Springer Netherlands";"1993-2026";"Cultural Studies (Q1); Literature and Literary Theory (Q1); Law (Q2); Philosophy (Q2); Social Sciences (miscellaneous) (Q3)";"Arts and Humanities; Social Sciences"
533;21101098021;"New Journal of European Criminal Law";journal;"2399293X, 20322844";"SAGE Publications Inc.";No;No;0,258;Q2;17;25;87;1750;122;67;1,33;70,00;41,67;1;United States;Northern America;"SAGE Publications Inc.";"2009-2026";"Law (Q2)";"Social Sciences"
534;19700171309;"Studies in Social Justice";journal;"19114788";"Social Justice Research Institute";Yes;Yes;0,257;Q2;26;38;136;1833;144;131;0,47;48,24;71,23;0;Canada;Northern America;"Social Justice Research Institute";"2009-2025";"Gender Studies (Q2); Law (Q2); Sociology and Political Science (Q3)";"Social Sciences"
535;19700175179;"Estudios Constitucionales";journal;"07185200, 07180195";"Universidad de Talca";Yes;Yes;0,256;Q2;18;0;104;0;54;96;0,46;0,00;0,00;0;Chile;Latin America;"Universidad de Talca";"2009-2024";"Law (Q2); Sociology and Political Science (Q3)";"Social Sciences"
536;21100365076;"University of Pennsylvania Journal of International Law";journal;"19380283";"University of Pennsylvania Law School";No;No;0,255;Q2;33;0;65;0;46;65;0,66;0,00;0,00;0;United States;Northern America;"University of Pennsylvania Law School";"2014-2024";"Law (Q2); Economics, Econometrics and Finance (miscellaneous) (Q3)";"Economics, Econometrics and Finance; Social Sciences"
537;28955;"Justice System Journal";journal;"0098261X, 23277556";"Taylor and Francis Ltd.";No;No;0,254;Q2;27;0;43;0;31;35;0,00;0,00;0,00;0;United Kingdom;Western Europe;"Taylor and Francis Ltd.";"1988, 1990-1991, 1993-2022";"Law (Q2)";"Social Sciences"
538;21101091735;"European Review of Contract Law";journal;"16149939, 16149920";"Walter de Gruyter GmbH";No;No;0,253;Q2;23;19;44;1925;40;42;0,81;101,32;38,10;0;Germany;Western Europe;"Walter de Gruyter GmbH";"2005-2025";"Law (Q2)";"Social Sciences"
539;21674;"University of New South Wales Law Journal";journal;"18392881, 03130096";"University of New South Wales Law Journal";No;No;0,253;Q2;16;45;143;1166;143;126;1,04;25,91;56,34;0;Australia;Pacific Region;"University of New South Wales Law Journal";"1983, 1991, 1994, 2001-2003, 2018-2025";"Law (Q2); Philosophy (Q2); Sociology and Political Science (Q3)";"Arts and Humanities; Social Sciences"
540;21101034030;"Cuadernos de Derecho Transnacional";journal;"19894570";"Universidad Carlos III de Madrid";No;Yes;0,252;Q2;8;111;377;7183;94;376;0,24;64,71;40,26;2;Spain;Western Europe;"Universidad Carlos III de Madrid";"2019-2025";"Law (Q2)";"Social Sciences"
541;21100824449;"Norteamerica";journal;"18703550, 24487228";"Universidad Nacional Autonoma de Mexico";Yes;Yes;0,252;Q2;8;32;78;1245;33;78;0,31;38,91;19,35;0;Mexico;Latin America;"Universidad Nacional Autonoma de Mexico";"2010-2011, 2016-2026";"Cultural Studies (Q1); Law (Q2); Demography (Q3); Economics, Econometrics and Finance (miscellaneous) (Q3); Political Science and International Relations (Q3); Sociology and Political Science (Q3)";"Economics, Econometrics and Finance; Social Sciences"
542;21101021456;"Revista de Pensamiento Estrategico y Seguridad CISDE";journal;"25298763";"United Academic Journals (UA Journals)";No;No;0,252;Q2;6;12;36;692;23;34;0,54;57,67;6,67;0;Spain;Western Europe;"United Academic Journals (UA Journals)";"2019-2025";"History (Q1); Law (Q2); Political Science and International Relations (Q3); Safety Research (Q3); Sociology and Political Science (Q3)";"Arts and Humanities; Social Sciences"
543;21100847440;"International Journal of Comparative Labour Law and Industrial Relations";journal;"1875838X, 0952617X";"Kluwer Law International";No;No;0,251;Q2;16;13;68;614;86;68;1,43;47,23;57,14;0;United Kingdom;Western Europe;"Kluwer Law International";"2017-2025";"Law (Q2); Industrial Relations (Q3); Organizational Behavior and Human Resource Management (Q3)";"Business, Management and Accounting; Social Sciences"
544;21100211737;"Utrecht Law Review";journal;"1871515X";"";Yes;Yes;0,251;Q2;24;14;59;1299;49;57;0,69;92,79;68,75;0;Netherlands;Western Europe;"";"2012-2025";"Law (Q2)";"Social Sciences"
545;13220;"European Journal of Health Law";journal;"09290273, 15718093";"Martinus Nijhoff Publishers";No;No;0,250;Q2;27;31;90;1815;75;88;0,67;58,55;69,57;0;Netherlands;Western Europe;"Martinus Nijhoff Publishers";"1994-2026";"Law (Q2); Health Policy (Q3)";"Medicine; Social Sciences"
546;21101152096;"Latin American Legal Studies";journal;"07199104, 07199112";"Universidad Adolfo Ibanez";Yes;Yes;0,249;Q2;4;15;39;949;27;36;0,65;63,27;31,58;0;Chile;Latin America;"Universidad Adolfo Ibanez";"2019-2025";"Law (Q2)";"Social Sciences"
547;21100790520;"Canadian Journal of Law and Jurisprudence";journal;"20564260, 08418209";"Cambridge University Press";No;No;0,248;Q2;25;25;64;2748;51;64;0,89;109,92;20,00;0;United Kingdom;Western Europe;"Cambridge University Press";"1996-2003, 2007, 2011-2026";"Law (Q2)";"Social Sciences"
548;21100824428;"Hungarian Journal of Legal Studies";journal;"24985473";"Akademiai Kiado";No;No;0,247;Q2;10;17;70;637;53;66;0,73;37,47;25,00;0;Hungary;Eastern Europe;"Akademiai Kiado";"2016-2025";"Law (Q2)";"Social Sciences"
549;21101176857;"International Journal of Parliamentary Studies";journal;"26668912, 26668904";"Brill Academic Publishers";No;No;0,247;Q2;5;16;51;718;27;45;0,53;44,88;25,00;0;Netherlands;Western Europe;"Brill Academic Publishers";"2021-2026";"Law (Q2); Political Science and International Relations (Q3)";"Social Sciences"
550;21100935115;"Revista Direito GV";journal;"23176172";"Fundacao Getulio Vargas, Escola de Direito de Sao Paulo";Yes;Yes;0,247;Q2;8;44;124;2005;42;124;0,35;45,57;50,79;0;Brazil;Latin America;"Fundacao Getulio Vargas, Escola de Direito de Sao Paulo";"2019-2026";"Law (Q2)";"Social Sciences"
551;21100898972;"Somatechnics";journal;"20440146, 20440138";"Edinburgh University Press";No;No;0,247;Q2;18;22;43;821;31;37;0,84;37,32;73,33;0;United Kingdom;Western Europe;"Edinburgh University Press";"2011-2025";"Arts and Humanities (miscellaneous) (Q2); Law (Q2); Anatomy (Q3); Human Factors and Ergonomics (Q3); Sociology and Political Science (Q3); Human-Computer Interaction (Q4)";"Arts and Humanities; Computer Science; Medicine; Social Sciences"
552;12365;"Canadian Journal of Law and Society";journal;"08293201, 19110227";"Cambridge University Press";Yes;No;0,246;Q2;29;21;70;1666;51;70;0,47;79,33;64,15;0;United Kingdom;Western Europe;"Cambridge University Press";"1986-2026";"Law (Q2); Sociology and Political Science (Q3)";"Social Sciences"
553;21101133629;"Eunomia. Revista en Cultura de la Legalidad";journal;"22536655";"Universidad Carlos III de Madrid";Yes;Yes;0,246;Q2;9;42;170;1815;56;164;0,39;43,21;31,71;0;Spain;Western Europe;"Universidad Carlos III de Madrid";"2019-2025";"Law (Q2); Gender Studies (Q3); Public Administration (Q3); Social Sciences (miscellaneous) (Q3)";"Social Sciences"
554;21100856416;"BioLaw Journal";journal;"22844503";"University of Trento";Yes;No;0,244;Q2;9;94;334;4781;94;330;0,25;50,86;60,61;0;Italy;Western Europe;"University of Trento";"2014-2026";"Law (Q2); Philosophy (Q2); Biochemistry, Genetics and Molecular Biology (miscellaneous) (Q3); Health Policy (Q3); Medicine (miscellaneous) (Q3); Biotechnology (Q4)";"Arts and Humanities; Biochemistry, Genetics and Molecular Biology; Medicine; Social Sciences"
555;21100901783;"Connections";journal;"18121098, 18122973";"Partnership for Peace Consortium of Defense Academies and Security Studies Institutes";Yes;No;0,244;Q2;8;21;101;811;39;92;0,38;38,62;25,93;0;Germany;Western Europe;"Partnership for Peace Consortium of Defense Academies and Security Studies Institutes";"2018-2025";"Law (Q2); Computer Networks and Communications (Q3); Political Science and International Relations (Q3); Safety Research (Q3); Safety, Risk, Reliability and Quality (Q3)";"Computer Science; Engineering; Social Sciences"
556;21101091650;"Journal of Criminal Law";journal;"00220183, 17405580";"SAGE Publications Inc.";No;No;0,244;Q2;20;42;117;1216;90;70;0,61;28,95;50,00;0;United Kingdom;Western Europe;"SAGE Publications Inc.";"1937, 1939-1941, 1946-1947, 1949, 1952-1954, 1956-1958, 1960, 1963-1965, 1972-2026";"Law (Q2)";"Social Sciences"
557;21486;"European Human Rights Law Review";journal;"13611526";"Sweet and Maxwell-Thomson Reuters";No;No;0,243;Q2;6;55;160;3051;57;105;0,41;55,47;51,28;0;United Kingdom;Western Europe;"Sweet and Maxwell-Thomson Reuters";"1998, 2001, 2003, 2019-2026";"Law (Q2); Political Science and International Relations (Q3); Sociology and Political Science (Q3)";"Social Sciences"
558;21101152543;"Journal of Agricultural and Environmental Law";journal;"17886171";"CEDR - Hungarian Association of Agricultural Law";No;No;0,243;Q2;6;37;71;1356;39;71;0,71;36,65;55,56;0;Hungary;Eastern Europe;"CEDR - Hungarian Association of Agricultural Law";"2019-2025";"Law (Q2); Agricultural and Biological Sciences (miscellaneous) (Q3); Renewable Energy, Sustainability and the Environment (Q4)";"Agricultural and Biological Sciences; Energy; Social Sciences"
559;21100927902;"Oslo Law Review";journal;"23873299";"Scandinavian University Press";Yes;Yes;0,243;Q2;7;5;31;624;47;29;1,44;124,80;54,55;1;Norway;Western Europe;"Scandinavian University Press";"2019-2025";"Law (Q2)";"Social Sciences"
560;19700172902;"International Journal of the Legal Profession";journal;"09695958, 14699257";"Routledge";No;No;0,242;Q2;27;28;59;1728;53;52;0,85;61,71;54,55;1;United Kingdom;Western Europe;"Routledge";"1994-2026";"Law (Q2); Strategy and Management (Q3)";"Business, Management and Accounting; Social Sciences"
561;21100887528;"Journal on the Use of Force and International Law";journal;"20531702, 20531710";"Taylor and Francis Ltd.";No;No;0,242;Q2;15;11;41;535;47;33;0,77;48,64;18,18;0;United Kingdom;Western Europe;"Taylor and Francis Ltd.";"2014-2025";"Law (Q2); Political Science and International Relations (Q3)";"Social Sciences"
562;21101086602;"Communication and Democracy";journal;"27671127, 27671135";"Taylor and Francis Ltd.";No;No;0,241;Q2;9;31;44;1495;36;36;0,91;48,23;65,00;0;United Kingdom;Western Europe;"Taylor and Francis Ltd.";"2022-2026";"Law (Q2); Communication (Q3); Sociology and Political Science (Q3)";"Social Sciences"
563;21101114186;"Comparative Southeast European Studies";journal;"27018199, 27018202";"Walter de Gruyter GmbH";Yes;Yes;0,241;Q2;11;22;79;860;90;78;1,10;39,09;34,48;1;Germany;Western Europe;"Walter de Gruyter GmbH";"2010, 2021-2025";"History (Q1); Anthropology (Q2); Cultural Studies (Q2); Law (Q2); Economics, Econometrics and Finance (miscellaneous) (Q3); Gender Studies (Q3); Political Science and International Relations (Q3); Sociology and Political Science (Q3)";"Arts and Humanities; Economics, Econometrics and Finance; Social Sciences"
564;21101144515;"Corporate Law and Governance Review";journal;"27071111, 26641542";"Virtus Interpress";No;No;0,241;Q2;9;65;106;3010;253;97;2,62;46,31;31,13;0;Ukraine;Eastern Europe;"Virtus Interpress";"2019-2026";"Law (Q2); Business and International Management (Q3); Business, Management and Accounting (miscellaneous) (Q3); Finance (Q3)";"Business, Management and Accounting; Economics, Econometrics and Finance; Social Sciences"
565;21101089001;"Juridicas CUC";journal;"23897716, 16923030";"Universidad de la Costa";No;Yes;0,241;Q2;8;21;67;1022;54;64;0,76;48,67;41,86;0;Colombia;Latin America;"Universidad de la Costa";"2019-2025";"Law (Q2)";"Social Sciences"
566;13399;"Law Library Journal";journal;"00239283";"American Association of Law Libraries";No;No;0,241;Q2;20;15;45;2217;18;45;0,39;147,80;62,50;0;United States;Northern America;"American Association of Law Libraries";"1978, 1987-2025";"Law (Q2); Library and Information Sciences (Q3)";"Social Sciences"
567;21100970318;"Carbon and Climate Law Review";journal;"21908230, 18649904";"Lexxion Verlagsgesellschaft mbH";No;No;0,240;Q2;9;24;65;843;33;51;0,35;35,13;31,25;0;Germany;Western Europe;"Lexxion Verlagsgesellschaft mbH";"2019-2025";"Law (Q2); Global and Planetary Change (Q4); Pollution (Q4)";"Environmental Science; Social Sciences"
568;21101378438;"Trunojoyo Law Review";journal;"26861496, 27152081";"University of Trunojoyo Madura";No;No;0,240;Q2;4;14;31;778;38;31;1,33;55,57;37,50;0;Indonesia;Asiatic Region;"University of Trunojoyo Madura";"2022-2025";"Religious Studies (Q1); Anthropology (Q2); History and Philosophy of Science (Q2); Law (Q2)";"Arts and Humanities; Social Sciences"
569;21101142703;"Yuridika";journal;"0215840X, 25283103";"Airlangga University";Yes;Yes;0,239;Q2;5;18;54;705;55;54;1,02;39,17;46,43;1;Indonesia;Asiatic Region;"Airlangga University";"2023-2025";"Law (Q2)";"Social Sciences"
570;21101288669;"Diponegoro Law Review";journal;"25274031";"Diponegoro University";Yes;No;0,239;Q3;3;9;39;371;32;39;0,82;41,22;28,57;0;Indonesia;Asiatic Region;"Diponegoro University";"2023-2025";"Law (Q3); Political Science and International Relations (Q3); Public Administration (Q3); Sociology and Political Science (Q3)";"Social Sciences"
571;21101210639;"Florida Tax Review";journal;"10663487, 24761699";"University of Florida Press";No;No;0,239;Q3;5;8;43;43;19;43;0,36;5,38;27,27;0;United States;Northern America;"University of Florida Press";"2019-2025";"Accounting (Q3); Finance (Q3); Law (Q3)";"Business, Management and Accounting; Economics, Econometrics and Finance; Social Sciences"
572;21101281531;"Journal of Central Banking Law and Institutions";journal;"28277775, 28099885";"Bank Indonesia Institute";Yes;No;0,239;Q3;6;21;63;1204;79;63;1,10;57,33;55,56;0;Indonesia;Asiatic Region;"Bank Indonesia Institute";"2022-2026";"Finance (Q3); Law (Q3); Public Administration (Q3); Sociology and Political Science (Q3)";"Economics, Econometrics and Finance; Social Sciences"
573;23416;"Journal of International Wildlife Law and Policy";journal;"15481476, 13880292";"Taylor and Francis Ltd.";No;No;0,238;Q3;24;12;43;568;35;42;0,86;47,33;46,67;0;United Kingdom;Western Europe;"Taylor and Francis Ltd.";"1998-2026";"Ecology (Q3); Geography, Planning and Development (Q3); Law (Q3); Management, Monitoring, Policy and Law (Q3)";"Environmental Science; Social Sciences"
574;21101358084;"NBP. Nauka, bezbednost, policija";journal;"03548872, 26200406";"University of Criminalistics and Police";Yes;No;0,238;Q3;4;20;49;748;24;47;0,64;37,40;29,55;0;Serbia;Eastern Europe;"University of Criminalistics and Police";"2021-2026";"Law (Q3); Safety Research (Q3); Sociology and Political Science (Q3)";"Social Sciences"
575;21101302937;"IIUM Law Journal";journal;"01282530, 22897852";"International Islamic University Malaysia-IIUM";No;No;0,237;Q3;6;30;95;1428;91;92;0,79;47,60;45,28;0;Malaysia;Asiatic Region;"International Islamic University Malaysia-IIUM";"2021-2025";"Law (Q3)";"Social Sciences"
576;21100396570;"Lavoro e Diritto";journal;"26122162, 1120947X";"Societa Editrice Il Mulino";No;No;0,237;Q3;11;34;136;1750;32;131;0,23;51,47;63,16;0;Italy;Western Europe;"Societa Editrice Il Mulino";"1997-2025";"Law (Q3)";"Social Sciences"
577;26787;"Boletin de Investigaciones Marinas y Costeras";journal;"25904671, 01229761";"INVEMAR";Yes;Yes;0,236;Q3;18;19;62;919;42;62;0,76;48,37;32,65;0;Colombia;Latin America;"INVEMAR";"1998, 2001-2025";"Conservation (Q2); Museology (Q2); Animal Science and Zoology (Q3); Aquatic Science (Q3); Geography, Planning and Development (Q3); Law (Q3); Management, Monitoring, Policy and Law (Q3); Oceanography (Q3); Water Science and Technology (Q3)";"Agricultural and Biological Sciences; Arts and Humanities; Earth and Planetary Sciences; Environmental Science; Social Sciences"
578;21101097079;"Estudios de Deusto";journal;"23869062, 04234847";"University of Deusto";Yes;Yes;0,236;Q3;5;12;76;449;24;76;0,33;37,42;44,44;0;Spain;Western Europe;"University of Deusto";"2019-2025";"Law (Q3)";"Social Sciences"
579;7700153101;"International Organizations Law Review";journal;"15723739, 15723747";"Martinus Nijhoff Publishers";No;No;0,236;Q3;27;12;61;1315;44;57;0,53;109,58;28,57;0;Netherlands;Western Europe;"Martinus Nijhoff Publishers";"2004-2025";"Law (Q3); Political Science and International Relations (Q3); Sociology and Political Science (Q3); Economics and Econometrics (Q4)";"Economics, Econometrics and Finance; Social Sciences"
580;21101167593;"Jurnal Hukum Novelty";journal;"14126834, 25500090";"Universitas Ahmad Dahlan";Yes;Yes;0,236;Q3;7;20;55;1174;61;55;1,31;58,70;31,15;0;Indonesia;Asiatic Region;"Universitas Ahmad Dahlan";"2019-2025";"Law (Q3)";"Social Sciences"
581;21100836108;"Knowledge Cultures";journal;"23756527, 23275731";"Addleton Academic Publishers";No;No;0,236;Q3;19;11;87;493;64;86;0,59;44,82;56,25;0;United States;Northern America;"Addleton Academic Publishers";"2013-2025";"History (Q1); Literature and Literary Theory (Q1); Cultural Studies (Q2); Philosophy (Q2); Education (Q3); Law (Q3); Library and Information Sciences (Q3); Sociology and Political Science (Q3)";"Arts and Humanities; Social Sciences"
582;21101186995;"Revista Italo-Espanola de Derecho Procesal";journal;"26055244";"Marcial Pons Librero";Yes;Yes;0,236;Q3;4;20;38;768;21;31;0,29;38,40;56,52;0;Spain;Western Europe;"Marcial Pons Librero";"2019-2025";"Law (Q3)";"Social Sciences"
583;21100828130;"Cosmopolitan Civil Societies";journal;"18375391";"UTS ePRESS";Yes;Yes;0,235;Q3;12;24;62;1022;59;60;1,02;42,58;50,00;1;Australia;Pacific Region;"UTS ePRESS";"2017-2025";"Anthropology (Q2); Cultural Studies (Q2); Demography (Q3); Law (Q3); Sociology and Political Science (Q3)";"Social Sciences"
584;21101072352;"Journal of Tax Reform";journal;"24128872, 24149497";"Ural Federal University";Yes;Yes;0,235;Q3;9;48;84;2321;150;84;2,03;48,35;32,93;0;Russian Federation;Eastern Europe;"Ural Federal University";"2019-2025";"Accounting (Q3); Business, Management and Accounting (miscellaneous) (Q3); Finance (Q3); Law (Q3); Economics and Econometrics (Q4)";"Business, Management and Accounting; Economics, Econometrics and Finance; Social Sciences"
585;21101267545;"Jurnal Suara Hukum";journal;"26565358, 2656534X";"Faculty of Law Universitas Negeri Surabaya";No;No;0,234;Q3;5;20;60;1031;44;60;0,95;51,55;38,00;0;Indonesia;Asiatic Region;"Faculty of Law Universitas Negeri Surabaya";"2020-2025";"Law (Q3); Political Science and International Relations (Q3)";"Social Sciences"
586;21101049551;"Public and Municipal Finance";journal;"22221867, 22221875";"LLC CPC Business Perspectives";Yes;No;0,234;Q3;10;46;61;1994;102;61;1,58;43,35;45,38;2;Ukraine;Eastern Europe;"LLC CPC Business Perspectives";"2019-2026";"Business, Management and Accounting (miscellaneous) (Q3); Finance (Q3); Law (Q3); Public Administration (Q3); Economics and Econometrics (Q4)";"Business, Management and Accounting; Economics, Econometrics and Finance; Social Sciences"
587;16170;"Journal of African Law";journal;"00218553, 14643731";"Cambridge University Press";No;No;0,233;Q3;24;42;78;4565;69;77;0,85;108,69;26,03;0;United Kingdom;Western Europe;"Cambridge University Press";"1957-2000, 2003-2026";"Law (Q3)";"Social Sciences"
588;21101180707;"Khazanah Hukum";journal;"27159698";"Universitas Islam Negeri Sunan Gunung Djati";Yes;No;0,233;Q3;8;28;62;1523;65;62;1,28;54,39;36,36;0;Indonesia;Asiatic Region;"Universitas Islam Negeri Sunan Gunung Djati";"2020-2025";"Law (Q3)";"Social Sciences"
589;21100872375;"Federal Law Review";journal;"14446928, 0067205X";"Cambridge University Press";No;No;0,232;Q3;10;8;68;1099;76;67;0,90;137,38;54,55;0;United Kingdom;Western Europe;"Cambridge University Press";"2006, 2018-2025";"Law (Q3)";"Social Sciences"
590;21100900135;"Journal of International and Comparative Law";journal;"23133775";"Sweet and Maxwell-Thomson Reuters";No;No;0,232;Q3;7;17;48;1883;24;47;0,42;110,76;36,00;0;Hong Kong;Asiatic Region;"Sweet and Maxwell-Thomson Reuters";"2018-2025";"Law (Q3)";"Social Sciences"
591;16239;"Journal of Law and Religion";journal;"21633088, 07480814";"Cambridge University Press";No;No;0,230;Q3;22;4;76;684;52;66;0,68;171,00;0,00;0;United Kingdom;Western Europe;"Cambridge University Press";"1983-1996, 1998-2010, 2012-2026";"Religious Studies (Q1); Law (Q3)";"Arts and Humanities; Social Sciences"
592;21100235820;"McGill Journal of Law and Health";journal;"19204833, 19204825";"McGill University";No;No;0,230;Q3;6;2;7;403;6;7;1,00;201,50;66,67;0;Canada;Northern America;"McGill University";"2013-2025";"Health Policy (Q3); Law (Q3)";"Medicine; Social Sciences"
593;21100920639;"Actualidad Juridica Iberoamericana";journal;"23864567";"Ibero-American Law Institute";No;Yes;0,228;Q3;5;59;595;2922;79;591;0,20;49,53;40,35;0;Spain;Western Europe;"Ibero-American Law Institute";"2019-2025";"Law (Q3)";"Social Sciences"
594;19900192528;"British Journal of Community Justice";journal;"14750279";"Sheffield Hallam University";No;No;0,228;Q3;14;12;18;508;12;15;0,50;42,33;53,33;0;United Kingdom;Western Europe;"Sheffield Hallam University";"2010-2016, 2019-2025";"Law (Q3)";"Social Sciences"
595;22771;"Wisconsin Law Review";journal;"0043650X";"University of Wisconsin Law School";No;No;0,228;Q3;36;41;137;6942;64;131;0,37;169,32;52,78;0;United States;Northern America;"University of Wisconsin Law School";"1976, 1978-1982, 1984-1985, 1987, 1990, 1992-1993, 1995-2025";"Law (Q3)";"Social Sciences"
596;21101291268;"Journal of Environmental Science and Sustainable Development";journal;"26556847";"School of Environmental Science, Universitas Indonesia";No;No;0,227;Q3;6;27;73;1584;61;67;0,91;58,67;42,11;0;Indonesia;Asiatic Region;"School of Environmental Science, Universitas Indonesia";"2022-2025";"Religious Studies (Q1); Cultural Studies (Q2); Earth and Planetary Sciences (miscellaneous) (Q3); Environmental Science (miscellaneous) (Q3); Geography, Planning and Development (Q3); Law (Q3); Management, Monitoring, Policy and Law (Q4); Waste Management and Disposal (Q4)";"Arts and Humanities; Earth and Planetary Sciences; Environmental Science; Social Sciences"
597;21100792560;"Law and Financial Markets Review";journal;"17521459, 17521440";"Taylor and Francis Ltd.";No;No;0,226;Q3;13;17;39;416;36;36;0,95;24,47;42,86;0;United Kingdom;Western Europe;"Taylor and Francis Ltd.";"2007-2008, 2011, 2014-2023, 2025-2026";"Finance (Q3); Law (Q3)";"Economics, Econometrics and Finance; Social Sciences"
598;144734;"Liverpool Law Review";journal;"15728625, 0144932X";"Springer Netherlands";No;No;0,226;Q3;18;21;69;1075;52;67;0,82;51,19;26,92;1;Netherlands;Western Europe;"Springer Netherlands";"1979-1996, 1999-2002, 2005-2026";"Law (Q3)";"Social Sciences"
599;21101279759;"Military Law and the Law of War Review";journal;"13706209, 27325520";"Edward Elgar Publishing Ltd.";No;No;0,225;Q3;3;6;33;180;10;24;0,35;30,00;60,00;0;United Kingdom;Western Europe;"Edward Elgar Publishing Ltd.";"2021-2025";"Law (Q3)";"Social Sciences"
600;21101375100;"Mimbar Hukum";journal;"0852100X, 24430994";"Gadjah Mada University Faculty of Law";Yes;No;0,225;Q3;3;16;75;863;24;74;0,33;53,94;26,32;0;Indonesia;Asiatic Region;"Gadjah Mada University Faculty of Law";"2021-2025";"Philosophy (Q2); Law (Q3)";"Arts and Humanities; Social Sciences"
601;21100256989;"Theory and Practice of Legislation";journal;"20508859, 20508840";"Taylor and Francis Ltd.";No;No;0,225;Q3;20;16;44;1189;56;42;1,28;74,31;22,22;3;United Kingdom;Western Europe;"Taylor and Francis Ltd.";"2013-2026";"Law (Q3)";"Social Sciences"
602;21101089620;"Ius Ecclesiae";journal;"19725671, 11206462";"Fabrizio Serra Editore";No;No;0,224;Q3;4;11;69;277;5;65;0,09;25,18;18,18;0;Italy;Western Europe;"Fabrizio Serra Editore";"2019-2025";"Religious Studies (Q1); Law (Q3)";"Arts and Humanities; Social Sciences"
603;55037;"Asian Affairs (United Kingdom)";journal;"00927678, 19401590";"Taylor and Francis Ltd.";No;No;0,222;Q3;16;9;34;503;39;33;1,00;55,89;30,77;0;United Kingdom;Western Europe;"Taylor and Francis Ltd.";"1973-2005, 2010-2026";"Economics, Econometrics and Finance (miscellaneous) (Q3); Geography, Planning and Development (Q3); Law (Q3); Political Science and International Relations (Q3); Sociology and Political Science (Q3); Economics and Econometrics (Q4)";"Economics, Econometrics and Finance; Social Sciences"
604;19700173001;"Journal of Intellectual Property Rights";journal;"09717544, 09751076";"National Institute of Science Communication and Information Resources (NISCAIR)";Yes;No;0,222;Q3;17;79;150;3320;152;150;1,18;42,03;51,40;0;India;Asiatic Region;"National Institute of Science Communication and Information Resources (NISCAIR)";"2008-2026";"Law (Q3)";"Social Sciences"
605;21100195305;"Law, Probability and Risk";journal;"1470840X, 14708396";"Oxford University Press";No;No;0,222;Q3;23;13;31;424;33;24;0,95;32,62;29,03;0;United Kingdom;Western Europe;"Oxford University Press";"2007, 2011-2026";"Philosophy (Q2); Law (Q3); Statistics, Probability and Uncertainty (Q4)";"Arts and Humanities; Decision Sciences; Social Sciences"
606;18133;"Law Teacher";journal;"03069400, 19430353";"Taylor and Francis Ltd.";No;No;0,222;Q3;18;61;114;0;136;109;1,22;0,00;60,00;0;United Kingdom;Western Europe;"Taylor and Francis Ltd.";"1967-2026";"Education (Q3); Law (Q3)";"Social Sciences"
607;21101043803;"Access to Justice in Eastern Europe";journal;"26630583, 26630575";"Access to Justice in Eastern Europe";Yes;No;0,221;Q3;11;94;245;2705;202;220;0,85;28,78;41,62;0;Ukraine;Eastern Europe;"Access to Justice in Eastern Europe";"2018-2026";"Law (Q3)";"Social Sciences"
608;21101037907;"African Human Rights Law Journal";journal;"19962096, 1609073X";"Pretoria University Law Press";Yes;Yes;0,221;Q3;10;44;83;926;51;74;0,46;21,05;43,75;0;South Africa;Africa;"Pretoria University Law Press";"2008, 2015, 2019-2025";"Law (Q3); Social Sciences (miscellaneous) (Q3)";"Social Sciences"
609;21101021442;"Derecho Animal";journal;"24627518";"Universitat Autonoma de Barcelona";Yes;Yes;0,221;Q3;8;6;16;295;9;14;0,80;49,17;57,14;0;Spain;Western Europe;"Universitat Autonoma de Barcelona";"2010, 2019-2025";"Animal Science and Zoology (Q3); Law (Q3); Veterinary (miscellaneous) (Q3)";"Agricultural and Biological Sciences; Social Sciences; Veterinary"
610;21101274767;"Public Governance, Administration and Finances Law Review";journal;"27860736, 24986275";"University of Public Service, Ludovika University Press";Yes;Yes;0,221;Q3;4;17;47;825;35;47;0,87;48,53;32,00;0;Hungary;Eastern Europe;"University of Public Service, Ludovika University Press";"2021-2025";"Finance (Q3); Law (Q3); Public Administration (Q3)";"Economics, Econometrics and Finance; Social Sciences"
611;21100915687;"Revista Catalana de Dret Public";journal;"18858252";"Public Administration School of Catalonia";Yes;Yes;0,221;Q3;7;24;87;897;36;82;0,50;37,38;50,00;0;Spain;Western Europe;"Public Administration School of Catalonia";"2019-2025";"Law (Q3); Public Administration (Q3)";"Social Sciences"
612;16323;"Theoretical Inquiries in Law";journal;"15651509, 15653404";"Walter de Gruyter GmbH";No;No;0,221;Q3;38;25;69;3578;50;64;0,31;143,12;23,33;0;Germany;Western Europe;"Walter de Gruyter GmbH";"2004-2025";"Law (Q3)";"Social Sciences"
613;21101093539;"Indonesian Journal of International Law";journal;"23565527, 16935594";"Center for International Law Studies, Faculty of Law, Universitas Indonesia";Yes;Yes;0,220;Q3;8;12;83;827;43;83;0,53;68,92;45,45;0;Indonesia;Asiatic Region;"Center for International Law Studies, Faculty of Law, Universitas Indonesia";"2019-2025";"Law (Q3)";"Social Sciences"
614;34981;"Journal of Social Welfare and Family Law";journal;"09649069, 14699621";"Routledge";No;No;0,219;Q3;35;32;138;1517;94;119;0,57;47,41;61,54;3;United Kingdom;Western Europe;"Routledge";"1979, 1987-1988, 1991-2026";"Law (Q3); Sociology and Political Science (Q3)";"Social Sciences"
615;14109;"Recht und Psychiatrie";journal;"07242247";"Psychiatrie-Verlag GmbH";No;No;0,219;Q3;14;14;81;260;20;66;0,40;18,57;61,54;0;Germany;Western Europe;"Psychiatrie-Verlag GmbH";"1999-2026";"Law (Q3); Health Policy (Q4); Psychiatry and Mental Health (Q4)";"Medicine; Social Sciences"
616;21101140505;"Legal Pluralism and Critical Social Analysis";journal;"27706877, 27706869";"Routledge";No;No;0,218;Q3;33;13;71;749;62;61;1,00;57,62;72,73;1;United Kingdom;Western Europe;"Routledge";"2022-2025";"Law (Q3)";"Social Sciences"
617;21101212235;"Canadian Tax Journal";journal;"00085111";"Canadian Tax Foundation";No;No;0,217;Q3;5;35;130;419;50;112;0,34;11,97;27,08;0;Canada;Northern America;"Canadian Tax Foundation";"2020-2025";"Accounting (Q3); Law (Q3); Finance (Q4)";"Business, Management and Accounting; Economics, Econometrics and Finance; Social Sciences"
618;21101225725;"Collected Papers of the Faculty of Law of the University of Rijeka";journal;"18468314, 1330349X";"University of Rijeka Faculty of Law";Yes;Yes;0,217;Q3;3;31;102;1298;21;101;0,17;41,87;41,86;0;Croatia;Eastern Europe;"University of Rijeka Faculty of Law";"2013, 2020-2025";"Law (Q3); Social Sciences (miscellaneous) (Q3)";"Social Sciences"
619;21100920038;"Revista de Bioetica y Derecho";journal;"18865887";"Universitat de Barcelona, Observatorio de Bioetica y Derecho";Yes;Yes;0,216;Q3;6;37;117;1381;53;106;0,48;37,32;50,88;0;Spain;Western Europe;"Universitat de Barcelona, Observatorio de Bioetica y Derecho";"2019-2025";"Law (Q3); Sociology and Political Science (Q3)";"Social Sciences"
620;5800207616;"Revista de Llengua i Dret";journal;"02125056, 20131453";"Escola d'Administracio Publica de Catalunya";Yes;Yes;0,216;Q3;12;55;171;1486;67;171;0,33;27,02;51,67;0;Spain;Western Europe;"Escola d'Administracio Publica de Catalunya";"2011-2025";"Linguistics and Language (Q2); Law (Q3)";"Social Sciences"
621;21101289897;"Prophetic Law Review";journal;"26862379, 26863464";"Faculty of Law, Universitas Islam Indonesia";Yes;No;0,215;Q3;4;10;36;471;19;36;0,33;47,10;47,06;0;Indonesia;Asiatic Region;"Faculty of Law, Universitas Islam Indonesia";"2021-2025";"Religious Studies (Q1); Law (Q3); Political Science and International Relations (Q3); Sociology and Political Science (Q3)";"Arts and Humanities; Social Sciences"
622;21101053558;"Revista de Educacion y Derecho";journal;"23864885, 2013584X";"Universitat de Barcelona";Yes;Yes;0,215;Q3;8;20;91;603;75;89;0,87;30,15;60,53;0;Spain;Western Europe;"Universitat de Barcelona";"2019-2025";"Education (Q3); Law (Q3); Social Sciences (miscellaneous) (Q3)";"Social Sciences"
623;21101201999;"Actualidad Juridica Ambiental";journal;"19895666";"Centro de Investigaciones Energeticas Medioambientales y Tecnologicas (CIEMAT)";Yes;Yes;0,213;Q3;4;162;276;1975;30;224;0,12;12,19;50,68;0;Spain;Western Europe;"Centro de Investigaciones Energeticas Medioambientales y Tecnologicas (CIEMAT)";"2019-2025";"Law (Q3); Management, Monitoring, Policy and Law (Q4)";"Environmental Science; Social Sciences"
624;21100210921;"Central European Journal of Public Policy";journal;"18024866";"Sciendo";Yes;No;0,213;Q3;14;11;27;462;38;27;1,53;42,00;31,82;0;Czech Republic;Eastern Europe;"Sciendo";"2012-2025";"Law (Q3); Sociology and Political Science (Q3); Public Administration (Q4)";"Social Sciences"
625;21101073950;"Annals of Critical Care";journal;"1818474X, 17269806";"Practical Medicine Publishing House LLC";Yes;Yes;0,212;Q3;11;51;142;2750;138;138;0,95;53,92;39,86;0;Russian Federation;Eastern Europe;"Practical Medicine Publishing House LLC";"2017-2026";"Anesthesiology and Pain Medicine (Q3); Critical Care and Intensive Care Medicine (Q3); Emergency Medical Services (Q3); Emergency Medicine (Q3); Law (Q3)";"Health Professions; Medicine; Social Sciences"
626;21101388870;"Journal of Islamic Economic Laws";journal;"26559609, 26559617";"Muhammadiyah University of Surakarta";Yes;No;0,212;Q3;10;20;42;992;72;42;1,25;49,60;20,00;0;Indonesia;Asiatic Region;"Muhammadiyah University of Surakarta";"2021-2026";"Religious Studies (Q2); Law (Q3); Tourism, Leisure and Hospitality Management (Q4)";"Arts and Humanities; Business, Management and Accounting; Social Sciences"
627;21100935900;"InterEULawEast";journal;"18493734, 18494439";"University of Zagreb Faculty of Economics and Business";Yes;No;0,211;Q3;8;16;74;729;59;69;0,54;45,56;29,17;0;Croatia;Eastern Europe;"University of Zagreb Faculty of Economics and Business";"2019-2026";"Law (Q3)";"Social Sciences"
628;5000154506;"Neohelicon";journal;"15882810, 03244652";"Springer Science and Business Media B.V.";No;No;0,210;Q3;15;58;154;2206;80;146;0,36;38,03;49,23;0;Netherlands;Western Europe;"Springer Science and Business Media B.V.";"1973-2002, 2005-2026";"Literature and Literary Theory (Q1); Arts and Humanities (miscellaneous) (Q2); Law (Q3); Social Sciences (miscellaneous) (Q3)";"Arts and Humanities; Social Sciences"
629;21100232410;"Tilburg Law Review";journal;"22110046, 22112545";"Ubiquity Press";Yes;No;0,210;Q3;14;12;41;606;56;41;0,65;50,50;57,14;0;Netherlands;Western Europe;"Ubiquity Press";"2012-2025";"Law (Q3)";"Social Sciences"
630;7100153147;"Arab Law Quarterly";journal;"15730255, 02680556";"Brill Academic Publishers";No;No;0,209;Q3;21;38;50;4392;29;43;0,58;115,58;28,57;0;Netherlands;Western Europe;"Brill Academic Publishers";"1980, 1985, 1987-2004, 2006-2026";"Law (Q3)";"Social Sciences"
631;21101185808;"Law: Journal of the University of Latvia";journal;"25929364, 16917677";"University of Latvia";Yes;Yes;0,209;Q3;3;22;51;872;26;51;0,59;39,64;56,10;0;Latvia;Eastern Europe;"University of Latvia";"2020-2025";"Law (Q3)";"Social Sciences"
632;21101301830;"Media Iuris";journal;"27218384, 26215225";"Airlangga University";Yes;No;0,209;Q3;5;24;80;870;61;80;0,92;36,25;35,29;0;Indonesia;Asiatic Region;"Airlangga University";"2021-2025";"Law (Q3)";"Social Sciences"
633;4500151526;"Review of Law and Economics";journal;"21946000, 15555879";"Walter de Gruyter GmbH";No;No;0,209;Q3;24;28;49;1271;30;48;0,53;45,39;20,00;0;Germany;Western Europe;"Walter de Gruyter GmbH";"2005-2026";"Economics, Econometrics and Finance (miscellaneous) (Q3); Law (Q3)";"Economics, Econometrics and Finance; Social Sciences"
634;21101128466;"Acta Universitatis Lodziensis. Folia Iuridica";journal;"24502782, 02086069";"Lodz University Press";Yes;Yes;0,208;Q3;5;34;202;933;34;200;0,18;27,44;52,78;0;Poland;Eastern Europe;"Lodz University Press";"2019-2025";"Law (Q3)";"Social Sciences"
635;7200153103;"Nordic Journal of International Law";journal;"09027351, 15718107";"Martinus Nijhoff Publishers";No;No;0,208;Q3;23;14;74;1563;81;69;0,92;111,64;50,00;0;Netherlands;Western Europe;"Martinus Nijhoff Publishers";"1934, 1937-1939, 1941-1942, 1947, 1949, 1951-1953, 1955-1957, 1960, 1962-1964, 1968-1971, 1973-1974, 1976-1980, 1984-1991, 1995, 2004, 2006-2026";"Law (Q3); Political Science and International Relations (Q3)";"Social Sciences"
636;21100784268;"International Human Rights Law Review";journal;"22131027, 22131035";"Brill Academic Publishers";No;No;0,207;Q3;11;10;34;1233;34;33;1,13;123,30;53,85;0;Netherlands;Western Europe;"Brill Academic Publishers";"2012-2025";"Law (Q3); Sociology and Political Science (Q3)";"Social Sciences"
637;21101133220;"Sortuz";journal;"19880847";"Onati International Institute for the Sociology of Law";Yes;Yes;0,206;Q3;3;21;55;849;32;52;0,53;40,43;45,83;0;Spain;Western Europe;"Onati International Institute for the Sociology of Law";"2019, 2021-2025";"Law (Q3); Sociology and Political Science (Q3)";"Social Sciences"
638;21101134692;"Studia Warminskie";journal;"01376624";"University of Warmia and Mazury";Yes;Yes;0,206;Q3;7;28;96;865;31;95;0,33;30,89;42,42;0;Poland;Eastern Europe;"University of Warmia and Mazury";"2019-2025";"History (Q1); Philosophy (Q2); Religious Studies (Q2); Law (Q3); Social Sciences (miscellaneous) (Q3); Developmental and Educational Psychology (Q4); Social Psychology (Q4)";"Arts and Humanities; Psychology; Social Sciences"
639;21100927210;"Balkan Social Science Review";journal;"18578772, 18578799";"Goce Delchev University of Shtip";No;No;0,205;Q3;8;30;96;1342;54;96;0,54;44,73;50,94;0;Macedonia;Eastern Europe;"Goce Delchev University of Shtip";"2013-2025";"Law (Q3); Political Science and International Relations (Q3); Social Sciences (miscellaneous) (Q3); Sociology and Political Science (Q3); Public Administration (Q4)";"Social Sciences"
640;21100927374;"Humanity: An International Journal of Human Rights, Humanitarianism, and Development";journal;"21514372, 21514364";"University of Pennsylvania Press";No;No;0,205;Q3;11;0;73;0;60;67;0,46;0,00;0,00;0;United States;Northern America;"University of Pennsylvania Press";"2019-2024";"Law (Q3); Sociology and Political Science (Q3)";"Social Sciences"
641;21101378437;"Jurnal Litigasi";journal;"24422274";"Pasundan University";Yes;No;0,205;Q3;3;30;59;1295;39;59;0,73;43,17;45,00;0;Indonesia;Asiatic Region;"Pasundan University";"2021-2025";"Law (Q3); Political Science and International Relations (Q3); Sociology and Political Science (Q3); Public Administration (Q4)";"Social Sciences"
642;21101063732;"Law of Justice Journal";journal;"14137038, 22383212";"Universidade de Passo Fundo";No;Yes;0,205;Q3;5;35;91;930;44;90;0,67;26,57;28,57;0;Brazil;Latin America;"Universidade de Passo Fundo";"2019-2025";"Law (Q3)";"Social Sciences"
643;13413;"Legal Reference Services Quarterly";journal;"0270319X, 1540949X";"Taylor and Francis Ltd.";No;No;0,205;Q3;10;18;52;954;20;44;0,37;53,00;61,54;0;United States;Northern America;"Taylor and Francis Ltd.";"1981-2026";"Law (Q3); Library and Information Sciences (Q3)";"Social Sciences"
644;21101047447;"Manchester Journal of Transnational Islamic Law and Practice";journal;"26336626";"Electronicpublications.org Ltd";No;No;0,205;Q3;4;98;172;4714;88;168;0,55;48,10;35,59;0;United Kingdom;Western Europe;"Electronicpublications.org Ltd";"2020-2025";"Religious Studies (Q2); Law (Q3)";"Arts and Humanities; Social Sciences"
645;21101218357;"Revista da Defensoria Publica do Distrito Federal";journal;"26745755, 26745739";"Defensoria Publica do Distrito Federal";Yes;Yes;0,205;Q3;2;0;27;0;1;23;0,00;0,00;0,00;0;Brazil;Latin America;"Defensoria Publica do Distrito Federal";"2019-2024";"Law (Q3); Social Sciences (miscellaneous) (Q3)";"Social Sciences"
646;21100901812;"Revista de Derecho Civil";journal;"23412216";"Notyreg Hispana";Yes;Yes;0,205;Q3;9;27;128;1018;24;124;0,22;37,70;63,64;0;Spain;Western Europe;"Notyreg Hispana";"2018-2025";"Law (Q3)";"Social Sciences"
647;21101225722;"Foro: Revista de Derecho";journal;"26312484, 13902466";"Universidad Andina Simon Olivar, Sede Ecuador";Yes;Yes;0,204;Q3;4;19;60;560;24;53;0,38;29,47;60,00;0;Ecuador;Latin America;"Universidad Andina Simon Olivar, Sede Ecuador";"2020-2026";"Law (Q3)";"Social Sciences"
648;8000153132;"Global Jurist";journal;"19342640";"Walter de Gruyter GmbH";No;No;0,204;Q3;14;25;50;2165;43;49;0,81;86,60;28,57;0;Germany;Western Europe;"Walter de Gruyter GmbH";"2007-2025";"Law (Q3); Political Science and International Relations (Q3)";"Social Sciences"
649;21100865914;"Global Trade and Customs Journal";journal;"18756468, 1569755X";"Kluwer Law International";No;No;0,204;Q3;9;90;208;4475;129;194;0,65;49,72;28,43;1;Netherlands;Western Europe;"Kluwer Law International";"2018-2026";"Law (Q3); Business and International Management (Q4)";"Business, Management and Accounting; Social Sciences"
650;21101162835;"Revista de Derecho de la Seguridad Social, Laborum";journal;"23870370, 23867191";"Ediciones Laborum, S.L.";No;No;0,204;Q3;5;54;313;1538;37;252;0,10;28,48;39,29;0;Spain;Western Europe;"Ediciones Laborum, S.L.";"2019-2025";"Law (Q3)";"Social Sciences"
651;21101047089;"Vestnik Sankt-Peterburgskogo Universiteta. Pravo";journal;"25875833, 20741243";"Saint Petersburg State University";No;No;0,204;Q3;6;72;209;1468;40;209;0,20;20,39;40,59;0;Russian Federation;Eastern Europe;"Saint Petersburg State University";"2019-2025";"Law (Q3)";"Social Sciences"
652;21101128568;"Anales de la Catedra Francisco Suarez";journal;"00087750, 25303716";"Universidad de Granada";Yes;Yes;0,203;Q3;4;20;67;970;21;65;0,34;48,50;31,58;0;Spain;Western Europe;"Universidad de Granada";"2019-2025";"Law (Q3)";"Social Sciences"
653;21101021459;"Canadian Journal of European and Russian Studies";journal;"25628429";"Carleton University - Centre for European Studies";Yes;Yes;0,203;Q3;6;9;30;597;20;26;0,60;66,33;33,33;0;Canada;Northern America;"Carleton University - Centre for European Studies";"2019-2020, 2022-2025";"Law (Q3); Political Science and International Relations (Q3); Sociology and Political Science (Q3)";"Social Sciences"
654;21100945159;"Journal of Law, Finance, and Accounting";journal;"23805013, 23805005";"Now Publishers Inc";No;No;0,203;Q3;11;0;13;0;8;13;0,56;0,00;0,00;0;United States;Northern America;"Now Publishers Inc";"2016-2024";"Law (Q3); Accounting (Q4); Finance (Q4)";"Business, Management and Accounting; Economics, Econometrics and Finance; Social Sciences"
655;21101230392;"Juridical Tribune - Review of Comparative and International Law";journal;"3008637X";"Society of Juridical and Administrative Sciences";Yes;Yes;0,203;Q3;4;37;42;1610;33;42;0,79;43,51;54,24;0;Romania;Eastern Europe;"Society of Juridical and Administrative Sciences";"2024-2025";"Education (Q3); Law (Q3); Political Science and International Relations (Q3); Public Administration (Q4)";"Social Sciences"
656;21101093350;"Kriminologie";journal;"26986779";"Universitat zu Koln";Yes;Yes;0,203;Q3;6;27;59;1300;21;56;0,24;48,15;55,56;0;Germany;Western Europe;"Universitat zu Koln";"2019-2025";"Cultural Studies (Q2); Law (Q3); Social Sciences (miscellaneous) (Q3); Sociology and Political Science (Q3)";"Social Sciences"
657;21101061445;"Acta Universitatis Carolinae Iuridica";journal;"03230619, 23366478";"Karolinum - Nakladatelstvi Univerzity Karlovy";Yes;Yes;0,202;Q3;4;62;167;3619;56;161;0,40;58,37;46,75;0;Czech Republic;Eastern Europe;"Karolinum - Nakladatelstvi Univerzity Karlovy";"2019-2025";"Law (Q3)";"Social Sciences"
658;21101152593;"Novos Estudos Juridicos";journal;"21750491";"UNIVALI";No;No;0,202;Q3;2;21;100;797;16;100;0,13;37,95;44,83;0;Brazil;Latin America;"UNIVALI";"2022-2025";"Law (Q3); Management, Monitoring, Policy and Law (Q4)";"Environmental Science; Social Sciences"
659;21101042011;"Revista Catalana de Dret Ambiental";journal;"2014038X";"Universitat Rovira i Virgili";Yes;Yes;0,202;Q3;7;109;322;1954;50;281;0,10;17,93;53,70;1;Spain;Western Europe;"Universitat Rovira i Virgili";"2019-2025";"Law (Q3); Ecology (Q4); Environmental Science (miscellaneous) (Q4); Management, Monitoring, Policy and Law (Q4)";"Environmental Science; Social Sciences"
660;21101247623;"Cronica Tributaria";journal;"26957566";"Instituto de Estudios Fiscales";Yes;Yes;0,201;Q3;4;27;81;686;13;63;0,19;25,41;35,71;0;Spain;Western Europe;"Instituto de Estudios Fiscales";"2019-2025";"Economics, Econometrics and Finance (miscellaneous) (Q3); Law (Q3); Accounting (Q4); Finance (Q4)";"Business, Management and Accounting; Economics, Econometrics and Finance; Social Sciences"
661;21101072387;"Insurance Markets and Companies";journal;"25229591, 26163551";"LLC CPC Business Perspectives";Yes;No;0,200;Q3;8;24;40;1169;58;40;1,68;48,71;41,82;0;Ukraine;Eastern Europe;"LLC CPC Business Perspectives";"2019-2025";"Law (Q3); Business and International Management (Q4); Finance (Q4); Management Information Systems (Q4); Management of Technology and Innovation (Q4); Marketing (Q4); Organizational Behavior and Human Resource Management (Q4)";"Business, Management and Accounting; Economics, Econometrics and Finance; Social Sciences"
662;21101040212;"Journal of Liberty and International Affairs";journal;"18579760";"Institute for Research and European Studies";Yes;No;0,200;Q3;9;22;191;988;185;191;1,07;44,91;60,00;0;Macedonia;Eastern Europe;"Institute for Research and European Studies";"2019-2025";"Law (Q3); Political Science and International Relations (Q3); Social Sciences (miscellaneous) (Q3); Public Administration (Q4)";"Social Sciences"
663;21101105294;"Revista Brasileira de Seguranca Publica";journal;"19811659, 25950258";"Forum Brasileiro de Seguranca Publica";Yes;Yes;0,200;Q3;4;37;119;1556;19;113;0,15;42,05;36,36;0;Brazil;Latin America;"Forum Brasileiro de Seguranca Publica";"2019-2025";"Law (Q3); Sociology and Political Science (Q3)";"Social Sciences"
664;21100855754;"Australian Journal of Human Rights";journal;"2573573X, 1323238X";"Taylor and Francis Ltd.";No;No;0,199;Q3;20;13;90;491;74;69;0,73;37,77;73,08;0;Australia;Pacific Region;"Taylor and Francis Ltd.";"1994, 1996-2026";"History (Q2); Philosophy (Q2); Law (Q3); Sociology and Political Science (Q3)";"Arts and Humanities; Social Sciences"
665;12600154734;"International Journal of Electronic Security and Digital Forensics";journal;"17519128, 1751911X";"Inderscience Enterprises Ltd";No;No;0,199;Q3;20;46;131;1473;158;131;1,11;32,02;31,82;0;United Kingdom;Western Europe;"Inderscience Enterprises Ltd";"2007-2010, 2012-2026";"Law (Q3); Computer Networks and Communications (Q4); Safety, Risk, Reliability and Quality (Q4)";"Computer Science; Engineering; Social Sciences"
666;17100154726;"Middle East Law and Governance";journal;"18763367, 18763375";"Brill Academic Publishers";No;No;0,199;Q3;22;18;61;1279;43;56;0,46;71,06;60,00;0;Netherlands;Western Europe;"Brill Academic Publishers";"2009-2026";"Arts and Humanities (miscellaneous) (Q2); Law (Q3); Sociology and Political Science (Q3)";"Arts and Humanities; Social Sciences"
667;21100900131;"Terra Economicus";journal;"24104531, 20736606";"Southern Federal University";No;No;0,199;Q3;14;26;107;952;59;107;0,56;36,62;53,33;0;Russian Federation;Eastern Europe;"Southern Federal University";"2018-2025";"History (Q2); Economics, Econometrics and Finance (miscellaneous) (Q3); Law (Q3); Political Science and International Relations (Q3); Sociology and Political Science (Q3)";"Arts and Humanities; Economics, Econometrics and Finance; Social Sciences"
668;20383;"Temple Law Review";journal;"08998086";"Temple University";No;No;0,198;Q3;20;8;45;2088;16;35;0,40;261,00;50,00;0;United States;Northern America;"Temple University";"1992-1994, 1996-2025";"Law (Q3)";"Social Sciences"
669;21101222659;"China Law and Society Review";journal;"25427466, 25427458";"Brill Academic Publishers";No;No;0,197;Q3;9;9;12;546;8;11;0,71;60,67;50,00;0;Netherlands;Western Europe;"Brill Academic Publishers";"2016-2025";"Law (Q3)";"Social Sciences"
670;21101062584;"Journal of Forensic Medicine Science and Law";journal;"22771867, 22778853";"Medicolegal Association of Maharashtra";No;No;0,197;Q3;5;15;111;304;43;104;0,42;20,27;28,57;0;India;Asiatic Region;"Medicolegal Association of Maharashtra";"2019-2025";"Law (Q3); Medicine (miscellaneous) (Q4); Pathology and Forensic Medicine (Q4)";"Medicine; Social Sciences"
671;21101048345;"Journal of Territorial and Maritime Studies";journal;"22886834";"McFarland and Company, Inc";No;No;0,197;Q3;6;13;35;332;32;30;0,61;25,54;23,08;0;United States;Northern America;"McFarland and Company, Inc";"2019-2025";"Geography, Planning and Development (Q3); Law (Q3); Political Science and International Relations (Q3)";"Social Sciences"
672;21101188213;"Revista Chilena de Derecho y Ciencia Politica";journal;"07192150, 07189389";"Catholic University of Temuco Faculty of Law Economics and Administrative Sciences";Yes;Yes;0,197;Q3;4;19;61;1241;30;55;0,55;65,32;33,33;0;Chile;Latin America;"Catholic University of Temuco Faculty of Law Economics and Administrative Sciences";"2019-2026";"Law (Q3); Sociology and Political Science (Q3)";"Social Sciences"
673;21101071253;"Australian Year Book of International Law";journal;"00847658";"Brill Academic Publishers";No;No;0,196;Q3;5;0;33;0;23;32;1,06;0,00;0,00;0;Australia;Pacific Region;"Brill Academic Publishers";"2019, 2021-2023";"Law (Q3)";"Social Sciences"
674;25087;"Criminal Law Forum";journal;"10468374, 15729850";"Springer Science and Business Media B.V.";No;No;0,196;Q3;29;22;41;150;46;41;0,87;6,82;35,71;0;Netherlands;Western Europe;"Springer Science and Business Media B.V.";"1989-1997, 1999-2002, 2004-2026";"Law (Q3)";"Social Sciences"
675;20500195077;"Historia Constitucional";journal;"15764729";"Seminario de Historia Constitucional "Martinez Marina"";Yes;Yes;0,196;Q3;8;29;114;2182;29;112;0,29;75,24;22,86;0;Spain;Western Europe;"Seminario de Historia Constitucional "Martinez Marina"";"2011-2025";"History (Q2); Law (Q3); Political Science and International Relations (Q3); Sociology and Political Science (Q3)";"Arts and Humanities; Social Sciences"
676;17700156417;"Asian Journal of Comparative Law";journal;"19320205, 21946078";"Cambridge University Press";No;No;0,195;Q3;17;8;64;1106;55;63;0,57;138,25;37,50;0;United Kingdom;Western Europe;"Cambridge University Press";"2009-2026";"Law (Q3)";"Social Sciences"
677;21100792108;"Law and Humanities";journal;"17521483, 17521491";"Taylor and Francis Ltd.";No;No;0,195;Q3;10;37;53;1482;29;44;0,42;40,05;53,66;0;United Kingdom;Western Europe;"Taylor and Francis Ltd.";"2007, 2014-2026";"Arts and Humanities (miscellaneous) (Q2); Law (Q3)";"Arts and Humanities; Social Sciences"
678;21101152137;"Revista de Defesa da Concorrencia";journal;"23182253";"Administrative Council for Economic Defense (CADE)";Yes;Yes;0,195;Q3;3;21;53;718;9;53;0,20;34,19;28,57;0;Brazil;Latin America;"Administrative Council for Economic Defense (CADE)";"2019-2025";"Law (Q3); Economics and Econometrics (Q4)";"Economics, Econometrics and Finance; Social Sciences"
679;21101089572;"Zeitschrift fur Auslandisches Offentliches Recht und Volkerrecht";journal;"00442348";"Nomos Verlagsgesellschaft mbH und Co";No;No;0,195;Q3;6;42;111;4904;41;98;0,31;116,76;46,00;0;Germany;Western Europe;"Nomos Verlagsgesellschaft mbH und Co";"2019-2025";"Law (Q3)";"Social Sciences"
680;21100831020;"Civilistica.com";journal;"23168374";"Revista Civilistica";Yes;Yes;0,194;Q3;4;68;110;2365;13;110;0,14;34,78;29,17;0;Brazil;Latin America;"Revista Civilistica";"2017-2025";"Law (Q3)";"Social Sciences"
681;21101329152;"Accounting and Financial Control";journal;"25441450, 25435485";"LLC CPC Business Perspectives";Yes;No;0,193;Q3;2;13;8;583;12;8;1,50;44,85;47,22;0;Ukraine;Eastern Europe;"LLC CPC Business Perspectives";"2024-2026";"Economics, Econometrics and Finance (miscellaneous) (Q3); Law (Q3); Accounting (Q4); Business and International Management (Q4); Business, Management and Accounting (miscellaneous) (Q4)";"Business, Management and Accounting; Economics, Econometrics and Finance; Social Sciences"
682;21101121575;"American Journal of Islam and Society";journal;"26903733, 26903741";"International Institute of Islamic Thought";Yes;Yes;0,193;Q3;5;11;49;558;33;40;0,61;50,73;11,11;0;United States;Northern America;"International Institute of Islamic Thought";"2010-2013, 2020-2025";"Cultural Studies (Q2); History (Q2); Philosophy (Q2); Religious Studies (Q2); Law (Q3); Social Sciences (miscellaneous) (Q3); Sociology and Political Science (Q3)";"Arts and Humanities; Social Sciences"
683;145595;"American Law and Economics Review";journal;"14657260, 14657252";"Oxford University Press";No;No;0,193;Q3;43;0;26;0;16;26;0,67;0,00;0,00;0;United Kingdom;Western Europe;"Oxford University Press";"2001-2002, 2005-2023";"Law (Q3); Finance (Q4)";"Economics, Econometrics and Finance; Social Sciences"
684;21101245239;"Global Privacy Law Review";journal;"26663570, 26663589";"Wolters Kluwer Legal &amp; Regulatory - International Group";No;No;0,193;Q3;7;16;67;258;46;45;0,90;16,13;40,00;0;Netherlands;Western Europe;"Wolters Kluwer Legal &amp; Regulatory - International Group";"2020-2025";"Law (Q3)";"Social Sciences"
685;21101049074;"Gosudarstvo i Pravo";journal;"10269452";"Russian Academy of Sciences";No;No;0,193;Q3;9;220;693;5031;122;692;0,17;22,87;35,82;0;Russian Federation;Eastern Europe;"Russian Academy of Sciences";"2011, 2016, 2020-2025";"Law (Q3)";"Social Sciences"
686;21101281057;"Indonesian Journal of Criminal Law Studies";journal;"25481576, 25481568";"Universitas Negeri Semarang";No;No;0,193;Q3;2;28;26;1264;19;26;0,73;45,14;33,80;0;Indonesia;Asiatic Region;"Universitas Negeri Semarang";"2023-2025";"Gender Studies (Q3); Law (Q3); Social Sciences (miscellaneous) (Q3); Social Psychology (Q4)";"Psychology; Social Sciences"
687;5700165138;"Law and History Review";journal;"07382480, 19399022";"Cambridge University Press";No;No;0,193;Q3;37;49;115;4735;63;113;0,54;96,63;44,90;0;United Kingdom;Western Europe;"Cambridge University Press";"1983-2026";"History (Q2); Law (Q3)";"Arts and Humanities; Social Sciences"
688;21101075355;"Journal of Southeast Asian Human Rights";journal;"25992147";"University of Jember";No;No;0,192;Q3;9;7;44;526;78;40;1,50;75,14;27,27;0;Indonesia;Asiatic Region;"University of Jember";"2019-2025";"Law (Q3); Sociology and Political Science (Q3)";"Social Sciences"
689;21100400016;"Quaderni di Diritto e Politica Ecclesiastica";journal;"11220392, 26122049";"Societa Editrice Il Mulino";No;No;0,192;Q3;5;44;92;1646;12;90;0,13;37,41;38,46;0;Italy;Western Europe;"Societa Editrice Il Mulino";"2015-2025";"Religious Studies (Q2); Law (Q3)";"Arts and Humanities; Social Sciences"
690;21100933962;"Age of Human Rights Journal";journal;"23409592";"Universidad de Jaen";Yes;Yes;0,191;Q3;7;14;83;1026;59;82;0,65;73,29;69,23;0;Spain;Western Europe;"Universidad de Jaen";"2013-2026";"Law (Q3); Political Science and International Relations (Q3); Sociology and Political Science (Q3)";"Social Sciences"
691;21101047912;"Forensic Science and Technology";journal;"10083650";"Editorial Office of Forensic Science and Technology";No;No;0,191;Q3;7;79;248;1731;75;248;0,32;21,91;38,34;0;China;Asiatic Region;"Editorial Office of Forensic Science and Technology";"2019-2025";"Law (Q3); Biochemistry, Genetics and Molecular Biology (miscellaneous) (Q4); Pathology and Forensic Medicine (Q4); Toxicology (Q4)";"Biochemistry, Genetics and Molecular Biology; Medicine; Pharmacology, Toxicology and Pharmaceutics; Social Sciences"
692;21100860693;"Iberoamerica (Russian Federation)";journal;"20759711, 20768400";"Institute of Latin American Studies, Russian Academy of Sciences";No;No;0,191;Q3;5;40;113;1160;17;113;0,09;29,00;51,92;0;Russian Federation;Eastern Europe;"Institute of Latin American Studies, Russian Academy of Sciences";"2017-2025";"Economics, Econometrics and Finance (miscellaneous) (Q3); Law (Q3); Political Science and International Relations (Q3); Sociology and Political Science (Q3); Safety Research (Q4)";"Economics, Econometrics and Finance; Social Sciences"
693;21100218075;"Microwave Review";journal;"24061050, 14505835";"Society for Microwave Technique, Technologies and System";Yes;No;0,191;Q3;10;19;62;443;50;60;0,90;23,32;17,86;0;Serbia;Eastern Europe;"Society for Microwave Technique, Technologies and System";"2012-2025";"Law (Q3); Electrical and Electronic Engineering (Q4)";"Engineering; Social Sciences"
694;21101152743;"Indonesia Law Review";journal;"20888430, 23562129";"University of Indonesia Faculty of Law";Yes;Yes;0,190;Q3;7;12;39;462;23;39;0,54;38,50;36,00;0;Indonesia;Asiatic Region;"University of Indonesia Faculty of Law";"2019-2025";"Law (Q3); Social Sciences (miscellaneous) (Q3); Education (Q4)";"Social Sciences"
695;21101267552;"Indonesian Journal of Environmental Law and Sustainable Development";journal;"28299590, 28299582";"Universitas Negeri Semarang";Yes;No;0,190;Q3;6;12;35;630;29;35;0,58;52,50;31,82;0;Indonesia;Asiatic Region;"Universitas Negeri Semarang";"2022-2025";"Law (Q3); Management, Monitoring, Policy and Law (Q4)";"Environmental Science; Social Sciences"
696;21101189040;"Journal of Sustainable Development Law and Policy";journal;"24678392, 24678406";"Institute for Oil, Gas, Environment, Energy and Sustainable Development, Afe Babalola University";Yes;Yes;0,190;Q3;6;58;93;3453;83;84;0,93;59,53;48,75;0;Nigeria;Africa;"Institute for Oil, Gas, Environment, Energy and Sustainable Development, Afe Babalola University";"2019-2026";"Law (Q3); Social Sciences (miscellaneous) (Q3); Development (Q4)";"Social Sciences"
697;21101192682;"Nuevo Derecho";journal;"20114540, 2500672X";"University Institution of Envigado";Yes;Yes;0,189;Q3;3;10;43;489;12;37;0,24;48,90;28,57;0;Colombia;Latin America;"University Institution of Envigado";"2019-2025";"Law (Q3); Social Sciences (miscellaneous) (Q3)";"Social Sciences"
698;21644;"University of Illinois Law Review";journal;"02769948";"University of Illinois College of Law";No;No;0,189;Q3;39;39;131;14760;86;131;0,46;378,46;25,00;0;United States;Northern America;"University of Illinois College of Law";"1990-1992, 1994-2026";"Law (Q3)";"Social Sciences"
699;21100885611;"European Journal of Comparative Law and Governance";journal;"22134506, 22134514";"Brill Academic Publishers";No;No;0,188;Q3;11;31;50;3206;32;48;0,67;103,42;30,00;0;Netherlands;Western Europe;"Brill Academic Publishers";"2014-2026";"Law (Q3); Sociology and Political Science (Q3); Public Administration (Q4)";"Social Sciences"
700;21634;"Revija za Kriminalistiko in Kriminologijo";journal;"0034690X";"Ministrstvo za notranje zadeve Republike Slovenije Policija";No;No;0,188;Q3;10;32;56;1361;17;41;0,34;42,53;46,88;0;Slovenia;Eastern Europe;"Ministrstvo za notranje zadeve Republike Slovenije Policija";"1981, 2011-2025";"Law (Q3); Pathology and Forensic Medicine (Q4); Social Psychology (Q4)";"Medicine; Psychology; Social Sciences"
701;21101152576;"Revista Eletronica de Direito Processual";journal;"19827636";"Universidade do Estado do Rio de Janeiro";Yes;Yes;0,188;Q3;5;68;253;1957;16;253;0,06;28,78;25,76;0;Brazil;Latin America;"Universidade do Estado do Rio de Janeiro";"2019-2026";"Law (Q3)";"Social Sciences"
702;21101134367;"Revista Juridica Austral";journal;"2684057X, 26840537";"Austral University";Yes;Yes;0,188;Q3;3;32;80;1651;8;75;0,07;51,59;19,35;0;Argentina;Latin America;"Austral University";"2020-2025";"Law (Q3)";"Social Sciences"
703;21101207444;"Studia Iuridica Cassoviensia";journal;"13393995";"Pavol Jozef Safarik University in Kosice Faculty of Law";No;No;0,188;Q3;2;40;35;1359;12;35;0,34;33,98;38,78;0;Slovakia;Eastern Europe;"Pavol Jozef Safarik University in Kosice Faculty of Law";"2023-2025";"Law (Q3)";"Social Sciences"
704;21100814521;"Denver Law Review";journal;"24696471, 24696463";"Denver University Law Review";No;No;0,187;Q3;10;0;55;0;19;54;0,36;0,00;0,00;0;United States;Northern America;"Denver University Law Review";"2015-2023";"Law (Q3)";"Social Sciences"
705;21100850516;"European Journal of Legal Studies";journal;"19732937";"European Journal of Legal Studies";Yes;Yes;0,187;Q3;10;14;57;426;39;46;0,71;30,43;45,45;0;Italy;Western Europe;"European Journal of Legal Studies";"2017-2025";"Law (Q3)";"Social Sciences"
706;17300154836;"Grotiana";journal;"01673831, 18760759";"Brill Academic Publishers";No;No;0,187;Q3;13;14;42;1332;30;38;1,04;95,14;12,50;0;Netherlands;Western Europe;"Brill Academic Publishers";"1980-1982, 1984-1987, 1989-1991, 1993, 1997-1999, 2001, 2003, 2007-2010, 2012-2026";"History (Q2); Law (Q3)";"Arts and Humanities; Social Sciences"
707;21101049052;"Jindal Global Law Review";journal;"09752498, 23644869";"Springer Science and Business Media B.V.";No;No;0,187;Q3;6;32;64;0;42;51;0,64;0,00;45,24;1;Germany;Western Europe;"Springer Science and Business Media B.V.";"2015-2025";"Law (Q3); Sociology and Political Science (Q3)";"Social Sciences"
708;21100235823;"King's Law Journal";journal;"17578442, 09615768";"Taylor and Francis Ltd.";No;No;0,187;Q3;14;36;87;1216;43;79;0,58;33,78;26,32;0;United Kingdom;Western Europe;"Taylor and Francis Ltd.";"2013-2025";"Law (Q3)";"Social Sciences"
709;21100788258;"Jurisprudence";journal;"20403313, 20403321";"Taylor and Francis Ltd.";No;No;0,186;Q3;14;42;72;1982;52;58;0,69;47,19;19,35;0;United Kingdom;Western Europe;"Taylor and Francis Ltd.";"2014-2026";"Philosophy (Q2); Law (Q3)";"Arts and Humanities; Social Sciences"
710;21101050073;"Revista Espanola de Investigacion Criminologica";journal;"16969219";"Sociedad Espanola de Investigacion Criminologica";Yes;Yes;0,186;Q3;6;13;63;693;35;57;0,60;53,31;58,06;0;Spain;Western Europe;"Sociedad Espanola de Investigacion Criminologica";"2016, 2019-2025";"Law (Q3); Social Sciences (miscellaneous) (Q3)";"Social Sciences"
711;21100820654;"Chinese Journal of Comparative Law";journal;"20504802, 20504810";"Oxford University Press";No;No;0,185;Q3;14;13;49;1666;32;49;0,57;128,15;31,25;0;United Kingdom;Western Europe;"Oxford University Press";"2013-2025";"Law (Q3); Economics and Econometrics (Q4)";"Economics, Econometrics and Finance; Social Sciences"
712;21101053586;"European Review of Private Law";journal;"18758371, 09289801";"Kluwer Law International";No;No;0,185;Q3;10;53;146;2355;75;133;0,41;44,43;32,84;0;Netherlands;Western Europe;"Kluwer Law International";"2019-2025";"Law (Q3)";"Social Sciences"
713;21101169073;"International Annals of Criminology";journal;"00034452, 2398676X";"Cambridge University Press";No;No;0,185;Q3;8;40;54;1810;47;51;0,92;45,25;39,77;0;United Kingdom;Western Europe;"Cambridge University Press";"1989, 2019-2026";"Law (Q3)";"Social Sciences"
714;21100441452;"Journal of Strategic Security";journal;"19440472, 19440464";"Henlley-Putnam University Press";Yes;Yes;0,185;Q3;20;63;96;3449;69;96;0,68;54,75;29,87;0;United States;Northern America;"Henlley-Putnam University Press";"2014-2025";"Law (Q3); Political Science and International Relations (Q3); Sociology and Political Science (Q3); Safety Research (Q4)";"Social Sciences"
715;17568;"Law and Philosophy";journal;"15730522, 01675249";"Springer Netherlands";No;No;0,185;Q3;43;30;81;0;53;80;0,61;0,00;18,18;0;Netherlands;Western Europe;"Springer Netherlands";"1982-2026";"Philosophy (Q2); Law (Q3)";"Arts and Humanities; Social Sciences"
716;21101272602;"Contemporary Issues on Interfaith Law and Society";journal;"28298624, 28298373";"Universitas Negeri Semarang";Yes;Yes;0,184;Q3;4;10;31;595;28;31;1,24;59,50;36,11;0;Indonesia;Asiatic Region;"Universitas Negeri Semarang";"2022-2025";"Religious Studies (Q2); Law (Q3); Sociology and Political Science (Q3)";"Arts and Humanities; Social Sciences"
717;21101207445;"Indonesian Journal of Socio-Legal Studies";journal;"28082591";"University of Indonesia Faculty of Law";Yes;Yes;0,184;Q3;5;12;35;583;26;31;1,04;48,58;41,67;0;Indonesia;Asiatic Region;"University of Indonesia Faculty of Law";"2021-2025";"Arts and Humanities (miscellaneous) (Q2); Law (Q3)";"Arts and Humanities; Social Sciences"
718;21101060912;"Zeitschrift fur Europarechtliche Studien";journal;"1435439X";"Nomos Verlagsgesellschaft mbH und Co";No;No;0,184;Q3;6;32;95;907;39;89;0,46;28,34;16,67;0;Germany;Western Europe;"Nomos Verlagsgesellschaft mbH und Co";"2019-2025";"Law (Q3)";"Social Sciences"
719;21100401127;"Global Journal of Comparative Law";journal;"2211906X, 22119051";"Brill Nijhoff";No;No;0,183;Q3;8;12;39;1365;24;38;0,62;113,75;38,10;0;Netherlands;Western Europe;"Brill Nijhoff";"2012-2025";"Law (Q3)";"Social Sciences"
720;17521;"Law and Contemporary Problems";journal;"00239186";"Duke Law Publications";Yes;No;0,183;Q3;49;20;101;3079;69;100;0,67;153,95;22,58;0;United States;Northern America;"Duke Law Publications";"1942, 1950, 1976, 1979, 1981-1982, 1985-1986, 1988-1989, 1991, 1993-1996, 2004-2026";"Law (Q3)";"Social Sciences"
721;7200153158;"Law and Practice of International Courts and Tribunals";journal;"15691853, 15718034";"Brill Academic Publishers";No;No;0,183;Q3;18;9;62;1002;33;56;0,52;111,33;14,29;0;Netherlands;Western Europe;"Brill Academic Publishers";"2007-2026";"Law (Q3); Political Science and International Relations (Q3); Sociology and Political Science (Q3)";"Social Sciences"
722;21101185495;"Pravni Vjesnik";journal;"18490840, 03525317";"Josip Juraj Strossmayer University of Osijek Faculty of Law";Yes;Yes;0,183;Q3;4;25;64;1451;19;64;0,30;58,04;57,58;0;Croatia;Eastern Europe;"Josip Juraj Strossmayer University of Osijek Faculty of Law";"2019-2025";"Law (Q3)";"Social Sciences"
723;21101028387;"Review of Economic Research on Copyright Issues";journal;"16981359, 16981367";"Society for Economic Research on Copyright Issues";No;No;0,183;Q3;2;2;9;51;3;9;0,33;25,50;0,00;0;Spain;Western Europe;"Society for Economic Research on Copyright Issues";"2019-2025";"Economics, Econometrics and Finance (miscellaneous) (Q3); Law (Q3); Management of Technology and Innovation (Q4)";"Business, Management and Accounting; Economics, Econometrics and Finance; Social Sciences"
724;21100244653;"Archivos de Prevencion Riesgos Laborales";journal;"11389672, 15782549";"Academy of Medical and Health Sciences of Catalonia and the Balearic Islands";Yes;Yes;0,182;Q3;9;35;96;438;35;51;0,21;12,51;45,24;0;Spain;Western Europe;"Academy of Medical and Health Sciences of Catalonia and the Balearic Islands";"2012-2014, 2016, 2020-2026";"Law (Q3); Human Factors and Ergonomics (Q4); Public Health, Environmental and Occupational Health (Q4); Safety, Risk, Reliability and Quality (Q4)";"Engineering; Medicine; Social Sciences"
725;21101023953;"Yearbook of Antitrust and Regulatory Studies";journal;"25450115, 16899024";"University of Warsaw";Yes;Yes;0,182;Q3;9;13;53;653;17;44;0,28;50,23;52,63;0;Poland;Eastern Europe;"University of Warsaw";"2008-2025";"Law (Q3); Economics and Econometrics (Q4)";"Economics, Econometrics and Finance; Social Sciences"
726;21101058015;"Asian Journal of Law and Economics";journal;"21544611";"Walter de Gruyter GmbH";No;No;0,181;Q3;10;25;48;999;30;48;0,67;39,96;29,41;0;Germany;Western Europe;"Walter de Gruyter GmbH";"2010-2025";"Economics, Econometrics and Finance (miscellaneous) (Q3); Law (Q3)";"Economics, Econometrics and Finance; Social Sciences"
727;21100403807;"African Journal of Legal Studies";journal;"17087384, 22109730";"Brill Academic Publishers";No;No;0,180;Q3;16;17;50;2022;26;44;0,43;118,94;31,58;0;Netherlands;Western Europe;"Brill Academic Publishers";"2004-2006, 2008-2009, 2011-2026";"Law (Q3); Political Science and International Relations (Q3); Sociology and Political Science (Q3)";"Social Sciences"
728;21101140347;"Global Biosecurity";journal;"26520036";"University of New South Wales";Yes;Yes;0,180;Q3;14;18;76;741;52;63;0,50;41,17;59,46;0;Australia;Pacific Region;"University of New South Wales";"2019-2025";"Law (Q3); Epidemiology (Q4)";"Medicine; Social Sciences"
729;21101109585;"Revista da Faculdade de Direito da Universidade Federal de Minas Gerais";journal;"19841841, 03042340";"Faculdade de Direito da Universidade Federal de Minas Gerais";Yes;Yes;0,180;Q3;3;34;122;1091;9;106;0,08;32,09;51,85;0;Brazil;Latin America;"Faculdade de Direito da Universidade Federal de Minas Gerais";"2019-2025";"Arts and Humanities (miscellaneous) (Q2); History (Q2); Philosophy (Q2); Law (Q3)";"Arts and Humanities; Social Sciences"
730;21101038514;"Russian Journal of Anesthesiology and Reanimatology /Anesteziologiya i Reanimatologiya";journal;"02017563, 24104698";"Media Sphera Publishing Group";No;No;0,180;Q3;13;70;217;2022;116;202;0,46;28,89;37,50;0;Russian Federation;Eastern Europe;"Media Sphera Publishing Group";"1976-2016, 2018-2025";"Anesthesiology and Pain Medicine (Q3); Emergency Medical Services (Q3); Emergency Medicine (Q3); Law (Q3); Critical Care and Intensive Care Medicine (Q4); Pathology and Forensic Medicine (Q4)";"Health Professions; Medicine; Social Sciences"
731;21101243619;"Journal of Law, Market and Innovation";journal;"27857867";"University of Torino";Yes;Yes;0,179;Q3;4;29;63;316;32;47;0,43;10,90;51,28;0;Italy;Western Europe;"University of Torino";"2022-2025";"Law (Q3)";"Social Sciences"
732;21100797848;"Potchefstroom Electronic Law Journal";journal;"17273781";"North-West Unversity";Yes;No;0,179;Q3;15;58;246;3104;96;232;0,35;53,52;44,90;0;South Africa;Africa;"North-West Unversity";"2013-2026";"Law (Q3); Sociology and Political Science (Q3)";"Social Sciences"
733;21100242828;"Revista de Direito, Estado e Telecomunicacoes";journal;"19849729, 19848161";"Universidade de Brasilia";Yes;Yes;0,179;Q3;9;27;71;1260;50;71;0,66;46,67;49,21;0;Brazil;Latin America;"Universidade de Brasilia";"2009, 2013-2025";"Law (Q3); Computer Networks and Communications (Q4); Electrical and Electronic Engineering (Q4)";"Computer Science; Engineering; Social Sciences"
734;21101090844;"Revista del Ministerio de Trabajo y Economia Social";journal;"26604655, 26604647";"";No;No;0,179;Q3;4;19;102;555;14;92;0,05;29,21;43,75;0;Spain;Western Europe;"";"2020-2025";"Demography (Q3); Economics, Econometrics and Finance (miscellaneous) (Q3); Law (Q3); Sociology and Political Science (Q3)";"Economics, Econometrics and Finance; Social Sciences"
735;21101052717;"Journal of Data Protection and Privacy";journal;"23981687, 23981679";"Henry Stewart Publications";No;No;0,178;Q3;9;23;76;1109;67;65;0,85;48,22;71,43;0;United Kingdom;Western Europe;"Henry Stewart Publications";"2017-2026";"Law (Q3); Management Information Systems (Q4); Marketing (Q4); Strategy and Management (Q4)";"Business, Management and Accounting; Social Sciences"
736;21100887515;"Journal of Private International Law";journal;"17578418, 17441048";"Taylor and Francis Ltd.";No;No;0,178;Q3;21;22;69;1779;50;68;0,60;80,86;40,00;0;United Kingdom;Western Europe;"Taylor and Francis Ltd.";"2005-2025";"Law (Q3); Political Science and International Relations (Q3)";"Social Sciences"
737;146189;"Legal Ethics";journal;"1460728X, 17578450";"Routledge";No;No;0,178;Q3;16;3;37;159;28;29;0,73;53,00;25,00;0;United Kingdom;Western Europe;"Routledge";"1998-2026";"Philosophy (Q2); Law (Q3)";"Arts and Humanities; Social Sciences"
738;21101392362;"Nusantara: Journal of Law Studies";journal;"29643384";"PT. Islamic Research Publisher";No;No;0,178;Q3;10;14;36;376;26;36;0,74;26,86;23,81;0;Indonesia;Asiatic Region;"PT. Islamic Research Publisher";"2022-2026";"Cultural Studies (Q2); Law (Q3); Management, Monitoring, Policy and Law (Q4)";"Environmental Science; Social Sciences"
739;13201;"Communication Law and Policy";journal;"15326926, 10811680";"Routledge";No;No;0,177;Q3;15;2;37;145;24;33;0,64;72,50;66,67;0;United States;Northern America;"Routledge";"2005-2025";"Communication (Q3); Law (Q3)";"Social Sciences"
740;21100924840;"European Data Protection Law Review";journal;"2364284X, 23642831";"Lexxion Verlagsgesellschaft mbH";No;No;0,177;Q3;10;66;176;1732;88;94;0,37;26,24;51,22;0;Germany;Western Europe;"Lexxion Verlagsgesellschaft mbH";"2019-2025";"Law (Q3)";"Social Sciences"
741;5700153945;"Alternative Law Journal";journal;"1037969X, 23989084";"SAGE Publications Inc.";No;No;0,176;Q3;18;60;172;1460;112;132;0,64;24,33;70,49;0;United Kingdom;Western Europe;"SAGE Publications Inc.";"2002-2026";"Law (Q3); Sociology and Political Science (Q3)";"Social Sciences"
742;4400151416;"Muslim World Journal of Human Rights";journal;"15544419, 21946558";"Walter de Gruyter GmbH";No;No;0,176;Q3;15;7;11;555;10;11;1,00;79,29;55,56;0;Germany;Western Europe;"Walter de Gruyter GmbH";"2006-2007, 2009-2025";"Law (Q3); Political Science and International Relations (Q3); Sociology and Political Science (Q3)";"Social Sciences"
743;19192;"Natural Resources Journal";journal;"00280739";"University of New Mexico";Yes;No;0,176;Q3;33;12;36;712;27;25;0,76;59,33;46,67;0;United States;Northern America;"University of New Mexico";"1977-2025";"Law (Q3); Environmental Science (miscellaneous) (Q4)";"Environmental Science; Social Sciences"
744;21101184429;"ELTE Law Journal";journal;"20644965";"Eotvos Lorand Tudomanyegyetem";No;No;0,175;Q3;4;16;49;676;18;44;0,39;42,25;60,00;0;Hungary;Eastern Europe;"Eotvos Lorand Tudomanyegyetem";"2019-2025";"Law (Q3)";"Social Sciences"
745;21100845659;"Revista Chilena de Derecho y Tecnologia";journal;"07192576, 07192584";"Universidad de Chile";Yes;Yes;0,175;Q3;9;0;52;0;24;51;0,51;0,00;0,00;0;Chile;Latin America;"Universidad de Chile";"2017-2024";"Law (Q3); Computer Networks and Communications (Q4); Information Systems (Q4)";"Computer Science; Social Sciences"
746;21100935074;"British Tax Review";journal;"00071870";"Thomson Reuters";No;No;0,174;Q3;5;49;129;1242;31;85;0,28;25,35;40,91;0;United States;Northern America;"Thomson Reuters";"2019-2025";"Law (Q3); Accounting (Q4); Finance (Q4)";"Business, Management and Accounting; Economics, Econometrics and Finance; Social Sciences"
747;21100407836;"Journal of International Humanitarian Legal Studies";journal;"18781373, 18781527";"Brill Academic Publishers";No;No;0,174;Q3;16;17;53;2736;23;46;0,34;160,94;64,71;1;Netherlands;Western Europe;"Brill Academic Publishers";"2010-2026";"Law (Q3)";"Social Sciences"
748;21101267554;"Indonesian State Law Review";journal;"26548763, 26543125";"Universitas Negeri Semarang";No;No;0,173;Q3;5;10;35;450;19;35;0,20;45,00;42,86;0;Indonesia;Asiatic Region;"Universitas Negeri Semarang";"2020-2025";"Law (Q3); Political Science and International Relations (Q3); Sociology and Political Science (Q3); Public Administration (Q4)";"Social Sciences"
749;9500154032;"Journal of Legal Medicine";journal;"01947648, 1521057X";"Taylor and Francis Ltd.";No;No;0,173;Q3;23;10;18;89;11;15;0,10;8,90;59,26;0;United Kingdom;Western Europe;"Taylor and Francis Ltd.";"1974-1975, 1979-2015, 2017-2023, 2025-2026";"Law (Q3); Medicine (miscellaneous) (Q4)";"Medicine; Social Sciences"
750;13038;"Cleveland State Law Review";journal;"00098876";"Cleveland-Marshall College of Law";No;No;0,171;Q3;8;24;89;6471;25;89;0,30;269,63;45,83;0;United States;Northern America;"Cleveland-Marshall College of Law";"1974-1975, 1980, 1982-1983, 1990, 1995, 1997, 1999, 2001, 2016-2025";"Law (Q3)";"Social Sciences"
751;21100942373;"International Arbitration Law Review";journal;"13678272";"Thomson Reuters";No;No;0,171;Q3;3;20;53;1112;6;52;0,17;55,60;40,00;0;United States;Northern America;"Thomson Reuters";"2019-2025";"Law (Q3); Political Science and International Relations (Q3)";"Social Sciences"
752;21100396382;"Materiali per una Storia della Cultura Giuridica";journal;"2612209X, 11209607";"Societa Editrice Il Mulino";No;No;0,171;Q3;6;32;86;2012;14;84;0,19;62,88;42,86;0;Italy;Western Europe;"Societa Editrice Il Mulino";"2015-2025";"Law (Q3); Sociology and Political Science (Q3)";"Social Sciences"
753;21101264296;"Przeglad Prawa Rolnego";journal;"18977626, 27197026";"Adam Mickiewicz University Faculty of Law and Administration";Yes;Yes;0,171;Q3;4;25;79;520;15;77;0,16;20,80;34,78;0;Poland;Eastern Europe;"Adam Mickiewicz University Faculty of Law and Administration";"2020-2025";"Law (Q3); Agricultural and Biological Sciences (miscellaneous) (Q4); Environmental Science (miscellaneous) (Q4); Public Administration (Q4)";"Agricultural and Biological Sciences; Environmental Science; Social Sciences"
754;21101152724;"Revista de la Facultad de Derecho y Ciencias Politicas";journal;"01203886, 23900016";"Universidad Pontificia Bolivariana";Yes;Yes;0,171;Q3;3;8;71;295;19;71;0,36;36,88;22,22;0;Colombia;Latin America;"Universidad Pontificia Bolivariana";"2019-2025";"Law (Q3)";"Social Sciences"
755;21100945266;"Science and Innovation";journal;"24099066, 24134996";"Publishing House Akademperiodyka";No;No;0,171;Q3;13;57;149;1718;148;149;1,09;30,14;52,14;0;Ukraine;Eastern Europe;"Publishing House Akademperiodyka";"2014-2026";"Law (Q3); Computer Science Applications (Q4); Engineering (miscellaneous) (Q4); Information Systems and Management (Q4); Management of Technology and Innovation (Q4)";"Business, Management and Accounting; Computer Science; Decision Sciences; Engineering; Social Sciences"
756;5600152881;"Human Affairs";journal;"12103055, 1337401X";"Walter de Gruyter GmbH";No;No;0,170;Q3;23;39;117;1673;64;110;0,66;42,90;46,97;0;Germany;Western Europe;"Walter de Gruyter GmbH";"1991-2026";"Philosophy (Q2); Law (Q3); Sociology and Political Science (Q3)";"Arts and Humanities; Social Sciences"
757;21101152866;"Lentera Hukum";journal;"23554673, 26213710";"University of Jember";Yes;No;0,170;Q3;8;11;44;726;65;42;1,48;66,00;51,85;0;Indonesia;Asiatic Region;"University of Jember";"2019-2025";"Law (Q3); Sociology and Political Science (Q3)";"Social Sciences"
758;21100244950;"Rassegna Italiana di Criminologia";journal;"11211717, 22408053";"Pensa MultiMedia";No;No;0,170;Q3;12;21;94;1025;33;91;0,35;48,81;58,33;0;Italy;Western Europe;"Pensa MultiMedia";"2013-2025";"Law (Q3)";"Social Sciences"
759;21101186926;"Actualidad Civil";journal;"02137100, 22549412";"Karnov Group";No;No;0,169;Q3;3;36;159;1338;11;120;0,03;37,17;42,86;0;United Kingdom;Western Europe;"Karnov Group";"2019-2026";"Law (Q3)";"Social Sciences"
760;21100219313;"Asian Journal of WTO and International Health Law and Policy";journal;"18195164";"National Taiwan University (IEEB)";No;No;0,169;Q3;11;14;37;462;20;35;0,57;33,00;46,15;0;Taiwan;Asiatic Region;"National Taiwan University (IEEB)";"2009-2012, 2016-2025";"Law (Q3); Political Science and International Relations (Q3); Economics and Econometrics (Q4); Health (social science) (Q4); Public Health, Environmental and Occupational Health (Q4)";"Economics, Econometrics and Finance; Medicine; Social Sciences"
761;20461;"Public Law";journal;"00333565, 2754219X";"Sweet and Maxwell-Thomson Reuters";No;No;0,169;Q3;4;10;79;200;43;53;0,51;20,00;42,86;0;United Kingdom;Western Europe;"Sweet and Maxwell-Thomson Reuters";"1967, 1976, 1982-1983, 1988, 1992, 2022-2025";"Law (Q3)";"Social Sciences"
762;20546;"Ratio Juris";journal;"14679337, 09521917";"Basil Blackwell";No;No;0,169;Q3;18;15;61;577;43;61;0,49;38,47;27,27;0;United Kingdom;Western Europe;"Basil Blackwell";"1988-1995, 2004, 2011-2025";"Law (Q3)";"Social Sciences"
763;21101315872;"Revista Juridica Digital Uandes";journal;"07197942";"University of the Andes";Yes;No;0,169;Q3;2;3;43;196;9;43;0,24;65,33;33,33;0;Chile;Latin America;"University of the Andes";"2021-2025";"Law (Q3)";"Social Sciences"
764;21101268970;"Jurnal Hukum Bisnis Bonum Commune";journal;"2622982X, 26229668";"Fakultas Hukum Universitas 17 Agustus 1945 Surabaya";No;No;0,168;Q3;4;25;47;1152;30;47;0,73;46,08;42,31;0;Indonesia;Asiatic Region;"Fakultas Hukum Universitas 17 Agustus 1945 Surabaya";"2020-2025";"Law (Q3)";"Social Sciences"
765;21100245722;"European Food and Feed Law Review";journal;"21908214, 18622720";"Lexxion";Yes;No;0,167;Q3;13;59;196;781;52;100;0,24;13,24;56,25;0;Germany;Western Europe;"Lexxion";"2013-2025";"Law (Q3); Food Science (Q4)";"Agricultural and Biological Sciences; Social Sciences"
766;21101017894;"Journal of Forensic Science and Medicine";journal;"23495014, 24550094";"Wolters Kluwer Medknow Publications";Yes;Yes;0,167;Q3;11;48;133;1651;57;129;0,45;34,40;45,35;0;India;Asiatic Region;"Wolters Kluwer Medknow Publications";"2015-2025";"Law (Q3); Pathology and Forensic Medicine (Q4)";"Medicine; Social Sciences"
767;21101020095;"Krytyka Prawa";journal;"24507938, 20801084";"";Yes;Yes;0,167;Q3;6;58;216;1532;48;180;0,23;26,41;57,89;0;Poland;Eastern Europe;"";"2019-2025";"Law (Q3)";"Social Sciences"
768;21100228053;"Law and Development Review";journal;"19433867, 21946523";"Walter de Gruyter GmbH";No;No;0,167;Q3;13;18;47;1317;55;45;1,03;73,17;45,45;0;Germany;Western Europe;"Walter de Gruyter GmbH";"2012-2026";"Law (Q3); Development (Q4); Economics, Econometrics and Finance (miscellaneous) (Q4)";"Economics, Econometrics and Finance; Social Sciences"
769;19900193554;"Revista de Derecho Comunitario Europeo";journal;"19895569, 11384026";"Centro de Estudios Politicos y Constitucionales";No;Yes;0,167;Q3;9;27;75;803;31;62;0,38;29,74;29,63;1;Spain;Western Europe;"Centro de Estudios Politicos y Constitucionales";"2008-2025";"Law (Q3); Political Science and International Relations (Q3); Sociology and Political Science (Q3)";"Social Sciences"
770;16227;"Journal of Law and Medicine";journal;"1320159X";"Thomson Reuters (Professional) Australia Ltd";No;No;0,166;Q3;23;40;175;0;88;172;0,58;0,00;44,59;0;Australia;Pacific Region;"Thomson Reuters (Professional) Australia Ltd";"1994, 2001-2025";"Law (Q3); Health Policy (Q4); Issues, Ethics and Legal Aspects (Q4); Medicine (miscellaneous) (Q4)";"Medicine; Nursing; Social Sciences"
771;19157;"South African Law Journal";journal;"19962177, 02582503";"Juta and Company Ltd";No;No;0,166;Q3;6;37;93;277;23;85;0,23;7,49;54,84;0;South Africa;Africa;"Juta and Company Ltd";"1977-1978, 1997, 2001-2002, 2019-2025";"Law (Q3)";"Social Sciences"
772;21100242265;"International Journal of Intellectual Property Management";journal;"14789647, 14789655";"Inderscience";No;No;0,165;Q3;15;30;85;1856;73;85;0,54;61,87;50,85;0;Switzerland;Western Europe;"Inderscience";"2006-2016, 2019-2025";"Law (Q3); Business and International Management (Q4); Strategy and Management (Q4)";"Business, Management and Accounting; Social Sciences"
773;21101075274;"Revista de Direito Economico e Socioambiental";journal;"2179345X, 21798214";"Pontificia Universidade Catolica do Parana";Yes;Yes;0,165;Q3;5;40;71;2234;11;71;0,16;55,85;42,86;0;Brazil;Latin America;"Pontificia Universidade Catolica do Parana";"2019-2026";"Law (Q3)";"Social Sciences"
774;21100841277;"Archivio Penale";journal;"00040304, 23849479";"Pisa University Press";No;No;0,164;Q3;4;63;398;4866;15;391;0,04;77,24;46,03;0;Italy;Western Europe;"Pisa University Press";"2017-2026";"Law (Q3)";"Social Sciences"
775;21101387481;"Human Rights in the Global South";journal;"29625556";"Serikat Pengajar Hak Asasi Manusia Indonesia";No;No;0,164;Q3;3;2;13;151;12;13;0,67;75,50;66,67;0;Indonesia;Asiatic Region;"Serikat Pengajar Hak Asasi Manusia Indonesia";"2022-2025";"Gender Studies (Q3); Law (Q3); Political Science and International Relations (Q3); Sociology and Political Science (Q3)";"Social Sciences"
776;21101061921;"Krakowskie Studia z Historii Panstwa i Prawa";journal;"20844131, 20844115";"Jagiellonian University Press";Yes;Yes;0,164;Q3;4;37;109;1753;14;109;0,03;47,38;36,67;0;Poland;Eastern Europe;"Jagiellonian University Press";"2019-2025";"History (Q2); Law (Q3); Political Science and International Relations (Q3); Public Administration (Q4)";"Arts and Humanities; Social Sciences"
777;21101267548;"Polish Review of International and European Law";journal;"25447432, 22992170";"Cardinal Stefan Wyszynski University in Warsaw";No;No;0,164;Q3;3;12;45;829;16;42;0,44;69,08;38,89;0;Poland;Eastern Europe;"Cardinal Stefan Wyszynski University in Warsaw";"2020-2025";"Law (Q3)";"Social Sciences"
778;21101126462;"Erasmus Law Review";journal;"22102671";"Boom Uitgevers";Yes;Yes;0,163;Q3;9;9;67;577;46;61;0,75;64,11;85,71;0;Netherlands;Western Europe;"Boom Uitgevers";"2019-2025";"Law (Q3)";"Social Sciences"
779;19763;"Federal Probation";journal;"00149128";"Administrative Office of the United States Courts";No;No;0,163;Q3;42;1;46;0;19;44;0,47;0,00;0,00;0;United States;Northern America;"Administrative Office of the United States Courts";"1974-1982, 1996-2024";"Law (Q3); Pathology and Forensic Medicine (Q4)";"Medicine; Social Sciences"
780;21101176032;"International Journal of Language and Law";journal;"21947414";"";Yes;Yes;0,163;Q3;6;15;26;685;18;25;0,59;45,67;53,85;0;Germany;Western Europe;"";"2019-2025";"Law (Q3); Linguistics and Language (Q3)";"Social Sciences"
781;21101152541;"Ius et Veritas";journal;"19952929, 24118834";"Pontificia Universidad Catolica del Peru";No;Yes;0,163;Q3;5;16;91;937;22;86;0,12;58,56;53,33;0;Peru;Latin America;"Pontificia Universidad Catolica del Peru";"2019-2025";"Law (Q3)";"Social Sciences"
782;21101210517;"Journal of Civil Law Studies";journal;"19443749";"Louisiana State University, Center of Civil Law Studies";No;No;0,163;Q3;4;23;41;1730;12;28;0,36;75,22;25,00;0;United States;Northern America;"Louisiana State University, Center of Civil Law Studies";"2020, 2022-2025";"Law (Q3)";"Social Sciences"
783;21101087366;"Market and Competition Law Review";journal;"21840008";"Universidade Catolica Editora";Yes;Yes;0,163;Q3;6;13;34;358;17;29;0,67;27,54;66,67;0;Portugal;Western Europe;"Universidade Catolica Editora";"2019-2025";"Law (Q3)";"Social Sciences"
784;21101039257;"Revista Brasileira de Estudos Politicos";journal;"23595736, 00347191";"Universidade Federal de Minas Gerais, Faculdade de Letras";Yes;Yes;0,163;Q3;5;20;96;730;12;93;0,15;36,50;26,92;0;Brazil;Latin America;"Universidade Federal de Minas Gerais, Faculdade de Letras";"2019-2025";"Law (Q3); Sociology and Political Science (Q3)";"Social Sciences"
785;21100812584;"Revista Republicana";journal;"19094450, 22565027";"Corporacion Universitaria Republicana";Yes;No;0,163;Q3;9;18;60;664;13;60;0,23;36,89;21,88;0;Colombia;Latin America;"Corporacion Universitaria Republicana";"2016-2025";"Law (Q3); Sociology and Political Science (Q3)";"Social Sciences"
786;29266;"Buffalo Law Review";journal;"00239356";"State University of New York at Buffalo Law School";No;No;0,162;Q3;23;23;70;4808;18;67;0,19;209,04;29,17;0;United States;Northern America;"State University of New York at Buffalo Law School";"1973-1976, 1978-1979, 1982, 1990-1994, 1996, 1999-2000, 2002-2025";"Law (Q3)";"Social Sciences"
787;21100421902;"Iberoamerican Journal of Development Studies";journal;"22542035";"University of Zaragoza";Yes;Yes;0,162;Q3;11;20;66;1461;42;66;0,56;73,05;47,62;0;Spain;Western Europe;"University of Zaragoza";"2012-2025";"History (Q2); Law (Q3); Sociology and Political Science (Q3); Development (Q4); Geography, Planning and Development (Q4)";"Arts and Humanities; Social Sciences"
788;19700169852;"Indiana Journal of Global Legal Studies";journal;"10800727, 15430367";"Indiana University Press";No;No;0,162;Q3;21;0;67;0;69;66;1,18;0,00;0,00;0;United States;Northern America;"Indiana University Press";"2013-2024";"Law (Q3)";"Social Sciences"
789;21101052245;"Revista Electronica de Estudios Internacionales";journal;"16975197";"Asociacion Espanola de Profesores de Derecho internacional y Relaciones internacionales";Yes;Yes;0,161;Q3;5;29;98;3207;26;98;0,27;110,59;66,67;0;Spain;Western Europe;"Asociacion Espanola de Profesores de Derecho internacional y Relaciones internacionales";"2019-2025";"Law (Q3)";"Social Sciences"
790;21101052925;"Russian Journal of Forensic Medicine";journal;"24118729, 24094161";"Eco-Vector LLC";Yes;No;0,161;Q3;7;35;140;1174;41;139;0,32;33,54;45,16;0;Russian Federation;Eastern Europe;"Eco-Vector LLC";"2019-2025";"Law (Q3); Anatomy (Q4); Pathology and Forensic Medicine (Q4)";"Medicine; Social Sciences"
791;21101043440;"Polish Yearbook of International Law";journal;"0554498X";"Institute of Law Studies of the Polish Academy of Sciences and the Committee on Legal Sciences of the Polish Academy of Sciences";Yes;Yes;0,160;Q3;3;1;36;91;11;35;0,20;91,00;100,00;0;Poland;Eastern Europe;"Institute of Law Studies of the Polish Academy of Sciences and the Committee on Legal Sciences of the Polish Academy of Sciences";"2011, 2020-2023, 2025-2026";"Law (Q3)";"Social Sciences"
792;21101039229;"Revista de Direito";journal;"25270389, 18068790";"Universidade Federal de Vicosa";Yes;Yes;0,160;Q3;3;45;81;1428;14;80;0,22;31,73;44,44;0;Brazil;Latin America;"Universidade Federal de Vicosa";"2019-2026";"Law (Q3)";"Social Sciences"
793;21101147606;"Bratislava Law Review";journal;"25857088, 26446359";"Comenius University in Bratislava Faculty of Law";Yes;Yes;0,159;Q3;4;30;89;1254;38;89;0,46;41,80;53,49;0;Slovakia;Eastern Europe;"Comenius University in Bratislava Faculty of Law";"2019-2025";"Law (Q3)";"Social Sciences"
794;21101152620;"Revista Iberoamericana de la Propiedad Intelectual";journal;"2422569X";"Austral University";Yes;Yes;0,159;Q3;2;26;42;1369;8;37;0,15;52,65;34,78;0;Argentina;Latin America;"Austral University";"2019-2025";"Law (Q3)";"Social Sciences"
795;21101244203;"Yearbook of International Disaster Law";journal;"25900846, 26662531";"Brill Nijhoff";No;No;0,159;Q3;6;32;60;2504;20;60;0,18;78,25;48,78;0;Netherlands;Western Europe;"Brill Nijhoff";"2018-2019, 2021-2025";"Law (Q3)";"Social Sciences"
796;21101121920;"Estudios de Derecho";journal;"21456151, 01201867";"Universidad de Antioquia";Yes;Yes;0,158;Q3;4;13;52;576;12;50;0,26;44,31;31,25;0;Colombia;Latin America;"Universidad de Antioquia";"2019-2025";"Law (Q3); Political Science and International Relations (Q4)";"Social Sciences"
797;27718;"Archiwum Medycyny Sadowej i Kryminologii";journal;"16891716, 03248267";"Polskie Towarzystwo Medycyny Sadowej i Kryminologii";Yes;Yes;0,157;Q3;10;24;67;468;19;61;0,32;19,50;60,71;0;Poland;Eastern Europe;"Polskie Towarzystwo Medycyny Sadowej i Kryminologii";"1974-1983, 2002-2025";"Law (Q3); Pathology and Forensic Medicine (Q4)";"Medicine; Social Sciences"
798;21100970293;"European Procurement and Public Private Partnership Law Review";journal;"21947384, 21947376";"Lexxion Verlagsgesellschaft mbH";No;No;0,157;Q3;5;45;103;758;27;70;0,29;16,84;37,21;0;Germany;Western Europe;"Lexxion Verlagsgesellschaft mbH";"2019-2025";"Law (Q3); Economics, Econometrics and Finance (miscellaneous) (Q4)";"Economics, Econometrics and Finance; Social Sciences"
799;21100945716;"Croatian and Comparative Public Administration";journal;"18480357, 18492150";"Institute for Public Administration,  Croatian and Comparative Public Administration";No;No;0,156;Q3;6;26;75;1323;34;68;0,34;50,88;33,93;0;Croatia;Eastern Europe;"Institute for Public Administration,  Croatian and Comparative Public Administration";"2019-2026";"Law (Q3); Public Administration (Q4)";"Social Sciences"
800;21101291390;"Journal of College of Sharia and Islamic Studies";journal;"23055545, 25231715";"Qatar University Press";Yes;No;0,156;Q3;3;24;50;875;21;44;0,42;36,46;21,05;0;Qatar;Middle East;"Qatar University Press";"2022-2026";"Cultural Studies (Q2); Arts and Humanities (miscellaneous) (Q3); Law (Q3); Education (Q4)";"Arts and Humanities; Social Sciences"
801;21100786529;"Mezhdunarodnye Protsessy";journal;"17282756, 18112773";"Academic Educational Forum on International Relations";Yes;Yes;0,156;Q3;9;0;73;0;21;73;0,39;0,00;0,00;0;Russian Federation;Eastern Europe;"Academic Educational Forum on International Relations";"2015-2024";"Cultural Studies (Q2); History (Q2); Law (Q3); Economics, Econometrics and Finance (miscellaneous) (Q4); Political Science and International Relations (Q4)";"Arts and Humanities; Economics, Econometrics and Finance; Social Sciences"
802;21100429175;"Northwestern Journal of International Law and Business";journal;"01963228";"Northwestern University School of Law";No;No;0,156;Q3;11;4;34;139;17;27;0,48;34,75;25,00;0;United States;Northern America;"Northwestern University School of Law";"2015-2025";"Law (Q3); Business and International Management (Q4); Strategy and Management (Q4)";"Business, Management and Accounting; Social Sciences"
803;21101264986;"Review of European and Comparative Law";journal;"2545384X";"John Paul II Catholic University of Lublin";Yes;Yes;0,156;Q3;3;48;103;1406;45;102;0,44;29,29;42,11;0;Poland;Eastern Europe;"John Paul II Catholic University of Lublin";"2023-2025";"Law (Q3)";"Social Sciences"
804;21100858112;"Journal on European History of Law";journal;"20426402, 30499089";"STS Science Centre Ltd";Yes;Yes;0,155;Q3;5;44;139;1715;73;129;0,50;38,98;28,57;0;United Kingdom;Western Europe;"STS Science Centre Ltd";"2017-2025";"History (Q2); Law (Q3)";"Arts and Humanities; Social Sciences"
805;21101052922;"Arab Journal of Forensic Sciences and Forensic Medicine";journal;"16586786, 16586794";"Naif University Publishing House";Yes;Yes;0,154;Q3;5;7;55;209;24;55;0,53;29,86;47,62;0;Saudi Arabia;Middle East;"Naif University Publishing House";"2019-2026";"Law (Q3); Biochemistry (medical) (Q4); Epidemiology (Q4); Pathology and Forensic Medicine (Q4); Toxicology (Q4)";"Medicine; Pharmacology, Toxicology and Pharmaceutics; Social Sciences"
806;21101032706;"European Competition and Regulatory Law Review";journal;"25103148";"Lexxion Verlagsgesellschaft mbH";No;No;0,154;Q3;6;54;134;1577;21;72;0,12;29,20;52,50;0;Germany;Western Europe;"Lexxion Verlagsgesellschaft mbH";"2017-2025";"Law (Q3); Economics, Econometrics and Finance (miscellaneous) (Q4)";"Economics, Econometrics and Finance; Social Sciences"
807;21101062500;"Review of European Administrative Law";journal;"18747973, 18747981";"Uitgeverij Paris";No;No;0,154;Q3;10;18;59;1781;21;49;0,30;98,94;63,16;0;Netherlands;Western Europe;"Uitgeverij Paris";"2019-2025";"Law (Q3)";"Social Sciences"
808;21101146362;"International Transfer Pricing Journal";journal;"23529172, 13853074";"International Bureau of Fiscal Documentation (IBFD)";No;No;0,153;Q3;3;39;182;374;19;181;0,13;9,59;46,03;0;Netherlands;Western Europe;"International Bureau of Fiscal Documentation (IBFD)";"2019-2025";"Law (Q3); Economics, Econometrics and Finance (miscellaneous) (Q4)";"Economics, Econometrics and Finance; Social Sciences"
809;21100287304;"Manchester Journal of International Economic Law";journal;"17423945";"Electronicpublications.org Ltd";No;No;0,153;Q3;7;19;65;1493;15;61;0,21;78,58;25,00;0;United Kingdom;Western Europe;"Electronicpublications.org Ltd";"2013-2025";"Law (Q3); Economics and Econometrics (Q4)";"Economics, Econometrics and Finance; Social Sciences"
810;19914;"Pravny Obzor";journal;"00326984, 27299228";"Slovak Academic Press Ltd";No;No;0,153;Q3;3;36;109;736;12;97;0,09;20,44;27,27;0;Slovakia;Eastern Europe;"Slovak Academic Press Ltd";"1979-1991, 2019-2025";"Law (Q3)";"Social Sciences"
811;25902;"South African Journal on Human Rights";journal;"02587203, 19962126";"Taylor and Francis Ltd.";No;No;0,153;Q3;19;6;51;293;25;49;0,31;48,83;40,00;0;United Kingdom;Western Europe;"Taylor and Francis Ltd.";"1986, 1992-1994, 2008-2026";"Law (Q3); Sociology and Political Science (Q4)";"Social Sciences"
812;21101061829;"Law, Environment and Development Journal";journal;"17465893";"University of London";Yes;Yes;0,152;Q3;5;12;14;965;7;14;0,54;80,42;66,67;0;United Kingdom;Western Europe;"University of London";"2019-2025";"Law (Q3); Geography, Planning and Development (Q4); Management, Monitoring, Policy and Law (Q4)";"Environmental Science; Social Sciences"
813;21101186343;"Peking University Law Journal";journal;"20525907, 20517483";"Informa UK Ltd";No;No;0,152;Q3;4;9;37;307;14;37;0,24;34,11;50,00;0;United Kingdom;Western Europe;"Informa UK Ltd";"2013-2025";"Law (Q3)";"Social Sciences"
814;21100813711;"Ragion Pratica";journal;"17202396, 26121441";"Societa Editrice Il Mulino";No;No;0,152;Q3;6;20;84;1128;10;83;0,06;56,40;22,73;0;Italy;Western Europe;"Societa Editrice Il Mulino";"2016-2025";"Philosophy (Q2); Law (Q3); Sociology and Political Science (Q4)";"Arts and Humanities; Social Sciences"
815;21101246928;"Udayana Journal of Law and Culture";journal;"25490680";"Udayana University";Yes;Yes;0,152;Q3;4;10;35;754;22;35;0,74;75,40;46,43;0;Indonesia;Asiatic Region;"Udayana University";"2020-2025";"Cultural Studies (Q2); Gender Studies (Q3); Law (Q3); Social Sciences (miscellaneous) (Q4)";"Social Sciences"
816;5800172268;"Boletin Mexicano de Derecho Comparado";journal;"00418633";"Universidad Nacional Autonoma de Mexico";Yes;Yes;0,151;Q3;12;30;96;1427;19;96;0,14;47,57;51,72;0;Mexico;Latin America;"Universidad Nacional Autonoma de Mexico";"1991, 2009-2026";"Law (Q3)";"Social Sciences"
817;21100854772;"Cuadernos Europeos de Deusto";journal;"11308354, 24453587";"Universidad de Deusto";Yes;Yes;0,151;Q3;6;12;65;569;36;64;0,44;47,42;45,45;0;Spain;Western Europe;"Universidad de Deusto";"2017-2025";"Cultural Studies (Q2); History (Q2); Law (Q3); Economics, Econometrics and Finance (miscellaneous) (Q4); Political Science and International Relations (Q4)";"Arts and Humanities; Economics, Econometrics and Finance; Social Sciences"
818;21100239836;"Digital Evidence and Electronic Signature Law Review";journal;"17564611";"Vlex";No;No;0,151;Q3;6;0;23;0;20;17;0,93;0,00;0,00;0;United Kingdom;Western Europe;"Vlex";"2012, 2019-2024";"Law (Q3)";"Social Sciences"
819;21101079410;"Kutafin Law Review";journal;"27130525, 27130533";"Kutafin Moscow State Law University (MSAL)";No;No;0,151;Q3;4;22;110;583;49;103;0,39;26,50;41,86;0;Russian Federation;Eastern Europe;"Kutafin Moscow State Law University (MSAL)";"2021-2025";"Law (Q3)";"Social Sciences"
820;21100837220;"Revista Latinoamericana de Derecho Social";journal;"24487899, 18704670";"Universidad Nacional Autonoma de Mexico, Instituto de Astronomia";Yes;Yes;0,151;Q3;6;53;65;1705;14;65;0,13;32,17;33,33;0;Mexico;Latin America;"Universidad Nacional Autonoma de Mexico, Instituto de Astronomia";"2016-2025";"Law (Q3)";"Social Sciences"
821;21100845376;"Veredas do Direito";journal;"18063845, 21798699";"Editora Dom Helder";Yes;Yes;0,151;Q3;5;17;95;735;19;93;0,26;43,24;51,85;0;Brazil;Latin America;"Editora Dom Helder";"2017-2025";"Law (Q3); Management, Monitoring, Policy and Law (Q4)";"Environmental Science; Social Sciences"
822;21101180440;"Ceridap";journal;"27239195";"Universita degli Studi di Milano";Yes;Yes;0,150;Q3;5;53;158;1484;55;158;0,46;28,00;44,05;0;Italy;Western Europe;"Universita degli Studi di Milano";"2020-2025";"Law (Q3); Public Administration (Q4)";"Social Sciences"
823;21100259507;"International Journal of Public Law and Policy";journal;"20447671, 20447663";"Inderscience";No;No;0,150;Q3;11;27;80;1676;60;80;0,92;62,07;40,00;0;Switzerland;Western Europe;"Inderscience";"2011-2017, 2019-2026";"Law (Q3); Sociology and Political Science (Q4)";"Social Sciences"
824;19900188395;"Revista de Direito Sanitario";journal;"15164179, 23169044";"Universidade De Sao Paulo";Yes;Yes;0,150;Q3;5;18;76;777;16;75;0,05;43,17;40,63;0;Brazil;Latin America;"Universidade De Sao Paulo";"2016-2025";"Law (Q3); Health (social science) (Q4); Medicine (miscellaneous) (Q4)";"Medicine; Social Sciences"
825;21101377435;"Masalah-Masalah Hukum";journal;"20862695, 25274716";"Diponegoro University";Yes;No;0,149;Q3;4;22;95;975;29;95;0,23;44,32;21,21;0;Indonesia;Asiatic Region;"Diponegoro University";"2021-2025";"Philosophy (Q2); Law (Q3); Political Science and International Relations (Q4); Public Administration (Q4)";"Arts and Humanities; Social Sciences"
826;21100239827;"Monatsschrift fur Kriminologie und Strafrechtsreform";journal;"00269301, 23661968";"Walter de Gruyter GmbH";No;No;0,149;Q3;11;17;75;1028;26;72;0,30;60,47;50,00;0;Germany;Western Europe;"Walter de Gruyter GmbH";"1904, 1943, 2010-2026";"Law (Q3)";"Social Sciences"
827;21100812388;"Revista Criminalidad";journal;"17943108, 22565531";"Policia Nacional de Colombia";Yes;Yes;0,149;Q3;9;26;98;1397;38;94;0,30;53,73;27,27;0;Colombia;Latin America;"Policia Nacional de Colombia";"2015-2025";"Arts and Humanities (miscellaneous) (Q3); Law (Q3); Social Psychology (Q4); Social Sciences (miscellaneous) (Q4); Sociology and Political Science (Q4)";"Arts and Humanities; Psychology; Social Sciences"
828;21101152765;"Revista Justicia y Derecho";journal;"07199392";"Universidad Autonoma de Chile";Yes;Yes;0,149;Q3;5;29;41;1331;12;40;0,23;45,90;39,39;0;Chile;Latin America;"Universidad Autonoma de Chile";"2019-2025";"Law (Q3); Political Science and International Relations (Q4)";"Social Sciences"
829;21101323188;"Al-Mazaahib";journal;"23027355, 28091019";"UIN Sunan Kalijag";Yes;No;0,148;Q3;3;11;31;447;15;31;0,43;40,64;46,15;0;Indonesia;Asiatic Region;"UIN Sunan Kalijag";"2021-2025";"Religious Studies (Q2); Law (Q3)";"Arts and Humanities; Social Sciences"
830;12687;"American Journal of Legal History";journal;"00029319, 2161797X";"Oxford University Press";No;No;0,148;Q3;16;4;51;466;19;49;0,50;116,50;25,00;0;United States;Northern America;"Oxford University Press";"1960, 1965, 1971, 1973-1974, 1976, 1980, 1985-1988, 1990-1999, 2004-2008, 2011-2025";"History (Q2); Law (Q3)";"Arts and Humanities; Social Sciences"
831;21101053425;"Indian Law Review";journal;"24730599, 24730580";"Taylor and Francis Ltd.";No;No;0,148;Q3;10;19;60;0;38;59;0,68;0,00;50,00;0;United Kingdom;Western Europe;"Taylor and Francis Ltd.";"2017-2026";"Law (Q3)";"Social Sciences"
832;21100829149;"Lawyer Quarterly";journal;"18058396, 1805840X";"Institute of State and Law of the Academy of Sciences of the Czech Republic";Yes;No;0,148;Q3;7;44;91;583;21;89;0,28;13,25;39,29;0;Czech Republic;Eastern Europe;"Institute of State and Law of the Academy of Sciences of the Czech Republic";"2017-2025";"Law (Q3)";"Social Sciences"
833;21100216568;"Revista d'Estudis Autonomics i Federals";journal;"18862632, 20148658";"Institut d'Estudis de l'Autogovern";Yes;Yes;0,148;Q3;9;15;77;553;14;73;0,19;36,87;53,85;0;Spain;Western Europe;"Institut d'Estudis de l'Autogovern";"2012-2025";"Law (Q3); Political Science and International Relations (Q4); Sociology and Political Science (Q4)";"Social Sciences"
834;14098;"Studia Islamica";journal;"05855292, 19585705";"Brill Academic Publishers";No;No;0,148;Q3;17;7;33;764;10;31;0,26;109,14;22,22;0;France;Western Europe;"Brill Academic Publishers";"1970-1971, 1981, 1989, 1994, 2001-2007, 2013-2025";"History (Q2); Literature and Literary Theory (Q2); Religious Studies (Q2); Law (Q3); Linguistics and Language (Q3)";"Arts and Humanities; Social Sciences"
835;21101196443;"European Journal of Privacy Law and Technologies";journal;"27048012";"Suor Orsola Benincasa University of Naples";Yes;Yes;0,147;Q3;4;32;122;781;34;120;0,23;24,41;65,91;0;Italy;Western Europe;"Suor Orsola Benincasa University of Naples";"2020-2025";"Law (Q3); Social Sciences (miscellaneous) (Q4)";"Social Sciences"
836;21101138044;"Irish Jurist";journal;"00211273";"Thomson Round Hall";No;No;0,147;Q3;4;0;57;0;15;56;0,30;0,00;0,00;0;Ireland;Western Europe;"Thomson Round Hall";"2019-2024";"Law (Q3)";"Social Sciences"
837;21101021921;"Journal of Property Tax Assessment and Administration";journal;"15483606, 13571419";"International Association of Assessing Officers";No;No;0,147;Q3;5;6;23;227;16;23;0,20;37,83;14,29;0;United States;Northern America;"International Association of Assessing Officers";"2019-2025";"Law (Q3); Accounting (Q4); Economics and Econometrics (Q4); Finance (Q4)";"Business, Management and Accounting; Economics, Econometrics and Finance; Social Sciences"
838;21101213848;"Sequencia";journal;"21777055, 01019562";"Universidade Federal de Santa Catarina";Yes;Yes;0,147;Q3;4;32;97;1177;12;96;0,05;36,78;57,14;0;Brazil;Latin America;"Universidade Federal de Santa Catarina";"2020-2025";"Law (Q3)";"Social Sciences"
839;75696;"Catholic University Law Review";journal;"00088390";"Catholic University of America Press";No;No;0,146;Q3;13;26;55;4615;10;54;0,14;177,50;28,00;0;United States;Northern America;"Catholic University of America Press";"1973-1974, 1979, 1982, 1988, 1998-1999, 2002-2003, 2005-2025";"Religious Studies (Q2); Law (Q3); Education (Q4)";"Arts and Humanities; Social Sciences"
840;21101251521;"Estudios en Derecho a la Informacion";journal;"25940082, 26832038";"Universidad Nacional Autonoma de Mexico";Yes;Yes;0,146;Q3;3;12;38;539;12;35;0,35;44,92;30,77;0;Mexico;Latin America;"Universidad Nacional Autonoma de Mexico";"2019-2026";"Law (Q3); Education (Q4); Public Administration (Q4); Sociology and Political Science (Q4)";"Social Sciences"
841;21101048552;"Pravnik";journal;"02316625";"Academy of Sciences of the Czech Republic, Institute of State and Law";No;No;0,146;Q3;3;70;209;1106;21;187;0,11;15,80;33,33;0;Czech Republic;Eastern Europe;"Academy of Sciences of the Czech Republic, Institute of State and Law";"2019-2026";"Law (Q3)";"Social Sciences"
842;21100407408;"Journal of Law, Religion and State";journal;"22126465, 22124810";"Brill Academic Publishers";No;No;0,145;Q3;11;0;16;0;6;14;0,46;0,00;0,00;0;Netherlands;Western Europe;"Brill Academic Publishers";"2012-2024";"Religious Studies (Q2); Law (Q3); Sociology and Political Science (Q4)";"Arts and Humanities; Social Sciences"
843;21101146385;"Revista Direito e Sexualidade";journal;"26753596";"Universidade Federal da Bahia";Yes;Yes;0,145;Q3;3;25;95;838;9;55;0,07;33,52;47,83;0;Brazil;Latin America;"Universidade Federal da Bahia";"2020-2025";"Law (Q3); Gender Studies (Q4)";"Social Sciences"
844;21101023658;"Tsinghua China Law Review";journal;"21602379, 21518904";"Tsinghua University";No;No;0,145;Q3;3;12;52;939;13;50;0,26;78,25;28,57;0;China;Asiatic Region;"Tsinghua University";"2019-2025";"Law (Q3)";"Social Sciences"
845;21101057019;"University of Western Australia Law Review";journal;"00420328";"Centre for Studies in Australian Literature";No;No;0,145;Q3;6;23;66;4131;20;65;0,39;179,61;52,00;0;Australia;Pacific Region;"Centre for Studies in Australian Literature";"2019-2025";"Law (Q3)";"Social Sciences"
846;21101329570;"Administrative and Environmental Law Review";journal;"27232484, 27459330";"Universitas Lampung Faculty of Law";Yes;No;0,144;Q3;4;11;36;419;20;36;0,54;38,09;33,33;0;Indonesia;Asiatic Region;"Universitas Lampung Faculty of Law";"2021-2025";"Law (Q3); Management, Monitoring, Policy and Law (Q4)";"Environmental Science; Social Sciences"
847;21100400180;"Law and Economics Yearly Review";journal;"20509014";"Fondazione Gerardo Capriglione Onlus";No;No;0,144;Q3;8;7;65;728;8;62;0,07;104,00;30,77;0;United Kingdom;Western Europe;"Fondazione Gerardo Capriglione Onlus";"2012-2025";"Law (Q3); Economics, Econometrics and Finance (miscellaneous) (Q4)";"Economics, Econometrics and Finance; Social Sciences"
848;21101124071;"Mizan Law Review";journal;"2309902X, 19989881";"St Mary's University";Yes;Yes;0,144;Q3;5;14;46;489;22;45;0,43;34,93;12,50;0;Ethiopia;Africa;"St Mary's University";"2019-2025";"Law (Q3)";"Social Sciences"
849;20345;"Sydney Law Review";journal;"14449528, 00820512";"University of Sydney Law School";No;No;0,144;Q3;9;14;60;655;30;60;0,58;46,79;40,00;0;Australia;Pacific Region;"University of Sydney Law School";"1990, 1999, 2001-2002, 2004, 2019-2025";"Law (Q3)";"Social Sciences"
850;21101224866;"Fundamina";journal;"1021545X, 24117870";"Juta and Company Ltd";No;No;0,143;Q3;3;6;22;411;8;22;0,40;68,50;75,00;0;South Africa;Africa;"Juta and Company Ltd";"2020-2025";"Law (Q3)";"Social Sciences"
851;15455;"Louisiana Law Review";journal;"00246859";"The LSU Scholarly Repository";No;No;0,143;Q3;20;37;86;9691;12;81;0,11;261,92;31,03;0;United States;Northern America;"The LSU Scholarly Repository";"1974-1976, 1979-1980, 1983-1985, 1991-1993, 1997-2025";"Law (Q3)";"Social Sciences"
852;21101045764;"European Studies: The Review of European Law, Economics and Politics";journal;"24646695, 18058809";"Palacky University Olomouc";No;No;0,143;Q4;5;0;72;0;36;72;0,23;0,00;0,00;0;Czech Republic;Eastern Europe;"Palacky University Olomouc";"2019-2024";"Economics, Econometrics and Finance (miscellaneous) (Q4); Law (Q4); Political Science and International Relations (Q4)";"Economics, Econometrics and Finance; Social Sciences"
853;21101016920;"Revista Juridica";journal;"2316753X";"Centro Universitario Curitiba - UNICURITIBA";Yes;Yes;0,143;Q4;7;72;449;2000;87;449;0,28;27,78;29,79;0;Brazil;Latin America;"Centro Universitario Curitiba - UNICURITIBA";"2020-2025";"Law (Q4)";"Social Sciences"
854;19700169117;"Social History of Alcohol and Drugs";journal;"26407329, 19308418";"University of Chicago Press";No;No;0,143;Q4;10;14;36;521;10;28;0,17;37,21;60,00;0;United States;Northern America;"University of Chicago Press";"2005-2025";"History (Q2); Cultural Studies (Q3); Law (Q4); Public Health, Environmental and Occupational Health (Q4)";"Arts and Humanities; Medicine; Social Sciences"
855;5700167234;"Verfassung und Recht in Ubersee";journal;"05067286";"Nomos Verlagsgesellschaft mbH und Co KG";No;No;0,143;Q4;5;1;81;20;25;77;0,26;20,00;100,00;0;Germany;Western Europe;"Nomos Verlagsgesellschaft mbH und Co KG";"1977-1978, 2019-2025";"Law (Q4)";"Social Sciences"
856;21100944569;"Comparative Law Review";journal;"08669449, 23917644";"";Yes;Yes;0,142;Q4;6;10;36;963;15;33;0,17;96,30;27,27;0;Poland;Eastern Europe;"";"2017-2025";"Law (Q4)";"Social Sciences"
857;21101081522;"Cooperativismo e Economia Social";journal;"26606348, 11302682";"Faculty of Legal Sciences and Labor, University of Vigo";No;No;0,142;Q4;2;12;36;542;9;32;0,25;45,17;66,67;0;Spain;Western Europe;"Faculty of Legal Sciences and Labor, University of Vigo";"2019-2021, 2023-2025";"Business and International Management (Q4); Economics and Econometrics (Q4); Law (Q4)";"Business, Management and Accounting; Economics, Econometrics and Finance; Social Sciences"
858;21101043235;"Criminologie";journal;"03160041, 14921367";"Presses de l'Universite de Montreal";Yes;No;0,142;Q4;5;25;98;1221;25;90;0,25;48,84;78,00;0;Canada;Northern America;"Presses de l'Universite de Montreal";"2019-2025";"Law (Q4)";"Social Sciences"
859;21100903063;"Edinburgh Law Review";journal;"17551692, 13649809";"Edinburgh University Press";No;No;0,142;Q4;17;45;103;1853;38;55;0,48;41,18;70,59;2;United Kingdom;Western Europe;"Edinburgh University Press";"1997-2026";"History (Q2); Cultural Studies (Q3); Law (Q4)";"Arts and Humanities; Social Sciences"
860;21101057379;"International Comparative Jurisprudence";journal;"23516674";"Mykolo Romerio Universitetas";Yes;Yes;0,142;Q4;4;21;54;1095;25;54;0,53;52,14;40,48;0;Lithuania;Eastern Europe;"Mykolo Romerio Universitetas";"2019-2025";"Law (Q4)";"Social Sciences"
861;21100217635;"International Insolvency Review";journal;"10991107, 11800518";"John Wiley and Sons Ltd";No;No;0,142;Q4;12;36;68;30;53;59;0,77;0,83;42,11;1;United Kingdom;Western Europe;"John Wiley and Sons Ltd";"1990-1991, 1993-2026";"Finance (Q4); Law (Q4)";"Economics, Econometrics and Finance; Social Sciences"
862;21100211321;"Journal of East Asia and International Law";journal;"22879218, 19769229";"Yijun Institute of International Law";No;No;0,142;Q4;11;22;76;489;26;68;0,36;22,23;30,00;0;South Korea;Asiatic Region;"Yijun Institute of International Law";"2011-2025";"Law (Q4)";"Social Sciences"
863;21100432496;"Revista de Derecho Privado";journal;"01234366, 23462442";"Universidad Externado de Colombia";Yes;Yes;0,142;Q4;9;22;70;1394;14;69;0,27;63,36;52,38;0;Colombia;Latin America;"Universidad Externado de Colombia";"2015-2026";"Law (Q4)";"Social Sciences"
864;21101282682;"Journal of Law, Technology and Policy";journal;"15301931";"University of Illinois College of Law";No;No;0,141;Q4;7;11;37;3722;22;34;0,68;338,36;41,67;0;United States;Northern America;"University of Illinois College of Law";"2020-2025";"Law (Q4)";"Social Sciences"
865;5700153831;"Journal of Legal History";journal;"17440564, 01440365";"Routledge";No;No;0,141;Q4;19;19;36;681;18;31;0,13;35,84;44,44;0;United Kingdom;Western Europe;"Routledge";"1980-2026";"History (Q2); Law (Q4)";"Arts and Humanities; Social Sciences"
866;21101392300;"Journal of Shariah Law Research";journal;"24622206";"University of Malaya";No;No;0,141;Q4;4;10;33;391;15;33;0,42;39,10;47,06;0;Malaysia;Asiatic Region;"University of Malaya";"2021-2025";"Religious Studies (Q2); Arts and Humanities (miscellaneous) (Q3); Law (Q4); Social Sciences (miscellaneous) (Q4)";"Arts and Humanities; Social Sciences"
867;16183;"Melbourne University Law Review";journal;"00258938";"Melbourne Law School";No;No;0,140;Q4;22;13;41;4550;27;41;0,72;350,00;35,71;0;Australia;Pacific Region;"Melbourne Law School";"1983, 1989, 1991-1993, 1996, 1999, 2001, 2006, 2008-2019, 2021-2025";"Law (Q4)";"Social Sciences"
868;21101021411;"Regioni";journal;"2612050X, 03917576";"Societa Editrice Il Mulino";No;No;0,140;Q4;3;75;205;1242;14;187;0,06;16,56;47,62;0;Italy;Western Europe;"Societa Editrice Il Mulino";"2019-2025";"Law (Q4)";"Social Sciences"
869;21100228747;"Revista General de Derecho Administrativo";journal;"16969650";"Iustel";No;No;0,140;Q4;7;0;204;0;24;194;0,14;0,00;0,00;0;Spain;Western Europe;"Iustel";"2012-2024";"Law (Q4)";"Social Sciences"
870;21100981040;"Adelaide Law Review";journal;"00651915";"University of Adelaide";No;No;0,139;Q4;6;26;90;3001;22;69;0,13;115,42;50,00;0;Australia;Pacific Region;"University of Adelaide";"2019-2025";"Law (Q4)";"Social Sciences"
871;21100897789;"Advances in Business Related Scientific Research Journal";journal;"1855931X";"GEA College – Faculty of Entrepreneurship";Yes;No;0,139;Q4;6;12;33;517;18;33;0,43;43,08;34,48;0;Slovenia;Eastern Europe;"GEA College – Faculty of Entrepreneurship";"2018-2025";"Business, Management and Accounting (miscellaneous) (Q4); Economics, Econometrics and Finance (miscellaneous) (Q4); Gender Studies (Q4); Law (Q4)";"Business, Management and Accounting; Economics, Econometrics and Finance; Social Sciences"
872;21101090035;"Ars Interpretandi";journal;"17228352, 27049019";"Carocci Editore";No;No;0,139;Q4;4;14;43;760;9;37;0,09;54,29;50,00;0;Italy;Western Europe;"Carocci Editore";"2020-2025";"Law (Q4)";"Social Sciences"
873;21100838726;"Glossae";journal;"22552707";"Institute for Social, Political and Legal Studies";No;Yes;0,139;Q4;5;11;69;1229;5;64;0,10;111,73;25,00;0;Spain;Western Europe;"Institute for Social, Political and Legal Studies";"2017-2025";"History (Q2); Law (Q4)";"Arts and Humanities; Social Sciences"
874;21101019366;"Interactive Entertainment Law Review";journal;"25153870, 25153889";"Edward Elgar Publishing Ltd.";No;No;0,139;Q4;6;16;31;373;16;26;0,57;23,31;47,06;1;United Kingdom;Western Europe;"Edward Elgar Publishing Ltd.";"2018-2025";"Law (Q4)";"Social Sciences"
875;19900188035;"International Journal of Conflict and Violence";journal;"18641385";"Universitaet Bielefeld";Yes;Yes;0,139;Q4;30;0;21;0;21;20;0,88;0,00;0,00;0;Germany;Western Europe;"Universitaet Bielefeld";"2010-2023";"Law (Q4); Sociology and Political Science (Q4)";"Social Sciences"
876;21100877177;"Journal of the National Academy of Forensic Engineers";journal;"23793244, 23793252";"National Academy of Forensic Engineers";No;No;0,139;Q4;3;12;40;272;6;40;0,09;22,67;8,00;0;United States;Northern America;"National Academy of Forensic Engineers";"2016-2025";"Automotive Engineering (Q4); Building and Construction (Q4); Civil and Structural Engineering (Q4); Law (Q4); Pathology and Forensic Medicine (Q4); Safety, Risk, Reliability and Quality (Q4)";"Engineering; Medicine; Social Sciences"
877;28933;"Judicature";journal;"00225800";"American Judicature Society";No;No;0,139;Q4;22;6;99;104;28;78;0,35;17,33;66,67;0;United States;Northern America;"American Judicature Society";"1990, 1996-2025";"Law (Q4)";"Social Sciences"
878;21101196447;"Revista Oficial del Poder Judicial";journal;"19976682, 26639130";"Poder Judicial del Peru";Yes;Yes;0,139;Q4;3;29;83;1143;16;76;0,26;39,41;45,00;0;Peru;Latin America;"Poder Judicial del Peru";"2020-2025";"Law (Q4)";"Social Sciences"
879;21101092543;"Australian Journal of Asian Law";journal;"18394191, 14430738";"Melbourne Law School";No;No;0,138;Q4;9;22;54;1496;28;54;0,46;68,00;40,63;0;Australia;Pacific Region;"Melbourne Law School";"2019-2020, 2022-2025";"Law (Q4)";"Social Sciences"
880;21100992225;"Cuadernos Electronicos de Filosofia del Derecho";journal;"11389877";"University of Valencia, Human Rights Institute.";Yes;Yes;0,138;Q4;4;5;145;189;31;144;0,23;37,80;25,00;0;Spain;Western Europe;"University of Valencia, Human Rights Institute.";"2019-2025";"Philosophy (Q3); Law (Q4)";"Arts and Humanities; Social Sciences"
881;27986;"Juvenile and Family Court Journal";journal;"01617109";"Wiley-Blackwell";No;No;0,138;Q4;24;18;48;811;21;46;0,38;45,06;56,52;0;United States;Northern America;"Wiley-Blackwell";"1953-1954, 1961-1969, 1971, 1977-2026";"Law (Q4); Social Sciences (miscellaneous) (Q4)";"Social Sciences"
882;11200153522;"Law, Culture and the Humanities";journal;"17439752, 17438721";"SAGE Publications Ltd";No;No;0,138;Q4;20;65;132;3084;74;100;0,43;47,45;55,84;1;United Kingdom;Western Europe;"SAGE Publications Ltd";"2005-2026";"Arts and Humanities (miscellaneous) (Q3); Cultural Studies (Q3); Law (Q4)";"Arts and Humanities; Social Sciences"
883;21101186907;"Archiwum Kryminologii";journal;"27194280, 00666890";"Institute of Law Studies of the Polish Academy of Sciences and the Committee on Legal Sciences of the Polish Academy of Sciences";Yes;Yes;0,137;Q4;5;0;56;0;27;56;0,41;0,00;0,00;0;Poland;Eastern Europe;"Institute of Law Studies of the Polish Academy of Sciences and the Committee on Legal Sciences of the Polish Academy of Sciences";"2019-2024";"Law (Q4); Sociology and Political Science (Q4)";"Social Sciences"
884;15695;"Ecology Law Quarterly";journal;"00461121";"University of California Boalt Law Business";No;No;0,137;Q4;30;0;85;0;22;83;0,20;0,00;0,00;0;United States;Northern America;"University of California Boalt Law Business";"1973, 1978-1987, 1996, 1999-2024";"Environmental Science (miscellaneous) (Q4); Law (Q4)";"Environmental Science; Social Sciences"
885;21101146370;"International VAT Monitor";journal;"09250832, 23529210";"International Bureau of Fiscal Documentation (IBFD)";No;No;0,137;Q4;3;37;118;503;10;110;0,11;13,59;62,50;0;Netherlands;Western Europe;"International Bureau of Fiscal Documentation (IBFD)";"2019-2025";"Economics, Econometrics and Finance (miscellaneous) (Q4); Law (Q4)";"Economics, Econometrics and Finance; Social Sciences"
886;21100305002;"Janus.net";journal;"16477251";"OBSERVARE - Observatorio de Relacoes Exteriores (Observatory for External Relations)";Yes;Yes;0,137;Q4;6;113;180;4831;50;157;0,28;42,75;41,22;0;Portugal;Western Europe;"OBSERVARE - Observatorio de Relacoes Exteriores (Observatory for External Relations)";"2014-2026";"Law (Q4); Political Science and International Relations (Q4)";"Social Sciences"
887;21101389652;"Tirtayasa Journal of International Law";journal;"29618355, 29618061";"Sultan Ageng Tirtayasa University";No;No;0,137;Q4;2;14;34;375;9;34;0,35;26,79;54,55;0;Indonesia;Asiatic Region;"Sultan Ageng Tirtayasa University";"2022-2025";"Law (Q4); Political Science and International Relations (Q4); Public Administration (Q4)";"Social Sciences"
888;21100237213;"Danube";journal;"18048285, 18046746";"De Gruyter Open Ltd";Yes;No;0,136;Q4;13;20;57;893;40;57;0,65;44,65;50,00;0;Germany;Western Europe;"De Gruyter Open Ltd";"2010-2025";"Economics, Econometrics and Finance (miscellaneous) (Q4); Law (Q4)";"Economics, Econometrics and Finance; Social Sciences"
889;21101287734;"Jurnal Ilmiah Mizani";journal;"26569477, 23555173";"Fatmawati Sukarno Bengkulu State Islamic University";No;No;0,136;Q4;4;54;103;2011;36;103;0,39;37,24;30,83;0;Indonesia;Asiatic Region;"Fatmawati Sukarno Bengkulu State Islamic University";"2021-2026";"Religious Studies (Q2); Law (Q4)";"Arts and Humanities; Social Sciences"
890;21100902690;"Credit and Capital Markets";journal;"21991227, 21991235";"Duncker und Humblot GmbH";No;No;0,135;Q4;7;1;47;109;11;36;0,04;109,00;0,00;0;Germany;Western Europe;"Duncker und Humblot GmbH";"2016-2025";"Business, Management and Accounting (miscellaneous) (Q4); Economics, Econometrics and Finance (miscellaneous) (Q4); Law (Q4)";"Business, Management and Accounting; Economics, Econometrics and Finance; Social Sciences"
891;21101062042;"Dikaion";journal;"01208942, 20275366";"Universidad de La Sabana";Yes;Yes;0,135;Q4;4;13;53;483;10;45;0,21;37,15;18,18;0;Colombia;Latin America;"Universidad de La Sabana";"2019-2026";"Philosophy (Q3); Law (Q4)";"Arts and Humanities; Social Sciences"
892;21101337821;"Sri Lanka Journal of Forensic Medicine, Science and Law";journal;"24656089, 20127081";"University of Peradeniya";Yes;No;0,135;Q4;3;20;58;265;12;52;0,06;13,25;47,06;0;Sri Lanka;Asiatic Region;"University of Peradeniya";"2022-2025";"Law (Q4); Medicine (miscellaneous) (Q4)";"Medicine; Social Sciences"
893;21100265065;"AFTE Journal";journal;"10489959";"Association of Firearm and Tool Mark Examiners";No;No;0,134;Q4;13;9;57;66;12;54;0,09;7,33;20,00;0;United States;Northern America;"Association of Firearm and Tool Mark Examiners";"2013-2025";"Health (social science) (Q4); Law (Q4); Mechanics of Materials (Q4); Safety, Risk, Reliability and Quality (Q4)";"Engineering; Social Sciences"
894;20600195533;"Baltic Journal of Law and Politics";journal;"20290454";"Sciendo";Yes;Yes;0,134;Q4;10;11;62;487;36;62;0,65;44,27;57,14;0;Poland;Eastern Europe;"Sciendo";"2012-2025";"Law (Q4); Sociology and Political Science (Q4)";"Social Sciences"
895;21100890298;"Journal of the Australasian Tax Teachers Association";journal;"1832911X";"Australasian Tax Teachers' Association";Yes;No;0,134;Q4;6;11;22;562;8;18;0,25;51,09;62,50;0;Australia;Pacific Region;"Australasian Tax Teachers' Association";"2018-2025";"Accounting (Q4); Finance (Q4); Law (Q4)";"Business, Management and Accounting; Economics, Econometrics and Finance; Social Sciences"
896;21101267550;"Jurnal Pengabdian Hukum Indonesia";journal;"26548305, 26548313";"Universitas Negeri Semarang";No;No;0,134;Q4;3;23;50;1025;14;50;0,28;44,57;35,53;0;Indonesia;Asiatic Region;"Universitas Negeri Semarang";"2020-2025";"Development (Q4); Law (Q4); Public Administration (Q4)";"Social Sciences"
897;21101070991;"Pravni Zapisi";journal;"24061387, 22172815";"Faculty of Law, Union University in Belgrade";Yes;Yes;0,134;Q4;5;11;68;489;19;61;0,33;44,45;58,33;0;Serbia;Eastern Europe;"Faculty of Law, Union University in Belgrade";"2019-2025";"Law (Q4); Sociology and Political Science (Q4)";"Social Sciences"
898;21101123075;"Revista Brasileira de Alternative Dispute Resolution";journal;"25963201, 26748835";"EDITORA FORUM LTDA";No;No;0,134;Q4;8;28;93;1009;69;86;0,83;36,04;62,96;0;Brazil;Latin America;"EDITORA FORUM LTDA";"2019-2025";"Law (Q4); Social Sciences (miscellaneous) (Q4)";"Social Sciences"
899;21101033127;"Utrecht Journal of International and European Law";journal;"20535341";"Ubiquity Press";Yes;No;0,134;Q4;7;5;14;522;6;11;0,56;104,40;20,00;0;United Kingdom;Western Europe;"Ubiquity Press";"2020-2025";"Law (Q4)";"Social Sciences"
900;21101019367;"Competition Law Journal";journal;"25165771, 14769085";"Edward Elgar Publishing Ltd.";No;No;0,133;Q4;4;13;61;206;10;61;0,13;15,85;44,44;0;United Kingdom;Western Europe;"Edward Elgar Publishing Ltd.";"2018-2026";"Law (Q4)";"Social Sciences"
901;21101371015;"European Competition Law Review";journal;"01443054, 27541711";"Thomson Reuters";No;No;0,133;Q4;3;121;363;3499;31;1;0,09;28,92;50,00;0;United Kingdom;Western Europe;"Thomson Reuters";"2021-2025";"Law (Q4)";"Social Sciences"
902;21101271745;"Legal Transformation in Muslim Societies";journal;"3029097X, 30290961";"Revival Press";No;No;0,133;Q4;1;28;27;1110;6;27;0,22;39,64;40,91;0;United Kingdom;Western Europe;"Revival Press";"2024-2025";"Religious Studies (Q3); Law (Q4); Social Sciences (miscellaneous) (Q4)";"Arts and Humanities; Social Sciences"
903;27777;"Medecine et Droit";journal;"17775612, 12467391";"Elsevier Masson s.r.l.";No;No;0,133;Q4;8;26;57;440;11;52;0,26;16,92;42,31;0;France;Western Europe;"Elsevier Masson s.r.l.";"1995-2026";"Law (Q4); Medicine (miscellaneous) (Q4)";"Medicine; Social Sciences"
904;21101067418;"Revista de Direito da Faculdade Guanambi";journal;"24476536";"Centro Universitario FG (UNIFG)";Yes;Yes;0,133;Q4;3;0;1;0;0;1;0,00;0,00;0,00;0;Brazil;Latin America;"Centro Universitario FG (UNIFG)";"2019-2022";"Law (Q4); Social Sciences (miscellaneous) (Q4)";"Social Sciences"
905;21101093362;"Archiwum Filozofii Prawa i Filozofii Spolecznej";journal;"20823304";"Polish Section of the International Association for Philosophy of Law and Social Philosophy (IVR)";Yes;Yes;0,132;Q4;4;18;87;534;15;86;0,15;29,67;45,00;0;Poland;Eastern Europe;"Polish Section of the International Association for Philosophy of Law and Social Philosophy (IVR)";"2019-2025";"Law (Q4); Social Sciences (miscellaneous) (Q4)";"Social Sciences"
906;21101241149;"Journal of Business Law";journal;"2754205X, 00219460";"Sweet and Maxwell";No;No;0,132;Q4;4;20;100;481;29;99;0,24;24,05;33,33;0;United Kingdom;Western Europe;"Sweet and Maxwell";"2020-2025";"Law (Q4)";"Social Sciences"
907;21101393714;"Mawaddah: Jurnal Hukum Keluarga Islam";journal;"30266076, 30315247";"Muhammadiyah University of Bandung";No;No;0,132;Q4;2;18;19;689;5;18;0,26;38,28;41,18;0;Indonesia;Asiatic Region;"Muhammadiyah University of Bandung";"2023-2025";"Religious Studies (Q3); Law (Q4)";"Arts and Humanities; Social Sciences"
908;5100155067;"Revista de Estudios Historico-Juridicos";journal;"07176260, 07165455";"Ediciones Universitarias de Valparaiso";Yes;Yes;0,132;Q4;10;0;96;0;10;96;0,02;0,00;0,00;0;Chile;Latin America;"Ediciones Universitarias de Valparaiso";"1997-2024";"History (Q3); Law (Q4)";"Arts and Humanities; Social Sciences"
909;21100775934;"British Journal of American Legal Studies";journal;"27195864, 20494092";"";Yes;No;0,131;Q4;6;7;37;2390;7;36;0,17;341,43;45,45;0;Poland;Eastern Europe;"";"2016-2025";"Law (Q4)";"Social Sciences"
910;19400156803;"Journal of Human Security";journal;"18353800";"";Yes;Yes;0,131;Q4;11;13;52;421;24;50;0,46;32,38;25,00;0;United Kingdom;Western Europe;"";"2009-2011, 2013-2017, 2019-2025";"Law (Q4); Political Science and International Relations (Q4); Safety Research (Q4); Sociology and Political Science (Q4)";"Social Sciences"
911;21100811504;"Rivista di Filosofia del Diritto";journal;"2280482X";"Societa Editrice Il Mulino";No;No;0,131;Q4;7;36;81;1231;16;77;0,14;34,19;18,18;0;Italy;Western Europe;"Societa Editrice Il Mulino";"2016-2025";"Philosophy (Q3); Law (Q4)";"Arts and Humanities; Social Sciences"
912;21100940535;"Journal of Religion and Violence";journal;"21596808";"Philosophy Documentation Center";No;No;0,130;Q4;7;0;5;0;8;4;0,00;0,00;0,00;0;United States;Northern America;"Philosophy Documentation Center";"2019-2022";"Religious Studies (Q3); Law (Q4); Sociology and Political Science (Q4)";"Arts and Humanities; Social Sciences"
913;21101021403;"Mexican Law Review";journal;"18700578, 24485306";"Universidad Nacional Autonoma de Mexico";No;Yes;0,130;Q4;4;11;32;568;17;31;0,71;51,64;53,85;0;Mexico;Latin America;"Universidad Nacional Autonoma de Mexico";"2011, 2014, 2019-2026";"Law (Q4)";"Social Sciences"
914;21101152535;"Revista Espanola de Derecho Canonico";journal;"26609541, 00349372";"Universidad Pontificia de Salamanca, Servicio de Publicaciones";Yes;Yes;0,130;Q4;3;10;50;396;4;45;0,06;39,60;50,00;0;Spain;Western Europe;"Universidad Pontificia de Salamanca, Servicio de Publicaciones";"2019-2025";"Religious Studies (Q3); Law (Q4); Social Sciences (miscellaneous) (Q4)";"Arts and Humanities; Social Sciences"
915;21100948930;"University of Bologna Law Review";journal;"25316133";"University of Bologna";Yes;Yes;0,130;Q4;7;7;29;783;12;26;0,50;111,86;66,67;0;Italy;Western Europe;"University of Bologna";"2016-2026";"Law (Q4)";"Social Sciences"
916;21100401234;"Anuario Mexicano de Derecho Internacional";journal;"24487872, 18704654";"Universidad Nacional Autonoma de Mexico";Yes;Yes;0,129;Q4;8;15;73;967;17;72;0,18;64,47;15,38;0;Mexico;Latin America;"Universidad Nacional Autonoma de Mexico";"2014-2026";"Law (Q4)";"Social Sciences"
917;21100858711;"Brazilian Journal of International Law";journal;"2236997X, 22371036";"Centro Universitario de Brasilia";Yes;Yes;0,129;Q4;7;34;169;1902;36;162;0,24;55,94;50,00;0;Brazil;Latin America;"Centro Universitario de Brasilia";"2016-2025";"Law (Q4); Political Science and International Relations (Q4)";"Social Sciences"
918;20370;"Journal of Gang Research";journal;"10793062";"National Gang Crime Research Center";No;No;0,129;Q4;12;7;23;283;5;22;0,31;40,43;42,86;0;United States;Northern America;"National Gang Crime Research Center";"2004-2025";"Arts and Humanities (miscellaneous) (Q3); Gender Studies (Q4); Law (Q4); Social Sciences (miscellaneous) (Q4)";"Arts and Humanities; Social Sciences"
919;21101388876;"Juridica International";journal;"14065509, 14061082";"Sihtasutus Iuridicum";No;No;0,129;Q4;4;6;37;231;13;35;0,44;38,50;40,00;0;Estonia;Eastern Europe;"Sihtasutus Iuridicum";"2021-2024";"Law (Q4)";"Social Sciences"
920;21101339667;"Lampung Journal of International Law";journal;"27232603, 26566532";"Universitas Lampung Faculty of Law";Yes;No;0,129;Q4;4;5;30;272;15;30;0,40;54,40;50,00;0;Indonesia;Asiatic Region;"Universitas Lampung Faculty of Law";"2021-2025";"Law (Q4); Political Science and International Relations (Q4)";"Social Sciences"
921;5700168402;"Law and Literature";journal;"1535685X";"Taylor and Francis Ltd.";No;No;0,129;Q4;18;42;66;1819;28;65;0,47;43,31;50,00;0;United Kingdom;Western Europe;"Taylor and Francis Ltd.";"1989-2003, 2007, 2010-2026";"Law (Q4)";"Social Sciences"
922;21101302091;"Opinion Juridica";journal;"22484078";"University of Medellin";Yes;No;0,129;Q4;3;27;93;1170;8;93;0,02;43,33;37,04;0;Colombia;Latin America;"University of Medellin";"2021-2025";"Law (Q4)";"Social Sciences"
923;21100920133;"Casopis pro Pravni Vedu a Praxi";journal;"18052789, 12109126";"Masaryk University";Yes;Yes;0,128;Q4;4;33;98;2855;14;93;0,20;86,52;26,67;0;Czech Republic;Eastern Europe;"Masaryk University";"2018-2025";"Law (Q4)";"Social Sciences"
924;21101151821;"Forum Prawnicze";journal;"2081688X, 2720488X";"Jagiellonian University";Yes;Yes;0,128;Q4;3;23;98;906;9;97;0,09;39,39;41,67;0;Poland;Eastern Europe;"Jagiellonian University";"2019-2025";"Law (Q4)";"Social Sciences"
925;21100842538;"Jusletter IT";journal;"1664848X";"Editions Weblaw";No;No;0,128;Q4;7;72;267;1967;11;254;0,04;27,32;29,60;0;Switzerland;Western Europe;"Editions Weblaw";"2017-2025";"Computer Science (miscellaneous) (Q4); Law (Q4)";"Computer Science; Social Sciences"
926;12390;"Canadian Journal of Women and the Law";journal;"08328781, 19110235";"University of Toronto Press";No;No;0,127;Q4;24;4;22;348;8;22;0,50;87,00;100,00;0;Canada;Northern America;"University of Toronto Press";"1986-1987, 1989-1990, 1993-1994, 2003, 2009-2022, 2024-2025";"Gender Studies (Q4); Law (Q4); Sociology and Political Science (Q4)";"Social Sciences"
927;110097;"Food and Drug Law Journal";journal;"1064590X";"Food and Drug Law Institute";No;No;0,127;Q4;25;3;27;613;9;26;0,19;204,33;50,00;0;United States;Northern America;"Food and Drug Law Institute";"1992-2018, 2021-2025";"Law (Q4); Medicine (miscellaneous) (Q4); Pharmacology (Q4); Public Health, Environmental and Occupational Health (Q4)";"Medicine; Pharmacology, Toxicology and Pharmaceutics; Social Sciences"
928;21101267551;"International Law Discourse in Southeast Asia";journal;"28300297, 28299655";"Universitas Negeri Semarang";Yes;Yes;0,127;Q4;3;8;36;423;13;36;0,28;52,88;60,00;0;Indonesia;Asiatic Region;"Universitas Negeri Semarang";"2022-2025";"Law (Q4); Political Science and International Relations (Q4)";"Social Sciences"
929;26816;"International Lawyer";journal;"21696578, 00207810";"American Bar Association";No;No;0,127;Q4;7;0;13;0;5;13;0,00;0,00;0,00;0;United States;Northern America;"American Bar Association";"1977-1978, 2017-2020, 2022";"Law (Q4)";"Social Sciences"
930;21101100204;"Public Procurement Law Review";journal;"27542203, 09638245";"Sweet and Maxwell Ltd";No;No;0,127;Q4;2;51;160;1241;19;82;0,16;24,33;32,26;0;United Kingdom;Western Europe;"Sweet and Maxwell Ltd";"2022-2026";"Law (Q4)";"Social Sciences"
931;19900191877;"Tydskrif vir die Suid-Afrikaanse Reg";journal;"19962207, 02577747";"Juta and Company Ltd";No;No;0,127;Q4;6;51;125;2936;8;124;0,05;57,57;28,57;0;South Africa;Africa;"Juta and Company Ltd";"2009-2025";"Law (Q4)";"Social Sciences"
932;21100942897;"Historia, Instituciones, Documentos";journal;"02107716, 22538291";"Universidad de Sevilla";Yes;Yes;0,126;Q4;4;0;49;0;6;48;0,06;0,00;0,00;0;Spain;Western Europe;"Universidad de Sevilla";"2019-2024";"Cultural Studies (Q3); History (Q3); Law (Q4); Sociology and Political Science (Q4)";"Arts and Humanities; Social Sciences"
933;21101112619;"International Journal of Legal Information";journal;"07311265, 23314117";"Cambridge University Press";No;No;0,126;Q4;4;21;52;1337;17;44;0,38;63,67;37,93;0;United Kingdom;Western Europe;"Cambridge University Press";"1995, 1999, 2008, 2010-2012, 2014-2025";"Law (Q4); Library and Information Sciences (Q4)";"Social Sciences"
934;56921;"International Journal of Speech, Language and the Law";journal;"17488885, 17488893";"Equinox Publishing Ltd";No;No;0,126;Q4;37;5;32;309;13;29;0,35;61,80;44,44;0;United Kingdom;Western Europe;"Equinox Publishing Ltd";"1999-2025";"Linguistics and Language (Q3); Law (Q4)";"Social Sciences"
935;21101198719;"Adam Mickiewicz University Law Review";journal;"24500976, 20839782";"Adam Mickiewicz University Faculty of Law and Administration";Yes;Yes;0,125;Q4;2;12;47;392;12;46;0,34;32,67;46,67;0;Poland;Eastern Europe;"Adam Mickiewicz University Faculty of Law and Administration";"2014, 2020-2025";"Law (Q4)";"Social Sciences"
936;21100862474;"Diritto and Questioni Pubbliche";journal;"18250173";"Universita di Palermo";No;No;0,125;Q4;6;22;106;1100;15;103;0,12;50,00;43,48;0;Italy;Western Europe;"Universita di Palermo";"2017-2025";"Law (Q4)";"Social Sciences"
937;21101329571;"Indonesia Private Law Review";journal;"2723259X, 27459284";"Universitas Lampung Faculty of Law";Yes;No;0,125;Q4;3;12;36;495;12;36;0,17;41,25;33,33;0;Indonesia;Asiatic Region;"Universitas Lampung Faculty of Law";"2021-2026";"Law (Q4)";"Social Sciences"
938;21100238636;"ATA Journal of Legal Tax Research";journal;"1543866X";"American Accounting Association";No;No;0,124;Q4;4;8;11;281;6;11;0,57;35,13;26,67;0;United States;Northern America;"American Accounting Association";"2011-2016, 2018-2025";"Accounting (Q4); Finance (Q4); Law (Q4)";"Business, Management and Accounting; Economics, Econometrics and Finance; Social Sciences"
939;21101201509;"Casopis Zdravotnickeho Prava a Bioetiky";journal;"18048137";"Academy of Sciences of the Czech Republic, Institute of State and Law";No;No;0,124;Q4;3;4;24;207;3;24;0,19;51,75;57,14;0;Czech Republic;Eastern Europe;"Academy of Sciences of the Czech Republic, Institute of State and Law";"2020-2025";"Law (Q4)";"Social Sciences"
940;21101054424;"Contemporary Southeastern Europe";journal;"23103612";"University of Graz";Yes;Yes;0,124;Q4;5;16;31;756;11;30;0,24;47,25;50,00;0;Austria;Western Europe;"University of Graz";"2019-2026";"Arts and Humanities (miscellaneous) (Q3); Cultural Studies (Q3); History (Q3); Anthropology (Q4); Gender Studies (Q4); Law (Q4); Sociology and Political Science (Q4)";"Arts and Humanities; Social Sciences"
941;21100215947;"Homeland Security Affairs";journal;"1558643X";"Naval Postgraduate School's Center for Homeland Defense and Security";Yes;Yes;0,124;Q4;9;0;7;0;1;7;0,00;0,00;0,00;0;United States;Northern America;"Naval Postgraduate School's Center for Homeland Defense and Security";"2012-2023";"Law (Q4); Public Administration (Q4); Safety Research (Q4)";"Social Sciences"
942;21100291842;"Revus";journal;"18557112, 15817652";"Klub Revus";No;No;0,124;Q4;11;1;74;1;19;70;0,24;1,00;0,00;0;Slovenia;Eastern Europe;"Klub Revus";"2013-2025";"Philosophy (Q3); Law (Q4)";"Arts and Humanities; Social Sciences"
943;21101095658;"Indian Journal of Law and Justice";journal;"09763570";"Department of Law, University of North Bengal";No;No;0,123;Q4;3;13;122;523;29;112;0,15;40,23;33,33;0;India;Asiatic Region;"Department of Law, University of North Bengal";"2019-2025";"Law (Q4); Sociology and Political Science (Q4)";"Social Sciences"
944;19700182652;"Journal of Tort Law";journal;"19329148, 21946515";"Walter de Gruyter GmbH";No;No;0,123;Q4;10;12;37;1906;14;37;0,37;158,83;41,18;0;Germany;Western Europe;"Walter de Gruyter GmbH";"2006, 2010-2026";"Law (Q4)";"Social Sciences"
945;21101365824;"Law. Human. Environment";journal;"26631350, 26631369";"National University of Life and Environmental Sciences of Ukraine";Yes;No;0,123;Q4;6;35;96;1899;59;96;0,85;54,26;35,94;0;Ukraine;Eastern Europe;"National University of Life and Environmental Sciences of Ukraine";"2021-2025";"Law (Q4); Management, Monitoring, Policy and Law (Q4); Public Administration (Q4)";"Environmental Science; Social Sciences"
946;21101278637;"Asia Pacific Journal of International Humanitarian Law";journal;"27991725, 27191141";"Institute of International Legal Studies";No;No;0,122;Q4;2;5;16;180;4;12;0,33;36,00;33,33;0;Philippines;Asiatic Region;"Institute of International Legal Studies";"2021-2025";"Law (Q4)";"Social Sciences"
947;21101059299;"Asian Journal of Legal Education";journal;"23482451, 23220058";"SAGE Publications Inc.";No;No;0,122;Q4;6;16;47;1037;28;46;0,69;64,81;62,50;0;United States;Northern America;"SAGE Publications Inc.";"2014-2026";"Development (Q4); Education (Q4); Law (Q4)";"Social Sciences"
948;21100903446;"E-Journal of International and Comparative Labour Studies";journal;"22804056";"ADAPT University Press";Yes;No;0,122;Q4;7;7;55;868;11;55;0,22;124,00;42,86;0;Italy;Western Europe;"ADAPT University Press";"2018-2025";"Industrial Relations (Q4); Law (Q4); Organizational Behavior and Human Resource Management (Q4)";"Business, Management and Accounting; Social Sciences"
949;21101183493;"African Human Rights Yearbook";journal;"2663323X, 25231367";"Pretoria University Law Press";No;No;0,121;Q4;4;0;62;0;11;60;0,11;0,00;0,00;0;South Africa;Africa;"Pretoria University Law Press";"2019-2024";"Law (Q4)";"Social Sciences"
950;5700161424;"Asia Pacific Journal on Human Rights and the Law";journal;"13881906, 15718158";"Martinus Nijhoff Publishers";No;No;0,121;Q4;15;10;39;1138;16;37;0,48;113,80;15,38;0;Netherlands;Western Europe;"Martinus Nijhoff Publishers";"2000-2025";"Law (Q4); Political Science and International Relations (Q4); Sociology and Political Science (Q4)";"Social Sciences"
951;21101278610;"Cadernos de Dereito Actual";journal;"2340860X, 23865229";"Xurists in Action Association";Yes;Yes;0,121;Q4;3;39;183;1503;16;182;0,11;38,54;32,94;0;Spain;Western Europe;"Xurists in Action Association";"2020-2025";"Law (Q4); Public Administration (Q4)";"Social Sciences"
952;21101279761;"Indonesian Journal of Advocacy and Legal Services";journal;"26862611, 26862085";"Universitas Negeri Semarang";Yes;No;0,121;Q4;3;18;24;865;11;24;0,46;48,06;28,89;0;Indonesia;Asiatic Region;"Universitas Negeri Semarang";"2023-2025";"Law (Q4); Social Sciences (miscellaneous) (Q4); Sociology and Political Science (Q4)";"Social Sciences"
953;21101098754;"Isonomia";journal;"14050218, 26832593";"Instituto Tecnologico Autonomo de Mexico";No;Yes;0,121;Q4;4;19;53;1090;11;51;0,21;57,37;29,63;0;Mexico;Latin America;"Instituto Tecnologico Autonomo de Mexico";"2019-2025";"Philosophy (Q3); Law (Q4); Social Sciences (miscellaneous) (Q4); Sociology and Political Science (Q4)";"Arts and Humanities; Social Sciences"
954;21100905325;"Italian Law Journal";journal;"24212156";"Edizioni Scientifiche Italiane SpA";Yes;Yes;0,121;Q4;5;1;119;64;23;117;0,14;64,00;0,00;0;Italy;Western Europe;"Edizioni Scientifiche Italiane SpA";"2018-2024";"Cultural Studies (Q3); Law (Q4)";"Social Sciences"
955;21101190434;"Notebooks: The Journal for Studies on Power";journal;"26667177, 26667185";"Brill Academic Publishers";No;No;0,121;Q4;3;7;39;250;19;31;0,33;35,71;50,00;0;Netherlands;Western Europe;"Brill Academic Publishers";"2021-2025";"Anthropology (Q4); Law (Q4); Political Science and International Relations (Q4); Sociology and Political Science (Q4)";"Social Sciences"
956;21100329301;"Queen Mary Journal of Intellectual Property";journal;"20459815, 20459807";"Edward Elgar Publishing Ltd.";No;No;0,121;Q4;11;24;77;389;32;67;0,38;16,21;37,04;0;United Kingdom;Western Europe;"Edward Elgar Publishing Ltd.";"2011-2025";"Law (Q4)";"Social Sciences"
957;21101045035;"Revista Opiniao Juridica";journal;"24476641, 18060420";"Centro Universitario Christus";Yes;Yes;0,121;Q4;5;26;72;1007;12;72;0,09;38,73;29,41;0;Brazil;Latin America;"Centro Universitario Christus";"2019-2025";"Law (Q4)";"Social Sciences"
958;21101057643;"Comparative Legilinguistics";journal;"20805926, 23914491";"Faculty of Modern Languages and Literatures, Adam Mickiewicz University";Yes;Yes;0,120;Q4;6;10;42;360;14;40;0,38;36,00;76,92;0;Poland;Eastern Europe;"Faculty of Modern Languages and Literatures, Adam Mickiewicz University";"2019-2025";"Linguistics and Language (Q3); Law (Q4)";"Social Sciences"
959;13462;"Islamic Studies";journal;"05788072, 27105326";"Islamic Research Institute";No;No;0,120;Q4;5;12;63;335;16;59;0,26;27,92;28,57;0;Pakistan;Asiatic Region;"Islamic Research Institute";"1971, 1978, 1989, 2019-2025";"Cultural Studies (Q3); Religious Studies (Q3); Law (Q4)";"Arts and Humanities; Social Sciences"
960;21101021434;"Politica del Diritto";journal;"00323063, 19738161";"Societa Editrice Il Mulino";No;No;0,120;Q4;2;9;63;778;8;63;0,13;86,44;33,33;0;Italy;Western Europe;"Societa Editrice Il Mulino";"2020-2025";"Law (Q4)";"Social Sciences"
961;21100877171;"Trabajo y Derecho";journal;"23868112, 23868090";"LA LEY Soluciones Legales, S.A.";No;No;0,120;Q4;4;152;425;2046;16;174;0,04;13,46;50,00;0;Spain;Western Europe;"LA LEY Soluciones Legales, S.A.";"2015-2026";"Law (Q4)";"Social Sciences"
962;21101389271;"University of Queensland Law Journal";journal;"00834041, 1839289X";"University of Queensland";No;No;0,120;Q4;5;11;47;868;13;46;0,29;78,91;58,82;0;Australia;Pacific Region;"University of Queensland";"2021-2025";"Law (Q4)";"Social Sciences"
963;21100244220;"Singapore Journal of Legal Studies";journal;"02182173";"National University of Singapore, Faculty of Law";No;No;0,119;Q4;10;22;42;395;12;41;0,29;17,95;5,00;0;Singapore;Asiatic Region;"National University of Singapore, Faculty of Law";"2012-2013, 2019-2021, 2023-2025";"Law (Q4)";"Social Sciences"
964;25102;"Criminal Law Review";journal;"0011135X";"Sweet and Maxwell-Thomson Reuters";No;No;0,118;Q4;30;28;313;162;47;159;0,16;5,79;21,43;0;United Kingdom;Western Europe;"Sweet and Maxwell-Thomson Reuters";"1974, 1976-1978, 1982, 1985, 1988, 1990-1991, 1996-2025";"Law (Q4); Pathology and Forensic Medicine (Q4)";"Medicine; Social Sciences"
965;145698;"Cyprus Review";journal;"25478974, 10152881";"University of Nicosia";No;No;0,118;Q4;20;12;39;495;10;31;0,21;41,25;41,18;0;Cyprus;Western Europe;"University of Nicosia";"1996-2025";"Economics and Econometrics (Q4); Law (Q4); Social Sciences (miscellaneous) (Q4); Sociology and Political Science (Q4)";"Economics, Econometrics and Finance; Social Sciences"
966;21100902912;"European Yearbook of Minority Issues";journal;"15707865, 22116117";"Brill Academic Publishers";No;No;0,118;Q4;14;0;42;0;9;41;0,33;0,00;0,00;0;Netherlands;Western Europe;"Brill Academic Publishers";"2001, 2003-2005, 2008, 2010-2024";"Cultural Studies (Q3); Anthropology (Q4); Geography, Planning and Development (Q4); Law (Q4); Sociology and Political Science (Q4)";"Social Sciences"
967;21100901578;"Indonesian Journal of International and Comparative Law";journal;"2338770X, 23387602";"Institute for Migrant Rights Press";No;No;0,118;Q4;4;0;45;0;11;34;0,19;0,00;0,00;0;Indonesia;Asiatic Region;"Institute for Migrant Rights Press";"2018-2024";"Cultural Studies (Q3); Law (Q4); Sociology and Political Science (Q4)";"Social Sciences"
968;21101320241;"Journal of Equity";journal;"18332137";"LexisNexis Australia";No;No;0,118;Q4;5;10;31;161;7;29;0,29;16,10;36,36;0;Australia;Pacific Region;"LexisNexis Australia";"2020-2025";"Law (Q4)";"Social Sciences"
969;21101331265;"Jurnal Al-dustur";journal;"26866498, 26225964";"Department of Constitutional Law, Postgraduate Program of IAIN Bone";Yes;No;0,118;Q4;3;14;41;531;7;41;0,22;37,93;30,43;0;Indonesia;Asiatic Region;"Department of Constitutional Law, Postgraduate Program of IAIN Bone";"2021-2025";"Religious Studies (Q3); Law (Q4)";"Arts and Humanities; Social Sciences"
970;21101349456;"Victoria University of Wellington Law Review";journal;"11793082, 1171042X";"Victoria University of Wellington";No;No;0,118;Q4;5;4;92;442;30;90;0,20;110,50;40,00;0;New Zealand;Pacific Region;"Victoria University of Wellington";"2006, 2021-2025";"Law (Q4)";"Social Sciences"
971;21100235613;"ACDI Anuario Colombiano de Derecho Internacional";journal;"20271131, 21454493";"Universidad del Rosario";Yes;Yes;0,117;Q4;5;7;35;453;4;16;0,12;64,71;50,00;0;Colombia;Latin America;"Universidad del Rosario";"2012-2025";"Law (Q4)";"Social Sciences"
972;25617;"Canadian Yearbook of International Law. Annuaire Canadien de Droit International";journal;"19250169, 00690058";"Cambridge University Press";No;No;0,117;Q4;12;8;56;808;13;55;0,14;101,00;46,15;0;United Kingdom;Western Europe;"Cambridge University Press";"1989, 1996-2002, 2004-2026";"Law (Q4); Political Science and International Relations (Q4)";"Social Sciences"
973;21100945717;"Journal of the Ottoman and Turkish Studies Association";journal;"23760702, 23760699";"Indiana University Press";No;No;0,117;Q4;5;2;100;0;24;85;0,11;0,00;50,00;0;United States;Northern America;"Indiana University Press";"2019-2025";"Cultural Studies (Q3); History (Q3); Religious Studies (Q3); Anthropology (Q4); Law (Q4)";"Arts and Humanities; Social Sciences"
974;5600153197;"Zeitschrift fur Rechtssoziologie";journal;"01740202, 23660392";"De Gruyter Oldenbourg";No;No;0,117;Q4;6;16;52;759;13;50;0,13;47,44;42,11;0;Germany;Western Europe;"De Gruyter Oldenbourg";"2016-2025";"Law (Q4)";"Social Sciences"
975;21101377437;"Adelphi Series";journal;"19445571, 1944558X";"Taylor and Francis Ltd.";No;No;0,116;Q4;1;20;20;275;3;18;0,15;13,75;0,00;0;United Kingdom;Western Europe;"Taylor and Francis Ltd.";"2024-2026";"Law (Q4)";"Social Sciences"
976;21101149131;"Anuario de la Facultad de Derecho. Universidad de Extremadura";journal;"26957728";"Universidad de Extremadura";Yes;Yes;0,116;Q4;2;4;89;181;12;86;0,07;45,25;100,00;0;Spain;Western Europe;"Universidad de Extremadura";"2022-2025";"Law (Q4); Public Administration (Q4)";"Social Sciences"
977;21101017736;"Internet Journal of Restorative Justice";journal;"20562985";"RJ4All Publications";No;No;0,116;Q4;2;1;10;35;2;9;0,00;35,00;0,00;0;United Kingdom;Western Europe;"RJ4All Publications";"2020-2024";"Law (Q4)";"Social Sciences"
978;21100868098;"Rivista Italiana di Medicina Legale e del Diritto in Campo Sanitario";journal;"24992860, 24992852";"Giuffre Francis Lefebvre SPA";No;No;0,116;Q4;5;0;2;0;0;2;0,00;0,00;0,00;0;Italy;Western Europe;"Giuffre Francis Lefebvre SPA";"2014-2022";"Law (Q4); Medicine (miscellaneous) (Q4); Pathology and Forensic Medicine (Q4)";"Medicine; Social Sciences"
979;21101289838;"African Journal of Law and Justice System";journal;"27533115, 27533123";"Adonis and Abbey Publishers Ltd";No;No;0,115;Q4;2;25;32;946;8;31;0,18;37,84;37,84;0;United Kingdom;Western Europe;"Adonis and Abbey Publishers Ltd";"2022-2025";"Law (Q4)";"Social Sciences"
980;21101119712;"Baku State University Law Review";journal;"24125555";"Student Academic Society of Baku State University Law School";No;No;0,115;Q4;2;11;32;695;6;32;0,20;63,18;57,14;0;Azerbaijan;Eastern Europe;"Student Academic Society of Baku State University Law School";"2019-2025";"Law (Q4)";"Social Sciences"
981;13131;"Columbia Journal of Law and Social Problems";journal;"00101923";"Columbia Law Review Association";No;No;0,115;Q4;15;8;48;2368;13;48;0,24;296,00;50,00;0;United States;Northern America;"Columbia Law Review Association";"1973, 1975-1976, 1978, 1980, 1985-1986, 1989-1990, 1992-2025";"Law (Q4); Social Sciences (miscellaneous) (Q4); Sociology and Political Science (Q4)";"Social Sciences"
982;19700170140;"Journal of Shi'a Islamic Studies";journal;"17489423";"The Islamic College";No;No;0,115;Q4;9;0;36;0;2;31;0,10;0,00;0,00;0;United Kingdom;Western Europe;"The Islamic College";"2011-2024";"Cultural Studies (Q3); History (Q3); Philosophy (Q3); Religious Studies (Q3); Law (Q4); Political Science and International Relations (Q4)";"Arts and Humanities; Social Sciences"
983;21100229263;"Juridicas";journal;"17942918";"Universidad de Caldas";Yes;Yes;0,115;Q4;6;0;87;0;13;81;0,17;0,00;0,00;0;Colombia;Latin America;"Universidad de Caldas";"2012-2024";"Law (Q4)";"Social Sciences"
984;21101040219;"Revista de Estudos Empiricos em Direito";journal;"23190817";"Instituto Rede de Pesquisa Empirica em Direito";Yes;Yes;0,115;Q4;3;30;91;983;9;88;0,06;32,77;60,78;0;Brazil;Latin America;"Instituto Rede de Pesquisa Empirica em Direito";"2019-2025";"Law (Q4)";"Social Sciences"
985;90482;"Zbornik Pravnog Fakulteta u Zagrebu";journal;"03502058, 18491154";"Faculty Of Law, University Of Zagreb";Yes;Yes;0,115;Q4;8;16;118;724;17;116;0,15;45,25;56,00;0;Croatia;Eastern Europe;"Faculty Of Law, University Of Zagreb";"1984, 2007-2025";"Law (Q4)";"Social Sciences"
986;21100934785;"International and Comparative Law Review";journal;"12138770, 24646601";"Palacky University Olomouc";No;No;0,114;Q4;7;0;75;0;31;75;0,56;0,00;0,00;0;Czech Republic;Eastern Europe;"Palacky University Olomouc";"2019-2024";"Law (Q4)";"Social Sciences"
987;21101072123;"Italian Review of Legal History";journal;"24648914";"Universita degli Studi di Milano";Yes;Yes;0,114;Q4;3;14;77;616;6;76;0,09;44,00;31,25;0;Italy;Western Europe;"Universita degli Studi di Milano";"2019, 2021-2025";"Law (Q4)";"Social Sciences"
988;21101039618;"P.A. Persona e Amministrazione";journal;"26109050";"University of Urbino";No;No;0,114;Q4;3;36;178;808;13;175;0,07;22,44;34,21;0;Italy;Western Europe;"University of Urbino";"2017-2025";"Economics, Econometrics and Finance (miscellaneous) (Q4); Law (Q4); Public Administration (Q4)";"Economics, Econometrics and Finance; Social Sciences"
989;21101277849;"Kyiv-Mohyla Law and Politics Journal";journal;"24149942";"National University of Kyiv-Mohyla Academy";Yes;Yes;0,113;Q4;2;16;19;466;5;16;0,26;29,13;37,04;0;Ukraine;Eastern Europe;"National University of Kyiv-Mohyla Academy";"2021, 2023-2025";"Law (Q4)";"Social Sciences"
990;21100396355;"Osservatorio del Diritto Civile e Commerciale";journal;"22812628";"Societa Editrice Il Mulino";No;No;0,113;Q4;5;17;88;909;3;87;0,03;53,47;25,00;0;Italy;Western Europe;"Societa Editrice Il Mulino";"2012-2025";"Law (Q4)";"Social Sciences"
991;21100811503;"Revista de Estudos Constitucionais, Hermeneutica e Teoria do Direito";journal;"21752168";"Universidade do Vale do Rio dos Sinos";Yes;Yes;0,113;Q4;5;18;89;529;10;88;0,14;29,39;28,57;0;Brazil;Latin America;"Universidade do Vale do Rio dos Sinos";"2016-2026";"Law (Q4)";"Social Sciences"
992;21100275419;"Rivista di Studi sulla Sostenibilita";journal;"22397221, 22391959";"FrancoAngeli";No;No;0,113;Q4;17;64;102;2476;34;95;0,24;38,69;52,97;0;Italy;Western Europe;"FrancoAngeli";"2011-2025";"Development (Q4); Economics and Econometrics (Q4); Law (Q4); Management, Monitoring, Policy and Law (Q4); Renewable Energy, Sustainability and the Environment (Q4); Strategy and Management (Q4)";"Business, Management and Accounting; Economics, Econometrics and Finance; Energy; Environmental Science; Social Sciences"
993;7200153169;"Legal History Review";journal;"00407585, 15718190";"Brill Academic Publishers";No;No;0,112;Q4;13;15;52;1883;9;52;0,11;125,53;23,53;0;Netherlands;Western Europe;"Brill Academic Publishers";"1920-1927, 1929-1944, 1957-1958, 1963-1982, 1984-2025";"History (Q3); Law (Q4)";"Arts and Humanities; Social Sciences"
994;21100236610;"Rechtsgeschichte";journal;"16194993, 21959617";"Klostermann";Yes;Yes;0,112;Q4;11;17;121;613;14;119;0,09;36,06;23,53;0;Germany;Western Europe;"Klostermann";"2011-2025";"History (Q3); Law (Q4)";"Arts and Humanities; Social Sciences"
995;20905;"Kriminalistik";journal;"00234699";"Huthig GmbH";No;No;0,111;Q4;9;0;3;0;0;3;0,00;0,00;0,00;0;Germany;Western Europe;"Huthig GmbH";"1974-1983, 1996-2023";"Law (Q4)";"Social Sciences"
996;5800157711;"Archiv fur Rechts- und Sozialphilosophie";journal;"23635606, 00012343";"Franz Steiner Verlag GmbH";No;No;0,110;Q4;7;22;99;1964;9;95;0,03;89,27;25,00;0;Germany;Western Europe;"Franz Steiner Verlag GmbH";"2011-2025";"Law (Q4); Philosophy (Q4)";"Arts and Humanities; Social Sciences"
997;4700152628;"Frontiers of Law in China";journal;"16733541, 16733428";"Higher Education Press Limited Company";No;No;0,110;Q4;9;18;72;937;11;71;0,13;52,06;45,00;0;China;Asiatic Region;"Higher Education Press Limited Company";"2006-2025";"Law (Q4)";"Social Sciences"
998;21101089134;"Pravnehistoricke Studie";journal;"2464689X, 00794929";"Karolinum - Nakladatelstvi Univerzity Karlovy";Yes;Yes;0,110;Q4;2;37;118;1324;6;108;0,05;35,78;38,89;0;Czech Republic;Eastern Europe;"Karolinum - Nakladatelstvi Univerzity Karlovy";"2019-2025";"History (Q3); Law (Q4)";"Arts and Humanities; Social Sciences"
999;18498;"Zeitschrift der Savigny-Stiftung fur Rechtsgeschichte, Germanistische Abteilung";journal;"03234045, 23044861";"Walter de Gruyter GmbH";No;No;0,110;Q4;8;9;142;1873;3;141;0,01;208,11;0,00;0;Germany;Western Europe;"Walter de Gruyter GmbH";"1861, 1863-1864, 1866-1870, 1872-1873, 1876, 1878, 1880-1922, 1924-1944, 1947-1948, 1950-2025";"History (Q3); Law (Q4)";"Arts and Humanities; Social Sciences"
1000;21100790507;"Comparative Legal History";journal;"20496788, 2049677X";"Taylor and Francis Ltd.";No;No;0,109;Q4;8;10;25;450;12;19;0,47;45,00;12,50;0;United Kingdom;Western Europe;"Taylor and Francis Ltd.";"2013, 2015-2025";"History (Q3); Law (Q4)";"Arts and Humanities; Social Sciences"
1001;21101061457;"European Pharmaceutical Law Review";journal;"25117157, 25117181";"Lexxion Verlagsgesellschaft mbH";No;No;0,109;Q4;6;0;15;0;6;7;0,00;0,00;0,00;0;Germany;Western Europe;"Lexxion Verlagsgesellschaft mbH";"2019-2022";"Drug Discovery (Q4); Law (Q4); Pharmaceutical Science (Q4); Pharmacology, Toxicology and Pharmaceutics (miscellaneous) (Q4)";"Pharmacology, Toxicology and Pharmaceutics; Social Sciences"
1002;21100937581;"Genocide Studies International";journal;"22911855, 22911847";"University of Toronto Press";No;No;0,109;Q4;7;0;22;0;6;18;0,63;0,00;0,00;0;Canada;Northern America;"University of Toronto Press";"2018-2023";"Law (Q4); Political Science and International Relations (Q4); Sociology and Political Science (Q4)";"Social Sciences"
1003;21101176790;"Global Competition Litigation Review";journal;"27541843, 17566002";"Thomson Reuters";No;No;0,109;Q4;2;0;53;0;5;32;0,00;0,00;0,00;0;United Kingdom;Western Europe;"Thomson Reuters";"2019-2024";"Law (Q4)";"Social Sciences"
1004;17700155708;"Revue Internationale de Droit Penal";journal;"19516312, 02235404";"Maklu Publishers";No;No;0,109;Q4;11;0;77;0;6;73;0,09;0,00;0,00;0;Belgium;Western Europe;"Maklu Publishers";"2001-2024";"Law (Q4); Political Science and International Relations (Q4)";"Social Sciences"
1005;21100264821;"Studi sulla Questione Criminale";journal;"18284973, 19733984";"Carocci Editore";No;No;0,109;Q4;6;11;58;413;8;51;0,13;37,55;57,14;0;Italy;Western Europe;"Carocci Editore";"2013-2025";"Law (Q4)";"Social Sciences"
1006;21683;"University of Pittsburgh Law Review";journal;"00419915";"University Library System, University of Pittsburgh";No;No;0,109;Q4;19;15;103;4106;13;96;0,09;273,73;27,27;0;United States;Northern America;"University Library System, University of Pittsburgh";"1973-1975, 1977, 1979-1980, 1982, 1985, 1987, 1989, 1991, 1993-1994, 1996-2025";"Law (Q4)";"Social Sciences"
1007;27936;"Family Law Quarterly";journal;"0014729X";"American Bar Association";No;No;0,108;Q4;24;0;6;0;0;4;0,00;0,00;0,00;0;United States;Northern America;"American Bar Association";"1973-1975, 1977, 1979-1980, 1983-1985, 1988, 1991-1992, 1996-2012, 2017, 2022";"Law (Q4); Social Sciences (miscellaneous) (Q4)";"Social Sciences"
1008;21100943308;"Human Rights";journal;"24236489, 25386360";"Mofid University - Center for Human Rights Studies";Yes;Yes;0,108;Q4;2;0;50;0;5;50;0,00;0,00;0,00;0;Iran;Middle East;"Mofid University - Center for Human Rights Studies";"2019-2024";"Law (Q4); Political Science and International Relations (Q4); Sociology and Political Science (Q4)";"Social Sciences"
1009;21101045040;"Irish Judicial Studies Journal";journal;"27120317";"The Irish Judicial Studies Journal";No;No;0,108;Q4;4;4;66;138;11;60;0,12;34,50;33,33;0;Ireland;Western Europe;"The Irish Judicial Studies Journal";"2019-2024";"Law (Q4)";"Social Sciences"
1010;21100924420;"Jerusalem Review of Legal Studies";journal;"22197117, 22197125";"Oxford University Press";No;No;0,108;Q4;10;14;77;630;11;73;0,14;45,00;40,00;0;United States;Northern America;"Oxford University Press";"2010-2025";"Law (Q4)";"Social Sciences"
1011;18700156726;"Kriminologisches Journal";journal;"03411966";"Biomedical Research Press s.a.s.";No;No;0,108;Q4;8;4;32;173;6;25;0,10;43,25;63,64;0;Germany;Western Europe;"Biomedical Research Press s.a.s.";"2009-2013, 2015-2023, 2025";"Law (Q4); Safety Research (Q4)";"Social Sciences"
1012;21100330726;"NTUT Journal of Intellectual Property Law and Management";journal;"22266771";"National Taipei University of Technology";No;No;0,108;Q4;4;0;38;0;5;35;0,08;0,00;0,00;0;Taiwan;Asiatic Region;"National Taipei University of Technology";"2012-2024";"Business and International Management (Q4); Law (Q4); Strategy and Management (Q4)";"Business, Management and Accounting; Social Sciences"
1013;21101082209;"Revista Brasileira de Ciencias Policiais";journal;"23186917, 21780013";"National Police Academy";Yes;Yes;0,108;Q4;3;0;115;0;7;107;0,06;0,00;0,00;0;Brazil;Latin America;"National Police Academy";"2019-2024";"Law (Q4); Political Science and International Relations (Q4); Safety Research (Q4); Social Sciences (miscellaneous) (Q4); Sociology and Political Science (Q4)";"Social Sciences"
1014;21101235675;"San Diego International Law Journal";journal;"29951054";"University of San Diego School of Law";No;No;0,108;Q4;4;9;26;187;12;19;0,25;20,78;40,00;1;United States;Northern America;"University of San Diego School of Law";"2020-2025";"Law (Q4)";"Social Sciences"
1015;21101215121;"Studia Iuridica Toruniensia";journal;"16895258, 23917873";"Nicolaus Copernicus University";No;No;0,108;Q4;2;15;117;258;7;117;0,03;17,20;29,41;0;Poland;Eastern Europe;"Nicolaus Copernicus University";"2020-2025";"Law (Q4)";"Social Sciences"
1016;21101214485;"Anali Pravnog Fakulteta u Beogradu";journal;"00032565, 24062693";"University of Belgrade Faculty of Law";Yes;Yes;0,107;Q4;2;24;102;954;16;101;0,23;39,75;41,94;0;Serbia;Eastern Europe;"University of Belgrade Faculty of Law";"2022-2025";"Economics, Econometrics and Finance (miscellaneous) (Q4); Law (Q4); Social Sciences (miscellaneous) (Q4)";"Economics, Econometrics and Finance; Social Sciences"
1017;17700155038;"Droit et Societe";journal;"19696973, 07693362";"Editions Juridiques Associees";No;No;0,107;Q4;19;0;65;0;10;63;0,13;0,00;0,00;0;France;Western Europe;"Editions Juridiques Associees";"2001-2024";"Law (Q4); Sociology and Political Science (Q4)";"Social Sciences"
1018;15183;"Duke Environmental Law and Policy Forum";journal;"23289686, 10643958";"Duke Law Publications";Yes;No;0,107;Q4;24;4;24;80;7;14;0,12;20,00;0,00;0;United States;Northern America;"Duke Law Publications";"1996-2000, 2002-2026";"Geography, Planning and Development (Q4); Law (Q4); Management, Monitoring, Policy and Law (Q4)";"Environmental Science; Social Sciences"
1019;21101189819;"European Health and Pharmaceutical Law Review";journal;"2751398X, 27513971";"Lexxion Verlagsgesellschaft mbH";No;No;0,107;Q4;1;29;11;321;1;5;0,09;11,07;50,00;0;Germany;Western Europe;"Lexxion Verlagsgesellschaft mbH";"2023, 2025";"Drug Discovery (Q4); Law (Q4); Pharmaceutical Science (Q4); Pharmacology, Toxicology and Pharmaceutics (miscellaneous) (Q4)";"Pharmacology, Toxicology and Pharmaceutics; Social Sciences"
1020;21101152856;"Hungarian Yearbook of International Law and European Law";journal;"2666271X, 26662701";"Eleven, Boom uitgevers Den Haag";No;No;0,107;Q4;4;0;47;0;6;45;0,20;0,00;0,00;0;Netherlands;Western Europe;"Eleven, Boom uitgevers Den Haag";"2019-2023";"Law (Q4)";"Social Sciences"
1021;19200157108;"Competition Policy International";journal;"15540189, 15546853";"Competition Policy International Inc.";No;No;0,106;Q4;14;0;7;0;0;5;0,00;0,00;0,00;0;United States;Northern America;"Competition Policy International Inc.";"2008-2015, 2023";"Economics and Econometrics (Q4); Law (Q4); Political Science and International Relations (Q4)";"Economics, Econometrics and Finance; Social Sciences"
1022;21100223783;"Giornale di Storia Costituzionale";journal;"18277950, 15930793";"eum - Edizioni Universita di Macerata";No;No;0,106;Q4;5;11;76;454;8;48;0,06;41,27;0,00;0;Italy;Western Europe;"eum - Edizioni Universita di Macerata";"2012-2025";"History (Q4); Law (Q4)";"Arts and Humanities; Social Sciences"
1023;19700187505;"International Journal of Private Law";journal;"17536243, 17536235";"Inderscience Publishers";No;No;0,106;Q4;7;0;18;0;3;18;0,17;0,00;0,00;0;United Kingdom;Western Europe;"Inderscience Publishers";"2008-2015, 2017-2021, 2023-2024";"Law (Q4)";"Social Sciences"
1024;12100157012;"Maghreb - Machrek";journal;"22716815, 17623162";"Editions ESKA";No;No;0,106;Q4;7;0;32;0;5;29;0,20;0,00;0,00;0;France;Western Europe;"Editions ESKA";"1987, 1989-1990, 2007-2024";"Literature and Literary Theory (Q3); Cultural Studies (Q4); History (Q4); Law (Q4); Political Science and International Relations (Q4); Sociology and Political Science (Q4)";"Arts and Humanities; Social Sciences"
1025;16175;"Medicine and Law";journal;"07231393, 2471836X";"William S. Hein &amp; Co., Inc.";No;No;0,106;Q4;23;30;115;1268;18;105;0,19;42,27;39,53;0;Israel;Middle East;"William S. Hein &amp; Co., Inc.";"1982-2025";"Health Policy (Q4); Law (Q4)";"Medicine; Social Sciences"
1026;5800171010;"Oxford University Commonwealth Law Journal";journal;"17578469, 14729342";"Routledge";No;No;0,106;Q4;8;7;17;134;8;15;0,67;19,14;22,22;0;United Kingdom;Western Europe;"Routledge";"2013-2023, 2025";"Law (Q4)";"Social Sciences"
1027;21101267122;"Quaderni Fiorentini per la Storia del Pensiero Giuridico Moderno";journal;"03921867";"Giuffre Francis Lefebvre SPA";No;No;0,106;Q4;4;28;107;172;3;5;0,01;6,14;24,00;0;Italy;Western Europe;"Giuffre Francis Lefebvre SPA";"2020-2025";"History (Q4); Law (Q4); Political Science and International Relations (Q4); Social Sciences (miscellaneous) (Q4)";"Arts and Humanities; Social Sciences"
1028;21101186922;"Revista de Derecho (Uruguay)";journal;"23011610, 15105172";"Universidad de Montevideo";Yes;Yes;0,106;Q4;3;21;59;750;4;51;0,10;35,71;50,00;0;Uruguay;Latin America;"Universidad de Montevideo";"2019-2025";"Law (Q4)";"Social Sciences"
1029;27715;"Anil Aggrawal's Internet Journal of Forensic Medicine and Toxicology";journal;"09728074, 09728066";"Anil Aggrawal's Internet Journal of Forensic Medicine and Toxicology";No;No;0,105;Q4;13;2;7;13;1;7;0,00;6,50;0,00;0;India;Asiatic Region;"Anil Aggrawal's Internet Journal of Forensic Medicine and Toxicology";"2000-2025";"Law (Q4); Pathology and Forensic Medicine (Q4); Toxicology (Q4)";"Medicine; Pharmacology, Toxicology and Pharmaceutics; Social Sciences"
1030;25690;"Cornell International Law Journal";journal;"00108812";"Cornell Law School";No;No;0,105;Q4;37;8;39;1309;4;38;0,11;163,63;50,00;0;United States;Northern America;"Cornell Law School";"1992, 1996-2025";"Law (Q4); Political Science and International Relations (Q4)";"Social Sciences"
1031;27801;"Journal of Maritime Law and Commerce";journal;"21624127, 00222410";"SPB Academic Publishing bv";No;No;0,105;Q4;15;15;9;2138;0;7;0,00;142,53;5,88;0;Netherlands;Western Europe;"SPB Academic Publishing bv";"1979, 1996-2020, 2022-2025";"Law (Q4); Political Science and International Relations (Q4)";"Social Sciences"
1032;16100154738;"Zeitschrift der Savigny-Stiftung fur Rechtsgeschichte, Romanistische Abteilung";journal;"03234096, 23044934";"Walter de Gruyter GmbH";No;No;0,105;Q4;10;10;71;4561;6;71;0,06;456,10;20,00;0;Germany;Western Europe;"Walter de Gruyter GmbH";"1880-1922, 1924-1944, 1947-1948, 1950-2025";"History (Q4); Law (Q4)";"Arts and Humanities; Social Sciences"
1033;21101125590;"Annales de la Faculte de Droit d'Istanbul";journal;"05789745, 26874113";"Istanbul University Press";Yes;Yes;0,104;Q4;2;11;55;979;7;55;0,10;89,00;41,67;0;Turkey;Middle East;"Istanbul University Press";"2019-2025";"Law (Q4)";"Social Sciences"
1034;21101061459;"International Journal on Consumer Law and Practice";journal;"23472731";"National Law School of India University";No;No;0,104;Q4;3;1;28;26;5;28;0,11;26,00;0,00;0;India;Asiatic Region;"National Law School of India University";"2019-2024";"Law (Q4)";"Social Sciences"
1035;17514;"Journal of Water Law";journal;"14785277";"Lawtext Publishing Ltd.";No;No;0,104;Q4;16;0;17;0;2;9;0,12;0,00;0,00;0;United Kingdom;Western Europe;"Lawtext Publishing Ltd.";"2001-2016, 2019-2021, 2023-2024";"Law (Q4); Water Science and Technology (Q4)";"Environmental Science; Social Sciences"
1036;21100786380;"Perspectives on Federalism";journal;"20365438";"Centro Studi Sul Federalismo";Yes;Yes;0,104;Q4;8;6;42;463;5;40;0,10;77,17;28,57;0;Italy;Western Europe;"Centro Studi Sul Federalismo";"2016-2026";"Law (Q4); Political Science and International Relations (Q4); Sociology and Political Science (Q4)";"Social Sciences"
1037;21101039142;"Prudentia Iuris";journal;"25249525, 03262774";"Pontificia Universidad Catolica Argentina";Yes;Yes;0,104;Q4;2;27;84;1011;6;70;0,07;37,44;38,46;0;Argentina;Latin America;"Pontificia Universidad Catolica Argentina";"2019-2025";"Law (Q4)";"Social Sciences"
1038;21100920870;"Verwaltung";journal;"18655211, 00424498";"Duncker und Humblot GmbH";No;No;0,104;Q4;3;11;50;1332;7;49;0,12;121,09;28,57;0;Germany;Western Europe;"Duncker und Humblot GmbH";"2016-2026";"Law (Q4); Public Administration (Q4)";"Social Sciences"
1039;15666;"Banking Law Journal";journal;"00055506";"Sheshunoff Information Services";No;No;0,103;Q4;7;15;41;386;5;35;0,17;25,73;27,59;0;United States;Northern America;"Sheshunoff Information Services";"1996-2012, 2018-2023, 2025";"Business, Management and Accounting (miscellaneous) (Q4); Finance (Q4); Law (Q4)";"Business, Management and Accounting; Economics, Econometrics and Finance; Social Sciences"
1040;14480;"Dalhousie Law Journal";journal;"03171663, 25639277";"Dalhousie University Schulich School of Law";No;No;0,103;Q4;3;28;70;542;9;69;0,10;19,36;53,33;0;Canada;Northern America;"Dalhousie University Schulich School of Law";"1974, 1977, 1980-1981, 1988, 1993, 2021-2025";"Law (Q4)";"Social Sciences"
1041;21100276218;"Ecclesiastical Law Journal";journal;"0956618X, 17518539";"Cambridge University Press";No;No;0,103;Q4;17;41;149;1342;14;103;0,09;32,73;11,11;0;United Kingdom;Western Europe;"Cambridge University Press";"1987-2025";"Law (Q4); Religious Studies (Q4)";"Arts and Humanities; Social Sciences"
1042;11700154386;"Journal of Intellectual Property";journal;"15599493";"Illinois Institute of Technology";No;No;0,103;Q4;8;12;32;1890;3;32;0,11;157,50;11,11;0;United States;Northern America;"Illinois Institute of Technology";"2008-2010, 2012-2025";"Law (Q4); Philosophy (Q4)";"Arts and Humanities; Social Sciences"
1043;21101079122;"LUMS Law Journal";journal;"24148407, 24148415";"Shaikh Ahmad Hassan School of Law";No;No;0,103;Q4;1;0;17;0;1;17;0,06;0,00;0,00;0;Pakistan;Asiatic Region;"Shaikh Ahmad Hassan School of Law";"2021, 2023-2024";"Law (Q4)";"Social Sciences"
1044;19400158814;"Quebec Journal of International Law";journal;"08289999";"Societe Quebecoise de Droit International";No;No;0,103;Q4;6;0;101;0;5;54;0,00;0,00;0,00;0;Canada;Northern America;"Societe Quebecoise de Droit International";"2007-2023";"Law (Q4)";"Social Sciences"
1045;21101041503;"Revista Archai";journal;"21794960, 1984249X";"Imprensa da Universidade de Coimbra";Yes;Yes;0,103;Q4;3;26;106;930;8;101;0,04;35,77;32,00;0;Portugal;Western Europe;"Imprensa da Universidade de Coimbra";"2019-2026";"Archeology (Q4); Archeology (arts and humanities) (Q4); History (Q4); Law (Q4); Linguistics and Language (Q4); Philosophy (Q4); Social Sciences (miscellaneous) (Q4); Visual Arts and Performing Arts (Q4)";"Arts and Humanities; Social Sciences"
1046;21101288915;"University of Asia Pacific Journal of Law and Policy";journal;"2518024X";"University of Asia Pacific, Department of Law and Human Rights";No;No;0,103;Q4;0;6;12;480;0;10;0,00;80,00;53,85;0;Bangladesh;Asiatic Region;"University of Asia Pacific, Department of Law and Human Rights";"2022-2025";"Law (Q4)";"Social Sciences"
1047;21101044733;"Canterbury Law Review";journal;"01120581";"University of Canterbury";No;No;0,102;Q4;3;0;18;0;0;15;0,00;0,00;0,00;0;New Zealand;Pacific Region;"University of Canterbury";"2019-2021, 2023-2024";"Law (Q4)";"Social Sciences"
1048;21101392673;"Constitutional and Legal Academic Studies";journal;"26635402, 26635399";"RIK-U LLC";No;No;0,102;Q4;1;12;26;254;4;26;0,21;21,17;38,46;0;Ukraine;Eastern Europe;"RIK-U LLC";"2021-2025";"Law (Q4)";"Social Sciences"
1049;21101388284;"Goettingen Journal of International Law";journal;"18681581";"Universitatsverlag Gottingen";No;No;0,102;Q4;2;12;19;319;4;14;0,27;26,58;27,27;0;Germany;Western Europe;"Universitatsverlag Gottingen";"2021-2025";"Law (Q4)";"Social Sciences"
1050;21101290594;"Indian Journal of Intellectual Property Law";journal;"0975492X, 2278862X";"NALSAR University of Law";No;No;0,102;Q4;2;7;23;68;1;20;0,06;9,71;33,33;0;India;Asiatic Region;"NALSAR University of Law";"2022-2025";"Education (Q4); Law (Q4)";"Social Sciences"
1051;23370;"Journal of Environmental Law and Litigation";journal;"10490280";"University of Oregon";No;No;0,102;Q4;14;8;15;1365;1;14;0,07;170,63;37,50;0;United States;Northern America;"University of Oregon";"1996-2021, 2023-2025";"Geography, Planning and Development (Q4); Law (Q4); Management, Monitoring, Policy and Law (Q4)";"Environmental Science; Social Sciences"
1052;21101292829;"Maritime Safety and Security Law Journal";journal;"24649724";"CNR - ISGI Istituto di Studi Giuridici Internazionali";No;No;0,102;Q4;1;3;18;30;2;17;0,08;10,00;0,00;0;Italy;Western Europe;"CNR - ISGI Istituto di Studi Giuridici Internazionali";"2021-2025";"Law (Q4)";"Social Sciences"
1053;27845;"Military Law Review";journal;"00264040, 15549569";"U.S. Army Judge Advocate Generals Corps.";No;No;0,102;Q4;15;9;16;1733;3;16;0,19;192,56;25,00;0;United States;Northern America;"U.S. Army Judge Advocate Generals Corps.";"1973, 1987, 1989, 1995-2020, 2023-2025";"Law (Q4)";"Social Sciences"
1054;21101039070;"Montesquieu.it";journal;"24214124";"Dipartimento di Filosofia e Comunicazione";Yes;Yes;0,102;Q4;1;1;22;378;1;18;0,00;378,00;0,00;0;Italy;Western Europe;"Dipartimento di Filosofia e Comunicazione";"2019-2025";"History (Q4); Law (Q4); Philosophy (Q4); Sociology and Political Science (Q4)";"Arts and Humanities; Social Sciences"
1055;21101054200;"Revista Aequitas";journal;"21749493";"Asociacion Veritas-Estudios sobre historia, derecho e instituciones";No;Yes;0,102;Q4;2;12;79;397;15;71;0,19;33,08;31,25;0;Spain;Western Europe;"Asociacion Veritas-Estudios sobre historia, derecho e instituciones";"2019-2025";"History (Q4); Law (Q4); Political Science and International Relations (Q4); Public Administration (Q4)";"Arts and Humanities; Social Sciences"
1056;21100944258;"Revista de Direito Civil Contemporaneo";journal;"23581433";"Thomson Reuters Brasil Conteudo e Tecnologia";No;No;0,102;Q4;3;0;120;0;4;99;0,03;0,00;0,00;0;Brazil;Latin America;"Thomson Reuters Brasil Conteudo e Tecnologia";"2018-2023";"Law (Q4); Sociology and Political Science (Q4)";"Social Sciences"
1057;17700156406;"Revue Internationale de Droit Economique";journal;"10108831, 17821525";"De Boeck Supérieur";No;No;0,102;Q4;9;0;82;0;3;79;0,03;0,00;0,00;0;Belgium;Western Europe;"De Boeck Supérieur";"2001-2024";"Business and International Management (Q4); Economics, Econometrics and Finance (miscellaneous) (Q4); Law (Q4)";"Business, Management and Accounting; Economics, Econometrics and Finance; Social Sciences"
1058;21100932471;"Singapore Academy of Law Journal";journal;"02182009";"Academy Publishing";No;No;0,102;Q4;4;13;52;1502;11;50;0,16;115,54;16,67;0;Singapore;Asiatic Region;"Academy Publishing";"2019-2025";"Law (Q4)";"Social Sciences"
1059;21101044879;"Anuario Espanol de Derecho Internacional Privado";journal;"15783138";"Iprolex";No;No;0,101;Q4;3;0;32;0;0;32;0,00;0,00;0,00;0;Spain;Western Europe;"Iprolex";"2018, 2020-2024";"Law (Q4)";"Social Sciences"
1060;13818;"Cornell Journal of Law and Public Policy";journal;"10690565";"Joe Christensen, Inc.";No;No;0,101;Q4;14;9;32;728;3;29;0,00;80,89;66,67;0;United States;Northern America;"Joe Christensen, Inc.";"1993, 1997-2002, 2004-2007, 2009, 2011-2025";"Law (Q4); Sociology and Political Science (Q4)";"Social Sciences"
1061;21101208549;"Cuadernos de Politica Criminal";journal;"23409290";"Dykinson Bookstore";No;No;0,101;Q4;3;17;57;1234;1;53;0,00;72,59;85,71;0;Spain;Western Europe;"Dykinson Bookstore";"2020-2025";"Law (Q4)";"Social Sciences"
1062;5600152882;"Cultures et Conflits";journal;"17775345, 1157996X";"Pepper-L'Harmattan";No;No;0,101;Q4;8;0;23;0;0;22;0,00;0,00;0,00;0;France;Western Europe;"Pepper-L'Harmattan";"1997, 2016-2024";"Law (Q4); Political Science and International Relations (Q4); Sociology and Political Science (Q4)";"Social Sciences"
1063;21979;"Deutsche Lebensmittel-Rundschau";journal;"00120413";"Wissenschaftliche Verlagsgesellschaft mbH";Yes;No;0,101;Q4;27;181;742;402;10;179;0,01;2,22;57,14;0;Germany;Western Europe;"Wissenschaftliche Verlagsgesellschaft mbH";"1948-1949, 1961, 1973-1989, 1996-2025";"Food Science (Q4); Industrial and Manufacturing Engineering (Q4); Law (Q4)";"Agricultural and Biological Sciences; Engineering; Social Sciences"
1064;21101061923;"Direito, Estado e Sociedade";journal;"19820879, 15166104";"Pontificia Universidade Catolica do Rio de Janeiro";Yes;No;0,101;Q4;3;13;71;518;2;71;0,00;39,85;50,00;0;Brazil;Latin America;"Pontificia Universidade Catolica do Rio de Janeiro";"2019-2025";"Law (Q4); Social Sciences (miscellaneous) (Q4); Sociology and Political Science (Q4)";"Social Sciences"
1065;12871;"Federal Register";journal;"00976326";"Office of the Federal Register";No;No;0,101;Q4;63;0;238;0;2;163;0,01;0,00;0,00;0;United States;Northern America;"Office of the Federal Register";"1973-2024";"Law (Q4); Public Administration (Q4)";"Social Sciences"
1066;21101287174;"GNLU Journal of Law and Economics";journal;"25822667";"GNLU Centre For Law and Economics";No;No;0,101;Q4;1;6;36;207;2;31;0,04;34,50;44,44;0;India;Asiatic Region;"GNLU Centre For Law and Economics";"2021-2025";"Development (Q4); Economics, Econometrics and Finance (miscellaneous) (Q4); Law (Q4); Social Sciences (miscellaneous) (Q4)";"Economics, Econometrics and Finance; Social Sciences"
1067;21101176020;"International Trade Law and Regulation";journal;"27542009, 13573136";"Sweet and Maxwell";No;No;0,101;Q4;3;10;50;368;3;43;0,03;36,80;41,18;0;United Kingdom;Western Europe;"Sweet and Maxwell";"2019-2025";"Law (Q4)";"Social Sciences"
1068;16200154747;"Journal of Juristic Papyrology";journal;"00754277";"Taubenschlag Foundation";No;No;0,101;Q4;12;4;25;253;0;23;0,00;63,25;50,00;0;Poland;Eastern Europe;"Taubenschlag Foundation";"2002-2025";"Archeology (Q4); Archeology (arts and humanities) (Q4); Law (Q4)";"Arts and Humanities; Social Sciences"
1069;21100944726;"Millennium DIPr";journal;"24443220";"Tirant lo Blanch";Yes;No;0,101;Q4;1;5;21;186;2;21;0,06;37,20;33,33;0;Mexico;Latin America;"Tirant lo Blanch";"2019-2025";"Law (Q4)";"Social Sciences"
1070;21885;"Moreana";journal;"00478105";"Moreana Publications";No;No;0,101;Q4;5;16;39;484;8;25;0,07;30,25;75,00;0;France;Western Europe;"Moreana Publications";"1975-1976, 1996-2025";"History (Q4); Law (Q4); Religious Studies (Q4)";"Arts and Humanities; Social Sciences"
1071;21100211733;"Osterreichisches Archiv fur Recht und Religion";journal;"15608670";"Plochl verlag";No;No;0,101;Q4;4;0;40;0;0;40;0,00;0,00;0,00;0;Austria;Western Europe;"Plochl verlag";"2011-2024";"Law (Q4); Religious Studies (Q4)";"Arts and Humanities; Social Sciences"
1072;21101281530;"Polski Proces Cywilny/Polish Civil Procedure";journal;"20821743";"Wolters Kluwer Polska";No;No;0,101;Q4;3;34;113;1330;7;100;0,03;39,12;25,93;0;Netherlands;Western Europe;"Wolters Kluwer Polska";"2019-2025";"Law (Q4)";"Social Sciences"
1073;21100777217;"Problema";journal;"20074387";"Universidad Nacional Autonoma de Mexico";Yes;No;0,101;Q4;4;17;42;809;4;38;0,04;47,59;18,75;0;Mexico;Latin America;"Universidad Nacional Autonoma de Mexico";"2016-2026";"Law (Q4)";"Social Sciences"
1074;21101125582;"Problemy Prawa Prywatnego Miedzynarodowego";journal;"23539852, 18967604";"Wydawnictwo Uniwersytetu Slaskiego";No;No;0,101;Q4;3;1;32;38;0;32;0,00;38,00;100,00;0;Poland;Eastern Europe;"Wydawnictwo Uniwersytetu Slaskiego";"2019-2025";"Law (Q4)";"Social Sciences"
1075;21100934921;"Publicum";journal;"24477982";"Universidade do Estado do Rio de Janeiro";Yes;Yes;0,101;Q4;3;0;34;0;0;27;0,00;0,00;0,00;0;Brazil;Latin America;"Universidade do Estado do Rio de Janeiro";"2019-2024";"Law (Q4)";"Social Sciences"
1076;21101215787;"Ratio Publica";journal;"27879569, 27879550";"Nugis Finem Publishing";No;No;0,101;Q4;2;3;29;33;1;25;0,05;11,00;0,00;0;Czech Republic;Eastern Europe;"Nugis Finem Publishing";"2021-2025";"Law (Q4); Philosophy (Q4); Political Science and International Relations (Q4)";"Arts and Humanities; Social Sciences"
1077;21101145367;"Rechtskultur";journal;"25684469";"Forderverein Europaische Rechtskultur e.V.";No;No;0,101;Q4;1;0;58;0;1;58;0,02;0,00;0,00;0;Germany;Western Europe;"Forderverein Europaische Rechtskultur e.V.";"2019-2024";"History (Q4); Law (Q4)";"Arts and Humanities; Social Sciences"
1078;21101264301;"Revista do CAAP";journal;"14150344, 22383840";"Faculdade de Direito da Universidade Federal de Minas Gerais";Yes;No;0,101;Q4;1;24;61;542;1;53;0,02;22,58;44,44;0;Brazil;Latin America;"Faculdade de Direito da Universidade Federal de Minas Gerais";"2020-2026";"Anthropology (Q4); Gender Studies (Q4); Law (Q4); Philosophy (Q4); Social Sciences (miscellaneous) (Q4); Sociology and Political Science (Q4)";"Arts and Humanities; Social Sciences"
1079;21101206923;"Revista Romana de Drept International";journal;"15841898, 25593846";"Romanian Association for International Law and International Relations";No;No;0,101;Q4;1;6;29;203;0;28;0,00;33,83;62,50;0;Romania;Eastern Europe;"Romanian Association for International Law and International Relations";"2019-2025";"Law (Q4)";"Social Sciences"
1080;21101029733;"Rivista del Diritto della Navigazione";journal;"00355895";"CASA EDITRICE CACUCCI";No;No;0,101;Q4;1;10;67;125;3;56;0,06;12,50;0,00;0;Italy;Western Europe;"CASA EDITRICE CACUCCI";"2020-2025";"Law (Q4); Transportation (Q4)";"Social Sciences"
1081;21101075356;"Sante Mentale et Droit";journal;"27729710, 27729729";"Elsevier Masson s.r.l.";No;No;0,101;Q4;4;0;287;0;3;286;0,01;0,00;0,00;0;France;Western Europe;"Elsevier Masson s.r.l.";"2022-2024";"Issues, Ethics and Legal Aspects (Q4); Law (Q4); Pathology and Forensic Medicine (Q4)";"Medicine; Nursing; Social Sciences"
1082;17700155419;"Sur";journal;"19833342, 18066445";"Sur - Rede Universitaria de Direitos Humanos";Yes;Yes;0,101;Q4;13;0;27;0;6;24;0,00;0,00;0,00;0;Brazil;Latin America;"Sur - Rede Universitaria de Direitos Humanos";"2012-2022";"Law (Q4); Sociology and Political Science (Q4)";"Social Sciences"
1083;21100926582;"Vergentis";journal;"26053357, 24452394";"Iuris Universal Ediciones";Yes;Yes;0,101;Q4;2;0;43;0;1;42;0,03;0,00;0,00;0;Spain;Western Europe;"Iuris Universal Ediciones";"2019-2020, 2022-2024";"History (Q4); Law (Q4); Religious Studies (Q4)";"Arts and Humanities; Social Sciences"
1084;18501;"Zeitschrift der Savigny-Stiftung fur Rechtsgeschichte, Kanonistische Abteilung";journal;"23044896, 03234142";"Walter de Gruyter GmbH";No;No;0,101;Q4;7;7;52;910;1;50;0,02;130,00;14,29;0;Germany;Western Europe;"Walter de Gruyter GmbH";"1911-1922, 1924-1944, 1947-1948, 1950-1995, 2011-2025";"History (Q4); Law (Q4)";"Arts and Humanities; Social Sciences"
1085;21101067142;"Archivio Giuridico Filippo Serafini";journal;"22822828, 03915646";"Mucchi Editore";No;No;0,100;Q4;1;18;138;403;2;126;0,02;22,39;27,27;0;Italy;Western Europe;"Mucchi Editore";"2019, 2021-2025";"Law (Q4)";"Social Sciences"
1086;21101019705;"Historia et Ius";journal;"22797416";"Associazione culturale Historia et ius";Yes;No;0,100;Q4;2;37;107;1942;6;106;0,05;52,49;25,00;0;Italy;Western Europe;"Associazione culturale Historia et ius";"2019-2025";"Cultural Studies (Q4); History (Q4); History and Philosophy of Science (Q4); Law (Q4)";"Arts and Humanities; Social Sciences"
1087;16293;"Journal of Planning and Environment Law";journal;"03074870";"Sweet &amp; Maxwell Ltd.";No;No;0,100;Q4;9;9;147;575;1;122;0,01;63,89;44,44;0;United Kingdom;Western Europe;"Sweet &amp; Maxwell Ltd.";"1970, 1979-1989, 1996-2026";"Geography, Planning and Development (Q4); Law (Q4); Management, Monitoring, Policy and Law (Q4)";"Environmental Science; Social Sciences"
1088;21101150686;"JUS Rivista di Scienze Giuridiche";journal;"00226955, 18277942";"Vita e Pensiero";No;No;0,100;Q4;3;37;118;834;7;112;0,06;22,54;44,44;0;Italy;Western Europe;"Vita e Pensiero";"2019-2025";"Law (Q4)";"Social Sciences"
1089;21101274418;"Revista do Instituto Historico e Geografico do Rio Grande do Sul";journal;"25957031, 16783484";"Historical and Geographical Institute of Rio Grande do Sul";No;No;0,100;Q4;1;20;88;337;0;72;0,00;16,85;50,00;0;Brazil;Latin America;"Historical and Geographical Institute of Rio Grande do Sul";"2020-2025";"Cultural Studies (Q4); Geography, Planning and Development (Q4); History (Q4); Law (Q4); Sociology and Political Science (Q4)";"Arts and Humanities; Social Sciences"
1090;21101019620;"Revue Juridique de l'USEK";journal;"10263268";"Universite Saint-Esprit de Kaslik";No;No;0,100;Q4;1;9;58;298;0;55;0,00;33,11;33,33;0;Lebanon;Middle East;"Universite Saint-Esprit de Kaslik";"2019-2025";"Law (Q4)";"Social Sciences"
1091;12561;"Chinese Law and Government";journal;"19447051, 00094609";"Routledge";No;No;;-;6;2;0;62;0;0;0,00;31,00;50,00;0;United States;Northern America;"Routledge";"1968-1995, 2002-2020, 2025-2026";"Law; Sociology and Political Science";"Social Sciences"
1092;21101198704;"Evropsky Politicky a Pravni Diskurz (discontinued)";journal;"23365447";"ENIGMA CORPORATION, spol. s r.o.";No;No;;-;3;9;98;321;18;98;0,29;35,67;40,74;0;Czech Republic;Eastern Europe;"ENIGMA CORPORATION, spol. s r.o.";"2020-2025";"Communication; Law; Political Science and International Relations";"Social Sciences"
1093;21101226632;"Grassroots Journal of Natural Resources (discontinued)";journal;"25816853";"Grassroots Institute";No;No;;-;5;45;109;2040;103;108;1,07;45,33;50,00;0;Canada;Northern America;"Grassroots Institute";"2022-2025";"Agricultural and Biological Sciences (miscellaneous); Ecology; Environmental Chemistry; Environmental Engineering; Environmental Science (miscellaneous); Law";"Agricultural and Biological Sciences; Environmental Science; Social Sciences"
1094;21101232307;"Journal of Environmental Law and Policy (discontinued)";journal;"2564016X";"Grassroots Institute";No;No;;-;4;2;46;101;59;46;1,38;50,50;0,00;0;Canada;Northern America;"Grassroots Institute";"2021-2025";"Law";"Social Sciences"
1095;21101185818;"Social and Legal Studios (discontinued)";journal;"26174170, 26174162";"Lviv State University of Internal Affairs";Yes;No;;-;12;54;209;3091;321;209;1,68;57,24;56,38;0;Ukraine;Eastern Europe;"Lviv State University of Internal Affairs";"2019-2025";"Economics, Econometrics and Finance (miscellaneous); Law; Social Psychology";"Economics, Econometrics and Finance; Psychology; Social Sciences"
