Rank;Sourceid;Title;Type;Issn;Publisher;Open Access;Open Access Diamond;SJR;SJR Quartile;H index;Total Docs. (2023);Total Docs. (3years);Total Refs.;Total Citations (3years);Citable Docs. (3years);Citations / Doc. (2years);Ref. / Doc.;%Female;Overton;Country;Region;Publisher;Coverage;Categories;Areas
1;21101101212;"AI Open";journal;"26666510";"KeAi Communications Co.";Yes;No;8,119;Q1;26;21;46;1045;1896;44;19,78;49,76;32,18;0;China;Asiatic Region;"KeAi Communications Co.";"2020-2025";"Artificial Intelligence (Q1); Computer Science Applications (Q1); Computer Vision and Pattern Recognition (Q1); Human-Computer Interaction (Q1); Information Systems (Q1); Software (Q1)";"Computer Science"
2;21100831443;"Nature Biomedical Engineering";journal;"2157846X";"Nature Research";No;No;7,951;Q1;166;151;439;8858;8615;345;20,81;58,66;30,22;7;United Kingdom;Western Europe;"Nature Research";"2017-2026";"Bioengineering (Q1); Biomedical Engineering (Q1); Biotechnology (Q1); Computer Science Applications (Q1); Medicine (miscellaneous) (Q1)";"Biochemistry, Genetics and Molecular Biology; Chemical Engineering; Computer Science; Engineering; Medicine"
3;21100886132;"Science Robotics";journal;"24709476";"American Association for the Advancement of Science";No;No;6,601;Q1;143;94;297;3891;5381;233;16,93;41,39;24,44;4;United States;Northern America;"American Association for the Advancement of Science";"2016-2026";"Artificial Intelligence (Q1); Computer Science Applications (Q1); Control and Optimization (Q1); Mechanical Engineering (Q1)";"Computer Science; Engineering; Mathematics"
4;18935;"IEEE Wireless Communications";journal;"15580687, 15361284";"Institute of Electrical and Electronics Engineers Inc.";No;No;5,926;Q1;206;145;456;1879;5796;416;11,19;12,96;24,14;0;United States;Northern America;"Institute of Electrical and Electronics Engineers Inc.";"2002-2026";"Computer Science Applications (Q1); Electrical and Electronic Engineering (Q1)";"Computer Science; Engineering"
5;21100274221;"IEEE Transactions on Cybernetics";journal;"21682275, 21682267";"Institute of Electrical and Electronics Engineers Inc.";No;No;5,641;Q1;227;640;2066;31222;26496;2066;10,95;48,78;28,77;0;United States;Northern America;"Institute of Electrical and Electronics Engineers Inc.";"2013-2026";"Computer Science Applications (Q1); Control and Systems Engineering (Q1); Electrical and Electronic Engineering (Q1); Human-Computer Interaction (Q1); Information Systems (Q1); Software (Q1)";"Computer Science; Engineering"
6;17249;"IEEE Communications Magazine";journal;"15581896, 01636804";"Institute of Electrical and Electronics Engineers Inc.";No;No;5,631;Q1;306;291;601;3566;6314;482;8,15;12,25;22,36;0;United States;Northern America;"Institute of Electrical and Electronics Engineers Inc.";"1979-2026";"Computer Networks and Communications (Q1); Computer Science Applications (Q1); Electrical and Electronic Engineering (Q1)";"Computer Science; Engineering"
7;18933;"IEEE Transactions on Wireless Communications";journal;"15361276, 15582248";"Institute of Electrical and Electronics Engineers Inc.";No;No;5,371;Q1;277;666;1927;28831;21059;1927;10,31;43,29;25,62;0;United States;Northern America;"Institute of Electrical and Electronics Engineers Inc.";"2000, 2002-2026";"Applied Mathematics (Q1); Computer Science Applications (Q1); Electrical and Electronic Engineering (Q1)";"Computer Science; Engineering; Mathematics"
8;21100420802;"GigaScience";journal;"2047217X";"Oxford University Press";Yes;No;4,621;Q1;106;110;394;7301;4016;394;11,91;66,37;33,16;2;United Kingdom;Western Europe;"Oxford University Press";"2012-2026";"Computer Science Applications (Q1); Health Informatics (Q1)";"Computer Science; Medicine"
9;17339;"IEEE Transactions on Automatic Control";journal;"00189286, 15582523";"Institute of Electrical and Electronics Engineers Inc.";No;No;4,501;Q1;359;832;1754;29530;12563;1753;6,62;35,49;20,08;0;United States;Northern America;"Institute of Electrical and Electronics Engineers Inc.";"1963-2026";"Computer Science Applications (Q1); Control and Systems Engineering (Q1); Electrical and Electronic Engineering (Q1)";"Computer Science; Engineering"
10;144912;"IEEE Transactions on Industrial Informatics";journal;"15513203, 19410050";"IEEE Computer Society";No;No;4,420;Q1;239;924;2490;30215;33490;2431;12,84;32,70;26,91;0;United States;Northern America;"IEEE Computer Society";"2005-2026";"Computer Science Applications (Q1); Control and Systems Engineering (Q1); Electrical and Electronic Engineering (Q1); Information Systems (Q1)";"Computer Science; Engineering"
11;21101012669;"npj Digital Medicine";journal;"23986352";"Nature Publishing Group";Yes;No;4,273;Q1;130;232;508;11375;8384;434;13,04;49,03;37,65;51;United Kingdom;Western Europe;"Nature Publishing Group";"2018-2026";"Computer Science Applications (Q1); Health Informatics (Q1); Health Information Management (Q1); Medicine (miscellaneous) (Q1)";"Computer Science; Health Professions; Medicine"
12;21100235616;"IEEE Transactions on Neural Networks and Learning Systems";journal;"2162237X, 21622388";"IEEE Computational Intelligence Society";No;No;4,170;Q1;284;888;1564;46595;22746;1554;14,67;52,47;27,53;0;United States;Northern America;"IEEE Computational Intelligence Society";"2012-2026";"Artificial Intelligence (Q1); Computer Networks and Communications (Q1); Computer Science Applications (Q1); Software (Q1)";"Computer Science"
13;12402;"MIS Quarterly: Management Information Systems";journal;"02767783, 21629730";"University of Minnesota";No;No;4,105;Q1;294;65;215;5313;2434;210;9,12;81,74;28,57;0;United States;Northern America;"University of Minnesota";"1980-2025";"Computer Science Applications (Q1); Information Systems (Q1); Information Systems and Management (Q1); Management Information Systems (Q1)";"Business, Management and Accounting; Computer Science; Decision Sciences"
14;21101049047;"Transactions of the Association for Computational Linguistics";journal;"2307387X";"MIT Press";Yes;Yes;4,006;Q1;81;99;231;6016;5649;231;17,81;60,77;29,13;3;United States;Northern America;"MIT Press";"2015, 2018-2025";"Artificial Intelligence (Q1); Communication (Q1); Computer Science Applications (Q1); Human-Computer Interaction (Q1); Linguistics and Language (Q1)";"Computer Science; Social Sciences"
15;21100262320;"IEEE Transactions on Systems, Man, and Cybernetics: Systems";journal;"21682216, 21682232";"IEEE Advancing Technology for Humanity";No;No;3,992;Q1;196;667;1809;30712;18058;1803;10,28;46,04;27,07;0;United States;Northern America;"IEEE Advancing Technology for Humanity";"1996, 2011, 2013-2026";"Computer Science Applications (Q1); Control and Systems Engineering (Q1); Electrical and Electronic Engineering (Q1); Human-Computer Interaction (Q1); Information Systems (Q1); Software (Q1)";"Computer Science; Engineering"
16;29161;"ISPRS Journal of Photogrammetry and Remote Sensing";journal;"09242716";"Elsevier B.V.";No;No;3,760;Q1;221;287;777;21251;10990;772;12,07;74,05;28,51;12;Netherlands;Western Europe;"Elsevier B.V.";"1989-2026";"Atomic and Molecular Physics, and Optics (Q1); Computer Science Applications (Q1); Computers in Earth Sciences (Q1); Engineering (miscellaneous) (Q1); Geography, Planning and Development (Q1)";"Computer Science; Earth and Planetary Sciences; Engineering; Physics and Astronomy; Social Sciences"
17;16733;"IEEE Transactions on Medical Imaging";journal;"02780062, 1558254X";"Institute of Electrical and Electronics Engineers Inc.";No;No;3,703;Q1;283;318;1038;16564;13367;1037;10,21;52,09;27,94;0;United States;Northern America;"Institute of Electrical and Electronics Engineers Inc.";"1982-2026";"Computer Science Applications (Q1); Electrical and Electronic Engineering (Q1); Radiological and Ultrasound Technology (Q1); Software (Q1)";"Computer Science; Engineering; Health Professions"
18;95101;"IEEE Transactions on Robotics";journal;"19410468, 15523098";"Institute of Electrical and Electronics Engineers Inc.";No;No;3,669;Q1;212;283;501;17127;6049;501;12,34;60,52;19,69;0;United States;Northern America;"Institute of Electrical and Electronics Engineers Inc.";"2004-2026";"Computer Science Applications (Q1); Control and Systems Engineering (Q1); Electrical and Electronic Engineering (Q1)";"Computer Science; Engineering"
19;21100200203;"Wiley Interdisciplinary Reviews: Computational Molecular Science";journal;"17590876, 17590884";"John Wiley &amp; Sons Inc.";No;No;3,473;Q1;131;48;162;8571;2899;160;19,55;178,56;29,81;1;United States;Northern America;"John Wiley &amp; Sons Inc.";"2011-2026";"Biochemistry (Q1); Computational Mathematics (Q1); Computer Science Applications (Q1); Materials Chemistry (Q1); Physical and Theoretical Chemistry (Q1)";"Biochemistry, Genetics and Molecular Biology; Chemistry; Computer Science; Materials Science; Mathematics"
20;26053;"IEEE Transactions on Industrial Electronics";journal;"15579948, 02780046";"Institute of Electrical and Electronics Engineers Inc.";No;No;3,395;Q1;375;1206;3538;36118;32428;3534;8,72;29,95;24,35;0;United States;Northern America;"Institute of Electrical and Electronics Engineers Inc.";"1969, 1973-1978, 1982-2026";"Computer Science Applications (Q1); Control and Systems Engineering (Q1); Electrical and Electronic Engineering (Q1)";"Computer Science; Engineering"
21;21100338350;"IEEE Internet of Things Journal";journal;"23274662";"Institute of Electrical and Electronics Engineers Inc.";No;No;3,382;Q1;233;1691;4223;79060;45776;4195;9,79;46,75;28,22;0;United States;Northern America;"Institute of Electrical and Electronics Engineers Inc.";"2014-2026";"Computer Networks and Communications (Q1); Computer Science Applications (Q1); Hardware and Architecture (Q1); Information Systems (Q1); Information Systems and Management (Q1); Signal Processing (Q1)";"Computer Science; Decision Sciences"
22;21101074919;"Computers and Education: Artificial Intelligence";journal;"2666920X";"Elsevier B.V.";Yes;No;3,227;Q1;86;79;106;5426;2186;105;18,67;68,68;31,22;22;Netherlands;Western Europe;"Elsevier B.V.";"2020-2026";"Artificial Intelligence (Q1); Computer Science Applications (Q1); Education (Q1)";"Computer Science; Social Sciences"
23;15700;"Journal of Management Information Systems";journal;"1557928X, 07421222";"M.E. Sharpe Inc.";No;No;3,070;Q1;189;48;132;3917;1051;124;6,27;81,60;23,53;2;United States;Northern America;"M.E. Sharpe Inc.";"1987-2025";"Computer Science Applications (Q1); Information Systems and Management (Q1); Management Information Systems (Q1); Management Science and Operations Research (Q1)";"Business, Management and Accounting; Computer Science; Decision Sciences"
24;19169;"Journal of Operations Management";journal;"18731317, 02726963";"John Wiley &amp; Sons Inc.";No;No;3,009;Q1;238;59;122;4805;883;111;5,92;81,44;20,61;6;Netherlands;Western Europe;"John Wiley &amp; Sons Inc.";"1980-1991, 1993-2026";"Computer Science Applications (Q1); Industrial and Manufacturing Engineering (Q1); Management Science and Operations Research (Q1); Strategy and Management (Q1)";"Business, Management and Accounting; Computer Science; Decision Sciences; Engineering"
25;18144;"Computer-Aided Civil and Infrastructure Engineering";journal;"14678667, 10939687";"Elsevier Inc.";No;No;2,972;Q1;127;141;330;8445;3473;282;10,48;59,89;26,54;2;United States;Northern America;"Elsevier Inc.";"1986-2025";"Civil and Structural Engineering (Q1); Computational Theory and Mathematics (Q1); Computer Graphics and Computer-Aided Design (Q1); Computer Science Applications (Q1)";"Computer Science; Engineering"
26;18080;"Robotics and Computer-Integrated Manufacturing";journal;"07365845";"Elsevier Ltd";No;No;2,906;Q1;147;139;451;7589;5940;448;11,70;54,60;25,46;1;United Kingdom;Western Europe;"Elsevier Ltd";"1984-1994, 1996-2026";"Computer Science Applications (Q1); Control and Systems Engineering (Q1); Industrial and Manufacturing Engineering (Q1); Mathematics (miscellaneous) (Q1); Software (Q1)";"Computer Science; Engineering; Mathematics"
27;17362;"IEEE Transactions on Knowledge and Data Engineering";journal;"10414347, 15582191";"IEEE Computer Society";No;No;2,867;Q1;233;927;884;51348;8557;884;9,29;55,39;27,82;0;United States;Northern America;"IEEE Computer Society";"1989-2026";"Computational Theory and Mathematics (Q1); Computer Science Applications (Q1); Information Systems (Q1)";"Computer Science"
28;20893;"Transportation Research Part C: Emerging Technologies";journal;"0968090X";"Elsevier Ltd";No;No;2,860;Q1;214;344;1080;20050;11078;1072;8,78;58,28;27,29;9;United Kingdom;Western Europe;"Elsevier Ltd";"1993-2026";"Automotive Engineering (Q1); Civil and Structural Engineering (Q1); Computer Science Applications (Q1); Management Science and Operations Research (Q1); Transportation (Q1)";"Computer Science; Decision Sciences; Engineering; Social Sciences"
29;22238;"Operations Research";journal;"0030364X, 15265463";"INFORMS Inst.for Operations Res.and the Management Sciences";No;No;2,848;Q1;173;132;400;6302;1299;399;2,70;47,74;15,48;5;United States;Northern America;"INFORMS Inst.for Operations Res.and the Management Sciences";"1965, 1968-2026";"Computer Science Applications (Q1); Management Science and Operations Research (Q1)";"Computer Science; Decision Sciences"
30;21101076096;"Nature Computational Science";journal;"26628457";"Springer Nature";No;No;2,797;Q1;56;193;338;5889;1667;158;4,93;30,51;28,57;7;United States;Northern America;"Springer Nature";"2021-2026";"Computer Networks and Communications (Q1); Computer Science Applications (Q1); Computer Science (miscellaneous) (Q1)";"Computer Science"
31;18378;"IEEE Transactions on Intelligent Transportation Systems";journal;"15580016, 15249050";"Institute of Electrical and Electronics Engineers Inc.";No;No;2,580;Q1;244;1207;3049;59154;30586;3031;9,32;49,01;26,11;0;United States;Northern America;"Institute of Electrical and Electronics Engineers Inc.";"2000-2026";"Automotive Engineering (Q1); Computer Science Applications (Q1); Mechanical Engineering (Q1)";"Computer Science; Engineering"
32;21100466714;"International Journal of Educational Technology in Higher Education";journal;"23659440";"Springer Netherlands";Yes;Yes;2,578;Q1;97;61;186;3538;2453;181;10,68;58,00;51,91;13;Netherlands;Western Europe;"Springer Netherlands";"2016-2026";"Computer Science Applications (Q1); Education (Q1); E-learning (Q1)";"Computer Science; Social Sciences"
33;17945;"Bioinformatics";journal;"13674811, 13674803";"Oxford University Press";Yes;No;2,574;Q1;511;871;2943;26745;18018;2927;4,66;30,71;29,66;11;United Kingdom;Western Europe;"Oxford University Press";"1985-2026";"Biochemistry (Q1); Computational Mathematics (Q1); Computational Theory and Mathematics (Q1); Computer Science Applications (Q1); Molecular Biology (Q1); Statistics and Probability (Q1)";"Biochemistry, Genetics and Molecular Biology; Computer Science; Mathematics"
34;21101072502;"NAR Genomics and Bioinformatics";journal;"26319268";"Oxford University Press";Yes;No;2,454;Q1;38;110;347;5970;1717;346;4,39;54,27;31,60;1;United Kingdom;Western Europe;"Oxford University Press";"2019-2026";"Applied Mathematics (Q1); Computer Science Applications (Q1); Genetics (Q1); Molecular Biology (Q1); Structural Biology (Q1)";"Biochemistry, Genetics and Molecular Biology; Computer Science; Mathematics"
35;21100933954;"Big Data and Society";journal;"20539517";"SAGE Publications Ltd";Yes;No;2,448;Q1;89;118;272;7280;2371;218;6,86;61,69;48,54;22;United Kingdom;Western Europe;"SAGE Publications Ltd";"2014-2026";"Communication (Q1); Computer Science Applications (Q1); Information Systems (Q1); Information Systems and Management (Q1); Library and Information Sciences (Q1)";"Computer Science; Decision Sciences; Social Sciences"
36;21100850798;"npj Computational Materials";journal;"20573960";"Nature Publishing Group";Yes;No;2,447;Q1;113;221;651;14240;6243;647;8,83;64,43;23,36;4;United Kingdom;Western Europe;"Nature Publishing Group";"2015-2026";"Computer Science Applications (Q1); Materials Science (miscellaneous) (Q1); Mechanics of Materials (Q1); Modeling and Simulation (Q1)";"Computer Science; Engineering; Materials Science; Mathematics"
37;16965;"Internet and Higher Education";journal;"18735525, 10967516";"Elsevier Ltd";No;No;2,426;Q1;131;18;76;1500;785;75;9,08;83,33;53,13;0;United Kingdom;Western Europe;"Elsevier Ltd";"1998-2026";"Computer Networks and Communications (Q1); Computer Science Applications (Q1); Education (Q1); E-learning (Q1)";"Computer Science; Social Sciences"
38;27277;"Journal of Network and Computer Applications";journal;"10958592, 10848045";"Academic Press";No;No;2,417;Q1;167;140;498;12053;5877;495;11,11;86,09;22,85;1;United States;Northern America;"Academic Press";"1996-2026";"Computer Networks and Communications (Q1); Computer Science Applications (Q1); Hardware and Architecture (Q1)";"Computer Science"
39;18158;"Computer Methods in Applied Mechanics and Engineering";journal;"00457825";"Elsevier B.V.";No;No;2,397;Q1;262;612;2003;37320;15523;1999;7,44;60,98;18,01;1;Netherlands;Western Europe;"Elsevier B.V.";"1972-2026";"Computational Mechanics (Q1); Computer Science Applications (Q1); Mechanical Engineering (Q1); Mechanics of Materials (Q1); Physics and Astronomy (miscellaneous) (Q1)";"Computer Science; Engineering; Physics and Astronomy"
40;144747;"Computer Assisted Language Learning";journal;"17443210, 09588221";"Taylor and Francis Ltd.";No;No;2,370;Q1;100;60;192;3956;2029;189;9,83;65,93;50,38;3;United Kingdom;Western Europe;"Taylor and Francis Ltd.";"1990-1997, 2004-2026";"Computer Science Applications (Q1); Linguistics and Language (Q1)";"Computer Science; Social Sciences"
41;21080;"Mechanical Systems and Signal Processing";journal;"08883270, 10961216";"Academic Press";No;No;2,363;Q1;241;1180;2551;57134;24642;2535;9,29;48,42;22,94;2;United States;Northern America;"Academic Press";"1987-2026";"Aerospace Engineering (Q1); Civil and Structural Engineering (Q1); Computer Science Applications (Q1); Control and Systems Engineering (Q1); Mechanical Engineering (Q1); Signal Processing (Q1)";"Computer Science; Engineering"
42;13300154706;"Journal of the Association for Information Systems";journal;"15583457, 15369323";"Association for Information Systems";No;No;2,302;Q1;117;53;180;5597;1610;157;8,61;105,60;33,79;3;United States;Northern America;"Association for Information Systems";"2007-2026";"Computer Science Applications (Q1); Information Systems (Q1)";"Computer Science"
43;18997;"ACM Transactions on Information Systems";journal;"10468188, 15582868";"Association for Computing Machinery";No;No;2,262;Q1;107;177;193;12509;1660;192;7,38;70,67;31,69;2;United States;Northern America;"Association for Computing Machinery";"1983-2026";"Business, Management and Accounting (miscellaneous) (Q1); Computer Science Applications (Q1); Information Systems (Q1)";"Business, Management and Accounting; Computer Science"
44;16211;"IEEE Transactions on Multimedia";journal;"15209210, 19410077";"Institute of Electrical and Electronics Engineers Inc.";No;No;2,260;Q1;173;787;955;45895;8939;951;8,97;58,32;29,70;0;United States;Northern America;"Institute of Electrical and Electronics Engineers Inc.";"1999-2026";"Computer Science Applications (Q1); Electrical and Electronic Engineering (Q1); Media Technology (Q1); Signal Processing (Q1)";"Computer Science; Engineering"
45;15134;"Information Sciences";journal;"00200255";"Elsevier Inc.";No;No;2,238;Q1;255;1360;3552;61106;29573;3541;7,89;44,93;30,89;8;United States;Northern America;"Elsevier Inc.";"1968-2026";"Artificial Intelligence (Q1); Computer Science Applications (Q1); Control and Systems Engineering (Q1); Information Systems and Management (Q1); Software (Q1); Theoretical Computer Science (Q1)";"Computer Science; Decision Sciences; Engineering; Mathematics"
46;21100372437;"IEEE Transactions on Network Science and Engineering";journal;"23274697";"IEEE Computer Society";No;No;2,167;Q1;82;317;905;14025;6346;877;7,27;44,24;29,62;0;United States;Northern America;"IEEE Computer Society";"2014-2026";"Computer Networks and Communications (Q1); Computer Science Applications (Q1); Control and Systems Engineering (Q1)";"Computer Science; Engineering"
47;21100837352;"Social Media and Society";journal;"20563051";"SAGE Publications Ltd";Yes;No;2,156;Q1;96;193;447;12198;3100;447;5,74;63,20;52,53;38;United Kingdom;Western Europe;"SAGE Publications Ltd";"2015-2026";"Communication (Q1); Computer Science Applications (Q1); Cultural Studies (Q1)";"Computer Science; Social Sciences"
48;12689;"Information Processing and Management";journal;"18735371, 03064573";"Elsevier Ltd";No;No;2,134;Q1;149;354;777;22454;8502;767;10,80;63,43;33,85;10;United Kingdom;Western Europe;"Elsevier Ltd";"1975-2026";"Computer Science Applications (Q1); Information Systems (Q1); Library and Information Sciences (Q1); Management Science and Operations Research (Q1); Media Technology (Q1)";"Computer Science; Decision Sciences; Engineering; Social Sciences"
49;19113;"IEEE/ASME Transactions on Mechatronics";journal;"10834435, 1941014X";"Institute of Electrical and Electronics Engineers Inc.";No;No;2,133;Q1;178;321;1174;11356;7937;1168;6,44;35,38;23,08;0;United States;Northern America;"Institute of Electrical and Electronics Engineers Inc.";"1996-2026";"Computer Science Applications (Q1); Control and Systems Engineering (Q1); Electrical and Electronic Engineering (Q1)";"Computer Science; Engineering"
50;21100900379;"IEEE Robotics and Automation Letters";journal;"23773766";"Institute of Electrical and Electronics Engineers Inc.";Yes;No;2,119;Q1;152;1084;3605;34582;22862;3600;5,71;31,90;21,26;0;United States;Northern America;"Institute of Electrical and Electronics Engineers Inc.";"2016-2026";"Artificial Intelligence (Q1); Biomedical Engineering (Q1); Computer Science Applications (Q1); Computer Vision and Pattern Recognition (Q1); Control and Optimization (Q1); Control and Systems Engineering (Q1); Human-Computer Interaction (Q1); Mechanical Engineering (Q1)";"Computer Science; Engineering; Mathematics"
51;21101065916;"Cell Reports Methods";journal;"26672375";"Cell Press";Yes;No;2,107;Q1;32;211;229;11242;905;210;3,95;53,28;37,20;2;United States;Northern America;"Cell Press";"2021-2026";"Biochemistry (Q1); Biochemistry, Genetics and Molecular Biology (miscellaneous) (Q1); Biotechnology (Q1); Computer Science Applications (Q1); Genetics (Q1); Radiology, Nuclear Medicine and Imaging (Q1)";"Biochemistry, Genetics and Molecular Biology; Computer Science; Medicine"
52;27237;"IEEE/ACM Transactions on Networking";journal;"15582566, 10636692";"Institute of Electrical and Electronics Engineers Inc.";No;No;2,034;Q1;0;0;0;0;0;0;0,00;0,00;0,00;0;United States;Northern America;"Institute of Electrical and Electronics Engineers Inc.";"1993-2024";"Computer Networks and Communications (Q1); Computer Science Applications (Q1); Electrical and Electronic Engineering (Q1); Software (Q1)";"Computer Science; Engineering"
53;18658;"Production Planning and Control";journal;"09537287, 13665871";"Taylor and Francis Ltd.";No;No;2,020;Q1;121;102;273;9067;3001;265;10,36;88,89;28,31;10;United Kingdom;Western Europe;"Taylor and Francis Ltd.";"1990-2026";"Computer Science Applications (Q1); Industrial and Manufacturing Engineering (Q1); Management Science and Operations Research (Q1); Strategy and Management (Q1)";"Business, Management and Accounting; Computer Science; Decision Sciences; Engineering"
54;23709;"Journal of Medical Internet Research";journal;"14394456, 14388871";"JMIR Publications Inc.";Yes;No;2,020;-;234;1001;3321;54561;25478;3265;6,32;54,51;51,69;128;Canada;Northern America;"JMIR Publications Inc.";"1999-2026";"Health Informatics (Q1)";"Medicine"
55;18300156728;"IEEE Transactions on Services Computing";journal;"19391374";"Institute of Electrical and Electronics Engineers Inc.";No;No;2,002;Q1;102;337;517;15144;3500;513;5,82;44,94;28,07;0;United States;Northern America;"Institute of Electrical and Electronics Engineers Inc.";"2008-2026";"Computer Networks and Communications (Q1); Computer Science Applications (Q1); Hardware and Architecture (Q1); Information Systems and Management (Q1)";"Computer Science; Decision Sciences"
56;21100208044;"Policy and Internet";journal;"19442866";"John Wiley and Sons Ltd";No;No;1,977;Q1;52;39;99;2706;606;93;5,00;69,38;48,57;11;United Kingdom;Western Europe;"John Wiley and Sons Ltd";"2010, 2012-2026";"Computer Science Applications (Q1); Health Policy (Q1); Health (social science) (Q1); Public Administration (Q1)";"Computer Science; Medicine; Social Sciences"
57;21100256982;"IEEE Journal of Biomedical and Health Informatics";journal;"21682208, 21682194";"Institute of Electrical and Electronics Engineers Inc.";No;No;1,964;Q1;179;561;1337;26016;11795;1314;7,86;46,37;31,05;0;United States;Northern America;"Institute of Electrical and Electronics Engineers Inc.";"2013-2026";"Biotechnology (Q1); Computer Science Applications (Q1); Electrical and Electronic Engineering (Q1); Health Informatics (Q1); Health Information Management (Q1)";"Biochemistry, Genetics and Molecular Biology; Computer Science; Engineering; Health Professions; Medicine"
58;4700152301;"Journal of Field Robotics";journal;"15564967, 15564959";"John Wiley &amp; Sons Inc.";No;No;1,949;Q1;125;101;184;5598;1864;178;6,52;55,43;18,96;1;United States;Northern America;"John Wiley &amp; Sons Inc.";"2006-2026";"Computer Science Applications (Q1); Control and Systems Engineering (Q1)";"Computer Science; Engineering"
59;18644;"Journal of Manufacturing Technology Management";journal;"1741038X";"Emerald Group Publishing Ltd.";No;No;1,948;Q1;108;73;228;5414;2293;225;8,57;74,16;28,38;0;United Kingdom;Western Europe;"Emerald Group Publishing Ltd.";"2004-2026";"Computer Science Applications (Q1); Control and Systems Engineering (Q1); Industrial and Manufacturing Engineering (Q1); Software (Q1); Strategy and Management (Q1)";"Business, Management and Accounting; Computer Science; Engineering"
60;21100451321;"Scientific Data";journal;"20524463";"Nature Research";Yes;No;1,937;Q1;165;893;1476;45240;12344;136;6,05;50,66;34,42;102;United Kingdom;Western Europe;"Nature Research";"2014-2026";"Computer Science Applications (Q1); Education (Q1); Information Systems (Q1); Library and Information Sciences (Q1); Statistics and Probability (Q1); Statistics, Probability and Uncertainty (Q1)";"Computer Science; Decision Sciences; Mathematics; Social Sciences"
61;21101024053;"Big Data Mining and Analytics";journal;"2097406X, 20960654";"Tsinghua University Press";Yes;Yes;1,933;Q1;48;42;74;1894;915;73;12,18;45,10;28,77;0;China;Asiatic Region;"Tsinghua University Press";"2018-2026";"Artificial Intelligence (Q1); Computer Networks and Communications (Q1); Computer Science Applications (Q1); Information Systems (Q1)";"Computer Science"
62;21100304858;"Information Technology and Tourism";journal;"10983058, 19434294";"Springer Science + Business Media";No;No;1,901;Q1;51;29;73;1864;760;70;6,40;64,28;43,75;4;Germany;Western Europe;"Springer Science + Business Media";"2014-2026";"Computer Science Applications (Q1); Information Systems (Q1); Tourism, Leisure and Hospitality Management (Q1)";"Business, Management and Accounting; Computer Science"
63;21100976672;"IEEE Transactions on Emerging Topics in Computational Intelligence";journal;"2471285X";"Institute of Electrical and Electronics Engineers Inc.";No;No;1,894;Q1;65;149;240;7812;1679;231;6,52;52,43;24,56;0;United States;Northern America;"Institute of Electrical and Electronics Engineers Inc.";"2017-2026";"Artificial Intelligence (Q1); Computational Mathematics (Q1); Computer Science Applications (Q1); Control and Optimization (Q1)";"Computer Science; Mathematics"
64;18896;"IEEE Communications Letters";journal;"10897798, 15582558";"Institute of Electrical and Electronics Engineers Inc.";No;No;1,887;Q1;181;692;2047;11167;9767;2047;4,53;16,14;27,34;0;United States;Northern America;"Institute of Electrical and Electronics Engineers Inc.";"1997-2026";"Computer Science Applications (Q1); Electrical and Electronic Engineering (Q1); Modeling and Simulation (Q1)";"Computer Science; Engineering; Mathematics"
65;24201;"Expert Systems with Applications";journal;"09574174";"Elsevier Ltd";No;No;1,875;Q1;315;2269;4190;128766;41522;4190;9,31;56,75;28,86;14;United Kingdom;Western Europe;"Elsevier Ltd";"1990-2026";"Artificial Intelligence (Q1); Computer Science Applications (Q1); Engineering (miscellaneous) (Q1)";"Computer Science; Engineering"
66;21100301445;"Journal of Research on Technology in Education";journal;"19450818, 15391523";"Taylor and Francis Ltd.";No;No;1,866;Q1;87;59;111;3947;985;108;8,51;66,90;49,39;3;United Kingdom;Western Europe;"Taylor and Francis Ltd.";"2001-2026";"Computer Science Applications (Q1); Education (Q1)";"Computer Science; Social Sciences"
67;12419;"International Journal of Systems Science";journal;"00207721, 14645319";"Taylor and Francis Ltd.";Yes;No;1,851;Q1;93;198;681;8578;3231;678;5,69;43,32;32,23;0;United Kingdom;Western Europe;"Taylor and Francis Ltd.";"1970-2026";"Computer Science Applications (Q1); Control and Systems Engineering (Q1); Theoretical Computer Science (Q1)";"Computer Science; Engineering; Mathematics"
68;26183;"Journal of Computer Assisted Learning";journal;"13652729, 02664909";"Wiley-Blackwell Publishing Ltd";No;No;1,842;Q1;129;128;310;9360;2239;309;6,89;73,13;45,75;11;United Kingdom;Western Europe;"Wiley-Blackwell Publishing Ltd";"1985-2026";"Computer Science Applications (Q1); Education (Q1); E-learning (Q1)";"Computer Science; Social Sciences"
69;21100901150;"Data Science and Engineering";journal;"23641541, 23641185";"Springer International Publishing";Yes;Yes;1,836;Q1;36;29;89;1289;580;83;7,60;44,45;34,78;0;Switzerland;Western Europe;"Springer International Publishing";"2016-2026";"Artificial Intelligence (Q1); Computational Mechanics (Q1); Computer Science Applications (Q1); Information Systems (Q1); Software (Q1)";"Computer Science; Engineering"
70;24807;"Neurocomputing";journal;"09252312, 18728286";"Elsevier B.V.";No;No;1,815;Q1;233;974;4640;56985;34049;4589;6,98;58,51;30,73;3;Netherlands;Western Europe;"Elsevier B.V.";"1989-2026";"Artificial Intelligence (Q1); Cognitive Neuroscience (Q1); Computer Science Applications (Q1)";"Computer Science; Neuroscience"
71;13579;"Data Mining and Knowledge Discovery";journal;"13845810, 1573756X";"Springer Netherlands";No;No;1,813;Q1;131;70;210;3698;1459;207;4,43;52,83;22,51;0;Netherlands;Western Europe;"Springer Netherlands";"1997-2026";"Computer Networks and Communications (Q1); Computer Science Applications (Q1); Information Systems (Q1)";"Computer Science"
72;21101101329;"International Journal of Cognitive Computing in Engineering";journal;"26663074";"KeAi Communications Co.";Yes;No;1,810;Q1;33;36;58;1641;670;57;13,00;45,58;30,00;2;China;Asiatic Region;"KeAi Communications Co.";"2020-2026";"Computer Science Applications (Q1); Engineering (miscellaneous) (Q1); Information Systems (Q1); Information Systems and Management (Q1)";"Computer Science; Decision Sciences; Engineering"
73;18093;"Archives of Computational Methods in Engineering";journal;"18861784, 11343060";"Springer Netherlands";No;No;1,801;Q1;129;184;457;24848;5634;456;11,60;135,04;23,34;5;Netherlands;Western Europe;"Springer Netherlands";"1994-2026";"Applied Mathematics (Q1); Computer Science Applications (Q1)";"Computer Science; Mathematics"
74;18874;"Journal of Educational Computing Research";journal;"15414140, 07356331";"SAGE Publications Inc.";No;No;1,792;Q1;96;65;200;4143;1554;200;7,29;63,74;47,67;4;United States;Northern America;"SAGE Publications Inc.";"1988, 1990, 1996-2026";"Computer Science Applications (Q1); Education (Q1)";"Computer Science; Social Sciences"
75;21101093601;"IEEE Transactions on Artificial Intelligence";journal;"26914581";"Institute of Electrical and Electronics Engineers Inc.";No;No;1,771;Q1;44;148;151;7780;1177;149;6,78;52,57;22,10;0;United States;Northern America;"Institute of Electrical and Electronics Engineers Inc.";"2020-2026";"Artificial Intelligence (Q1); Computer Science Applications (Q1)";"Computer Science"
76;9000153105;"Nonlinear Analysis: Hybrid Systems";journal;"1751570X";"Elsevier B.V.";No;No;1,760;Q1;74;112;281;4490;1309;280;4,54;40,09;29,11;0;Netherlands;Western Europe;"Elsevier B.V.";"2007-2026";"Analysis (Q1); Computer Science Applications (Q1); Control and Systems Engineering (Q1)";"Computer Science; Engineering; Mathematics"
77;19600157322;"Journal of Cheminformatics";journal;"17582946";"BioMed Central Ltd";Yes;No;1,745;Q1;101;120;257;5635;2481;250;7,20;46,96;28,60;4;United Kingdom;Western Europe;"BioMed Central Ltd";"2009-2026";"Computer Graphics and Computer-Aided Design (Q1); Computer Science Applications (Q1); Library and Information Sciences (Q1); Physical and Theoretical Chemistry (Q1)";"Chemistry; Computer Science; Social Sciences"
78;30441;"Computers and Electronics in Agriculture";journal;"01681699";"Elsevier B.V.";No;No;1,735;Q1;209;862;2056;40643;22131;2056;9,48;47,15;30,79;16;Netherlands;Western Europe;"Elsevier B.V.";"1985-2026";"Agronomy and Crop Science (Q1); Animal Science and Zoology (Q1); Computer Science Applications (Q1); Forestry (Q1); Horticulture (Q1)";"Agricultural and Biological Sciences; Computer Science"
79;18163;"Computers and Geotechnics";journal;"0266352X, 18737633";"Elsevier B.V.";No;No;1,725;Q1;155;675;1388;35820;8562;1376;5,68;53,07;24,43;2;United Kingdom;Western Europe;"Elsevier B.V.";"1985-2026";"Computer Science Applications (Q1); Geotechnical Engineering and Engineering Geology (Q1)";"Computer Science; Earth and Planetary Sciences"
80;24303;"Computer Standards and Interfaces";journal;"09205489";"Elsevier B.V.";No;No;1,698;Q1;84;59;134;2945;908;134;6,93;49,92;25,93;2;Netherlands;Western Europe;"Elsevier B.V.";"1986-2026";"Computer Science Applications (Q1); Hardware and Architecture (Q1); Law (Q1); Software (Q1)";"Computer Science; Social Sciences"
81;21100922758;"Journal of Computers in Education";journal;"21979995, 21979987";"Springer Berlin";No;No;1,696;Q1;38;30;75;1983;705;74;10,00;66,10;44,74;1;Germany;Western Europe;"Springer Berlin";"2019-2026";"Computer Science Applications (Q1); Education (Q1)";"Computer Science; Social Sciences"
82;18916;"Social Science Computer Review";journal;"15528286, 08944393";"SAGE Publications Inc.";No;No;1,695;Q1;104;114;207;7177;1235;205;5,45;62,96;40,00;16;United States;Northern America;"SAGE Publications Inc.";"1983-2026";"Computer Science Applications (Q1); Law (Q1); Library and Information Sciences (Q1); Social Sciences (miscellaneous) (Q1)";"Computer Science; Social Sciences"
83;21101072017;"Machine Intelligence Research";journal;"2731538X, 27315398";"Chinese Academy of Sciences";No;No;1,681;Q1;60;58;173;4602;1102;171;5,60;79,34;26,89;0;China;Asiatic Region;"Chinese Academy of Sciences";"2022-2026";"Applied Mathematics (Q1); Artificial Intelligence (Q1); Computer Networks and Communications (Q1); Computer Science Applications (Q1); Computer Vision and Pattern Recognition (Q1); Control and Systems Engineering (Q1); Modeling and Simulation (Q1); Signal Processing (Q1)";"Computer Science; Engineering; Mathematics"
84;13191;"Journal of Computational Physics";journal;"10902716, 00219991";"Academic Press Inc.";No;No;1,679;Q1;321;708;2124;37353;9902;2112;4,45;52,76;19,23;2;United States;Northern America;"Academic Press Inc.";"1966-2026";"Applied Mathematics (Q1); Computational Mathematics (Q1); Computer Science Applications (Q1); Modeling and Simulation (Q1); Numerical Analysis (Q1); Physics and Astronomy (miscellaneous) (Q1)";"Computer Science; Mathematics; Physics and Astronomy"
85;21100857212;"Current Opinion in Systems Biology";journal;"24523100";"Elsevier Ltd";No;No;1,676;Q1;43;21;140;1378;463;131;3,29;65,62;33,33;0;United Kingdom;Western Europe;"Elsevier Ltd";"2017-2025";"Applied Mathematics (Q1); Biochemistry, Genetics and Molecular Biology (miscellaneous) (Q1); Computer Science Applications (Q1); Drug Discovery (Q1); Modeling and Simulation (Q1)";"Biochemistry, Genetics and Molecular Biology; Computer Science; Mathematics; Pharmacology, Toxicology and Pharmaceutics"
86;19600157911;"Electronic Markets";journal;"14228890, 10196781";"Springer Verlag";No;No;1,671;Q1;76;62;249;5847;2299;220;9,24;94,31;28,44;4;Germany;Western Europe;"Springer Verlag";"2009-2026";"Business and International Management (Q1); Computer Science Applications (Q1); Economics and Econometrics (Q1); Management of Technology and Innovation (Q1); Marketing (Q1)";"Business, Management and Accounting; Computer Science; Economics, Econometrics and Finance"
87;21101017498;"Journal of Healthcare Informatics Research";journal;"2509498X";"Springer International Publishing";No;No;1,664;Q1;25;23;64;1417;565;63;8,30;61,61;30,77;2;Switzerland;Western Europe;"Springer International Publishing";"2017-2026";"Artificial Intelligence (Q1); Computer Science Applications (Q1); Health Informatics (Q1); Information Systems (Q1)";"Computer Science; Medicine"
88;21101058910;"Internet of Things (The Netherlands)";journal;"25426605";"Elsevier B.V.";No;No;1,642;Q1;87;352;377;20642;3565;368;9,00;58,64;21,54;9;Netherlands;Western Europe;"Elsevier B.V.";"2018-2026";"Artificial Intelligence (Q1); Computer Science Applications (Q1); Computer Science (miscellaneous) (Q1); Engineering (miscellaneous) (Q1); Hardware and Architecture (Q1); Information Systems (Q1); Management of Technology and Innovation (Q1); Software (Q1)";"Business, Management and Accounting; Computer Science; Engineering"
89;21100850723;"mSystems";journal;"23795077";"American Society for Microbiology";Yes;No;1,642;Q1;101;282;1113;19265;6205;1104;4,73;68,32;41,98;7;United States;Northern America;"American Society for Microbiology";"2016-2026";"Biochemistry (Q1); Computer Science Applications (Q1); Ecology, Evolution, Behavior and Systematics (Q1); Genetics (Q1); Microbiology (Q1); Modeling and Simulation (Q1); Molecular Biology (Q1); Physiology (Q1)";"Agricultural and Biological Sciences; Biochemistry, Genetics and Molecular Biology; Computer Science; Immunology and Microbiology; Mathematics"
90;21101107945;"Sustainable Operations and Computers";journal;"26664127";"KeAi Communications Co.";Yes;No;1,628;Q1;32;20;59;1216;864;59;14,46;60,80;27,78;2;China;Asiatic Region;"KeAi Communications Co.";"2020-2026";"Computer Science Applications (Q1); Global and Planetary Change (Q1); Industrial and Manufacturing Engineering (Q1); Management Science and Operations Research (Q1); Renewable Energy, Sustainability and the Environment (Q1)";"Computer Science; Decision Sciences; Energy; Engineering; Environmental Science"
91;15107;"IEEE Transactions on Information Theory";journal;"00189448, 15579654";"Institute of Electrical and Electronics Engineers Inc.";No;No;1,607;Q1;310;446;1438;19330;4348;1437;2,80;43,34;22,06;0;United States;Northern America;"Institute of Electrical and Electronics Engineers Inc.";"1963-2026";"Computer Science Applications (Q1); Information Systems (Q1); Library and Information Sciences (Q1)";"Computer Science; Social Sciences"
92;21094;"Mechanism and Machine Theory";journal;"0094114X";"Elsevier Ltd";No;No;1,601;Q1;142;275;1077;12748;6086;1075;5,53;46,36;19,39;0;United Kingdom;Western Europe;"Elsevier Ltd";"1972-2026";"Bioengineering (Q1); Computer Science Applications (Q1); Mechanical Engineering (Q1); Mechanics of Materials (Q1)";"Chemical Engineering; Computer Science; Engineering"
93;15442;"Information Systems Management";journal;"10580530";"Taylor and Francis Ltd.";No;No;1,598;Q1;77;24;91;2006;654;75;5,94;83,58;28,13;0;United Kingdom;Western Europe;"Taylor and Francis Ltd.";"1992-2026";"Computer Science Applications (Q1); Information Systems (Q1); Library and Information Sciences (Q1)";"Computer Science; Social Sciences"
94;20972;"Journal of Materials Processing Technology";journal;"09240136, 18734774";"Elsevier Ltd";No;No;1,579;Q1;247;346;1169;13672;8437;1167;7,50;39,51;24,87;0;United Kingdom;Western Europe;"Elsevier Ltd";"1990-2026";"Ceramics and Composites (Q1); Computer Science Applications (Q1); Industrial and Manufacturing Engineering (Q1); Metals and Alloys (Q1); Modeling and Simulation (Q1)";"Computer Science; Engineering; Materials Science; Mathematics"
95;18174;"Control Engineering Practice";journal;"09670661";"Elsevier Ltd";No;No;1,576;Q1;143;285;583;11776;3450;582;6,26;41,32;22,49;0;United Kingdom;Western Europe;"Elsevier Ltd";"1993-2026";"Applied Mathematics (Q1); Computer Science Applications (Q1); Control and Systems Engineering (Q1); Electrical and Electronic Engineering (Q1)";"Computer Science; Engineering; Mathematics"
96;21100940460;"Network Neuroscience";journal;"24721751";"MIT Press";Yes;No;1,574;Q1;44;68;149;5650;624;146;3,38;83,09;36,39;0;United States;Northern America;"MIT Press";"2017-2026";"Applied Mathematics (Q1); Artificial Intelligence (Q1); Computer Science Applications (Q1); Neuroscience (miscellaneous) (Q1)";"Computer Science; Mathematics; Neuroscience"
97;21100338508;"IEEE Transactions on Emerging Topics in Computing";journal;"21686750";"IEEE Computer Society";No;No;1,573;Q1;75;85;436;3170;2306;413;5,47;37,29;18,18;0;United States;Northern America;"IEEE Computer Society";"2013-2026";"Computer Science Applications (Q1); Computer Science (miscellaneous) (Q1); Human-Computer Interaction (Q1); Information Systems (Q1)";"Computer Science"
98;21100981101;"Smart Learning Environments";journal;"21967091";"SpringerOpen";Yes;No;1,573;Q1;54;64;107;4006;1159;105;10,24;62,59;48,44;6;United Kingdom;Western Europe;"SpringerOpen";"2014-2018, 2020-2026";"Computer Science Applications (Q1); Education (Q1)";"Computer Science; Social Sciences"
99;29805;"ISA Transactions";journal;"00190578";"International Society of Automation";No;No;1,572;Q1;131;603;1427;25120;10376;1425;6,94;41,66;25,69;1;United States;Northern America;"International Society of Automation";"1968-2026";"Applied Mathematics (Q1); Computer Science Applications (Q1); Control and Systems Engineering (Q1); Electrical and Electronic Engineering (Q1); Instrumentation (Q1)";"Computer Science; Engineering; Mathematics; Physics and Astronomy"
100;21100979265;"Railway Engineering Science";journal;"26624753, 26624745";"Springer";Yes;Yes;1,563;Q1;45;29;81;977;563;78;5,30;33,69;29,36;0;Singapore;Asiatic Region;"Springer";"2020-2026";"Computational Mechanics (Q1); Computer Science Applications (Q1); Electrical and Electronic Engineering (Q1); Mechanical Engineering (Q1); Transportation (Q1)";"Computer Science; Engineering; Social Sciences"
101;21101070922;"IEEE Transactions on Biometrics, Behavior, and Identity Science";journal;"26376407";"Institute of Electrical and Electronics Engineers Inc.";No;No;1,560;Q1;38;49;134;2773;909;123;6,46;56,59;30,85;0;United States;Northern America;"Institute of Electrical and Electronics Engineers Inc.";"2019-2026";"Artificial Intelligence (Q1); Computer Science Applications (Q1); Computer Vision and Pattern Recognition (Q1); Instrumentation (Q1)";"Computer Science; Physics and Astronomy"
102;21100932472;"Journal of Learning Analytics";journal;"19297750";"UTS ePRESS";Yes;No;1,496;Q1;31;29;84;1546;358;81;3,60;53,31;41,41;3;Australia;Pacific Region;"UTS ePRESS";"2014, 2019-2025";"Computer Science Applications (Q1); Education (Q1)";"Computer Science; Social Sciences"
103;19700167026;"IEEE Transactions on Learning Technologies";journal;"19391382";"Institute of Electrical and Electronics Engineers Inc.";No;No;1,493;Q1;74;91;193;5573;1028;189;4,11;61,24;33,83;0;United States;Northern America;"Institute of Electrical and Electronics Engineers Inc.";"2008-2026";"Computer Science Applications (Q1); Education (Q1); E-learning (Q1); Engineering (miscellaneous) (Q1)";"Computer Science; Engineering; Social Sciences"
104;5800207673;"ReCALL";journal;"09583440, 14740109";"Cambridge University Press";No;No;1,493;Q1;77;25;66;1082;393;58;6,29;43,28;62,26;0;United Kingdom;Western Europe;"Cambridge University Press";"1989-2026";"Computer Science Applications (Q1); Education (Q1); Linguistics and Language (Q1)";"Computer Science; Social Sciences"
105;7000153205;"Journal of Environmental Informatics";journal;"17262135, 16848799";"International Society for Environmental Information Sciences";No;No;1,491;Q1;41;24;65;1379;365;65;6,74;57,46;31,19;0;Canada;Northern America;"International Society for Environmental Information Sciences";"2007-2025";"Computer Science Applications (Q1); Decision Sciences (miscellaneous) (Q1); Environmental Science (miscellaneous) (Q1)";"Computer Science; Decision Sciences; Environmental Science"
106;21101079108;"ACM Transactions on Computing for Healthcare";journal;"26378051, 26911957";"Association for Computing Machinery";No;No;1,490;Q1;24;24;111;1720;764;106;7,52;71,67;23,97;1;United States;Northern America;"Association for Computing Machinery";"2020-2026";"Biomedical Engineering (Q1); Computer Science Applications (Q1); Health Informatics (Q1); Health Information Management (Q1); Information Systems (Q1); Medicine (miscellaneous) (Q1); Software (Q1)";"Computer Science; Engineering; Health Professions; Medicine"
107;21100318415;"Computational and Structural Biotechnology Journal";journal;"20010370";"Elsevier B.V.";Yes;No;1,485;Q1;107;515;1465;37300;7954;1450;4,95;72,43;38,58;5;Sweden;Western Europe;"Elsevier B.V.";"2012-2026";"Biochemistry (Q1); Biophysics (Q1); Biotechnology (Q1); Computer Science Applications (Q1); Genetics (Q1); Structural Biology (Q2)";"Biochemistry, Genetics and Molecular Biology; Computer Science"
108;17957;"Computers in Biology and Medicine";journal;"00104825, 18790534";"Elsevier Ltd";No;No;1,481;Q1;164;1198;2285;73235;20181;2279;8,46;61,13;33,87;13;United Kingdom;Western Europe;"Elsevier Ltd";"1970-2026";"Computer Science Applications (Q1); Health Informatics (Q1)";"Computer Science; Medicine"
109;21100338351;"IEEE Transactions on Cloud Computing";journal;"21687161";"Institute of Electrical and Electronics Engineers Inc.";No;No;1,457;Q1;78;266;440;11870;2332;435;5,39;44,62;29,35;0;United States;Northern America;"Institute of Electrical and Electronics Engineers Inc.";"2013-2026";"Computer Networks and Communications (Q1); Computer Science Applications (Q1); Hardware and Architecture (Q1); Information Systems (Q1); Software (Q1)";"Computer Science"
110;5100155074;"Journal of Chemical Theory and Computation";journal;"15499626, 15499618";"American Chemical Society";No;No;1,457;Q1;248;733;1849;60382;10847;1844;5,80;82,38;21,32;1;United States;Northern America;"American Chemical Society";"2005-2026";"Computer Science Applications (Q1); Physical and Theoretical Chemistry (Q1)";"Chemistry; Computer Science"
111;21101101317;"Blockchain: Research and Applications";journal;"20967209, 26669536";"Zhejiang University";Yes;No;1,454;Q1;32;41;68;2341;715;66;10,84;57,10;25,86;1;China;Asiatic Region;"Zhejiang University";"2020-2026";"Computer Networks and Communications (Q1); Computer Science Applications (Q1); Information Systems (Q1)";"Computer Science"
112;21101042196;"Artificial Intelligence in Agriculture";journal;"25897217";"KeAi Communications Co.";Yes;No;1,453;Q1;44;27;78;1583;1236;78;13,06;58,63;29,17;2;China;Asiatic Region;"KeAi Communications Co.";"2019-2026";"Agricultural and Biological Sciences (miscellaneous) (Q1); Artificial Intelligence (Q1); Computer Science Applications (Q1); Computer Science (miscellaneous) (Q1); Engineering (miscellaneous) (Q1)";"Agricultural and Biological Sciences; Computer Science; Engineering"
113;18027;"IEEE Robotics and Automation Magazine";journal;"10709932, 1558223X";"Institute of Electrical and Electronics Engineers Inc.";No;No;1,453;Q1;115;73;187;1144;799;150;3,88;15,67;32,30;0;United States;Northern America;"Institute of Electrical and Electronics Engineers Inc.";"1994-2026";"Computer Science Applications (Q1); Control and Systems Engineering (Q1); Electrical and Electronic Engineering (Q1)";"Computer Science; Engineering"
114;21100854164;"IEEE Transactions on Computational Imaging";journal;"25730436, 23339403";"Institute of Electrical and Electronics Engineers Inc.";No;No;1,453;Q1;55;94;272;4935;1467;272;4,88;52,50;29,02;0;United States;Northern America;"Institute of Electrical and Electronics Engineers Inc.";"2015-2026";"Computational Mathematics (Q1); Computer Science Applications (Q1); Signal Processing (Q1)";"Computer Science; Mathematics"
115;19700176047;"Cyberpsychology, Behavior, and Social Networking";journal;"21522715, 21522723";"Mary Ann Liebert Inc.";No;No;1,436;Q1;198;129;409;5095;2344;365;5,09;39,50;50,13;8;United States;Northern America;"Mary Ann Liebert Inc.";"2010-2026";"Applied Psychology (Q1); Communication (Q1); Computer Science Applications (Q1); Human-Computer Interaction (Q1); Medicine (miscellaneous) (Q1); Social Psychology (Q1)";"Computer Science; Medicine; Psychology; Social Sciences"
116;23871;"Journal of Cryptology";journal;"14321378, 09332790";"Springer New York";No;No;1,433;Q1;89;41;118;2130;516;117;3,26;51,95;21,88;0;United States;Northern America;"Springer New York";"1988-2026";"Applied Mathematics (Q1); Computer Science Applications (Q1); Software (Q1)";"Computer Science; Mathematics"
117;21101092534;"Data Science and Management";journal;"26667649";"KeAi Communications Co.";Yes;Yes;1,432;Q1;27;24;45;1290;400;41;8,89;53,75;38,96;0;China;Asiatic Region;"KeAi Communications Co.";"2021-2025";"Artificial Intelligence (Q1); Computer Science Applications (Q1); Information Systems (Q1); Information Systems and Management (Q1); Management Information Systems (Q1); Management Science and Operations Research (Q1)";"Business, Management and Accounting; Computer Science; Decision Sciences"
118;21101048344;"Granular Computing";journal;"23644974, 23644966";"Springer Nature";No;No;1,415;Q1;55;106;170;5388;1147;169;7,42;50,83;33,87;0;Switzerland;Western Europe;"Springer Nature";"2016-2024";"Artificial Intelligence (Q1); Computer Science Applications (Q1); Information Systems (Q1)";"Computer Science"
119;130138;"International Journal on Document Analysis and Recognition";journal;"14332825, 14332833";"Springer Verlag";Yes;No;1,409;Q1;64;29;68;1401;275;65;3,52;48,31;19,42;0;Germany;Western Europe;"Springer Verlag";"1998-2026";"Computer Science Applications (Q1); Computer Vision and Pattern Recognition (Q1); Software (Q1)";"Computer Science"
120;11300153734;"IEEE Systems Journal";journal;"19379234, 19328184";"Institute of Electrical and Electronics Engineers Inc.";No;No;1,402;Q1;124;607;1605;22533;8714;1594;5,23;37,12;25,92;0;United States;Northern America;"Institute of Electrical and Electronics Engineers Inc.";"2007-2026";"Computer Networks and Communications (Q1); Computer Science Applications (Q1); Control and Systems Engineering (Q1); Electrical and Electronic Engineering (Q1); Information Systems (Q1)";"Computer Science; Engineering"
121;130080;"Journal of Chemical Information and Modeling";journal;"1549960X, 15499596";"American Chemical Society";No;No;1,396;Q1;219;668;1698;42023;10213;1677;5,91;62,91;30,23;5;United States;Northern America;"American Chemical Society";"2005-2026";"Chemical Engineering (miscellaneous) (Q1); Chemistry (miscellaneous) (Q1); Computer Science Applications (Q1); Library and Information Sciences (Q1)";"Chemical Engineering; Chemistry; Computer Science; Social Sciences"
122;21101068014;"Developments in the Built Environment";journal;"26661659";"Elsevier Ltd";Yes;No;1,374;Q1;49;188;97;14210;896;97;6,56;75,59;25,92;10;United Kingdom;Western Europe;"Elsevier Ltd";"2020-2026";"Architecture (Q1); Building and Construction (Q1); Civil and Structural Engineering (Q1); Computer Graphics and Computer-Aided Design (Q1); Computer Science Applications (Q1); Materials Science (miscellaneous) (Q1)";"Computer Science; Engineering; Materials Science"
123;26801;"Computational Linguistics";journal;"08912017, 15309312";"MIT Press";Yes;Yes;1,367;Q1;122;34;87;3371;859;85;10,47;99,15;32,46;2;United States;Northern America;"MIT Press";"1985, 1996-2025";"Artificial Intelligence (Q1); Computer Science Applications (Q1); Linguistics and Language (Q1)";"Computer Science; Social Sciences"
124;21101078838;"Computers in Human Behavior Reports";journal;"24519588";"Elsevier B.V.";Yes;No;1,365;Q1;43;81;209;5971;1349;207;6,01;73,72;45,26;5;United Kingdom;Western Europe;"Elsevier B.V.";"2020-2026";"Applied Psychology (Q1); Artificial Intelligence (Q1); Cognitive Neuroscience (Q1); Computer Science Applications (Q1); Human-Computer Interaction (Q1); Neuroscience (miscellaneous) (Q1)";"Computer Science; Neuroscience; Psychology"
125;2600147402;"Ethics and Information Technology";journal;"13881957, 15728439";"Springer Science and Business Media B.V.";No;No;1,359;Q1;87;59;177;3334;902;173;4,78;56,51;24,14;13;Netherlands;Western Europe;"Springer Science and Business Media B.V.";"1999-2026";"Computer Science Applications (Q1); Library and Information Sciences (Q1)";"Computer Science; Social Sciences"
126;5100155103;"Journal of Informetrics";journal;"18755879, 17511577";"Elsevier B.V.";No;No;1,355;Q1;107;81;266;4584;1092;264;3,87;56,59;33,33;3;Netherlands;Western Europe;"Elsevier B.V.";"2007-2026";"Applied Mathematics (Q1); Computer Science Applications (Q1); Library and Information Sciences (Q1); Management Science and Operations Research (Q1); Modeling and Simulation (Q1); Statistics and Probability (Q1)";"Computer Science; Decision Sciences; Mathematics; Social Sciences"
127;15057;"Electronic Commerce Research and Applications";journal;"15674223";"Elsevier B.V.";No;No;1,338;Q1;116;103;273;7437;1848;271;6,49;72,20;36,59;0;Netherlands;Western Europe;"Elsevier B.V.";"2002-2026";"Computer Networks and Communications (Q1); Computer Science Applications (Q1); Management of Technology and Innovation (Q1); Marketing (Q1)";"Business, Management and Accounting; Computer Science"
128;5800179620;"Technology, Pedagogy and Education";journal;"17475139, 1475939X";"Routledge";No;No;1,338;Q1;59;41;121;2455;720;120;6,43;59,88;58,04;0;United Kingdom;Western Europe;"Routledge";"2003-2026";"Communication (Q1); Computer Science Applications (Q1); Education (Q1); Information Systems (Q1)";"Computer Science; Social Sciences"
129;26004;"IEEE Circuits and Systems Magazine";journal;"1531636X";"Institute of Electrical and Electronics Engineers Inc.";No;No;1,337;Q1;69;34;78;942;400;65;4,08;27,71;14,00;0;United States;Northern America;"Institute of Electrical and Electronics Engineers Inc.";"1979-1984, 2001-2025";"Computer Science Applications (Q1); Electrical and Electronic Engineering (Q1)";"Computer Science; Engineering"
130;21101136808;"Bioinformatics Advances";journal;"26350041";"Oxford University Press";Yes;No;1,329;Q1;23;188;137;5728;344;135;2,51;30,47;31,06;0;United Kingdom;Western Europe;"Oxford University Press";"2021-2026";"Computer Science Applications (Q1); Genetics (Q1); Molecular Biology (Q2); Structural Biology (Q2)";"Biochemistry, Genetics and Molecular Biology; Computer Science"
131;11400153310;"International Journal of Logistics Research and Applications";journal;"13675567, 1469848X";"Taylor and Francis Ltd.";No;No;1,322;Q1;71;76;135;6089;1252;132;9,85;80,12;28,87;9;United Kingdom;Western Europe;"Taylor and Francis Ltd.";"2003-2026";"Business and International Management (Q1); Computer Science Applications (Q1); Control and Systems Engineering (Q1); Information Systems (Q1); Management Information Systems (Q1); Management of Technology and Innovation (Q1); Management Science and Operations Research (Q1); Strategy and Management (Q1)";"Business, Management and Accounting; Computer Science; Decision Sciences; Engineering"
132;18732;"Information and Software Technology";journal;"09505849";"Elsevier B.V.";No;No;1,320;Q1;137;184;441;10855;2479;426;5,44;58,99;28,41;4;Netherlands;Western Europe;"Elsevier B.V.";"1970, 1987-2026";"Computer Science Applications (Q1); Information Systems (Q1); Software (Q1)";"Computer Science"
133;16321;"IEEE Transactions on Neural Systems and Rehabilitation Engineering";journal;"15344320, 15580210";"Institute of Electrical and Electronics Engineers Inc.";Yes;No;1,315;Q1;179;474;892;22998;5507;889;5,65;48,52;34,60;0;United States;Northern America;"Institute of Electrical and Electronics Engineers Inc.";"2001-2026";"Biomedical Engineering (Q1); Computer Science Applications (Q1); Internal Medicine (Q1); Medicine (miscellaneous) (Q1); Neuroscience (miscellaneous) (Q1); Rehabilitation (Q1)";"Computer Science; Engineering; Medicine; Neuroscience"
134;145681;"Interactive Learning Environments";journal;"10494820, 17445191";"Routledge";No;No;1,312;Q1;93;452;316;24388;2535;291;7,96;53,96;44,53;41;United Kingdom;Western Europe;"Routledge";"1990, 1992-1994, 2004-2026";"Computer Science Applications (Q1); Education (Q1); E-learning (Q1)";"Computer Science; Social Sciences"
135;18079;"Robotics and Autonomous Systems";journal;"09218890";"Elsevier B.V.";No;No;1,303;Q1;156;189;464;10436;2742;461;5,89;55,22;17,78;2;Netherlands;Western Europe;"Elsevier B.V.";"1988-2026";"Computer Science Applications (Q1); Control and Systems Engineering (Q1); Mathematics (miscellaneous) (Q1); Software (Q1)";"Computer Science; Engineering; Mathematics"
136;21100804573;"Information Processing in Agriculture";journal;"20970153, 22143173";"China Agricultural University";Yes;Yes;1,302;Q1;69;44;145;2091;1751;145;10,17;47,52;24,40;4;China;Asiatic Region;"China Agricultural University";"2014-2026";"Agronomy and Crop Science (Q1); Animal Science and Zoology (Q1); Aquatic Science (Q1); Computer Science Applications (Q1); Forestry (Q1)";"Agricultural and Biological Sciences; Computer Science"
137;4700152809;"Data Science Journal";journal;"16831470";"Ubiquity Press";Yes;No;1,290;Q1;34;43;108;1467;366;108;2,47;34,12;43,33;2;France;Western Europe;"Ubiquity Press";"2003, 2006-2026";"Computer Science Applications (Q1); Computer Science (miscellaneous) (Q1)";"Computer Science"
138;21100220156;"Journal of Hospitality and Tourism Technology";journal;"17579880, 17579899";"Emarald Group Publishing Ltd";No;No;1,285;Q1;66;53;141;2928;858;136;5,62;55,25;40,35;0;United Kingdom;Western Europe;"Emarald Group Publishing Ltd";"2010-2026";"Computer Science Applications (Q1); Information Systems (Q1); Tourism, Leisure and Hospitality Management (Q1)";"Business, Management and Accounting; Computer Science"
139;18171;"Computers and Structures";journal;"00457949";"Elsevier Ltd";No;No;1,274;Q1;177;162;408;8500;2160;407;5,18;52,47;20,80;0;United Kingdom;Western Europe;"Elsevier Ltd";"1971-2026";"Civil and Structural Engineering (Q1); Computer Science Applications (Q1); Materials Science (miscellaneous) (Q1); Mechanical Engineering (Q1); Modeling and Simulation (Q1)";"Computer Science; Engineering; Materials Science; Mathematics"
140;25040;"INFORMS Journal on Computing";journal;"10919856, 15265528";"INFORMS Inst.for Operations Res.and the Management Sciences";No;No;1,264;Q1;99;76;368;3350;893;356;2,14;44,08;21,66;1;United States;Northern America;"INFORMS Inst.for Operations Res.and the Management Sciences";"1996-2001, 2003-2026";"Computer Science Applications (Q1); Information Systems (Q1); Management Science and Operations Research (Q1); Software (Q1)";"Computer Science; Decision Sciences"
141;21101059781;"Digital Biomarkers";journal;"2504110X";"S. Karger AG";Yes;No;1,250;Q1;32;17;59;744;343;58;5,11;43,76;47,59;1;Switzerland;Western Europe;"S. Karger AG";"2017-2026";"Computer Science Applications (Q1); Health Informatics (Q1); Medicine (miscellaneous) (Q1)";"Computer Science; Medicine"
142;14789;"Information Technology for Development";journal;"15540170, 02681102";"Taylor and Francis Ltd.";No;No;1,249;Q1;63;30;119;2586;747;108;5,24;86,20;34,25;7;United Kingdom;Western Europe;"Taylor and Francis Ltd.";"1986-1990, 1995-1996, 1998-2000, 2003, 2008-2025";"Computer Science Applications (Q1); Development (Q1); E-learning (Q1); Public Administration (Q1)";"Computer Science; Social Sciences"
143;21100875801;"npj Systems Biology and Applications";journal;"20567189";"Nature Publishing Group";Yes;No;1,248;Q1;43;61;126;3945;469;125;3,72;64,67;32,92;2;United Kingdom;Western Europe;"Nature Publishing Group";"2015-2026";"Applied Mathematics (Q1); Biochemistry, Genetics and Molecular Biology (miscellaneous) (Q1); Computer Science Applications (Q1); Drug Discovery (Q1); Modeling and Simulation (Q1)";"Biochemistry, Genetics and Molecular Biology; Computer Science; Mathematics; Pharmacology, Toxicology and Pharmaceutics"
144;130132;"Information Technology and People";journal;"09593845";"Emerald Group Publishing Ltd.";No;No;1,244;Q1;92;132;276;12146;1560;271;5,40;92,02;40,00;0;United Kingdom;Western Europe;"Emerald Group Publishing Ltd.";"1990, 1992, 1994-2026";"Computer Science Applications (Q1); Information Systems (Q1); Library and Information Sciences (Q1)";"Computer Science; Social Sciences"
145;19700182731;"Egyptian Informatics Journal";journal;"11108665, 20904754";"Elsevier B.V.";Yes;No;1,220;Q1;56;59;132;2774;1073;132;8,36;47,02;29,26;1;Netherlands;Western Europe;"Elsevier B.V.";"2010-2026";"Computer Science Applications (Q1); Information Systems (Q1); Management Science and Operations Research (Q1)";"Computer Science; Decision Sciences"
146;21100872828;"Foundations and Trends in Programming Languages";journal;"23251107, 23251131";"Now Publishers Inc";No;No;1,215;Q1;13;1;6;137;35;6;8,50;137,00;0,00;0;United States;Northern America;"Now Publishers Inc";"2014-2025";"Computer Science Applications (Q1); Software (Q1); Theoretical Computer Science (Q1)";"Computer Science; Mathematics"
147;22140;"Mathematics of Operations Research";journal;"15265471, 0364765X";"INFORMS Inst.for Operations Res.and the Management Sciences";Yes;No;1,215;Q1;99;93;268;3934;560;268;1,97;42,30;15,83;0;United States;Northern America;"INFORMS Inst.for Operations Res.and the Management Sciences";"1976-1992, 1994-2026";"Computer Science Applications (Q1); Management Science and Operations Research (Q1); Mathematics (miscellaneous) (Q1)";"Computer Science; Decision Sciences; Mathematics"
148;19170;"Industrial Management and Data Systems";journal;"02635577";"Emerald Group Publishing Ltd.";No;No;1,207;Q1;141;127;355;10179;2229;346;5,13;80,15;36,17;0;United Kingdom;Western Europe;"Emerald Group Publishing Ltd.";"1980-2026";"Computer Science Applications (Q1); Industrial and Manufacturing Engineering (Q1); Industrial Relations (Q1); Management Information Systems (Q1); Strategy and Management (Q1)";"Business, Management and Accounting; Computer Science; Engineering"
149;23604;"Computer Methods and Programs in Biomedicine";journal;"01692607, 18727565";"Elsevier Ireland Ltd";No;No;1,189;Q1;165;484;1700;24463;11287;1690;5,73;50,54;32,31;7;Ireland;Western Europe;"Elsevier Ireland Ltd";"1985-2026";"Computer Science Applications (Q1); Health Informatics (Q1); Software (Q1)";"Computer Science; Medicine"
150;18197;"Integrated Computer-Aided Engineering";journal;"10692509, 18758835";"SAGE Publications Ltd";No;No;1,186;Q1;51;25;81;1498;415;71;5,11;59,92;16,00;0;Netherlands;Western Europe;"SAGE Publications Ltd";"1993-2025";"Computational Theory and Mathematics (Q1); Computer Science Applications (Q1); Software (Q1); Theoretical Computer Science (Q1); Artificial Intelligence (Q2)";"Computer Science; Mathematics"
151;28497;"Inverse Problems";journal;"13616420, 02665611";"Institute of Physics";No;No;1,185;Q1;137;169;516;7163;1371;512;2,15;42,38;22,73;0;United Kingdom;Western Europe;"Institute of Physics";"1985-2025";"Applied Mathematics (Q1); Computer Science Applications (Q1); Mathematical Physics (Q1); Signal Processing (Q1); Theoretical Computer Science (Q1)";"Computer Science; Mathematics"
152;18661;"Structural and Multidisciplinary Optimization";journal;"16151488, 1615147X";"Springer Verlag";No;No;1,181;Q1;157;256;1064;12503;4645;1058;4,02;48,84;19,70;0;Germany;Western Europe;"Springer Verlag";"1999-2026";"Computer Graphics and Computer-Aided Design (Q1); Computer Science Applications (Q1); Control and Optimization (Q1); Control and Systems Engineering (Q1); Software (Q1)";"Computer Science; Engineering; Mathematics"
153;36450;"Design Studies";journal;"0142694X";"Elsevier Ltd";No;No;1,180;Q1;123;34;99;2193;514;96;4,97;64,50;49,49;0;United Kingdom;Western Europe;"Elsevier Ltd";"1979-2026";"Architecture (Q1); Arts and Humanities (miscellaneous) (Q1); Computer Science Applications (Q1); Engineering (miscellaneous) (Q1); Social Sciences (miscellaneous) (Q1); Artificial Intelligence (Q2)";"Arts and Humanities; Computer Science; Engineering; Social Sciences"
154;19400158515;"Cognitive Computation";journal;"18669964, 18669956";"Springer New York";No;No;1,179;Q1;81;140;340;7007;1909;330;5,29;50,05;27,43;0;United States;Northern America;"Springer New York";"2009-2026";"Cognitive Neuroscience (Q1); Computer Science Applications (Q1); Computer Vision and Pattern Recognition (Q1)";"Computer Science; Neuroscience"
155;25879;"International Journal of Molecular Sciences";journal;"14220067, 16616596";"Multidisciplinary Digital Publishing Institute (MDPI)";Yes;No;1,179;Q1;365;17590;39593;1385461;219235;39032;5,03;78,76;48,24;161;Switzerland;Western Europe;"Multidisciplinary Digital Publishing Institute (MDPI)";"2000-2026";"Computer Science Applications (Q1); Inorganic Chemistry (Q1); Medicine (miscellaneous) (Q1); Organic Chemistry (Q1); Physical and Theoretical Chemistry (Q1); Spectroscopy (Q1); Catalysis (Q2); Molecular Biology (Q2)";"Biochemistry, Genetics and Molecular Biology; Chemical Engineering; Chemistry; Computer Science; Medicine"
156;25397;"Dianli Xitong Zidonghua/Automation of Electric Power Systems";journal;"10001026";"Automation of Electric Power Systems Press";No;No;1,171;Q1;121;456;1578;14584;8435;1578;5,92;31,98;33,31;0;China;Asiatic Region;"Automation of Electric Power Systems Press";"1996-2026";"Computer Science Applications (Q1); Control and Systems Engineering (Q1); Electrical and Electronic Engineering (Q1); Energy Engineering and Power Technology (Q1)";"Computer Science; Energy; Engineering"
157;21100898676;"IACR Transactions on Symmetric Cryptology";journal;"2519173X";"Ruhr-University of Bochum";Yes;Yes;1,169;Q1;32;44;140;1592;437;137;2,42;36,18;25,23;2;Germany;Western Europe;"Ruhr-University of Bochum";"2018-2025";"Applied Mathematics (Q1); Computational Mathematics (Q1); Computer Science Applications (Q1); Software (Q1)";"Computer Science; Mathematics"
158;23706;"Journal of Biomedical Informatics";journal;"15320480, 15320464";"Academic Press Inc.";No;No;1,160;Q1;145;234;649;13957;3869;575;5,39;59,65;35,84;8;United States;Northern America;"Academic Press Inc.";"2001-2026";"Computer Science Applications (Q1); Health Informatics (Q1)";"Computer Science; Medicine"
159;19700200832;"Technology, Knowledge and Learning";journal;"22111662, 22111670";"Springer Science + Business Media";No;No;1,153;Q1;52;89;166;6043;1007;165;6,31;67,90;38,13;10;United States;Northern America;"Springer Science + Business Media";"2011-2026";"Computational Theory and Mathematics (Q1); Computer Science Applications (Q1); Education (Q1); Engineering (miscellaneous) (Q1); Human-Computer Interaction (Q1); Mathematics (miscellaneous) (Q1); Theoretical Computer Science (Q1)";"Computer Science; Engineering; Mathematics; Social Sciences"
160;25862;"Designs, Codes, and Cryptography";journal;"09251022, 15737586";"Springer Netherlands";No;No;1,142;Q1;75;180;417;5549;771;413;1,71;30,83;24,77;0;Netherlands;Western Europe;"Springer Netherlands";"1991-2026";"Applied Mathematics (Q1); Computer Science Applications (Q1); Discrete Mathematics and Combinatorics (Q1); Theoretical Computer Science (Q1)";"Computer Science; Mathematics"
161;21100285028;"IEEE Transactions on Human-Machine Systems";journal;"21682291, 21682305";"Institute of Electrical and Electronics Engineers Inc.";No;No;1,139;Q1;148;102;249;4867;1301;249;4,66;47,72;29,74;0;United States;Northern America;"Institute of Electrical and Electronics Engineers Inc.";"2013-2026";"Computer Networks and Communications (Q1); Computer Science Applications (Q1); Control and Systems Engineering (Q1); Human Factors and Ergonomics (Q1); Human-Computer Interaction (Q1); Artificial Intelligence (Q2); Signal Processing (Q2)";"Computer Science; Engineering; Social Sciences"
162;21101092533;"High-Confidence Computing";journal;"26672952";"Shandong University";Yes;No;1,137;Q1;20;40;40;1508;204;39;5,10;37,70;28,79;0;China;Asiatic Region;"Shandong University";"2021-2026";"Computational Theory and Mathematics (Q1); Computer Networks and Communications (Q1); Computer Science Applications (Q1); Hardware and Architecture (Q1); Software (Q1)";"Computer Science"
163;18643;"Journal of Computing in Civil Engineering";journal;"08873801, 19435487";"American Society of Civil Engineers (ASCE)";No;No;1,137;Q1;114;59;180;3471;1171;180;5,48;58,83;21,84;0;United States;Northern America;"American Society of Civil Engineers (ASCE)";"1987-2026";"Civil and Structural Engineering (Q1); Computer Science Applications (Q1)";"Computer Science; Engineering"
164;21101136681;"Internet of Things and Cyber-Physical Systems";journal;"26673452";"KeAi Communications Co.";Yes;No;1,136;Q1;31;24;25;2253;254;25;10,16;93,88;21,82;4;China;Asiatic Region;"KeAi Communications Co.";"2021-2025";"Computer Networks and Communications (Q1); Computer Science Applications (Q1); Electrical and Electronic Engineering (Q1); Artificial Intelligence (Q2)";"Computer Science; Engineering"
165;21101066249;"IEEE Open Journal of Intelligent Transportation Systems";journal;"26877813";"Institute of Electrical and Electronics Engineers Inc.";Yes;No;1,119;Q1;28;69;123;3830;593;120;4,92;55,51;19,18;0;United States;Northern America;"Institute of Electrical and Electronics Engineers Inc.";"2020-2026";"Automotive Engineering (Q1); Computer Science Applications (Q1); Mechanical Engineering (Q1)";"Computer Science; Engineering"
166;21100197952;"Journal of Rail Transport Planning and Management";journal;"22109706";"Elsevier B.V.";No;No;1,117;Q1;39;35;93;1351;415;90;3,09;38,60;17,54;2;Netherlands;Western Europe;"Elsevier B.V.";"2011-2026";"Civil and Structural Engineering (Q1); Computer Science Applications (Q1); Management Science and Operations Research (Q1); Modeling and Simulation (Q1); Transportation (Q2)";"Computer Science; Decision Sciences; Engineering; Mathematics; Social Sciences"
167;21100909462;"BMJ Health and Care Informatics";journal;"26321009";"BMJ Publishing Group";Yes;No;1,114;Q1;53;75;175;1864;759;152;4,14;24,85;38,19;4;United Kingdom;Western Europe;"BMJ Publishing Group";"2019-2026";"Computer Science Applications (Q1); Health Informatics (Q1); Health Information Management (Q1)";"Computer Science; Health Professions; Medicine"
168;5200152703;"International Journal of Automation and Computing";journal;"14768186, 17518520";"Chinese Academy of Sciences";No;No;1,113;Q1;0;0;0;0;0;0;0,00;0,00;0,00;0;China;Asiatic Region;"Chinese Academy of Sciences";"2005, 2007-2021";"Applied Mathematics (Q1); Computer Science Applications (Q1); Control and Systems Engineering (Q1); Modeling and Simulation (Q1)";"Computer Science; Engineering; Mathematics"
169;21101068040;"IEEE Transactions on Quantum Engineering";journal;"26891808";"Institute of Electrical and Electronics Engineers Inc.";Yes;No;1,104;Q1;37;60;134;2923;803;134;5,43;48,72;20,75;0;United States;Northern America;"Institute of Electrical and Electronics Engineers Inc.";"2020-2026";"Computer Science Applications (Q1); Computer Science (miscellaneous) (Q1); Condensed Matter Physics (Q1); Electrical and Electronic Engineering (Q1); Engineering (miscellaneous) (Q1); Mechanical Engineering (Q1); Software (Q1)";"Computer Science; Engineering; Physics and Astronomy"
170;21100899643;"Journal of Computational Physics: X";journal;"25900552";"Academic Press Inc.";Yes;No;1,104;Q1;19;14;37;592;119;36;2,73;42,29;11,11;0;United States;Northern America;"Academic Press Inc.";"2019-2023";"Computer Science Applications (Q1); Physics and Astronomy (miscellaneous) (Q1)";"Computer Science; Physics and Astronomy"
171;21101060161;"IEEE Transactions on Medical Robotics and Bionics";journal;"25763202";"Institute of Electrical and Electronics Engineers Inc.";No;No;1,102;Q1;37;94;282;5192;1180;274;3,91;55,23;25,11;0;United States;Northern America;"Institute of Electrical and Electronics Engineers Inc.";"2019-2026";"Biomedical Engineering (Q1); Computer Science Applications (Q1); Control and Optimization (Q1); Human-Computer Interaction (Q1); Artificial Intelligence (Q2)";"Computer Science; Engineering; Mathematics"
172;3100147401;"Ecological Informatics";journal;"15749541";"Elsevier B.V.";Yes;No;1,101;Q1;101;416;737;29409;5004;729;6,58;70,69;31,08;17;Netherlands;Western Europe;"Elsevier B.V.";"2006-2026";"Applied Mathematics (Q1); Computational Theory and Mathematics (Q1); Computer Science Applications (Q1); Ecological Modeling (Q1); Ecology (Q1); Ecology, Evolution, Behavior and Systematics (Q1); Modeling and Simulation (Q1)";"Agricultural and Biological Sciences; Computer Science; Environmental Science; Mathematics"
173;18300156720;"IEEE Intelligent Transportation Systems Magazine";journal;"19411197, 19391390";"Institute of Electrical and Electronics Engineers Inc.";No;No;1,091;Q1;72;111;271;4328;1198;236;4,47;38,99;23,12;0;United States;Northern America;"Institute of Electrical and Electronics Engineers Inc.";"2009-2026";"Automotive Engineering (Q1); Computer Science Applications (Q1); Mechanical Engineering (Q1)";"Computer Science; Engineering"
174;21100812851;"Eurasip Journal on Information Security";journal;"2510523X, 16874161";"Springer Science and Business Media Deutschland GmbH";Yes;No;1,079;Q1;40;8;36;302;181;36;4,19;37,75;44,00;0;Germany;Western Europe;"Springer Science and Business Media Deutschland GmbH";"2007-2026";"Computer Science Applications (Q1); Signal Processing (Q2)";"Computer Science"
175;24222;"Scientometrics";journal;"15882861, 01389130";"Springer Nature";No;No;1,079;Q1;167;310;1216;16131;4780;1120;3,67;52,04;38,64;28;Switzerland;Western Europe;"Springer Nature";"1978-2026";"Computer Science Applications (Q1); Library and Information Sciences (Q1); Social Sciences (miscellaneous) (Q1)";"Computer Science; Social Sciences"
176;144889;"Journal of Intelligent Transportation Systems: Technology, Planning, and Operations";journal;"15472450, 15472442";"Taylor and Francis Ltd.";No;No;1,076;Q1;66;46;142;1914;648;139;4,34;41,61;33,75;2;United Kingdom;Western Europe;"Taylor and Francis Ltd.";"2004-2026";"Aerospace Engineering (Q1); Applied Mathematics (Q1); Automotive Engineering (Q1); Computer Science Applications (Q1); Control and Systems Engineering (Q1); Information Systems (Q1); Software (Q1)";"Computer Science; Engineering; Mathematics"
177;18186;"Engineering with Computers";journal;"14355663, 01770667";"Springer London";No;No;1,040;Q1;99;204;894;11211;6597;891;7,60;54,96;17,67;0;United Kingdom;Western Europe;"Springer London";"1985-2026";"Computer Science Applications (Q1); Engineering (miscellaneous) (Q1); Modeling and Simulation (Q1); Software (Q1)";"Computer Science; Engineering; Mathematics"
178;18947;"User Modeling and User-Adapted Interaction";journal;"15731391, 09241868";"Springer Netherlands";No;No;1,038;Q1;90;32;85;2629;443;79;4,75;82,16;47,15;2;Netherlands;Western Europe;"Springer Netherlands";"1991-2026";"Computer Science Applications (Q1); Education (Q1); Human-Computer Interaction (Q2)";"Computer Science; Social Sciences"
179;21100791825;"Bioprinting";journal;"24058866";"Elsevier B.V.";No;No;1,032;Q1;54;67;184;6484;1384;184;7,19;96,78;44,34;0;Netherlands;Western Europe;"Elsevier B.V.";"2016-2026";"Biomedical Engineering (Q1); Biotechnology (Q1); Computer Science Applications (Q1)";"Biochemistry, Genetics and Molecular Biology; Computer Science; Engineering"
180;144980;"Multiscale Modeling and Simulation";journal;"15403459, 15403467";"Society for Industrial and Applied Mathematics Publications";No;No;1,028;Q1;80;58;179;2500;335;179;1,76;43,10;18,57;0;United States;Northern America;"Society for Industrial and Applied Mathematics Publications";"2003-2026";"Chemistry (miscellaneous) (Q1); Computer Science Applications (Q1); Ecological Modeling (Q1); Modeling and Simulation (Q1); Physics and Astronomy (miscellaneous) (Q1)";"Chemistry; Computer Science; Environmental Science; Mathematics; Physics and Astronomy"
181;9700153238;"International Transactions in Operational Research";journal;"09696016, 14753995";"John Wiley and Sons Inc";No;No;1,027;Q1;75;156;403;9417;1478;397;3,35;60,37;27,46;4;Denmark;Western Europe;"John Wiley and Sons Inc";"1994-2026";"Business and International Management (Q1); Computer Science Applications (Q1); Management Science and Operations Research (Q1); Strategy and Management (Q1); Management of Technology and Innovation (Q2)";"Business, Management and Accounting; Computer Science; Decision Sciences"
182;19420;"International Journal of Human-Computer Interaction";journal;"15327590, 10447318";"Taylor and Francis Ltd.";No;No;1,025;Q1;110;266;411;20625;2629;408;5,63;77,54;40,09;15;United States;Northern America;"Taylor and Francis Ltd.";"1989-1995, 1999-2026";"Computer Science Applications (Q1); Human Factors and Ergonomics (Q1); Human-Computer Interaction (Q2)";"Computer Science; Social Sciences"
183;21100853527;"Brain Informatics";journal;"21984018, 21984026";"Springer Science and Business Media Deutschland GmbH";Yes;No;1,016;Q1;42;33;77;2136;493;77;3,68;64,73;38,92;3;Germany;Western Europe;"Springer Science and Business Media Deutschland GmbH";"2014-2026";"Computer Science Applications (Q1); Cognitive Neuroscience (Q2); Neurology (Q2)";"Computer Science; Neuroscience"
184;17929;"BMC Bioinformatics";journal;"14712105";"BioMed Central Ltd";Yes;No;1,005;Q1;265;480;1758;20682;5885;1752;3,10;43,09;34,02;6;United Kingdom;Western Europe;"BioMed Central Ltd";"2000-2026";"Applied Mathematics (Q1); Computer Science Applications (Q1); Biochemistry (Q2); Molecular Biology (Q2); Structural Biology (Q2)";"Biochemistry, Genetics and Molecular Biology; Computer Science; Mathematics"
185;21100210920;"Journal of Electronic Commerce Research";journal;"19389027, 15266133";"California State University, Long Beach";No;No;1,004;Q1;52;18;56;1526;256;56;2,60;84,78;41,82;0;United States;Northern America;"California State University, Long Beach";"2010-2026";"Computer Science Applications (Q1); Economics, Econometrics and Finance (miscellaneous) (Q1)";"Computer Science; Economics, Econometrics and Finance"
186;23602;"BMC Medical Informatics and Decision Making";journal;"14726947";"BioMed Central Ltd";Yes;No;1,002;Q1;117;296;1061;13403;4883;1059;3,99;45,28;42,92;9;United Kingdom;Western Europe;"BioMed Central Ltd";"2001-2026";"Computer Science Applications (Q1); Health Informatics (Q1); Health Policy (Q1)";"Computer Science; Medicine"
187;21100873337;"Complex Adaptive Systems Modeling";journal;"21943206";"SpringerOpen";Yes;No;0,996;Q1;20;0;6;0;31;6;0,00;0,00;0,00;0;United Kingdom;Western Europe;"SpringerOpen";"2013-2020";"Applied Mathematics (Q1); Computer Science Applications (Q1); Modeling and Simulation (Q1)";"Computer Science; Mathematics"
188;18198;"International Journal of Computer Integrated Manufacturing";journal;"0951192X, 13623052";"Taylor and Francis Ltd.";No;No;0,987;Q1;79;90;242;5040;1350;236;5,11;56,00;22,96;0;United Kingdom;Western Europe;"Taylor and Francis Ltd.";"1988-2026";"Aerospace Engineering (Q1); Computer Science Applications (Q1); Electrical and Electronic Engineering (Q1); Industrial and Manufacturing Engineering (Q1); Mechanical Engineering (Q1)";"Computer Science; Engineering"
189;21101055221;"Proceedings of the ACM on Computer Graphics and Interactive Techniques";journal;"25776193";"Association for Computing Machinery";No;No;0,985;Q1;27;51;112;2074;253;112;1,84;40,67;18,95;0;United States;Northern America;"Association for Computing Machinery";"2018-2025";"Computer Graphics and Computer-Aided Design (Q1); Computer Science Applications (Q1)";"Computer Science"
190;20979;"Journal of Mechanical Design";journal;"10500472";"American Society of Mechanical Engineers (ASME)";No;No;0,983;Q1;153;147;529;8180;2114;512;4,01;55,65;27,98;2;United States;Northern America;"American Society of Mechanical Engineers (ASME)";"1978-2026";"Computer Graphics and Computer-Aided Design (Q1); Computer Science Applications (Q1); Mechanical Engineering (Q1); Mechanics of Materials (Q1)";"Computer Science; Engineering"
191;17300154968;"Bioinformatics and Biology Insights";journal;"11779322";"SAGE Publications Inc.";Yes;No;0,974;Q1;37;54;105;3067;473;105;2,51;56,80;38,58;0;United Kingdom;Western Europe;"SAGE Publications Inc.";"2009-2026";"Applied Mathematics (Q1); Computational Mathematics (Q1); Computer Science Applications (Q1); Biochemistry (Q2); Molecular Biology (Q2)";"Biochemistry, Genetics and Molecular Biology; Computer Science; Mathematics"
192;24407;"Computing";journal;"14365057, 0010485X";"Springer";No;No;0,970;Q1;78;115;348;5047;1644;332;4,97;43,89;23,77;1;Austria;Western Europe;"Springer";"1966-2026";"Computational Mathematics (Q1); Computational Theory and Mathematics (Q1); Computer Science Applications (Q1); Numerical Analysis (Q1); Software (Q2); Theoretical Computer Science (Q2)";"Computer Science; Mathematics"
193;17300154971;"International Journal of Critical Infrastructure Protection";journal;"18745482";"Elsevier B.V.";No;No;0,968;Q1;56;37;104;2128;579;99;5,71;57,51;27,78;2;Netherlands;Western Europe;"Elsevier B.V.";"2008-2026";"Computer Science Applications (Q1); Information Systems and Management (Q1); Modeling and Simulation (Q1); Safety, Risk, Reliability and Quality (Q1)";"Computer Science; Decision Sciences; Engineering; Mathematics"
194;21101051831;"Intelligent Systems with Applications";journal;"26673053";"Elsevier B.V.";Yes;No;0,959;Q1;45;139;113;7413;765;113;5,93;53,33;23,36;1;Netherlands;Western Europe;"Elsevier B.V.";"2021-2026";"Computer Science Applications (Q1); Computer Science (miscellaneous) (Q1); Computer Vision and Pattern Recognition (Q1); Artificial Intelligence (Q2); Signal Processing (Q2)";"Computer Science"
195;17300154988;"BioData Mining";journal;"17560381";"BioMed Central Ltd";Yes;No;0,958;Q1;46;35;102;1607;489;98;4,90;45,91;27,88;2;United Kingdom;Western Europe;"BioMed Central Ltd";"2009-2026";"Computational Mathematics (Q1); Computational Theory and Mathematics (Q1); Computer Science Applications (Q1); Biochemistry (Q2); Genetics (Q2); Molecular Biology (Q2)";"Biochemistry, Genetics and Molecular Biology; Computer Science; Mathematics"
196;5100155079;"IET Control Theory and Applications";journal;"17518644, 17518652";"John Wiley &amp; Sons Inc.";Yes;No;0,957;Q2;128;184;687;7375;1956;685;2,44;40,08;31,79;0;United Kingdom;Western Europe;"John Wiley &amp; Sons Inc.";"2007-2026";"Control and Optimization (Q1); Electrical and Electronic Engineering (Q1); Computer Science Applications (Q2); Control and Systems Engineering (Q2); Human-Computer Interaction (Q2)";"Computer Science; Engineering; Mathematics"
197;21101127319;"ACS Physical Chemistry Au";journal;"26942445";"American Chemical Society";Yes;No;0,951;Q2;18;48;62;3468;212;57;3,42;72,25;25,76;1;United States;Northern America;"American Chemical Society";"2021-2026";"Chemistry (miscellaneous) (Q1); Computational Theory and Mathematics (Q1); Physical and Theoretical Chemistry (Q1); Computer Science Applications (Q2)";"Chemistry; Computer Science"
198;19700187627;"International Journal of Digital Earth";journal;"17538955, 17538947";"Taylor and Francis Ltd.";Yes;No;0,950;Q2;76;227;305;13061;1410;299;4,50;57,54;34,39;4;United Kingdom;Western Europe;"Taylor and Francis Ltd.";"2008-2026";"Earth and Planetary Sciences (miscellaneous) (Q1); Computer Science Applications (Q2); Software (Q2)";"Computer Science; Earth and Planetary Sciences"
199;21100805777;"Information and Learning Science";journal;"23985356, 23985348";"Emerald Publishing";No;No;0,934;Q2;43;23;141;1362;568;135;1,96;59,22;51,32;0;United Kingdom;Western Europe;"Emerald Publishing";"2017-2026";"Education (Q1); Library and Information Sciences (Q1); Computer Science Applications (Q2)";"Computer Science; Social Sciences"
200;21101129622;"JMIR Infodemiology";journal;"25641891";"JMIR Publications Inc.";Yes;No;0,931;Q2;19;40;70;1973;292;69;4,17;49,33;54,04;4;Canada;Northern America;"JMIR Publications Inc.";"2021-2025";"Health Policy (Q1); Computer Science Applications (Q2); Health Informatics (Q2); Health Information Management (Q2)";"Computer Science; Health Professions; Medicine"
201;21101020024;"Big Earth Data";journal;"20964471, 25745417";"Taylor and Francis Ltd.";Yes;No;0,928;Q2;34;40;89;2717;377;59;4,28;67,93;33,04;3;United Kingdom;Western Europe;"Taylor and Francis Ltd.";"2017-2026";"Computers in Earth Sciences (Q1); Computer Science Applications (Q2)";"Computer Science; Earth and Planetary Sciences"
202;19700201402;"Annals of GIS";journal;"19475691, 19475683";"Taylor and Francis Ltd.";Yes;No;0,923;Q2;50;35;96;2049;441;89;2,94;58,54;35,40;1;United Kingdom;Western Europe;"Taylor and Francis Ltd.";"2009-2026";"Earth and Planetary Sciences (miscellaneous) (Q1); Computer Science Applications (Q2)";"Computer Science; Earth and Planetary Sciences"
203;3200147819;"Pervasive and Mobile Computing";journal;"15741192";"Elsevier B.V.";No;No;0,915;Q2;87;56;228;2867;978;214;3,83;51,20;28,50;1;Netherlands;Western Europe;"Elsevier B.V.";"2005-2026";"Applied Mathematics (Q1); Computer Networks and Communications (Q1); Computer Science (miscellaneous) (Q1); Information Systems (Q1); Computer Science Applications (Q2); Hardware and Architecture (Q2); Software (Q2)";"Computer Science; Mathematics"
204;24756;"Match";journal;"03406253";"University of Kragujevac, Faculty of Science";No;No;0,911;Q2;77;78;211;1926;455;211;2,48;24,69;33,73;0;Serbia;Eastern Europe;"University of Kragujevac, Faculty of Science";"1990, 1996-2026";"Applied Mathematics (Q1); Chemistry (miscellaneous) (Q1); Computational Theory and Mathematics (Q2); Computer Science Applications (Q2)";"Chemistry; Computer Science; Mathematics"
205;14414;"Journal of Process Control";journal;"09591524";"Elsevier Ltd";No;No;0,908;Q2;138;167;430;7183;1846;430;3,81;43,01;22,95;1;United Kingdom;Western Europe;"Elsevier Ltd";"1991-2026";"Industrial and Manufacturing Engineering (Q1); Modeling and Simulation (Q1); Computer Science Applications (Q2); Control and Systems Engineering (Q2)";"Computer Science; Engineering; Mathematics"
206;21101060163;"Virtual Reality and Intelligent Hardware";journal;"20965796, 26661209";"KeAi Communications Co.";Yes;No;0,907;Q2;30;38;114;1498;491;107;3,91;39,42;25,74;0;China;Asiatic Region;"KeAi Communications Co.";"2019-2025";"Computer Graphics and Computer-Aided Design (Q1); Computer Science Applications (Q2); Human-Computer Interaction (Q2)";"Computer Science"
207;23087;"Algorithmica";journal;"14320541, 01784617";"Springer New York";No;No;0,905;Q2;87;136;405;4537;616;393;1,52;33,36;19,35;1;United States;Northern America;"Springer New York";"1986-2026";"Applied Mathematics (Q1); Computer Science (miscellaneous) (Q1); Computer Science Applications (Q2)";"Computer Science; Mathematics"
208;21101049065;"International Journal of Interactive Multimedia and Artificial Intelligence";journal;"19891660";"Universidad Internacional de la Rioja";Yes;Yes;0,904;Q2;31;64;194;2654;686;180;3,22;41,47;15,79;1;Spain;Western Europe;"Universidad Internacional de la Rioja";"2019-2025";"Statistics and Probability (Q1); Artificial Intelligence (Q2); Computer Networks and Communications (Q2); Computer Science Applications (Q2); Computer Vision and Pattern Recognition (Q2); Signal Processing (Q2)";"Computer Science; Mathematics"
209;24600;"Computers and Chemical Engineering";journal;"00981354";"Elsevier B.V.";No;No;0,903;Q2;170;298;1103;15482;5057;1096;4,27;51,95;21,04;1;United Kingdom;Western Europe;"Elsevier B.V.";"1977-2026";"Chemical Engineering (miscellaneous) (Q1); Computer Science Applications (Q2)";"Chemical Engineering; Computer Science"
210;21100258404;"Applied Clinical Informatics";journal;"18690327";"Georg Thieme Verlag";No;No;0,900;Q2;53;104;374;3628;903;362;2,09;34,88;49,86;6;Germany;Western Europe;"Georg Thieme Verlag";"2009-2026";"Computer Science Applications (Q2); Health Informatics (Q2); Health Information Management (Q2)";"Computer Science; Health Professions; Medicine"
211;17223;"Journal of Digital Imaging";journal;"1618727X, 08971889";"Springer Nature";No;No;0,900;Q2;0;0;0;0;0;0;0,00;0,00;0,00;0;Switzerland;Western Europe;"Springer Nature";"1988-2023";"Radiological and Ultrasound Technology (Q1); Radiology, Nuclear Medicine and Imaging (Q1); Computer Science Applications (Q2)";"Computer Science; Health Professions; Medicine"
212;12100154405;"IEEE Transactions on Haptics";journal;"23294051, 19391412";"Institute of Electrical and Electronics Engineers Inc.";No;No;0,896;Q2;76;93;256;3859;834;251;2,70;41,49;29,80;0;United States;Northern America;"Institute of Electrical and Electronics Engineers Inc.";"2008-2026";"Computer Science Applications (Q2); Human-Computer Interaction (Q2)";"Computer Science"
213;21101082054;"Journal of Safety Science and Resilience";journal;"26664496, 20967527";"KeAi Communications Co.";Yes;No;0,895;Q2;25;39;80;2037;469;76;4,46;52,23;41,98;2;China;Asiatic Region;"KeAi Communications Co.";"2020-2026";"Safety Research (Q1); Safety, Risk, Reliability and Quality (Q1); Statistics, Probability and Uncertainty (Q1); Computer Science Applications (Q2); Management Science and Operations Research (Q2)";"Computer Science; Decision Sciences; Engineering; Social Sciences"
214;6300153121;"Journal of Theoretical and Applied Electronic Commerce Research";journal;"07181876";"Multidisciplinary Digital Publishing Institute (MDPI)";Yes;Yes;0,892;Q2;63;113;297;8356;2037;290;6,79;73,95;41,01;1;Switzerland;Western Europe;"Multidisciplinary Digital Publishing Institute (MDPI)";"2006-2026";"Business, Management and Accounting (miscellaneous) (Q1); Computer Science Applications (Q2)";"Business, Management and Accounting; Computer Science"
215;20606;"Journal of Forecasting";journal;"02776693, 1099131X";"John Wiley and Sons Ltd";No;No;0,885;Q2;74;118;257;5869;883;257;2,81;49,74;20,80;13;United Kingdom;Western Europe;"John Wiley and Sons Ltd";"1982-2026";"Modeling and Simulation (Q1); Computer Science Applications (Q2); Economics and Econometrics (Q2); Management Science and Operations Research (Q2); Statistics, Probability and Uncertainty (Q2); Strategy and Management (Q2)";"Business, Management and Accounting; Computer Science; Decision Sciences; Economics, Econometrics and Finance; Mathematics"
216;27188;"Language Learning and Technology";journal;"10943501";"";Yes;Yes;0,882;Q2;102;42;77;2131;298;76;2,88;50,74;52,70;0;United States;Northern America;"";"1997-2025";"Education (Q1); Linguistics and Language (Q1); Computer Science Applications (Q2)";"Computer Science; Social Sciences"
217;17600155397;"International Journal of Design";journal;"1994036X, 19913761";"Chinese Institute of Design";Yes;No;0,876;Q2;59;18;60;1247;182;59;2,65;69,28;52,46;0;Taiwan;Asiatic Region;"Chinese Institute of Design";"2007-2025";"Computer Graphics and Computer-Aided Design (Q1); Industrial and Manufacturing Engineering (Q1); Visual Arts and Performing Arts (Q1); Computer Science Applications (Q2); Marketing (Q2); Strategy and Management (Q2)";"Arts and Humanities; Business, Management and Accounting; Computer Science; Engineering"
218;15386;"Online Information Review";journal;"14684527, 14684535";"Emerald Publishing";No;No;0,876;Q2;85;75;228;4696;996;223;4,08;62,61;44,83;0;United Kingdom;Western Europe;"Emerald Publishing";"1980-1995, 1997, 1999-2026";"Information Systems (Q1); Library and Information Sciences (Q1); Computer Science Applications (Q2)";"Computer Science; Social Sciences"
219;10900153330;"Enterprise Information Systems";journal;"17517583, 17517575";"Taylor and Francis Ltd.";No;No;0,875;Q2;69;65;229;4566;1196;216;5,01;70,25;29,07;4;United Kingdom;Western Europe;"Taylor and Francis Ltd.";"2007-2026";"Information Systems and Management (Q1); Computer Science Applications (Q2)";"Computer Science; Decision Sciences"
220;21100901156;"Journal of Reliable Intelligent Environments";journal;"21994668, 21994676";"Springer International Publishing AG";No;No;0,874;Q2;33;31;75;1533;358;63;5,27;49,45;26,00;0;Switzerland;Western Europe;"Springer International Publishing AG";"2015-2026";"Computer Science (miscellaneous) (Q1); Artificial Intelligence (Q2); Computer Networks and Communications (Q2); Computer Science Applications (Q2); Renewable Energy, Sustainability and the Environment (Q2)";"Computer Science; Energy"
221;21100945714;"Methods, Data, Analyses";journal;"21904936, 18646956";"GESIS - Leibniz Institute for the Social Sciences";Yes;Yes;0,873;Q2;11;12;29;639;55;28;1,76;53,25;25,81;1;Germany;Western Europe;"GESIS - Leibniz Institute for the Social Sciences";"2019-2025";"Applied Mathematics (Q1); Modeling and Simulation (Q1); Applied Psychology (Q2); Computer Science Applications (Q2); Statistics and Probability (Q2); Statistics, Probability and Uncertainty (Q2)";"Computer Science; Decision Sciences; Mathematics; Psychology"
222;4700152622;"TechTrends";journal;"15597075, 87563894";"Springer";No;No;0,871;Q2;71;113;333;4814;1113;281;2,87;42,60;54,69;7;United States;Northern America;"Springer";"1982, 1985-1996, 2000, 2002, 2004, 2006-2026";"Education (Q1); Computer Science Applications (Q2)";"Computer Science; Social Sciences"
223;21100356018;"Big Data Research";journal;"22145796, 2214580X";"Elsevier Inc.";No;No;0,869;Q2;51;24;146;1104;780;143;5,20;46,00;30,23;0;United States;Northern America;"Elsevier Inc.";"2014-2026";"Information Systems (Q1); Information Systems and Management (Q1); Management Information Systems (Q1); Computer Science Applications (Q2)";"Business, Management and Accounting; Computer Science; Decision Sciences"
224;21096;"Mechatronics";journal;"09574158";"Elsevier Ltd";No;No;0,869;Q2;116;120;305;4185;1207;300;3,90;34,88;18,71;1;United Kingdom;Western Europe;"Elsevier Ltd";"1991-2026";"Electrical and Electronic Engineering (Q1); Mechanical Engineering (Q1); Computer Science Applications (Q2); Control and Systems Engineering (Q2)";"Computer Science; Engineering"
225;21101090720;"Frontiers in Digital Health";journal;"2673253X";"Frontiers Media SA";Yes;No;0,864;Q2;49;261;512;11600;1846;493;3,44;44,44;46,72;22;Switzerland;Western Europe;"Frontiers Media SA";"2019-2026";"Biomedical Engineering (Q1); Computer Science Applications (Q2); Health Informatics (Q2); Medicine (miscellaneous) (Q2)";"Computer Science; Engineering; Medicine"
226;12342;"International Journal of Control";journal;"00207179, 13665820";"Taylor and Francis Ltd.";No;No;0,862;Q2;135;253;841;9084;1885;838;2,05;35,91;23,60;0;United Kingdom;Western Europe;"Taylor and Francis Ltd.";"1965-2026";"Computer Science Applications (Q2); Control and Systems Engineering (Q2)";"Computer Science; Engineering"
227;21100780696;"Big Data";journal;"21676461, 2167647X";"Mary Ann Liebert Inc.";No;No;0,858;Q2;47;34;145;1153;708;139;4,24;33,91;26,56;1;United States;Northern America;"Mary Ann Liebert Inc.";"2013-2026";"Information Systems and Management (Q1); Computer Science Applications (Q2); Information Systems (Q2)";"Computer Science; Decision Sciences"
228;21100269620;"Semantic Web";journal;"15700844, 22104968";"SAGE Publications Ltd";No;No;0,857;Q2;63;25;151;1527;614;146;3,05;61,08;27,52;0;United Kingdom;Western Europe;"SAGE Publications Ltd";"2010-2025";"Computer Networks and Communications (Q2); Computer Science Applications (Q2); Information Systems (Q2)";"Computer Science"
229;4700152490;"International Journal of Computer Assisted Radiology and Surgery";journal;"18616410, 18616429";"Springer Science and Business Media Deutschland GmbH";No;No;0,853;Q2;78;240;651;6105;2313;640;3,16;25,44;24,18;3;Germany;Western Europe;"Springer Science and Business Media Deutschland GmbH";"2006-2026";"Computer Graphics and Computer-Aided Design (Q1); Radiology, Nuclear Medicine and Imaging (Q1); Surgery (Q1); Biomedical Engineering (Q2); Computer Science Applications (Q2); Computer Vision and Pattern Recognition (Q2); Health Informatics (Q2); Medicine (miscellaneous) (Q2)";"Computer Science; Engineering; Medicine"
230;20608;"Journal of Global Information Management";journal;"10627375, 15337995";"IGI Publishing";No;No;0,838;Q2;55;108;233;7407;1063;233;4,64;68,58;36,75;0;United States;Northern America;"IGI Publishing";"2002-2026";"Business and International Management (Q1); Computer Science Applications (Q2); E-learning (Q2); Information Systems and Management (Q2); Management Science and Operations Research (Q2); Strategy and Management (Q2)";"Business, Management and Accounting; Computer Science; Decision Sciences; Social Sciences"
231;19700200806;"American Journal of Distance Education";journal;"08923647, 15389286";"Taylor and Francis Ltd.";No;No;0,836;Q2;38;28;78;890;272;65;1,96;31,79;44,90;2;United States;Northern America;"Taylor and Francis Ltd.";"1987-1996, 1998-1999, 2001, 2008-2026";"Education (Q1); Computer Science Applications (Q2)";"Computer Science; Social Sciences"
232;21101092530;"IET Quantum Communication";journal;"26328925";"John Wiley and Sons Inc";Yes;No;0,835;Q2;18;20;58;1080;261;52;3,70;54,00;20,34;2;United States;Northern America;"John Wiley and Sons Inc";"2020-2026";"Computational Theory and Mathematics (Q2); Computer Networks and Communications (Q2); Computer Science Applications (Q2); Electrical and Electronic Engineering (Q2); Theoretical Computer Science (Q2)";"Computer Science; Engineering; Mathematics"
233;21100855505;"Journal of Cybersecurity";journal;"20572093";"Oxford University Press";Yes;No;0,833;Q2;38;24;67;1411;311;67;4,48;58,79;32,91;6;United Kingdom;Western Europe;"Oxford University Press";"2015-2026";"Computer Science (miscellaneous) (Q1); Law (Q1); Political Science and International Relations (Q1); Safety Research (Q1); Safety, Risk, Reliability and Quality (Q1); Computer Networks and Communications (Q2); Computer Science Applications (Q2); Hardware and Architecture (Q2); Information Systems (Q2); Social Psychology (Q2); Software (Q2)";"Computer Science; Engineering; Psychology; Social Sciences"
234;21100397403;"EPJ Data Science";journal;"21931127";"Springer Science + Business Media";Yes;No;0,829;Q2;54;61;151;3484;578;151;3,39;57,11;30,47;10;United States;Northern America;"Springer Science + Business Media";"2012-2026";"Modeling and Simulation (Q1); Computational Mathematics (Q2); Computer Science Applications (Q2)";"Computer Science; Mathematics"
235;14523;"Multibody System Dynamics";journal;"13845640, 1573272X";"Springer Netherlands";No;No;0,823;Q2;80;59;156;2675;497;154;2,91;45,34;19,51;0;Netherlands;Western Europe;"Springer Netherlands";"1997-2026";"Aerospace Engineering (Q1); Control and Optimization (Q1); Mechanical Engineering (Q1); Modeling and Simulation (Q1); Computer Science Applications (Q2)";"Computer Science; Engineering; Mathematics"
236;21101020112;"Big Data and Cognitive Computing";journal;"25042289";"Multidisciplinary Digital Publishing Institute (MDPI)";Yes;No;0,820;Q2;59;183;279;9997;1668;278;5,84;54,63;30,99;9;Switzerland;Western Europe;"Multidisciplinary Digital Publishing Institute (MDPI)";"2017-2026";"Artificial Intelligence (Q2); Computer Science Applications (Q2); Information Systems (Q2); Management Information Systems (Q2)";"Business, Management and Accounting; Computer Science"
237;4100151705;"Informatics in Education";journal;"16485831";"Vilnius University Institute of Data Science and Digital Technologies";Yes;Yes;0,813;Q2;38;30;93;1696;358;92;3,19;56,53;30,00;1;Lithuania;Eastern Europe;"Vilnius University Institute of Data Science and Digital Technologies";"2006-2025";"Communication (Q1); Education (Q1); Computer Science Applications (Q2)";"Computer Science; Social Sciences"
238;21100868821;"Frontiers in Robotics and AI";journal;"22969144";"Frontiers Media SA";Yes;No;0,809;Q2;81;259;997;12817;3867;927;3,27;49,49;28,37;12;Switzerland;Western Europe;"Frontiers Media SA";"2014-2026";"Artificial Intelligence (Q2); Computer Science Applications (Q2)";"Computer Science"
239;21101032719;"Forensic Science International: Digital Investigation";journal;"26662817, 26662825";"Elsevier Ltd";No;No;0,808;Q2;72;89;266;2992;1006;249;3,28;33,62;17,79;4;United Kingdom;Western Europe;"Elsevier Ltd";"2020-2026";"Law (Q1); Medical Laboratory Technology (Q1); Pathology and Forensic Medicine (Q1); Computer Science Applications (Q2); Information Systems (Q2)";"Computer Science; Health Professions; Medicine; Social Sciences"
240;25531;"IEEE Multimedia";journal;"1070986X, 19410166";"IEEE Computer Society";No;No;0,807;Q2;78;42;136;885;442;129;2,77;21,07;30,20;0;United States;Northern America;"IEEE Computer Society";"1994-2026";"Media Technology (Q1); Computer Science Applications (Q2); Hardware and Architecture (Q2); Signal Processing (Q2); Software (Q2)";"Computer Science; Engineering"
241;21100775590;"Games for Health Journal";journal;"21617856, 2161783X";"Mary Ann Liebert Inc.";No;No;0,804;Q2;56;50;143;2308;513;141;2,85;46,16;48,57;5;United States;Northern America;"Mary Ann Liebert Inc.";"2012-2025";"Health (social science) (Q1); Rehabilitation (Q1); Computer Science Applications (Q2); Public Health, Environmental and Occupational Health (Q2)";"Computer Science; Medicine; Social Sciences"
242;21101107986;"Frontiers in Virtual Reality";journal;"26734192";"Frontiers Media SA";Yes;No;0,803;Q2;47;130;403;6845;1752;381;3,99;52,65;32,96;7;Switzerland;Western Europe;"Frontiers Media SA";"2020-2026";"Computer Graphics and Computer-Aided Design (Q2); Computer Science Applications (Q2); Human-Computer Interaction (Q2)";"Computer Science"
243;21100836334;"Publications";journal;"23046775";"Multidisciplinary Digital Publishing Institute (MDPI)";Yes;No;0,793;Q2;32;51;157;2103;689;150;5,26;41,24;40,98;3;Switzerland;Western Europe;"Multidisciplinary Digital Publishing Institute (MDPI)";"2013-2025";"Communication (Q1); Library and Information Sciences (Q1); Media Technology (Q1); Business and International Management (Q2); Computer Science Applications (Q2)";"Business, Management and Accounting; Computer Science; Engineering; Social Sciences"
244;18145;"CAD Computer Aided Design";journal;"00104485";"Elsevier Ltd";No;No;0,791;Q2;135;108;270;5236;976;265;3,37;48,48;22,47;0;United Kingdom;Western Europe;"Elsevier Ltd";"1968-2026";"Industrial and Manufacturing Engineering (Q1); Computer Graphics and Computer-Aided Design (Q2); Computer Science Applications (Q2)";"Computer Science; Engineering"
245;21100824034;"Virtual Archaeology Review";journal;"19899947";"Universidad Politecnica de Valencia";Yes;No;0,787;Q2;22;18;61;1005;175;60;2,50;55,83;40,35;2;Spain;Western Europe;"Universidad Politecnica de Valencia";"2017-2026";"Archeology (Q1); Archeology (arts and humanities) (Q1); Conservation (Q1); Computer Science Applications (Q2)";"Arts and Humanities; Computer Science; Social Sciences"
246;145663;"Language Resources and Evaluation";journal;"1574020X, 15740218";"Springer Science and Business Media B.V.";No;No;0,786;-;70;62;127;3261;541;126;4,14;52,60;32,81;2;Netherlands;Western Europe;"Springer Science and Business Media B.V.";"1996-2002, 2005-2026";"Education (Q1); Library and Information Sciences (Q1); Linguistics and Language (Q1)";"Social Sciences"
247;21101041846;"Journal of Computer Applications in Archaeology";journal;"25148362";"Ubiquity Press";Yes;No;0,779;Q2;19;10;53;608;153;53;2,12;60,80;36,00;0;United Kingdom;Western Europe;"Ubiquity Press";"2018-2025";"Archeology (Q1); Archeology (arts and humanities) (Q1); Computer Science Applications (Q2)";"Arts and Humanities; Computer Science; Social Sciences"
248;21101076323;"Digital Geography and Society";journal;"26663783";"Elsevier Ltd";Yes;No;0,777;Q2;17;26;39;1849;138;38;3,55;71,12;60,71;2;United Kingdom;Western Europe;"Elsevier Ltd";"2020-2026";"Development (Q1); Geography, Planning and Development (Q1); Social Sciences (miscellaneous) (Q1); Computer Science Applications (Q2); Information Systems (Q2)";"Computer Science; Social Sciences"
249;21101076317;"Intelligence-Based Medicine";journal;"26665212";"Elsevier B.V.";Yes;No;0,773;Q2;21;38;47;1878;208;44;2,32;49,42;33,10;2;Netherlands;Western Europe;"Elsevier B.V.";"2020, 2022-2026";"Artificial Intelligence (Q2); Computer Science Applications (Q2); Health Informatics (Q2); Medicine (miscellaneous) (Q2)";"Computer Science; Medicine"
250;21100229165;"Research in Learning Technology";journal;"21567077, 21567069";"Association for Learning Technology";Yes;Yes;0,771;Q2;45;25;84;991;335;83;3,34;39,64;46,97;0;United Kingdom;Western Europe;"Association for Learning Technology";"2012-2025";"Education (Q1); Computer Science Applications (Q2)";"Computer Science; Social Sciences"
251;23671;"Speech Communication";journal;"01676393";"Elsevier B.V.";No;No;0,769;Q2;123;85;220;5221;994;220;3,83;61,42;38,14;0;Netherlands;Western Europe;"Elsevier B.V.";"1982-2026";"Communication (Q1); Linguistics and Language (Q1); Computer Science Applications (Q2); Computer Vision and Pattern Recognition (Q2); Modeling and Simulation (Q2); Software (Q2)";"Computer Science; Mathematics; Social Sciences"
252;19700175167;"Frontiers in Neuroinformatics";journal;"16625196";"Frontiers Media SA";Yes;No;0,768;Q2;88;91;279;4747;888;270;2,92;52,16;33,15;2;Switzerland;Western Europe;"Frontiers Media SA";"2007-2026";"Biomedical Engineering (Q2); Computer Science Applications (Q2); Neuroscience (miscellaneous) (Q3)";"Computer Science; Engineering; Neuroscience"
253;20952;"Journal of Computing and Information Science in Engineering";journal;"15309827";"The American Society of Mechanical Engineers(ASME)";No;No;0,768;Q2;66;105;256;5324;914;249;3,36;50,70;18,96;1;United States;Northern America;"The American Society of Mechanical Engineers(ASME)";"2001-2026";"Industrial and Manufacturing Engineering (Q1); Computer Graphics and Computer-Aided Design (Q2); Computer Science Applications (Q2); Software (Q2)";"Computer Science; Engineering"
254;21100924250;"Digital Health";journal;"20552076";"SAGE Publications Inc.";Yes;No;0,767;Q2;54;574;528;29905;1884;517;3,12;52,10;48,30;36;United Kingdom;Western Europe;"SAGE Publications Inc.";"2015, 2018-2026";"Computer Science Applications (Q2); Health Informatics (Q2); Health Information Management (Q2); Health Policy (Q2)";"Computer Science; Health Professions; Medicine"
255;19124;"Queueing Systems";journal;"15729443, 02570130";"Springer Netherlands";No;No;0,762;Q2;61;34;227;1004;191;110;0,70;29,53;20,29;0;Netherlands;Western Europe;"Springer Netherlands";"1986-2026";"Computational Theory and Mathematics (Q2); Computer Science Applications (Q2); Management Science and Operations Research (Q2); Statistics and Probability (Q2)";"Computer Science; Decision Sciences; Mathematics"
256;21100824892;"Law, Innovation and Technology";journal;"1757997X, 17579961";"Taylor and Francis Ltd.";No;No;0,761;Q2;31;23;50;0;171;49;3,58;0,00;40,00;6;United Kingdom;Western Europe;"Taylor and Francis Ltd.";"2009-2026";"Computer Science (miscellaneous) (Q1); Law (Q1); Artificial Intelligence (Q2); Biotechnology (Q2); Computer Science Applications (Q2)";"Biochemistry, Genetics and Molecular Biology; Computer Science; Social Sciences"
257;21101017244;"Drones";journal;"2504446X";"Multidisciplinary Digital Publishing Institute (MDPI)";Yes;No;0,760;Q2;75;706;654;34939;3909;647;5,73;49,49;26,72;19;Switzerland;Western Europe;"Multidisciplinary Digital Publishing Institute (MDPI)";"2017-2026";"Aerospace Engineering (Q1); Artificial Intelligence (Q2); Computer Science Applications (Q2); Control and Systems Engineering (Q2); Information Systems (Q2)";"Computer Science; Engineering"
258;21100780477;"Informatics in Medicine Unlocked";journal;"23529148";"Elsevier Ltd";Yes;No;0,758;-;76;272;786;14118;4331;780;4,18;51,90;37,78;2;United Kingdom;Western Europe;"Elsevier Ltd";"2015-2026";"Health Informatics (Q2)";"Medicine"
259;19900192734;"Advances and Applications in Bioinformatics and Chemistry";journal;"11786949";"Dove Medical Press Ltd";Yes;No;0,755;Q2;21;6;19;371;76;19;3,44;61,83;53,13;0;New Zealand;Pacific Region;"Dove Medical Press Ltd";"2008-2025";"Chemistry (miscellaneous) (Q1); Biochemistry (Q2); Biochemistry, Genetics and Molecular Biology (miscellaneous) (Q2); Computer Science Applications (Q2)";"Biochemistry, Genetics and Molecular Biology; Chemistry; Computer Science"
260;21101061989;"Data Intelligence";journal;"2641435X, 20967004";"Science Press";Yes;Yes;0,754;Q2;31;50;145;1984;459;128;1,93;39,68;31,11;6;China;Asiatic Region;"Science Press";"2019-2025";"Library and Information Sciences (Q1); Artificial Intelligence (Q2); Computer Science Applications (Q2); Information Systems (Q2)";"Computer Science; Social Sciences"
261;21101041933;"IET Collaborative Intelligent Manufacturing";journal;"25168398";"John Wiley &amp; Sons Inc.";Yes;No;0,754;Q2;21;24;76;1203;259;71;3,14;50,13;34,78;1;United States;Northern America;"John Wiley &amp; Sons Inc.";"2019-2026";"Industrial and Manufacturing Engineering (Q1); Artificial Intelligence (Q2); Computer Science Applications (Q2); Hardware and Architecture (Q2)";"Computer Science; Engineering"
262;21100894112;"Journal of Digital Learning in Teacher Education";journal;"21532974, 23327383";"Taylor and Francis Ltd.";No;No;0,753;Q2;39;19;65;814;168;47;2,11;42,84;66,67;0;United Kingdom;Western Europe;"Taylor and Francis Ltd.";"2010-2026";"Education (Q1); Computer Science Applications (Q2)";"Computer Science; Social Sciences"
263;145056;"International Journal of Distance Education Technologies";journal;"15393119, 15393100";"IGI Global";No;No;0,751;Q2;27;7;44;321;193;44;6,13;45,86;30,77;0;United States;Northern America;"IGI Global";"2003-2026";"Education (Q1); Computer Networks and Communications (Q2); Computer Science Applications (Q2); E-learning (Q2)";"Computer Science; Social Sciences"
264;19700175286;"Evolving Systems";journal;"18686486, 18686478";"";No;No;0,746;Q2;47;61;176;3166;716;172;3,98;51,90;23,21;0;Germany;Western Europe;"";"2010-2026";"Computer Science Applications (Q2); Control and Optimization (Q2); Control and Systems Engineering (Q2); Modeling and Simulation (Q2)";"Computer Science; Engineering; Mathematics"
265;21101062832;"Frontiers in Computer Science";journal;"26249898";"Frontiers Media SA";Yes;No;0,746;Q2;37;176;355;9827;1129;325;2,83;55,84;34,97;3;Switzerland;Western Europe;"Frontiers Media SA";"2019-2026";"Computer Science (miscellaneous) (Q1); Computer Science Applications (Q2); Computer Vision and Pattern Recognition (Q2); Human-Computer Interaction (Q2)";"Computer Science"
266;88345;"Journal of Global Optimization";journal;"09255001, 15732916";"Springer Netherlands";No;No;0,743;Q2;105;123;370;4792;729;363;1,93;38,96;23,99;2;Netherlands;Western Europe;"Springer Netherlands";"1991-2026";"Applied Mathematics (Q2); Business, Management and Accounting (miscellaneous) (Q2); Computer Science Applications (Q2); Control and Optimization (Q2); Management Science and Operations Research (Q2)";"Business, Management and Accounting; Computer Science; Decision Sciences; Mathematics"
267;21100855984;"Advanced Modeling and Simulation in Engineering Sciences";journal;"22137467";"SpringerOpen";Yes;No;0,741;Q2;29;17;98;983;343;98;2,23;57,82;17,86;0;United Kingdom;Western Europe;"SpringerOpen";"2014-2026";"Engineering (miscellaneous) (Q1); Applied Mathematics (Q2); Computer Science Applications (Q2); Modeling and Simulation (Q2)";"Computer Science; Engineering; Mathematics"
268;21101017225;"International Journal of Data Science and Analytics";journal;"2364415X, 23644168";"Springer International Publishing";No;No;0,739;Q2;43;57;145;3065;608;140;5,32;53,77;27,65;4;Switzerland;Western Europe;"Springer International Publishing";"2016-2026";"Applied Mathematics (Q2); Computational Theory and Mathematics (Q2); Computer Science Applications (Q2); Information Systems (Q2); Modeling and Simulation (Q2)";"Computer Science; Mathematics"
269;21101083126;"ACM Transactions on Internet of Things";journal;"25776207";"Association for Computing Machinery";No;No;0,738;Q2;19;33;59;1953;211;58;4,41;59,18;25,53;0;United States;Northern America;"Association for Computing Machinery";"2020-2026";"Computer Networks and Communications (Q2); Computer Science Applications (Q2); Hardware and Architecture (Q2); Information Systems (Q2); Software (Q2)";"Computer Science"
270;15072;"Journal of Information Technology in Construction";journal;"18744753";"International Council for Research and Innovation in Building and Construction";Yes;Yes;0,733;Q2;68;40;140;2441;637;140;4,39;61,03;34,45;1;Canada;Northern America;"International Council for Research and Innovation in Building and Construction";"1995-2025";"Building and Construction (Q1); Civil and Structural Engineering (Q2); Computer Science Applications (Q2)";"Computer Science; Engineering"
271;21101145560;"Computer Methods and Programs in Biomedicine Update";journal;"26669900";"Elsevier B.V.";Yes;No;0,731;Q2;29;38;75;1459;376;73;5,01;38,39;43,96;0;Netherlands;Western Europe;"Elsevier B.V.";"2021-2026";"Computer Science (miscellaneous) (Q1); Biomedical Engineering (Q2); Computer Science Applications (Q2); Medicine (miscellaneous) (Q2)";"Computer Science; Engineering; Medicine"
272;21100241218;"Astronomy and Computing";journal;"22131337";"Elsevier B.V.";No;No;0,729;Q2;41;72;173;3498;412;173;2,00;48,58;25,34;0;Netherlands;Western Europe;"Elsevier B.V.";"2013-2026";"Astronomy and Astrophysics (Q2); Computer Science Applications (Q2); Space and Planetary Science (Q2)";"Computer Science; Earth and Planetary Sciences; Physics and Astronomy"
273;21100916532;"International Journal of Telerehabilitation";journal;"19452020";"";Yes;Yes;0,722;Q2;18;23;63;653;194;56;1,93;28,39;69,15;1;United States;Northern America;"";"2010, 2019-2025";"Rehabilitation (Q1); Computer Science Applications (Q2); Health Informatics (Q2); Health Information Management (Q2)";"Computer Science; Health Professions; Medicine"
274;57810;"Journal of Cultural Heritage";journal;"12962074";"Elsevier Masson s.r.l.";No;No;0,722;Q2;98;174;507;8957;2138;505;3,97;51,48;48,19;0;France;Western Europe;"Elsevier Masson s.r.l.";"2000-2026";"Anthropology (Q1); Archeology (arts and humanities) (Q1); Conservation (Q1); Economics, Econometrics and Finance (miscellaneous) (Q1); History (Q1); Chemistry (miscellaneous) (Q2); Computer Science Applications (Q2); Materials Science (miscellaneous) (Q2); Spectroscopy (Q2)";"Arts and Humanities; Chemistry; Computer Science; Economics, Econometrics and Finance; Materials Science; Social Sciences"
275;21100398003;"International Journal of Information and Learning Technology";journal;"20564899, 20564880";"Emerald Group Publishing Ltd.";No;No;0,721;Q2;50;39;88;1977;370;87;3,44;50,69;45,83;0;United Kingdom;Western Europe;"Emerald Group Publishing Ltd.";"2015-2026";"Education (Q1); Computer Networks and Communications (Q2); Computer Science Applications (Q2)";"Computer Science; Social Sciences"
276;21101083109;"SN Computer Science";journal;"2662995X, 26618907";"Springer";No;No;0,721;Q2;65;850;1352;33194;6111;1348;4,43;39,05;29,73;7;Singapore;Asiatic Region;"Springer";"2020-2026";"Artificial Intelligence (Q2); Computational Theory and Mathematics (Q2); Computer Graphics and Computer-Aided Design (Q2); Computer Networks and Communications (Q2); Computer Science Applications (Q2); Computer Science (miscellaneous) (Q2)";"Computer Science"
277;20966;"Journal of Manufacturing Science and Engineering";journal;"10871357, 15288935";"American Society of Mechanical Engineers (ASME)";No;No;0,719;Q2;125;156;474;7370;1711;473;2,80;47,24;20,04;1;United States;Northern America;"American Society of Mechanical Engineers (ASME)";"1960-2026";"Industrial and Manufacturing Engineering (Q1); Mechanical Engineering (Q1); Computer Science Applications (Q2); Control and Systems Engineering (Q2)";"Computer Science; Engineering"
278;19713;"Journal of High Technology Management Research";journal;"10478310";"Elsevier Ltd";No;No;0,715;Q2;59;29;36;1316;171;35;5,45;45,38;25,33;0;United Kingdom;Western Europe;"Elsevier Ltd";"1990-2024";"Computer Science Applications (Q2); Information Systems and Management (Q2); Management of Technology and Innovation (Q2); Marketing (Q2); Strategy and Management (Q2)";"Business, Management and Accounting; Computer Science; Decision Sciences"
279;19700200912;"CALICO Journal";journal;"20569017";"University of Toronto Press";No;No;0,714;Q2;51;20;59;762;122;47;1,63;38,10;46,34;0;United States;Northern America;"University of Toronto Press";"1983-1996, 1998-2025";"Education (Q1); Linguistics and Language (Q1); Computer Science Applications (Q2)";"Computer Science; Social Sciences"
280;35932;"International Journal of Imaging Systems and Technology";journal;"10981098, 08999457";"John Wiley and Sons Inc";No;No;0,706;Q2;67;147;407;6531;1775;404;4,36;44,43;28,96;0;United States;Northern America;"John Wiley and Sons Inc";"1989-1992, 1994-2000, 2002-2026";"Biomedical Engineering (Q2); Computer Science Applications (Q2); Computer Vision and Pattern Recognition (Q2); Electrical and Electronic Engineering (Q2); Electronic, Optical and Magnetic Materials (Q2); Health Informatics (Q2); Radiology, Nuclear Medicine and Imaging (Q2); Software (Q2)";"Computer Science; Engineering; Materials Science; Medicine"
281;21101022413;"International Journal of Information Technology (Singapore)";journal;"25112104, 25112112";"Springer Science + Business Media";No;No;0,705;Q2;59;412;807;14220;3821;790;4,81;34,51;36,66;3;Singapore;Asiatic Region;"Springer Science + Business Media";"2017-2026";"Applied Mathematics (Q2); Artificial Intelligence (Q2); Computational Theory and Mathematics (Q2); Computer Networks and Communications (Q2); Computer Science Applications (Q2); Electrical and Electronic Engineering (Q2); Information Systems (Q2)";"Computer Science; Engineering; Mathematics"
282;20428;"International Journal of Advanced Manufacturing Technology";journal;"02683768, 14333015";"Springer London";No;No;0,696;Q2;188;2143;5663;84384;20365;5658;3,27;39,38;23,04;4;United Kingdom;Western Europe;"Springer London";"1985-2026";"Computer Science Applications (Q2); Control and Systems Engineering (Q2); Industrial and Manufacturing Engineering (Q2); Mechanical Engineering (Q2); Software (Q2)";"Computer Science; Engineering"
283;21101063730;"IET Smart Cities";journal;"26317680";"John Wiley and Sons Inc";Yes;No;0,695;Q2;24;22;75;940;274;60;2,80;42,73;28,57;0;United Kingdom;Western Europe;"John Wiley and Sons Inc";"2019-2026";"Urban Studies (Q1); Artificial Intelligence (Q2); Computer Networks and Communications (Q2); Computer Science Applications (Q2); Control and Systems Engineering (Q2); Electrical and Electronic Engineering (Q2); Software (Q2)";"Computer Science; Engineering; Social Sciences"
284;19700180534;"Interdisciplinary Sciences - Computational Life Sciences";journal;"19132751, 18671462";"Springer Science and Business Media Deutschland GmbH";No;No;0,694;Q2;43;48;187;2214;822;187;4,64;46,13;34,56;0;Germany;Western Europe;"Springer Science and Business Media Deutschland GmbH";"2009-2026";"Biochemistry, Genetics and Molecular Biology (miscellaneous) (Q2); Computer Science Applications (Q2); Health Informatics (Q2)";"Biochemistry, Genetics and Molecular Biology; Computer Science; Medicine"
285;21100894507;"Smart Health";journal;"23526483";"Elsevier B.V.";Yes;No;0,694;Q2;29;42;148;1991;536;147;3,63;47,40;35,44;1;Netherlands;Western Europe;"Elsevier B.V.";"2017-2025";"Computer Science Applications (Q2); Health Informatics (Q2); Health Information Management (Q2); Information Systems (Q2); Medicine (miscellaneous) (Q2)";"Computer Science; Health Professions; Medicine"
286;21101048389;"CCF Transactions on Pervasive Computing and Interaction";journal;"25245228, 2524521X";"Springer Verlag";No;No;0,690;Q2;20;25;85;1272;301;82;2,87;50,88;34,38;0;Germany;Western Europe;"Springer Verlag";"2019-2026";"Artificial Intelligence (Q2); Computer Networks and Communications (Q2); Computer Science Applications (Q2); Human-Computer Interaction (Q2)";"Computer Science"
287;21101023806;"Annals of Data Science";journal;"21985812, 21985804";"Springer Science and Business Media Deutschland GmbH";No;No;0,682;Q2;38;71;144;2741;487;141;3,24;38,61;19,14;2;Germany;Western Europe;"Springer Science and Business Media Deutschland GmbH";"2014-2026";"Artificial Intelligence (Q2); Business, Management and Accounting (miscellaneous) (Q2); Computer Science Applications (Q2); Statistics, Probability and Uncertainty (Q2)";"Business, Management and Accounting; Computer Science; Decision Sciences"
288;25612;"International Journal of Computerized Dentistry";journal;"14634201";"Quintessenz Verlags-GmbH";No;No;0,678;Q2;43;34;126;860;239;116;1,59;25,29;20,34;0;Germany;Western Europe;"Quintessenz Verlags-GmbH";"1998-2025";"Dentistry (miscellaneous) (Q1); Computer Science Applications (Q2); Medicine (miscellaneous) (Q2)";"Computer Science; Dentistry; Medicine"
289;21101077282;"Frontiers in Nanotechnology";journal;"26733013";"Frontiers Media SA";Yes;No;0,677;Q2;35;59;226;3982;1087;214;4,29;67,49;33,88;0;Switzerland;Western Europe;"Frontiers Media SA";"2019-2026";"Atomic and Molecular Physics, and Optics (Q2); Biomedical Engineering (Q2); Computer Science Applications (Q2); Electrical and Electronic Engineering (Q2); Electronic, Optical and Magnetic Materials (Q2)";"Computer Science; Engineering; Materials Science; Physics and Astronomy"
290;21100195304;"Procesamiento del Lenguaje Natural";journal;"19897553, 11355948";"Sociedad Espanola para el Procesamiento del Lenguaje Natural";Yes;Yes;0,677;Q2;25;55;122;1588;355;122;3,78;28,87;37,50;0;Spain;Western Europe;"Sociedad Espanola para el Procesamiento del Lenguaje Natural";"2007, 2009, 2011-2025";"Linguistics and Language (Q1); Computer Science Applications (Q2)";"Computer Science; Social Sciences"
291;21101065510;"Data-Centric Engineering";journal;"26326736";"Cambridge University Press";Yes;No;0,676;Q2;19;30;69;1663;298;68;2,96;55,43;21,62;1;United Kingdom;Western Europe;"Cambridge University Press";"2020-2026";"Engineering (miscellaneous) (Q1); Applied Mathematics (Q2); Computer Science Applications (Q2); Statistics and Probability (Q2)";"Computer Science; Engineering; Mathematics"
292;25022;"IEEE Pervasive Computing";journal;"15361268, 15582590";"Institute of Electrical and Electronics Engineers Inc.";No;No;0,676;Q2;112;37;136;664;268;123;1,89;17,95;25,34;0;United States;Northern America;"Institute of Electrical and Electronics Engineers Inc.";"2002-2026";"Computational Theory and Mathematics (Q2); Computer Science Applications (Q2); Software (Q2)";"Computer Science"
293;21101043571;"Journal of Information and Telecommunication";journal;"24751847, 24751839";"Taylor and Francis Ltd.";Yes;No;0,674;Q2;24;27;82;851;367;81;4,94;31,52;27,50;0;United Kingdom;Western Europe;"Taylor and Francis Ltd.";"2017-2026";"Computer Networks and Communications (Q2); Computer Science Applications (Q2); Computer Science (miscellaneous) (Q2); Electrical and Electronic Engineering (Q2)";"Computer Science; Engineering"
294;21101058018;"Journal of Physics: Complexity";journal;"2632072X";"IOP Publishing Ltd.";Yes;No;0,674;Q2;22;64;168;3261;468;168;2,77;50,95;21,31;0;United Kingdom;Western Europe;"IOP Publishing Ltd.";"2020-2026";"Artificial Intelligence (Q2); Computer Networks and Communications (Q2); Computer Science Applications (Q2); Information Systems (Q2)";"Computer Science"
295;21100897500;"Education Sciences";journal;"22277102";"Multidisciplinary Digital Publishing Institute (MDPI)";Yes;No;0,669;Q2;85;1250;2144;71321;7971;2099;3,47;57,06;57,73;64;Switzerland;Western Europe;"Multidisciplinary Digital Publishing Institute (MDPI)";"2011-2026";"Computer Science Applications (Q2); Computer Science (miscellaneous) (Q2); Developmental and Educational Psychology (Q2); Education (Q2); Physical Therapy, Sports Therapy and Rehabilitation (Q2); Public Administration (Q2)";"Computer Science; Health Professions; Psychology; Social Sciences"
296;24595;"Chemometrics and Intelligent Laboratory Systems";journal;"01697439, 18733239";"Elsevier B.V.";No;No;0,667;Q2;157;198;548;8406;2411;546;4,26;42,45;31,41;4;Netherlands;Western Europe;"Elsevier B.V.";"1986-2026";"Analytical Chemistry (Q2); Computer Science Applications (Q2); Process Chemistry and Technology (Q2); Software (Q2); Spectroscopy (Q2)";"Chemical Engineering; Chemistry; Computer Science"
297;19700177337;"Social Network Analysis and Mining";journal;"18695450, 18695469";"Springer-Verlag Wien";No;No;0,667;Q2;61;151;383;7866;1431;383;3,62;52,09;36,20;6;Austria;Western Europe;"Springer-Verlag Wien";"2011-2026";"Communication (Q1); Media Technology (Q1); Computer Science Applications (Q2); Human-Computer Interaction (Q2); Information Systems (Q2)";"Computer Science; Engineering; Social Sciences"
298;21101042013;"Journal of Educational Data Mining";journal;"21572100";"International Educational Data Mining Society";No;No;0,665;Q2;13;13;37;651;92;34;1,13;50,08;27,50;0;United States;Northern America;"International Educational Data Mining Society";"2019-2025";"Computer Science Applications (Q2); Education (Q2); Artificial Intelligence (Q3)";"Computer Science; Social Sciences"
299;24501;"Computational Geosciences";journal;"15731499, 14200597";"Springer Science and Business Media Deutschland GmbH";No;No;0,663;Q2;86;60;316;2837;855;308;2,63;47,28;21,00;0;Germany;Western Europe;"Springer Science and Business Media Deutschland GmbH";"1997-2026";"Computational Mathematics (Q2); Computational Theory and Mathematics (Q2); Computer Science Applications (Q2); Computers in Earth Sciences (Q2)";"Computer Science; Earth and Planetary Sciences; Mathematics"
300;18300156719;"Journal of Building Performance Simulation";journal;"19401507, 19401493";"Taylor and Francis Ltd.";No;No;0,663;Q2;58;45;139;2197;446;136;2,66;48,82;23,23;1;United Kingdom;Western Europe;"Taylor and Francis Ltd.";"2008-2026";"Architecture (Q1); Building and Construction (Q1); Computer Science Applications (Q2); Modeling and Simulation (Q2)";"Computer Science; Engineering; Mathematics"
301;21100901137;"Journal of Statistical Distributions and Applications";journal;"21955832";"SpringerOpen";Yes;No;0,663;Q2;22;0;23;0;91;23;4,00;0,00;0,00;0;Germany;Western Europe;"SpringerOpen";"2014-2015, 2017-2021";"Computer Science Applications (Q2); Statistics and Probability (Q2); Statistics, Probability and Uncertainty (Q2)";"Computer Science; Decision Sciences; Mathematics"
302;18202;"Eurasip Journal on Wireless Communications and Networking";journal;"16871499, 16871472";"SpringerOpen";Yes;No;0,661;Q2;82;83;566;3240;1772;564;3,17;39,04;26,30;0;United Kingdom;Western Europe;"SpringerOpen";"2004-2026";"Computer Networks and Communications (Q2); Computer Science Applications (Q2); Signal Processing (Q2)";"Computer Science"
303;19200156938;"Transforming Government: People, Process and Policy";journal;"17506166";"Emerald Group Publishing Ltd.";No;No;0,661;Q2;54;44;126;2325;520;121;3,50;52,84;31,19;0;United Kingdom;Western Europe;"Emerald Group Publishing Ltd.";"2007-2026";"Computer Science Applications (Q2); E-learning (Q2); Information Systems and Management (Q2); Public Administration (Q2)";"Computer Science; Decision Sciences; Social Sciences"
304;19400158708;"Entertainment Computing";journal;"18759521";"Elsevier B.V.";No;No;0,659;Q2;47;66;151;3714;612;150;4,03;56,27;30,00;3;Netherlands;Western Europe;"Elsevier B.V.";"2009-2026";"Computer Science Applications (Q2); Human-Computer Interaction (Q2); Software (Q2)";"Computer Science"
305;16319;"IEEE Transactions on Nanobioscience";journal;"15361241, 15582639";"Institute of Electrical and Electronics Engineers Inc.";No;No;0,659;Q2;82;108;198;4764;766;194;4,22;44,11;32,28;0;United States;Northern America;"Institute of Electrical and Electronics Engineers Inc.";"2002-2026";"Bioengineering (Q2); Biomedical Engineering (Q2); Biotechnology (Q2); Computer Science Applications (Q2); Electrical and Electronic Engineering (Q2); Medicine (miscellaneous) (Q2); Nanoscience and Nanotechnology (Q2); Pharmaceutical Science (Q2)";"Biochemistry, Genetics and Molecular Biology; Chemical Engineering; Computer Science; Engineering; Materials Science; Medicine; Pharmacology, Toxicology and Pharmaceutics"
306;22545;"Diqiu Kexue - Zhongguo Dizhi Daxue Xuebao/Earth Science - Journal of China University of Geosciences";journal;"10002383";"China University of Geosciences";No;No;0,658;Q2;61;310;1004;14701;2237;1004;2,32;47,42;30,36;0;China;Asiatic Region;"China University of Geosciences";"1981, 2001-2026";"Earth and Planetary Sciences (miscellaneous) (Q1); Building and Construction (Q2); Computer Science Applications (Q2)";"Computer Science; Earth and Planetary Sciences; Engineering"
307;12984;"Machine Vision and Applications";journal;"14321769, 09328092";"Springer Verlag";No;No;0,657;Q2;84;127;293;6047;1033;290;3,29;47,61;29,75;1;Germany;Western Europe;"Springer Verlag";"1988-2026";"Computer Science Applications (Q2); Computer Vision and Pattern Recognition (Q2); Hardware and Architecture (Q2); Software (Q2)";"Computer Science"
308;21100915697;"Journal of Special Education Technology";journal;"23813121, 01626434";"SAGE Publications Inc.";No;No;0,654;Q2;47;48;103;1845;287;102;2,28;38,44;70,22;5;United States;Northern America;"SAGE Publications Inc.";"1996-2026";"Computer Science Applications (Q2); Education (Q2)";"Computer Science; Social Sciences"
309;22315;"Personal and Ubiquitous Computing";journal;"16174909, 16174917";"Springer London";No;No;0,654;Q2;106;151;245;6217;780;230;2,82;41,17;30,93;2;United Kingdom;Western Europe;"Springer London";"1997-2026";"Library and Information Sciences (Q1); Computer Science Applications (Q2); Hardware and Architecture (Q2); Management Science and Operations Research (Q2)";"Computer Science; Decision Sciences; Social Sciences"
310;21100211117;"Communications in Applied Mathematics and Computational Science";journal;"15593940, 21575452";"Mathematical Sciences Publishers";No;No;0,653;Q2;28;7;19;240;45;19;2,15;34,29;17,65;0;United States;Northern America;"Mathematical Sciences Publishers";"2006-2025";"Applied Mathematics (Q2); Computational Theory and Mathematics (Q2); Computer Science Applications (Q2)";"Computer Science; Mathematics"
311;17600155133;"E-Learning and Digital Media";journal;"20427530, 17418887";"SAGE Publications Inc.";No;No;0,646;Q2;39;31;94;1905;356;94;3,78;61,45;40,54;0;United Kingdom;Western Europe;"SAGE Publications Inc.";"2009-2026";"Computer Science Applications (Q2); Education (Q2)";"Computer Science; Social Sciences"
312;21100855506;"International Journal of E-Planning Research";journal;"21609926, 21609918";"IGI Global Publishing";No;No;0,646;Q2;18;10;55;574;128;55;2,79;57,40;30,00;0;United States;Northern America;"IGI Global Publishing";"2017-2025";"Urban Studies (Q1); Computer Science Applications (Q2); Geography, Planning and Development (Q2)";"Computer Science; Social Sciences"
313;21101087907;"PSU Research Review";journal;"23984007, 23991747";"Emerald Group Holdings Ltd.";Yes;Yes;0,646;Q2;25;12;39;730;242;39;3,96;60,83;33,33;0;United Kingdom;Western Europe;"Emerald Group Holdings Ltd.";"2017-2024";"Economics, Econometrics and Finance (miscellaneous) (Q1); Social Sciences (miscellaneous) (Q1); Business, Management and Accounting (miscellaneous) (Q2); Computer Science Applications (Q2); Education (Q2)";"Business, Management and Accounting; Computer Science; Economics, Econometrics and Finance; Social Sciences"
314;21100201056;"Electronic Journal of e-Learning";journal;"14794403";"Academic Conferences and Publishing International Limited";Yes;No;0,644;Q2;45;33;138;1750;567;134;3,72;53,03;41,98;0;United Kingdom;Western Europe;"Academic Conferences and Publishing International Limited";"2011-2026";"Computer Science Applications (Q2); Education (Q2); E-learning (Q2)";"Computer Science; Social Sciences"
315;21100211334;"Journal of Cognitive Engineering and Decision Making";journal;"21695032, 15553434";"SAGE Publications Inc.";No;No;0,643;Q2;47;18;43;1129;126;42;2,90;62,72;41,33;2;United States;Northern America;"SAGE Publications Inc.";"2007-2026";"Engineering (miscellaneous) (Q1); Applied Psychology (Q2); Computer Science Applications (Q2); Human Factors and Ergonomics (Q2)";"Computer Science; Engineering; Psychology; Social Sciences"
316;17979;"Medical and Biological Engineering and Computing";journal;"17410444, 01400118";"Springer Science and Business Media Deutschland GmbH";No;No;0,641;Q2;120;222;618;10512;2273;618;3,40;47,35;33,74;2;Germany;Western Europe;"Springer Science and Business Media Deutschland GmbH";"1977-2026";"Biomedical Engineering (Q2); Computer Science Applications (Q2)";"Computer Science; Engineering"
317;21100894516;"Journal of Biomedical Informatics: X";journal;"2590177X";"Academic Press Inc.";Yes;No;0,639;Q2;12;0;7;0;28;7;0,00;0,00;0,00;0;United States;Northern America;"Academic Press Inc.";"2019-2020";"Computer Science Applications (Q2); Health Informatics (Q3)";"Computer Science; Medicine"
318;21100791701;"Journal of Pathology Informatics";journal;"22295089, 21533539";"Elsevier B.V.";Yes;No;0,639;Q2;37;68;145;2742;417;138;2,88;40,32;30,73;3;India;Asiatic Region;"Elsevier B.V.";"2010-2026";"Computer Science Applications (Q2); Pathology and Forensic Medicine (Q2); Health Informatics (Q3)";"Computer Science; Medicine"
319;21101113246;"Journal of Technology in Behavioral Science";journal;"23665963";"Springer";No;No;0,638;Q2;28;48;159;2041;469;151;2,78;42,52;65,67;4;United States;Northern America;"Springer";"2016-2026";"Applied Psychology (Q2); Computer Science Applications (Q2); Health (social science) (Q2); Human-Computer Interaction (Q2)";"Computer Science; Psychology; Social Sciences"
320;25479;"International Journal of Control, Automation and Systems";journal;"20054092, 15986446";"Institute of Control, Robotics and Systems";No;No;0,636;Q2;79;356;1006;12974;3306;1005;3,11;36,44;28,20;0;South Korea;Asiatic Region;"Institute of Control, Robotics and Systems";"2003-2026";"Computer Science Applications (Q2); Control and Systems Engineering (Q2)";"Computer Science; Engineering"
321;15069;"World Patent Information";journal;"01722190";"Elsevier Ltd";No;No;0,633;Q2;42;48;95;2558;296;88;2,12;53,29;35,43;2;United Kingdom;Western Europe;"Elsevier Ltd";"1979-2026";"Library and Information Sciences (Q1); Bioengineering (Q2); Computer Science Applications (Q2); Energy Engineering and Power Technology (Q2); Fuel Technology (Q2); Process Chemistry and Technology (Q2); Renewable Energy, Sustainability and the Environment (Q2)";"Chemical Engineering; Computer Science; Energy; Social Sciences"
322;19400157014;"Journal on Computing and Cultural Heritage";journal;"15564711, 15564673";"Association for Computing Machinery";No;No;0,632;Q2;46;72;185;3436;602;183;2,74;47,72;44,63;0;United States;Northern America;"Association for Computing Machinery";"2008-2026";"Conservation (Q1); Computer Graphics and Computer-Aided Design (Q2); Computer Science Applications (Q2); Information Systems (Q2)";"Arts and Humanities; Computer Science"
323;21100853805;"Quantitative Biology";journal;"20954697, 20954689";"John Wiley and Sons Inc";No;No;0,631;Q2;25;38;108;2469;195;97;0,70;64,97;32,26;0;China;Asiatic Region;"John Wiley and Sons Inc";"2013-2026";"Applied Mathematics (Q2); Biochemistry, Genetics and Molecular Biology (miscellaneous) (Q2); Computer Science Applications (Q2); Modeling and Simulation (Q2)";"Biochemistry, Genetics and Molecular Biology; Computer Science; Mathematics"
324;145523;"Cognition, Technology and Work";journal;"14355558, 14355566";"Springer London";No;No;0,629;Q2;59;26;155;1548;525;154;3,56;59,54;31,52;2;United Kingdom;Western Europe;"Springer London";"2002-2026";"Philosophy (Q1); Computer Science Applications (Q2); Human-Computer Interaction (Q2)";"Arts and Humanities; Computer Science"
325;21101142737;"Computational Urban Science";journal;"27306852";"Springer";Yes;Yes;0,627;Q2;21;36;75;2072;280;75;3,73;57,56;35,04;5;Singapore;Asiatic Region;"Springer";"2021-2026";"Urban Studies (Q1); Computer Science Applications (Q2); Environmental Science (miscellaneous) (Q2); Artificial Intelligence (Q3)";"Computer Science; Environmental Science; Social Sciences"
326;19700177406;"Dynamic Games and Applications";journal;"21530785, 21530793";"Springer Nature";No;No;0,627;Q2;33;53;133;2372;239;129;1,86;44,75;16,24;0;United States;Northern America;"Springer Nature";"2011-2026";"Applied Mathematics (Q2); Computational Mathematics (Q2); Computational Theory and Mathematics (Q2); Computer Graphics and Computer-Aided Design (Q2); Computer Science Applications (Q2); Economics and Econometrics (Q2); Statistics and Probability (Q2)";"Computer Science; Economics, Econometrics and Finance; Mathematics"
327;16900154710;"Statistical Analysis and Data Mining";journal;"19321864, 19321872";"John Wiley and Sons Inc";No;No;0,625;Q2;42;38;134;1342;310;133;2,47;35,32;27,55;1;United States;Northern America;"John Wiley and Sons Inc";"2008-2026";"Analysis (Q2); Computer Science Applications (Q2); Information Systems (Q2)";"Computer Science; Mathematics"
328;29114;"Engineering Optimization";journal;"0305215X, 10290273";"Taylor and Francis Ltd.";No;No;0,621;Q2;82;117;366;4064;1116;366;2,81;34,74;21,67;0;United Kingdom;Western Europe;"Taylor and Francis Ltd.";"1974-2026";"Applied Mathematics (Q2); Computer Science Applications (Q2); Control and Optimization (Q2); Industrial and Manufacturing Engineering (Q2); Management Science and Operations Research (Q2)";"Computer Science; Decision Sciences; Engineering; Mathematics"
329;21100857591;"ACM Transactions on Spatial Algorithms and Systems";journal;"23740361, 23740353";"Association for Computing Machinery";No;No;0,620;Q2;24;32;82;1690;207;80;1,58;52,81;24,07;1;United States;Northern America;"Association for Computing Machinery";"2015-2025";"Computer Science Applications (Q2); Discrete Mathematics and Combinatorics (Q2); Geometry and Topology (Q2); Information Systems (Q2); Modeling and Simulation (Q2); Signal Processing (Q2)";"Computer Science; Mathematics"
330;19700200915;"Laboratory Phonology";journal;"18686354, 18686346";"Open Library of Humanities";Yes;Yes;0,619;Q2;20;32;72;2455;116;72;1,44;76,72;45,95;0;Germany;Western Europe;"Open Library of Humanities";"2011, 2015-2026";"Linguistics and Language (Q1); Podiatry (Q1); Computer Science Applications (Q2)";"Computer Science; Health Professions; Social Sciences"
331;21100912216;"IET Cyber-Physical Systems: Theory and Applications";journal;"23983396";"John Wiley &amp; Sons Inc.";Yes;No;0,618;Q2;26;25;81;1126;195;79;2,30;45,04;33,33;0;United Kingdom;Western Europe;"John Wiley &amp; Sons Inc.";"2016-2026";"Computer Networks and Communications (Q2); Computer Science Applications (Q2); Electrical and Electronic Engineering (Q2); Information Systems (Q2); Artificial Intelligence (Q3)";"Computer Science; Engineering"
332;21100824046;"Computational Toxicology";journal;"24681113";"Elsevier B.V.";No;No;0,616;Q2;34;38;131;2129;464;126;3,64;56,03;33,16;5;Netherlands;Western Europe;"Elsevier B.V.";"2017-2026";"Computer Science Applications (Q2); Health, Toxicology and Mutagenesis (Q2); Toxicology (Q2)";"Computer Science; Environmental Science; Pharmacology, Toxicology and Pharmaceutics"
333;26621;"Journal of Electronic Packaging";journal;"15289044, 10437398";"American Society of Mechanical Engineers (ASME)";No;No;0,615;Q2;68;48;201;1543;475;196;2,47;32,15;19,44;1;United States;Northern America;"American Society of Mechanical Engineers (ASME)";"1989-2026";"Computer Science Applications (Q2); Electrical and Electronic Engineering (Q2); Electronic, Optical and Magnetic Materials (Q2); Mechanics of Materials (Q2)";"Computer Science; Engineering; Materials Science"
334;24593;"Calphad: Computer Coupling of Phase Diagrams and Thermochemistry";journal;"03645916";"Elsevier Ltd";No;No;0,612;Q2;82;103;328;5517;715;324;1,92;53,56;31,90;0;United Kingdom;Western Europe;"Elsevier Ltd";"1977-2026";"Chemical Engineering (miscellaneous) (Q2); Chemistry (miscellaneous) (Q2); Computer Science Applications (Q2)";"Chemical Engineering; Chemistry; Computer Science"
335;24619;"Journal of Computer-Aided Molecular Design";journal;"15734951, 0920654X";"Springer Science and Business Media Deutschland GmbH";No;No;0,609;Q2;126;49;237;2930;850;230;3,28;59,80;35,32;0;Germany;Western Europe;"Springer Science and Business Media Deutschland GmbH";"1987-2026";"Computer Science Applications (Q2); Drug Discovery (Q2); Physical and Theoretical Chemistry (Q2)";"Chemistry; Computer Science; Pharmacology, Toxicology and Pharmaceutics"
336;21101068029;"RIED-Revista Iberoamericana de Educacion a Distancia";journal;"13903306, 11382783";"Ibero-American Association for Distance Higher Education (AIESAD)";Yes;Yes;0,608;Q2;27;31;98;1184;360;98;4,24;38,19;54,55;1;Spain;Western Europe;"Ibero-American Association for Distance Higher Education (AIESAD)";"2019-2026";"Computer Science Applications (Q2); Education (Q2)";"Computer Science; Social Sciences"
337;18003;"Advanced Robotics";journal;"01691864, 15685535";"Taylor and Francis Ltd.";No;No;0,605;Q2;81;118;344;4052;708;319;1,87;34,34;12,44;2;United Kingdom;Western Europe;"Taylor and Francis Ltd.";"1986-2026";"Computer Science Applications (Q2); Control and Systems Engineering (Q2); Hardware and Architecture (Q2); Software (Q2); Human-Computer Interaction (Q3)";"Computer Science; Engineering"
338;19700183008;"TripleC";journal;"1726670X";"Media Systems and Media Organisation Research Group";Yes;Yes;0,603;Q2;38;9;79;438;137;79;1,55;48,67;45,45;0;Germany;Western Europe;"Media Systems and Media Organisation Research Group";"2010-2026";"Communication (Q1); Computer Science Applications (Q2)";"Computer Science; Social Sciences"
339;21100790723;"Computability";journal;"22113576, 22113568";"SAGE Publications Ltd";No;No;0,599;Q2;13;19;53;544;27;51;0,40;28,63;18,18;0;Netherlands;Western Europe;"SAGE Publications Ltd";"2012-2024";"Computational Theory and Mathematics (Q2); Computer Science Applications (Q2); Theoretical Computer Science (Q2); Artificial Intelligence (Q3)";"Computer Science; Mathematics"
340;19513;"International Journal of Network Management";journal;"10557148, 10991190";"John Wiley and Sons Ltd";No;No;0,599;Q2;35;30;115;1142;262;106;2,05;38,07;26,14;0;United Kingdom;Western Europe;"John Wiley and Sons Ltd";"1991-2026";"Computer Networks and Communications (Q2); Computer Science Applications (Q2)";"Computer Science"
341;19700186855;"ACM Transactions on Accessible Computing";journal;"19367228";"Association for Computing Machinery";No;No;0,598;Q2;45;23;87;1491;294;79;3,14;64,83;42,71;2;United States;Northern America;"Association for Computing Machinery";"2008-2025";"Computer Science Applications (Q2); Human-Computer Interaction (Q3)";"Computer Science"
342;21101080424;"Digital Threats: Research and Practice";journal;"25765337";"Association for Computing Machinery";No;No;0,595;Q2;20;60;101;2850;295;89;2,55;47,50;16,84;1;United States;Northern America;"Association for Computing Machinery";"2020-2025";"Safety Research (Q1); Computer Networks and Communications (Q2); Computer Science Applications (Q2); Hardware and Architecture (Q2); Information Systems (Q2); Software (Q2)";"Computer Science; Social Sciences"
343;26132;"Journal of Computer Science and Technology";journal;"18604749, 10009000";"Springer New York";No;No;0,595;Q2;66;91;278;3680;647;265;1,67;40,44;33,24;0;United States;Northern America;"Springer New York";"1986-2026";"Computational Theory and Mathematics (Q2); Computer Science Applications (Q2); Hardware and Architecture (Q2); Software (Q2); Theoretical Computer Science (Q2)";"Computer Science; Mathematics"
344;5200152822;"Advances in Data Analysis and Classification";journal;"18625347, 18625355";"Springer Science and Business Media Deutschland GmbH";No;No;0,594;Q2;45;47;123;1792;200;115;1,37;38,13;33,88;1;Germany;Western Europe;"Springer Science and Business Media Deutschland GmbH";"2007-2026";"Applied Mathematics (Q2); Computer Science Applications (Q2); Statistics and Probability (Q2)";"Computer Science; Mathematics"
345;25053;"IT Professional";journal;"15209202, 1941045X";"IEEE Computer Society";No;No;0,594;Q2;70;79;259;1258;776;234;2,70;15,92;17,79;0;United States;Northern America;"IEEE Computer Society";"1999-2026";"Computer Science Applications (Q2); Hardware and Architecture (Q2); Software (Q2)";"Computer Science"
346;21100265609;"Digital Applications in Archaeology and Cultural Heritage";journal;"22120548";"Elsevier B.V.";No;No;0,593;Q2;34;35;93;1690;310;93;2,94;48,29;33,33;0;United Kingdom;Western Europe;"Elsevier B.V.";"2014-2026";"Anthropology (Q1); Archeology (Q1); Archeology (arts and humanities) (Q1); Computer Science Applications (Q2)";"Arts and Humanities; Computer Science; Social Sciences"
347;21100935977;"International Journal of Intelligent Robotics and Applications";journal;"23665971, 2366598X";"Springer Singapore";No;No;0,592;Q2;30;50;134;2531;350;127;3,01;50,62;21,77;0;Singapore;Asiatic Region;"Springer Singapore";"2017-2026";"Computer Science Applications (Q2); Artificial Intelligence (Q3)";"Computer Science"
348;21141;"Journal of Dynamic Systems, Measurement and Control";journal;"00220434, 15289028";"American Society of Mechanical Engineers (ASME)";No;No;0,592;Q2;101;72;333;2406;623;332;2,05;33,42;18,89;0;United States;Northern America;"American Society of Mechanical Engineers (ASME)";"1971-2026";"Computer Science Applications (Q2); Control and Systems Engineering (Q2); Information Systems (Q2); Instrumentation (Q2); Mechanical Engineering (Q2)";"Computer Science; Engineering; Physics and Astronomy"
349;26644;"Concurrent Engineering Research and Applications";journal;"15312003, 1063293X";"SAGE Publications Ltd";No;No;0,590;Q2;47;9;101;359;297;96;3,04;39,89;36,00;0;United Kingdom;Western Europe;"SAGE Publications Ltd";"1993-2026";"Computer Science Applications (Q2); Engineering (miscellaneous) (Q2); Modeling and Simulation (Q2)";"Computer Science; Engineering; Mathematics"
350;144749;"International Journal of Advanced Robotic Systems";journal;"17298806, 17298814";"SAGE Publications Inc.";Yes;No;0,590;Q2;75;45;470;1813;1416;469;2,71;40,29;31,21;0;United Kingdom;Western Europe;"SAGE Publications Inc.";"2004-2026";"Computer Science Applications (Q2); Software (Q2); Artificial Intelligence (Q3)";"Computer Science"
351;5000154502;"International Journal of Medical Robotics and Computer Assisted Surgery";journal;"1478596X, 14785951";"John Wiley and Sons Ltd";No;No;0,589;Q2;72;99;398;3348;1230;398;2,84;33,82;27,12;2;United Kingdom;Western Europe;"John Wiley and Sons Ltd";"2004-2026";"Biophysics (Q2); Computer Science Applications (Q2); Surgery (Q2)";"Biochemistry, Genetics and Molecular Biology; Computer Science; Medicine"
352;20725;"Wireless Personal Communications";journal;"1572834X, 09296212";"Springer";No;No;0,588;Q2;100;847;3024;32160;9715;3016;3,06;37,97;29,19;3;United States;Northern America;"Springer";"1994-2026";"Computer Science Applications (Q2); Electrical and Electronic Engineering (Q2)";"Computer Science; Engineering"
353;12188;"Simulation and Gaming";journal;"1552826X, 10468781";"SAGE Publications Inc.";No;No;0,586;Q2;78;40;134;1705;358;117;2,05;42,63;43,40;2;United States;Northern America;"SAGE Publications Inc.";"1970-1976, 1978-1983, 1985, 1987-2026";"Social Sciences (miscellaneous) (Q1); Business, Management and Accounting (miscellaneous) (Q2); Computer Science Applications (Q2)";"Business, Management and Accounting; Computer Science; Social Sciences"
354;21101063736;"IFAC Journal of Systems and Control";journal;"24686018";"Elsevier B.V.";No;No;0,582;Q2;19;20;71;791;153;71;2,19;39,55;18,00;0;United Kingdom;Western Europe;"Elsevier B.V.";"2017-2026";"Computer Networks and Communications (Q2); Computer Science Applications (Q2); Control and Systems Engineering (Q2); Management Science and Operations Research (Q2); Modeling and Simulation (Q2); Artificial Intelligence (Q3)";"Computer Science; Decision Sciences; Engineering; Mathematics"
355;18895;"Journal of Advanced Transportation";journal;"01976729, 20423195";"John Wiley and Sons Ltd";Yes;No;0,582;Q2;77;226;1338;9845;3633;1335;2,36;43,56;33,97;6;United Kingdom;Western Europe;"John Wiley and Sons Ltd";"1979-2026";"Automotive Engineering (Q2); Computer Science Applications (Q2); Economics and Econometrics (Q2); Mechanical Engineering (Q2); Strategy and Management (Q2)";"Business, Management and Accounting; Computer Science; Economics, Econometrics and Finance; Engineering"
356;19900191732;"Argument and Computation";journal;"19462166, 19462174";"SAGE Publications Ltd";Yes;No;0,579;Q2;28;7;43;367;83;41;1,72;52,43;33,33;0;United Kingdom;Western Europe;"SAGE Publications Ltd";"2010-2026";"Linguistics and Language (Q1); Computational Mathematics (Q2); Computer Science Applications (Q2); Artificial Intelligence (Q3)";"Computer Science; Mathematics; Social Sciences"
357;58655;"Journal of Systems Engineering and Electronics";journal;"16711793";"Beijing Institute of Aerospace Information";No;No;0,579;Q2;51;133;355;4806;1066;354;2,73;36,14;27,45;0;China;Asiatic Region;"Beijing Institute of Aerospace Information";"1992-2024";"Computer Science Applications (Q2); Control and Systems Engineering (Q2); Electrical and Electronic Engineering (Q2)";"Computer Science; Engineering"
358;18078;"Robotica";journal;"02635747, 14698668";"Cambridge University Press";No;No;0,579;Q2;82;198;486;7504;1279;484;2,52;37,90;24,65;0;United Kingdom;Western Europe;"Cambridge University Press";"1983-2026";"Computational Mechanics (Q2); Computer Science Applications (Q2); Computer Vision and Pattern Recognition (Q2); Control and Optimization (Q2); Control and Systems Engineering (Q2); Mathematics (miscellaneous) (Q2); Mechanical Engineering (Q2); Modeling and Simulation (Q2); Rehabilitation (Q2); Software (Q2); Artificial Intelligence (Q3)";"Computer Science; Engineering; Mathematics; Medicine"
359;22206;"Natural Computing";journal;"15677818, 15729796";"Springer Science and Business Media B.V.";No;No;0,578;Q2;52;52;150;1655;324;133;2,41;31,83;22,48;0;Netherlands;Western Europe;"Springer Science and Business Media B.V.";"2003-2026";"Computer Science Applications (Q2)";"Computer Science"
360;12367;"Photogrammetric Record";journal;"14779730, 0031868X";"Wiley-Blackwell Publishing Ltd";No;No;0,577;Q2;61;42;124;1423;131;55;1,01;33,88;26,04;0;United Kingdom;Western Europe;"Wiley-Blackwell Publishing Ltd";"1953-2026";"Computer Science Applications (Q2); Computers in Earth Sciences (Q2); Earth and Planetary Sciences (miscellaneous) (Q2); Engineering (miscellaneous) (Q2)";"Computer Science; Earth and Planetary Sciences; Engineering"
361;18047;"Industrial Robot";journal;"17585791, 0143991X";"Emerald Publishing";No;No;0,576;Q2;69;88;281;2909;821;278;2,92;33,06;24,00;0;United Kingdom;Western Europe;"Emerald Publishing";"1973-1989, 1991, 1993, 1995-2026";"Computer Science Applications (Q2); Control and Systems Engineering (Q2); Industrial and Manufacturing Engineering (Q2)";"Computer Science; Engineering"
362;21100942171;"Infrastructures";journal;"24123811";"Multidisciplinary Digital Publishing Institute (MDPI)";Yes;No;0,575;Q2;45;180;467;9871;1581;466;3,33;54,84;22,74;1;Switzerland;Western Europe;"Multidisciplinary Digital Publishing Institute (MDPI)";"2016-2026";"Building and Construction (Q2); Civil and Structural Engineering (Q2); Computer Science Applications (Q2); Geotechnical Engineering and Engineering Geology (Q2); Materials Science (miscellaneous) (Q2)";"Computer Science; Earth and Planetary Sciences; Engineering; Materials Science"
363;18534;"International Journal for Numerical Methods in Fluids";journal;"10970363, 02712091";"John Wiley and Sons Ltd";No;No;0,573;Q2;135;81;327;3446;611;327;1,84;42,54;21,12;0;United Kingdom;Western Europe;"John Wiley and Sons Ltd";"1981-2026";"Applied Mathematics (Q2); Computational Mechanics (Q2); Computer Science Applications (Q2); Mechanical Engineering (Q2); Mechanics of Materials (Q2)";"Computer Science; Engineering; Mathematics"
364;144698;"International Journal of Simulation Modelling";journal;"17264529, 19968566";"DAAAM International Vienna";No;No;0,571;Q2;39;62;185;1621;536;185;3,05;26,15;31,41;0;Austria;Western Europe;"DAAAM International Vienna";"2005-2025";"Computer Science Applications (Q2); Modeling and Simulation (Q2)";"Computer Science; Mathematics"
365;25509;"Information and Computation";journal;"10902651, 08905401";"Elsevier Inc.";No;No;0,570;Q2;86;82;333;3048;360;312;0,99;37,17;19,17;1;United States;Northern America;"Elsevier Inc.";"1987-2026";"Computational Theory and Mathematics (Q2); Computer Science Applications (Q2); Information Systems (Q2); Theoretical Computer Science (Q3)";"Computer Science; Mathematics"
366;18662;"ACM Transactions on Design Automation of Electronic Systems";journal;"10844309, 15577309";"Association for Computing Machinery";No;No;0,569;Q2;61;94;189;4081;439;184;2,50;43,41;26,36;0;United States;Northern America;"Association for Computing Machinery";"1996-2026";"Computer Graphics and Computer-Aided Design (Q2); Computer Science Applications (Q2); Electrical and Electronic Engineering (Q2)";"Computer Science; Engineering"
367;5300152722;"Smart Structures and Systems";journal;"17381584, 17381991";"Techno-Press";No;No;0,569;Q2;71;74;377;3276;1125;374;2,32;44,27;23,32;0;South Korea;Asiatic Region;"Techno-Press";"2005-2025";"Computer Science Applications (Q2); Control and Systems Engineering (Q2); Electrical and Electronic Engineering (Q2)";"Computer Science; Engineering"
368;21100897215;"Revista de Educacion a Distancia";journal;"15787680";"Universidad de Murcia";Yes;Yes;0,560;Q2;20;54;90;2725;234;89;2,42;50,46;52,42;5;Spain;Western Europe;"Universidad de Murcia";"2018-2025";"Computer Science Applications (Q2); Education (Q2)";"Computer Science; Social Sciences"
369;19900193217;"Journal of Emerging Technologies in Accounting";journal;"15541908, 15587940";"American Accounting Association";No;No;0,559;Q2;34;29;98;1513;292;91;2,15;52,17;34,38;0;United States;Northern America;"American Accounting Association";"2009-2025";"Accounting (Q2); Computer Science Applications (Q2)";"Business, Management and Accounting; Computer Science"
370;21101152520;"Robotic Intelligence and Automation";journal;"27546977, 27546969";"Emerald Publishing";No;No;0,555;Q2;56;54;211;2054;521;209;2,30;38,04;25,39;0;United Kingdom;Western Europe;"Emerald Publishing";"2023-2026";"Computer Science Applications (Q2); Control and Systems Engineering (Q2); Electrical and Electronic Engineering (Q2); Industrial and Manufacturing Engineering (Q2); Artificial Intelligence (Q3); Human-Computer Interaction (Q3)";"Computer Science; Engineering"
371;24208;"Genetic Programming and Evolvable Machines";journal;"13892576, 15737632";"Springer";No;No;0,551;Q2;47;25;76;1208;188;63;2,00;48,32;9,76;0;United States;Northern America;"Springer";"2003-2026";"Computer Science Applications (Q2); Hardware and Architecture (Q2); Software (Q3); Theoretical Computer Science (Q3)";"Computer Science; Mathematics"
372;19900192900;"Molecular Informatics";journal;"18681751, 18681743";"John Wiley and Sons Inc";No;No;0,550;Q2;81;53;172;2659;520;167;2,87;50,17;34,65;1;Germany;Western Europe;"John Wiley and Sons Inc";"2010-2026";"Computer Science Applications (Q2); Drug Discovery (Q2); Organic Chemistry (Q2); Molecular Medicine (Q3); Structural Biology (Q3)";"Biochemistry, Genetics and Molecular Biology; Chemistry; Computer Science; Pharmacology, Toxicology and Pharmaceutics"
373;19700187807;"Information Security Journal";journal;"19393555, 19393547";"Taylor and Francis Ltd.";No;No;0,546;Q2;37;27;93;1400;312;93;2,77;51,85;32,84;2;United Kingdom;Western Europe;"Taylor and Francis Ltd.";"2008-2026";"Computer Science Applications (Q2); Information Systems and Management (Q2); Software (Q3)";"Computer Science; Decision Sciences"
374;21100239834;"Journal of Aerospace Information Systems";journal;"23273097";"American Institute of Aeronautics and Astronautics Inc. (AIAA)";No;No;0,546;Q2;50;70;190;2772;459;178;1,96;39,60;17,48;0;United States;Northern America;"American Institute of Aeronautics and Astronautics Inc. (AIAA)";"2013-2026";"Aerospace Engineering (Q2); Computer Science Applications (Q2); Electrical and Electronic Engineering (Q2)";"Computer Science; Engineering"
375;21100945706;"Multimodal Technologies and Interaction";journal;"24144088";"Multidisciplinary Digital Publishing Institute (MDPI)";Yes;No;0,544;Q2;46;117;286;7389;999;286;3,38;63,15;37,97;2;Switzerland;Western Europe;"Multidisciplinary Digital Publishing Institute (MDPI)";"2017-2026";"Computer Networks and Communications (Q2); Computer Science Applications (Q2); Human-Computer Interaction (Q3); Neuroscience (miscellaneous) (Q3)";"Computer Science; Neuroscience"
376;21100422153;"SoftwareX";journal;"23527110";"Elsevier B.V.";Yes;No;0,544;Q2;59;303;525;8544;2052;524;2,86;28,20;16,91;5;Netherlands;Western Europe;"Elsevier B.V.";"2015-2026";"Computer Science Applications (Q2); Software (Q3)";"Computer Science"
377;21101039441;"Cryptography";journal;"2410387X";"Multidisciplinary Digital Publishing Institute (MDPI)";Yes;No;0,538;Q2;29;62;134;2740;420;134;2,86;44,19;26,29;0;Switzerland;Western Europe;"Multidisciplinary Digital Publishing Institute (MDPI)";"2017-2025";"Applied Mathematics (Q2); Computational Theory and Mathematics (Q2); Computer Networks and Communications (Q2); Computer Science Applications (Q2); Software (Q3)";"Computer Science; Mathematics"
378;25710;"Numerical Functional Analysis and Optimization";journal;"15322467, 01630563";"Taylor and Francis Ltd.";No;No;0,536;Q2;57;74;273;2221;360;269;1,32;30,01;21,05;0;United States;Northern America;"Taylor and Francis Ltd.";"1979-1983, 1985-2026";"Analysis (Q2); Computer Science Applications (Q2); Control and Optimization (Q2); Signal Processing (Q3)";"Computer Science; Mathematics"
379;28347;"Journal of Graph Algorithms and Applications";journal;"15261719";"Brown University";Yes;Yes;0,535;Q2;41;39;93;1109;91;89;0,76;28,44;17,71;0;United States;Northern America;"Brown University";"1997-2026";"Computational Theory and Mathematics (Q2); Computer Science Applications (Q2); Computer Science (miscellaneous) (Q2); Geometry and Topology (Q2); Theoretical Computer Science (Q3)";"Computer Science; Mathematics"
380;27871;"Concurrency and Computation: Practice and Experience";journal;"15320626, 15320634";"John Wiley and Sons Ltd";No;No;0,533;Q2;89;592;1960;25288;4759;1908;2,30;42,72;27,65;2;United Kingdom;Western Europe;"John Wiley and Sons Ltd";"2001-2026";"Computational Theory and Mathematics (Q2); Computer Networks and Communications (Q2); Computer Science Applications (Q2); Software (Q3); Theoretical Computer Science (Q3)";"Computer Science; Mathematics"
381;21101082067;"Digital Government: Research and Practice";journal;"26390175";"Association for Computing Machinery";No;No;0,533;Q2;21;27;98;1343;262;94;2,17;49,74;35,38;1;United States;Northern America;"Association for Computing Machinery";"2020-2025";"Computer Networks and Communications (Q2); Computer Science Applications (Q2); Information Systems (Q2); Public Administration (Q2); Software (Q3)";"Computer Science; Social Sciences"
382;21101122877;"Forecasting";journal;"25719394";"Multidisciplinary Digital Publishing Institute (MDPI)";Yes;No;0,532;Q2;29;36;141;2000;461;135;3,23;55,56;23,89;1;Switzerland;Western Europe;"Multidisciplinary Digital Publishing Institute (MDPI)";"2019-2025";"Economics, Econometrics and Finance (miscellaneous) (Q1); Computational Theory and Mathematics (Q2); Computer Science Applications (Q2); Decision Sciences (miscellaneous) (Q2)";"Computer Science; Decision Sciences; Economics, Econometrics and Finance"
383;21100801725;"VINE Journal of Information and Knowledge Management Systems";journal;"20595905, 20595891";"Emerald Publishing";No;No;0,530;Q2;48;64;116;5479;445;115;4,04;85,61;29,22;0;United Kingdom;Western Europe;"Emerald Publishing";"2016-2026";"Library and Information Sciences (Q1); Computer Networks and Communications (Q2); Computer Science Applications (Q2); Information Systems (Q2); Management of Technology and Innovation (Q2)";"Business, Management and Accounting; Computer Science; Social Sciences"
384;12360;"International Journal of General Systems";journal;"03081079, 15635104";"Taylor and Francis Ltd.";No;No;0,528;Q2;59;43;115;1922;267;110;2,64;44,70;24,27;0;United Kingdom;Western Europe;"Taylor and Francis Ltd.";"1974-2026";"Computer Science Applications (Q2); Control and Systems Engineering (Q2); Information Systems (Q2); Modeling and Simulation (Q2); Theoretical Computer Science (Q3)";"Computer Science; Engineering; Mathematics"
385;21101021576;"Journal of Finance and Data Science";journal;"24059188";"KeAi Communications Co.";Yes;No;0,528;Q2;26;22;33;865;131;32;4,18;39,32;31,03;2;China;Asiatic Region;"KeAi Communications Co.";"2015-2025";"Applied Mathematics (Q2); Business, Management and Accounting (miscellaneous) (Q2); Computer Science Applications (Q2); Economics and Econometrics (Q2); Finance (Q2); Statistics and Probability (Q2)";"Business, Management and Accounting; Computer Science; Economics, Econometrics and Finance; Mathematics"
386;21100821307;"Applied Computational Intelligence and Soft Computing";journal;"16879724, 16879732";"John Wiley and Sons Ltd";Yes;No;0,524;Q2;32;35;106;1677;456;105;4,14;47,91;34,21;0;United Kingdom;Western Europe;"John Wiley and Sons Ltd";"2016-2026";"Civil and Structural Engineering (Q2); Computational Mechanics (Q2); Computer Networks and Communications (Q2); Computer Science Applications (Q2); Artificial Intelligence (Q3)";"Computer Science; Engineering"
387;21100210909;"Nordic Journal of Digital Literacy";journal;"1891943X, 08096724";"Scandinavian University Press";Yes;Yes;0,524;Q2;27;23;53;697;131;49;2,38;30,30;66,67;1;Norway;Western Europe;"Scandinavian University Press";"2012-2025";"Computer Science Applications (Q2); Education (Q2); E-learning (Q2)";"Computer Science; Social Sciences"
388;19714;"Journal of Organizational Computing and Electronic Commerce";journal;"15327744, 10919392";"Taylor and Francis Ltd.";No;No;0,523;Q2;56;9;50;736;145;50;2,67;81,78;36,84;0;United States;Northern America;"Taylor and Francis Ltd.";"1992-1993, 1996-2026";"Computational Theory and Mathematics (Q2); Computer Science Applications (Q2); Information Systems (Q2)";"Computer Science"
389;21100286950;"Heritage Science";journal;"20507445";"Springer Science and Business Media Deutschland GmbH";Yes;No;0,522;Q2;0;0;0;0;0;0;0,00;0,00;0,00;0;Germany;Western Europe;"Springer Science and Business Media Deutschland GmbH";"2013-2024";"Archeology (Q1); Archeology (arts and humanities) (Q1); Conservation (Q1); Chemistry (miscellaneous) (Q2); Computer Science Applications (Q2); Materials Science (miscellaneous) (Q2); Spectroscopy (Q2)";"Arts and Humanities; Chemistry; Computer Science; Materials Science; Social Sciences"
390;19400158481;"Journal of Web Librarianship";journal;"19322909, 19322917";"Routledge";No;No;0,522;Q2;24;5;28;127;42;28;1,55;25,40;37,50;0;United States;Northern America;"Routledge";"2007-2026";"Library and Information Sciences (Q1); Computer Science Applications (Q2)";"Computer Science; Social Sciences"
391;21101063833;"International Journal of Cloud Applications and Computing";journal;"21561826, 21561834";"IGI Global Publishing";No;No;0,519;Q3;27;18;125;841;416;125;3,40;46,72;20,00;0;United States;Northern America;"IGI Global Publishing";"2012, 2019-2026";"Computer Networks and Communications (Q2); Computer Science Applications (Q3); Human-Computer Interaction (Q3)";"Computer Science"
392;21100870845;"Computational Social Networks";journal;"21974314";"Springer Science and Business Media Deutschland GmbH";Yes;No;0,518;Q3;0;0;0;0;0;0;0,00;0,00;0,00;0;Switzerland;Western Europe;"Springer Science and Business Media Deutschland GmbH";"2014-2021";"Information Systems (Q2); Modeling and Simulation (Q2); Computer Science Applications (Q3); Human-Computer Interaction (Q3)";"Computer Science; Mathematics"
393;21100220372;"International Journal of Mobile Learning and Organisation";journal;"17467268, 1746725X";"Inderscience";No;No;0,517;Q3;33;34;78;1909;150;73;1,17;56,15;40,96;0;Switzerland;Western Europe;"Inderscience";"2007-2026";"Education (Q2); E-learning (Q2); Computer Science Applications (Q3)";"Computer Science; Social Sciences"
394;21100799933;"SLAS Technology";journal;"24726311, 24726303";"Elsevier B.V.";Yes;No;0,517;Q3;41;48;181;2612;505;160;2,35;54,42;34,51;1;Netherlands;Western Europe;"Elsevier B.V.";"2016-2026";"Medical Laboratory Technology (Q2); Computer Science Applications (Q3)";"Computer Science; Health Professions"
395;5300152202;"IET Communications";journal;"17518628, 17518636";"John Wiley &amp; Sons Inc.";Yes;No;0,514;Q3;74;185;898;6656;1972;891;2,37;35,98;29,04;0;United States;Northern America;"John Wiley &amp; Sons Inc.";"2007-2026";"Electrical and Electronic Engineering (Q2); Computer Science Applications (Q3)";"Computer Science; Engineering"
396;21100316001;"Journal of Biomedical Semantics";journal;"20411480";"BioMed Central Ltd";Yes;No;0,513;Q3;51;21;62;1056;168;62;2,55;50,29;42,86;1;United Kingdom;Western Europe;"BioMed Central Ltd";"2010-2026";"Computer Networks and Communications (Q2); Information Systems (Q2); Computer Science Applications (Q3); Health Informatics (Q3)";"Computer Science; Medicine"
397;21100265343;"CALL-EJ";journal;"21879036";"The Pacific Association for Computer Assisted Language Learning (PacCALL)";No;No;0,512;Q3;20;48;130;2337;345;127;2,36;48,69;47,13;0;Japan;Asiatic Region;"The Pacific Association for Computer Assisted Language Learning (PacCALL)";"2013-2025";"Linguistics and Language (Q1); Computer Science Applications (Q3)";"Computer Science; Social Sciences"
398;21101073717;"Pacific Asia Journal of the Association for Information Systems";journal;"19437536, 19437544";"Association for Information Systems";No;No;0,511;Q3;19;16;66;1587;206;64;2,86;99,19;36,36;0;United States;Northern America;"Association for Information Systems";"2018-2025";"Information Systems (Q2); Information Systems and Management (Q2); Management Information Systems (Q2); Computer Science Applications (Q3); Human-Computer Interaction (Q3)";"Business, Management and Accounting; Computer Science; Decision Sciences"
399;21100829268;"Applied Sciences (Switzerland)";journal;"20763417";"Multidisciplinary Digital Publishing Institute (MDPI)";Yes;No;0,508;Q3;197;13314;34280;603545;110696;33716;3,02;45,33;32,56;117;Switzerland;Western Europe;"Multidisciplinary Digital Publishing Institute (MDPI)";"2011-2026";"Engineering (miscellaneous) (Q2); Fluid Flow and Transfer Processes (Q2); Instrumentation (Q2); Materials Science (miscellaneous) (Q2); Computer Science Applications (Q3); Process Chemistry and Technology (Q3)";"Chemical Engineering; Computer Science; Engineering; Materials Science; Physics and Astronomy"
400;15026;"Flow Measurement and Instrumentation";journal;"09555986";"Elsevier B.V.";No;No;0,504;Q3;77;167;427;5742;1104;427;2,50;34,38;24,75;1;United Kingdom;Western Europe;"Elsevier B.V.";"1989-2026";"Electrical and Electronic Engineering (Q2); Instrumentation (Q2); Modeling and Simulation (Q2); Computer Science Applications (Q3)";"Computer Science; Engineering; Mathematics; Physics and Astronomy"
401;21100924372;"Data";journal;"23065729";"Multidisciplinary Digital Publishing Institute (MDPI)";Yes;No;0,503;Q3;49;186;432;6923;1263;400;2,87;37,22;31,38;6;Switzerland;Western Europe;"Multidisciplinary Digital Publishing Institute (MDPI)";"2016-2026";"Information Systems (Q2); Information Systems and Management (Q2); Computer Science Applications (Q3)";"Computer Science; Decision Sciences"
402;28494;"International Journal of Computer Mathematics";journal;"00207160, 10290265";"Taylor and Francis Ltd.";No;No;0,502;Q3;62;116;425;4113;723;423;1,85;35,46;32,60;0;United Kingdom;Western Europe;"Taylor and Francis Ltd.";"1964, 1968, 1971-1975, 1977-2026";"Applied Mathematics (Q2); Computational Theory and Mathematics (Q3); Computer Science Applications (Q3)";"Computer Science; Mathematics"
403;12600154783;"Networks and Heterogeneous Media";journal;"1556181X, 15561801";"American Institute of Mathematical Sciences";Yes;No;0,502;Q3;43;80;91;2874;117;89;1,28;35,93;36,14;0;United States;Northern America;"American Institute of Mathematical Sciences";"2006-2026";"Applied Mathematics (Q2); Engineering (miscellaneous) (Q2); Statistics and Probability (Q2); Computer Science Applications (Q3)";"Computer Science; Engineering; Mathematics"
404;28704;"Modelling and Simulation in Materials Science and Engineering";journal;"09650393, 1361651X";"IOP Publishing Ltd.";No;No;0,501;Q3;100;87;316;4434;626;314;1,97;50,97;22,01;0;United Kingdom;Western Europe;"IOP Publishing Ltd.";"1992-2025";"Condensed Matter Physics (Q2); Materials Science (miscellaneous) (Q2); Mechanics of Materials (Q2); Modeling and Simulation (Q2); Computer Science Applications (Q3)";"Computer Science; Engineering; Materials Science; Mathematics; Physics and Astronomy"
405;12100154510;"International Journal of Enterprise Information Systems";journal;"15481115, 15481123";"IGI Publishing";No;No;0,500;Q3;32;4;55;372;122;55;1,96;93,00;44,44;0;United States;Northern America;"IGI Publishing";"2005-2023, 2025-2026";"Information Systems and Management (Q2); Management Information Systems (Q2); Computer Science Applications (Q3)";"Business, Management and Accounting; Computer Science; Decision Sciences"
406;12409;"Multidimensional Systems and Signal Processing";journal;"15730824, 09236082";"Springer Netherlands";No;No;0,499;Q3;51;32;199;1337;529;199;2,70;41,78;31,76;0;Netherlands;Western Europe;"Springer Netherlands";"1990-2026";"Applied Mathematics (Q2); Information Systems (Q2); Artificial Intelligence (Q3); Computer Science Applications (Q3); Hardware and Architecture (Q3); Signal Processing (Q3); Software (Q3)";"Computer Science; Mathematics"
407;21100900141;"Pixel-Bit, Revista de Medios y Educacion";journal;"11338482, 21717966";"Universidad de Sevilla";Yes;Yes;0,499;Q3;22;30;90;1318;240;90;2,68;43,93;58,33;0;Spain;Western Europe;"Universidad de Sevilla";"2018-2025";"Computer Networks and Communications (Q2); Education (Q2); Information Systems (Q2); Computer Science Applications (Q3)";"Computer Science; Social Sciences"
408;26941;"Theory and Decision";journal;"15737187, 00405833";"Springer Netherlands";No;No;0,499;Q3;51;58;156;2125;158;151;1,14;36,64;19,09;2;Netherlands;Western Europe;"Springer Netherlands";"1970-2026";"Arts and Humanities (miscellaneous) (Q1); Decision Sciences (miscellaneous) (Q2); Economics, Econometrics and Finance (miscellaneous) (Q2); Social Sciences (miscellaneous) (Q2); Applied Psychology (Q3); Computer Science Applications (Q3); Developmental and Educational Psychology (Q3)";"Arts and Humanities; Computer Science; Decision Sciences; Economics, Econometrics and Finance; Psychology; Social Sciences"
409;19053;"Computational Economics";journal;"09277099, 15729974";"Springer Netherlands";No;No;0,498;Q3;56;131;333;5810;791;325;2,65;44,35;24,53;12;Netherlands;Western Europe;"Springer Netherlands";"1993-2026";"Economics, Econometrics and Finance (miscellaneous) (Q2); Computer Science Applications (Q3)";"Computer Science; Economics, Econometrics and Finance"
410;28456;"Computational Geometry: Theory and Applications";journal;"09257721";"Elsevier B.V.";No;No;0,497;Q3;63;67;151;1614;133;144;0,86;24,09;19,75;1;Netherlands;Western Europe;"Elsevier B.V.";"1991-2026";"Computational Mathematics (Q2); Control and Optimization (Q2); Geometry and Topology (Q2); Computational Theory and Mathematics (Q3); Computer Science Applications (Q3)";"Computer Science; Mathematics"
411;21100935763;"Health Systems";journal;"20476973, 20476965";"Taylor and Francis Inc.";No;No;0,496;Q3;24;31;62;2340;133;61;1,38;75,48;34,00;5;United States;Northern America;"Taylor and Francis Inc.";"2012-2026";"Information Systems (Q2); Computer Science Applications (Q3); Health Informatics (Q3); Health Information Management (Q3); Health Policy (Q3); Human-Computer Interaction (Q3); Management Science and Operations Research (Q3)";"Computer Science; Decision Sciences; Health Professions; Medicine"
412;15492;"Journal of Organizational and End User Computing";journal;"15465012, 15462234";"IGI Publishing";No;No;0,494;Q3;52;74;103;4165;429;103;4,15;56,28;42,13;0;United States;Northern America;"IGI Publishing";"1993, 1995, 2004-2026";"Strategy and Management (Q2); Computer Science Applications (Q3); Human-Computer Interaction (Q3)";"Business, Management and Accounting; Computer Science"
413;19600166316;"Journal of Internet Services and Applications";journal;"18674828, 18690238";"Brazilian Computing Society";Yes;Yes;0,492;Q3;36;14;32;666;100;32;3,18;47,57;10,20;0;Brazil;Latin America;"Brazilian Computing Society";"2010-2026";"Computer Networks and Communications (Q2); Computer Science Applications (Q3)";"Computer Science"
414;11800154542;"International Journal of Computers, Communications and Control";journal;"18419836, 18419844";"Agora University";Yes;No;0,487;Q3;46;61;180;2147;434;180;2,45;35,20;27,92;0;Romania;Eastern Europe;"Agora University";"2007-2026";"Computer Networks and Communications (Q2); Computational Theory and Mathematics (Q3); Computer Science Applications (Q3)";"Computer Science"
415;21100773821;"Computer Methods in Biomechanics and Biomedical Engineering: Imaging and Visualization";journal;"21681163, 21681171";"Taylor and Francis Ltd.";Yes;No;0,486;Q3;33;209;217;8771;491;208;2,48;41,97;29,23;1;United Kingdom;Western Europe;"Taylor and Francis Ltd.";"2013-2026";"Computational Mechanics (Q2); Radiology, Nuclear Medicine and Imaging (Q2); Biomedical Engineering (Q3); Computer Science Applications (Q3)";"Computer Science; Engineering; Medicine"
416;5000157801;"Mathematical Structures in Computer Science";journal;"09601295, 14698072";"Cambridge University Press";No;No;0,486;Q3;50;27;136;1061;98;124;0,61;39,30;20,00;0;United Kingdom;Western Europe;"Cambridge University Press";"1991-2026";"Mathematics (miscellaneous) (Q2); Computer Science Applications (Q3)";"Computer Science; Mathematics"
417;21101022415;"Spatial Information Research";journal;"23663286, 23663294";"Korean Spatial Information Society";No;No;0,484;Q3;34;58;200;2221;499;200;2,33;38,29;24,84;0;South Korea;Asiatic Region;"Korean Spatial Information Society";"2016-2026";"Computers in Earth Sciences (Q2); Geography, Planning and Development (Q2); Artificial Intelligence (Q3); Computer Science Applications (Q3)";"Computer Science; Earth and Planetary Sciences; Social Sciences"
418;21101066160;"Mathematical Sciences";journal;"22517456, 20081359";"Springer Nature";No;No;0,482;Q3;31;44;117;1464;229;117;1,78;33,27;32,58;0;Germany;Western Europe;"Springer Nature";"2012-2024";"Analysis (Q2); Applied Mathematics (Q2); Information Systems (Q2); Numerical Analysis (Q2); Computer Science Applications (Q3); Signal Processing (Q3); Statistics and Probability (Q3)";"Computer Science; Mathematics"
419;21100898958;"Journal of Mathematics and Computer Science (discontinued)";journal;"2008949X";"International Scientific Research Publications";No;No;0,479;Q3;23;132;221;3931;441;221;1,87;29,78;22,18;0;Malaysia;Asiatic Region;"International Scientific Research Publications";"2017-2026";"Computational Mechanics (Q2); Mathematics (miscellaneous) (Q2); Computational Mathematics (Q3); Computer Science Applications (Q3)";"Computer Science; Engineering; Mathematics"
420;9000153101;"Foundations and Trends in Human-Computer Interaction";journal;"15513963, 15513955";"Now Publishers Inc";No;No;0,478;Q3;34;1;13;339;69;13;4,60;339,00;0,00;0;United States;Northern America;"Now Publishers Inc";"2007-2025";"Computer Science Applications (Q3); Human-Computer Interaction (Q3)";"Computer Science"
421;19700188257;"International Journal of Image and Data Fusion";journal;"19479832, 19479824";"Taylor and Francis Ltd.";No;No;0,473;Q3;38;18;57;782;127;53;2,08;43,44;18,46;0;United Kingdom;Western Europe;"Taylor and Francis Ltd.";"2010-2026";"Earth and Planetary Sciences (miscellaneous) (Q2); Computer Science Applications (Q3)";"Computer Science; Earth and Planetary Sciences"
422;19900192316;"International Journal of Architectural Computing";journal;"20483988, 14780771";"SAGE Publications Inc.";No;No;0,470;Q3;29;45;111;1894;223;99;1,99;42,09;36,26;1;United Kingdom;Western Europe;"SAGE Publications Inc.";"2006, 2011-2026";"Building and Construction (Q2); Computer Graphics and Computer-Aided Design (Q2); Computer Science Applications (Q3)";"Computer Science; Engineering"
423;12170;"Modeling, Identification and Control";journal;"03327353, 18901328";"Research Council of Norway";Yes;Yes;0,469;Q3;33;11;45;277;89;45;0,92;25,18;8,00;0;Norway;Western Europe;"Research Council of Norway";"1980-1989, 1996-2025";"Control and Systems Engineering (Q2); Modeling and Simulation (Q2); Computer Science Applications (Q3); Software (Q3)";"Computer Science; Engineering; Mathematics"
424;21100972600;"Technology Innovation Management Review";journal;"19270321";"Carleton University";Yes;Yes;0,467;Q3;30;0;135;0;336;111;1,95;0,00;0,00;0;Canada;Northern America;"Carleton University";"2019-2022";"Management of Technology and Innovation (Q2); Computer Science Applications (Q3)";"Business, Management and Accounting; Computer Science"
425;21100862637;"Applied Computing and Informatics";journal;"22108327, 26341964";"Emerald Group Publishing Ltd.";Yes;Yes;0,462;Q3;47;16;27;593;152;27;5,63;37,06;34,88;1;United Kingdom;Western Europe;"Emerald Group Publishing Ltd.";"2011, 2014-2019, 2021-2026";"Computer Science Applications (Q3); Information Systems (Q3); Software (Q3)";"Computer Science"
426;24364;"Computers, Materials and Continua";journal;"15462218, 15462226";"Tech Science Press";No;No;0,460;Q3;73;1130;2862;43743;8462;2862;3,04;38,71;27,57;7;United States;Northern America;"Tech Science Press";"2004-2026";"Electrical and Electronic Engineering (Q2); Mechanics of Materials (Q2); Modeling and Simulation (Q2); Biomaterials (Q3); Computer Science Applications (Q3)";"Computer Science; Engineering; Materials Science; Mathematics"
427;21101017705;"Frontiers in Mechanical Engineering";journal;"22973079";"Frontiers Media SA";Yes;No;0,460;Q3;37;101;342;4445;930;322;2,20;44,01;21,39;1;Switzerland;Western Europe;"Frontiers Media SA";"2015-2026";"Industrial and Manufacturing Engineering (Q2); Materials Science (miscellaneous) (Q2); Mechanical Engineering (Q2); Computer Science Applications (Q3)";"Computer Science; Engineering; Materials Science"
428;21101049547;"EAI Endorsed Transactions on Industrial Networks and Intelligent Systems";journal;"24100218";"European Alliance for Innovation";Yes;Yes;0,453;Q3;16;20;57;662;161;57;3,05;33,10;16,46;0;Belgium;Western Europe;"European Alliance for Innovation";"2014-2025";"Control and Systems Engineering (Q2); Computer Networks and Communications (Q3); Computer Science Applications (Q3); Information Systems (Q3)";"Computer Science; Engineering"
429;13799;"Problems of Information Transmission";journal;"00329460, 16083253";"Pleiades Publishing";No;No;0,451;Q3;22;19;80;324;70;80;0,62;17,05;18,75;0;United States;Northern America;"Pleiades Publishing";"1972-1991, 2005-2025";"Computer Networks and Communications (Q3); Computer Science Applications (Q3); Information Systems (Q3)";"Computer Science"
430;15420;"Electronic Library";journal;"02640473";"Emerald Group Publishing Ltd.";No;No;0,447;Q3;53;39;151;2192;398;149;1,78;56,21;50,00;0;United Kingdom;Western Europe;"Emerald Group Publishing Ltd.";"1983-2026";"Library and Information Sciences (Q2); Computer Science Applications (Q3)";"Computer Science; Social Sciences"
431;21100442189;"JALT CALL Journal";journal;"18324215";"Castledown Publishers";No;No;0,447;Q3;20;18;44;1040;98;44;1,76;57,78;48,65;0;Australia;Pacific Region;"Castledown Publishers";"2010, 2015-2025";"Linguistics and Language (Q1); Education (Q2); Computer Science Applications (Q3)";"Computer Science; Social Sciences"
432;21100881468;"ACM Transactions on Parallel Computing";journal;"23294957, 23294949";"Association for Computing Machinery";No;No;0,446;Q3;26;22;66;1134;146;60;1,64;51,55;15,15;0;United States;Northern America;"Association for Computing Machinery";"2014-2025";"Computational Theory and Mathematics (Q3); Computer Science Applications (Q3); Hardware and Architecture (Q3); Modeling and Simulation (Q3); Software (Q3)";"Computer Science; Mathematics"
433;21100909467;"Journal of Computational Geometry";journal;"1920180X";"Carleton University";Yes;Yes;0,445;Q3;9;20;58;705;37;58;0,57;35,25;15,38;0;Canada;Northern America;"Carleton University";"2018-2025";"Computational Theory and Mathematics (Q3); Computer Science Applications (Q3); Geometry and Topology (Q3)";"Computer Science; Mathematics"
434;19700174611;"Information Technology and Control";journal;"2335884X, 1392124X";"Kauno Technologijos Universitetas";Yes;No;0,444;Q3;27;74;147;2477;349;147;2,66;33,47;31,67;0;Lithuania;Eastern Europe;"Kauno Technologijos Universitetas";"2008-2025";"Control and Systems Engineering (Q2); Electrical and Electronic Engineering (Q2); Computer Science Applications (Q3)";"Computer Science; Engineering"
435;21100244214;"Journal of Control, Automation and Electrical Systems";journal;"21953880, 21953899";"Springer Science + Business Media";No;No;0,443;Q3;35;102;417;3528;884;416;2,01;34,59;14,56;0;United States;Northern America;"Springer Science + Business Media";"2013-2026";"Electrical and Electronic Engineering (Q2); Energy Engineering and Power Technology (Q2); Computer Science Applications (Q3); Control and Systems Engineering (Q3)";"Computer Science; Energy; Engineering"
436;21100781705;"Journal of Machine Engineering";journal;"18957595, 23918071";"Editorial Institution of Wroclaw Board of Scientific";Yes;No;0,443;Q3;18;43;118;1437;213;118;2,11;33,42;15,27;0;Poland;Eastern Europe;"Editorial Institution of Wroclaw Board of Scientific";"2016-2025";"Industrial and Manufacturing Engineering (Q2); Computer Science Applications (Q3)";"Computer Science; Engineering"
437;21101098755;"Telemedicine Reports";journal;"26924366";"Mary Ann Liebert Inc.";Yes;No;0,443;Q3;12;42;67;1263;109;66;1,52;30,07;55,16;6;United States;Northern America;"Mary Ann Liebert Inc.";"2020-2025";"Computer Science Applications (Q3); Health Informatics (Q3); Medicine (miscellaneous) (Q3)";"Computer Science; Medicine"
438;21100238613;"Digital Education Review";journal;"20139144";"Universitat de Barcelona";Yes;Yes;0,442;Q3;29;25;87;1297;221;85;1,50;51,88;59,42;0;Spain;Western Europe;"Universitat de Barcelona";"2010-2025";"Education (Q2); Computer Science Applications (Q3)";"Computer Science; Social Sciences"
439;22313;"Performance Evaluation";journal;"01665316";"Elsevier B.V.";No;No;0,440;-;73;27;103;991;159;100;1,54;36,70;28,05;0;Netherlands;Western Europe;"Elsevier B.V.";"1981-2026";"Computer Networks and Communications (Q3); Hardware and Architecture (Q3); Modeling and Simulation (Q3); Software (Q3)";"Computer Science; Mathematics"
440;21101101298;"Advanced Control for Applications: Engineering and Industrial Systems";journal;"25780727";"John Wiley and Sons Inc";No;No;0,439;Q3;13;14;82;435;127;78;1,70;31,07;31,91;0;United States;Northern America;"John Wiley and Sons Inc";"2019-2026";"Artificial Intelligence (Q3); Computer Networks and Communications (Q3); Computer Science Applications (Q3); Control and Systems Engineering (Q3); Energy (miscellaneous) (Q3); Modeling and Simulation (Q3); Signal Processing (Q3)";"Computer Science; Energy; Engineering; Mathematics"
441;21101047452;"Journal of Soft Computing in Civil Engineering";journal;"25882872";"Pouyan Press";Yes;Yes;0,439;Q3;23;28;84;1387;229;84;2,66;49,54;16,00;0;Iran;Middle East;"Pouyan Press";"2017-2026";"Architecture (Q1); Building and Construction (Q2); Civil and Structural Engineering (Q2); Artificial Intelligence (Q3); Computer Science Applications (Q3)";"Computer Science; Engineering"
442;12991;"RAIRO - Operations Research";journal;"12903868, 03990559";"EDP Sciences";No;No;0,438;Q3;43;164;633;6262;1397;632;2,16;38,18;35,92;0;France;Western Europe;"EDP Sciences";"1977-1978, 1995-2026";"Computer Science Applications (Q3); Management Science and Operations Research (Q3); Theoretical Computer Science (Q3)";"Computer Science; Decision Sciences; Mathematics"
443;15464;"IEEE Transactions on Nanotechnology";journal;"1536125X, 19410085";"Institute of Electrical and Electronics Engineers Inc.";No;No;0,435;Q3;103;111;345;3935;935;345;2,33;35,45;21,57;0;United States;Northern America;"Institute of Electrical and Electronics Engineers Inc.";"2002-2026";"Electrical and Electronic Engineering (Q2); Computer Science Applications (Q3); Nanoscience and Nanotechnology (Q3)";"Computer Science; Engineering; Materials Science"
444;19700175219;"Iranian Journal of Fuzzy Systems";journal;"17350654, 26764334";"University of Sistan and Baluchestan";Yes;No;0,433;Q3;42;86;234;2988;466;234;2,01;34,74;24,73;0;Iran;Middle East;"University of Sistan and Baluchestan";"2004-2026";"Information Systems and Management (Q2); Mathematics (miscellaneous) (Q2); Artificial Intelligence (Q3); Computer Science Applications (Q3)";"Computer Science; Decision Sciences; Mathematics"
445;21100863714;"International Journal of Computer-Assisted Language Learning and Teaching";journal;"21557101, 21557098";"IGI Global Publishing";No;No;0,430;Q3;17;19;75;923;149;75;1,46;48,58;47,22;0;United States;Northern America;"IGI Global Publishing";"2013, 2016-2026";"Linguistics and Language (Q1); Education (Q2); Computer Science Applications (Q3); Computer Vision and Pattern Recognition (Q3)";"Computer Science; Social Sciences"
446;18200;"International Journal of Numerical Modelling: Electronic Networks, Devices and Fields";journal;"08943370, 10991204";"John Wiley and Sons Ltd";No;No;0,430;Q3;41;90;391;2926;805;383;2,20;32,51;23,97;1;United Kingdom;Western Europe;"John Wiley and Sons Ltd";"1988-2026";"Electrical and Electronic Engineering (Q2); Computer Science Applications (Q3); Modeling and Simulation (Q3)";"Computer Science; Engineering; Mathematics"
447;21101017597;"Journal of Biosystems Engineering";journal;"22341862, 17381266";"Springer Science and Business Media Deutschland GmbH";No;No;0,429;Q3;19;40;123;1449;369;123;2,94;36,23;19,63;0;Germany;Western Europe;"Springer Science and Business Media Deutschland GmbH";"2016, 2019-2026";"Agricultural and Biological Sciences (miscellaneous) (Q2); Engineering (miscellaneous) (Q2); Mechanical Engineering (Q2); Computer Science Applications (Q3)";"Agricultural and Biological Sciences; Computer Science; Engineering"
448;21101072199;"EAI Endorsed Transactions on Scalable Information Systems (discontinued)";journal;"20329407";"European Alliance for Innovation";Yes;Yes;0,423;Q3;21;142;151;5075;440;151;2,66;35,74;37,60;0;Belgium;Western Europe;"European Alliance for Innovation";"2014-2024";"Information Systems and Management (Q2); Computer Networks and Communications (Q3); Computer Science Applications (Q3); Hardware and Architecture (Q3); Information Systems (Q3); Software (Q3)";"Computer Science; Decision Sciences"
449;21101092539;"Advances in Distributed Computing and Artificial Intelligence Journal";journal;"22552863";"University of Salamanca";Yes;Yes;0,422;Q3;11;29;37;1016;62;37;1,36;35,03;20,69;1;Spain;Western Europe;"University of Salamanca";"2019-2026";"Artificial Intelligence (Q3); Computer Networks and Communications (Q3); Computer Science Applications (Q3); Information Systems (Q3)";"Computer Science"
450;17954;"Computer Methods in Biomechanics and Biomedical Engineering";journal;"14768259, 10255842";"Taylor and Francis Ltd.";No;No;0,421;Q3;75;164;434;6786;1015;434;2,23;41,38;26,89;1;United Kingdom;Western Europe;"Taylor and Francis Ltd.";"1997-2026";"Bioengineering (Q3); Biomedical Engineering (Q3); Computer Science Applications (Q3); Human-Computer Interaction (Q3); Medicine (miscellaneous) (Q3)";"Chemical Engineering; Computer Science; Engineering; Medicine"
451;11200153571;"Evolutionary Bioinformatics";journal;"11769343";"Libertas Academica Ltd.";Yes;No;0,421;Q3;42;17;107;905;195;106;1,93;53,24;38,38;0;New Zealand;Pacific Region;"Libertas Academica Ltd.";"2005-2026";"Ecology, Evolution, Behavior and Systematics (Q2); Computer Science Applications (Q3); Genetics (Q3)";"Agricultural and Biological Sciences; Biochemistry, Genetics and Molecular Biology; Computer Science"
452;21100812152;"International Journal of Networked and Distributed Computing";journal;"22117938, 22117946";"Springer Science and Business Media B.V.";Yes;No;0,420;Q3;18;9;30;285;60;30;2,38;31,67;26,09;0;Netherlands;Western Europe;"Springer Science and Business Media B.V.";"2013-2026";"Computer Networks and Communications (Q3); Computer Science Applications (Q3)";"Computer Science"
453;12443;"Real-Time Systems";journal;"09226443, 15731383";"Springer Netherlands";Yes;No;0,420;Q3;62;22;51;1017;75;41;1,23;46,23;24,66;0;Netherlands;Western Europe;"Springer Netherlands";"1989-2025";"Electrical and Electronic Engineering (Q2); Computer Networks and Communications (Q3); Computer Science Applications (Q3); Control and Optimization (Q3); Control and Systems Engineering (Q3); Modeling and Simulation (Q3)";"Computer Science; Engineering; Mathematics"
454;21100970247;"International Journal of Data and Network Science";journal;"25618148, 25618156";"Growing Science";Yes;Yes;0,418;Q3;49;200;286;9519;1711;286;6,45;47,60;33,39;2;Canada;Northern America;"Growing Science";"2018-2026";"Communication (Q2); Artificial Intelligence (Q3); Computer Networks and Communications (Q3); Computer Science Applications (Q3); Information Systems (Q3); Software (Q3)";"Computer Science; Social Sciences"
455;21100788912;"African Journal of Science, Technology, Innovation and Development";journal;"20421338, 20421346";"Taylor and Francis Ltd.";No;No;0,414;Q3;30;79;324;4729;611;321;1,78;59,86;23,16;11;United Kingdom;Western Europe;"Taylor and Francis Ltd.";"2013-2026";"Civil and Structural Engineering (Q2); Development (Q2); Computer Networks and Communications (Q3); Computer Science Applications (Q3)";"Computer Science; Engineering; Social Sciences"
456;21100899523;"International Journal of Aerospace Psychology";journal;"24721832, 24721840";"Taylor and Francis Ltd.";No;No;0,412;Q3;55;16;58;744;103;54;1,50;46,50;37,25;0;United Kingdom;Western Europe;"Taylor and Francis Ltd.";"2017-2025";"Aerospace Engineering (Q2); Education (Q2); Applied Psychology (Q3); Computer Science Applications (Q3)";"Computer Science; Engineering; Psychology; Social Sciences"
457;15484;"International Journal of Computers and Applications";journal;"1206212X, 19257074";"Taylor and Francis Ltd.";No;No;0,408;Q3;30;62;307;2563;639;302;2,18;41,34;32,17;0;United Kingdom;Western Europe;"Taylor and Francis Ltd.";"1997-2026";"Computer Graphics and Computer-Aided Design (Q2); Computer Science Applications (Q3); Hardware and Architecture (Q3); Software (Q3)";"Computer Science"
458;21100937445;"Journal of Education and e-Learning Research";journal;"25180169, 24109991";"Asian Online Journal Publishing Group";Yes;No;0,407;Q3;19;97;144;3947;371;144;1,93;40,69;59,69;3;United States;Northern America;"Asian Online Journal Publishing Group";"2019-2026";"Education (Q2); Computer Science Applications (Q3); Developmental and Educational Psychology (Q3)";"Computer Science; Psychology; Social Sciences"
459;19700200870;"Intelligent Buildings International";journal;"17566932, 17508975";"Taylor and Francis Ltd.";No;No;0,405;Q3;34;21;100;755;201;81;1,92;35,95;32,43;1;United Kingdom;Western Europe;"Taylor and Francis Ltd.";"2009-2026";"Building and Construction (Q2); Geography, Planning and Development (Q2); Civil and Structural Engineering (Q3); Computer Science Applications (Q3)";"Computer Science; Engineering; Social Sciences"
460;14388;"Information Processing Letters";journal;"00200190";"Elsevier B.V.";No;No;0,404;Q3;88;80;234;1425;217;234;0,91;17,81;15,87;2;Netherlands;Western Europe;"Elsevier B.V.";"1971-2026";"Computer Science Applications (Q3); Information Systems (Q3); Signal Processing (Q3); Theoretical Computer Science (Q3)";"Computer Science; Mathematics"
461;21100781975;"Network Modeling Analysis in Health Informatics and Bioinformatics";journal;"21926670, 21926662";"Springer";No;No;0,403;Q3;32;39;172;2179;453;171;2,65;55,87;35,20;2;Austria;Western Europe;"Springer";"2012-2026";"Biomedical Engineering (Q3); Computational Mathematics (Q3); Computer Networks and Communications (Q3); Computer Science Applications (Q3); Health Informatics (Q3); Urology (Q3)";"Computer Science; Engineering; Mathematics; Medicine"
462;19600157217;"International Journal of Intelligent Transportation Systems Research";journal;"13488503, 18688659";"Springer";No;No;0,402;Q3;28;37;147;1385;322;147;1,67;37,43;18,63;1;United States;Northern America;"Springer";"2010-2026";"Aerospace Engineering (Q2); Automotive Engineering (Q2); Applied Mathematics (Q3); Computer Science Applications (Q3); Control and Systems Engineering (Q3); Information Systems (Q3); Neuroscience (miscellaneous) (Q3); Software (Q3)";"Computer Science; Engineering; Mathematics; Neuroscience"
463;21100394784;"International Journal of Interactive Mobile Technologies";journal;"18657923";"";Yes;No;0,397;Q3;47;255;892;10581;2430;891;2,75;41,49;37,80;0;Austria;Western Europe;"";"2008-2026";"Computer Networks and Communications (Q3); Computer Science Applications (Q3); E-learning (Q3)";"Computer Science; Social Sciences"
464;21100450131;"Journal of Technology and Science Education";journal;"20145349, 20136374";"OmniaScience";Yes;No;0,396;Q3;27;58;110;3203;242;108;1,74;55,22;42,86;0;Spain;Western Europe;"OmniaScience";"2014-2026";"Education (Q2); Computer Science Applications (Q3)";"Computer Science; Social Sciences"
465;21100818512;"Journal of Enabling Technologies";journal;"23986263";"Emerald Group Publishing Ltd.";No;No;0,394;Q3;29;6;63;191;124;59;1,76;31,83;54,55;0;United Kingdom;Western Europe;"Emerald Group Publishing Ltd.";"2017-2025";"Rehabilitation (Q2); Computer Science Applications (Q3); Health (social science) (Q3); Management of Technology and Innovation (Q3)";"Business, Management and Accounting; Computer Science; Medicine; Social Sciences"
466;21100223145;"Journal of Music, Technology and Education";journal;"17527074, 17527066";"Intellect Ltd.";No;No;0,392;Q3;22;19;39;831;43;34;1,00;43,74;22,58;0;United Kingdom;Western Europe;"Intellect Ltd.";"2012-2023, 2026";"Music (Q1); Education (Q2); Computer Science Applications (Q3)";"Arts and Humanities; Computer Science; Social Sciences"
467;21101089657;"Drone Systems and Applications";journal;"25644939";"Canadian Science Publishing";Yes;No;0,389;Q3;34;23;60;1081;140;57;1,53;47,00;17,44;1;Canada;Northern America;"Canadian Science Publishing";"2021-2026";"Automotive Engineering (Q2); Aerospace Engineering (Q3); Computer Science Applications (Q3); Control and Optimization (Q3); Control and Systems Engineering (Q3); Electrical and Electronic Engineering (Q3)";"Computer Science; Engineering; Mathematics"
468;21101059746;"IEEE Open Journal of Nanotechnology";journal;"26441292";"Institute of Electrical and Electronics Engineers Inc.";Yes;No;0,388;Q3;15;23;69;1123;158;66;1,80;48,83;34,94;0;United States;Northern America;"Institute of Electrical and Electronics Engineers Inc.";"2020-2026";"Computer Science Applications (Q3); Electrical and Electronic Engineering (Q3); Electronic, Optical and Magnetic Materials (Q3); Materials Chemistry (Q3)";"Computer Science; Engineering; Materials Science"
469;6400153154;"Journal of Control Science and Engineering";journal;"16875249, 16875257";"John Wiley and Sons Ltd";Yes;No;0,388;Q3;31;10;66;259;137;66;1,15;25,90;25,81;0;United Kingdom;Western Europe;"John Wiley and Sons Ltd";"2007-2026";"Computer Science Applications (Q3); Electrical and Electronic Engineering (Q3); Modeling and Simulation (Q3)";"Computer Science; Engineering; Mathematics"
470;21101080460;"Operations Research Forum";journal;"26622556";"Springer International Publishing AG";No;No;0,388;Q3;18;98;169;4162;237;166;1,46;42,47;26,01;0;Switzerland;Western Europe;"Springer International Publishing AG";"2020-2026";"Economics, Econometrics and Finance (miscellaneous) (Q2); Applied Mathematics (Q3); Computer Science Applications (Q3); Control and Optimization (Q3)";"Computer Science; Economics, Econometrics and Finance; Mathematics"
471;21101080473;"Information Geometry";journal;"2511249X, 25112481";"Springer Nature";No;No;0,387;Q3;12;49;41;1717;64;39;1,44;35,04;11,39;0;Singapore;Asiatic Region;"Springer Nature";"2018-2026";"Applied Mathematics (Q3); Computational Theory and Mathematics (Q3); Computer Science Applications (Q3); Geometry and Topology (Q3); Statistics and Probability (Q3)";"Computer Science; Mathematics"
472;21100204120;"Journal of Analytical Methods in Chemistry";journal;"20908873, 20908865";"John Wiley and Sons Ltd";Yes;No;0,387;Q3;49;39;294;1665;750;294;2,33;42,69;48,61;0;United Kingdom;Western Europe;"John Wiley and Sons Ltd";"1999, 2012-2026";"Chemical Engineering (miscellaneous) (Q2); Analytical Chemistry (Q3); Computer Science Applications (Q3); Instrumentation (Q3)";"Chemical Engineering; Chemistry; Computer Science; Physics and Astronomy"
473;19700181204;"OPSEARCH";journal;"00303887, 09750320";"Springer India";No;No;0,386;Q3;37;78;179;3545;364;179;1,98;45,45;23,08;0;India;Asiatic Region;"Springer India";"1998-1999, 2009-2026";"Management Information Systems (Q2); Computer Science Applications (Q3); Information Systems (Q3); Management Science and Operations Research (Q3)";"Business, Management and Accounting; Computer Science; Decision Sciences"
474;21100220379;"International Journal of Technology Enhanced Learning";journal;"17535263, 17535255";"Inderscience";No;No;0,385;Q3;32;26;75;990;155;74;1,88;38,08;48,00;0;Switzerland;Western Europe;"Inderscience";"2008-2026";"Education (Q2); Computer Science Applications (Q3); E-learning (Q3)";"Computer Science; Social Sciences"
475;18184;"Engineering Computations";journal;"02644401";"Emerald Group Publishing Ltd.";No;No;0,381;Q3;69;133;477;5744;895;475;1,66;43,19;26,77;0;United Kingdom;Western Europe;"Emerald Group Publishing Ltd.";"1984-2026";"Engineering (miscellaneous) (Q2); Computational Theory and Mathematics (Q3); Computer Science Applications (Q3); Software (Q3)";"Computer Science; Engineering"
476;17963;"International Journal of Circuit Theory and Applications";journal;"1097007X, 00989886";"John Wiley and Sons Ltd";No;No;0,380;Q3;60;323;654;10839;1413;630;2,18;33,56;20,70;0;United Kingdom;Western Europe;"John Wiley and Sons Ltd";"1973-2026";"Applied Mathematics (Q3); Computer Science Applications (Q3); Electrical and Electronic Engineering (Q3); Electronic, Optical and Magnetic Materials (Q3)";"Computer Science; Engineering; Materials Science; Mathematics"
477;21100871297;"Journal of Theoretical and Computational Acoustics";journal;"25917811, 25917285";"World Scientific";No;No;0,380;Q3;46;25;105;948;145;103;1,44;37,92;19,12;0;Singapore;Asiatic Region;"World Scientific";"2018-2026";"Acoustics and Ultrasonics (Q2); Applied Mathematics (Q3); Computer Science Applications (Q3)";"Computer Science; Mathematics; Physics and Astronomy"
478;21100937108;"Smart and Sustainable Manufacturing Systems";journal;"25206478, 25723928";"ASTM International";No;No;0,380;Q3;15;7;87;327;103;86;0,83;46,71;13,16;0;United States;Northern America;"ASTM International";"2017-2026";"Industrial and Manufacturing Engineering (Q2); Computer Science Applications (Q3); Control and Systems Engineering (Q3)";"Computer Science; Engineering"
479;21101046369;"Brazilian Journal of Operations and Production Management";journal;"16798171, 22378960";"Associacao Brasileira de Engenharia de Producao";Yes;Yes;0,377;Q3;19;33;114;1877;226;112;2,55;56,88;33,33;0;Brazil;Latin America;"Associacao Brasileira de Engenharia de Producao";"2019-2025";"Industrial and Manufacturing Engineering (Q2); Computer Science Applications (Q3); Management of Technology and Innovation (Q3); Management Science and Operations Research (Q3); Strategy and Management (Q3)";"Business, Management and Accounting; Computer Science; Decision Sciences; Engineering"
480;21101054454;"Medicine in Novel Technology and Devices";journal;"25900935";"Elsevier B.V.";Yes;No;0,377;Q3;23;65;151;3629;359;151;2,50;55,83;37,46;0;Netherlands;Western Europe;"Elsevier B.V.";"2019-2026";"Biomedical Engineering (Q3); Computer Science Applications (Q3); Medicine (miscellaneous) (Q3)";"Computer Science; Engineering; Medicine"
481;21101027631;"Journal of Privacy and Confidentiality";journal;"25758527";"Cornell University";Yes;Yes;0,375;Q3;14;11;36;448;66;34;1,63;40,73;37,04;0;United States;Northern America;"Cornell University";"2019-2025";"Computer Science (miscellaneous) (Q2); Computer Science Applications (Q3); Statistics and Probability (Q3)";"Computer Science; Mathematics"
482;21100262490;"Journal of Wireless Mobile Networks, Ubiquitous Computing, and Dependable Applications";journal;"20935382, 20935374";"Innovative Information Science and Technology Research Group";Yes;No;0,375;Q3;33;59;86;1670;185;79;1,62;28,31;40,63;0;South Korea;Asiatic Region;"Innovative Information Science and Technology Research Group";"2010-2026";"Computer Science (miscellaneous) (Q2); Computer Networks and Communications (Q3); Computer Science Applications (Q3)";"Computer Science"
483;28642;"CMES - Computer Modeling in Engineering and Sciences";journal;"15261492, 15261506";"Tech Science Press";No;No;0,372;Q3;73;515;745;25753;1799;739;2,57;50,01;30,31;0;United States;Northern America;"Tech Science Press";"2000-2026";"Computer Science Applications (Q3); Modeling and Simulation (Q3); Software (Q3)";"Computer Science; Mathematics"
484;21101101209;"Journal of Social Computing";journal;"26885255";"Tsinghua University Press";Yes;Yes;0,371;Q3;14;30;61;1255;169;53;2,63;41,83;25,00;0;China;Asiatic Region;"Tsinghua University Press";"2020-2025";"Communication (Q2); Computer Networks and Communications (Q3); Computer Science Applications (Q3); Information Systems (Q3)";"Computer Science; Social Sciences"
485;12000154350;"International Journal of Knowledge Management";journal;"15480666, 15480658";"IGI Publishing";No;No;0,370;Q3;34;3;82;179;151;82;1,71;59,67;0,00;0;United States;Northern America;"IGI Publishing";"2005-2026";"Management Information Systems (Q2); Computer Science Applications (Q3); Management of Technology and Innovation (Q3)";"Business, Management and Accounting; Computer Science"
486;28499;"Journal of Combinatorial Optimization";journal;"13826905, 15732886";"Springer Netherlands";No;No;0,370;Q3;60;137;504;3682;588;502;1,14;26,88;32,64;0;Netherlands;Western Europe;"Springer Netherlands";"1997-2026";"Applied Mathematics (Q3); Computational Theory and Mathematics (Q3); Computer Science Applications (Q3); Control and Optimization (Q3); Discrete Mathematics and Combinatorics (Q3)";"Computer Science; Mathematics"
487;12000154349;"International Journal of Information and Communication Technology Education";journal;"15501337, 15501876";"IGI Publishing";No;No;0,368;Q3;29;23;86;973;180;86;2,41;42,30;38,57;0;United States;Northern America;"IGI Publishing";"2005-2026";"Computer Science Applications (Q3); Education (Q3); E-learning (Q3)";"Computer Science; Social Sciences"
488;21100936589;"Journal of ICT Standardization";journal;"2245800X, 22460853";"River Publishers";No;No;0,368;Q3;14;20;63;475;101;56;1,73;23,75;38,98;0;Denmark;Western Europe;"River Publishers";"2014-2025";"Computer Networks and Communications (Q3); Computer Science Applications (Q3); Information Systems (Q3); Information Systems and Management (Q3); Management of Technology and Innovation (Q3)";"Business, Management and Accounting; Computer Science; Decision Sciences"
489;19400158510;"Logistics Research";journal;"18650368, 1865035X";"Emerald Publishing";Yes;Yes;0,368;Q3;31;12;26;1076;48;26;2,06;89,67;28,57;1;Germany;Western Europe;"Emerald Publishing";"2009-2025";"Management Information Systems (Q2); Computer Science Applications (Q3); Control and Systems Engineering (Q3); Information Systems (Q3); Management Science and Operations Research (Q3)";"Business, Management and Accounting; Computer Science; Decision Sciences; Engineering"
490;12763;"International Journal of Technology Management";journal;"17415276, 02675730";"Inderscience Publishers";No;No;0,362;Q3;72;49;129;3291;209;127;1,47;67,16;40,15;0;United Kingdom;Western Europe;"Inderscience Publishers";"1986-1989, 1996-2025";"Engineering (miscellaneous) (Q2); Law (Q2); Computer Science Applications (Q3); Industrial Relations (Q3); Strategy and Management (Q3)";"Business, Management and Accounting; Computer Science; Engineering; Social Sciences"
491;18201;"International Journal of RF and Microwave Computer-Aided Engineering";journal;"1099047X, 10964290";"John Wiley and Sons Inc";No;No;0,361;Q3;58;65;1508;1675;2286;1506;1,27;25,77;29,63;0;United States;Northern America;"John Wiley and Sons Inc";"1996-2026";"Computer Graphics and Computer-Aided Design (Q3); Computer Science Applications (Q3); Electrical and Electronic Engineering (Q3)";"Computer Science; Engineering"
492;21100788924;"African Journal of Research in Mathematics, Science and Technology Education";journal;"18117295, 24697656";"Taylor and Francis Ltd.";No;No;0,359;Q3;23;28;81;1169;97;81;0,96;41,75;52,94;0;United Kingdom;Western Europe;"Taylor and Francis Ltd.";"1997-2026";"Engineering (miscellaneous) (Q2); Computer Science Applications (Q3); Education (Q3); Mathematics (miscellaneous) (Q3); Physics and Astronomy (miscellaneous) (Q3)";"Computer Science; Engineering; Mathematics; Physics and Astronomy; Social Sciences"
493;28511;"Mathematical and Computer Modelling of Dynamical Systems";journal;"17445051, 13873954";"Taylor and Francis Ltd.";Yes;No;0,356;Q3;42;13;60;585;119;57;2,76;45,00;22,92;0;United Kingdom;Western Europe;"Taylor and Francis Ltd.";"1996-2026";"Applied Mathematics (Q3); Computer Science Applications (Q3); Control and Systems Engineering (Q3); Modeling and Simulation (Q3); Software (Q3)";"Computer Science; Engineering; Mathematics"
494;20948;"Jixie Gongcheng Xuebao/Journal of Mechanical Engineering";journal;"05776686";"Chinese Mechanical Engineering Society";No;No;0,354;Q3;69;737;1958;28261;3295;1958;1,55;38,35;28,43;0;China;Asiatic Region;"Chinese Mechanical Engineering Society";"1981-1989, 1996-2025";"Applied Mathematics (Q3); Computer Science Applications (Q3); Mechanical Engineering (Q3)";"Computer Science; Engineering; Mathematics"
495;21100935071;"Journal of Internet Services and Information Security";journal;"21822077, 21822069";"Innovative Information Science and Technology Research Group";Yes;No;0,350;Q3;24;51;82;1484;186;79;1,82;29,10;32,48;0;South Korea;Asiatic Region;"Innovative Information Science and Technology Research Group";"2019-2026";"Computer Networks and Communications (Q3); Computer Science Applications (Q3); Computer Science (miscellaneous) (Q3); Electrical and Electronic Engineering (Q3); Information Systems (Q3); Software (Q3)";"Computer Science; Engineering"
496;14363;"INFOR";journal;"03155986, 19160615";"Taylor and Francis Ltd.";No;No;0,348;Q3;40;20;65;935;77;62;1,03;46,75;23,81;0;Canada;Northern America;"Taylor and Francis Ltd.";"1971-1991, 1995-2026";"Computer Science Applications (Q3); Information Systems (Q3); Management Science and Operations Research (Q3); Signal Processing (Q3)";"Computer Science; Decision Sciences"
497;21100872775;"International Journal of Vehicle Performance";journal;"17453194, 17453208";"Inderscience Enterprises Ltd";No;No;0,347;Q3;16;20;60;605;92;59;1,27;30,25;28,81;0;United Kingdom;Western Europe;"Inderscience Enterprises Ltd";"2013-2025";"Automotive Engineering (Q2); Computer Science Applications (Q3); Fuel Technology (Q3); Mechanical Engineering (Q3); Mechanics of Materials (Q3); Modeling and Simulation (Q3); Safety, Risk, Reliability and Quality (Q3)";"Computer Science; Energy; Engineering; Mathematics"
498;5700153460;"Publishing Research Quarterly";journal;"19364792, 10538801";"Springer US";No;No;0,346;Q3;27;23;142;871;194;142;1,39;37,87;45,45;3;United States;Northern America;"Springer US";"1991-2025";"Communication (Q2); Media Technology (Q2); Business and International Management (Q3); Computer Science Applications (Q3); Management of Technology and Innovation (Q3); Marketing (Q3)";"Business, Management and Accounting; Computer Science; Engineering; Social Sciences"
499;21100227425;"International Journal of E-Health and Medical Communications";journal;"19473168, 1947315X";"IGI Global Publishing";No;No;0,345;Q3;22;2;85;90;221;85;3,13;45,00;20,00;0;United States;Northern America;"IGI Global Publishing";"2010-2025";"Computer Science Applications (Q3); Health Informatics (Q3)";"Computer Science; Medicine"
500;12400154717;"Jiaotong Yunshu Xitong Gongcheng Yu Xinxi/Journal of Transportation Systems Engineering and Information Technology";journal;"10096744";"Science Press";No;No;0,343;Q3;36;192;608;2929;968;608;1,61;15,26;35,48;0;China;Asiatic Region;"Science Press";"2008-2025";"Computer Science Applications (Q3); Control and Systems Engineering (Q3); Modeling and Simulation (Q3); Transportation (Q3)";"Computer Science; Engineering; Mathematics; Social Sciences"
501;17700155804;"Journal of E-Learning and Knowledge Society";journal;"18266223, 19718829";"Italian e-Learning Association";Yes;Yes;0,343;Q3;28;41;118;1308;177;110;1,21;31,90;59,34;0;Italy;Western Europe;"Italian e-Learning Association";"2006, 2009-2025";"Computer Science Applications (Q3); Education (Q3); E-learning (Q3)";"Computer Science; Social Sciences"
502;21100857424;"SCIRES-IT";journal;"22394303";"Caspur -Ciber Publishing";Yes;Yes;0,342;Q3;14;29;91;844;126;91;1,81;29,10;49,18;0;Italy;Western Europe;"Caspur -Ciber Publishing";"2016-2025";"Conservation (Q1); Library and Information Sciences (Q2); Computer Networks and Communications (Q3); Computer Science Applications (Q3); Information Systems (Q3)";"Arts and Humanities; Computer Science; Social Sciences"
503;21101052930;"Acta Acustica";journal;"10224793, 26814617";"European Acoustics Association, EAA";Yes;No;0,341;Q3;80;67;146;2791;278;144;1,86;41,66;15,60;1;France;Western Europe;"European Acoustics Association, EAA";"2020-2026";"Acoustics and Ultrasonics (Q3); Computer Science Applications (Q3); Electrical and Electronic Engineering (Q3); Speech and Hearing (Q3)";"Computer Science; Engineering; Health Professions; Physics and Astronomy"
504;130012;"IETE Journal of Research";journal;"0974780X, 03772063";"Taylor and Francis Ltd.";No;No;0,340;Q3;44;782;604;25467;1318;585;2,18;32,57;26,60;1;United Kingdom;Western Europe;"Taylor and Francis Ltd.";"1974-1975, 1979-1989, 1993-2026";"Computer Science Applications (Q3); Electrical and Electronic Engineering (Q3); Theoretical Computer Science (Q4)";"Computer Science; Engineering; Mathematics"
505;23054;"ACM Transactions on Modeling and Computer Simulation";journal;"15581195, 10493301";"Association for Computing Machinery";No;No;0,338;Q3;59;22;69;922;90;63;1,25;41,91;30,00;0;United States;Northern America;"Association for Computing Machinery";"1991-2026";"Computer Science Applications (Q3); Modeling and Simulation (Q3)";"Computer Science; Mathematics"
506;21101079250;"Blockchain in Healthcare Today";journal;"25738240";"Partners in Digital Health";Yes;No;0,337;Q3;12;12;33;222;49;26;2,05;18,50;35,29;0;United States;Northern America;"Partners in Digital Health";"2019-2025";"Computer Science Applications (Q3); Health Information Management (Q3)";"Computer Science; Health Professions"
507;21100788266;"Biomedical Physics and Engineering Express";journal;"20571976";"Institute of Physics";No;No;0,336;Q3;37;176;548;6832;848;548;1,45;38,82;24,55;1;United Kingdom;Western Europe;"Institute of Physics";"2015-2026";"Bioengineering (Q3); Biomedical Engineering (Q3); Biophysics (Q3); Computer Science Applications (Q3); Health Informatics (Q3); Radiology, Nuclear Medicine and Imaging (Q3); Biomaterials (Q4); Physiology (Q4)";"Biochemistry, Genetics and Molecular Biology; Chemical Engineering; Computer Science; Engineering; Materials Science; Medicine"
508;21100390407;"Journal of Biomedical Physics and Engineering";journal;"22517200";"Shiraz University of Medical Sciences";Yes;No;0,332;Q3;29;64;247;1842;399;230;1,47;28,78;27,68;4;Iran;Middle East;"Shiraz University of Medical Sciences";"2015-2026";"Artificial Intelligence (Q3); Biomedical Engineering (Q3); Computer Science Applications (Q3); Computer Vision and Pattern Recognition (Q3); Physical Therapy, Sports Therapy and Rehabilitation (Q3); Radiation (Q3); Radiological and Ultrasound Technology (Q3); Radiology, Nuclear Medicine and Imaging (Q3); Bioengineering (Q4)";"Chemical Engineering; Computer Science; Engineering; Health Professions; Medicine; Physics and Astronomy"
509;57844;"Journal of Molecular Modeling";journal;"16102940, 09485023";"Springer Science and Business Media Deutschland GmbH";No;No;0,332;Q3;89;385;1110;19599;2191;1104;1,86;50,91;33,07;0;Germany;Western Europe;"Springer Science and Business Media Deutschland GmbH";"1996-2026";"Computational Theory and Mathematics (Q3); Computer Science Applications (Q3); Inorganic Chemistry (Q3); Organic Chemistry (Q3); Physical and Theoretical Chemistry (Q3); Catalysis (Q4)";"Chemical Engineering; Chemistry; Computer Science"
510;21101072121;"Journal of Geo-Information Science";journal;"15608999";"Science Press";No;No;0,330;Q3;31;177;577;7006;957;577;1,70;39,58;38,95;0;China;Asiatic Region;"Science Press";"2017-2025";"Artificial Intelligence (Q3); Computer Science Applications (Q3); Computers in Earth Sciences (Q3); Earth and Planetary Sciences (miscellaneous) (Q3); Information Systems (Q3)";"Computer Science; Earth and Planetary Sciences"
511;21100455650;"Development Engineering";journal;"23527285";"Elsevier Ltd";Yes;No;0,329;Q3;21;9;54;488;109;53;1,70;54,22;21,21;3;United Kingdom;Western Europe;"Elsevier Ltd";"2015-2023";"Economics, Econometrics and Finance (miscellaneous) (Q2); Engineering (miscellaneous) (Q2); Computer Science Applications (Q3); Development (Q3)";"Computer Science; Economics, Econometrics and Finance; Engineering; Social Sciences"
512;21100809811;"Eurasian Journal of Mathematical and Computer Applications";journal;"23066172, 23089822";"L.N. Gumilyov Eurasian National University";Yes;No;0,328;Q3;14;34;75;1041;79;75;0,78;30,62;20,90;0;Kazakhstan;Asiatic Region;"L.N. Gumilyov Eurasian National University";"2013-2025";"Applied Mathematics (Q3); Computational Mathematics (Q3); Computer Science Applications (Q3); Information Systems (Q3); Mathematical Physics (Q3); Modeling and Simulation (Q3)";"Computer Science; Mathematics"
513;18100156704;"International Review of Law, Computers and Technology";journal;"13600869, 13646885";"Routledge";No;No;0,328;Q3;24;16;68;874;116;61;1,20;54,63;60,71;5;United Kingdom;Western Europe;"Routledge";"1984, 1986-1987, 1989, 1991-1995, 2009-2026";"Law (Q2); Computer Science Applications (Q3)";"Computer Science; Social Sciences"
514;130090;"Journal of Electronic Commerce in Organizations";journal;"15392937, 15392929";"IGI Global";No;No;0,327;Q3;31;4;64;354;122;64;1,28;88,50;14,29;0;United States;Northern America;"IGI Global";"2003-2026";"Computer Networks and Communications (Q3); Computer Science Applications (Q3); Marketing (Q3); Strategy and Management (Q3)";"Business, Management and Accounting; Computer Science"
515;25631;"New Review of Hypermedia and Multimedia";journal;"17407842, 13614568";"Taylor and Francis Ltd.";No;No;0,326;Q3;37;10;30;495;63;28;1,63;49,50;17,39;0;United Kingdom;Western Europe;"Taylor and Francis Ltd.";"1995-2026";"Media Technology (Q2); Computer Science Applications (Q3); Information Systems (Q3)";"Computer Science; Engineering"
516;21100465194;"Digital Scholarship in the Humanities";journal;"20557671, 2055768X";"Oxford University Press";No;No;0,325;Q3;32;127;244;5757;273;243;1,11;45,33;36,15;5;United States;Northern America;"Oxford University Press";"2015-2025";"Linguistics and Language (Q1); Computer Science Applications (Q3); Information Systems (Q3)";"Computer Science; Social Sciences"
517;19900192159;"International Journal of Sensor Networks";journal;"17481287, 17481279";"Inderscience";No;No;0,325;Q3;37;60;208;2327;283;208;1,40;38,78;33,71;0;United Kingdom;Western Europe;"Inderscience";"2006-2026";"Computer Networks and Communications (Q3); Computer Science Applications (Q3); Control and Systems Engineering (Q3); Electrical and Electronic Engineering (Q3)";"Computer Science; Engineering"
518;21101017116;"Journal of Advances in Information Technology";journal;"17982340";"Engineering and Technology Publishing";Yes;No;0,323;Q3;31;163;175;5387;712;175;3,96;33,05;32,55;1;United States;Northern America;"Engineering and Technology Publishing";"2019-2026";"Artificial Intelligence (Q3); Computer Networks and Communications (Q3); Computer Science Applications (Q3); Information Systems (Q3); Software (Q3)";"Computer Science"
519;21101132926;"Proceedings of the Institution of Civil Engineers: Smart Infrastructure and Construction";journal;"23978759";"ICE Publishing";No;No;0,323;Q3;15;39;63;1224;97;54;1,43;31,38;42,27;0;United Kingdom;Western Europe;"ICE Publishing";"2017-2025";"Civil and Structural Engineering (Q3); Computer Graphics and Computer-Aided Design (Q3); Computer Science Applications (Q3); Information Systems (Q3)";"Computer Science; Engineering"
520;21101077110;"Cognitive Computation and Systems";journal;"25177567";"John Wiley and Sons Inc";Yes;No;0,322;Q3;17;24;90;912;136;88;1,42;38,00;25,76;0;United Kingdom;Western Europe;"John Wiley and Sons Inc";"2019-2025";"Artificial Intelligence (Q3); Computer Science Applications (Q3); Computer Vision and Pattern Recognition (Q3); Cognitive Neuroscience (Q4); Experimental and Cognitive Psychology (Q4)";"Computer Science; Neuroscience; Psychology"
521;12424;"Inverse Problems in Science and Engineering";journal;"17415985, 17415977";"Taylor and Francis Ltd.";No;No;0,314;Q3;41;0;241;0;374;238;1,56;0,00;0,00;0;United Kingdom;Western Europe;"Taylor and Francis Ltd.";"2004-2021";"Engineering (miscellaneous) (Q2); Applied Mathematics (Q3); Computer Science Applications (Q3)";"Computer Science; Engineering; Mathematics"
522;19266;"International Journal of Computer Applications in Technology";journal;"09528091";"Inderscience Enterprises Ltd";No;No;0,313;Q3;35;108;296;3557;511;291;1,89;32,94;34,11;0;United Kingdom;Western Europe;"Inderscience Enterprises Ltd";"1976, 1988-2026";"Computer Networks and Communications (Q3); Computer Science Applications (Q3); Electrical and Electronic Engineering (Q3); Industrial and Manufacturing Engineering (Q3); Information Systems (Q3); Software (Q3)";"Computer Science; Engineering"
523;21100832761;"International Journal of Fuzzy Logic and Intelligent Systems";journal;"2093744X, 15982645";"Korean Institute of Intelligent Systems";Yes;No;0,312;Q3;21;40;120;1255;203;120;1,96;31,38;29,55;0;South Korea;Asiatic Region;"Korean Institute of Intelligent Systems";"2017-2025";"Artificial Intelligence (Q3); Computational Theory and Mathematics (Q3); Computer Science Applications (Q3); Logic (Q3); Signal Processing (Q3)";"Computer Science; Mathematics"
524;21101044836;"Journal of Computer Science and Technology (Argentina)";journal;"16666046, 16666038";"Facultad de Informatica, Universidad Nacional de La Plata";Yes;Yes;0,312;Q3;8;17;48;516;41;43;1,09;30,35;33,33;0;Argentina;Latin America;"Facultad de Informatica, Universidad Nacional de La Plata";"2019-2025";"Artificial Intelligence (Q3); Computer Science Applications (Q3); Computer Science (miscellaneous) (Q3); Computer Vision and Pattern Recognition (Q3); Hardware and Architecture (Q3); Software (Q3)";"Computer Science"
525;12914;"Xitong Gongcheng Lilun yu Shijian/System Engineering Theory and Practice";journal;"10006788";"Systems Engineering Society of China";No;No;0,312;Q3;50;213;738;9049;1174;738;1,61;42,48;40,03;0;China;Asiatic Region;"Systems Engineering Society of China";"1998, 2001-2026";"Economic Geology (Q2); Computer Science Applications (Q3); Control and Systems Engineering (Q3); Modeling and Simulation (Q3)";"Computer Science; Earth and Planetary Sciences; Engineering; Mathematics"
526;21100943271;"Trudy Instituta Matematiki i Mekhaniki UrO RAN";journal;"26584786, 01344889";"Krasovskii Institute of Mathematics and Mechanics";No;No;0,311;Q3;11;78;267;1531;110;265;0,43;19,63;35,24;0;Russian Federation;Eastern Europe;"Krasovskii Institute of Mathematics and Mechanics";"2019-2025";"Computational Mechanics (Q2); Applied Mathematics (Q3); Computer Science Applications (Q3); Mathematics (miscellaneous) (Q3)";"Computer Science; Engineering; Mathematics"
527;21101041536;"SAE International Journal of Connected and Automated Vehicles";journal;"25740741, 2574075X";"SAE International";No;No;0,309;Q3;12;33;95;1277;135;88;1,37;38,70;18,63;0;United States;Northern America;"SAE International";"2019-2026";"Automotive Engineering (Q2); Artificial Intelligence (Q3); Computer Science Applications (Q3); Control and Systems Engineering (Q3)";"Computer Science; Engineering"
528;25507;"Informatica (Slovenia)";journal;"18543871, 03505596";"Slovene Society Informatika";Yes;No;0,308;Q3;42;143;291;4856;462;285;1,49;33,96;35,28;0;Slovenia;Eastern Europe;"Slovene Society Informatika";"1995-2025";"Artificial Intelligence (Q3); Computer Science Applications (Q3); Software (Q3); Theoretical Computer Science (Q4)";"Computer Science; Mathematics"
529;5800213394;"Information and Communications Technology Law";journal;"13600834, 14698404";"Routledge";No;No;0,307;Q3;28;18;56;0;115;52;2,30;0,00;68,75;4;United Kingdom;Western Europe;"Routledge";"1992-2001, 2003-2026";"Communication (Q2); Law (Q2); Computer Science Applications (Q3)";"Computer Science; Social Sciences"
530;21100985663;"International Journal of Computer Network and Information Security";journal;"20749104, 20749090";"Modern Education and Computer Science Press";Yes;No;0,307;Q3;22;48;103;1446;318;103;2,45;30,13;25,00;0;China;Asiatic Region;"Modern Education and Computer Science Press";"2019-2026";"Applied Mathematics (Q3); Computer Networks and Communications (Q3); Computer Science Applications (Q3); Information Systems (Q3); Safety Research (Q3); Software (Q3)";"Computer Science; Mathematics; Social Sciences"
531;21100864387;"International Journal of Swarm Intelligence Research";journal;"19479263, 19479271";"IGI Global Publishing";No;No;0,307;Q3;14;10;118;349;155;118;1,15;34,90;31,25;0;United States;Northern America;"IGI Global Publishing";"2010, 2016-2026";"Artificial Intelligence (Q3); Computational Theory and Mathematics (Q3); Computer Science Applications (Q3)";"Computer Science"
532;23453;"Combinatorial Chemistry and High Throughput Screening";journal;"13862073, 18755402";"Bentham Science Publishers";No;No;0,301;Q3;75;214;504;12376;795;472;1,63;57,83;43,40;0;United Arab Emirates;Middle East;"Bentham Science Publishers";"1998-2026";"Computer Science Applications (Q3); Drug Discovery (Q3); Medicine (miscellaneous) (Q3); Organic Chemistry (Q3)";"Chemistry; Computer Science; Medicine; Pharmacology, Toxicology and Pharmaceutics"
533;21100899617;"Canadian Journal of Learning and Technology";journal;"14996685";"Canadian Network for Innovation in Education";Yes;Yes;0,300;Q3;14;27;80;1087;85;69;0,81;40,26;46,94;1;Canada;Northern America;"Canadian Network for Innovation in Education";"2018-2025";"Computer Science Applications (Q3); Education (Q3); Management of Technology and Innovation (Q3)";"Business, Management and Accounting; Computer Science; Social Sciences"
534;21100867370;"International Journal of eBusiness and eGovernment Studies";journal;"21460744";"Social Sciences Research Society";Yes;No;0,299;Q3;15;62;96;2790;162;96;1,39;45,00;31,13;0;Turkey;Middle East;"Social Sciences Research Society";"2018-2025";"Business and International Management (Q3); Computer Science Applications (Q3); Management Information Systems (Q3); Management of Technology and Innovation (Q3)";"Business, Management and Accounting; Computer Science"
535;22679;"Jisuanji Jicheng Zhizao Xitong/Computer Integrated Manufacturing Systems, CIMS";journal;"10065911";"Computer Integrated Manufacturing Systems";No;No;0,299;Q3;46;352;990;9577;1429;990;1,58;27,21;34,65;0;China;Asiatic Region;"Computer Integrated Manufacturing Systems";"1996-2025";"Computer Science Applications (Q3); Control and Systems Engineering (Q3); Electrical and Electronic Engineering (Q3); Industrial and Manufacturing Engineering (Q3); Software (Q3)";"Computer Science; Engineering"
536;20964;"Journal of Flow Visualization and Image Processing";journal;"10653090";"Begell House Inc.";No;No;0,299;Q3;15;21;54;849;47;51;0,85;40,43;17,65;0;United States;Northern America;"Begell House Inc.";"1996-2025";"Computer Science Applications (Q3); Condensed Matter Physics (Q3); Mechanical Engineering (Q3)";"Computer Science; Engineering; Physics and Astronomy"
537;21100979305;"Journal of Digital Landscape Architecture";journal;"2511624X, 23674253";"V D E Verlag GmbH";Yes;No;0,298;Q3;14;69;177;1201;211;174;0,97;17,41;35,23;0;Germany;Western Europe;"V D E Verlag GmbH";"2016-2025";"Architecture (Q2); Computer Science Applications (Q3); Geography, Planning and Development (Q3); Nature and Landscape Conservation (Q3)";"Computer Science; Engineering; Environmental Science; Social Sciences"
538;21100874186;"Computer Assisted Surgery";journal;"24699322";"Taylor and Francis Ltd.";Yes;No;0,297;Q3;72;15;27;548;52;26;1,63;36,53;23,47;0;United Kingdom;Western Europe;"Taylor and Francis Ltd.";"2016-2026";"Computer Science Applications (Q3); Family Practice (Q3); Surgery (Q3)";"Computer Science; Medicine"
539;21100921050;"International Journal of Information and Education Technology";journal;"20103689";"International Journal of Information and Education Technology";No;No;0,297;Q3;29;244;443;9932;952;443;2,19;40,70;42,62;1;Singapore;Asiatic Region;"International Journal of Information and Education Technology";"2014, 2019-2026";"Computer Science Applications (Q3); Education (Q3)";"Computer Science; Social Sciences"
540;21100440523;"Interaction Design and Architecture(s)";journal;"18269745, 22832998";"ASLERD";Yes;Yes;0,295;Q3;22;32;121;1438;160;121;1,16;44,94;47,37;0;Italy;Western Europe;"ASLERD";"2007, 2011-2026";"Architecture (Q2); Media Technology (Q2); Multidisciplinary (Q2); Social Sciences (miscellaneous) (Q2); Computer Science Applications (Q3); Education (Q3); Pharmacology (Q3); Human-Computer Interaction (Q4)";"Computer Science; Engineering; Multidisciplinary; Pharmacology, Toxicology and Pharmaceutics; Social Sciences"
541;21100432047;"Sovremennye Problemy Distantsionnogo Zondirovaniya Zemli iz Kosmosa";journal;"20707401, 24110280";"Space Research Institute of the Russian Academy of Sciences";Yes;No;0,295;Q3;21;153;477;4016;449;475;1,07;26,25;32,36;0;Russian Federation;Eastern Europe;"Space Research Institute of the Russian Academy of Sciences";"2015-2025";"Computer Networks and Communications (Q3); Computer Science Applications (Q3); Computers in Earth Sciences (Q3)";"Computer Science; Earth and Planetary Sciences"
542;21101021079;"Corpus Pragmatics";journal;"25099515";"Springer Science + Business Media";No;No;0,294;Q3;13;14;51;785;75;47;1,41;56,07;78,95;0;Switzerland;Western Europe;"Springer Science + Business Media";"2017-2026";"Linguistics and Language (Q2); Computer Science Applications (Q3)";"Computer Science; Social Sciences"
543;21101027245;"Journal of Statistical Theory and Applications";journal;"15387887, 22141766";"Springer Science and Business Media B.V.";Yes;No;0,294;Q3;14;15;101;504;128;101;1,30;33,60;22,58;0;France;Western Europe;"Springer Science and Business Media B.V.";"2019-2026";"Applied Mathematics (Q3); Computer Science Applications (Q3); Statistics and Probability (Q3)";"Computer Science; Mathematics"
544;28077;"International Journal of Modern Physics C";journal;"01291831, 17936586";"World Scientific Publishing Co. Pte Ltd";No;No;0,293;Q3;73;172;511;6437;777;511;1,70;37,42;30,26;0;Singapore;Asiatic Region;"World Scientific Publishing Co. Pte Ltd";"1994, 1996-2026";"Computational Theory and Mathematics (Q3); Computer Science Applications (Q3); Mathematical Physics (Q3); Physics and Astronomy (miscellaneous) (Q3); Statistical and Nonlinear Physics (Q3)";"Computer Science; Mathematics; Physics and Astronomy"
545;21100820619;"Periodica Polytechnica Electrical Engineering and Computer Science";journal;"20645279, 20645260";"Budapest University of Technology and Economics";Yes;No;0,293;Q3;21;40;122;1427;172;120;1,22;35,68;26,47;0;Hungary;Eastern Europe;"Budapest University of Technology and Economics";"2012-2026";"Computer Networks and Communications (Q3); Computer Science Applications (Q3); Electrical and Electronic Engineering (Q3); Information Systems (Q3); Signal Processing (Q3); Software (Q3)";"Computer Science; Engineering"
546;21100469450;"Communication, Culture and Critique";journal;"17539129, 17539137";"John Wiley &amp; Sons Inc.";No;No;0,292;Q3;29;38;164;1644;266;162;1,26;43,26;59,68;1;United States;Northern America;"John Wiley &amp; Sons Inc.";"2015-2025";"Cultural Studies (Q1); Communication (Q2); Computer Science Applications (Q3)";"Computer Science; Social Sciences"
547;24927;"Dynamical Systems";journal;"14689367, 14689375";"Taylor and Francis Ltd.";No;No;0,292;Q3;37;36;111;877;49;111;0,43;24,36;29,69;0;United Kingdom;Western Europe;"Taylor and Francis Ltd.";"1996-2026";"Computer Science Applications (Q3); Mathematics (miscellaneous) (Q3)";"Computer Science; Mathematics"
548;12400154710;"Transport and Telecommunication";journal;"14076179, 14076160";"Transport and Telecommunication Institute";Yes;No;0,291;Q3;25;38;92;1092;166;91;1,94;28,74;26,00;2;Latvia;Eastern Europe;"Transport and Telecommunication Institute";"2008-2025";"Computer Science Applications (Q3); Engineering (miscellaneous) (Q3)";"Computer Science; Engineering"
549;21101083189;"CCF Transactions on High Performance Computing";journal;"25244930, 25244922";"Springer International Publishing";No;No;0,290;Q3;14;34;97;1177;126;88;1,45;34,62;29,49;0;Switzerland;Western Europe;"Springer International Publishing";"2019-2026";"Computer Science Applications (Q3); Computer Science (miscellaneous) (Q3); Hardware and Architecture (Q3); Information Systems (Q3)";"Computer Science"
550;21100450083;"Eastern-European Journal of Enterprise Technologies";journal;"17293774, 17294061";"Technology Center";Yes;No;0,288;Q3;42;565;1714;14668;2109;1714;1,31;25,96;39,42;2;Ukraine;Eastern Europe;"Technology Center";"2013-2025";"Applied Mathematics (Q3); Computer Science Applications (Q3); Control and Systems Engineering (Q3); Electrical and Electronic Engineering (Q3); Energy Engineering and Power Technology (Q3); Food Science (Q3); Industrial and Manufacturing Engineering (Q3); Management of Technology and Innovation (Q3); Mechanical Engineering (Q3); Environmental Chemistry (Q4)";"Agricultural and Biological Sciences; Business, Management and Accounting; Computer Science; Energy; Engineering; Environmental Science; Mathematics"
551;7100153120;"Pollack Periodica";journal;"17881994, 17883911";"Akademiai Kiado ZRt.";No;No;0,288;Q3;18;87;242;1656;194;242;0,82;19,03;35,75;0;Hungary;Eastern Europe;"Akademiai Kiado ZRt.";"2007-2026";"Civil and Structural Engineering (Q3); Computer Science Applications (Q3); Materials Science (miscellaneous) (Q3); Modeling and Simulation (Q3); Software (Q3)";"Computer Science; Engineering; Materials Science; Mathematics"
552;21101091183;"Systems and Soft Computing";journal;"27729419";"Academic Press";Yes;No;0,288;Q3;21;21;11;1037;35;11;3,18;49,38;24,00;0;United States;Northern America;"Academic Press";"2022-2026";"Computational Theory and Mathematics (Q3); Computer Science Applications (Q3); Software (Q4); Theoretical Computer Science (Q4)";"Computer Science; Mathematics"
553;6400153138;"Modelling and Simulation in Engineering";journal;"16875605, 16875591";"John Wiley and Sons Ltd";Yes;No;0,287;Q3;33;19;107;572;157;106;1,12;30,11;29,09;0;United Kingdom;Western Europe;"John Wiley and Sons Ltd";"2007-2026";"Computer Science Applications (Q3); Engineering (miscellaneous) (Q3); Modeling and Simulation (Q3)";"Computer Science; Engineering; Mathematics"
554;21101044442;"Online Journal of Communication and Media Technologies";journal;"19863497";"Bastas";No;No;0,287;Q3;17;60;92;3425;169;91;1,02;57,08;61,07;7;Cyprus;Western Europe;"Bastas";"2015, 2019-2025";"Communication (Q2); Media Technology (Q2); Computer Science Applications (Q3); Education (Q3)";"Computer Science; Engineering; Social Sciences"
555;21101094914;"Observational Studies";journal;"27673324";"University of Pennsylvania Press";Yes;Yes;0,286;Q3;9;34;60;886;42;48;0,71;26,06;30,00;2;United States;Northern America;"University of Pennsylvania Press";"2019-2025";"Applied Mathematics (Q3); Computer Science Applications (Q3); Modeling and Simulation (Q3); Numerical Analysis (Q3); Statistics and Probability (Q3)";"Computer Science; Mathematics"
556;12100154806;"International Journal of e-Business Research";journal;"1548114X, 15481131";"IGI Publishing";No;No;0,285;Q3;34;23;52;1497;100;51;1,55;65,09;37,78;0;United States;Northern America;"IGI Publishing";"2005-2025";"Computer Science Applications (Q3); Management Information Systems (Q3)";"Business, Management and Accounting; Computer Science"
557;21100464917;"Journal of Computational Finance";journal;"14601559, 17552850";"Incisive Media Ltd.";No;No;0,284;Q3;17;14;48;506;38;48;0,82;36,14;9,09;0;United Kingdom;Western Europe;"Incisive Media Ltd.";"2011-2025";"Applied Mathematics (Q3); Computer Science Applications (Q3); Finance (Q3)";"Computer Science; Economics, Econometrics and Finance; Mathematics"
558;21101029506;"Journal of Network Intelligence";journal;"24148105";"Taiwan Ubiquitous Information";No;No;0,281;Q3;14;97;165;3127;160;165;0,98;32,24;29,30;0;Taiwan;Asiatic Region;"Taiwan Ubiquitous Information";"2018-2026";"Computational Mathematics (Q3); Computational Theory and Mathematics (Q3); Computer Networks and Communications (Q3); Computer Science Applications (Q3); Electrical and Electronic Engineering (Q3); Information Systems (Q3); Software (Q4)";"Computer Science; Engineering; Mathematics"
559;21100900134;"International Journal on Engineering Applications";journal;"25332295, 22812881";"Praise Worthy Prize";No;No;0,280;Q3;15;47;117;1657;183;117;1,47;35,26;26,40;1;Italy;Western Europe;"Praise Worthy Prize";"2018-2025";"Architecture (Q2); Applied Mathematics (Q3); Computer Science Applications (Q3); Engineering (miscellaneous) (Q3)";"Computer Science; Engineering; Mathematics"
560;21100939681;"eJournal of eDemocracy and Open Government";journal;"20759517";"Department for E-Governance and Administration";Yes;Yes;0,279;Q3;24;16;52;917;93;46;1,49;57,31;43,48;0;Austria;Western Europe;"Department for E-Governance and Administration";"2009-2025";"Sociology and Political Science (Q2); Computer Science Applications (Q3)";"Computer Science; Social Sciences"
561;3200147702;"Electronic Government";journal;"17407494, 17407508";"Inderscience Enterprises Ltd";No;No;0,279;Q3;42;38;75;1837;113;75;0,83;48,34;43,88;0;United Kingdom;Western Europe;"Inderscience Enterprises Ltd";"2004-2026";"Computer Science Applications (Q3); Public Administration (Q3); E-learning (Q4)";"Computer Science; Social Sciences"
562;14500154706;"International Journal of Computational Intelligence and Applications";journal;"14690268, 17575885";"World Scientific Publishing Co., Inc.";No;No;0,279;Q3;28;34;85;1093;119;85;0,85;32,15;35,62;0;Singapore;Asiatic Region;"World Scientific Publishing Co., Inc.";"2008-2026";"Computer Science Applications (Q3); Software (Q4); Theoretical Computer Science (Q4)";"Computer Science; Mathematics"
563;21100200639;"Journal of Gaming and Virtual Worlds";journal;"1757191X, 17571928";"Intellect Ltd.";No;No;0,279;Q3;21;18;45;920;29;42;0,59;51,11;35,00;0;United Kingdom;Western Europe;"Intellect Ltd.";"2009-2025";"Computer Graphics and Computer-Aided Design (Q3); Computer Science Applications (Q3); Human-Computer Interaction (Q4)";"Computer Science"
564;21100992407;"International Journal of Modern Education and Computer Science";journal;"2075017X, 20750161";"Modern Education and Computer Science Press";Yes;No;0,278;Q3;22;36;103;1329;332;102;3,15;36,92;44,19;0;China;Asiatic Region;"Modern Education and Computer Science Press";"2019-2026";"Computer Science Applications (Q3); Education (Q3)";"Computer Science; Social Sciences"
565;6000152729;"Leonardo";journal;"0024094X";"MIT Press";No;No;0,278;Q3;33;97;294;2263;139;251;0,47;23,33;41,72;0;United States;Northern America;"MIT Press";"2002-2025";"Music (Q1); Visual Arts and Performing Arts (Q1); Computer Science Applications (Q3); Engineering (miscellaneous) (Q3)";"Arts and Humanities; Computer Science; Engineering"
566;25193;"Applied Sciences";journal;"14545101";"Balkan Society of Geometers";Yes;Yes;0,277;Q3;25;0;61;0;67;61;0,23;0,00;0,00;0;Romania;Eastern Europe;"Balkan Society of Geometers";"1999-2022";"Applied Mathematics (Q3); Computer Science Applications (Q3); Engineering (miscellaneous) (Q3); Fluid Flow and Transfer Processes (Q3); Instrumentation (Q3); Materials Science (miscellaneous) (Q3); Process Chemistry and Technology (Q3)";"Chemical Engineering; Computer Science; Engineering; Materials Science; Mathematics; Physics and Astronomy"
567;19700186859;"International Journal of Gaming and Computer-Mediated Simulations";journal;"19423896, 19423888";"IGI Global Publishing";No;No;0,277;Q3;25;8;36;363;57;36;1,67;45,38;50,00;0;United States;Northern America;"IGI Global Publishing";"2009-2025";"Computer Science Applications (Q3)";"Computer Science"
568;24932;"At-Automatisierungstechnik";journal;"01782312, 2196677X";"De Gruyter Oldenbourg";No;No;0,276;Q3;33;100;300;2420;299;270;0,93;24,20;17,07;0;Germany;Western Europe;"De Gruyter Oldenbourg";"1964-1968, 1970-1973, 1975-2026";"Computer Science Applications (Q3); Control and Systems Engineering (Q3); Electrical and Electronic Engineering (Q3)";"Computer Science; Engineering"
569;6200180184;"Dianji yu Kongzhi Xuebao/Electric Machines and Control";journal;"1007449X";"Editorial Department of Electric Machines and Control";No;No;0,274;Q3;28;208;579;4566;792;579;1,40;21,95;29,34;0;China;Asiatic Region;"Editorial Department of Electric Machines and Control";"2007-2025";"Computer Science Applications (Q3); Control and Systems Engineering (Q3); Electrical and Electronic Engineering (Q3); Energy Engineering and Power Technology (Q3)";"Computer Science; Energy; Engineering"
570;21100199346;"Journal of Mathematical Cryptology";journal;"18622984, 18622976";"Walter de Gruyter GmbH";Yes;No;0,274;Q3;22;7;81;185;98;78;0,96;26,43;7,69;0;Germany;Western Europe;"Walter de Gruyter GmbH";"2007-2025";"Applied Mathematics (Q3); Computational Mathematics (Q3); Computer Science Applications (Q3)";"Computer Science; Mathematics"
571;21100933833;"International Journal on Magnetic Particle Imaging";journal;"23659033";"Infinite Science Publishing";No;No;0,273;Q3;10;88;179;849;98;177;0,67;9,65;28,82;0;Germany;Western Europe;"Infinite Science Publishing";"2019-2025";"Computer Science Applications (Q3); Electrical and Electronic Engineering (Q3); Electronic, Optical and Magnetic Materials (Q3); Radiology, Nuclear Medicine and Imaging (Q3); Signal Processing (Q4)";"Computer Science; Engineering; Materials Science; Medicine"
572;21101021791;"AIMS Electronics and Electrical Engineering";journal;"25781588";"American Institute of Mathematical Sciences";Yes;Yes;0,272;Q3;15;16;62;757;103;61;1,89;47,31;31,58;0;United States;Northern America;"American Institute of Mathematical Sciences";"2017-2026";"Computer Science Applications (Q3); Control and Systems Engineering (Q3); Electrical and Electronic Engineering (Q3)";"Computer Science; Engineering"
573;21100201505;"International Journal of Advances in Soft Computing and its Applications";journal;"20748523";"Al-Zaytoonah University of Jordan";Yes;No;0,272;Q3;30;55;100;1774;231;100;2,38;32,25;29,03;0;Jordan;Middle East;"Al-Zaytoonah University of Jordan";"2009-2025";"Computer Science Applications (Q3)";"Computer Science"
574;21101060465;"Umanistica Digitale";journal;"25328816";"University of Bologna Department of Classical and Italian Philology, Alma Mater Studiorum";Yes;Yes;0,272;Q3;7;29;85;1075;46;84;0,54;37,07;57,78;0;Italy;Western Europe;"University of Bologna Department of Classical and Italian Philology, Alma Mater Studiorum";"2017-2026";"Arts and Humanities (miscellaneous) (Q2); Library and Information Sciences (Q2); Computer Science Applications (Q3); Computer Science (miscellaneous) (Q3)";"Arts and Humanities; Computer Science; Social Sciences"
575;29556;"Journal of Bioinformatics and Computational Biology";journal;"02197200, 17576334";"World Scientific";No;No;0,270;Q3;50;35;153;1376;141;147;0,83;39,31;29,09;0;Singapore;Asiatic Region;"World Scientific";"2003-2026";"Computer Science Applications (Q3); Biochemistry (Q4); Molecular Biology (Q4)";"Biochemistry, Genetics and Molecular Biology; Computer Science"
576;21100237436;"Journal of Information and Knowledge Management";journal;"02196492, 17936926";"World Scientific";No;No;0,270;Q3;30;94;217;4970;354;213;1,28;52,87;40,80;0;Singapore;Asiatic Region;"World Scientific";"2002-2026";"Library and Information Sciences (Q2); Computer Networks and Communications (Q3); Computer Science Applications (Q3)";"Computer Science; Social Sciences"
577;21101021794;"Information Technologies and International Development";journal;"15447529, 15447537";"USC Annenberg School for Communication";No;No;0,268;Q3;7;0;4;0;14;4;0,00;0,00;0,00;0;United States;Northern America;"USC Annenberg School for Communication";"2013, 2019-2020";"Communication (Q2); Computer Networks and Communications (Q3); Computer Science Applications (Q3); Development (Q3); Information Systems (Q3); Management of Technology and Innovation (Q3); Human-Computer Interaction (Q4)";"Business, Management and Accounting; Computer Science; Social Sciences"
578;21100823283;"International Journal of Asian Business and Information Management";journal;"19479638, 19479646";"IGI Global Publishing";No;No;0,268;Q3;18;23;120;1628;184;116;1,26;70,78;36,36;0;United States;Northern America;"IGI Global Publishing";"2017-2026";"Cultural Studies (Q1); Business and International Management (Q3); Computer Science Applications (Q3); Management of Technology and Innovation (Q3); Strategy and Management (Q3)";"Business, Management and Accounting; Computer Science; Social Sciences"
579;21100983214;"Journal of Scientometric Research";journal;"23200057, 23216654";"Phcog.Net";No;No;0,267;Q3;14;67;150;2929;144;150;0,89;43,72;31,58;1;India;Asiatic Region;"Phcog.Net";"2019-2025";"Library and Information Sciences (Q2); Computer Science Applications (Q3); Information Systems (Q3)";"Computer Science; Social Sciences"
580;21100197928;"Applied Mathematics and Information Sciences";journal;"19350090, 23250399";"Natural Sciences Publishing";Yes;No;0,266;Q3;51;135;305;3908;337;305;1,13;28,95;27,79;0;United States;Northern America;"Natural Sciences Publishing";"2007-2026";"Applied Mathematics (Q3); Computational Theory and Mathematics (Q3); Computer Science Applications (Q3); Numerical Analysis (Q3); Analysis (Q4)";"Computer Science; Mathematics"
581;22798;"Qinghua Daxue Xuebao/Journal of Tsinghua University";journal;"10000054";"Tsinghua University";No;No;0,266;Q3;43;194;520;6196;723;520;1,47;31,94;33,71;0;China;Asiatic Region;"Tsinghua University";"1993-2026";"Applied Mathematics (Q3); Computer Science Applications (Q3); Engineering (miscellaneous) (Q3)";"Computer Science; Engineering; Mathematics"
582;25978;"Journal of Electronic Imaging";journal;"1560229X, 10179909";"SPIE";No;No;0,264;Q3;74;298;687;12475;834;682;1,22;41,86;35,34;0;United States;Northern America;"SPIE";"1993-2025";"Atomic and Molecular Physics, and Optics (Q3); Computer Science Applications (Q3); Electrical and Electronic Engineering (Q3)";"Computer Science; Engineering; Physics and Astronomy"
583;4700152722;"Technical Services Quarterly";journal;"07317131";"Routledge";No;No;0,262;Q3;20;41;164;261;57;124;0,26;6,37;76,32;0;United States;Northern America;"Routledge";"1984-2026";"Library and Information Sciences (Q2); Computer Science Applications (Q3)";"Computer Science; Social Sciences"
584;21100944646;"SiSal Journal";journal;"21853762";"Kanda University of International Studies";Yes;Yes;0,261;Q3;9;30;84;804;66;75;0,45;26,80;38,89;0;Japan;Asiatic Region;"Kanda University of International Studies";"2019-2025";"Linguistics and Language (Q2); Computer Science Applications (Q3); Education (Q3)";"Computer Science; Social Sciences"
585;19400157202;"International Journal of Web-Based Learning and Teaching Technologies";journal;"15481107, 15481093";"IGI Publishing";No;No;0,260;Q3;23;54;107;1508;210;107;2,16;27,93;44,83;0;United States;Northern America;"IGI Publishing";"2006-2026";"Computer Science Applications (Q3); Education (Q3); E-learning (Q4)";"Computer Science; Social Sciences"
586;21100199784;"Annals of the University of Craiova, Mathematics and Computer Science Series";journal;"22469958, 12236934";"Universitatea din Craiova";No;No;0,259;Q3;17;36;96;875;63;96;0,45;24,31;28,57;0;Romania;Eastern Europe;"Universitatea din Craiova";"2011-2025";"Computer Science Applications (Q3); Mathematics (miscellaneous) (Q3)";"Computer Science; Mathematics"
587;17294;"Defence Science Journal";journal;"0011748X, 0976464X";"Defence Scientific Information and Documentation Centre";No;No;0,259;Q4;48;78;291;2048;313;288;0,96;26,26;18,29;1;India;Asiatic Region;"Defence Scientific Information and Documentation Centre";"1970-1989, 1991-2025";"Multidisciplinary (Q2); Chemical Engineering (miscellaneous) (Q3); Electrical and Electronic Engineering (Q3); Mechanical Engineering (Q3); Physics and Astronomy (miscellaneous) (Q3); Biomedical Engineering (Q4); Computer Science Applications (Q4)";"Chemical Engineering; Computer Science; Engineering; Multidisciplinary; Physics and Astronomy"
588;21100285029;"International Journal of Information and Decision Sciences";journal;"17567017, 17567025";"Inderscience";No;No;0,259;Q4;19;20;62;951;87;62;0,45;47,55;35,42;0;Switzerland;Western Europe;"Inderscience";"2008-2025";"Information Systems and Management (Q3); Management of Technology and Innovation (Q3); Strategy and Management (Q3); Computer Science Applications (Q4)";"Business, Management and Accounting; Computer Science; Decision Sciences"
589;21100872796;"International Journal of Semantic Computing";journal;"17937108, 1793351X";"World Scientific";No;No;0,258;Q4;23;35;85;1290;70;73;0,58;36,86;22,78;0;Singapore;Asiatic Region;"World Scientific";"2007-2025";"Linguistics and Language (Q2); Computer Networks and Communications (Q3); Information Systems (Q3); Artificial Intelligence (Q4); Computer Science Applications (Q4); Software (Q4)";"Computer Science; Social Sciences"
590;27676;"Journal of Advanced Manufacturing Systems";journal;"17936896, 02196867";"World Scientific";No;No;0,257;Q4;28;49;120;1863;172;119;1,24;38,02;19,05;0;Singapore;Asiatic Region;"World Scientific";"2004-2026";"Industrial and Manufacturing Engineering (Q3); Strategy and Management (Q3); Computer Science Applications (Q4)";"Business, Management and Accounting; Computer Science; Engineering"
591;26985;"Kinetics and Catalysis";journal;"00231584, 16083210";"";No;No;0,254;Q4;43;79;263;3655;327;263;1,12;46,27;43,94;0;Russian Federation;Eastern Europe;"";"1968-1971, 1984-1992, 1996-2025";"Chemistry (miscellaneous) (Q3); Catalysis (Q4); Computer Science Applications (Q4); Modeling and Simulation (Q4)";"Chemical Engineering; Chemistry; Computer Science; Mathematics"
592;21100207616;"International Journal of Sociotechnology and Knowledge Development";journal;"19416253, 19416261";"IGI Global Publishing";No;No;0,253;Q4;19;9;104;1075;150;104;1,20;119,44;36,36;0;United States;Northern America;"IGI Global Publishing";"2009-2026";"Information Systems and Management (Q3); Computer Science Applications (Q4)";"Computer Science; Decision Sciences"
593;21101052736;"Journal of Computational Biophysics and Chemistry";journal;"27374173, 27374165";"World Scientific";No;No;0,252;Q4;35;74;190;4085;329;184;1,92;55,20;29,31;0;Singapore;Asiatic Region;"World Scientific";"2021-2026";"Computational Theory and Mathematics (Q3); Computer Science Applications (Q4); Physical and Theoretical Chemistry (Q4)";"Chemistry; Computer Science"
594;21100203110;"Computer Optics";journal;"24126179, 01342452";"Institution of Russian Academy of Sciences";Yes;Yes;0,251;Q4;43;109;338;3582;660;337;2,00;32,86;24,06;0;Russian Federation;Eastern Europe;"Institution of Russian Academy of Sciences";"2008-2025";"Electrical and Electronic Engineering (Q3); Engineering (miscellaneous) (Q3); Atomic and Molecular Physics, and Optics (Q4); Computer Science Applications (Q4); Computer Vision and Pattern Recognition (Q4)";"Computer Science; Engineering; Physics and Astronomy"
595;21100857397;"International Journal of E-Services and Mobile Applications";journal;"1941627X, 19416288";"IGI Global Publishing";No;No;0,251;Q4;17;5;70;340;109;70;1,08;68,00;40,00;0;United States;Northern America;"IGI Global Publishing";"2017-2025";"Computer Networks and Communications (Q3); Management Information Systems (Q3); Marketing (Q3); Strategy and Management (Q3); Computer Science Applications (Q4)";"Business, Management and Accounting; Computer Science"
596;28454;"COMPEL - The International Journal for Computation and Mathematics in Electrical and Electronic Engineering";journal;"03321649";"Emerald Group Publishing Ltd.";No;No;0,250;Q4;39;129;307;3049;318;300;1,22;23,64;22,22;0;United Kingdom;Western Europe;"Emerald Group Publishing Ltd.";"1982-2026";"Electrical and Electronic Engineering (Q3); Applied Mathematics (Q4); Computational Theory and Mathematics (Q4); Computer Science Applications (Q4)";"Computer Science; Engineering; Mathematics"
597;19900193684;"Journal of Multiscale Modelling";journal;"17569737, 17569745";"World Scientific";No;No;0,250;Q4;13;18;41;723;57;40;1,24;40,17;26,32;0;Singapore;Asiatic Region;"World Scientific";"2009-2010, 2019-2026";"Computer Science Applications (Q4); Modeling and Simulation (Q4)";"Computer Science; Mathematics"
598;5800207506;"International Journal of Modelling, Identification and Control";journal;"17466172, 17466180";"Inderscience Enterprises Ltd";No;No;0,248;Q4;36;63;275;1931;270;272;0,89;30,65;27,01;0;United Kingdom;Western Europe;"Inderscience Enterprises Ltd";"2006-2025";"Applied Mathematics (Q4); Computer Science Applications (Q4); Modeling and Simulation (Q4)";"Computer Science; Mathematics"
599;21100869464;"International Journal of Image and Graphics";journal;"02194678, 17936756";"World Scientific";No;No;0,247;Q4;28;92;159;4069;262;159;1,66;44,23;31,33;0;Singapore;Asiatic Region;"World Scientific";"2001-2026";"Computer Graphics and Computer-Aided Design (Q3); Computer Science Applications (Q4); Computer Vision and Pattern Recognition (Q4)";"Computer Science"
600;19400157135;"International Journal of Knowledge Management Studies";journal;"17438276, 17438268";"Inderscience Enterprises Ltd";No;No;0,246;Q4;18;15;66;1271;87;66;1,36;84,73;43,90;0;United Kingdom;Western Europe;"Inderscience Enterprises Ltd";"2006-2012, 2014-2025";"Information Systems and Management (Q3); Management Information Systems (Q3); Management of Technology and Innovation (Q3); Computer Science Applications (Q4)";"Business, Management and Accounting; Computer Science; Decision Sciences"
601;21100944442;"Journal of System and Management Sciences (discontinued)";journal;"18166075, 18180523";"Success Culture Press";Yes;No;0,246;Q4;19;214;249;9501;432;249;1,63;44,40;37,62;0;Hong Kong;Asiatic Region;"Success Culture Press";"2019-2024";"Information Systems (Q3); Information Systems and Management (Q3); Management of Technology and Innovation (Q3); Computer Science Applications (Q4); Control and Systems Engineering (Q4)";"Business, Management and Accounting; Computer Science; Decision Sciences; Engineering"
602;21100902867;"Differencialnie Uravnenia i Protsesy Upravlenia";journal;"18172172";"Saint Petersburg State University";No;No;0,245;Q4;8;28;84;683;49;84;0,56;24,39;25,53;0;Russian Federation;Eastern Europe;"Saint Petersburg State University";"2019-2025";"Information Systems (Q3); Analysis (Q4); Applied Mathematics (Q4); Computer Science Applications (Q4); Control and Optimization (Q4); Software (Q4)";"Computer Science; Mathematics"
603;21100787102;"International Biomechanics";journal;"23335432";"Taylor and Francis Ltd.";Yes;No;0,243;Q4;14;5;23;130;25;23;1,00;26,00;27,78;0;United Kingdom;Western Europe;"Taylor and Francis Ltd.";"2014-2026";"Orthopedics and Sports Medicine (Q3); Physical Therapy, Sports Therapy and Rehabilitation (Q3); Rehabilitation (Q3); Biomedical Engineering (Q4); Computer Science Applications (Q4)";"Computer Science; Engineering; Health Professions; Medicine"
604;19900192598;"International Journal of Modeling, Simulation, and Scientific Computing";journal;"17939623, 17939615";"World Scientific";No;No;0,243;Q4;29;95;226;2991;320;225;1,56;31,48;31,97;0;Singapore;Asiatic Region;"World Scientific";"2010-2026";"Computer Science Applications (Q4); Modeling and Simulation (Q4)";"Computer Science; Mathematics"
605;20000195008;"International Journal of Technological Learning, Innovation and Development";journal;"17531942, 17531950";"Inderscience Enterprises Ltd";No;No;0,243;Q4;30;10;50;691;44;50;0,76;69,10;34,62;0;United Kingdom;Western Europe;"Inderscience Enterprises Ltd";"2007-2025";"Education (Q3); Management of Technology and Innovation (Q3); Computer Science Applications (Q4)";"Business, Management and Accounting; Computer Science; Social Sciences"
606;101377;"Journal of Imaging Science and Technology";journal;"19433522, 10623701";"Society for Imaging Science and Technology";No;No;0,243;Q4;46;69;198;2164;233;181;0,73;31,36;30,43;0;United States;Northern America;"Society for Imaging Science and Technology";"1993-2025";"Chemistry (miscellaneous) (Q3); Electronic, Optical and Magnetic Materials (Q3); Atomic and Molecular Physics, and Optics (Q4); Computer Science Applications (Q4)";"Chemistry; Computer Science; Materials Science; Physics and Astronomy"
607;21100887424;"Electronic Journal of Knowledge Management";journal;"14794411";"Academic Conferences and Publishing International Limited";Yes;No;0,242;Q4;15;15;62;1005;97;59;1,11;67,00;42,86;0;United Kingdom;Western Europe;"Academic Conferences and Publishing International Limited";"2018-2026";"Computer Networks and Communications (Q3); Management Information Systems (Q3); Management of Technology and Innovation (Q3); Computer Science Applications (Q4)";"Business, Management and Accounting; Computer Science"
608;21579;"Numerical Heat Transfer, Part B: Fundamentals";journal;"15210626, 10407790";"Taylor and Francis Ltd.";No;No;0,241;Q4;66;58;91;2546;105;91;1,03;43,90;18,52;0;United Kingdom;Western Europe;"Taylor and Francis Ltd.";"1989-2026";"Mechanics of Materials (Q3); Computer Science Applications (Q4); Condensed Matter Physics (Q4); Modeling and Simulation (Q4); Numerical Analysis (Q4)";"Computer Science; Engineering; Mathematics; Physics and Astronomy"
609;21100992514;"International Journal of Computer Networks and Applications";journal;"23950455";"EverScience Publications";Yes;No;0,239;Q4;18;65;143;2437;240;143;1,53;37,49;21,74;0;India;Asiatic Region;"EverScience Publications";"2019-2025";"Computer Networks and Communications (Q3); Computer Science Applications (Q4)";"Computer Science"
610;8300153137;"International Journal of Metadata, Semantics and Ontologies";journal;"1744263X, 17442621";"Inderscience Enterprises Ltd";No;No;0,239;Q4;23;15;53;534;40;53;0,78;35,60;40,00;0;United Kingdom;Western Europe;"Inderscience Enterprises Ltd";"2006-2024";"Information Systems (Q3); Library and Information Sciences (Q3); Computer Science Applications (Q4); E-learning (Q4)";"Computer Science; Social Sciences"
611;21100206263;"New Mathematics and Natural Computation";journal;"17937027, 17930057";"World Scientific";No;No;0,239;Q4;21;50;122;1458;108;122;0,71;29,16;32,35;0;Singapore;Asiatic Region;"World Scientific";"2012-2026";"Applied Mathematics (Q4); Computational Mathematics (Q4); Computational Theory and Mathematics (Q4); Computer Science Applications (Q4); Human-Computer Interaction (Q4)";"Computer Science; Mathematics"
612;13196;"Progress in Computational Fluid Dynamics";journal;"14684349, 17415233";"Inderscience Enterprises Ltd";No;No;0,239;Q4;36;32;89;1196;84;89;0,61;37,38;18,75;0;United Kingdom;Western Europe;"Inderscience Enterprises Ltd";"2001-2026";"Computer Science Applications (Q4); Condensed Matter Physics (Q4)";"Computer Science; Physics and Astronomy"
613;30232;"Economic Computation and Economic Cybernetics Studies and Research";journal;"0424267X, 18423264";"Editura Academia de studii economice";No;No;0,238;Q4;25;76;232;1746;280;232;1,41;22,97;45,63;0;Romania;Eastern Europe;"Editura Academia de studii economice";"1968-1969, 1971-1973, 1975-1989, 2008-2025";"Economics and Econometrics (Q3); Applied Mathematics (Q4); Computer Science Applications (Q4)";"Computer Science; Economics, Econometrics and Finance; Mathematics"
614;21100868216;"Engineering and Applied Science Research";journal;"25396218, 25396161";"Faculty of Engineering, Khon Kaen University";Yes;Yes;0,238;Q4;17;69;209;2565;267;209;1,43;37,17;33,74;0;Thailand;Asiatic Region;"Faculty of Engineering, Khon Kaen University";"2017-2026";"Engineering (miscellaneous) (Q3); Computer Science Applications (Q4)";"Computer Science; Engineering"
615;21101021535;"GI_Forum";journal;"23081708";"Austrian Acedemy of Sciences Press";Yes;No;0,238;Q4;11;20;90;590;78;90;0,88;29,50;37,88;0;Austria;Western Europe;"Austrian Acedemy of Sciences Press";"2018-2024";"Computers in Earth Sciences (Q3); Education (Q3); Geography, Planning and Development (Q3); Computer Science Applications (Q4)";"Computer Science; Earth and Planetary Sciences; Social Sciences"
616;21100301442;"International Journal of Electronic Governance";journal;"17427517, 17427509";"Inderscience";No;No;0,238;Q4;24;24;58;1325;60;53;0,89;55,21;38,18;0;Switzerland;Western Europe;"Inderscience";"2007-2025";"Public Administration (Q3); Sociology and Political Science (Q3); Computer Science Applications (Q4)";"Computer Science; Social Sciences"
617;21100932524;"Journal of Technology and Chinese Language Teaching";journal;"1949260X";"Technology and Chinese Language Teaching Association";No;No;0,238;Q4;7;9;31;311;19;30;0,80;34,56;42,86;0;United States;Northern America;"Technology and Chinese Language Teaching Association";"2019-2025";"Linguistics and Language (Q2); Education (Q3); Computer Science Applications (Q4)";"Computer Science; Social Sciences"
618;21100255068;"Masaryk University Journal of Law and Technology";journal;"18025951, 18025943";"Faculty of Law, Masaryk University";Yes;No;0,238;Q4;10;10;34;671;23;34;0,71;67,10;25,00;0;Czech Republic;Eastern Europe;"Faculty of Law, Masaryk University";"2013-2025";"Law (Q2); Library and Information Sciences (Q3); Computer Science Applications (Q4)";"Computer Science; Social Sciences"
619;19700173012;"Organised Sound";journal;"13557718, 14698153";"Cambridge University Press";No;No;0,237;Q4;40;39;119;1648;80;112;0,51;42,26;18,18;0;United Kingdom;Western Europe;"Cambridge University Press";"1996, 1998-2026";"Music (Q1); Computer Science Applications (Q4)";"Arts and Humanities; Computer Science"
620;21101000293;"Mekhatronika, Avtomatizatsiya, Upravlenie";journal;"16846427, 26191253";"New Technologies Publishing House";No;No;0,235;Q4;7;71;226;1508;121;226;0,53;21,24;17,42;0;Russian Federation;Eastern Europe;"New Technologies Publishing House";"2019-2026";"Electrical and Electronic Engineering (Q3); Artificial Intelligence (Q4); Computer Science Applications (Q4); Control and Systems Engineering (Q4); Human-Computer Interaction (Q4); Software (Q4)";"Computer Science; Engineering"
621;144988;"Revue Francaise de Photogrammetrie et de Teledetection";journal;"17689791";"Soc. Francaise de Photogrammetrie et de Teledetection";Yes;Yes;0,235;Q4;11;3;34;73;27;30;0,84;24,33;0,00;0;France;Western Europe;"Soc. Francaise de Photogrammetrie et de Teledetection";"2004-2015, 2017-2025";"Electrical and Electronic Engineering (Q3); Computer Science Applications (Q4)";"Computer Science; Engineering"
622;88934;"Journal of Cases on Information Technology";journal;"15487717, 15487725";"IGI Publishing";No;No;0,233;Q4;24;20;83;861;114;83;1,32;43,05;43,08;0;United States;Northern America;"IGI Publishing";"2005-2026";"Information Systems and Management (Q3); Strategy and Management (Q3); Computer Science Applications (Q4); Information Systems (Q4)";"Business, Management and Accounting; Computer Science; Decision Sciences"
623;21100916741;"Journal of Verification, Validation and Uncertainty Quantification";journal;"23772158, 23772166";"The American Society of Mechanical Engineers(ASME)";No;No;0,232;Q4;15;17;77;707;65;74;0,74;41,59;10,71;0;United States;Northern America;"The American Society of Mechanical Engineers(ASME)";"2016-2025";"Computational Theory and Mathematics (Q4); Computer Science Applications (Q4); Modeling and Simulation (Q4); Statistics and Probability (Q4)";"Computer Science; Mathematics"
624;19700182335;"Advances in Bioinformatics";journal;"16878027, 16878035";"Hindawi Limited";Yes;No;0,230;Q4;28;0;1;0;4;1;0,00;0,00;0,00;0;Egypt;Africa/Middle East;"Hindawi Limited";"2008, 2010-2020";"Biochemistry, Genetics and Molecular Biology (miscellaneous) (Q3); Biomedical Engineering (Q4); Computer Science Applications (Q4)";"Biochemistry, Genetics and Molecular Biology; Computer Science; Engineering"
625;21101093016;"Chinese Journal of Intelligent Science and Technology";journal;"20966652";"Beijing Xintong Media Co., Ltd.";Yes;Yes;0,230;Q4;16;51;153;2119;172;151;1,05;41,55;37,41;0;China;Asiatic Region;"Beijing Xintong Media Co., Ltd.";"2019-2025";"Computer Science (miscellaneous) (Q3); Artificial Intelligence (Q4); Computer Science Applications (Q4)";"Computer Science"
626;21100904261;"Computer Assisted Methods in Engineering and Science";journal;"22993649, 29565839";"Institute of Fundamental Technological Research, Polish Academy of Sciences";Yes;Yes;0,230;Q4;15;33;50;905;56;49;1,03;27,42;34,55;0;Poland;Eastern Europe;"Institute of Fundamental Technological Research, Polish Academy of Sciences";"2012-2025";"Computational Mechanics (Q3); Mechanical Engineering (Q3); Computer Science Applications (Q4)";"Computer Science; Engineering"
627;21101055724;"Digital Chinese Medicine";journal;"2096479X, 25893777";"KeAi Communications Co.";Yes;Yes;0,230;Q4;15;40;99;1696;140;97;1,54;42,40;36,90;0;China;Asiatic Region;"KeAi Communications Co.";"2018-2025";"Complementary and Alternative Medicine (Q3); Computer Science Applications (Q4); Health Informatics (Q4); Medicine (miscellaneous) (Q4)";"Computer Science; Medicine"
628;25495;"Journal Europeen des Systemes Automatises";journal;"21167087, 12696935";"International Information and Engineering Technology Association";No;No;0,229;Q4;25;120;300;3653;357;300;1,18;30,44;22,73;0;France;Western Europe;"International Information and Engineering Technology Association";"1996-2014, 2016-2025";"Electrical and Electronic Engineering (Q3); Industrial and Manufacturing Engineering (Q3); Computer Science Applications (Q4); Control and Systems Engineering (Q4)";"Computer Science; Engineering"
629;21100864723;"Advanced Biomedical Engineering";journal;"21875219";"Japan Soc. of Med. Electronics and Biol. Engineering";Yes;No;0,228;Q4;11;28;73;782;46;71;0,72;27,93;19,01;0;Japan;Asiatic Region;"Japan Soc. of Med. Electronics and Biol. Engineering";"2012-2026";"Biomaterials (Q4); Biomedical Engineering (Q4); Biotechnology (Q4); Computer Science Applications (Q4); Computer Vision and Pattern Recognition (Q4)";"Biochemistry, Genetics and Molecular Biology; Computer Science; Engineering; Materials Science"
630;21100247039;"International Journal of Electronic Commerce Studies";journal;"20739729, 24108588";"Academy of Taiwan Information Systems Research";Yes;No;0,228;Q4;18;28;47;1828;54;47;0,74;65,29;43,55;0;Taiwan;Asiatic Region;"Academy of Taiwan Information Systems Research";"2013-2025";"Computer Science Applications (Q4)";"Computer Science"
631;21100836592;"International Journal of Technology Marketing";journal;"17418798, 1741878X";"Inderscience";No;No;0,228;Q4;21;16;67;1347;81;66;1,06;84,19;40,00;0;Switzerland;Western Europe;"Inderscience";"2005-2026";"Computer Science Applications (Q4); Marketing (Q4)";"Business, Management and Accounting; Computer Science"
632;19700177033;"Artnodes";journal;"16955951";"Universitat Oberta de Catalunya";Yes;Yes;0,226;Q4;11;36;95;1076;37;94;0,32;29,89;46,00;0;Spain;Western Europe;"Universitat Oberta de Catalunya";"2009-2025";"Literature and Literary Theory (Q1); Visual Arts and Performing Arts (Q1); Cultural Studies (Q2); Computer Graphics and Computer-Aided Design (Q3); Computer Science Applications (Q4)";"Arts and Humanities; Computer Science; Social Sciences"
633;15135;"Information Services and Use";journal;"01675265, 18758789";"SAGE Publications Ltd";No;No;0,225;Q4;28;46;125;1375;56;119;0,25;29,89;58,33;0;United Kingdom;Western Europe;"SAGE Publications Ltd";"1981-2025";"Library and Information Sciences (Q3); Computer Science Applications (Q4); Information Systems (Q4)";"Computer Science; Social Sciences"
634;17700155710;"International Journal of Computational Materials Science and Surface Engineering";journal;"17533465, 17533473";"Inderscience Enterprises Ltd";No;No;0,223;Q4;15;5;44;140;30;44;0,92;28,00;23,08;0;United Kingdom;Western Europe;"Inderscience Enterprises Ltd";"2007, 2009-2025";"Engineering (miscellaneous) (Q3); Materials Science (miscellaneous) (Q3); Computer Science Applications (Q4); Modeling and Simulation (Q4)";"Computer Science; Engineering; Materials Science; Mathematics"
635;6100152807;"International Journal of Value Chain Management";journal;"17415365, 17415357";"Inderscience Enterprises Ltd";No;No;0,222;Q4;20;20;57;1167;53;57;0,85;58,35;29,82;0;United Kingdom;Western Europe;"Inderscience Enterprises Ltd";"2006-2014, 2016-2025";"Computer Science Applications (Q4); Information Systems (Q4); Strategy and Management (Q4)";"Business, Management and Accounting; Computer Science"
636;26540;"Computer Music Journal";journal;"01489267, 15315169";"MIT Press";No;No;0,220;Q4;51;18;67;588;55;57;0,63;32,67;16,67;0;United States;Northern America;"MIT Press";"1982-1991, 1993-2024";"Music (Q2); Media Technology (Q3); Computer Science Applications (Q4)";"Arts and Humanities; Computer Science; Engineering"
637;21100855805;"Computer Research and Modeling";journal;"20767633, 20776853";"Institute of Computer Science Izhevsk";Yes;Yes;0,220;Q4;13;98;263;2596;128;242;0,45;26,49;29,65;0;Russian Federation;Eastern Europe;"Institute of Computer Science Izhevsk";"2017-2025";"Computational Theory and Mathematics (Q4); Computer Science Applications (Q4); Modeling and Simulation (Q4)";"Computer Science; Mathematics"
638;21101038721;"Data Analysis and Knowledge Discovery";journal;"20963467";"Chinese Academy of Sciences";No;No;0,219;Q4;17;153;441;5810;391;441;0,92;37,97;42,14;0;China;Asiatic Region;"Chinese Academy of Sciences";"2019-2025";"Library and Information Sciences (Q3); Artificial Intelligence (Q4); Computer Science Applications (Q4); Information Systems (Q4)";"Computer Science; Social Sciences"
639;13608;"Xitong Fangzhen Xuebao / Journal of System Simulation";journal;"1004731X";"Acta Simulata Systematica Sinica";No;No;0,219;Q4;35;225;832;5742;794;832;1,04;25,52;33,29;0;China;Asiatic Region;"Acta Simulata Systematica Sinica";"1998-1999, 2001-2026";"Aerospace Engineering (Q4); Computer Science Applications (Q4); Modeling and Simulation (Q4)";"Computer Science; Engineering; Mathematics"
640;21100815354;"JLIS.it";journal;"20381026, 20385366";"Universita di Firenze, Dipartimento di Storia, Archeologia, Geografia, Arte e Spettacolo";Yes;Yes;0,218;Q4;11;37;133;920;61;131;0,44;24,86;52,17;0;Italy;Western Europe;"Universita di Firenze, Dipartimento di Storia, Archeologia, Geografia, Arte e Spettacolo";"2017-2026";"Conservation (Q2); Library and Information Sciences (Q3); Computer Science Applications (Q4)";"Arts and Humanities; Computer Science; Social Sciences"
641;21100932833;"International Journal of Space Science and Engineering";journal;"20488459, 20488467";"Inderscience Enterprises Ltd";No;No;0,215;Q4;4;5;15;138;13;15;0,00;27,60;8,33;0;United Kingdom;Western Europe;"Inderscience Enterprises Ltd";"2019-2021, 2023-2025";"Aerospace Engineering (Q4); Computer Science Applications (Q4); Control and Systems Engineering (Q4); Space and Planetary Science (Q4)";"Computer Science; Earth and Planetary Sciences; Engineering"
642;21100922608;"International Journal of Computational Materials Science and Engineering";journal;"2047685X, 20476841";"World Scientific";No;No;0,214;Q4;18;41;72;1583;105;72;1,44;38,61;26,05;0;Singapore;Asiatic Region;"World Scientific";"2012-2026";"Materials Science (miscellaneous) (Q3); Computer Science Applications (Q4); Mechanics of Materials (Q4); Modeling and Simulation (Q4); Numerical Analysis (Q4)";"Computer Science; Engineering; Materials Science; Mathematics"
643;21101052723;"Chinese Journal on Internet of Things";journal;"20963750";"Beijing Xintong Media Co., Ltd.";Yes;No;0,213;Q4;11;54;166;1969;138;166;0,68;36,46;33,03;0;China;Asiatic Region;"Beijing Xintong Media Co., Ltd.";"2019-2025";"Computer Networks and Communications (Q4); Computer Science Applications (Q4); Computer Vision and Pattern Recognition (Q4); Information Systems (Q4)";"Computer Science"
644;21100781706;"South African Computer Journal";journal;"10157999, 23137835";"South African Institute of Computer Scientists and Information Technologists";Yes;No;0,213;Q4;14;22;54;745;39;48;0,52;33,86;36,67;0;South Africa;Africa;"South African Institute of Computer Scientists and Information Technologists";"2016-2025";"Education (Q3); Computer Networks and Communications (Q4); Computer Science Applications (Q4); Human-Computer Interaction (Q4); Information Systems (Q4)";"Computer Science; Social Sciences"
645;21100843325;"Supercomputing Frontiers and Innovations";journal;"23138734, 24096008";"South Ural State University, Publishing Center";Yes;Yes;0,212;Q4;21;28;77;781;78;77;1,07;27,89;21,74;0;Russian Federation;Eastern Europe;"South Ural State University, Publishing Center";"2014-2026";"Computational Theory and Mathematics (Q4); Computer Networks and Communications (Q4); Computer Science Applications (Q4); Hardware and Architecture (Q4); Information Systems (Q4); Software (Q4)";"Computer Science"
646;27686;"Xi'an Dianzi Keji Daxue Xuebao/Journal of Xidian University";journal;"10012400";"Science Press";No;No;0,212;Q4;20;123;410;2918;400;410;1,09;23,72;30,72;0;China;Asiatic Region;"Science Press";"2001-2025";"Computer Science Applications (Q4); Electrical and Electronic Engineering (Q4)";"Computer Science; Engineering"
647;21100211768;"International Journal of Computational Vision and Robotics";journal;"1752914X, 17529131";"Inderscience Enterprises Ltd";No;No;0,211;Q4;19;35;108;1252;112;108;1,05;35,77;38,16;0;United Kingdom;Western Europe;"Inderscience Enterprises Ltd";"2009-2026";"Computer Science Applications (Q4); Computer Vision and Pattern Recognition (Q4)";"Computer Science"
648;21100815385;"Archeologia e Calcolatori";journal;"23851953, 11206861";"Consiglio Nazionale delle Ricerche";Yes;Yes;0,210;Q4;10;58;123;1225;48;120;0,41;21,12;42,24;0;Italy;Western Europe;"Consiglio Nazionale delle Ricerche";"2016-2025";"Archeology (Q2); Archeology (arts and humanities) (Q2); Computer Science Applications (Q4)";"Arts and Humanities; Computer Science; Social Sciences"
649;21101131495;"Edutec";journal;"11359250";"GTE-Educational Technology Group, University of the Balearic Islands";Yes;Yes;0,210;Q4;12;41;137;1460;109;132;0,83;35,61;56,98;1;Spain;Western Europe;"GTE-Educational Technology Group, University of the Balearic Islands";"2019-2025";"Education (Q3); Computer Science Applications (Q4)";"Computer Science; Social Sciences"
650;21100817136;"International Journal of Sensors, Wireless Communications and Control";journal;"22103287, 22103279";"Bentham Science Publishers";No;No;0,209;Q4;18;36;249;1305;277;240;1,35;36,25;25,00;0;United Arab Emirates;Middle East;"Bentham Science Publishers";"2016-2026";"Computer Networks and Communications (Q4); Computer Science Applications (Q4); Control and Optimization (Q4); Electrical and Electronic Engineering (Q4)";"Computer Science; Engineering; Mathematics"
651;7900153143;"International Journal of Simulation and Process Modelling";journal;"17402123, 17402131";"Inderscience Enterprises Ltd";No;No;0,209;Q4;25;30;149;1057;93;146;0,67;35,23;29,17;0;United Kingdom;Western Europe;"Inderscience Enterprises Ltd";"2005-2025";"Applied Mathematics (Q4); Computer Science Applications (Q4); Modeling and Simulation (Q4)";"Computer Science; Mathematics"
652;21100201313;"Mathematical and Computational Forestry and Natural-Resource Sciences";journal;"19467664";"University of Georgia";Yes;No;0,209;Q4;15;5;21;129;10;21;0,38;25,80;36,84;0;United States;Northern America;"University of Georgia";"2009-2025";"Forestry (Q3); Applied Mathematics (Q4); Computer Science Applications (Q4); Environmental Engineering (Q4)";"Agricultural and Biological Sciences; Computer Science; Environmental Science; Mathematics"
653;21101133425;"Tehnicki Glasnik";journal;"18485588, 18466168";"University North";Yes;Yes;0,209;Q4;15;88;166;2272;173;166;1,04;25,82;28,38;1;Croatia;Eastern Europe;"University North";"2021-2025";"Engineering (miscellaneous) (Q3); Computer Graphics and Computer-Aided Design (Q4); Computer Science Applications (Q4); Information Systems (Q4); Management Information Systems (Q4)";"Business, Management and Accounting; Computer Science; Engineering"
654;18700156728;"International Journal of Vehicle Information and Communication Systems";journal;"17418208, 14710242";"Inderscience Enterprises Ltd";No;No;0,208;Q4;12;23;70;569;46;70;0,45;24,74;33,33;0;United Kingdom;Western Europe;"Inderscience Enterprises Ltd";"2005, 2008-2009, 2011, 2013, 2017-2026";"Automotive Engineering (Q3); Computer Science Applications (Q4); Control and Systems Engineering (Q4)";"Computer Science; Engineering"
655;21100790777;"Journal of Computing Science and Engineering";journal;"19764677, 20938020";"Korean Institute of Information Scientists and Engineers";Yes;No;0,208;Q4;20;21;53;519;39;53;0,65;24,71;20,00;0;South Korea;Asiatic Region;"Korean Institute of Information Scientists and Engineers";"2008, 2012-2025";"Engineering (miscellaneous) (Q3); Computer Science Applications (Q4)";"Computer Science; Engineering"
656;21101067491;"Journal of Medical Robotics Research";journal;"24249068, 2424905X";"World Scientific";No;No;0,208;Q4;19;12;31;430;35;31;1,24;35,83;13,46;0;Singapore;Asiatic Region;"World Scientific";"2016-2026";"Applied Mathematics (Q4); Artificial Intelligence (Q4); Biomedical Engineering (Q4); Computer Science Applications (Q4); Human-Computer Interaction (Q4)";"Computer Science; Engineering; Mathematics"
657;21101056542;"International Journal of Operations Research and Information Systems";journal;"19479328, 19479336";"IGI Global Publishing";No;No;0,207;Q4;10;1;27;35;57;27;3,45;35,00;33,33;0;United States;Northern America;"IGI Global Publishing";"2010, 2019-2023";"Computational Theory and Mathematics (Q4); Computer Networks and Communications (Q4); Computer Science Applications (Q4); Information Systems (Q4); Information Systems and Management (Q4); Management Information Systems (Q4)";"Business, Management and Accounting; Computer Science; Decision Sciences"
658;51658;"NTT Technical Review";journal;"13483447";"Nippon Telegraph and Telephone Corp.";No;No;0,207;Q4;20;130;413;411;68;411;0,15;3,16;11,36;0;Japan;Asiatic Region;"Nippon Telegraph and Telephone Corp.";"2003-2026";"Computer Networks and Communications (Q4); Computer Science Applications (Q4); Electrical and Electronic Engineering (Q4)";"Computer Science; Engineering"
659;21100865401;"International Journal on E-Learning: Corporate, Government, Healthcare, and Higher Education";journal;"15372456, 19435932";"Association for the Advancement of Computing in Education";No;No;0,206;Q4;19;15;58;638;57;57;0,62;42,53;54,29;0;United States;Northern America;"Association for the Advancement of Computing in Education";"2011-2025";"Computer Science Applications (Q4); Education (Q4)";"Computer Science; Social Sciences"
660;17700155303;"International Journal of Biometrics";journal;"1755831X, 17558301";"Inderscience Enterprises Ltd";No;No;0,205;Q4;20;42;90;1604;102;88;1,32;38,19;34,62;0;United Kingdom;Western Europe;"Inderscience Enterprises Ltd";"2008-2026";"Applied Mathematics (Q4); Computer Science Applications (Q4); Computer Vision and Pattern Recognition (Q4); Electrical and Electronic Engineering (Q4)";"Computer Science; Engineering; Mathematics"
661;19700201527;"IPSJ Transactions on Bioinformatics";journal;"18826679";"Information Processing Society of Japan";No;No;0,205;Q4;5;3;11;58;8;11;0,13;19,33;12,50;0;Japan;Asiatic Region;"Information Processing Society of Japan";"2008-2025";"Biochemistry, Genetics and Molecular Biology (miscellaneous) (Q4); Computer Science Applications (Q4)";"Biochemistry, Genetics and Molecular Biology; Computer Science"
662;21100945165;"Acta Informatica Pragensia";journal;"18054951";"";Yes;Yes;0,202;Q4;12;27;63;1101;65;59;1,16;40,78;25,00;0;Czech Republic;Eastern Europe;"";"2019-2025";"Library and Information Sciences (Q3); Computer Science Applications (Q4); Information Systems (Q4); Management Information Systems (Q4)";"Business, Management and Accounting; Computer Science; Social Sciences"
663;14100154713;"International Journal of Grid and Utility Computing";journal;"1741847X, 17418488";"Inderscience Enterprises Ltd";No;No;0,202;Q4;24;53;187;1803;134;184;0,68;34,02;32,06;0;United Kingdom;Western Europe;"Inderscience Enterprises Ltd";"2005, 2009, 2011-2026";"Applied Mathematics (Q4); Computer Science Applications (Q4); Management Information Systems (Q4)";"Business, Management and Accounting; Computer Science; Mathematics"
664;21100902603;"Informatsionno-Upravliaiushchie Sistemy";journal;"25418610, 16848853";"Saint Petersburg State University of Aerospace Instrumentation";No;No;0,199;Q4;11;35;122;862;101;122;0,71;24,63;37,93;0;Russian Federation;Eastern Europe;"Saint Petersburg State University of Aerospace Instrumentation";"2018-2025";"Computer Science Applications (Q4); Control and Optimization (Q4); Control and Systems Engineering (Q4); Human-Computer Interaction (Q4); Information Systems (Q4); Software (Q4)";"Computer Science; Engineering; Mathematics"
665;21100858129;"International Journal of Applied Metaheuristic Computing";journal;"19478283, 19478291";"IGI Global Publishing";No;No;0,198;Q4;11;2;77;83;74;77;0,89;41,50;25,00;0;United States;Northern America;"IGI Global Publishing";"2016, 2018-2025";"Computational Mathematics (Q4); Computational Theory and Mathematics (Q4); Computer Science Applications (Q4); Control and Optimization (Q4); Decision Sciences (miscellaneous) (Q4); Modeling and Simulation (Q4); Statistics and Probability (Q4)";"Computer Science; Decision Sciences; Mathematics"
666;21100925733;"International Journal of Public Administration in the Digital Age";journal;"23344539, 23344520";"IGI Global Publishing";No;No;0,198;Q4;10;1;27;79;35;27;1,17;79,00;75,00;0;United States;Northern America;"IGI Global Publishing";"2019-2021, 2023-2025";"Library and Information Sciences (Q3); Computer Science Applications (Q4); Public Administration (Q4)";"Computer Science; Social Sciences"
667;21101023123;"International Journal of Reliable and Quality E-Healthcare";journal;"21609551, 2160956X";"IGI Global Publishing";No;No;0,198;Q4;10;6;69;215;101;69;1,84;35,83;17,65;0;United States;Northern America;"IGI Global Publishing";"2019-2026";"Medical Laboratory Technology (Q3); Computer Science Applications (Q4); Health Informatics (Q4); Health Information Management (Q4); Leadership and Management (Q4)";"Computer Science; Health Professions; Medicine; Nursing"
668;145041;"Informatik-Spektrum";journal;"1432122X, 01706012";"Springer Science and Business Media Deutschland GmbH";Yes;No;0,196;Q4;27;43;193;713;73;138;0,41;16,58;19,05;1;Germany;Western Europe;"Springer Science and Business Media Deutschland GmbH";"1985, 1987, 1999, 2005-2026";"Computer Science Applications (Q4); Information Systems (Q4)";"Computer Science"
669;21100945266;"Science and Innovation";journal;"24099066, 24134996";"Publishing House Akademperiodyka";No;No;0,195;Q4;13;43;178;1227;123;178;0,80;28,53;47,57;1;Ukraine;Eastern Europe;"Publishing House Akademperiodyka";"2014-2026";"Engineering (miscellaneous) (Q3); Law (Q3); Computer Science Applications (Q4); Information Systems and Management (Q4); Management of Technology and Innovation (Q4)";"Business, Management and Accounting; Computer Science; Decision Sciences; Engineering; Social Sciences"
670;16040;"Dongbei Daxue Xuebao/Journal of Northeastern University";journal;"10053026";"Northeast University";No;No;0,193;Q4;24;226;770;4381;534;770;0,65;19,38;34,26;0;China;Asiatic Region;"Northeast University";"1998-2025";"Engineering (miscellaneous) (Q3); Applied Mathematics (Q4); Computer Science Applications (Q4)";"Computer Science; Engineering; Mathematics"
671;21100242240;"International Journal of Internet Technology and Secured Transactions";journal;"17485703, 1748569X";"Inderscience";No;No;0,192;Q4;17;6;111;212;138;109;1,01;35,33;20,00;0;Switzerland;Western Europe;"Inderscience";"2007, 2009-2025";"Computer Networks and Communications (Q4); Computer Science Applications (Q4)";"Computer Science"
672;21101059784;"Journal of Cyber Security";journal;"20961146";"Chinese Academy of Sciences";No;No;0,192;Q4;13;60;174;2458;171;174;0,81;40,97;32,23;0;China;Asiatic Region;"Chinese Academy of Sciences";"2019-2025";"Computer Networks and Communications (Q4); Computer Science Applications (Q4); Hardware and Architecture (Q4); Information Systems (Q4); Safety Research (Q4); Software (Q4)";"Computer Science; Social Sciences"
673;21100851239;"Mechatronic Systems and Control";journal;"25611771, 2561178X";"Acta Press";No;No;0,192;Q4;20;33;98;953;82;98;0,92;28,88;29,41;0;Canada;Northern America;"Acta Press";"2018-2025";"Computer Science Applications (Q4); Control and Systems Engineering (Q4)";"Computer Science; Engineering"
674;21100935773;"Journal of Cryptologic Research";journal;"20957025";"Chinese Association for Cryptologic Research";No;No;0,191;Q4;20;101;232;3385;195;226;0,75;33,51;33,65;0;China;Asiatic Region;"Chinese Association for Cryptologic Research";"2014-2025";"Applied Mathematics (Q4); Computational Mathematics (Q4); Computer Science Applications (Q4); Electrical and Electronic Engineering (Q4); Software (Q4)";"Computer Science; Engineering; Mathematics"
675;21100241768;"Preservation, Digital Technology and Culture";journal;"21952965, 21952957";"De Gruyter Saur";No;No;0,191;Q4;15;18;46;482;33;37;0,45;26,78;37,50;0;Germany;Western Europe;"De Gruyter Saur";"2013-2026";"Conservation (Q2); Library and Information Sciences (Q3); Computer Science Applications (Q4)";"Arts and Humanities; Computer Science; Social Sciences"
676;21100833036;"Texto Livre";journal;"19833652";"Lundiana";Yes;Yes;0,191;Q4;12;58;173;2194;113;168;0,71;37,83;52,34;0;Brazil;Latin America;"Lundiana";"2017-2026";"Linguistics and Language (Q2); Communication (Q3); Computer Science Applications (Q4); Education (Q4)";"Computer Science; Social Sciences"
677;21101041506;"Turkish Computational and Theoretical Chemistry";journal;"26023237, 25871722";"DergiPark";No;No;0,191;Q4;10;17;30;685;41;30;0,79;40,29;24,07;0;Turkey;Middle East;"DergiPark";"2018-2025";"Biochemistry (Q4); Biochemistry, Genetics and Molecular Biology (miscellaneous) (Q4); Computer Science Applications (Q4); Materials Chemistry (Q4); Molecular Medicine (Q4); Physical and Theoretical Chemistry (Q4)";"Biochemistry, Genetics and Molecular Biology; Chemistry; Computer Science; Materials Science"
678;21100201051;"Annals of Library and Information Studies";journal;"09725423, 09752404";"National Institute of Science Communication and Information Resources (NISCAIR)";Yes;Yes;0,190;Q4;19;5;102;151;60;98;0,43;30,20;20,00;0;India;Asiatic Region;"National Institute of Science Communication and Information Resources (NISCAIR)";"2011-2025";"Library and Information Sciences (Q3); Computer Science Applications (Q4)";"Computer Science; Social Sciences"
679;15489;"International Journal of Nanoscience";journal;"17935350, 0219581X";"World Scientific";No;No;0,188;Q4;37;60;175;2171;165;175;0,86;36,18;35,88;0;Singapore;Asiatic Region;"World Scientific";"2002, 2004-2026";"Bioengineering (Q4); Biotechnology (Q4); Computer Science Applications (Q4); Condensed Matter Physics (Q4); Electrical and Electronic Engineering (Q4); Materials Science (miscellaneous) (Q4); Nanoscience and Nanotechnology (Q4)";"Biochemistry, Genetics and Molecular Biology; Chemical Engineering; Computer Science; Engineering; Materials Science; Physics and Astronomy"
680;21101107949;"Journal of Bio-X Research";journal;"25773585, 20965672";"American Association for the Advancement of Science";Yes;Yes;0,187;Q4;10;16;77;1121;61;73;0,55;70,06;41,27;0;United States;Northern America;"American Association for the Advancement of Science";"2018-2026";"Biochemistry, Genetics and Molecular Biology (miscellaneous) (Q4); Biomedical Engineering (Q4); Computer Science Applications (Q4)";"Biochemistry, Genetics and Molecular Biology; Computer Science; Engineering"
681;21101028597;"Ledger";journal;"23795980";"University Library System, University of Pittsburgh";Yes;Yes;0,187;Q4;11;6;19;280;19;15;0,83;46,67;0,00;0;United States;Northern America;"University Library System, University of Pittsburgh";"2019-2025";"Economics, Econometrics and Finance (miscellaneous) (Q3); Computer Science Applications (Q4); Computer Science (miscellaneous) (Q4); Software (Q4)";"Computer Science; Economics, Econometrics and Finance"
682;21100396293;"International Journal of Electronic Finance";journal;"17460077, 17460069";"Inderscience";No;No;0,186;Q4;22;32;38;1650;52;38;1,42;51,56;36,49;0;Switzerland;Western Europe;"Inderscience";"2006-2016, 2018-2026";"Computer Networks and Communications (Q4); Computer Science Applications (Q4); E-learning (Q4); Finance (Q4); Management of Technology and Innovation (Q4)";"Business, Management and Accounting; Computer Science; Economics, Econometrics and Finance; Social Sciences"
683;11200153523;"International Journal of Manufacturing Research";journal;"17500591, 17500605";"Inderscience Enterprises Ltd";No;No;0,186;Q4;25;21;32;1002;22;32;0,35;47,71;33,33;0;United Kingdom;Western Europe;"Inderscience Enterprises Ltd";"2006-2025";"Industrial and Manufacturing Engineering (Q3); Computer Science Applications (Q4); Control and Systems Engineering (Q4); Modeling and Simulation (Q4)";"Computer Science; Engineering; Mathematics"
684;21101088441;"Review of Computer Engineering Research";journal;"24124281, 24109142";"Conscientia Beam";No;No;0,186;Q4;8;15;36;434;52;36;1,77;28,93;24,32;0;United States;Northern America;"Conscientia Beam";"2019-2026";"Computer Science Applications (Q4); Electrical and Electronic Engineering (Q4); Hardware and Architecture (Q4)";"Computer Science; Engineering"
685;21100294000;"Information and Control";journal;"10020411";"Editorial Board of Information and Control";No;No;0,185;Q4;16;69;238;2397;234;238;1,20;34,74;30,45;0;China;Asiatic Region;"Editorial Board of Information and Control";"2013-2025";"Artificial Intelligence (Q4); Computer Science Applications (Q4); Control and Optimization (Q4); Control and Systems Engineering (Q4); Human-Computer Interaction (Q4); Information Systems (Q4)";"Computer Science; Engineering; Mathematics"
686;21100935898;"Computer Science Journal of Moldova";journal;"15614042";"Institute of Mathematics and Computer Science of Moldova";Yes;Yes;0,184;Q4;8;21;64;438;26;61;0,39;20,86;35,56;0;Moldova;Eastern Europe;"Institute of Mathematics and Computer Science of Moldova";"2019-2025";"Artificial Intelligence (Q4); Computational Mathematics (Q4); Computational Theory and Mathematics (Q4); Computer Networks and Communications (Q4); Computer Science Applications (Q4); Control and Optimization (Q4); Modeling and Simulation (Q4); Software (Q4)";"Computer Science; Mathematics"
687;21101052353;"Research Data Journal for the Humanities and Social Sciences";journal;"24523666";"Brill Academic Publishers";Yes;Yes;0,184;Q4;5;5;30;156;21;30;1,06;31,20;41,18;0;Netherlands;Western Europe;"Brill Academic Publishers";"2016, 2020-2024";"Arts and Humanities (miscellaneous) (Q2); Social Sciences (miscellaneous) (Q3); Computer Science Applications (Q4)";"Arts and Humanities; Computer Science; Social Sciences"
688;21101132454;"Scripta and E-Scripta";journal;"1312238X, 26033364";"Institute for Literature, Bulgarian Academy of Sciences";No;No;0,184;Q4;3;10;62;523;13;62;0,27;52,30;23,08;0;Bulgaria;Eastern Europe;"Institute for Literature, Bulgarian Academy of Sciences";"2020-2025";"Literature and Literary Theory (Q1); History (Q2); Linguistics and Language (Q2); Computer Science Applications (Q4)";"Arts and Humanities; Computer Science; Social Sciences"
689;6400153175;"International Journal of Services Operations and Informatics";journal;"1741539X, 17415403";"Inderscience Enterprises Ltd";No;No;0,183;Q4;17;9;43;447;41;42;1,00;49,67;18,52;0;United Kingdom;Western Europe;"Inderscience Enterprises Ltd";"2006-2013, 2016-2024";"Computer Science Applications (Q4); Information Systems (Q4); Management Information Systems (Q4); Management Science and Operations Research (Q4)";"Business, Management and Accounting; Computer Science; Decision Sciences"
690;21101090158;"Journal of Sound and Music in Games";journal;"25783432";"University of California Press";No;No;0,183;Q4;8;21;54;501;30;51;0,45;23,86;27,27;0;United States;Northern America;"University of California Press";"2020-2025";"Music (Q2); Computer Science Applications (Q4)";"Arts and Humanities; Computer Science"
691;15629;"International Journal of Cooperative Information Systems";journal;"02188430, 17936365";"World Scientific Publishing Co. Pte Ltd";No;No;0,182;Q4;49;13;30;354;34;29;0,90;27,23;24,00;0;Singapore;Asiatic Region;"World Scientific Publishing Co. Pte Ltd";"1993, 1996-2025";"Computer Science Applications (Q4); Information Systems (Q4)";"Computer Science"
692;21101073952;"ISeCure";journal;"20083076, 20082045";"Iranian Society of Cryptology";No;Yes;0,182;Q4;8;31;72;1134;29;72;0,34;36,58;28,57;0;Iran;Middle East;"Iranian Society of Cryptology";"2019-2025";"Applied Mathematics (Q4); Computational Mathematics (Q4); Computational Theory and Mathematics (Q4); Computer Science Applications (Q4); Information Systems (Q4); Software (Q4)";"Computer Science; Mathematics"
693;21100795207;"Journal of Telecommunications and the Digital Economy";journal;"22031693";"Telecommunications Association Inc.";No;No;0,182;Q4;17;51;109;1742;82;107;0,68;34,16;33,71;1;Australia;Pacific Region;"Telecommunications Association Inc.";"2015-2025";"Communication (Q3); Media Technology (Q3); Computer Networks and Communications (Q4); Computer Science Applications (Q4); Management of Technology and Innovation (Q4)";"Business, Management and Accounting; Computer Science; Engineering; Social Sciences"
694;21100855992;"International Journal of Computational Economics and Econometrics";journal;"17571170, 17571189";"Inderscience";No;No;0,180;Q4;10;20;73;772;33;70;0,48;38,60;35,00;0;United Kingdom;Western Europe;"Inderscience";"2017-2026";"Computer Science Applications (Q4); Economics and Econometrics (Q4)";"Computer Science; Economics, Econometrics and Finance"
695;21100200659;"International Journal of Virtual and Personal Learning Environments";journal;"19478526, 19478518";"IGI Global Publishing";No;No;0,179;Q4;15;8;68;313;66;68;1,00;39,13;66,67;0;United States;Northern America;"IGI Global Publishing";"2010-2026";"Computer Science Applications (Q4); Education (Q4); E-learning (Q4)";"Computer Science; Social Sciences"
696;21100423723;"International Journal of Electronic Business";journal;"14706067, 17415063";"Inderscience";No;No;0,177;Q4;17;20;60;1820;68;60;1,11;91,00;39,13;0;Switzerland;Western Europe;"Inderscience";"2007, 2009, 2011, 2014-2026";"Business, Management and Accounting (miscellaneous) (Q4); Computer Science Applications (Q4)";"Business, Management and Accounting; Computer Science"
697;21100823281;"International Journal of Software Innovation";journal;"21667179, 21667160";"IGI Global Publishing";No;No;0,175;Q4;15;16;212;622;161;212;0,66;38,88;38,00;0;United States;Northern America;"IGI Global Publishing";"2017-2026";"Artificial Intelligence (Q4); Computer Graphics and Computer-Aided Design (Q4); Computer Networks and Communications (Q4); Computer Science Applications (Q4); Software (Q4)";"Computer Science"
698;21101022485;"AGIT- Journal fur Angewandte Geoinformatik";journal;"2509713X, 23649283";"V D E Verlag GmbH";Yes;No;0,174;Q4;5;16;75;275;20;74;0,33;17,19;21,28;0;Germany;Western Europe;"V D E Verlag GmbH";"2017-2023";"Computer Science Applications (Q4); Computers in Earth Sciences (Q4); Management, Monitoring, Policy and Law (Q4)";"Computer Science; Earth and Planetary Sciences; Environmental Science"
699;14000156125;"Language Documentation and Conservation";journal;"19345275";"University of Hawaii Press";Yes;Yes;0,174;Q4;16;10;156;427;83;156;0,55;42,70;68,18;0;United States;Northern America;"University of Hawaii Press";"2016-2025";"Linguistics and Language (Q2); Library and Information Sciences (Q3); Computer Science Applications (Q4)";"Computer Science; Social Sciences"
700;54666;"International Journal of Networking and Virtual Organisations";journal;"14709503, 17415225";"Inderscience Publishers";No;No;0,173;Q4;24;51;121;1665;108;118;0,93;32,65;40,28;0;United Kingdom;Western Europe;"Inderscience Publishers";"2002-2025";"Computer Networks and Communications (Q4); Computer Science Applications (Q4); Information Systems and Management (Q4); Strategy and Management (Q4)";"Business, Management and Accounting; Computer Science; Decision Sciences"
701;21101176022;"Journal of Applied Data Sciences";journal;"27236471";"";No;No;0,171;Q4;17;43;52;1226;63;52;1,19;28,51;46,07;1;Indonesia;Asiatic Region;"";"2020-2026";"Artificial Intelligence (Q4); Computer Science Applications (Q4); Computer Science (miscellaneous) (Q4); Information Systems (Q4)";"Computer Science"
702;21101028571;"SAE International Journal of Transportation Cybersecurity and Privacy";journal;"25721054, 25721046";"SAE International";No;No;0,171;Q4;6;0;23;0;18;23;0,78;0,00;0,00;0;United States;Northern America;"SAE International";"2019-2021";"Automotive Engineering (Q4); Computer Networks and Communications (Q4); Computer Science Applications (Q4); Information Systems (Q4); Safety, Risk, Reliability and Quality (Q4)";"Computer Science; Engineering"
703;21100855995;"International Journal of Cloud Computing";journal;"20439997, 20439989";"Inderscience Enterprises Ltd";No;No;0,170;Q4;11;36;110;975;95;107;0,92;27,08;30,00;0;United Kingdom;Western Europe;"Inderscience Enterprises Ltd";"2013-2014, 2017-2025";"Computer Networks and Communications (Q4); Computer Science Applications (Q4); Computer Science (miscellaneous) (Q4); Software (Q4)";"Computer Science"
704;21100199341;"International Journal of Data Mining, Modelling and Management";journal;"17591163, 17591171";"Inderscience";No;No;0,170;Q4;18;20;59;803;43;59;0,60;40,15;31,75;0;Switzerland;Western Europe;"Inderscience";"2008-2026";"Computer Science Applications (Q4); Management Information Systems (Q4); Modeling and Simulation (Q4)";"Business, Management and Accounting; Computer Science; Mathematics"
705;14500154739;"Journal of Computational Methods in Sciences and Engineering";journal;"14727978";"SAGE Publications Ltd";No;No;0,170;Q4;23;250;456;5675;272;455;0,62;22,70;38,91;0;United Kingdom;Western Europe;"SAGE Publications Ltd";"2001-2025";"Computational Mathematics (Q4); Computer Science Applications (Q4); Engineering (miscellaneous) (Q4)";"Computer Science; Engineering; Mathematics"
706;21100358107;"Medijske Studije";journal;"18479758, 18485030";"Faculty of Political Sciences, University of Zagreb";Yes;Yes;0,170;Q4;11;15;41;739;22;37;0,58;49,27;64,00;0;Croatia;Eastern Europe;"Faculty of Political Sciences, University of Zagreb";"2014-2025";"Communication (Q3); Computer Science Applications (Q4)";"Computer Science; Social Sciences"
707;21101120334;"Journal of Graphics";journal;"2095302X";"";No;No;0,169;Q4;16;130;363;3768;322;362;0,80;28,98;36,17;0;China;Asiatic Region;"";"2019-2025";"Computer Graphics and Computer-Aided Design (Q4); Computer Science Applications (Q4); Computer Vision and Pattern Recognition (Q4); Engineering (miscellaneous) (Q4); Industrial and Manufacturing Engineering (Q4)";"Computer Science; Engineering"
708;21101073954;"CLEI Eletronic Journal (CLEIej)";journal;"07175000";"Latin American Center for Informatics Studies";Yes;Yes;0,168;Q4;6;21;56;741;28;51;0,58;35,29;18,75;0;Chile;Latin America;"Latin American Center for Informatics Studies";"2019-2025";"Computational Mathematics (Q4); Computer Science Applications (Q4); Computer Science (miscellaneous) (Q4); Theoretical Computer Science (Q4)";"Computer Science; Mathematics"
709;19700202714;"Journal of Information and Organizational Sciences";journal;"18463312, 18469418";"University of Zagreb, Faculty of Organization and Informatics";Yes;Yes;0,167;Q4;17;27;78;945;55;71;0,59;35,00;26,00;0;Croatia;Eastern Europe;"University of Zagreb, Faculty of Organization and Informatics";"2006-2025";"Library and Information Sciences (Q3); Computer Science Applications (Q4); Information Systems (Q4)";"Computer Science; Social Sciences"
710;21101111532;"Innovative Biosystems and Bioengineering";journal;"2616177X";"National Technical University of Ukraine Igor Sikorsky Kyiv Polytechnic Institute";Yes;No;0,165;Q4;8;21;61;937;51;59;0,89;44,62;68,60;0;Ukraine;Eastern Europe;"National Technical University of Ukraine Igor Sikorsky Kyiv Polytechnic Institute";"2019-2025";"Biochemistry (Q4); Biochemistry, Genetics and Molecular Biology (miscellaneous) (Q4); Bioengineering (Q4); Biomaterials (Q4); Biomedical Engineering (Q4); Biophysics (Q4); Biotechnology (Q4); Computer Science Applications (Q4)";"Biochemistry, Genetics and Molecular Biology; Chemical Engineering; Computer Science; Engineering; Materials Science"
711;21100981170;"Digital Studies/ Le Champ Numerique";journal;"19183666";"Open Library of Humanities";Yes;Yes;0,164;Q4;8;23;49;811;24;49;0,38;35,26;43,75;0;United Kingdom;Western Europe;"Open Library of Humanities";"2019-2025";"Arts and Humanities (miscellaneous) (Q3); Social Sciences (miscellaneous) (Q3); Computer Science Applications (Q4)";"Arts and Humanities; Computer Science; Social Sciences"
712;12000154321;"International Journals of e-Collaboration";journal;"15483681, 15483673";"IGI Global";No;No;0,163;Q4;30;53;127;1880;107;127;0,69;35,47;34,51;0;United States;Northern America;"IGI Global";"2005-2026";"Computer Networks and Communications (Q4); Computer Science Applications (Q4)";"Computer Science"
713;21101039901;"Journal of Language Modelling";journal;"2299856X, 22998470";"Institute of Computer Science, Polish Academy of Sciences";Yes;Yes;0,163;Q4;6;8;23;407;23;21;0,53;50,88;38,46;0;Poland;Eastern Europe;"Institute of Computer Science, Polish Academy of Sciences";"2020-2025";"Linguistics and Language (Q2); Computer Science Applications (Q4); Modeling and Simulation (Q4)";"Computer Science; Mathematics; Social Sciences"
714;19699;"International Journal of Services Technology and Management";journal;"14606720, 1741525X";"Inderscience Publishers";No;No;0,161;Q4;30;17;61;859;40;58;0,31;50,53;43,59;0;United Kingdom;Western Europe;"Inderscience Publishers";"2000-2025";"Computer Science Applications (Q4); E-learning (Q4); Engineering (miscellaneous) (Q4); Marketing (Q4); Strategy and Management (Q4)";"Business, Management and Accounting; Computer Science; Engineering; Social Sciences"
715;21100903186;"International Journal of Computational Methods and Experimental Measurements";journal;"20460554, 20460546";"International Information and Engineering Technology Association";Yes;No;0,160;Q4;14;29;84;996;66;84;0,98;34,34;21,18;0;Canada;Northern America;"International Information and Engineering Technology Association";"2013-2025";"Applied Mathematics (Q4); Computational Mathematics (Q4); Computational Mechanics (Q4); Computer Science Applications (Q4); Modeling and Simulation (Q4)";"Computer Science; Engineering; Mathematics"
716;21100818502;"Journal of Information Systems and Telecommunication";journal;"23221437, 23452773";"Iranian Academic Center for Education, Culture and Research";Yes;No;0,160;Q4;13;35;90;1348;59;90;0,76;38,51;31,87;0;Iran;Middle East;"Iranian Academic Center for Education, Culture and Research";"2013-2026";"Artificial Intelligence (Q4); Computer Networks and Communications (Q4); Computer Science Applications (Q4); Computer Vision and Pattern Recognition (Q4); Information Systems (Q4)";"Computer Science"
717;26693;"International Journal for Engineering Modelling";journal;"13301365, 18498671";"University of Split";Yes;No;0,159;Q4;13;13;34;460;18;34;0,70;35,38;31,11;0;Croatia;Eastern Europe;"University of Split";"1991-1992, 1994-2025";"Computer Science Applications (Q4); Mechanical Engineering (Q4); Mechanics of Materials (Q4); Modeling and Simulation (Q4); Software (Q4)";"Computer Science; Engineering; Mathematics"
718;21101061447;"International Journal of Reconfigurable and Embedded Systems";journal;"20894864, 27222608";"Institute of Advanced Engineering and Science";No;No;0,159;Q4;11;52;83;1654;81;83;1,23;31,81;30,36;1;Indonesia;Asiatic Region;"Institute of Advanced Engineering and Science";"2019-2025";"Computer Science Applications (Q4); Electrical and Electronic Engineering (Q4); Hardware and Architecture (Q4); Logic (Q4)";"Computer Science; Engineering; Mathematics"
719;21100932721;"ASEAN Engineering Journal";journal;"25869159";"Penerbit UTM Press";No;No;0,158;Q4;10;80;170;2598;86;170;0,49;32,48;35,94;0;Thailand;Asiatic Region;"Penerbit UTM Press";"2017-2025";"Chemical Engineering (miscellaneous) (Q4); Computer Science Applications (Q4); Energy Engineering and Power Technology (Q4); Engineering (miscellaneous) (Q4); Environmental Engineering (Q4); Geotechnical Engineering and Engineering Geology (Q4)";"Chemical Engineering; Computer Science; Earth and Planetary Sciences; Energy; Engineering; Environmental Science"
720;145256;"Australian Educational Computing";journal;"1443833X, 08169020";"Australian Council for Computers in Education";Yes;Yes;0,158;Q4;20;0;5;0;3;5;0,00;0,00;0,00;0;Australia;Pacific Region;"Australian Council for Computers in Education";"2002-2020";"Computer Science Applications (Q4); Education (Q4); E-learning (Q4)";"Computer Science; Social Sciences"
721;21100220382;"International Journal of Computer Aided Engineering and Technology";journal;"17572665, 17572657";"Inderscience";No;No;0,155;Q4;18;18;197;532;108;194;0,52;29,56;19,57;0;Switzerland;Western Europe;"Inderscience";"2008-2024";"Computer Science Applications (Q4); Engineering (miscellaneous) (Q4); Software (Q4)";"Computer Science; Engineering"
722;14411;"International Journal of Information Technology and Management";journal;"14614111, 17415179";"Inderscience Publishers";No;No;0,155;Q4;21;23;70;717;37;70;0,31;31,17;39,13;0;United Kingdom;Western Europe;"Inderscience Publishers";"2002-2025";"Computer Networks and Communications (Q4); Computer Science Applications (Q4); Hardware and Architecture (Q4); Software (Q4)";"Computer Science"
723;21101050913;"Journal of Image and Graphics (United Kingdom)";journal;"23013699";"University of Portsmouth";No;No;0,155;Q4;16;52;49;1505;196;49;4,00;28,94;25,55;0;United Kingdom;Western Europe;"University of Portsmouth";"2021-2026";"Computer Graphics and Computer-Aided Design (Q4); Computer Science Applications (Q4); Computer Vision and Pattern Recognition (Q4)";"Computer Science"
724;21100199535;"International Journal of Arts and Technology";journal;"17548861, 17548853";"Inderscience";No;No;0,153;Q4;23;5;58;176;25;57;0,35;35,20;57,14;0;Switzerland;Western Europe;"Inderscience";"2008-2017, 2019-2025";"Visual Arts and Performing Arts (Q2); Computer Science Applications (Q4)";"Arts and Humanities; Computer Science"
725;21100791249;"Pakistan Journal of Information Management and Libraries";journal;"24097462";"University of the Punjab";Yes;No;0,152;Q4;13;6;16;235;13;16;0,20;39,17;50,00;0;Pakistan;Asiatic Region;"University of the Punjab";"2014-2024";"Library and Information Sciences (Q3); Computer Science Applications (Q4)";"Computer Science; Social Sciences"
726;21100853929;"International Journal of Systematic Innovation";journal;"20778767, 20777973";"Society of Sytematic Innovation";No;No;0,151;Q4;8;24;58;1008;35;58;0,59;42,00;31,58;0;Taiwan;Asiatic Region;"Society of Sytematic Innovation";"2010-2025";"Artificial Intelligence (Q4); Computer Science Applications (Q4); Electrical and Electronic Engineering (Q4); Industrial and Manufacturing Engineering (Q4); Information Systems and Management (Q4); Management of Technology and Innovation (Q4); Mechanical Engineering (Q4); Multidisciplinary (Q4); Organizational Behavior and Human Resource Management (Q4); Strategy and Management (Q4)";"Business, Management and Accounting; Computer Science; Decision Sciences; Engineering; Multidisciplinary"
727;21101030114;"Scientific and Technical Journal of Information Technologies, Mechanics and Optics";journal;"22261494, 25000373";"ITMO University";Yes;No;0,151;Q4;11;142;377;3350;169;377;0,45;23,59;28,03;0;Russian Federation;Eastern Europe;"ITMO University";"2015, 2019-2025";"Atomic and Molecular Physics, and Optics (Q4); Computer Science Applications (Q4); Electronic, Optical and Magnetic Materials (Q4); Information Systems (Q4); Mechanical Engineering (Q4)";"Computer Science; Engineering; Materials Science; Physics and Astronomy"
728;21101021169;"Applied Computer Science";journal;"18953735, 23536977";"Polish Association for Knowledge Promotion";Yes;No;0,148;Q4;14;39;96;1165;76;96;0,92;29,87;28,32;0;Poland;Eastern Europe;"Polish Association for Knowledge Promotion";"2019-2025";"Artificial Intelligence (Q4); Biomedical Engineering (Q4); Computer Science Applications (Q4); Control and Systems Engineering (Q4); Economics, Econometrics and Finance (miscellaneous) (Q4); Industrial and Manufacturing Engineering (Q4); Information Systems (Q4); Mechanical Engineering (Q4)";"Computer Science; Economics, Econometrics and Finance; Engineering"
729;21101134649;"Fusion: Practice and Applications (discontinued)";journal;"27700070, 26924048";"American Scientific Publishing Group (ASPG)";No;No;0,147;Q4;18;85;84;2628;64;84;0,59;30,92;32,70;0;United States;Northern America;"American Scientific Publishing Group (ASPG)";"2020-2025";"Computer Networks and Communications (Q4); Computer Science Applications (Q4); Computer Science (miscellaneous) (Q4); Information Systems (Q4)";"Computer Science"
730;17700156776;"International Journal of Information and Communication Technology";journal;"14666642, 17418070";"Inderscience Enterprises Ltd";No;No;0,146;Q4;15;60;168;1342;74;168;0,41;22,37;37,82;0;United Kingdom;Western Europe;"Inderscience Enterprises Ltd";"2007-2026";"Computer Networks and Communications (Q4); Computer Science Applications (Q4); Information Systems (Q4); Software (Q4)";"Computer Science"
731;19700186854;"International Journal of Web Portals";journal;"19380208, 19380194";"IGI Global Publishing";No;No;0,146;Q4;12;0;20;0;14;20;0,50;0,00;0,00;0;United States;Northern America;"IGI Global Publishing";"2009-2022, 2025";"Computer Science Applications (Q4)";"Computer Science"
732;21101039659;"Video-Assisted Thoracic Surgery";journal;"25190792";"AME Publishing Company";No;No;0,146;Q4;6;37;108;1193;31;86;0,16;32,24;32,56;0;Hong Kong;Asiatic Region;"AME Publishing Company";"2019-2025";"Computer Science Applications (Q4); Pulmonary and Respiratory Medicine (Q4); Surgery (Q4)";"Computer Science; Medicine"
733;20449;"International Journal of Manufacturing Technology and Management";journal;"13682148, 17415195";"Inderscience Publishers";No;No;0,145;Q4;27;37;88;948;48;88;0,41;25,62;34,57;0;United Kingdom;Western Europe;"Inderscience Publishers";"2000-2026";"Computer Science Applications (Q4); Electrical and Electronic Engineering (Q4); Industrial and Manufacturing Engineering (Q4); Information Systems and Management (Q4); Strategy and Management (Q4)";"Business, Management and Accounting; Computer Science; Decision Sciences; Engineering"
734;17700156003;"WSEAS Transactions on Computer Research";journal;"24151521, 19918755";"World Scientific and Engineering Academy and Society";No;No;0,144;Q4;11;45;50;1664;30;50;0,71;36,98;32,04;0;Greece;Western Europe;"World Scientific and Engineering Academy and Society";"2008, 2019-2026";"Computer Science Applications (Q4); Computer Science (miscellaneous) (Q4); Electrical and Electronic Engineering (Q4); Engineering (miscellaneous) (Q4)";"Computer Science; Engineering"
735;23018;"Logos (The Netherlands)";journal;"18784712, 09579656";"Brill Academic Publishers";No;No;0,143;Q4;9;28;73;827;9;60;0,13;29,54;34,29;3;Netherlands;Western Europe;"Brill Academic Publishers";"1994, 1996-2025";"Literature and Literary Theory (Q2); Library and Information Sciences (Q3); Media Technology (Q3); Communication (Q4); Computer Science Applications (Q4); Education (Q4)";"Arts and Humanities; Computer Science; Engineering; Social Sciences"
736;21101117189;"Lujun Gongcheng Daxue Xuebao/Journal of Army Engineering University of PLA";journal;"20970730";"ARMY ENGINEERING UNIVERSITY OF PLA";No;No;0,143;Q4;4;69;73;1515;30;73;0,41;21,96;29,00;0;China;Asiatic Region;"ARMY ENGINEERING UNIVERSITY OF PLA";"2022-2025";"Civil and Structural Engineering (Q4); Computer Networks and Communications (Q4); Computer Science Applications (Q4); Electrical and Electronic Engineering (Q4); Engineering (miscellaneous) (Q4); Information Systems (Q4); Mechanical Engineering (Q4)";"Computer Science; Engineering"
737;144813;"WSEAS Transactions on Systems";journal;"22242678, 11092777";"World Scientific and Engineering Academy and Society";No;No;0,143;Q4;30;74;84;2217;51;84;0,61;29,96;35,63;0;Greece;Western Europe;"World Scientific and Engineering Academy and Society";"2005-2014, 2019, 2021-2025";"Computer Science Applications (Q4); Control and Systems Engineering (Q4)";"Computer Science; Engineering"
738;21101156891;"International Journal of Advances in Applied Sciences";journal;"27222594, 22528814";"Intelektual Pustaka Media Utama";No;No;0,142;Q4;10;46;119;1507;69;119;0,58;32,76;34,62;0;Indonesia;Asiatic Region;"Intelektual Pustaka Media Utama";"2012, 2019-2025";"Computer Science Applications (Q4); Electrical and Electronic Engineering (Q4); Energy (miscellaneous) (Q4); Engineering (miscellaneous) (Q4)";"Computer Science; Energy; Engineering"
739;21100258621;"International Journal of Technologies in Learning";journal;"23272686, 23270144";"Common Ground Research Networks";No;No;0,141;Q4;7;9;38;358;22;38;0,39;39,78;40,91;0;United States;Northern America;"Common Ground Research Networks";"2013-2025";"Computer Science Applications (Q4); Education (Q4); E-learning (Q4)";"Computer Science; Social Sciences"
740;145743;"Journal of Interactive Learning Research";journal;"1093023X";"Association for the Advancement of Computing in Education";No;No;0,135;Q4;36;23;38;1260;19;38;0,48;54,78;64,37;0;United States;Northern America;"Association for the Advancement of Computing in Education";"2005-2026";"Computer Science Applications (Q4); Education (Q4); Human-Computer Interaction (Q4)";"Computer Science; Social Sciences"
741;21101105295;"International Journal of Computer Theory and Engineering";journal;"17938201";"International Association of Computer Science and Information Technology";No;No;0,134;Q4;14;22;71;589;239;71;3,73;26,77;29,31;0;Singapore;Asiatic Region;"International Association of Computer Science and Information Technology";"2019-2025";"Computational Theory and Mathematics (Q4); Computer Science Applications (Q4)";"Computer Science"
742;6400153135;"Source Code for Biology and Medicine";journal;"17510473";"BioMed Central Ltd";Yes;No;0,133;Q4;35;0;1;0;0;1;0,00;0,00;0,00;0;United Kingdom;Western Europe;"BioMed Central Ltd";"2006-2020";"Computer Science Applications (Q4); Health Informatics (Q4); Information Systems (Q4); Information Systems and Management (Q4)";"Computer Science; Decision Sciences; Medicine"
743;19700186899;"International Journal of Applied Systemic Studies";journal;"17510597, 17510589";"Inderscience Enterprises Ltd";No;No;0,130;Q4;11;22;25;781;16;25;0,23;35,50;44,19;0;United Kingdom;Western Europe;"Inderscience Enterprises Ltd";"2007-2018, 2020, 2022-2025";"Computer Science Applications (Q4); Control and Systems Engineering (Q4); Information Systems and Management (Q4)";"Computer Science; Decision Sciences; Engineering"
744;21101111528;"Journal of Autonomous Intelligence (discontinued)";journal;"26305046";"Frontier Scientific Publishing";No;No;0,127;Q4;12;77;40;2498;17;40;0,27;32,44;35,07;0;Singapore;Asiatic Region;"Frontier Scientific Publishing";"2019-2024";"Artificial Intelligence (Q4); Computer Science Applications (Q4); Computer Science (miscellaneous) (Q4); Human-Computer Interaction (Q4)";"Computer Science"
745;144808;"WSEAS Transactions on Information Science and Applications";journal;"17900832, 22243402";"World Scientific and Engineering Academy and Society";No;No;0,126;Q4;23;47;54;1358;29;54;0,54;28,89;34,68;0;Greece;Western Europe;"World Scientific and Engineering Academy and Society";"2005-2014, 2019, 2021-2026";"Computer Science Applications (Q4); Information Systems (Q4)";"Computer Science"
746;6000152745;"Leonardo Music Journal";journal;"09611215";"MIT Press";No;No;0,124;Q4;19;0;26;0;8;22;0,00;0,00;0,00;0;United States;Northern America;"MIT Press";"2002-2012, 2014-2020";"Music (Q3); Computer Science Applications (Q4); Engineering (miscellaneous) (Q4)";"Arts and Humanities; Computer Science; Engineering"
747;21101077679;"International Journal of Mathematics and Physics";journal;"24095508, 22187987";"al-Farabi Kazakh State National University";No;No;0,123;Q4;5;22;56;729;15;56;0,28;33,14;49,18;0;Kazakhstan;Asiatic Region;"al-Farabi Kazakh State National University";"2019-2025";"Computer Science Applications (Q4); Mathematics (miscellaneous) (Q4); Physics and Astronomy (miscellaneous) (Q4)";"Computer Science; Mathematics; Physics and Astronomy"
748;19700201512;"IPSJ Transactions on System LSI Design Methodology";journal;"18826687";"Information Processing Society of Japan";No;No;0,123;Q4;14;6;20;108;9;18;0,60;18,00;6,25;0;Japan;Asiatic Region;"Information Processing Society of Japan";"2008-2026";"Computer Science Applications (Q4); Electrical and Electronic Engineering (Q4)";"Computer Science; Engineering"
749;21100784448;"Bulletin of TICMI";journal;"15120082";"Tbilisi State University";No;No;0,121;Q4;6;11;21;143;3;21;0,13;13,00;13,33;0;Georgia;Eastern Europe;"Tbilisi State University";"2016-2025";"Computer Science Applications (Q4); Mathematics (miscellaneous) (Q4)";"Computer Science; Mathematics"
750;21101042133;"Hellenic Journal of Radiology";journal;"26541629, 25290568";"Zita Medical Management";No;No;0,120;Q4;4;26;88;503;14;77;0,09;19,35;44,26;0;Greece;Western Europe;"Zita Medical Management";"2019-2025";"Artificial Intelligence (Q4); Computer Science Applications (Q4); Radiological and Ultrasound Technology (Q4); Radiology, Nuclear Medicine and Imaging (Q4)";"Computer Science; Health Professions; Medicine"
751;19600161802;"International Journal of Computational Biology and Drug Design";journal;"17560764, 17560756";"Inderscience Publishers";No;No;0,120;Q4;17;14;80;527;27;79;0,48;37,64;37,78;0;United Kingdom;Western Europe;"Inderscience Publishers";"2008-2025";"Computer Science Applications (Q4); Drug Discovery (Q4)";"Computer Science; Pharmacology, Toxicology and Pharmaceutics"
752;21100832514;"International Journal of Standardization Research";journal;"24708550, 24708542";"IGI Global Publishing";No;No;0,119;Q4;7;3;6;216;6;6;0,67;72,00;50,00;0;United States;Northern America;"IGI Global Publishing";"2015-2021, 2023";"Computer Science Applications (Q4); Management of Technology and Innovation (Q4)";"Business, Management and Accounting; Computer Science"
753;21100857116;"American, British and Canadian Studies";journal;"18411487, 1841964X";"Sciendo";Yes;Yes;0,118;Q4;5;21;61;450;11;54;0,10;21,43;50,00;0;Poland;Eastern Europe;"Sciendo";"2017-2025";"Literature and Literary Theory (Q2); Cultural Studies (Q3); Linguistics and Language (Q3); Anthropology (Q4); Computer Science Applications (Q4); Sociology and Political Science (Q4)";"Arts and Humanities; Computer Science; Social Sciences"
754;21100788880;"Journal of Science and Technology of the Arts";journal;"16469798, 21830088";"Universidade Catolica Portuguesa";Yes;Yes;0,112;Q4;9;24;97;465;19;85;0,12;19,38;58,62;0;Portugal;Western Europe;"Universidade Catolica Portuguesa";"2016-2025";"Conservation (Q3); Music (Q3); Visual Arts and Performing Arts (Q3); Arts and Humanities (miscellaneous) (Q4); Computer Science Applications (Q4)";"Arts and Humanities; Computer Science"
755;21101033264;"Journal of Forensic Document Examination";journal;"08950849, 26400677";"Association of Forensic Document Examiners";No;No;0,111;Q4;4;3;6;95;0;3;0,00;31,67;0,00;0;United States;Northern America;"Association of Forensic Document Examiners";"2014-2019, 2021, 2023-2024";"Artificial Intelligence (Q4); Arts and Humanities (miscellaneous) (Q4); Cognitive Neuroscience (Q4); Computational Theory and Mathematics (Q4); Computer Graphics and Computer-Aided Design (Q4); Computer Science Applications (Q4); Computer Vision and Pattern Recognition (Q4)";"Arts and Humanities; Computer Science; Neuroscience"
756;13012;"RAIRO - Theoretical Informatics and Applications";journal;"1290385X, 09883754";"EDP Sciences";No;No;0,110;Q4;34;12;29;247;8;27;0,18;20,58;20,69;0;France;Western Europe;"EDP Sciences";"1995-2026";"Computer Science Applications (Q4); Mathematics (miscellaneous) (Q4); Software (Q4)";"Computer Science; Mathematics"
757;19900189254;"International Journal of Technology, Knowledge and Society";journal;"28350391, 18323669";"Common Ground Research Networks";No;No;0,107;Q4;11;6;29;375;5;29;0,00;62,50;52,63;0;United States;Northern America;"Common Ground Research Networks";"2008-2014, 2016-2025";"Computer Science Applications (Q4); Education (Q4); Engineering (miscellaneous) (Q4); Library and Information Sciences (Q4); Social Sciences (miscellaneous) (Q4)";"Computer Science; Engineering; Social Sciences"
758;18800;"Kyokai Joho Imeji Zasshi/Journal of the Institute of Image Information and Television Engineers";journal;"13426907";"Institute of Image Information and Television Engineers";No;No;0,106;Q4;13;26;146;540;6;140;0,10;20,77;15,94;0;Japan;Asiatic Region;"Institute of Image Information and Television Engineers";"1997-2026";"Computer Science Applications (Q4); Electrical and Electronic Engineering (Q4); Media Technology (Q4)";"Computer Science; Engineering"
759;5000153603;"NII Technical Reports";journal;"13465597";"National Institute of Informatics";No;No;0,106;Q4;6;0;5;0;0;5;0,00;0,00;0,00;0;Japan;Asiatic Region;"National Institute of Informatics";"2003-2018, 2020";"Computer Science Applications (Q4); Information Systems (Q4)";"Computer Science"
760;21100925895;"Vestnik Tomskogo Gosudarstvennogo Universiteta - Upravlenie, Vychislitel'naya Tekhnika i Informatika";journal;"23112085, 19988605";"Tomsk State University";Yes;No;0,105;Q4;4;55;154;924;39;154;0,30;16,80;33,90;0;Russian Federation;Eastern Europe;"Tomsk State University";"2019-2025";"Computer Networks and Communications (Q4); Computer Science Applications (Q4); Information Systems (Q4)";"Computer Science"
761;21101046694;"Kartograficke Listy";journal;"13365274, 27298094";"Cartographic Society of the Slovak Republic";No;No;0,104;Q4;3;5;19;94;1;19;0,08;18,80;50,00;0;Slovakia;Eastern Europe;"Cartographic Society of the Slovak Republic";"2019-2025";"Computer Science Applications (Q4); Computers in Earth Sciences (Q4); Earth and Planetary Sciences (miscellaneous) (Q4); Earth-Surface Processes (Q4); Geophysics (Q4)";"Computer Science; Earth and Planetary Sciences"
762;21101129623;"NED University Journal of Research";journal;"27065758, 2304716X";"NED University Press";No;No;0,104;Q4;4;8;34;198;12;34;0,14;24,75;11,76;0;Pakistan;Asiatic Region;"NED University Press";"2019-2025";"Applied Mathematics (Q4); Artificial Intelligence (Q4); Computer Science Applications (Q4); Engineering (miscellaneous) (Q4); Materials Science (miscellaneous) (Q4)";"Computer Science; Engineering; Materials Science; Mathematics"
763;21101023684;"Fabriksoftware";journal;"25697692";"Gito Verlag";No;No;0,103;Q4;2;40;127;29;5;98;0,03;0,73;13,33;0;Germany;Western Europe;"Gito Verlag";"2018-2025";"Computer Science Applications (Q4); Industrial and Manufacturing Engineering (Q4); Information Systems (Q4); Information Systems and Management (Q4); Management of Technology and Innovation (Q4); Software (Q4)";"Business, Management and Accounting; Computer Science; Decision Sciences; Engineering"
764;17600155113;"International Journal of Computer Science and Applications";journal;"09729038";"Technomathematics Research Foundation";Yes;No;0,103;Q4;19;0;12;0;1;12;0,13;0,00;0,00;0;India;Asiatic Region;"Technomathematics Research Foundation";"2009-2021";"Computer Science Applications (Q4)";"Computer Science"
765;21100396507;"Algorithmic Finance";journal;"21576203, 21585571";"SAGE Publications Ltd";No;No;0,102;Q4;14;4;13;111;1;13;0,11;27,75;33,33;0;Netherlands;Western Europe;"SAGE Publications Ltd";"2011-2023";"Computational Mathematics (Q4); Computer Science Applications (Q4); Computer Vision and Pattern Recognition (Q4); Finance (Q4)";"Computer Science; Economics, Econometrics and Finance; Mathematics"
766;21100967511;"Musica Tecnologia";journal;"19740042, 19740050";"Firenze University Press";Yes;No;0,102;Q4;2;6;20;118;1;17;0,00;19,67;66,67;0;Italy;Western Europe;"Firenze University Press";"2020-2025";"Computer Science Applications (Q4); Electrical and Electronic Engineering (Q4); Music (Q4)";"Arts and Humanities; Computer Science; Engineering"
767;21100932465;"Moving Image Review and Art Journal";journal;"20456301, 20456298";"Intellect Ltd.";No;No;0,101;Q4;2;15;59;425;1;33;0,03;28,33;83,33;0;United Kingdom;Western Europe;"Intellect Ltd.";"2019-2025";"Computer Graphics and Computer-Aided Design (Q4); Computer Science Applications (Q4); Visual Arts and Performing Arts (Q4)";"Arts and Humanities; Computer Science"
768;21100202746;"TAL Traitement Automatique des Langues";journal;"12489433, 19650906";"Association pour le Traitement Automatique des Langues (ATALA)";Yes;No;0,101;Q4;13;9;36;410;5;31;0,20;45,56;50,00;0;France;Western Europe;"Association pour le Traitement Automatique des Langues (ATALA)";"2011-2024";"Computer Science Applications (Q4); Linguistics and Language (Q4)";"Computer Science; Social Sciences"
769;145035;"Mondo Digitale";journal;"1720898X";"Associazione Italiana per l'Informatica e il Calcolo Automatico";No;No;0,100;Q4;8;20;79;184;0;68;0,00;9,20;15,38;0;Italy;Western Europe;"Associazione Italiana per l'Informatica e il Calcolo Automatico";"2003-2024";"Computer Science Applications (Q4); Information Systems (Q4); Media Technology (Q4)";"Computer Science; Engineering"
770;6000153223;"Technoetic Arts";journal;"1477965X, 17589533";"Intellect Ltd.";No;No;0,100;Q4;8;20;74;719;8;72;0,10;35,95;66,67;0;United Kingdom;Western Europe;"Intellect Ltd.";"2012-2025";"Computer Science Applications (Q4); Human-Computer Interaction (Q4); Philosophy (Q4); Visual Arts and Performing Arts (Q4)";"Arts and Humanities; Computer Science"
771;21100932761;"3D Printing in Medicine";journal;"23656271";"BioMed Central Ltd";Yes;No;;-;33;33;103;1120;380;102;3,14;33,94;23,90;2;United Kingdom;Western Europe;"BioMed Central Ltd";"2016-2026";"Biomedical Engineering; Computer Science Applications; Radiology, Nuclear Medicine and Imaging";"Computer Science; Engineering; Medicine"
772;21101182803;"ACM Transactions on Evolutionary Learning and Optimization";journal;"26883007, 2688299X";"Association for Computing Machinery";No;No;;-;16;18;29;1182;121;28;4,17;65,67;14,52;0;United States;Northern America;"Association for Computing Machinery";"2021-2026";"Artificial Intelligence; Computational Theory and Mathematics; Computer Science Applications; Computer Science (miscellaneous); Computer Vision and Pattern Recognition; Software";"Computer Science"
773;21101309421;"Advanced Sensor Research";journal;"27511219";"Wiley-VCH Verlag";Yes;No;;-;21;109;6;10308;26;5;4,33;94,57;28,77;1;Germany;Western Europe;"Wiley-VCH Verlag";"2023-2026";"Biochemistry, Genetics and Molecular Biology (miscellaneous); Computer Science Applications; Medicine (miscellaneous)";"Biochemistry, Genetics and Molecular Biology; Computer Science; Medicine"
774;21101253556;"AIS Transactions on Human-Computer Interaction";journal;"19443900";"Association for Information Systems";No;No;;-;21;16;54;1692;243;48;3,27;105,75;37,50;0;United States;Northern America;"Association for Information Systems";"2010-2011, 2016, 2020-2025";"Computer Networks and Communications; Computer Science Applications; Human-Computer Interaction";"Computer Science"
775;21101252467;"Annual of Sofia University ";journal;"26035529, 13139215";"";No;No;;-;2;12;20;181;1;19;0,00;15,08;46,15;0;Bulgaria;Eastern Europe;"";"2020-2025";"Algebra and Number Theory; Applied Mathematics; Artificial Intelligence; Computer Science Applications";"Computer Science; Mathematics"
776;21101369105;"APL Machine Learning";journal;"27709019";"American Institute of Physics";Yes;No;;-;14;74;0;4183;0;0;0,00;56,53;23,32;1;United States;Northern America;"American Institute of Physics";"2023-2026";"Computer Science Applications; Computer Vision and Pattern Recognition; Human-Computer Interaction; Software";"Computer Science"
777;21101107570;"Applied Mathematics in Science and Engineering";journal;"27690911";"Routledge";Yes;No;;-;16;68;39;2489;84;39;2,15;36,60;29,44;0;United Kingdom;Western Europe;"Routledge";"2022-2026";"Applied Mathematics; Computer Science Applications; Engineering (miscellaneous)";"Computer Science; Engineering; Mathematics"
778;21101196736;"APTISI Transactions on Technopreneurship";journal;"26558807, 26568888";"Pandawan Sejahtera";Yes;No;;-;27;49;49;1349;108;49;2,20;27,53;35,87;1;Indonesia;Asiatic Region;"Pandawan Sejahtera";"2021-2026";"Artificial Intelligence; Computer Science Applications; Education; Management Information Systems";"Business, Management and Accounting; Computer Science; Social Sciences"
779;21101297680;"Artificial Intelligence and Applications";journal;"28110854";"Bon View Publishing Pte Ltd";No;No;;-;21;28;0;1027;0;0;0,00;36,68;30,88;0;Singapore;Asiatic Region;"Bon View Publishing Pte Ltd";"2023-2026";"Artificial Intelligence; Computer Science Applications";"Computer Science"
780;21101392371;"ASEAN Journal of Education";journal;"2465437X";"Research and Development Institute Suan Dusit University";No;No;;-;1;14;14;510;1;14;0,07;36,43;57,89;0;Thailand;Asiatic Region;"Research and Development Institute Suan Dusit University";"2022-2025";"Computer Science Applications; Education; Geography, Planning and Development; Health (social science); Public Administration";"Computer Science; Social Sciences"
781;21101265515;"Asia-Pacific Journal of Information Technology and Multimedia";journal;"22892192";"Penerbit Universiti Kebangsaan Malaysia";Yes;Yes;;-;5;20;20;678;5;20;0,25;33,90;61,76;0;Malaysia;Asiatic Region;"Penerbit Universiti Kebangsaan Malaysia";"2022-2025";"Artificial Intelligence; Computer Networks and Communications; Computer Science Applications; Computer Vision and Pattern Recognition";"Computer Science"
782;21101267689;"AUT Journal of Modeling and Simulation";journal;"25882953, 25882961";"Amirkabir University of Technology";No;No;;-;4;23;56;931;7;56;0,19;40,48;29,41;0;Iran;Middle East;"Amirkabir University of Technology";"2020-2025";"Applied Mathematics; Computer Science Applications; Engineering (miscellaneous); Modeling and Simulation";"Computer Science; Engineering; Mathematics"
783;21101289967;"Big Data and Computing Visions";journal;"2821014X, 27834956";"Research Expansion Alliance (REA)";No;No;;-;9;24;47;543;42;47;0,89;22,63;40,74;0;Serbia;Eastern Europe;"Research Expansion Alliance (REA)";"2021-2025";"Computer Networks and Communications; Computer Science Applications; Information Systems and Management; Management Information Systems";"Business, Management and Accounting; Computer Science; Decision Sciences"
784;21101192679;"Bioelectronic Medicine";journal;"23328886";"BioMed Central Ltd";Yes;No;;-;31;28;63;1976;230;58;3,20;70,57;29,59;1;United Kingdom;Western Europe;"BioMed Central Ltd";"2014-2016, 2018-2026";"Biomedical Engineering; Computer Science Applications; Medicine (miscellaneous)";"Computer Science; Engineering; Medicine"
785;21101259019;"Computers and Education Open";journal;"26665573";"Elsevier Ltd";Yes;No;;-;37;39;81;2757;475;81;5,86;70,69;52,03;4;United Kingdom;Western Europe;"Elsevier Ltd";"2021-2026";"Computer Science Applications; Education; Human-Computer Interaction";"Computer Science; Social Sciences"
786;21101257078;"Creative Mathematics and Informatics";journal;"1843441X, 1584286X";"SINUS Association";No;No;;-;6;24;80;499;15;80;0,22;20,79;31,58;0;Romania;Eastern Europe;"SINUS Association";"2020-2025";"Computational Mathematics; Computer Science Applications";"Computer Science; Mathematics"
787;21100912972;"Cutter Business Technology Journal (discontinued)";journal;"24753718, 24753742";"Cutter Consortium";No;No;;-;5;64;0;733;0;0;0,00;11,45;24,27;0;United States;Northern America;"Cutter Consortium";"2016-2019, 2023-2024";"Business and International Management; Computer Science Applications; Management of Technology and Innovation; Software; Strategy and Management";"Business, Management and Accounting; Computer Science"
788;21101188900;"Cyber Security and Applications";journal;"27729184";"KeAi Communications Co.";Yes;No;;-;20;20;0;968;0;0;0,00;48,40;25,81;0;China;Asiatic Region;"KeAi Communications Co.";"2023-2025";"Computer Networks and Communications; Computer Science Applications; Computer Science (miscellaneous); Information Systems";"Computer Science"
789;21101393933;"Data Science in Finance and Economics";journal;"27692140";"American Institute of Mathematical Sciences";No;No;;-;11;24;22;917;38;22;1,73;38,21;26,23;0;United States;Northern America;"American Institute of Mathematical Sciences";"2022-2026";"Artificial Intelligence; Computer Science Applications; Decision Sciences (miscellaneous); Economics and Econometrics; Finance; Statistics and Probability; Statistics, Probability and Uncertainty";"Computer Science; Decision Sciences; Economics, Econometrics and Finance; Mathematics"
790;21101256230;"Digital Finance";journal;"25246984, 25246186";"Springer International Publishing";No;No;;-;15;22;47;1045;105;44;1,43;47,50;7,14;0;Switzerland;Western Europe;"Springer International Publishing";"2019-2026";"Computer Science Applications; Finance";"Computer Science; Economics, Econometrics and Finance"
791;21101340498;"Digital Technologies Research and Applications";journal;"27545687";"UK Scientific Publishing Limited";No;No;;-;3;4;9;125;8;8;0,89;31,25;75,00;0;United Kingdom;Western Europe;"UK Scientific Publishing Limited";"2022-2025";"Artificial Intelligence; Computer Science Applications; Human-Computer Interaction";"Computer Science"
792;21101201510;"Digital Transformation and Society";journal;"27550761, 2755077X";"Emerald Publishing";Yes;Yes;;-;14;27;13;1248;8;10;0,62;46,22;28,57;0;United Kingdom;Western Europe;"Emerald Publishing";"2022-2026";"Computer Science Applications; Library and Information Sciences; Management of Technology and Innovation";"Business, Management and Accounting; Computer Science; Social Sciences"
793;21101347035;"Digital Transportation and Safety";journal;"28377842";"Maximum Academic Press";Yes;No;;-;9;26;1;1582;0;0;0,00;60,85;30,61;0;United States;Northern America;"Maximum Academic Press";"2022-2025";"Automotive Engineering; Computer Science Applications; Mechanical Engineering";"Computer Science; Engineering"
794;21101306831;"Distributed Ledger Technologies";journal;"27696480";"Association for Computing Machinery";No;No;;-;11;29;11;1619;15;10;1,36;55,83;19,63;1;United States;Northern America;"Association for Computing Machinery";"2022-2026";"Computer Science Applications; Information Systems; Management Information Systems";"Business, Management and Accounting; Computer Science"
795;21101254818;"EAI Endorsed Transactions on AI and Robotics";journal;"27907511";"European Alliance for Innovation";No;No;;-;16;21;15;956;86;15;5,73;45,52;22,73;0;Belgium;Western Europe;"European Alliance for Innovation";"2022-2026";"Artificial Intelligence; Computer Science Applications; Computer Science (miscellaneous); Engineering (miscellaneous)";"Computer Science; Engineering"
796;21101184660;"EAI Endorsed Transactions on Internet of Things";journal;"24141399";"European Alliance for Innovation";Yes;Yes;;-;13;20;0;664;0;0;0,00;33,20;27,12;0;Belgium;Western Europe;"European Alliance for Innovation";"2023-2025";"Computer Networks and Communications; Computer Science Applications; Engineering (miscellaneous); Hardware and Architecture; Information Systems; Management of Technology and Innovation";"Business, Management and Accounting; Computer Science; Engineering"
797;21101188705;"Frontiers in Blockchain";journal;"26247852";"Frontiers Media SA";Yes;No;;-;34;39;137;1877;603;131;2,77;48,13;11,76;1;Switzerland;Western Europe;"Frontiers Media SA";"2019-2026";"Computer Networks and Communications; Computer Science Applications; Computer Science (miscellaneous); Economics, Econometrics and Finance (miscellaneous)";"Computer Science; Economics, Econometrics and Finance"
798;21101224376;"IEEE Internet of Things Magazine";journal;"25763199, 25763180";"Institute of Electrical and Electronics Engineers Inc.";No;No;;-;38;94;260;1225;986;243;3,14;13,03;24,25;0;United States;Northern America;"Institute of Electrical and Electronics Engineers Inc.";"2020-2026";"Computer Networks and Communications; Computer Science Applications; Hardware and Architecture; Information Systems; Software";"Computer Science"
799;21101306675;"IEEE Journal of Emerging and Selected Topics in Industrial Electronics";journal;"26879735, 26879743";"Institute of Electrical and Electronics Engineers Inc.";No;No;;-;34;125;177;3847;818;176;4,62;30,78;14,58;0;United States;Northern America;"Institute of Electrical and Electronics Engineers Inc.";"2021-2026";"Computer Science Applications; Control and Systems Engineering; Electrical and Electronic Engineering";"Computer Science; Engineering"
800;21101374261;"IEEE Journal on Indoor and Seamless Positioning and Navigation";journal;"28327322";"Institute of Electrical and Electronics Engineers";Yes;No;;-;8;22;0;873;0;0;0,00;39,68;20,99;0;United States;Northern America;"Institute of Electrical and Electronics Engineers";"2023-2026";"Aerospace Engineering; Communication; Computer Science Applications; Earth and Planetary Sciences (miscellaneous); Electrical and Electronic Engineering; Ocean Engineering; Transportation";"Computer Science; Earth and Planetary Sciences; Engineering; Social Sciences"
801;21101348159;"IEEE Transactions on Machine Learning in Communications and Networking";journal;"2831316X";"Institute of Electrical and Electronics Engineers";Yes;No;;-;16;20;0;1000;0;0;0,00;50,00;25,32;0;United States;Northern America;"Institute of Electrical and Electronics Engineers";"2023-2026";"Artificial Intelligence; Computer Networks and Communications; Computer Science Applications; Signal Processing; Software";"Computer Science"
802;21101329154;"IEEE Transactions on Networking";journal;"29984157";"Institute of Electrical and Electronics Engineers Inc.";No;No;;-;192;220;610;10842;3059;610;4,37;49,28;24,97;0;United States;Northern America;"Institute of Electrical and Electronics Engineers Inc.";"2025-2026";"Computer Networks and Communications; Computer Science Applications; Electrical and Electronic Engineering; Software";"Computer Science; Engineering"
803;21101199913;"IET Blockchain";journal;"26341573";"John Wiley and Sons Inc";Yes;No;;-;15;29;17;1162;42;16;2,47;40,07;28,85;0;United Kingdom;Western Europe;"John Wiley and Sons Inc";"2021-2026";"Artificial Intelligence; Computer Networks and Communications; Computer Science Applications; Information Systems";"Computer Science"
804;21100970313;"Information Sciences Letters (discontinued)";journal;"2090956X, 20909551";"Natural Sciences Publishing";No;No;;-;28;452;285;14263;547;283;1,93;31,56;35,76;1;United States;Northern America;"Natural Sciences Publishing";"2019-2023";"Applied Mathematics; Computer Science Applications; Library and Information Sciences";"Computer Science; Mathematics; Social Sciences"
805;21101340491;"Innovative Technologies and Scientific Solutions for Industries";journal;"25229818, 25242296";"Kharkiv National University of Radio Electronics";Yes;No;;-;4;66;34;1278;29;34;0,85;19,36;38,10;0;Ukraine;Eastern Europe;"Kharkiv National University of Radio Electronics";"2022-2025";"Computer Networks and Communications; Computer Science Applications; Information Systems; Management of Technology and Innovation";"Business, Management and Accounting; Computer Science"
806;21101254074;"Intelligent Computing";journal;"27715892";"American Association for the Advancement of Science";Yes;Yes;;-;16;35;20;2829;32;19;1,60;80,83;20,83;1;United States;Northern America;"American Association for the Advancement of Science";"2022-2026";"Artificial Intelligence; Computer Science Applications; Computer Vision and Pattern Recognition; Electrical and Electronic Engineering; Human-Computer Interaction";"Computer Science; Engineering"
807;21101243354;"Intelligent Pharmacy";journal;"2949866X";"KeAi Publishing Communications Ltd.";Yes;No;;-;18;41;0;1620;0;0;0,00;39,51;36,57;0;China;Asiatic Region;"KeAi Publishing Communications Ltd.";"2023-2026";"Artificial Intelligence; Computer Science Applications; Pharmaceutical Science; Pharmacology";"Computer Science; Pharmacology, Toxicology and Pharmaceutics"
808;21101243610;"Intelligent Transportation Infrastructure";journal;"27529991";"Oxford University Press";Yes;No;;-;12;24;23;1703;31;22;1,35;70,96;26,37;0;United Kingdom;Western Europe;"Oxford University Press";"2022-2026";"Artificial Intelligence; Building and Construction; Civil and Structural Engineering; Computer Science Applications; Mathematics (miscellaneous); Transportation";"Computer Science; Engineering; Mathematics; Social Sciences"
809;21100268400;"International Journal for Technology in Mathematics Education";journal;"17442710, 20452519";"Research Information Ltd";No;No;;-;13;32;77;767;26;67;0,31;23,97;44,83;0;United Kingdom;Western Europe;"Research Information Ltd";"2012-2025";"Computational Theory and Mathematics; Computer Science Applications; Education";"Computer Science; Social Sciences"
810;21101274775;"International Journal Of Advances In Signal And Image Sciences";journal;"24570370";"";Yes;Yes;;-;15;10;20;189;89;20;4,45;18,90;29,41;0;India;Asiatic Region;"";"2021-2025";"Biomedical Engineering; Computer Science Applications; Electrical and Electronic Engineering; Signal Processing";"Computer Science; Engineering"
811;21101226492;"International Journal of Information Technology and Computer Science";journal;"20749007, 20749015";"Modern Education and Computer Science Press";No;No;;-;8;30;30;819;48;30;1,60;27,30;46,15;0;Hong Kong;Asiatic Region;"Modern Education and Computer Science Press";"2016, 2022-2026";"Artificial Intelligence; Computational Theory and Mathematics; Computer Networks and Communications; Computer Science Applications; Control and Systems Engineering; Information Systems";"Computer Science; Engineering"
812;21101186203;"International Journal of Intelligent Engineering Informatics (discontinued)";journal;"17588715, 17588723";"Inderscience Publishers";No;No;;-;8;15;24;540;28;24;1,17;36,00;21,88;0;United Kingdom;Western Europe;"Inderscience Publishers";"2022-2025";"Artificial Intelligence; Computer Science Applications; Computer Vision and Pattern Recognition; Human-Computer Interaction; Signal Processing; Software";"Computer Science"
813;19511;"International Journal of Mobile Communications";journal;"17415217, 1470949X";"Inderscience Publishers";No;No;;-;52;1;0;83;0;0;0,00;83,00;25,00;0;United Kingdom;Western Europe;"Inderscience Publishers";"2003-2019, 2021, 2023-2026";"Computer Networks and Communications; Computer Science Applications; Electrical and Electronic Engineering";"Computer Science; Engineering"
814;21101256227;"Iran Journal of Computer Science";journal;"25208438, 25208446";"Springer International Publishing";No;No;;-;22;33;70;1167;196;70;2,65;35,36;26,14;0;Switzerland;Western Europe;"Springer International Publishing";"2018-2026";"Computer Science Applications; Computer Science (miscellaneous)";"Computer Science"
815;21101346360;"Italian Journal of Educational Technology";journal;"25327720, 25324632";"Firenze University Press";No;No;;-;9;17;42;719;55;36;1,31;42,29;63,64;0;Italy;Western Europe;"Firenze University Press";"2021-2025";"Computer Science Applications; Education";"Computer Science; Social Sciences"
816;21101186823;"Journal of 3D Printing in Medicine";journal;"20594763, 20594755";"Future Science Group";No;No;;-;15;12;66;460;95;58;1,55;38,33;40,68;1;United Kingdom;Western Europe;"Future Science Group";"2018-2024";"Biomedical Engineering; Computer Science Applications; Radiology, Nuclear Medicine and Imaging";"Computer Science; Engineering; Medicine"
817;21101208643;"Journal of Computational and Cognitive Engineering";journal;"28109503, 28109570";"Bon View Publishing Pte Ltd";No;No;;-;30;40;27;1222;482;26;17,85;30,55;27,18;0;Singapore;Asiatic Region;"Bon View Publishing Pte Ltd";"2022-2025";"Computer Science Applications; Engineering (miscellaneous)";"Computer Science; Engineering"
818;21101190270;"Journal of Computational Mathematics and Data Science";journal;"27724158";"Elsevier B.V.";Yes;No;;-;16;16;36;573;105;36;2,92;35,81;21,88;0;Netherlands;Western Europe;"Elsevier B.V.";"2021-2026";"Applied Mathematics; Artificial Intelligence; Computational Mathematics; Computer Science Applications";"Computer Science; Mathematics"
819;21101363747;"Journal of Cyber Security and Risk Auditing";journal;"30795354";"Smart Technologies Academic Press";No;No;;-;15;4;0;90;0;0;0,00;22,50;50,00;0;Jordan;Middle East;"Smart Technologies Academic Press";"2023-2026";"Computer Science Applications";"Computer Science"
820;21101254075;"Journal of Cyber Security Technology";journal;"23742925, 23742917";"Taylor and Francis Ltd.";No;No;;-;20;11;24;494;71;24;3,13;44,91;26,92;0;United Kingdom;Western Europe;"Taylor and Francis Ltd.";"2017-2026";"Computer Networks and Communications; Computer Science Applications; Electrical and Electronic Engineering; Information Systems; Safety Research; Safety, Risk, Reliability and Quality; Signal Processing; Software";"Computer Science; Engineering; Social Sciences"
821;21101212490;"Journal of Cybersecurity and Information Management (discontinued)";journal;"27697851, 26906775";"American Scientific Publishing Group (ASPG)";No;No;;-;11;23;20;614;5;20;0,25;26,70;45,71;0;United States;Northern America;"American Scientific Publishing Group (ASPG)";"2022-2025";"Artificial Intelligence; Computer Science Applications; Information Systems";"Computer Science"
822;21101219666;"Journal of Data Science";journal;"1680743X, 16838602";"Center for Applied Statistics, School of Statistics, Renmin University of China";Yes;Yes;;-;11;48;114;1580;115;101;1,18;32,92;37,59;0;China;Asiatic Region;"Center for Applied Statistics, School of Statistics, Renmin University of China";"2020-2025";"Computer Science Applications; Statistics and Probability";"Computer Science; Mathematics"
823;21101346359;"Journal of Data Science and Intelligent Systems";journal;"29723841";"Bon View Publishing Pte Ltd";No;No;;-;16;13;0;595;0;0;0,00;45,77;26,47;0;Singapore;Asiatic Region;"Bon View Publishing Pte Ltd";"2023-2026";"Computer Science Applications; Information Systems";"Computer Science"
824;21100305268;"Journal of Educational Multimedia and Hypermedia";journal;"19435916, 10558896";"Association for the Advancement of Computing in Education";No;No;;-;14;3;46;122;29;46;0,48;40,67;33,33;0;United States;Northern America;"Association for the Advancement of Computing in Education";"2004, 2010, 2013-2023, 2025";"Computer Science Applications; Education";"Computer Science; Social Sciences"
825;21101300615;"Journal of Imaging Informatics in Medicine";journal;"29482933";"Springer Nature";No;No;;-;90;215;435;8097;2028;422;3,48;37,66;35,19;3;Switzerland;Western Europe;"Springer Nature";"2024-2026";"Computer Science Applications; Radiological and Ultrasound Technology; Radiology, Nuclear Medicine and Imaging";"Computer Science; Health Professions; Medicine"
826;21101160591;"Journal of Intelligent Systems and Internet of Things (discontinued)";journal;"2769786X, 26906791";"American Scientific Publishing Group (ASPG)";No;No;;-;17;55;0;1592;0;0;0,00;28,95;31,88;0;United States;Northern America;"American Scientific Publishing Group (ASPG)";"2023-2025";"Artificial Intelligence; Computer Networks and Communications; Computer Science Applications; Information Systems";"Computer Science"
827;21101393624;"Journal of Smart Tourism";journal;"27652157, 27657272";"SAGE Publications Ltd";No;No;;-;11;18;43;805;107;35;2,49;44,72;44,44;0;United Kingdom;Western Europe;"SAGE Publications Ltd";"2021-2026";"Artificial Intelligence; Computer Science Applications; Information Systems and Management; Management, Monitoring, Policy and Law; Marketing; Tourism, Leisure and Hospitality Management";"Business, Management and Accounting; Computer Science; Decision Sciences; Environmental Science"
828;21101206993;"Journal of Zhengzhou University - Natural Science";journal;"16716841";"";No;No;;-;10;76;207;1536;128;207;0,62;20,21;37,64;0;China;Asiatic Region;"";"2020-2025";"Artificial Intelligence; Computational Theory and Mathematics; Computer Science Applications; Multidisciplinary";"Computer Science; Multidisciplinary"
829;21101250389;"Journal on Interactive Systems";journal;"27637719";"Brazilian Computing Society";Yes;Yes;;-;10;40;60;1948;52;60;0,90;48,70;42,52;0;Brazil;Latin America;"Brazilian Computing Society";"2020-2026";"Computer Science Applications; Human-Computer Interaction; Information Systems";"Computer Science"
830;21101288925;"Jurnal RESTI";journal;"25800760";"Ikatan Ahli Informatika Indonesia";Yes;No;;-;13;164;290;4659;256;290;0,88;28,41;37,72;0;Indonesia;Asiatic Region;"Ikatan Ahli Informatika Indonesia";"2021-2025";"Artificial Intelligence; Computer Science Applications; Information Systems; Software";"Computer Science"
831;21101298331;"LatIA (discontinued)";journal;"3046403X";"";No;No;;-;15;24;0;1248;0;0;0,00;52,00;46,15;1;Uruguay;Latin America;"";"2023-2025";"Computer Science Applications; Computer Science (miscellaneous); Information Systems and Management; Media Technology";"Computer Science; Decision Sciences; Engineering"
832;21101162637;"Machine Learning with Applications";journal;"26668270";"Elsevier Ltd";Yes;No;;-;52;70;251;3922;2347;248;8,21;56,03;19,17;2;United Kingdom;Western Europe;"Elsevier Ltd";"2020-2026";"Artificial Intelligence; Computational Theory and Mathematics; Computer Science Applications; Information Systems";"Computer Science"
833;21101344617;"Mesopotamian Journal of Artificial Intelligence in Healthcare";journal;"3005365X";"Mesopotamian Academic Press";No;No;;-;13;16;0;400;0;0;0,00;25,00;33,33;0;Iraq;Middle East;"Mesopotamian Academic Press";"2023-2025";"Artificial Intelligence; Computer Science Applications; Computer Vision and Pattern Recognition; Signal Processing";"Computer Science"
834;21101284805;"Mesopotamian Journal of Big Data";journal;"29586453";"Mesopotamian Academic Press";No;No;;-;14;19;13;398;22;13;1,69;20,95;25,00;0;Iraq;Middle East;"Mesopotamian Academic Press";"2021-2025";"Artificial Intelligence; Computer Science Applications; Computer Vision and Pattern Recognition; Information Systems";"Computer Science"
835;21101303670;"Mesopotamian Journal of Computer Science";journal;"29586631";"Mesopotamian Academic Press";No;No;;-;12;16;10;457;5;9;0,50;28,56;42,31;0;Iraq;Middle East;"Mesopotamian Academic Press";"2021-2025";"Computer Science Applications; Computer Science (miscellaneous); Computer Vision and Pattern Recognition";"Computer Science"
836;21101202000;"Mesopotamian Journal of CyberSecurity";journal;"29586542";"Mesopotamian Academic Press";No;No;;-;18;19;13;459;71;13;5,46;24,16;48,78;0;Iraq;Middle East;"Mesopotamian Academic Press";"2021-2025";"Computer Networks and Communications; Computer Science Applications; Information Systems; Statistics and Probability";"Computer Science; Mathematics"
837;19700174653;"Mobile Information Systems (discontinued)";journal;"1875905X, 1574017X";"Hindawi Limited";Yes;No;;-;55;51;2146;1595;2688;2142;1,12;31,27;34,42;0;United Kingdom;Western Europe;"Hindawi Limited";"2005-2023";"Computer Networks and Communications; Computer Science Applications";"Computer Science"
838;21101299022;"npj Heritage Science";journal;"30593220";"Springer Science and Business Media Deutschland GmbH";No;No;;-;50;265;469;14987;1366;465;2,74;56,55;42,52;5;Germany;Western Europe;"Springer Science and Business Media Deutschland GmbH";"2025-2026";"Archeology; Archeology (arts and humanities); Chemistry (miscellaneous); Computer Science Applications; Conservation; Materials Science (miscellaneous); Spectroscopy";"Arts and Humanities; Chemistry; Computer Science; Materials Science; Social Sciences"
839;21101251694;"Revista Cientifica de Sistemas e Informatica";journal;"2709992X";"Universidad Nacional de San Martin";Yes;Yes;;-;5;16;30;365;16;27;0,53;22,81;16,67;1;Peru;Latin America;"Universidad Nacional de San Martin";"2021-2026";"Computer Science Applications; Computer Science (miscellaneous); Hardware and Architecture; Information Systems";"Computer Science"
840;21101180711;"Rivista Italiana di Informatica e Diritto";journal;"27047318";"Consiglio Nazionale delle Ricerche";Yes;Yes;;-;6;29;75;1001;12;72;0,18;34,52;41,94;0;Italy;Western Europe;"Consiglio Nazionale delle Ricerche";"2019-2025";"Artificial Intelligence; Computer Science Applications; Information Systems; Law";"Computer Science; Social Sciences"
841;19926;"Scientific Programming (discontinued)";journal;"1875919X, 10589244";"John Wiley and Sons Inc";Yes;No;;-;58;37;2051;1312;3018;2050;1,29;35,46;23,64;1;United States;Northern America;"John Wiley and Sons Inc";"1972, 1990, 1992-1997, 1999-2023";"Computer Science Applications; Software";"Computer Science"
842;21101079121;"TECHNO Review. International Technology, Science and Society Review / Revista Internacional de Tecnologia, Ciencia y Sociedad (discontinued)";journal;"26959933";"";No;No;;-;6;69;158;2450;47;158;0,30;35,51;43,51;3;Spain;Western Europe;"";"2021-2023";"Artificial Intelligence; Computer Networks and Communications; Computer Science Applications; History and Philosophy of Science; Information Systems";"Arts and Humanities; Computer Science"
843;21101338736;"VFAST Transactions on Software Engineering";journal;"24116246, 23093978";"VFAST Publisher";No;No;;-;7;57;101;1777;21;101;0,21;31,18;33,68;0;Pakistan;Asiatic Region;"VFAST Publisher";"2021-2025";"Artificial Intelligence; Computer Science Applications; Computer Science (miscellaneous); Software";"Computer Science"
