Rank;Sourceid;Title;Type;Issn;Publisher;Open Access;Open Access Diamond;SJR;SJR Quartile;H index;Total Docs. (2023);Total Docs. (3years);Total Refs.;Total Citations (3years);Citable Docs. (3years);Citations / Doc. (2years);Ref. / Doc.;%Female;Overton;Country;Region;Publisher;Coverage;Categories;Areas
1;40944;"Genome Biology";journal;"1474760X, 14747596";"BioMed Central Ltd";Yes;No;7,197;Q1;332;284;895;20105;10878;864;9,67;70,79;39,55;8;United Kingdom;Western Europe;"BioMed Central Ltd";"2000-2026";"Cell Biology (Q1); Ecology, Evolution, Behavior and Systematics (Q1); Genetics (Q1)";"Agricultural and Biological Sciences; Biochemistry, Genetics and Molecular Biology"
2;18567;"Fungal Diversity";journal;"15602745, 18789129";"Springer Nature";No;No;6,787;Q1;145;14;67;4934;1470;64;21,24;352,43;40,88;2;Netherlands;Western Europe;"Springer Nature";"1998-2025";"Ecology (Q1); Ecology, Evolution, Behavior and Systematics (Q1); Plant Science (Q1)";"Agricultural and Biological Sciences; Environmental Science"
3;19133;"Annual Review of Entomology";journal;"00664170, 15454487";"Annual Reviews Inc.";No;No;5,909;Q1;254;24;75;3272;1669;72;15,33;136,33;30,51;5;United States;Northern America;"Annual Reviews Inc.";"1961-1963, 1966-1967, 1969-1979, 1981-2026";"Ecology, Evolution, Behavior and Systematics (Q1); Insect Science (Q1)";"Agricultural and Biological Sciences"
4;21100447118;"Mycosphere";journal;"20777019, 20777000";"Zhongkai University";Yes;Yes;5,204;Q1;56;32;59;7567;958;58;11,10;236,47;38,06;0;China;Asiatic Region;"Zhongkai University";"2014-2025";"Ecology, Evolution, Behavior and Systematics (Q1); Plant Science (Q1)";"Agricultural and Biological Sciences"
5;14365;"Trends in Ecology and Evolution";journal;"01695347, 18728383";"Elsevier Ltd";No;No;5,165;Q1;410;153;425;8171;4586;332;10,38;53,41;39,86;26;United Kingdom;Western Europe;"Elsevier Ltd";"1986-2026";"Ecology, Evolution, Behavior and Systematics (Q1)";"Agricultural and Biological Sciences"
6;21100831440;"Nature Ecology and Evolution";journal;"2397334X";"Nature Research";No;No;5,056;Q1;159;281;808;13354;7535;564;7,92;47,52;38,91;48;United Kingdom;Western Europe;"Nature Research";"2016-2026";"Ecology (Q1); Ecology, Evolution, Behavior and Systematics (Q1)";"Agricultural and Biological Sciences; Environmental Science"
7;14599;"Ecology Letters";journal;"1461023X, 14610248";"Wiley-Blackwell Publishing Ltd";No;No;4,497;Q1;346;183;637;14175;5573;299;7,63;77,46;32,59;16;United Kingdom;Western Europe;"Wiley-Blackwell Publishing Ltd";"1998-2026";"Ecology, Evolution, Behavior and Systematics (Q1)";"Agricultural and Biological Sciences"
8;12216;"Molecular Biology and Evolution";journal;"15371719, 07374038";"Oxford University Press";Yes;No;4,061;Q1;264;275;1047;22376;10643;1024;10,96;81,37;38,20;2;United Kingdom;Western Europe;"Oxford University Press";"1983-2026";"Ecology, Evolution, Behavior and Systematics (Q1); Genetics (Q1); Molecular Biology (Q1)";"Agricultural and Biological Sciences; Biochemistry, Genetics and Molecular Biology"
9;5800173382;"ISME Journal";journal;"17517362, 17517370";"Oxford University Press";Yes;No;3,692;Q1;267;226;782;16261;9398;776;11,54;71,95;38,77;2;United Kingdom;Western Europe;"Oxford University Press";"2007-2026";"Ecology, Evolution, Behavior and Systematics (Q1); Microbiology (Q1)";"Agricultural and Biological Sciences; Immunology and Microbiology"
10;21101040628;"Evolution Letters";journal;"20563744";"Oxford University Press";Yes;No;3,373;Q1;43;44;135;3164;598;19;3,71;71,91;40,61;0;United Kingdom;Western Europe;"Oxford University Press";"2017-2026";"Ecology, Evolution, Behavior and Systematics (Q1); Genetics (Q1)";"Agricultural and Biological Sciences; Biochemistry, Genetics and Molecular Biology"
11;144675;"Frontiers in Ecology and the Environment";journal;"15409295, 15409309";"Wiley-Blackwell";No;No;3,291;Q1;220;102;340;2313;1981;185;5,51;22,68;45,63;19;United States;Northern America;"Wiley-Blackwell";"2003-2026";"Ecology (Q1); Ecology, Evolution, Behavior and Systematics (Q1)";"Agricultural and Biological Sciences; Environmental Science"
12;19900191736;"Conservation Letters";journal;"1755263X";"John Wiley and Sons Inc";Yes;No;3,176;Q1;125;58;219;2421;1717;86;7,31;41,74;43,59;26;United States;Northern America;"John Wiley and Sons Inc";"2008-2026";"Ecology (Q1); Ecology, Evolution, Behavior and Systematics (Q1); Nature and Landscape Conservation (Q1)";"Agricultural and Biological Sciences; Environmental Science"
13;14305;"Systematic Biology";journal;"1076836X, 10635157";"Oxford University Press";No;No;3,098;Q1;215;100;267;7968;1841;267;6,61;79,68;31,24;2;United Kingdom;Western Europe;"Oxford University Press";"1952, 1968-1975, 1977-1984, 1986, 1988-1989, 1991-2026";"Ecology, Evolution, Behavior and Systematics (Q1); Genetics (Q1)";"Agricultural and Biological Sciences; Biochemistry, Genetics and Molecular Biology"
14;19988;"Persoonia: Molecular Phylogeny and Evolution of Fungi";journal;"18789080, 00315850";"Westerdijk Fungal Biodiversity Institute";Yes;No;3,037;Q1;96;13;54;1960;548;54;10,30;150,77;31,01;0;Netherlands;Western Europe;"Westerdijk Fungal Biodiversity Institute";"1996-2000, 2002-2025";"Ecology, Evolution, Behavior and Systematics (Q1); Plant Science (Q1)";"Agricultural and Biological Sciences"
15;22044;"Global Ecology and Biogeography";journal;"14668238, 1466822X";"Wiley-Blackwell Publishing Ltd";No;No;2,744;Q1;206;166;534;12492;3840;509;6,50;75,25;33,55;9;United Kingdom;Western Europe;"Wiley-Blackwell Publishing Ltd";"1998-2026";"Ecology (Q1); Ecology, Evolution, Behavior and Systematics (Q1); Global and Planetary Change (Q1)";"Agricultural and Biological Sciences; Environmental Science"
16;64345;"Ecological Monographs";journal;"00129615, 15577015";"John Wiley and Sons Inc";No;No;2,697;Q1;188;37;131;4278;907;130;6,15;115,62;30,21;5;United States;Northern America;"John Wiley and Sons Inc";"1974-1977, 1979-1980, 1987-2026";"Ecology, Evolution, Behavior and Systematics (Q1)";"Agricultural and Biological Sciences"
17;21100217611;"Methods in Ecology and Evolution";journal;"2041210X";"British Ecological Society";Yes;No;2,643;Q1;191;246;621;13359;4700;613;6,75;54,30;31,86;0;United Kingdom;Western Europe;"British Ecological Society";"2011-2026";"Ecological Modeling (Q1); Ecology, Evolution, Behavior and Systematics (Q1)";"Agricultural and Biological Sciences; Environmental Science"
18;20276;"Ecography";journal;"16000587, 09067590";"Wiley-Blackwell Publishing Ltd";Yes;No;2,540;Q1;169;115;455;9274;2903;451;5,75;80,64;31,52;11;United Kingdom;Western Europe;"Wiley-Blackwell Publishing Ltd";"1978-2026";"Ecology, Evolution, Behavior and Systematics (Q1)";"Agricultural and Biological Sciences"
19;11700154306;"Molecular Ecology Resources";journal;"1755098X, 17550998";"Wiley-Blackwell Publishing Ltd";No;No;2,465;Q1;179;141;569;10596;4730;544;6,62;75,15;35,31;14;United Kingdom;Western Europe;"Wiley-Blackwell Publishing Ltd";"2008-2026";"Biotechnology (Q1); Ecology, Evolution, Behavior and Systematics (Q1); Genetics (Q1)";"Agricultural and Biological Sciences; Biochemistry, Genetics and Molecular Biology"
20;21100869015;"Current Forestry Reports";journal;"21986436";"Springer Science and Business Media Deutschland GmbH";No;No;2,316;Q1;58;31;62;3769;683;62;9,05;121,58;28,16;8;Switzerland;Western Europe;"Springer Science and Business Media Deutschland GmbH";"2015-2026";"Ecology (Q1); Ecology, Evolution, Behavior and Systematics (Q1); Forestry (Q1); Nature and Landscape Conservation (Q1)";"Agricultural and Biological Sciences; Environmental Science"
21;4000151808;"PLOS Genetics";journal;"15537390, 15537404";"Public Library of Science";Yes;No;2,219;Q1;292;413;1601;29330;6726;1586;3,90;71,02;42,94;3;United States;Northern America;"Public Library of Science";"2005-2026";"Cancer Research (Q1); Ecology, Evolution, Behavior and Systematics (Q1); Genetics (Q1); Genetics (clinical) (Q1); Molecular Biology (Q1)";"Agricultural and Biological Sciences; Biochemistry, Genetics and Molecular Biology; Medicine"
22;17822;"Conservation Biology";journal;"15231739, 08888892";"Wiley-Blackwell Publishing Ltd";No;No;2,168;Q1;267;140;523;8879;3160;476;5,74;63,42;39,96;25;United Kingdom;Western Europe;"Wiley-Blackwell Publishing Ltd";"1987-2026";"Ecology (Q1); Ecology, Evolution, Behavior and Systematics (Q1); Medicine (miscellaneous) (Q1); Nature and Landscape Conservation (Q1)";"Agricultural and Biological Sciences; Environmental Science; Medicine"
23;29602;"Journal of Ecology";journal;"00220477, 13652745";"Wiley-Blackwell Publishing Ltd";No;No;2,144;Q1;227;194;718;16494;4353;713;5,71;85,02;36,81;6;United Kingdom;Western Europe;"Wiley-Blackwell Publishing Ltd";"1975-1976, 1979-2026";"Ecology (Q1); Ecology, Evolution, Behavior and Systematics (Q1); Plant Science (Q1)";"Agricultural and Biological Sciences; Environmental Science"
24;21594;"Systematic Entomology";journal;"13653113, 03076970";"Wiley-Blackwell Publishing Ltd";No;No;2,123;Q1;85;40;162;3572;853;158;5,45;89,30;23,71;2;United Kingdom;Western Europe;"Wiley-Blackwell Publishing Ltd";"1976-2026";"Ecology, Evolution, Behavior and Systematics (Q1); Insect Science (Q1)";"Agricultural and Biological Sciences"
25;4400151713;"International Journal of Biological Sciences";journal;"14492288";"Ivyspring International Publisher";Yes;No;2,114;Q1;144;320;972;25966;8898;964;8,20;81,14;41,68;1;Australia;Pacific Region;"Ivyspring International Publisher";"2005-2026";"Applied Microbiology and Biotechnology (Q1); Cell Biology (Q1); Developmental Biology (Q1); Ecology, Evolution, Behavior and Systematics (Q1); Molecular Biology (Q1)";"Agricultural and Biological Sciences; Biochemistry, Genetics and Molecular Biology; Immunology and Microbiology"
26;21100322090;"Reviews in Fisheries Science and Aquaculture";journal;"23308249, 23308257";"Taylor and Francis Ltd.";No;No;2,085;Q1;96;30;81;4112;990;78;8,57;137,07;34,09;12;United Kingdom;Western Europe;"Taylor and Francis Ltd.";"2014-2026";"Aquatic Science (Q1); Ecology, Evolution, Behavior and Systematics (Q1); Management, Monitoring, Policy and Law (Q1)";"Agricultural and Biological Sciences; Environmental Science"
27;21101043805;"Environmental DNA";journal;"26374943";"John Wiley &amp; Sons Inc.";Yes;No;2,043;Q1;54;127;251;9003;1926;245;7,14;70,89;40,45;14;United States;Northern America;"John Wiley &amp; Sons Inc.";"2019-2026";"Ecology (Q1); Ecology, Evolution, Behavior and Systematics (Q1); Genetics (Q1)";"Agricultural and Biological Sciences; Biochemistry, Genetics and Molecular Biology; Environmental Science"
28;21928;"Fish and Fisheries";journal;"14672960, 14672979";"Wiley-Blackwell Publishing Ltd";No;No;1,991;Q1;149;66;258;6025;1757;252;6,71;91,29;32,72;27;United Kingdom;Western Europe;"Wiley-Blackwell Publishing Ltd";"2001-2026";"Aquatic Science (Q1); Ecology, Evolution, Behavior and Systematics (Q1); Management, Monitoring, Policy and Law (Q1); Oceanography (Q1)";"Agricultural and Biological Sciences; Earth and Planetary Sciences; Environmental Science"
29;17244;"Biological Conservation";journal;"00063207";"Elsevier B.V.";No;No;1,985;Q1;257;449;1157;33429;6863;1106;5,13;74,45;38,82;128;Netherlands;Western Europe;"Elsevier B.V.";"1968-2026";"Ecology, Evolution, Behavior and Systematics (Q1); Nature and Landscape Conservation (Q1)";"Agricultural and Biological Sciences; Environmental Science"
30;20308;"Ecology";journal;"19399170, 00129658";"Ecological Society of America";No;No;1,945;Q1;357;312;867;15498;3851;747;3,96;49,67;38,72;17;United States;Northern America;"Ecological Society of America";"1952-1953, 1959, 1961, 1963, 1966, 1969-1977, 1979-2026";"Ecology, Evolution, Behavior and Systematics (Q1)";"Agricultural and Biological Sciences"
31;21100203948;"EvoDevo";journal;"20419139";"BioMed Central Ltd";Yes;No;1,904;Q1;48;15;57;1156;239;56;3,52;77,07;40,98;0;United Kingdom;Western Europe;"BioMed Central Ltd";"2010-2026";"Developmental Biology (Q1); Ecology, Evolution, Behavior and Systematics (Q1); Genetics (Q1)";"Agricultural and Biological Sciences; Biochemistry, Genetics and Molecular Biology"
32;21100222556;"Journal of Contextual Behavioral Science";journal;"22121447";"Elsevier Inc.";No;No;1,902;Q1;58;94;276;5754;1402;257;3,51;61,21;56,01;2;United States;Northern America;"Elsevier Inc.";"2012-2026";"Applied Psychology (Q1); Behavioral Neuroscience (Q1); Ecology, Evolution, Behavior and Systematics (Q1); Health (social science) (Q1); Organizational Behavior and Human Resource Management (Q1)";"Agricultural and Biological Sciences; Business, Management and Accounting; Neuroscience; Psychology; Social Sciences"
33;18002;"Functional Ecology";journal;"02698463, 13652435";"Wiley-Blackwell Publishing Ltd";No;No;1,877;Q1;201;238;703;18259;3650;681;4,74;76,72;39,21;8;United Kingdom;Western Europe;"Wiley-Blackwell Publishing Ltd";"1987-2026";"Ecology, Evolution, Behavior and Systematics (Q1)";"Agricultural and Biological Sciences"
34;21100325079;"Current Opinion in Insect Science";journal;"22145745, 22145753";"Elsevier Inc.";No;No;1,839;Q1;89;95;310;5796;1849;278;5,56;61,01;40,71;5;United States;Northern America;"Elsevier Inc.";"2014-2026";"Ecology, Evolution, Behavior and Systematics (Q1); Insect Science (Q1)";"Agricultural and Biological Sciences"
35;29544;"Journal of Animal Ecology";journal;"00218790, 13652656";"Wiley-Blackwell Publishing Ltd";No;No;1,801;Q1;190;192;673;14679;2955;667;3,46;76,45;34,82;24;United Kingdom;Western Europe;"Wiley-Blackwell Publishing Ltd";"1979, 1982-2026";"Animal Science and Zoology (Q1); Ecology, Evolution, Behavior and Systematics (Q1)";"Agricultural and Biological Sciences"
36;21101045729;"People and Nature";journal;"25758314";"Wiley-Blackwell Publishing Ltd";Yes;No;1,792;Q1;55;144;292;13369;1889;287;4,56;92,84;48,94;37;United Kingdom;Western Europe;"Wiley-Blackwell Publishing Ltd";"2019-2026";"Ecology, Evolution, Behavior and Systematics (Q1)";"Agricultural and Biological Sciences"
37;13096;"BMC Biology";journal;"17417007";"BioMed Central Ltd";Yes;No;1,787;Q1;144;300;729;22361;3435;720;4,37;74,54;40,76;6;United Kingdom;Western Europe;"BioMed Central Ltd";"2003-2026";"Agricultural and Biological Sciences (miscellaneous) (Q1); Biochemistry, Genetics and Molecular Biology (miscellaneous) (Q1); Biotechnology (Q1); Cell Biology (Q1); Developmental Biology (Q1); Ecology, Evolution, Behavior and Systematics (Q1); Physiology (Q1); Plant Science (Q1); Structural Biology (Q1)";"Agricultural and Biological Sciences; Biochemistry, Genetics and Molecular Biology"
38;14551;"Diversity and Distributions";journal;"13669516, 14724642";"Wiley-Blackwell Publishing Ltd";Yes;No;1,787;Q1;155;110;516;9602;2592;506;4,84;87,29;32,55;13;United Kingdom;Western Europe;"Wiley-Blackwell Publishing Ltd";"1998-2026";"Ecology, Evolution, Behavior and Systematics (Q1)";"Agricultural and Biological Sciences"
39;130037;"Biogeosciences";journal;"17264189, 17264170";"Copernicus Publications";Yes;No;1,767;Q1;182;269;974;23092;4663;974;4,00;85,84;36,29;21;Germany;Western Europe;"Copernicus Publications";"2004-2026";"Earth-Surface Processes (Q1); Ecology, Evolution, Behavior and Systematics (Q1)";"Agricultural and Biological Sciences; Earth and Planetary Sciences"
40;22652;"Mammal Review";journal;"03051838, 13652907";"Wiley-Blackwell Publishing Ltd";No;No;1,735;Q1;99;19;121;1782;685;116;5,47;93,79;29,24;3;United Kingdom;Western Europe;"Wiley-Blackwell Publishing Ltd";"1970-2026";"Agricultural and Biological Sciences (miscellaneous) (Q1); Animal Science and Zoology (Q1); Ecology, Evolution, Behavior and Systematics (Q1)";"Agricultural and Biological Sciences"
41;20297;"Molecular Ecology";journal;"1365294X, 09621083";"Wiley-Blackwell Publishing Ltd";No;No;1,705;Q1;272;466;1269;42494;5910;1173;4,65;91,19;41,42;30;United Kingdom;Western Europe;"Wiley-Blackwell Publishing Ltd";"1992-2026";"Ecology, Evolution, Behavior and Systematics (Q1); Genetics (Q1)";"Agricultural and Biological Sciences; Biochemistry, Genetics and Molecular Biology"
42;4000151810;"PLOS Computational Biology";journal;"15537358, 1553734X";"Public Library of Science";Yes;No;1,652;Q1;237;709;2655;44525;10376;2642;3,65;62,80;30,83;8;United States;Northern America;"Public Library of Science";"2005-2026";"Cellular and Molecular Neuroscience (Q1); Computational Theory and Mathematics (Q1); Ecology (Q1); Ecology, Evolution, Behavior and Systematics (Q1); Genetics (Q1); Modeling and Simulation (Q1); Molecular Biology (Q1)";"Agricultural and Biological Sciences; Biochemistry, Genetics and Molecular Biology; Computer Science; Environmental Science; Mathematics; Neuroscience"
43;21100850723;"mSystems";journal;"23795077";"American Society for Microbiology";Yes;No;1,642;Q1;101;282;1113;19265;6205;1104;4,73;68,32;41,98;7;United States;Northern America;"American Society for Microbiology";"2016-2026";"Biochemistry (Q1); Computer Science Applications (Q1); Ecology, Evolution, Behavior and Systematics (Q1); Genetics (Q1); Microbiology (Q1); Modeling and Simulation (Q1); Molecular Biology (Q1); Physiology (Q1)";"Agricultural and Biological Sciences; Biochemistry, Genetics and Molecular Biology; Computer Science; Immunology and Microbiology; Mathematics"
44;20292;"Ecological Indicators";journal;"1470160X";"Elsevier B.V.";Yes;No;1,633;Q1;222;1530;3836;103827;29774;3818;7,69;67,86;37,48;65;Netherlands;Western Europe;"Elsevier B.V.";"2001-2026";"Decision Sciences (miscellaneous) (Q1); Ecology (Q1); Ecology, Evolution, Behavior and Systematics (Q1)";"Agricultural and Biological Sciences; Decision Sciences; Environmental Science"
45;21503;"Evolution and Human Behavior";journal;"10905138";"Elsevier Inc.";No;No;1,562;Q1;140;68;179;5190;764;157;3,11;76,32;33,76;1;United States;Northern America;"Elsevier Inc.";"1997-2026";"Arts and Humanities (miscellaneous) (Q1); Ecology, Evolution, Behavior and Systematics (Q1); Experimental and Cognitive Psychology (Q1)";"Agricultural and Biological Sciences; Arts and Humanities; Psychology"
46;26239;"Quaternary Science Reviews";journal;"02773791";"Elsevier Ltd";No;No;1,558;Q1;230;367;1225;38185;4705;1179;3,47;104,05;34,86;14;United Kingdom;Western Europe;"Elsevier Ltd";"1982-2026";"Archeology (Q1); Archeology (arts and humanities) (Q1); Ecology, Evolution, Behavior and Systematics (Q1); Geology (Q1); Global and Planetary Change (Q1)";"Agricultural and Biological Sciences; Arts and Humanities; Earth and Planetary Sciences; Environmental Science; Social Sciences"
47;14434;"Cladistics";journal;"10960031, 07483007";"Wiley-Blackwell Publishing Ltd";No;No;1,529;Q1;113;28;101;2588;427;100;4,57;92,43;21,62;2;United Kingdom;Western Europe;"Wiley-Blackwell Publishing Ltd";"1985-2026";"Ecology, Evolution, Behavior and Systematics (Q1)";"Agricultural and Biological Sciences"
48;21100469613;"Movement Ecology";journal;"20513933";"BioMed Central Ltd";Yes;No;1,522;Q1;55;75;160;5326;702;160;3,55;71,01;25,54;13;United Kingdom;Western Europe;"BioMed Central Ltd";"2013-2026";"Ecology, Evolution, Behavior and Systematics (Q1)";"Agricultural and Biological Sciences"
49;29269;"Journal of Biogeography";journal;"13652699, 03050270";"Wiley-Blackwell Publishing Ltd";No;No;1,460;Q1;191;175;635;13745;2622;603;3,58;78,54;29,04;9;United Kingdom;Western Europe;"Wiley-Blackwell Publishing Ltd";"1948, 1974, 1979-2026";"Ecology (Q1); Ecology, Evolution, Behavior and Systematics (Q1)";"Agricultural and Biological Sciences; Environmental Science"
50;24674;"Oikos";journal;"16000706, 00301299";"Wiley-Blackwell Publishing Ltd";Yes;No;1,447;Q1;217;189;514;14445;1851;511;3,27;76,43;37,39;4;United Kingdom;Western Europe;"Wiley-Blackwell Publishing Ltd";"1973-2026";"Ecology, Evolution, Behavior and Systematics (Q1)";"Agricultural and Biological Sciences"
51;20343;"Ecosystems";journal;"14329840, 14350629";"Springer";No;No;1,404;Q1;184;116;356;8815;1488;355;4,27;75,99;38,05;7;United States;Northern America;"Springer";"1998-2026";"Ecology (Q1); Ecology, Evolution, Behavior and Systematics (Q1); Environmental Chemistry (Q1)";"Agricultural and Biological Sciences; Environmental Science"
52;21100406884;"IMA Fungus";journal;"22106359, 22106340";"Pensoft Publishers";Yes;No;1,376;Q1;57;26;77;2196;419;73;5,04;84,46;40,10;0;Bulgaria;Eastern Europe;"Pensoft Publishers";"2010-2026";"Agricultural and Biological Sciences (miscellaneous) (Q1); Ecology, Evolution, Behavior and Systematics (Q1); Plant Science (Q1)";"Agricultural and Biological Sciences"
53;18927;"Journal of Human Evolution";journal;"00472484, 10958606";"Academic Press";No;No;1,370;Q1;152;91;325;10691;948;294;2,90;117,48;36,94;0;United States;Northern America;"Academic Press";"1972-2026";"Anthropology (Q1); Ecology, Evolution, Behavior and Systematics (Q1); Education (Q1)";"Agricultural and Biological Sciences; Social Sciences"
54;21100897530;"Ecosystems and People";journal;"26395908, 26395916";"Taylor and Francis Ltd.";Yes;No;1,366;Q1;53;52;121;4047;676;114;3,86;77,83;58,58;14;United Kingdom;Western Europe;"Taylor and Francis Ltd.";"2019-2026";"Ecology (Q1); Ecology, Evolution, Behavior and Systematics (Q1); Management, Monitoring, Policy and Law (Q1); Nature and Landscape Conservation (Q1)";"Agricultural and Biological Sciences; Environmental Science"
55;21101046232;"Soil Ecology Letters";journal;"26622289, 26622297";"Higher Education Press Limited Company";No;No;1,345;Q1;31;54;110;3247;526;102;5,08;60,13;38,98;5;China;Asiatic Region;"Higher Education Press Limited Company";"2019-2026";"Ecology (Q1); Ecology, Evolution, Behavior and Systematics (Q1); Soil Science (Q1)";"Agricultural and Biological Sciences; Environmental Science"
56;19683;"Environmental Microbiology";journal;"14622912, 14622920";"Wiley-Blackwell Publishing Ltd";No;No;1,342;Q1;247;285;1347;19903;6621;1294;4,57;69,84;43,38;4;United Kingdom;Western Europe;"Wiley-Blackwell Publishing Ltd";"1992, 1999-2026";"Ecology, Evolution, Behavior and Systematics (Q1); Microbiology (Q1)";"Agricultural and Biological Sciences; Immunology and Microbiology"
57;19300157103;"Insect Conservation and Diversity";journal;"17524598, 1752458X";"Wiley-Blackwell";No;No;1,340;Q1;59;73;198;5711;811;196;3,53;78,23;35,94;9;United Kingdom;Western Europe;"Wiley-Blackwell";"2009-2026";"Ecology, Evolution, Behavior and Systematics (Q1); Insect Science (Q1)";"Agricultural and Biological Sciences"
58;19700182013;"Genome Biology and Evolution";journal;"17596653";"Oxford University Press";Yes;No;1,315;Q1;109;239;708;16806;2146;694;2,92;70,32;36,72;2;United Kingdom;Western Europe;"Oxford University Press";"2009-2026";"Ecology, Evolution, Behavior and Systematics (Q1); Genetics (Q1)";"Agricultural and Biological Sciences; Biochemistry, Genetics and Molecular Biology"
59;19400157205;"Evolutionary Applications";journal;"17524571";"John Wiley and Sons Inc";Yes;No;1,290;Q1;102;130;533;11664;2120;526;3,85;89,72;36,79;13;United States;Northern America;"John Wiley and Sons Inc";"2008-2026";"Agricultural and Biological Sciences (miscellaneous) (Q1); Ecology, Evolution, Behavior and Systematics (Q1); Genetics (Q1)";"Agricultural and Biological Sciences; Biochemistry, Genetics and Molecular Biology"
60;19700173308;"Zoological Research";journal;"20958137";"Science Press";Yes;No;1,286;Q1;43;113;296;6727;1103;173;3,68;59,53;38,53;1;China;Asiatic Region;"Science Press";"2010-2026";"Animal Science and Zoology (Q1); Ecology (Q1); Ecology, Evolution, Behavior and Systematics (Q1); Nature and Landscape Conservation (Q1)";"Agricultural and Biological Sciences; Environmental Science"
61;21100820782;"Remote Sensing in Ecology and Conservation";journal;"20563485";"Wiley-Blackwell Publishing Ltd";Yes;No;1,284;Q1;51;56;150;3845;830;146;5,01;68,66;32,86;11;United Kingdom;Western Europe;"Wiley-Blackwell Publishing Ltd";"2015-2026";"Computers in Earth Sciences (Q1); Ecology (Q1); Ecology, Evolution, Behavior and Systematics (Q1); Nature and Landscape Conservation (Q1)";"Agricultural and Biological Sciences; Earth and Planetary Sciences; Environmental Science"
62;21101048538;"Fungal Systematics and Evolution";journal;"25893823, 25893831";"Westerdijk Fungal Biodiversity Institute";No;No;1,277;Q1;27;23;71;1610;297;71;4,13;70,00;36,89;0;Netherlands;Western Europe;"Westerdijk Fungal Biodiversity Institute";"2018-2025";"Agricultural and Biological Sciences (miscellaneous) (Q1); Biochemistry, Genetics and Molecular Biology (miscellaneous) (Q1); Ecology, Evolution, Behavior and Systematics (Q1); Microbiology (Q1)";"Agricultural and Biological Sciences; Biochemistry, Genetics and Molecular Biology; Immunology and Microbiology"
63;12604;"American Naturalist";journal;"00030147, 15375323";"University of Chicago";No;No;1,273;Q1;242;140;457;12123;1240;441;2,38;86,59;35,93;3;United States;Northern America;"University of Chicago";"1946-1948, 1960-1961, 1973-1975, 1978-1979, 1981-2026";"Ecology, Evolution, Behavior and Systematics (Q1)";"Agricultural and Biological Sciences"
64;25259;"Restoration Ecology";journal;"1526100X, 10612971";"Wiley-Blackwell Publishing Ltd";No;No;1,272;Q1;131;285;624;16715;2557;613;3,41;58,65;43,05;45;United Kingdom;Western Europe;"Wiley-Blackwell Publishing Ltd";"1993-2026";"Ecology (Q1); Ecology, Evolution, Behavior and Systematics (Q1); Nature and Landscape Conservation (Q1)";"Agricultural and Biological Sciences; Environmental Science"
65;22104;"Evolution";journal;"15585646, 00143820";"Oxford University Press";No;No;1,235;Q1;234;228;735;16026;1788;661;2,31;70,29;37,25;4;United Kingdom;Western Europe;"Oxford University Press";"1948-1949, 1955, 1963-1964, 1970-1978, 1980-2026";"Agricultural and Biological Sciences (miscellaneous) (Q1); Ecology, Evolution, Behavior and Systematics (Q1); Genetics (Q1)";"Agricultural and Biological Sciences; Biochemistry, Genetics and Molecular Biology"
66;18965;"Molecular Phylogenetics and Evolution";journal;"10959513, 10557903";"Academic Press Inc.";No;No;1,206;Q1;188;211;672;18824;2552;663;3,69;89,21;31,94;4;United States;Northern America;"Academic Press Inc.";"1992-2026";"Ecology, Evolution, Behavior and Systematics (Q1); Genetics (Q1); Molecular Biology (Q2)";"Agricultural and Biological Sciences; Biochemistry, Genetics and Molecular Biology"
67;21101045748;"Plants People Planet";journal;"25722611";"Wiley-Blackwell Publishing Ltd";Yes;No;1,205;Q1;41;82;193;5205;1101;176;4,17;63,48;42,86;12;United Kingdom;Western Europe;"Wiley-Blackwell Publishing Ltd";"2019-2026";"Ecology, Evolution, Behavior and Systematics (Q1); Forestry (Q1); Horticulture (Q1); Plant Science (Q1)";"Agricultural and Biological Sciences"
68;21100900275;"Horticultural Plant Journal";journal;"20959885, 24680141";"KeAi Communications Co.";Yes;No;1,201;Q1;47;94;172;6310;1149;172;6,87;67,13;42,06;2;China;Asiatic Region;"KeAi Communications Co.";"2017-2026";"Biochemistry, Genetics and Molecular Biology (miscellaneous) (Q1); Ecology (Q1); Ecology, Evolution, Behavior and Systematics (Q1); Plant Science (Q1); Renewable Energy, Sustainability and the Environment (Q2)";"Agricultural and Biological Sciences; Biochemistry, Genetics and Molecular Biology; Energy; Environmental Science"
69;25697;"Journal of Pest Science";journal;"16124758, 16124766";"Springer Science and Business Media Deutschland GmbH";No;No;1,198;Q1;91;118;357;7787;1752;355;4,52;65,99;36,09;9;Germany;Western Europe;"Springer Science and Business Media Deutschland GmbH";"1925-1944, 1948-1950, 1953-1972, 2004-2026";"Agronomy and Crop Science (Q1); Ecology (Q1); Ecology, Evolution, Behavior and Systematics (Q1); Insect Science (Q1); Plant Science (Q1)";"Agricultural and Biological Sciences; Environmental Science"
70;21101034521;"Insect Systematics and Diversity";journal;"23993421";"Oxford University Press";No;No;1,197;Q1;24;21;76;1746;213;74;2,83;83,14;28,47;0;United Kingdom;Western Europe;"Oxford University Press";"2017-2026";"Animal Science and Zoology (Q1); Ecology, Evolution, Behavior and Systematics (Q1); Insect Science (Q1); Developmental Biology (Q2)";"Agricultural and Biological Sciences; Biochemistry, Genetics and Molecular Biology"
71;4000148310;"Geobiology";journal;"14724677, 14724669";"John Wiley and Sons Inc";No;No;1,169;Q1;93;47;134;4766;483;132;3,00;101,40;31,54;2;United Kingdom;Western Europe;"John Wiley and Sons Inc";"2003-2026";"Earth and Planetary Sciences (miscellaneous) (Q1); Ecology, Evolution, Behavior and Systematics (Q1); Environmental Science (miscellaneous) (Q1)";"Agricultural and Biological Sciences; Earth and Planetary Sciences; Environmental Science"
72;21100871606;"Plant Diversity";journal;"24682659, 20962703";"KeAi Publishing Communications Ltd.";Yes;Yes;1,167;Q1;46;73;173;4757;877;170;4,42;65,16;40,42;1;China;Asiatic Region;"KeAi Publishing Communications Ltd.";"2016-2026";"Ecology, Evolution, Behavior and Systematics (Q1); Plant Science (Q1)";"Agricultural and Biological Sciences"
73;14005;"Paleobiology";journal;"00948373, 19385331";"Cambridge University Press";No;No;1,164;Q1;110;43;108;3750;330;106;2,91;87,21;30,17;1;United Kingdom;Western Europe;"Cambridge University Press";"1975-2026";"Agricultural and Biological Sciences (miscellaneous) (Q1); Ecology (Q1); Ecology, Evolution, Behavior and Systematics (Q1); Paleontology (Q1)";"Agricultural and Biological Sciences; Earth and Planetary Sciences; Environmental Science"
74;5800173376;"Biology Direct";journal;"17456150";"BioMed Central Ltd";Yes;No;1,161;Q1;87;82;96;4549;552;94;5,24;55,48;41,05;0;United Kingdom;Western Europe;"BioMed Central Ltd";"2006-2026";"Agricultural and Biological Sciences (miscellaneous) (Q1); Applied Mathematics (Q1); Biochemistry, Genetics and Molecular Biology (miscellaneous) (Q1); Ecology, Evolution, Behavior and Systematics (Q1); Modeling and Simulation (Q1); Immunology (Q2)";"Agricultural and Biological Sciences; Biochemistry, Genetics and Molecular Biology; Immunology and Microbiology; Mathematics"
75;14649;"Evolution and Development";journal;"1525142X, 1520541X";"Wiley-Blackwell Publishing Ltd";No;No;1,160;Q1;92;28;83;2431;229;79;2,51;86,82;33,33;0;United Kingdom;Western Europe;"Wiley-Blackwell Publishing Ltd";"1999-2026";"Ecology, Evolution, Behavior and Systematics (Q1); Developmental Biology (Q2)";"Agricultural and Biological Sciences; Biochemistry, Genetics and Molecular Biology"
76;21100464918;"NeoBiota";journal;"16190033, 13142488";"Pensoft Publishers";Yes;No;1,159;Q1;46;87;227;7462;990;225;3,92;85,77;36,43;2;Bulgaria;Eastern Europe;"Pensoft Publishers";"2015-2026";"Animal Science and Zoology (Q1); Aquatic Science (Q1); Ecological Modeling (Q1); Ecology (Q1); Ecology, Evolution, Behavior and Systematics (Q1); Insect Science (Q1); Plant Science (Q1)";"Agricultural and Biological Sciences; Environmental Science"
77;24546;"Zoologica Scripta";journal;"14636409, 03003256";"Wiley-Blackwell Publishing Ltd";No;No;1,142;Q1;78;44;154;3438;424;154;2,48;78,14;30,42;0;United Kingdom;Western Europe;"Wiley-Blackwell Publishing Ltd";"1971-2026";"Animal Science and Zoology (Q1); Ecology, Evolution, Behavior and Systematics (Q1); Genetics (Q2); Molecular Biology (Q2)";"Agricultural and Biological Sciences; Biochemistry, Genetics and Molecular Biology"
78;21101067154;"Plant Stress";journal;"2667064X";"Elsevier B.V.";Yes;No;1,112;Q1;50;166;118;15214;876;115;7,42;91,65;37,10;1;Netherlands;Western Europe;"Elsevier B.V.";"2021-2026";"Ecology, Evolution, Behavior and Systematics (Q1); Plant Science (Q1)";"Agricultural and Biological Sciences"
79;21100349522;"Global Ecology and Conservation";journal;"23519894";"Elsevier B.V.";Yes;No;1,111;Q1;93;413;1507;30694;6995;1502;3,90;74,32;35,14;39;Netherlands;Western Europe;"Elsevier B.V.";"2014-2026";"Ecology (Q1); Ecology, Evolution, Behavior and Systematics (Q1); Nature and Landscape Conservation (Q1)";"Agricultural and Biological Sciences; Environmental Science"
80;3100147401;"Ecological Informatics";journal;"15749541";"Elsevier B.V.";Yes;No;1,101;Q1;101;416;737;29409;5004;729;6,58;70,69;31,08;17;Netherlands;Western Europe;"Elsevier B.V.";"2006-2026";"Applied Mathematics (Q1); Computational Theory and Mathematics (Q1); Computer Science Applications (Q1); Ecological Modeling (Q1); Ecology (Q1); Ecology, Evolution, Behavior and Systematics (Q1); Modeling and Simulation (Q1)";"Agricultural and Biological Sciences; Computer Science; Environmental Science; Mathematics"
81;21101055718;"Marine Life Science and Technology";journal;"26621746, 20966490";"Springer Verlag";No;No;1,096;Q1;33;46;134;2950;742;132;5,51;64,13;38,24;0;Germany;Western Europe;"Springer Verlag";"2019-2026";"Aquatic Science (Q1); Biotechnology (Q1); Ecology, Evolution, Behavior and Systematics (Q1); Oceanography (Q1)";"Agricultural and Biological Sciences; Biochemistry, Genetics and Molecular Biology; Earth and Planetary Sciences"
82;14003;"Palaeontology";journal;"14754983, 00310239";"John Wiley and Sons Inc";No;No;1,093;Q1;82;42;148;3602;406;148;2,59;85,76;28,49;0;United Kingdom;Western Europe;"John Wiley and Sons Inc";"1979-1985, 1987, 1989-1994, 1996-2026";"Ecology, Evolution, Behavior and Systematics (Q1); Paleontology (Q1)";"Agricultural and Biological Sciences; Earth and Planetary Sciences"
83;22800;"Basic and Applied Ecology";journal;"16180089, 14391791";"Elsevier GmbH";Yes;No;1,092;Q1;105;63;285;3899;1077;276;3,30;61,89;40,80;5;Germany;Western Europe;"Elsevier GmbH";"2000-2026";"Ecology, Evolution, Behavior and Systematics (Q1)";"Agricultural and Biological Sciences"
84;21741;"Behavior Genetics";journal;"00018244, 15733297";"Springer";No;No;1,092;Q1;110;30;129;1792;287;121;2,14;59,73;45,61;0;United States;Northern America;"Springer";"1970, 1972-2026";"Ecology, Evolution, Behavior and Systematics (Q1); Genetics (Q2); Genetics (clinical) (Q2)";"Agricultural and Biological Sciences; Biochemistry, Genetics and Molecular Biology; Medicine"
85;19900194300;"Journal of Systematics and Evolution";journal;"17596831, 16744918";"Wiley-Blackwell";No;No;1,085;Q1;70;80;251;6315;952;242;3,79;78,94;39,46;1;United States;Northern America;"Wiley-Blackwell";"2008-2026";"Ecology, Evolution, Behavior and Systematics (Q1); Plant Science (Q1)";"Agricultural and Biological Sciences"
86;19989;"Perspectives in Plant Ecology, Evolution and Systematics";journal;"16180437, 14338319";"Elsevier GmbH";No;No;1,083;Q1;97;28;85;3098;361;84;4,06;110,64;35,88;0;Germany;Western Europe;"Elsevier GmbH";"1998-2026";"Ecology, Evolution, Behavior and Systematics (Q1); Plant Science (Q1)";"Agricultural and Biological Sciences"
87;21100943277;"Fungal Biology and Biotechnology";journal;"20543085";"BioMed Central Ltd";Yes;No;1,068;Q1;33;22;53;1396;306;50;4,67;63,45;38,89;0;United Kingdom;Western Europe;"BioMed Central Ltd";"2016-2026";"Applied Microbiology and Biotechnology (Q1); Biotechnology (Q1); Ecology, Evolution, Behavior and Systematics (Q1); Cell Biology (Q2); Molecular Biology (Q2)";"Agricultural and Biological Sciences; Biochemistry, Genetics and Molecular Biology; Immunology and Microbiology"
88;18012;"Environmental and Experimental Botany";journal;"00988472";"Elsevier B.V.";Yes;No;1,066;Q1;183;344;912;26427;5329;910;5,41;76,82;42,89;5;Netherlands;Western Europe;"Elsevier B.V.";"1976-2026";"Agronomy and Crop Science (Q1); Ecology, Evolution, Behavior and Systematics (Q1); Plant Science (Q1)";"Agricultural and Biological Sciences"
89;21101022488;"Metabarcoding and Metagenomics";journal;"25349708";"Pensoft Publishers";Yes;No;1,059;Q1;25;18;59;1411;247;56;3,74;78,39;36,75;3;Bulgaria;Eastern Europe;"Pensoft Publishers";"2017-2025";"Animal Science and Zoology (Q1); Ecology, Evolution, Behavior and Systematics (Q1); Insect Science (Q1); Nature and Landscape Conservation (Q1); Plant Science (Q1); Genetics (Q2); Molecular Biology (Q2)";"Agricultural and Biological Sciences; Biochemistry, Genetics and Molecular Biology; Environmental Science"
90;21100869487;"Forest Ecosystems";journal;"21975620, 20956355";"KeAi Communications Co.";Yes;No;1,058;Q1;50;71;215;5436;986;214;4,12;76,56;31,66;5;China;Asiatic Region;"KeAi Communications Co.";"2014-2026";"Ecology (Q1); Ecology, Evolution, Behavior and Systematics (Q1); Forestry (Q1); Nature and Landscape Conservation (Q1)";"Agricultural and Biological Sciences; Environmental Science"
91;13151;"Behavioral Ecology";journal;"14657279, 10452249";"Oxford University Press";No;No;1,040;Q1;142;123;446;8371;1039;404;2,34;68,06;41,40;1;United Kingdom;Western Europe;"Oxford University Press";"1990-2026";"Animal Science and Zoology (Q1); Ecology, Evolution, Behavior and Systematics (Q1)";"Agricultural and Biological Sciences"
92;21101036139;"Environmental and Sustainability Indicators";journal;"26659727";"Elsevier B.V.";Yes;No;1,033;Q1;44;99;192;7258;1112;192;6,16;73,31;26,75;13;Netherlands;Western Europe;"Elsevier B.V.";"2019-2026";"Agricultural and Biological Sciences (miscellaneous) (Q1); Ecology, Evolution, Behavior and Systematics (Q1); Environmental Science (miscellaneous) (Q1); Management, Monitoring, Policy and Law (Q1)";"Agricultural and Biological Sciences; Environmental Science"
93;17700155709;"Fire Ecology";journal;"19339747";"Springer Science and Business Media Deutschland GmbH";Yes;No;1,028;Q1;50;68;93;5394;429;91;3,49;79,32;41,72;8;Germany;Western Europe;"Springer Science and Business Media Deutschland GmbH";"2008-2026";"Ecology, Evolution, Behavior and Systematics (Q1); Environmental Science (miscellaneous) (Q1); Forestry (Q1)";"Agricultural and Biological Sciences; Environmental Science"
94;21554;"Condor";journal;"00105422";"University of California Press";No;No;1,026;Q1;92;0;52;0;138;50;0,00;0,00;0,00;0;United States;Northern America;"University of California Press";"1935, 1938, 1941-1942, 1955-1956, 1960-1962, 1966-1968, 1970-1972, 1974-1977, 1979-1985, 1987, 1989-2020";"Animal Science and Zoology (Q1); Ecology, Evolution, Behavior and Systematics (Q1)";"Agricultural and Biological Sciences"
95;22193;"Genetics Selection Evolution";journal;"0999193X, 12979686";"BioMed Central Ltd";Yes;No;1,025;Q1;97;93;242;4941;979;241;3,63;53,13;38,32;7;United Kingdom;Western Europe;"BioMed Central Ltd";"1970, 1972-1977, 1983, 1989-2026";"Animal Science and Zoology (Q1); Ecology, Evolution, Behavior and Systematics (Q1); Medicine (miscellaneous) (Q1); Genetics (Q2)";"Agricultural and Biological Sciences; Biochemistry, Genetics and Molecular Biology; Medicine"
96;29605;"Journal of Experimental Biology";journal;"14779145, 00220949";"Company of Biologists Ltd";No;No;1,017;Q1;228;494;1774;25887;3697;1340;2,00;52,40;39,65;8;United Kingdom;Western Europe;"Company of Biologists Ltd";"1926, 1945-1951, 1962-2026";"Animal Science and Zoology (Q1); Aquatic Science (Q1); Ecology, Evolution, Behavior and Systematics (Q1); Insect Science (Q1); Medicine (miscellaneous) (Q1); Physiology (Q1); Molecular Biology (Q2)";"Agricultural and Biological Sciences; Biochemistry, Genetics and Molecular Biology; Medicine"
97;21100908527;"Ecosystem Health and Sustainability";journal;"23328878, 20964129";"American Association for the Advancement of Science";Yes;No;1,016;Q1;48;59;130;3233;597;128;3,85;54,80;39,16;2;United Kingdom;Western Europe;"American Association for the Advancement of Science";"2015-2026";"Ecology (Q1); Ecology, Evolution, Behavior and Systematics (Q1); Management, Monitoring, Policy and Law (Q1)";"Agricultural and Biological Sciences; Environmental Science"
98;21100307458;"Ecosphere";journal;"21508925";"Wiley-Blackwell";Yes;No;1,013;Q1;105;378;1223;29645;3591;1221;2,70;78,43;38,02;62;United States;Northern America;"Wiley-Blackwell";"2010-2026";"Ecology (Q1); Ecology, Evolution, Behavior and Systematics (Q1)";"Agricultural and Biological Sciences; Environmental Science"
99;21100414384;"MycoKeys";journal;"13144057, 13144049";"Pensoft Publishers";Yes;No;0,997;Q1;41;66;217;3568;687;217;3,04;54,06;38,41;1;Bulgaria;Eastern Europe;"Pensoft Publishers";"2015-2026";"Agricultural and Biological Sciences (miscellaneous) (Q1); Ecology, Evolution, Behavior and Systematics (Q1); Plant Science (Q1)";"Agricultural and Biological Sciences"
100;13985;"Palaeogeography, Palaeoclimatology, Palaeoecology";journal;"00310182";"Elsevier B.V.";No;No;0,994;Q1;192;387;1351;38339;4132;1333;2,83;99,07;32,15;6;Netherlands;Western Europe;"Elsevier B.V.";"1965-2026";"Earth-Surface Processes (Q1); Ecology, Evolution, Behavior and Systematics (Q1); Oceanography (Q1); Paleontology (Q1)";"Agricultural and Biological Sciences; Earth and Planetary Sciences"
101;22631;"Zoological Journal of the Linnean Society";journal;"10963642, 00244082";"Oxford University Press";No;No;0,993;Q1;104;124;476;10818;1346;475;3,09;87,24;25,78;2;United Kingdom;Western Europe;"Oxford University Press";"1866-1916, 1918-1937, 1939-1941, 1943, 1947, 1949-2026";"Animal Science and Zoology (Q1); Ecology, Evolution, Behavior and Systematics (Q1)";"Agricultural and Biological Sciences"
102;11300153701;"Insect Science";journal;"17447917, 16729609";"Wiley-Blackwell Publishing Ltd";No;No;0,963;Q1;72;133;385;7424;1498;377;3,89;55,82;40,22;1;United Kingdom;Western Europe;"Wiley-Blackwell Publishing Ltd";"1994-2026";"Agronomy and Crop Science (Q1); Biochemistry, Genetics and Molecular Biology (miscellaneous) (Q1); Ecology, Evolution, Behavior and Systematics (Q1); Insect Science (Q1)";"Agricultural and Biological Sciences; Biochemistry, Genetics and Molecular Biology"
103;12925;"Oecologia";journal;"00298549, 14321939";"Springer Science and Business Media Deutschland GmbH";No;No;0,962;Q1;234;189;704;14225;1859;703;2,35;75,26;37,29;12;Germany;Western Europe;"Springer Science and Business Media Deutschland GmbH";"1968-2026";"Ecology, Evolution, Behavior and Systematics (Q1)";"Agricultural and Biological Sciences"
104;20266;"Microbial Ecology";journal;"00953628, 1432184X";"Springer";No;No;0,960;Q1;161;357;534;25094;2230;527;3,96;70,29;45,37;12;United States;Northern America;"Springer";"1974-1977, 1979-2026";"Ecology (Q1); Ecology, Evolution, Behavior and Systematics (Q1); Soil Science (Q1)";"Agricultural and Biological Sciences; Environmental Science"
105;27298;"ICES Journal of Marine Science";journal;"10959289, 10543139";"Oxford University Press";Yes;No;0,955;Q1;151;205;790;14905;2600;788;3,01;72,71;39,83;82;United Kingdom;Western Europe;"Oxford University Press";"1903-1915, 1918, 1920, 1922-1939, 1947-1976, 1978-2026";"Aquatic Science (Q1); Ecology (Q1); Ecology, Evolution, Behavior and Systematics (Q1); Oceanography (Q1)";"Agricultural and Biological Sciences; Earth and Planetary Sciences; Environmental Science"
106;17242;"Biodiversity and Conservation";journal;"15729710, 09603115";"Springer Science and Business Media B.V.";No;No;0,954;Q1;167;229;604;18300;2170;566;3,14;79,91;35,62;29;Netherlands;Western Europe;"Springer Science and Business Media B.V.";"1992-2026";"Ecology (Q1); Ecology, Evolution, Behavior and Systematics (Q1); Nature and Landscape Conservation (Q1)";"Agricultural and Biological Sciences; Environmental Science"
107;19761;"International Journal of Systematic and Evolutionary Microbiology";journal;"14665026, 14665034";"Microbiology Society";No;No;0,952;Q1;213;517;1880;20506;4848;1834;2,10;39,66;43,37;4;United Kingdom;Western Europe;"Microbiology Society";"2000-2026";"Ecology, Evolution, Behavior and Systematics (Q1); Medicine (miscellaneous) (Q1); Microbiology (Q2)";"Agricultural and Biological Sciences; Immunology and Microbiology; Medicine"
108;22511;"Invertebrate Systematics";journal;"14472600, 14455226";"CSIRO Publishing";No;No;0,949;Q1;60;32;108;2225;251;108;2,11;69,53;36,15;0;Australia;Pacific Region;"CSIRO Publishing";"1987-2026";"Ecology, Evolution, Behavior and Systematics (Q1)";"Agricultural and Biological Sciences"
109;13257;"Biological Invasions";journal;"15731464, 13873547";"Springer Nature";No;No;0,940;Q1;146;255;763;18756;2531;757;3,10;73,55;37,28;26;Switzerland;Western Europe;"Springer Nature";"1978, 1999-2026";"Ecology (Q1); Ecology, Evolution, Behavior and Systematics (Q1)";"Agricultural and Biological Sciences; Environmental Science"
110;21101075999;"Current Research in Pharmacology and Drug Discovery";journal;"25902571";"Elsevier B.V.";Yes;No;0,932;Q1;28;20;129;1393;534;125;4,25;69,65;36,36;0;Netherlands;Western Europe;"Elsevier B.V.";"2020-2026";"Animal Science and Zoology (Q1); Ecology, Evolution, Behavior and Systematics (Q1)";"Agricultural and Biological Sciences"
111;21100886355;"Journal of Fungi";journal;"2309608X";"Multidisciplinary Digital Publishing Institute (MDPI)";Yes;No;0,929;Q1;94;1197;2779;82433;13463;2738;4,58;68,87;46,79;37;Switzerland;Western Europe;"Multidisciplinary Digital Publishing Institute (MDPI)";"2015-2026";"Ecology, Evolution, Behavior and Systematics (Q1); Plant Science (Q1); Microbiology (medical) (Q2)";"Agricultural and Biological Sciences; Medicine"
112;19700180907;"Environmental Microbiology Reports";journal;"17582229";"John Wiley and Sons Inc";No;No;0,928;Q1;97;72;276;4115;909;243;3,02;57,15;45,09;1;United States;Northern America;"John Wiley and Sons Inc";"2009-2026";"Agricultural and Biological Sciences (miscellaneous) (Q1); Ecology, Evolution, Behavior and Systematics (Q1)";"Agricultural and Biological Sciences"
113;24580;"Animal Behaviour";journal;"00033472, 10958282";"Academic Press";No;No;0,924;Q1;202;179;710;13605;1734;694;2,33;76,01;45,06;7;United States;Northern America;"Academic Press";"1958-2026";"Animal Science and Zoology (Q1); Ecology, Evolution, Behavior and Systematics (Q1)";"Agricultural and Biological Sciences"
114;19836;"Mycorrhiza";journal;"14321890, 09406360";"Springer Science and Business Media Deutschland GmbH";No;No;0,924;Q1;113;35;163;2592;650;161;3,55;74,06;36,24;2;Germany;Western Europe;"Springer Science and Business Media Deutschland GmbH";"1991-2026";"Ecology, Evolution, Behavior and Systematics (Q1); Medicine (miscellaneous) (Q1); Plant Science (Q1); Genetics (Q2); Molecular Biology (Q2)";"Agricultural and Biological Sciences; Biochemistry, Genetics and Molecular Biology; Medicine"
115;130152;"Frontiers in Zoology";journal;"17429994";"BioMed Central Ltd";Yes;No;0,917;Q1;79;39;128;2781;363;128;2,77;71,31;41,12;3;United Kingdom;Western Europe;"BioMed Central Ltd";"2004-2026";"Animal Science and Zoology (Q1); Ecology, Evolution, Behavior and Systematics (Q1)";"Agricultural and Biological Sciences"
116;21100788478;"Frontiers of Biogeography";journal;"19486596";"Pensoft Publishers";Yes;No;0,917;Q1;23;29;105;2292;281;104;2,79;79,03;36,99;0;United States;Northern America;"Pensoft Publishers";"2016-2025";"Ecology (Q1); Ecology, Evolution, Behavior and Systematics (Q1); Global and Planetary Change (Q2)";"Agricultural and Biological Sciences; Environmental Science"
117;16575;"Plant Biology";journal;"14388677, 14358603";"Wiley-Blackwell";No;No;0,916;Q1;121;112;412;7789;1860;406;4,56;69,54;43,06;2;United States;Northern America;"Wiley-Blackwell";"1999-2026";"Ecology, Evolution, Behavior and Systematics (Q1); Medicine (miscellaneous) (Q1); Plant Science (Q1)";"Agricultural and Biological Sciences; Medicine"
118;18920;"Journal of Evolutionary Biology";journal;"1010061X, 14209101";"Oxford University Press";No;No;0,908;Q1;151;144;456;11282;972;437;2,11;78,35;41,23;0;United Kingdom;Western Europe;"Oxford University Press";"1988-2026";"Ecology, Evolution, Behavior and Systematics (Q1)";"Agricultural and Biological Sciences"
119;18946;"Journal of Molecular Evolution";journal;"14321432, 00222844";"Springer";No;No;0,905;Q1;142;71;161;5208;481;132;1,94;73,35;34,01;0;United States;Northern America;"Springer";"1971-2026";"Ecology, Evolution, Behavior and Systematics (Q1); Genetics (Q2); Molecular Biology (Q2)";"Agricultural and Biological Sciences; Biochemistry, Genetics and Molecular Biology"
120;21101019704;"Evolutionary Human Sciences";journal;"2513843X";"Cambridge University Press";Yes;No;0,897;Q1;23;31;156;2350;393;150;2,31;75,81;43,07;1;United States;Northern America;"Cambridge University Press";"2019-2026";"Anthropology (Q1); Cultural Studies (Q1); Ecology, Evolution, Behavior and Systematics (Q1); Applied Psychology (Q2)";"Agricultural and Biological Sciences; Psychology; Social Sciences"
121;17307;"Taxon";journal;"00400262, 19968175";"International Association for Plant Taxonomy";No;No;0,891;Q1;103;205;569;4556;835;262;1,35;22,22;36,47;7;Austria;Western Europe;"International Association for Plant Taxonomy";"1970-1971, 1981-1984, 1986-1987, 1989-2026";"Ecology, Evolution, Behavior and Systematics (Q1); Plant Science (Q1)";"Agricultural and Biological Sciences"
122;21100834704;"Frontiers in Ecology and Evolution";journal;"2296701X";"Frontiers Media SA";Yes;No;0,889;Q1;88;1136;2771;75921;7585;2614;2,42;66,83;39,07;44;Switzerland;Western Europe;"Frontiers Media SA";"2013-2026";"Ecology (Q1); Ecology, Evolution, Behavior and Systematics (Q1)";"Agricultural and Biological Sciences; Environmental Science"
123;25101;"Boreas";journal;"03009483, 15023885";"John Wiley and Sons Inc";Yes;No;0,888;Q1;90;28;173;2606;455;170;2,63;93,07;35,82;1;United States;Northern America;"John Wiley and Sons Inc";"1972-2026";"Archeology (arts and humanities) (Q1); Ecology, Evolution, Behavior and Systematics (Q1); Geology (Q1)";"Agricultural and Biological Sciences; Arts and Humanities; Earth and Planetary Sciences"
124;13115;"BMC Ecology and Evolution";journal;"27307182";"BioMed Central Ltd";Yes;No;0,887;Q1;160;77;584;5295;1538;580;2,32;68,77;33,04;3;United Kingdom;Western Europe;"BioMed Central Ltd";"2001-2026";"Ecology, Evolution, Behavior and Systematics (Q1); Environmental Science (miscellaneous) (Q1)";"Agricultural and Biological Sciences; Environmental Science"
125;20861;"Systematic and Applied Microbiology";journal;"16180984, 07232020";"Elsevier GmbH";No;No;0,872;Q1;123;40;200;2520;681;200;3,28;63,00;44,64;2;Germany;Western Europe;"Elsevier GmbH";"1983-2026";"Applied Microbiology and Biotechnology (Q1); Ecology, Evolution, Behavior and Systematics (Q1); Microbiology (Q2)";"Agricultural and Biological Sciences; Immunology and Microbiology"
126;21100264002;"Ecology and Evolution";journal;"20457758";"John Wiley and Sons Ltd";Yes;No;0,864;Q1;121;1106;3671;80482;9675;3649;2,32;72,77;39,99;71;United Kingdom;Western Europe;"John Wiley and Sons Ltd";"2011-2026";"Ecology (Q1); Ecology, Evolution, Behavior and Systematics (Q1); Nature and Landscape Conservation (Q1)";"Agricultural and Biological Sciences; Environmental Science"
127;21100332453;"Vertebrate Zoology";journal;"18645755";"Senckenbergische Naturforschende Gesellschaft";Yes;Yes;0,855;Q1;24;45;120;3424;268;120;2,60;76,09;18,84;0;Germany;Western Europe;"Senckenbergische Naturforschende Gesellschaft";"2011-2026";"Animal Science and Zoology (Q1); Ecology, Evolution, Behavior and Systematics (Q1)";"Agricultural and Biological Sciences"
128;21100403506;"Applications in Plant Sciences";journal;"21680450";"John Wiley &amp; Sons Inc.";Yes;No;0,851;Q1;51;50;170;2011;559;162;2,60;40,22;43,27;0;United States;Northern America;"John Wiley &amp; Sons Inc.";"2013-2026";"Ecology, Evolution, Behavior and Systematics (Q1); Plant Science (Q1)";"Agricultural and Biological Sciences"
129;11400153301;"Botanical Review";journal;"18749372, 00068101";"Springer";No;No;0,851;Q1;84;14;55;1864;261;55;4,58;133,14;42,37;1;United States;Northern America;"Springer";"1935-2026";"Ecology, Evolution, Behavior and Systematics (Q1); Plant Science (Q1)";"Agricultural and Biological Sciences"
130;21100854640;"Evolution, Medicine and Public Health";journal;"20506201";"Oxford University Press";Yes;No;0,850;Q1;40;47;126;2709;387;114;2,93;57,64;43,88;1;United Kingdom;Western Europe;"Oxford University Press";"2013-2026";"Ecology, Evolution, Behavior and Systematics (Q1); Health, Toxicology and Mutagenesis (Q2); Medicine (miscellaneous) (Q2)";"Agricultural and Biological Sciences; Environmental Science; Medicine"
131;21100867269;"PaleoAmerica";journal;"20555563, 20555571";"Taylor and Francis Ltd.";No;No;0,847;Q1;25;22;83;1615;144;82;1,84;73,41;31,03;0;United Kingdom;Western Europe;"Taylor and Francis Ltd.";"2015-2026";"Archeology (arts and humanities) (Q1); Ecology, Evolution, Behavior and Systematics (Q1); Paleontology (Q1)";"Agricultural and Biological Sciences; Arts and Humanities; Earth and Planetary Sciences"
132;16703;"American Journal of Botany";journal;"15372197, 00029122";"John Wiley &amp; Sons Inc.";No;No;0,841;Q1;186;160;501;12368;1285;481;2,35;77,30;40,90;3;United States;Northern America;"John Wiley &amp; Sons Inc.";"1922, 1934-1935, 1939-1943, 1946-1957, 1959-1960, 1965-1970, 1974, 1976-2026";"Ecology, Evolution, Behavior and Systematics (Q1); Plant Science (Q1); Genetics (Q2)";"Agricultural and Biological Sciences; Biochemistry, Genetics and Molecular Biology"
133;4700152445;"Estuaries and Coasts";journal;"15592731, 15592723";"Springer";No;No;0,841;Q1;130;136;477;10349;1307;475;2,65;76,10;41,77;20;United States;Northern America;"Springer";"1978-1998, 2000-2001, 2006-2026";"Aquatic Science (Q1); Ecology (Q1); Ecology, Evolution, Behavior and Systematics (Q1)";"Agricultural and Biological Sciences; Environmental Science"
134;27786;"Journal of Marine Systems";journal;"18791573, 09247963";"Elsevier B.V.";No;No;0,836;Q1;126;47;289;3935;801;287;2,67;83,72;41,63;1;Netherlands;Western Europe;"Elsevier B.V.";"1990-2026";"Aquatic Science (Q1); Ecology, Evolution, Behavior and Systematics (Q1); Oceanography (Q1)";"Agricultural and Biological Sciences; Earth and Planetary Sciences"
135;17922;"Cryptogamie, Mycologie";journal;"01811584";"A.D.A.C.";No;No;0,834;Q1;38;11;31;482;65;31;2,24;43,82;51,35;0;France;Western Europe;"A.D.A.C.";"1990-1993, 1995-2025";"Ecology, Evolution, Behavior and Systematics (Q1)";"Agricultural and Biological Sciences"
136;22021;"Ibis";journal;"1474919X, 00191019";"Wiley-Blackwell Publishing Ltd";Yes;No;0,832;Q1;97;109;322;7594;758;308;2,41;69,67;34,62;11;United Kingdom;Western Europe;"Wiley-Blackwell Publishing Ltd";"1859-2026";"Animal Science and Zoology (Q1); Ecology, Evolution, Behavior and Systematics (Q1); Nature and Landscape Conservation (Q1)";"Agricultural and Biological Sciences; Environmental Science"
137;21100898763;"Plant Direct";journal;"24754455";"John Wiley &amp; Sons Inc.";Yes;No;0,830;Q1;39;81;273;5225;819;269;2,53;64,51;39,95;2;United States;Northern America;"John Wiley &amp; Sons Inc.";"2017-2026";"Ecology (Q1); Ecology, Evolution, Behavior and Systematics (Q1); Plant Science (Q1); Biochemistry, Genetics and Molecular Biology (miscellaneous) (Q2)";"Agricultural and Biological Sciences; Biochemistry, Genetics and Molecular Biology; Environmental Science"
138;21100903062;"Evolution: Education and Outreach";journal;"19366426, 19366434";"BioMed Central Ltd";Yes;No;0,828;Q1;42;14;51;762;129;50;1,24;54,43;44,19;0;United Kingdom;Western Europe;"BioMed Central Ltd";"2008-2025";"Ecology, Evolution, Behavior and Systematics (Q1); Education (Q1)";"Agricultural and Biological Sciences; Social Sciences"
139;16700154710;"Ecohydrology";journal;"19360584, 19360592";"John Wiley and Sons Ltd";No;No;0,821;Q1;79;102;292;6725;837;288;2,65;65,93;34,29;8;United Kingdom;Western Europe;"John Wiley and Sons Ltd";"2008-2026";"Aquatic Science (Q1); Earth-Surface Processes (Q1); Ecology (Q1); Ecology, Evolution, Behavior and Systematics (Q1)";"Agricultural and Biological Sciences; Earth and Planetary Sciences; Environmental Science"
140;22564;"Journal of Invertebrate Pathology";journal;"00222011, 10960805";"Academic Press Inc.";No;No;0,821;Q1;119;129;349;6812;1246;348;4,08;52,81;45,67;6;United States;Northern America;"Academic Press Inc.";"1965-2026";"Ecology, Evolution, Behavior and Systematics (Q1)";"Agricultural and Biological Sciences"
141;21100848471;"Journal of Experimental Zoology Part A: Ecological and Integrative Physiology";journal;"24715646, 24715638";"John Wiley &amp; Sons Inc.";No;No;0,818;Q1;32;90;249;5725;656;240;2,40;63,61;40,69;0;United States;Northern America;"John Wiley &amp; Sons Inc.";"2017-2026";"Animal Science and Zoology (Q1); Ecology, Evolution, Behavior and Systematics (Q1); Genetics (Q2); Molecular Biology (Q2); Physiology (Q2)";"Agricultural and Biological Sciences; Biochemistry, Genetics and Molecular Biology"
142;19814;"Mycologia";journal;"00275514, 15572536";"Taylor and Francis Ltd.";No;No;0,815;Q1;135;54;229;3288;650;228;2,88;60,89;42,91;1;United Kingdom;Western Europe;"Taylor and Francis Ltd.";"1945-1949, 1953, 1960-1961, 1965-1982, 1984-2026";"Ecology, Evolution, Behavior and Systematics (Q1); Plant Science (Q1); Genetics (Q2); Medicine (miscellaneous) (Q2); Molecular Biology (Q2); Physiology (Q2); Cell Biology (Q3)";"Agricultural and Biological Sciences; Biochemistry, Genetics and Molecular Biology; Medicine"
143;21101053113;"Ichthyology and Herpetology";journal;"27661512, 27661520";"American Society of Ichthyologists and Herpetologists";No;No;0,812;Q1;80;53;207;2629;394;198;1,38;49,60;31,25;2;United States;Northern America;"American Society of Ichthyologists and Herpetologists";"2021-2025";"Animal Science and Zoology (Q1); Aquatic Science (Q1); Ecology, Evolution, Behavior and Systematics (Q1)";"Agricultural and Biological Sciences"
144;17510;"Journal of Great Lakes Research";journal;"03801330";"International Association of Great Lakes Research";No;No;0,808;Q1;101;137;548;9142;1361;519;2,38;66,73;29,80;11;United States;Northern America;"International Association of Great Lakes Research";"1975-2026";"Aquatic Science (Q1); Ecology (Q1); Ecology, Evolution, Behavior and Systematics (Q1)";"Agricultural and Biological Sciences; Environmental Science"
145;18609;"Journal of Wildlife Management";journal;"19372817, 0022541X";"Wiley-Blackwell";No;No;0,804;Q1;133;141;436;9635;918;398;1,93;68,33;32,85;21;United States;Northern America;"Wiley-Blackwell";"1973-1974, 1976-2026";"Ecology (Q1); Ecology, Evolution, Behavior and Systematics (Q1); Nature and Landscape Conservation (Q1)";"Agricultural and Biological Sciences; Environmental Science"
146;22803;"Behavioral Ecology and Sociobiology";journal;"03405443, 14320762";"Springer Science and Business Media Deutschland GmbH";No;No;0,803;Q1;144;139;480;10551;962;471;1,80;75,91;43,69;1;Germany;Western Europe;"Springer Science and Business Media Deutschland GmbH";"1976-2026";"Animal Science and Zoology (Q1); Ecology, Evolution, Behavior and Systematics (Q1)";"Agricultural and Biological Sciences"
147;19328;"Botanical Journal of the Linnean Society";journal;"10958339, 00244074";"Oxford University Press";No;No;0,802;Q1;88;82;295;6748;727;292;2,40;82,29;42,26;4;United Kingdom;Western Europe;"Oxford University Press";"1969-2026";"Ecology, Evolution, Behavior and Systematics (Q1); Plant Science (Q1)";"Agricultural and Biological Sciences"
148;12169;"Marine Ecology Progress Series";journal;"01718630, 16161599";"Inter-Research";No;No;0,802;Q1;232;226;1040;19016;2512;1040;2,22;84,14;40,76;32;Germany;Western Europe;"Inter-Research";"1984-1988, 1990-2025";"Aquatic Science (Q1); Ecology (Q1); Ecology, Evolution, Behavior and Systematics (Q1)";"Agricultural and Biological Sciences; Environmental Science"
149;19700166522;"Journal of Plant Ecology";journal;"17529921, 1752993X";"Oxford University Press";No;No;0,795;Q1;61;93;297;5903;841;290;3,07;63,47;34,69;2;United Kingdom;Western Europe;"Oxford University Press";"2009-2026";"Ecology (Q1); Ecology, Evolution, Behavior and Systematics (Q1); Plant Science (Q1)";"Agricultural and Biological Sciences; Environmental Science"
150;21100788294;"Plants";journal;"22237747";"Multidisciplinary Digital Publishing Institute (MDPI)";Yes;No;0,795;Q1;146;4177;8179;298171;39728;8115;4,48;71,38;44,60;104;Switzerland;Western Europe;"Multidisciplinary Digital Publishing Institute (MDPI)";"2012-2026";"Ecology (Q1); Ecology, Evolution, Behavior and Systematics (Q1); Plant Science (Q1)";"Agricultural and Biological Sciences; Environmental Science"
151;19700186870;"Alpine Botany";journal;"1664221X, 16642201";"Springer Science and Business Media Deutschland GmbH";No;No;0,794;Q1;38;15;57;889;157;57;2,83;59,27;27,40;0;Switzerland;Western Europe;"Springer Science and Business Media Deutschland GmbH";"2011-2026";"Ecology, Evolution, Behavior and Systematics (Q1); Plant Science (Q1)";"Agricultural and Biological Sciences"
152;13817;"Biotropica";journal;"17447429, 00063606";"Wiley-Blackwell";Yes;No;0,782;Q1;116;112;420;7830;858;397;1,89;69,91;35,53;3;United States;Northern America;"Wiley-Blackwell";"1979-1986, 1988-2026";"Ecology, Evolution, Behavior and Systematics (Q1)";"Agricultural and Biological Sciences"
153;21100923620;"Phytobiomes Journal";journal;"24712906";"American Phytopathological Society";Yes;No;0,782;Q1;36;48;110;3727;436;110;3,51;77,65;47,29;0;United States;Northern America;"American Phytopathological Society";"2017-2025";"Agronomy and Crop Science (Q1); Ecology (Q1); Ecology, Evolution, Behavior and Systematics (Q1); Plant Science (Q1); Molecular Biology (Q3)";"Agricultural and Biological Sciences; Biochemistry, Genetics and Molecular Biology; Environmental Science"
154;22556;"Journal of Experimental Zoology Part B: Molecular and Developmental Evolution";journal;"15525007, 15525015";"John Wiley &amp; Sons Inc.";No;No;0,781;Q1;77;50;164;2648;302;137;1,60;52,96;34,51;0;United States;Northern America;"John Wiley &amp; Sons Inc.";"2003-2026";"Animal Science and Zoology (Q1); Ecology, Evolution, Behavior and Systematics (Q1); Developmental Biology (Q2); Genetics (Q2); Molecular Medicine (Q2)";"Agricultural and Biological Sciences; Biochemistry, Genetics and Molecular Biology"
155;23287;"Oryx";journal;"00306053, 13653008";"Cambridge University Press";Yes;No;0,775;Q1;93;115;343;3837;800;315;2,09;33,37;33,99;0;United Kingdom;Western Europe;"Cambridge University Press";"1950-2026";"Ecology, Evolution, Behavior and Systematics (Q1); Nature and Landscape Conservation (Q1)";"Agricultural and Biological Sciences; Environmental Science"
156;24131;"American Journal of Primatology";journal;"02752565, 10982345";"John Wiley &amp; Sons Inc.";No;No;0,767;Q1;99;100;320;7056;717;303;2,15;70,56;52,14;1;United States;Northern America;"John Wiley &amp; Sons Inc.";"1981-2026";"Animal Science and Zoology (Q1); Ecology, Evolution, Behavior and Systematics (Q1)";"Agricultural and Biological Sciences"
157;12016;"Canadian Journal of Fisheries and Aquatic Sciences";journal;"0706652X, 12057533";"National Research Council of Canada";No;No;0,766;Q1;179;131;500;9398;1154;499;1,95;71,74;30,96;36;Canada;Northern America;"National Research Council of Canada";"1980-2026";"Aquatic Science (Q1); Ecology, Evolution, Behavior and Systematics (Q1)";"Agricultural and Biological Sciences"
158;29771;"Biological Journal of the Linnean Society";journal;"00244066, 10958312";"Oxford University Press";Yes;No;0,764;Q1;133;111;566;8919;1124;566;1,93;80,35;29,22;2;United Kingdom;Western Europe;"Oxford University Press";"1969-2026";"Ecology, Evolution, Behavior and Systematics (Q1)";"Agricultural and Biological Sciences"
159;22605;"Journal of Zoological Systematics and Evolutionary Research";journal;"09475745, 14390469";"Wiley-VCH Verlag";Yes;No;0,761;Q1;62;8;231;371;445;229;1,99;46,38;41,27;0;Germany;Western Europe;"Wiley-VCH Verlag";"1963-1981, 1983-2026";"Animal Science and Zoology (Q1); Ecology, Evolution, Behavior and Systematics (Q1); Genetics (Q2); Molecular Biology (Q3)";"Agricultural and Biological Sciences; Biochemistry, Genetics and Molecular Biology"
160;21101167206;"Advances in Simulation";journal;"20590628";"BioMed Central Ltd";Yes;No;0,759;Q1;37;29;113;1433;358;107;2,91;49,41;59,59;1;United Kingdom;Western Europe;"BioMed Central Ltd";"2016-2026";"Ecology, Evolution, Behavior and Systematics (Q1); Social Sciences (miscellaneous) (Q1); Psychiatry and Mental Health (Q2); Psychology (miscellaneous) (Q2); Cognitive Neuroscience (Q3); Developmental Neuroscience (Q3)";"Agricultural and Biological Sciences; Medicine; Neuroscience; Psychology; Social Sciences"
161;21100278316;"Arachnology";journal;"20509936, 20509928";"British Arachnological Society (BAS)";No;No;0,759;Q1;15;32;133;910;129;131;0,98;28,44;20,00;0;United Kingdom;Western Europe;"British Arachnological Society (BAS)";"2013, 2015-2025";"Ecology, Evolution, Behavior and Systematics (Q1); Insect Science (Q1)";"Agricultural and Biological Sciences"
162;5400152649;"Mycological Progress";journal;"18618952, 1617416X";"Springer Science and Business Media Deutschland GmbH";No;No;0,759;Q1;58;88;300;6322;703;298;2,24;71,84;37,22;7;Germany;Western Europe;"Springer Science and Business Media Deutschland GmbH";"2006-2026";"Agricultural and Biological Sciences (miscellaneous) (Q1); Ecology, Evolution, Behavior and Systematics (Q1); Plant Science (Q1)";"Agricultural and Biological Sciences"
163;29542;"Journal of Anatomy";journal;"14697580, 00218782";"John Wiley and Sons Inc";No;No;0,757;Q1;145;166;580;10185;1426;560;2,07;61,36;37,55;2;United Kingdom;Western Europe;"John Wiley and Sons Inc";"1945-2026";"Anatomy (Q1); Ecology, Evolution, Behavior and Systematics (Q1); Histology (Q2); Cell Biology (Q3); Developmental Biology (Q3); Molecular Biology (Q3)";"Agricultural and Biological Sciences; Biochemistry, Genetics and Molecular Biology; Medicine"
164;21101048252;"Integrative Organismal Biology";journal;"25174843";"Oxford University Press";Yes;No;0,750;Q1;21;41;134;2855;305;134;2,30;69,63;43,45;1;United States;Northern America;"Oxford University Press";"2019-2026";"Animal Science and Zoology (Q1); Ecology, Evolution, Behavior and Systematics (Q1); Plant Science (Q1)";"Agricultural and Biological Sciences"
165;21100924379;"Environments - MDPI";journal;"20763298";"Multidisciplinary Digital Publishing Institute (MDPI)";Yes;No;0,744;Q1;60;223;403;15942;1672;390;3,96;71,49;37,55;15;Switzerland;Western Europe;"Multidisciplinary Digital Publishing Institute (MDPI)";"2014-2026";"Ecology, Evolution, Behavior and Systematics (Q1); Environmental Science (miscellaneous) (Q2); Renewable Energy, Sustainability and the Environment (Q2)";"Agricultural and Biological Sciences; Energy; Environmental Science"
166;22576;"Journal of Mammalian Evolution";journal;"10647554, 15737055";"Springer";No;No;0,742;Q1;58;57;175;4805;381;174;1,98;84,30;27,43;0;United States;Northern America;"Springer";"1993-1994, 1996-2025";"Ecology, Evolution, Behavior and Systematics (Q1)";"Agricultural and Biological Sciences"
167;21100200405;"Zoosystematics and Evolution";journal;"18600743, 14351935";"Pensoft Publishers";Yes;No;0,739;Q1;31;42;99;1669;186;99;1,70;39,74;20,44;0;Bulgaria;Eastern Europe;"Pensoft Publishers";"1996-2026";"Animal Science and Zoology (Q1); Ecology, Evolution, Behavior and Systematics (Q1); Insect Science (Q1)";"Agricultural and Biological Sciences"
168;21100324710;"Egyptian Journal of Aquatic Research";journal;"16874285, 20903278";"National Institute of Oceanography and Fisheries";Yes;No;0,736;Q1;59;70;171;2793;735;171;3,10;39,90;38,62;3;Egypt;Africa/Middle East;"National Institute of Oceanography and Fisheries";"2012-2026";"Aquatic Science (Q1); Ecology, Evolution, Behavior and Systematics (Q1); Water Science and Technology (Q1); Oceanography (Q2)";"Agricultural and Biological Sciences; Earth and Planetary Sciences; Environmental Science"
169;22028;"International Journal of Primatology";journal;"15738604, 01640291";"Springer";No;No;0,730;Q1;96;64;168;4178;335;161;2,07;65,28;46,22;1;United States;Northern America;"Springer";"1980-2026";"Animal Science and Zoology (Q1); Ecology, Evolution, Behavior and Systematics (Q1)";"Agricultural and Biological Sciences"
170;12165;"Marine Biology";journal;"00253162, 14321793";"Springer Science and Business Media Deutschland GmbH";No;No;0,730;Q1;142;166;519;12556;1163;510;2,08;75,64;44,10;15;Germany;Western Europe;"Springer Science and Business Media Deutschland GmbH";"1967-2026";"Aquatic Science (Q1); Ecology (Q1); Ecology, Evolution, Behavior and Systematics (Q1)";"Agricultural and Biological Sciences; Environmental Science"
171;24495;"Wildlife Biology";journal;"1903220X, 09096396";"Nordic Council for Wildlife Research";Yes;No;0,730;Q1;69;30;164;1941;340;164;1,80;64,70;26,39;4;Denmark;Western Europe;"Nordic Council for Wildlife Research";"1995-2026";"Ecology, Evolution, Behavior and Systematics (Q1); Nature and Landscape Conservation (Q1); Management, Monitoring, Policy and Law (Q2)";"Agricultural and Biological Sciences; Environmental Science"
172;20977;"Ornithology";journal;"27324613";"Oxford University Press";No;No;0,728;Q1;4;0;0;0;0;0;0,00;0,00;0,00;0;United Kingdom;Western Europe;"Oxford University Press";"2024";"Animal Science and Zoology (Q1); Ecology, Evolution, Behavior and Systematics (Q1)";"Agricultural and Biological Sciences"
173;22663;"Marine Mammal Science";journal;"17487692, 08240469";"Wiley-Blackwell";No;No;0,724;Q1;100;85;299;5090;695;271;2,25;59,88;46,94;17;United States;Northern America;"Wiley-Blackwell";"1985-2026";"Aquatic Science (Q1); Ecology, Evolution, Behavior and Systematics (Q1)";"Agricultural and Biological Sciences"
174;21100244807;"Algae";journal;"20930860, 12262617";"Korean Society of Phycology";Yes;No;0,722;Q1;36;21;81;1255;216;75;2,78;59,76;42,50;0;South Korea;Asiatic Region;"Korean Society of Phycology";"2013-2025";"Aquatic Science (Q1); Ecology, Evolution, Behavior and Systematics (Q1); Plant Science (Q1)";"Agricultural and Biological Sciences"
175;24499;"Wildlife Research";journal;"14485494, 10353712";"CSIRO Publishing";No;No;0,720;Q1;86;115;255;7644;565;255;1,79;66,47;33,82;0;Australia;Pacific Region;"CSIRO Publishing";"1974-2026";"Ecology, Evolution, Behavior and Systematics (Q1); Management, Monitoring, Policy and Law (Q2)";"Agricultural and Biological Sciences; Environmental Science"
176;14677;"Infection, Genetics and Evolution";journal;"15677257, 15671348";"Elsevier B.V.";Yes;No;0,718;Q1;124;141;1108;8061;3205;1083;2,78;57,17;46,31;2;Netherlands;Western Europe;"Elsevier B.V.";"2001-2026";"Ecology, Evolution, Behavior and Systematics (Q1); Genetics (Q2); Infectious Diseases (Q2); Microbiology (Q2); Microbiology (medical) (Q2); Molecular Biology (Q3)";"Agricultural and Biological Sciences; Biochemistry, Genetics and Molecular Biology; Immunology and Microbiology; Medicine"
177;14580;"Ecological Research";journal;"14401703, 09123814";"Springer Nature";No;No;0,713;Q1;92;64;261;4376;562;243;1,87;68,38;27,85;4;United States;Northern America;"Springer Nature";"1986-2026";"Ecology, Evolution, Behavior and Systematics (Q1)";"Agricultural and Biological Sciences"
178;27202;"Life";journal;"20751729";"Multidisciplinary Digital Publishing Institute (MDPI)";Yes;No;0,713;Q2;88;2344;3918;158885;13116;3853;3,33;67,78;45,33;38;Switzerland;Western Europe;"Multidisciplinary Digital Publishing Institute (MDPI)";"2011-2026";"Paleontology (Q1); Biochemistry, Genetics and Molecular Biology (miscellaneous) (Q2); Ecology, Evolution, Behavior and Systematics (Q2); Space and Planetary Science (Q2)";"Agricultural and Biological Sciences; Biochemistry, Genetics and Molecular Biology; Earth and Planetary Sciences"
179;29267;"Journal of Arid Environments";journal;"1095922X, 01401963";"Academic Press";No;No;0,709;Q2;151;146;523;8106;1587;522;3,00;55,52;32,46;5;United States;Northern America;"Academic Press";"1978-2026";"Earth-Surface Processes (Q1); Ecology (Q1); Ecology, Evolution, Behavior and Systematics (Q2)";"Agricultural and Biological Sciences; Earth and Planetary Sciences; Environmental Science"
180;17878;"Willdenowia";journal;"18686397, 05119618";"Botanischer Garten und Botanisches Museum Berlin-Dahlem";No;No;0,704;Q2;22;5;70;361;157;70;2,19;72,20;42,11;0;Germany;Western Europe;"Botanischer Garten und Botanisches Museum Berlin-Dahlem";"1985-1989, 1991-1997, 2011-2025";"Plant Science (Q1); Ecology, Evolution, Behavior and Systematics (Q2)";"Agricultural and Biological Sciences"
181;69955;"Contributions to Zoology";journal;"13834517, 18759866";"Brill Academic Publishers";Yes;No;0,702;Q2;42;16;45;1449;99;45;1,96;90,56;36,36;1;Netherlands;Western Europe;"Brill Academic Publishers";"1994, 1996-2026";"Animal Science and Zoology (Q1); Ecology, Evolution, Behavior and Systematics (Q2)";"Agricultural and Biological Sciences"
182;19900193845;"International Journal of Microbiology";journal;"16879198, 1687918X";"John Wiley and Sons Ltd";Yes;No;0,697;-;69;42;303;2174;1312;303;3,20;51,76;41,41;0;United Kingdom;Western Europe;"John Wiley and Sons Ltd";"2009-2026";"Microbiology (Q2); Microbiology (medical) (Q2)";"Immunology and Microbiology; Medicine"
183;19700166901;"Fungal Biology";journal;"18786146";"Elsevier B.V.";No;No;0,696;Q2;129;73;286;4563;898;284;3,11;62,51;47,28;0;Netherlands;Western Europe;"Elsevier B.V.";"2010-2026";"Plant Science (Q1); Ecology, Evolution, Behavior and Systematics (Q2); Infectious Diseases (Q2); Genetics (Q3)";"Agricultural and Biological Sciences; Biochemistry, Genetics and Molecular Biology; Medicine"
184;14600;"Review of Palaeobotany and Palynology";journal;"00346667";"Elsevier B.V.";No;No;0,690;Q2;97;124;377;10312;750;369;1,88;83,16;42,08;0;Netherlands;Western Europe;"Elsevier B.V.";"1967-2026";"Paleontology (Q1); Ecology, Evolution, Behavior and Systematics (Q2)";"Agricultural and Biological Sciences; Earth and Planetary Sciences"
185;130184;"Systematics and Biodiversity";journal;"14772000, 14780933";"Taylor and Francis Ltd.";No;No;0,690;Q2;54;32;170;2133;330;169;1,88;66,66;32,78;0;United Kingdom;Western Europe;"Taylor and Francis Ltd.";"2003-2026";"Plant Science (Q1); Ecology, Evolution, Behavior and Systematics (Q2)";"Agricultural and Biological Sciences"
186;23342;"Journal of Chemical Ecology";journal;"15731561, 00980331";"Springer";No;No;0,685;Q2;142;57;264;3798;666;259;2,26;66,63;38,85;1;United States;Northern America;"Springer";"1975-2026";"Biochemistry (Q2); Ecology, Evolution, Behavior and Systematics (Q2); Medicine (miscellaneous) (Q2)";"Agricultural and Biological Sciences; Biochemistry, Genetics and Molecular Biology; Medicine"
187;19900192609;"Conservation Evidence";journal;"17582067";"University of Cambridge";Yes;No;0,682;Q2;16;7;21;174;35;20;1,54;24,86;33,33;0;United Kingdom;Western Europe;"University of Cambridge";"2011-2026";"Ecology (Q1); Ecology, Evolution, Behavior and Systematics (Q2); Management, Monitoring, Policy and Law (Q2); Nature and Landscape Conservation (Q2)";"Agricultural and Biological Sciences; Environmental Science"
188;20311;"Environmental Entomology";journal;"0046225X, 19382936";"Oxford University Press";No;No;0,682;Q2;109;115;456;6262;949;456;1,92;54,45;39,36;6;United States;Northern America;"Oxford University Press";"1972-2026";"Insect Science (Q1); Ecology (Q2); Ecology, Evolution, Behavior and Systematics (Q2)";"Agricultural and Biological Sciences; Environmental Science"
189;29034;"Aquatic Sciences";journal;"14209055, 10151621";"Springer Science and Business Media Deutschland GmbH";No;No;0,679;Q2;94;114;223;8372;522;223;1,99;73,44;40,00;6;Switzerland;Western Europe;"Springer Science and Business Media Deutschland GmbH";"1982, 1989-2026";"Aquatic Science (Q1); Ecology (Q2); Ecology, Evolution, Behavior and Systematics (Q2); Water Science and Technology (Q2)";"Agricultural and Biological Sciences; Environmental Science"
190;22035;"Journal of Avian Biology";journal;"1600048X, 09088857";"Wiley-Blackwell Publishing Ltd";Yes;No;0,678;Q2;93;43;226;3030;392;224;1,46;70,47;33,17;2;United Kingdom;Western Europe;"Wiley-Blackwell Publishing Ltd";"1994-2026";"Animal Science and Zoology (Q1); Ecology, Evolution, Behavior and Systematics (Q2)";"Agricultural and Biological Sciences"
191;22608;"Journal of Zoology";journal;"09528369, 14697998";"Wiley-Blackwell";No;No;0,671;Q2;119;85;257;6128;507;254;2,02;72,09;35,50;2;United States;Northern America;"Wiley-Blackwell";"1830, 1833-1835, 1837-2026";"Animal Science and Zoology (Q1); Ecology, Evolution, Behavior and Systematics (Q2)";"Agricultural and Biological Sciences"
192;21101060315;"Integrative Systematics";journal;"26282380, 26282429";"State Museum for Natural History Stuttgart";No;No;0,669;Q2;9;27;33;3273;58;32;1,70;121,22;7,41;0;Germany;Western Europe;"State Museum for Natural History Stuttgart";"2018-2025";"Animal Science and Zoology (Q1); Insect Science (Q1); Plant Science (Q1); Ecology, Evolution, Behavior and Systematics (Q2)";"Agricultural and Biological Sciences"
193;12956;"Organisms Diversity and Evolution";journal;"14396092, 16181077";"Springer Science and Business Media Deutschland GmbH";No;No;0,667;Q2;58;54;147;4091;274;147;1,90;75,76;30,98;0;Germany;Western Europe;"Springer Science and Business Media Deutschland GmbH";"2001-2026";"Ecology, Evolution, Behavior and Systematics (Q2)";"Agricultural and Biological Sciences"
194;19156;"Arthropod Structure and Development";journal;"14678039, 18735495";"Elsevier Ltd";No;No;0,665;Q2;75;45;150;2636;291;145;1,88;58,58;39,86;0;United Kingdom;Western Europe;"Elsevier Ltd";"2000-2026";"Insect Science (Q1); Ecology, Evolution, Behavior and Systematics (Q2); Medicine (miscellaneous) (Q2); Developmental Biology (Q3)";"Agricultural and Biological Sciences; Biochemistry, Genetics and Molecular Biology; Medicine"
195;95143;"Fungal Ecology";journal;"17545048";"Elsevier B.V.";No;No;0,665;Q2;83;63;187;4558;503;182;2,07;72,35;46,88;0;Netherlands;Western Europe;"Elsevier B.V.";"2008-2026";"Ecological Modeling (Q2); Ecology (Q2); Ecology, Evolution, Behavior and Systematics (Q2); Plant Science (Q2)";"Agricultural and Biological Sciences; Environmental Science"
196;20293;"Ecological Management and Restoration";journal;"14427001, 14428903";"Wiley-Blackwell Publishing Ltd";No;No;0,663;Q2;55;20;157;841;302;138;1,71;42,05;34,45;1;United Kingdom;Western Europe;"Wiley-Blackwell Publishing Ltd";"2000-2026";"Ecology, Evolution, Behavior and Systematics (Q2); Management, Monitoring, Policy and Law (Q2); Nature and Landscape Conservation (Q2)";"Agricultural and Biological Sciences; Environmental Science"
197;21983;"Herpetologica";journal;"00180831";"Herpetologist's League Inc.";No;No;0,662;Q2;60;27;100;1681;228;99;1,16;62,26;30,28;0;United States;Northern America;"Herpetologist's League Inc.";"1981-2025";"Animal Science and Zoology (Q1); Ecology, Evolution, Behavior and Systematics (Q2)";"Agricultural and Biological Sciences"
198;21100370881;"Journal of Experimental Psychology: Animal Learning and Cognition";journal;"23298464, 23298456";"American Psychological Association";No;No;0,662;Q2;82;21;109;983;149;105;1,37;46,81;35,85;0;United States;Northern America;"American Psychological Association";"2014-2026";"Ecology, Evolution, Behavior and Systematics (Q2); Experimental and Cognitive Psychology (Q2)";"Agricultural and Biological Sciences; Psychology"
199;19700170477;"ZooKeys";journal;"13132970, 13132989";"Pensoft Publishers";Yes;No;0,659;Q2;73;466;1454;21751;2099;1438;1,39;46,68;31,36;10;Bulgaria;Eastern Europe;"Pensoft Publishers";"2009-2026";"Agricultural and Biological Sciences (miscellaneous) (Q1); Animal Science and Zoology (Q1); Insect Science (Q1); Paleontology (Q1); Ecology, Evolution, Behavior and Systematics (Q2)";"Agricultural and Biological Sciences; Earth and Planetary Sciences"
200;22550;"Web Ecology";journal;"21933081, 13991183";"Copernicus Publications";Yes;Yes;0,651;Q2;26;9;30;646;89;30;2,41;71,78;38,96;1;Germany;Western Europe;"Copernicus Publications";"2000-2003, 2005-2026";"Ecology (Q2); Ecology, Evolution, Behavior and Systematics (Q2)";"Agricultural and Biological Sciences; Environmental Science"
201;21100812850;"European Journal of Taxonomy";journal;"21189773";"Museum National d'Histoire Naturelle";Yes;Yes;0,649;Q2;29;156;565;8463;722;565;1,22;54,25;29,50;2;France;Western Europe;"Museum National d'Histoire Naturelle";"2015-2026";"Ecology, Evolution, Behavior and Systematics (Q2)";"Agricultural and Biological Sciences"
202;29520;"Animal Cognition";journal;"14359448, 14359456";"Springer Science and Business Media Deutschland GmbH";Yes;No;0,648;Q2;100;155;348;11544;888;341;2,36;74,48;53,23;0;Germany;Western Europe;"Springer Science and Business Media Deutschland GmbH";"1998-2026";"Ecology, Evolution, Behavior and Systematics (Q2); Experimental and Cognitive Psychology (Q2)";"Agricultural and Biological Sciences; Psychology"
203;19351;"Annals of the Missouri Botanical Garden";journal;"00266493";"Missouri Botanical Garden";No;No;0,648;Q2;83;7;41;602;70;41;1,25;86,00;44,44;0;United States;Northern America;"Missouri Botanical Garden";"1946, 1976, 1978-1979, 1981-2024";"Ecology, Evolution, Behavior and Systematics (Q2); Plant Science (Q2)";"Agricultural and Biological Sciences"
204;14343;"Theoretical Population Biology";journal;"00405809, 10960325";"Academic Press Inc.";No;No;0,648;Q2;102;29;144;1320;169;116;1,13;45,52;19,75;0;United States;Northern America;"Academic Press Inc.";"1970-2026";"Ecology, Evolution, Behavior and Systematics (Q2)";"Agricultural and Biological Sciences"
205;12602;"American Journal of Human Biology";journal;"10420533, 15206300";"Wiley-Liss Inc.";No;No;0,646;Q2;103;134;432;7019;1163;401;2,23;52,38;53,90;6;United States;Northern America;"Wiley-Liss Inc.";"1989-2026";"Anthropology (Q1); Anatomy (Q2); Ecology, Evolution, Behavior and Systematics (Q2); Genetics (Q3)";"Agricultural and Biological Sciences; Biochemistry, Genetics and Molecular Biology; Medicine; Social Sciences"
206;27067;"Human Nature";journal;"19364776, 10456767";"Springer New York";No;No;0,646;Q2;88;27;77;2293;161;75;2,12;84,93;56,82;0;United States;Northern America;"Springer New York";"1990-2026";"Anthropology (Q1); Arts and Humanities (miscellaneous) (Q1); Social Sciences (miscellaneous) (Q1); Sociology and Political Science (Q1); Ecology, Evolution, Behavior and Systematics (Q2)";"Agricultural and Biological Sciences; Arts and Humanities; Social Sciences"
207;11500153406;"Journal of Hymenoptera Research";journal;"13142607, 10709428";"Pensoft Publishers";Yes;No;0,646;Q2;33;65;230;2481;343;229;1,51;38,17;27,91;2;United States;Northern America;"Pensoft Publishers";"2007-2026";"Animal Science and Zoology (Q1); Insect Science (Q1); Ecology, Evolution, Behavior and Systematics (Q2)";"Agricultural and Biological Sciences"
208;19400157007;"Microbes and Environments";journal;"13426311, 13474405";"Japanese Society of Microbial Ecology";No;No;0,646;Q2;74;39;153;1874;395;153;2,18;48,05;26,67;0;Japan;Asiatic Region;"Japanese Society of Microbial Ecology";"1996-2026";"Ecology, Evolution, Behavior and Systematics (Q2); Medicine (miscellaneous) (Q2); Plant Science (Q2); Soil Science (Q2)";"Agricultural and Biological Sciences; Medicine"
209;21100206006;"Marine and Coastal Fisheries";journal;"19425120";"Oxford University Press";Yes;No;0,642;Q2;44;43;106;3016;228;103;1,87;70,14;36,27;10;United States;Northern America;"Oxford University Press";"2009-2026";"Aquatic Science (Q1); Ecology, Evolution, Behavior and Systematics (Q2)";"Agricultural and Biological Sciences"
210;22578;"Journal of Mammalogy";journal;"00222372, 15451542";"Oxford University Press";No;No;0,637;Q2;120;115;399;8364;675;388;1,58;72,73;37,66;5;United States;Northern America;"Oxford University Press";"1921, 1932, 1934-1935, 1941-1942, 1945-1950, 1952-2026";"Animal Science and Zoology (Q1); Ecology (Q2); Ecology, Evolution, Behavior and Systematics (Q2); Nature and Landscape Conservation (Q2); Genetics (Q3)";"Agricultural and Biological Sciences; Biochemistry, Genetics and Molecular Biology; Environmental Science"
211;19800188031;"Mediterranean Marine Science";journal;"17916763, 1108393X";"Hellenic Centre for Marine Research";Yes;No;0,636;Q2;56;54;189;3438;494;188;2,30;63,67;41,41;1;Greece;Western Europe;"Hellenic Centre for Marine Research";"2000-2026";"Aquatic Science (Q2); Ecology, Evolution, Behavior and Systematics (Q2); Environmental Engineering (Q2); Oceanography (Q2)";"Agricultural and Biological Sciences; Earth and Planetary Sciences; Environmental Science"
212;21100908545;"Aquaculture and Fisheries";journal;"20961758, 2468550X";"KeAi Communications Co.";Yes;Yes;0,634;Q2;41;83;190;4611;755;185;3,53;55,55;34,57;5;China;Asiatic Region;"KeAi Communications Co.";"2016-2026";"Aquatic Science (Q2); Ecology (Q2); Ecology, Evolution, Behavior and Systematics (Q2)";"Agricultural and Biological Sciences; Environmental Science"
213;29606;"Journal of Experimental Marine Biology and Ecology";journal;"00220981";"Elsevier B.V.";No;No;0,630;Q2;153;93;317;7145;700;317;1,97;76,83;43,65;5;Netherlands;Western Europe;"Elsevier B.V.";"1967-2026";"Aquatic Science (Q2); Ecology, Evolution, Behavior and Systematics (Q2)";"Agricultural and Biological Sciences"
214;19129;"International Journal of Plant Sciences";journal;"15375315, 10585893";"University of Chicago Press";No;No;0,624;Q2;103;52;181;3965;354;181;1,59;76,25;45,13;0;United States;Northern America;"University of Chicago Press";"1983-1984, 1992-2026";"Ecology, Evolution, Behavior and Systematics (Q2); Plant Science (Q2)";"Agricultural and Biological Sciences"
215;14004;"Palaios";journal;"08831351, 19385323";"SEPM Society for Sedimentary Geology";No;No;0,622;Q2;94;37;120;2944;215;120;1,60;79,57;37,96;0;United States;Northern America;"SEPM Society for Sedimentary Geology";"1986-2026";"Ecology, Evolution, Behavior and Systematics (Q2); Paleontology (Q2)";"Agricultural and Biological Sciences; Earth and Planetary Sciences"
216;23456;"Journal of Comparative Physiology A: Neuroethology, Sensory, Neural, and Behavioral Physiology";journal;"14321351, 03407594";"Springer Verlag";No;No;0,621;Q2;109;62;187;4158;367;179;1,88;67,06;36,22;0;Germany;Western Europe;"Springer Verlag";"1974-2026";"Animal Science and Zoology (Q1); Ecology, Evolution, Behavior and Systematics (Q2); Behavioral Neuroscience (Q3); Physiology (Q3)";"Agricultural and Biological Sciences; Biochemistry, Genetics and Molecular Biology; Neuroscience"
217;17778;"Medical and Veterinary Entomology";journal;"0269283X, 13652915";"Wiley-Blackwell Publishing Ltd";No;No;0,618;Q2;98;84;184;3996;371;180;1,90;47,57;41,65;4;United Kingdom;Western Europe;"Wiley-Blackwell Publishing Ltd";"1987-2026";"Insect Science (Q1); Veterinary (miscellaneous) (Q1); Ecology, Evolution, Behavior and Systematics (Q2); Parasitology (Q2)";"Agricultural and Biological Sciences; Immunology and Microbiology; Veterinary"
218;21100901748;"Behavioral Sciences";journal;"2076328X";"Multidisciplinary Digital Publishing Institute (MDPI)";Yes;No;0,616;Q2;64;1017;888;65048;2497;881;2,85;63,96;50,83;26;Switzerland;Western Europe;"Multidisciplinary Digital Publishing Institute (MDPI)";"2011-2026";"Development (Q2); Ecology, Evolution, Behavior and Systematics (Q2); Psychology (miscellaneous) (Q2); Behavioral Neuroscience (Q3); Genetics (Q3)";"Agricultural and Biological Sciences; Biochemistry, Genetics and Molecular Biology; Neuroscience; Psychology; Social Sciences"
219;29635;"Journal of Plankton Research";journal;"14643774, 01427873";"Oxford University Press";No;No;0,616;Q2;115;65;215;4198;405;210;1,97;64,58;47,54;3;United Kingdom;Western Europe;"Oxford University Press";"1979-2026";"Aquatic Science (Q2); Ecology (Q2); Ecology, Evolution, Behavior and Systematics (Q2)";"Agricultural and Biological Sciences; Environmental Science"
220;15300154803;"Anatomical Record";journal;"19328486, 19328494";"John Wiley &amp; Sons Inc.";No;No;0,615;Q2;109;214;641;13825;1324;606;1,92;64,60;42,65;0;United States;Northern America;"John Wiley &amp; Sons Inc.";"2007-2026";"Anatomy (Q2); Biotechnology (Q2); Ecology, Evolution, Behavior and Systematics (Q2); Histology (Q2)";"Agricultural and Biological Sciences; Biochemistry, Genetics and Molecular Biology; Medicine"
221;22105;"Evolutionary Biology";journal;"19342845, 00713260";"Springer";No;No;0,612;Q2;56;32;93;2467;159;93;1,49;77,09;34,93;1;United States;Northern America;"Springer";"1993, 1995, 2007-2026";"Ecology, Evolution, Behavior and Systematics (Q2)";"Agricultural and Biological Sciences"
222;19700181302;"Plant Ecology and Diversity";journal;"17550874, 17551668";"Routledge";No;No;0,612;Q2;49;16;79;1325;156;79;1,89;82,81;32,53;0;United Kingdom;Western Europe;"Routledge";"2008-2026";"Ecology (Q2); Ecology, Evolution, Behavior and Systematics (Q2); Plant Science (Q2)";"Agricultural and Biological Sciences; Environmental Science"
223;21606;"Evolutionary Ecology";journal;"02697653, 15738477";"Springer Science and Business Media Deutschland GmbH";No;No;0,610;Q2;98;57;175;4348;263;171;1,50;76,28;38,78;0;Germany;Western Europe;"Springer Science and Business Media Deutschland GmbH";"1987-2026";"Ecology, Evolution, Behavior and Systematics (Q2)";"Agricultural and Biological Sciences"
224;15435;"Journal of Consciousness Studies";journal;"20512201, 13558250";"Imprint Academic";No;No;0,610;Q2;81;76;215;2959;281;192;1,35;38,93;37,93;0;United Kingdom;Western Europe;"Imprint Academic";"1996-2026";"Philosophy (Q1); Ecology, Evolution, Behavior and Systematics (Q2); Psychology (miscellaneous) (Q2); Artificial Intelligence (Q3)";"Agricultural and Biological Sciences; Arts and Humanities; Computer Science; Psychology"
225;29688;"Journal of Vector Ecology";journal;"10811710, 19487134";"BioOne";No;No;0,609;Q2;63;25;99;976;157;97;1,40;39,04;32,99;2;United States;Northern America;"BioOne";"1996-2025";"Ecology (Q2); Ecology, Evolution, Behavior and Systematics (Q2)";"Agricultural and Biological Sciences; Environmental Science"
226;21100297824;"Freshwater Science";journal;"21619549, 21619565";"University of Chicago Press";No;No;0,608;Q2;135;29;171;2171;329;169;1,80;74,86;32,88;2;United States;Northern America;"University of Chicago Press";"2012-2026";"Aquatic Science (Q2); Ecology (Q2); Ecology, Evolution, Behavior and Systematics (Q2)";"Agricultural and Biological Sciences; Environmental Science"
227;20289;"Ecological Complexity";journal;"1476945X";"Elsevier B.V.";No;No;0,607;Q2;74;10;129;537;440;128;3,42;53,70;36,54;0;Netherlands;Western Europe;"Elsevier B.V.";"2004-2026";"Ecological Modeling (Q2); Ecology, Evolution, Behavior and Systematics (Q2)";"Agricultural and Biological Sciences; Environmental Science"
228;21449;"Ecology of Freshwater Fish";journal;"16000633, 09066691";"Blackwell Munksgaard";No;No;0,606;Q2;70;70;161;4903;349;160;2,03;70,04;30,58;14;Denmark;Western Europe;"Blackwell Munksgaard";"1992-2026";"Aquatic Science (Q2); Ecology (Q2); Ecology, Evolution, Behavior and Systematics (Q2)";"Agricultural and Biological Sciences; Environmental Science"
229;13956;"Lethaia";journal;"00241164, 15023931";"Scandinavian University Press";Yes;Yes;0,604;Q2;71;31;142;2686;241;140;1,76;86,65;23,73;1;Norway;Western Europe;"Scandinavian University Press";"1968-2025";"Ecology, Evolution, Behavior and Systematics (Q2); Paleontology (Q2)";"Agricultural and Biological Sciences; Earth and Planetary Sciences"
230;21101168868;"Asian Journal of Mycology";journal;"26511339";"MRF";No;No;0,603;Q2;16;20;59;1197;104;59;1,05;59,85;41,33;0;Thailand;Asiatic Region;"MRF";"2019-2025";"Forestry (Q1); Biochemistry, Genetics and Molecular Biology (miscellaneous) (Q2); Ecology, Evolution, Behavior and Systematics (Q2); Plant Science (Q2)";"Agricultural and Biological Sciences; Biochemistry, Genetics and Molecular Biology"
231;36093;"Pedobiologia";journal;"00314056, 18731511";"Elsevier GmbH";No;No;0,602;Q2;85;34;131;2353;302;131;2,17;69,21;41,06;1;Germany;Western Europe;"Elsevier GmbH";"1977, 1979-2026";"Ecology, Evolution, Behavior and Systematics (Q2); Soil Science (Q2)";"Agricultural and Biological Sciences"
232;19900192437;"Bulletin of the Peabody Museum of Natural History";journal;"21624135, 0079032X";"Peabody Museum of Natural History";No;No;0,601;Q2;25;4;18;540;29;18;2,08;135,00;38,46;0;United States;Northern America;"Peabody Museum of Natural History";"2010-2025";"Animal Science and Zoology (Q1); Ecology, Evolution, Behavior and Systematics (Q2); Plant Science (Q2)";"Agricultural and Biological Sciences"
233;13560;"Ecological Psychology";journal;"15326969, 10407413";"Routledge";No;No;0,598;Q2;57;7;33;567;62;32;1,80;81,00;26,32;0;United States;Northern America;"Routledge";"1989-2026";"Computer Science (miscellaneous) (Q2); Ecology, Evolution, Behavior and Systematics (Q2); Social Psychology (Q2); Experimental and Cognitive Psychology (Q3)";"Agricultural and Biological Sciences; Computer Science; Psychology"
234;19700188237;"Journal of Biological Dynamics";journal;"17513766, 17513758";"Taylor and Francis Ltd.";Yes;No;0,597;Q2;50;45;119;1733;330;118;1,96;38,51;32,46;1;United Kingdom;Western Europe;"Taylor and Francis Ltd.";"2007-2026";"Ecology (Q2); Ecology, Evolution, Behavior and Systematics (Q2)";"Agricultural and Biological Sciences; Environmental Science"
235;21100810659;"Botanikai Kozlemenyek";journal;"00068144, 24159662";"Magyar Biologiai Tarsasag (Hungarian Biological Society)";No;No;0,595;Q2;7;8;32;576;22;32;0,83;72,00;30,77;0;Hungary;Eastern Europe;"Magyar Biologiai Tarsasag (Hungarian Biological Society)";"2016-2025";"Ecology, Evolution, Behavior and Systematics (Q2); Plant Science (Q2)";"Agricultural and Biological Sciences"
236;4700151602;"Palaeoworld";journal;"1871174X";"Elsevier B.V.";No;No;0,595;Q2;41;57;170;3611;314;168;1,63;63,35;23,28;1;Netherlands;Western Europe;"Elsevier B.V.";"2006-2026";"Ecology, Evolution, Behavior and Systematics (Q2); Paleontology (Q2); Stratigraphy (Q2)";"Agricultural and Biological Sciences; Earth and Planetary Sciences"
237;21100205763;"Systematic and Applied Acarology";journal;"13621971";"Systematic and Applied Acarology Society";No;No;0,592;Q2;32;143;486;5956;591;467;1,32;41,65;34,60;3;Australia;Pacific Region;"Systematic and Applied Acarology Society";"2000, 2005, 2008, 2010-2025";"Insect Science (Q1); Ecology (Q2); Ecology, Evolution, Behavior and Systematics (Q2)";"Agricultural and Biological Sciences; Environmental Science"
238;5000159300;"Austral Ecology";journal;"14429985, 14429993";"John Wiley and Sons Inc";No;No;0,587;Q2;104;149;386;8990;668;372;1,71;60,34;40,71;10;United States;Northern America;"John Wiley and Sons Inc";"1981, 1996-2026";"Ecology (Q2); Ecology, Evolution, Behavior and Systematics (Q2)";"Agricultural and Biological Sciences; Environmental Science"
239;21489;"Ethology";journal;"14390310, 01791613";"Wiley-Blackwell Publishing Ltd";No;No;0,581;Q2;91;66;307;4018;486;293;1,37;60,88;45,28;0;United Kingdom;Western Europe;"Wiley-Blackwell Publishing Ltd";"1986-2026";"Animal Science and Zoology (Q1); Ecology, Evolution, Behavior and Systematics (Q2)";"Agricultural and Biological Sciences"
240;27370;"Population Ecology";journal;"1438390X, 14383896";"John Wiley and Sons Inc";No;No;0,580;Q2;71;20;92;1216;150;85;1,48;60,80;20,69;0;Japan;Asiatic Region;"John Wiley and Sons Inc";"1996, 1999-2026";"Ecology, Evolution, Behavior and Systematics (Q2)";"Agricultural and Biological Sciences"
241;21100365104;"Food Webs";journal;"23522496";"Elsevier Inc.";No;No;0,578;Q2;32;65;120;3417;206;120;1,55;52,57;34,92;1;United States;Northern America;"Elsevier Inc.";"2014-2026";"Ecology (Q2); Ecology, Evolution, Behavior and Systematics (Q2)";"Agricultural and Biological Sciences; Environmental Science"
242;29411;"Transactions of the American Fisheries Society";journal;"15488659, 00028487";"Oxford University Press";No;No;0,578;Q2;103;49;153;3562;262;150;1,76;72,69;20,10;9;United States;Northern America;"Oxford University Press";"1872-1876, 1878-1894, 1896-1908, 1910-1935, 1937-1943, 1945, 1947-1955, 1957-2026";"Aquatic Science (Q2); Ecology, Evolution, Behavior and Systematics (Q2)";"Agricultural and Biological Sciences"
243;21101026937;"Animal Migration";journal;"20848838";"Walter de Gruyter GmbH";Yes;No;0,575;Q2;14;0;23;0;41;23;1,88;0,00;0,00;0;Germany;Western Europe;"Walter de Gruyter GmbH";"2013, 2015-2022";"Animal Science and Zoology (Q1); Ecology (Q2); Ecology, Evolution, Behavior and Systematics (Q2)";"Agricultural and Biological Sciences; Environmental Science"
244;21100218076;"Subterranean Biology";journal;"17681448, 13142615";"Pensoft Publishers";Yes;No;0,574;Q2;20;22;84;1134;125;84;1,54;51,55;34,95;1;Bulgaria;Eastern Europe;"Pensoft Publishers";"2011, 2013-2026";"Animal Science and Zoology (Q1); Ecology, Evolution, Behavior and Systematics (Q2); Nature and Landscape Conservation (Q2); Soil Science (Q2)";"Agricultural and Biological Sciences; Environmental Science"
245;4700152418;"Journal of Plant Interactions";journal;"17429153, 17429145";"Taylor and Francis Ltd.";Yes;No;0,571;Q2;77;32;175;2531;562;175;2,78;79,09;46,94;0;United Kingdom;Western Europe;"Taylor and Francis Ltd.";"2005, 2007-2026";"Ecology, Evolution, Behavior and Systematics (Q2); Plant Science (Q2)";"Agricultural and Biological Sciences"
246;21100905834;"One Ecosystem";journal;"23678194";"Pensoft Publishers";Yes;No;0,571;Q2;26;14;69;1049;167;69;1,93;74,93;34,69;1;Bulgaria;Eastern Europe;"Pensoft Publishers";"2016-2026";"Agricultural and Biological Sciences (miscellaneous) (Q1); Earth and Planetary Sciences (miscellaneous) (Q2); Ecology (Q2); Ecology, Evolution, Behavior and Systematics (Q2); Nature and Landscape Conservation (Q2)";"Agricultural and Biological Sciences; Earth and Planetary Sciences; Environmental Science"
247;21100415026;"Invertebrate Zoology";journal;"18129250, 18140815";"KMK Scientific Press Ltd.";No;No;0,569;Q2;15;35;85;1341;108;85;1,52;38,31;35,44;1;Russian Federation;Eastern Europe;"KMK Scientific Press Ltd.";"2015-2025";"Animal Science and Zoology (Q1); Ecology, Evolution, Behavior and Systematics (Q2)";"Agricultural and Biological Sciences"
248;12524;"African Journal of Aquatic Science";journal;"17279364, 16085914";"National Inquiry Services Centre Ltd";No;No;0,565;Q2;41;37;138;2204;263;123;1,26;59,57;31,82;1;South Africa;Africa;"National Inquiry Services Centre Ltd";"2000-2026";"Aquatic Science (Q2); Ecology, Evolution, Behavior and Systematics (Q2)";"Agricultural and Biological Sciences"
249;19363;"Arctic, Antarctic, and Alpine Research";journal;"15230430, 19384246";"Taylor and Francis Ltd.";Yes;No;0,564;Q2;92;34;114;2471;187;104;1,32;72,68;37,86;2;United States;Northern America;"Taylor and Francis Ltd.";"1996, 1998-2026";"Earth-Surface Processes (Q2); Ecology, Evolution, Behavior and Systematics (Q2); Global and Planetary Change (Q3)";"Agricultural and Biological Sciences; Earth and Planetary Sciences; Environmental Science"
250;5200153106;"Neotropical Ichthyology";journal;"16796225, 19820224";"Sociedade Brasileira de Ictiologia";Yes;No;0,563;Q2;55;57;203;3401;366;203;1,94;59,67;42,73;4;Brazil;Latin America;"Sociedade Brasileira de Ictiologia";"2006-2025";"Animal Science and Zoology (Q1); Aquatic Science (Q2); Ecology, Evolution, Behavior and Systematics (Q2)";"Agricultural and Biological Sciences"
251;13043;"Aquatic Ecology";journal;"13862588, 15735125";"Springer Science and Business Media B.V.";No;No;0,562;Q2;74;62;258;4032;530;256;1,79;65,03;39,13;2;Netherlands;Western Europe;"Springer Science and Business Media B.V.";"1996-2026";"Aquatic Science (Q2); Ecology, Evolution, Behavior and Systematics (Q2)";"Agricultural and Biological Sciences"
252;20398;"Insectes Sociaux";journal;"14209098, 00201812";"Springer Science and Business Media Deutschland GmbH";No;No;0,562;Q2;73;51;147;2665;205;131;1,45;52,25;39,64;1;Switzerland;Western Europe;"Springer Science and Business Media Deutschland GmbH";"1954-2026";"Ecology, Evolution, Behavior and Systematics (Q2); Insect Science (Q2)";"Agricultural and Biological Sciences"
253;22655;"Mammalian Biology";journal;"16165047, 16181476";"Springer Science and Business Media Deutschland GmbH";No;No;0,562;Q2;59;51;308;3618;568;305;1,76;70,94;39,33;2;Germany;Western Europe;"Springer Science and Business Media Deutschland GmbH";"2001-2026";"Animal Science and Zoology (Q1); Ecology, Evolution, Behavior and Systematics (Q2)";"Agricultural and Biological Sciences"
254;19374;"AAPS PharmSciTech";journal;"15309932";"Springer Science and Business Media Deutschland GmbH";Yes;No;0,561;Q2;130;242;850;14780;3170;842;3,52;61,07;38,32;1;Switzerland;Western Europe;"Springer Science and Business Media Deutschland GmbH";"2000-2026";"Agronomy and Crop Science (Q2); Aquatic Science (Q2); Drug Discovery (Q2); Ecology (Q2); Ecology, Evolution, Behavior and Systematics (Q2); Medicine (miscellaneous) (Q2); Pharmaceutical Science (Q2)";"Agricultural and Biological Sciences; Environmental Science; Medicine; Pharmacology, Toxicology and Pharmaceutics"
255;101700;"European Journal of Wildlife Research";journal;"16124642";"Springer Verlag";No;No;0,558;Q2;65;117;278;6949;568;278;1,81;59,39;34,93;10;Germany;Western Europe;"Springer Verlag";"1996-2002, 2004-2026";"Ecology, Evolution, Behavior and Systematics (Q2); Management, Monitoring, Policy and Law (Q2); Nature and Landscape Conservation (Q2)";"Agricultural and Biological Sciences; Environmental Science"
256;20500195051;"Arthropoda Selecta";journal;"0136006X";"KMK Scientific Press Ltd.";No;No;0,556;Q2;19;47;164;1327;158;164;1,14;28,23;29,33;0;Russian Federation;Eastern Europe;"KMK Scientific Press Ltd.";"2011-2025";"Ecology, Evolution, Behavior and Systematics (Q2); Insect Science (Q2)";"Agricultural and Biological Sciences"
257;21100305327;"Austral Entomology";journal;"2052174X, 20521758";"John Wiley &amp; Sons Inc.";No;No;0,555;Q2;53;35;167;2124;272;167;1,77;60,69;36,29;5;United States;Northern America;"John Wiley &amp; Sons Inc.";"2014-2026";"Agronomy and Crop Science (Q2); Ecology (Q2); Ecology, Evolution, Behavior and Systematics (Q2); Insect Science (Q2)";"Agricultural and Biological Sciences; Environmental Science"
258;22560;"Journal of Fish Biology";journal;"00221112, 10958649";"Wiley-Blackwell Publishing Ltd";No;No;0,553;Q2;138;290;1000;16924;1846;965;1,88;58,36;31,96;18;United Kingdom;Western Europe;"Wiley-Blackwell Publishing Ltd";"1969-2026";"Aquatic Science (Q2); Ecology, Evolution, Behavior and Systematics (Q2)";"Agricultural and Biological Sciences"
259;21100211323;"Plant Sociology";journal;"27046192, 22801855";"Societa Italiana di Scienza della Vegetazione";Yes;No;0,552;Q2;0;0;0;0;0;0;0,00;0,00;0,00;0;Italy;Western Europe;"Societa Italiana di Scienza della Vegetazione";"2012-2024";"Forestry (Q1); Ecology (Q2); Ecology, Evolution, Behavior and Systematics (Q2); Plant Science (Q2)";"Agricultural and Biological Sciences; Environmental Science"
260;18800156743;"Avian Conservation and Ecology";journal;"17126568";"Resilience Alliance";Yes;No;0,545;Q2;34;43;182;2996;261;178;1,34;69,67;36,36;0;Canada;Northern America;"Resilience Alliance";"2009-2026";"Animal Science and Zoology (Q1); Ecology (Q2); Ecology, Evolution, Behavior and Systematics (Q2); Nature and Landscape Conservation (Q2)";"Agricultural and Biological Sciences; Environmental Science"
261;21100468931;"Avian Research";journal;"20537166";"KeAi Communications Co.";Yes;No;0,545;Q2;28;81;181;5558;346;170;1,63;68,62;37,37;1;China;Asiatic Region;"KeAi Communications Co.";"2014-2026";"Animal Science and Zoology (Q1); Ecology, Evolution, Behavior and Systematics (Q2)";"Agricultural and Biological Sciences"
262;79889;"Journal of Sea Research";journal;"13851101";"Elsevier B.V.";Yes;No;0,545;Q2;94;113;205;6656;452;205;2,22;58,90;38,29;10;Netherlands;Western Europe;"Elsevier B.V.";"1996-2026";"Aquatic Science (Q2); Ecology, Evolution, Behavior and Systematics (Q2); Oceanography (Q2)";"Agricultural and Biological Sciences; Earth and Planetary Sciences"
263;27910;"New Zealand Journal of Marine and Freshwater Research";journal;"00288330, 11758805";"Taylor and Francis Ltd.";No;No;0,545;Q2;67;36;105;2042;215;102;2,09;56,72;39,71;12;United Kingdom;Western Europe;"Taylor and Francis Ltd.";"1967-2025";"Aquatic Science (Q2); Ecology (Q2); Ecology, Evolution, Behavior and Systematics (Q2); Water Science and Technology (Q2)";"Agricultural and Biological Sciences; Environmental Science"
264;22069;"Conservation Genetics";journal;"15729737, 15660621";"Springer Science and Business Media B.V.";No;No;0,541;Q2;87;66;239;5012;462;234;1,87;75,94;42,01;7;Netherlands;Western Europe;"Springer Science and Business Media B.V.";"1994, 2000-2026";"Ecology, Evolution, Behavior and Systematics (Q2); Genetics (Q3)";"Agricultural and Biological Sciences; Biochemistry, Genetics and Molecular Biology"
265;21100244860;"Opuscula Philolichenum";journal;"19417527, 19417519";"New York Botanical Garden";No;No;0,540;Q2;15;2;30;246;30;30;1,29;123,00;66,67;0;United States;Northern America;"New York Botanical Garden";"2013-2025";"Ecology, Evolution, Behavior and Systematics (Q2); Plant Science (Q2)";"Agricultural and Biological Sciences"
266;21662;"Science of Nature";journal;"14321904, 00281042";"Springer Science and Business Media Deutschland GmbH";No;No;0,535;Q2;116;54;169;3194;334;166;2,06;59,15;36,60;0;Germany;Western Europe;"Springer Science and Business Media Deutschland GmbH";"1913-1944, 1946-2026";"Ecology, Evolution, Behavior and Systematics (Q2); Medicine (miscellaneous) (Q2)";"Agricultural and Biological Sciences; Medicine"
267;19800188076;"Marine Biodiversity Records";journal;"17552672";"BioMed Central Ltd";Yes;No;0,534;Q2;0;0;0;0;0;0;0,00;0,00;0,00;0;United Kingdom;Western Europe;"BioMed Central Ltd";"2011-2021";"Aquatic Science (Q2); Ecology (Q2); Ecology, Evolution, Behavior and Systematics (Q2); Oceanography (Q2)";"Agricultural and Biological Sciences; Earth and Planetary Sciences; Environmental Science"
268;14023;"Paleontological Research";journal;"13428144";"Palaeontological Society of Japan";No;No;0,533;Q2;32;34;99;2074;103;96;1,15;61,00;16,16;0;Japan;Asiatic Region;"Palaeontological Society of Japan";"1997-2025";"Ecology, Evolution, Behavior and Systematics (Q2); Paleontology (Q2)";"Agricultural and Biological Sciences; Earth and Planetary Sciences"
269;19312;"Lichenologist";journal;"00242829, 10961135";"Cambridge University Press";No;No;0,532;Q2;55;48;107;2285;176;104;1,86;47,60;39,44;0;United Kingdom;Western Europe;"Cambridge University Press";"1958-2025";"Ecology, Evolution, Behavior and Systematics (Q2)";"Agricultural and Biological Sciences"
270;21100332243;"PhytoKeys";journal;"13142003, 13142011";"Pensoft Publishers";Yes;No;0,532;Q2;34;177;591;6957;860;589;1,43;39,31;30,35;3;Bulgaria;Eastern Europe;"Pensoft Publishers";"2014-2026";"Agricultural and Biological Sciences (miscellaneous) (Q2); Ecology, Evolution, Behavior and Systematics (Q2); Plant Science (Q2)";"Agricultural and Biological Sciences"
271;23457;"Journal of Comparative Physiology B: Biochemical, Systemic, and Environmental Physiology";journal;"1432136X, 01741578";"Springer Science and Business Media Deutschland GmbH";No;No;0,531;Q2;98;53;204;3842;349;203;1,67;72,49;40,95;0;Germany;Western Europe;"Springer Science and Business Media Deutschland GmbH";"1974-2026";"Animal Science and Zoology (Q2); Ecology, Evolution, Behavior and Systematics (Q2); Biochemistry (Q3); Endocrinology (Q3); Physiology (Q3)";"Agricultural and Biological Sciences; Biochemistry, Genetics and Molecular Biology"
272;69489;"Acta Arachnologica";journal;"00015202";"Arachnological Society of Japan";No;No;0,530;Q2;18;19;64;387;39;63;0,70;20,37;17,24;0;Japan;Asiatic Region;"Arachnological Society of Japan";"1936-1942, 1944, 1947-1955, 1957-1961, 1963-1978, 1980-2025";"Ecology, Evolution, Behavior and Systematics (Q2)";"Agricultural and Biological Sciences"
273;21101039448;"Journal of Vertebrate Biology";journal;"26947684";"Institute of Vertebrate Biology Czech Academy of Sciences";No;No;0,530;Q2;44;36;118;1886;213;118;1,55;52,39;35,25;2;Czech Republic;Eastern Europe;"Institute of Vertebrate Biology Czech Academy of Sciences";"2020-2026";"Animal Science and Zoology (Q2); Aquatic Science (Q2); Ecology, Evolution, Behavior and Systematics (Q2)";"Agricultural and Biological Sciences"
274;21101053581;"Journal of Marine Sciences";journal;"26334666, 26334674";"John Wiley and Sons Ltd";Yes;No;0,528;Q2;18;6;3;349;8;3;0,00;58,17;26,92;0;United Kingdom;Western Europe;"John Wiley and Sons Ltd";"2020, 2022-2024";"Animal Science and Zoology (Q2); Aquatic Science (Q2); Ecology, Evolution, Behavior and Systematics (Q2); Management, Monitoring, Policy and Law (Q2); Oceanography (Q2); Water Science and Technology (Q2)";"Agricultural and Biological Sciences; Earth and Planetary Sciences; Environmental Science"
275;21101087141;"Plant-Environment Interactions";journal;"25756265";"John Wiley and Sons Inc";Yes;No;0,527;Q2;14;25;65;1729;112;61;1,69;69,16;32,37;1;United States;Northern America;"John Wiley and Sons Inc";"2020-2026";"Ecology, Evolution, Behavior and Systematics (Q2); Plant Science (Q2)";"Agricultural and Biological Sciences"
276;21101022220;"Evolutionary Systematics";journal;"25350730";"Pensoft Publishers";Yes;No;0,526;Q2;11;21;43;949;50;42;1,32;45,19;18,00;0;Bulgaria;Eastern Europe;"Pensoft Publishers";"2017-2025";"Animal Science and Zoology (Q2); Ecology, Evolution, Behavior and Systematics (Q2); Insect Science (Q2)";"Agricultural and Biological Sciences"
277;23211;"Zoosystema";journal;"16389387, 12809551";"Museum National d'Histoire Naturelle";Yes;No;0,525;Q2;33;25;85;2458;83;85;1,00;98,32;25,64;0;France;Western Europe;"Museum National d'Histoire Naturelle";"1998-1999, 2002, 2004-2026";"Animal Science and Zoology (Q2); Ecology, Evolution, Behavior and Systematics (Q2)";"Agricultural and Biological Sciences"
278;19793;"Entomologia Experimentalis et Applicata";journal;"15707458, 00138703";"Wiley-Blackwell Publishing Ltd";No;No;0,523;Q2;102;110;341;5740;630;302;1,59;52,18;37,91;5;United Kingdom;Western Europe;"Wiley-Blackwell Publishing Ltd";"1958-2026";"Ecology, Evolution, Behavior and Systematics (Q2); Insect Science (Q2)";"Agricultural and Biological Sciences"
279;21100390177;"Regional Studies in Marine Science";journal;"23524855";"Elsevier B.V.";No;No;0,523;Q2;52;535;1276;37576;3116;1270;2,38;70,24;36,31;25;Netherlands;Western Europe;"Elsevier B.V.";"2015-2026";"Animal Science and Zoology (Q2); Aquatic Science (Q2); Ecology (Q2); Ecology, Evolution, Behavior and Systematics (Q2)";"Agricultural and Biological Sciences; Environmental Science"
280;21100247059;"Journal of Ecology and Environment";journal;"22881220, 22878327";"Ecological Society of Korea";Yes;No;0,521;Q2;27;28;95;1409;203;93;1,31;50,32;29,35;0;United Kingdom;Western Europe;"Ecological Society of Korea";"2013-2026";"Ecology (Q2); Ecology, Evolution, Behavior and Systematics (Q2)";"Agricultural and Biological Sciences; Environmental Science"
281;19620;"Aquatic Microbial Ecology";journal;"16161564, 09483055";"Inter-Research";No;No;0,519;Q2;122;14;69;874;112;69;1,63;62,43;55,84;0;Germany;Western Europe;"Inter-Research";"1995-2025";"Aquatic Science (Q2); Ecology, Evolution, Behavior and Systematics (Q2)";"Agricultural and Biological Sciences"
282;94353;"Weed Research";journal;"00431737, 13653180";"Wiley-Blackwell Publishing Ltd";No;No;0,519;Q2;92;37;139;1611;327;138;2,30;43,54;27,07;1;United Kingdom;Western Europe;"Wiley-Blackwell Publishing Ltd";"1961-2026";"Agronomy and Crop Science (Q2); Ecology, Evolution, Behavior and Systematics (Q2); Plant Science (Q2)";"Agricultural and Biological Sciences"
283;24714;"Bioacoustics";journal;"09524622, 21650586";"Taylor and Francis Ltd.";No;No;0,518;Q2;43;37;128;2568;269;128;2,06;69,41;45,83;2;United Kingdom;Western Europe;"Taylor and Francis Ltd.";"1988-2026";"Ecology (Q2); Ecology, Evolution, Behavior and Systematics (Q2)";"Agricultural and Biological Sciences; Environmental Science"
284;19900192548;"Conservation and Society";journal;"09724923, 09753133";"Wolters Kluwer Medknow Publications";Yes;No;0,518;Q2;58;18;93;1277;160;91;1,63;70,94;42,00;2;India;Asiatic Region;"Wolters Kluwer Medknow Publications";"2007-2025";"Ecology (Q2); Ecology, Evolution, Behavior and Systematics (Q2); Management, Monitoring, Policy and Law (Q2); Nature and Landscape Conservation (Q2)";"Agricultural and Biological Sciences; Environmental Science"
285;19500157423;"Journal of Orthoptera Research";journal;"10826467, 19372426";"Pensoft Publishers";Yes;No;0,515;Q2;23;19;62;840;79;62;1,37;44,21;31,25;0;United States;Northern America;"Pensoft Publishers";"2001, 2005, 2008-2026";"Animal Science and Zoology (Q2); Ecology, Evolution, Behavior and Systematics (Q2); Insect Science (Q2)";"Agricultural and Biological Sciences"
286;11700154610;"Salamandra";journal;"00363375";"Deutsche Gesellschaft fur Herpetologie, Und Terrarienkunde";No;No;0,515;Q2;25;31;126;1520;180;91;1,36;49,03;31,75;0;Germany;Western Europe;"Deutsche Gesellschaft fur Herpetologie, Und Terrarienkunde";"2008-2026";"Animal Science and Zoology (Q2); Ecology, Evolution, Behavior and Systematics (Q2)";"Agricultural and Biological Sciences"
287;21101170036;"Taprobanica";journal;"1800427X";"Research Center for Climate Change (RCCC), University of Indonesia";No;No;0,514;Q2;8;23;77;478;43;32;0,51;20,78;26,92;0;Indonesia;Asiatic Region;"Research Center for Climate Change (RCCC), University of Indonesia";"2020-2025";"Animal Science and Zoology (Q2); Ecology (Q2); Ecology, Evolution, Behavior and Systematics (Q2); Plant Science (Q2); Molecular Biology (Q3)";"Agricultural and Biological Sciences; Biochemistry, Genetics and Molecular Biology; Environmental Science"
288;27846;"Marine and Freshwater Research";journal;"13231650, 14486059";"CSIRO Publishing";No;No;0,513;Q2;108;98;465;6594;890;461;1,78;67,29;37,37;0;Australia;Pacific Region;"CSIRO Publishing";"1948-2026";"Aquatic Science (Q2); Ecology (Q2); Ecology, Evolution, Behavior and Systematics (Q2); Oceanography (Q2)";"Agricultural and Biological Sciences; Earth and Planetary Sciences; Environmental Science"
289;16638;"Plant Systematics and Evolution";journal;"16156110, 03782697";"Springer";No;No;0,513;Q2;87;44;202;2578;324;199;1,44;58,59;46,67;0;Austria;Western Europe;"Springer";"1974-2026";"Ecology, Evolution, Behavior and Systematics (Q2); Plant Science (Q2)";"Agricultural and Biological Sciences"
290;4700151916;"Zootaxa";journal;"11755334, 11755326";"Magnolia Press";No;No;0,513;Q2;115;1951;6609;85406;5986;6087;0,91;43,78;27,22;16;New Zealand;Pacific Region;"Magnolia Press";"2005-2026";"Animal Science and Zoology (Q2); Ecology, Evolution, Behavior and Systematics (Q2)";"Agricultural and Biological Sciences"
291;12493;"Acta Oecologica";journal;"1146609X";"Elsevier B.V.";No;No;0,512;Q2;88;54;252;3377;430;251;1,55;62,54;36,36;1;Netherlands;Western Europe;"Elsevier B.V.";"1983, 1990-2026";"Ecology, Evolution, Behavior and Systematics (Q2); Nature and Landscape Conservation (Q2)";"Agricultural and Biological Sciences; Environmental Science"
292;19600157910;"Palaeobiodiversity and Palaeoenvironments";journal;"18671608, 18671594";"Springer Science and Business Media Deutschland GmbH";No;No;0,511;Q2;42;43;157;3844;213;150;1,56;89,40;32,58;0;Germany;Western Europe;"Springer Science and Business Media Deutschland GmbH";"2010-2026";"Ecology (Q2); Ecology, Evolution, Behavior and Systematics (Q2); Geology (Q2); Paleontology (Q2); Global and Planetary Change (Q3)";"Agricultural and Biological Sciences; Earth and Planetary Sciences; Environmental Science"
293;21745;"Biochemical Genetics";journal;"00062928, 15734927";"Springer";No;No;0,508;Q2;50;150;289;6719;713;289;2,42;44,79;40,86;0;United States;Northern America;"Springer";"1967-2026";"Ecology, Evolution, Behavior and Systematics (Q2); Biochemistry (Q3); Genetics (Q3); Medicine (miscellaneous) (Q3); Molecular Biology (Q3)";"Agricultural and Biological Sciences; Biochemistry, Genetics and Molecular Biology; Medicine"
294;21490;"Ethology Ecology and Evolution";journal;"03949370, 18287131";"Taylor and Francis Ltd.";Yes;No;0,507;Q2;49;47;133;2899;204;122;1,60;61,68;34,24;3;United Kingdom;Western Europe;"Taylor and Francis Ltd.";"1989-2025";"Animal Science and Zoology (Q2); Ecology, Evolution, Behavior and Systematics (Q2)";"Agricultural and Biological Sciences"
295;24765;"Canadian Journal of Zoology";journal;"00084301, 14803283";"National Research Council of Canada";No;No;0,506;Q2;122;94;280;6291;350;264;1,11;66,93;37,85;7;Canada;Northern America;"National Research Council of Canada";"1965-2026";"Animal Science and Zoology (Q2); Ecology, Evolution, Behavior and Systematics (Q2)";"Agricultural and Biological Sciences"
296;24588;"Annales Zoologici";journal;"00034541";"Muzeum i Instytut Zoologii";No;No;0,505;Q2;34;59;127;1689;129;127;1,16;28,63;28,23;0;Poland;Eastern Europe;"Muzeum i Instytut Zoologii";"1996-2025";"Ecology, Evolution, Behavior and Systematics (Q2)";"Agricultural and Biological Sciences"
297;21100414365;"Nature Conservation";journal;"13143301, 13146947";"Pensoft Publishers";Yes;No;0,501;Q2;38;33;103;2701;223;98;2,19;81,85;39,53;1;Bulgaria;Eastern Europe;"Pensoft Publishers";"2012-2026";"Ecology, Evolution, Behavior and Systematics (Q2); Nature and Landscape Conservation (Q2)";"Agricultural and Biological Sciences; Environmental Science"
298;18300156716;"Marine Biodiversity";journal;"18671616, 18671624";"Springer Science and Business Media Deutschland GmbH";No;No;0,496;Q2;47;85;270;5428;444;255;1,35;63,86;40,88;9;Germany;Western Europe;"Springer Science and Business Media Deutschland GmbH";"2009-2026";"Aquatic Science (Q2); Ecology, Evolution, Behavior and Systematics (Q2); Oceanography (Q2)";"Agricultural and Biological Sciences; Earth and Planetary Sciences"
299;21084;"Physiological Entomology";journal;"03076962, 13653032";"Wiley-Blackwell Publishing Ltd";No;No;0,494;Q2;68;19;68;1056;106;68;1,79;55,58;36,11;0;United Kingdom;Western Europe;"Wiley-Blackwell Publishing Ltd";"1976-2026";"Ecology, Evolution, Behavior and Systematics (Q2); Insect Science (Q2); Physiology (Q3)";"Agricultural and Biological Sciences; Biochemistry, Genetics and Molecular Biology"
300;21101078840;"Current Research in Insect Science";journal;"26665158";"Elsevier B.V.";Yes;No;0,493;Q2;13;17;44;1223;100;43;2,27;71,94;38,67;1;Netherlands;Western Europe;"Elsevier B.V.";"2021-2026";"Animal Science and Zoology (Q2); Ecology, Evolution, Behavior and Systematics (Q2); Insect Science (Q2)";"Agricultural and Biological Sciences"
301;21100773804;"Ecologica Montenegrina";journal;"23370173, 23369744";"Institute for Biodiversity and Ecology";Yes;No;0,492;Q2;22;126;366;3420;311;352;0,93;27,14;31,00;1;Montenegro;Eastern Europe;"Institute for Biodiversity and Ecology";"2014-2026";"Animal Science and Zoology (Q2); Ecology, Evolution, Behavior and Systematics (Q2); Insect Science (Q2); Plant Science (Q2)";"Agricultural and Biological Sciences"
302;21101160674;"Frontiers in Fungal Biology";journal;"26736128";"Frontiers Media SA";Yes;No;0,491;Q2;21;33;160;2089;330;147;2,10;63,30;45,93;0;Switzerland;Western Europe;"Frontiers Media SA";"2020-2026";"Ecology, Evolution, Behavior and Systematics (Q2); Environmental Science (miscellaneous) (Q2); Infectious Diseases (Q3); Microbiology (Q3)";"Agricultural and Biological Sciences; Environmental Science; Immunology and Microbiology; Medicine"
303;19622;"Archaea";journal;"14723646, 14723654";"John Wiley and Sons Ltd";Yes;No;0,489;Q2;50;1;21;96;59;19;1,89;96,00;20,00;0;United States;Northern America;"John Wiley and Sons Ltd";"2002-2021, 2023-2024";"Ecology, Evolution, Behavior and Systematics (Q2); Medicine (miscellaneous) (Q3); Microbiology (Q3); Physiology (Q3)";"Agricultural and Biological Sciences; Biochemistry, Genetics and Molecular Biology; Immunology and Microbiology; Medicine"
304;18094;"Flora: Morphology, Distribution, Functional Ecology of Plants";journal;"03672530";"Elsevier GmbH";No;No;0,489;Q2;74;144;424;9679;816;423;1,71;67,22;44,69;2;Germany;Western Europe;"Elsevier GmbH";"1975-1976, 1978, 1980-1988, 1990-2026";"Ecology (Q2); Ecology, Evolution, Behavior and Systematics (Q2); Plant Science (Q2)";"Agricultural and Biological Sciences; Environmental Science"
305;24137;"Amphibia - Reptilia";journal;"01735373, 15685381";"Brill Academic Publishers";No;No;0,488;Q2;56;46;150;2652;228;143;0,89;57,65;31,54;1;Netherlands;Western Europe;"Brill Academic Publishers";"1980-2026";"Animal Science and Zoology (Q2); Ecology, Evolution, Behavior and Systematics (Q2)";"Agricultural and Biological Sciences"
306;17374;"Bryologist";journal;"00072745";"American Bryological and Lichenological Society Inc.";No;No;0,487;Q2;57;32;116;1368;121;116;0,94;42,75;35,37;0;United States;Northern America;"American Bryological and Lichenological Society Inc.";"1981-1985, 1990-2025";"Ecology, Evolution, Behavior and Systematics (Q2); Plant Science (Q2)";"Agricultural and Biological Sciences"
307;8000153140;"Polar Science";journal;"18739652";"Elsevier B.V.";No;No;0,487;Q2;44;52;227;2662;403;221;1,61;51,19;30,09;12;Netherlands;Western Europe;"Elsevier B.V.";"2007-2026";"Aquatic Science (Q2); Earth and Planetary Sciences (miscellaneous) (Q2); Ecology (Q2); Ecology, Evolution, Behavior and Systematics (Q2)";"Agricultural and Biological Sciences; Earth and Planetary Sciences; Environmental Science"
308;17291;"Systematic Botany";journal;"15482324, 03636445";"American Society of Plant Taxonomists Inc.";No;No;0,487;Q2;87;47;212;2052;228;212;1,06;43,66;29,75;0;United States;Northern America;"American Society of Plant Taxonomists Inc.";"1994-2025";"Ecology, Evolution, Behavior and Systematics (Q2); Plant Science (Q2); Genetics (Q3)";"Agricultural and Biological Sciences; Biochemistry, Genetics and Molecular Biology"
309;21567;"Annales de la Societe Entomologique de France";journal;"00379271, 21686351";"Taylor and Francis Ltd.";No;No;0,486;Q2;42;29;91;1198;103;84;1,28;41,31;30,26;0;United Kingdom;Western Europe;"Taylor and Francis Ltd.";"1988, 1996-2026";"Ecology, Evolution, Behavior and Systematics (Q2); Insect Science (Q2)";"Agricultural and Biological Sciences"
310;17265;"Blumea: Journal of Plant Taxonomy and Plant Geography";journal;"00065196";"Nationaal Herbarium Nederland";Yes;No;0,486;Q2;34;11;58;788;58;58;0,97;71,64;19,23;1;Netherlands;Western Europe;"Nationaal Herbarium Nederland";"1993-2024, 2026";"Ecology, Evolution, Behavior and Systematics (Q2); Plant Science (Q2)";"Agricultural and Biological Sciences"
311;23362;"Raffles Bulletin of Zoology";journal;"23457600, 02172445";"Centre for Medical Education (CenMed) Yong Loo Lin School of Medicine National University of Singapore";No;No;0,484;Q2;47;48;143;2569;159;143;1,15;53,52;31,85;0;Singapore;Asiatic Region;"Centre for Medical Education (CenMed) Yong Loo Lin School of Medicine National University of Singapore";"1996-2026";"Animal Science and Zoology (Q2); Ecology, Evolution, Behavior and Systematics (Q2)";"Agricultural and Biological Sciences"
312;12883;"New Zealand Journal of Ecology";journal;"01106465, 11777788";"New Zealand Ecological Society";Yes;No;0,482;Q2;60;61;100;4244;170;98;1,59;69,57;51,94;11;New Zealand;Pacific Region;"New Zealand Ecological Society";"1980, 1982-2026";"Ecology (Q2); Ecology, Evolution, Behavior and Systematics (Q2)";"Agricultural and Biological Sciences; Environmental Science"
313;21101081693;"Acta Ecologica Sinica";journal;"18722032";"Ecological Society of China";No;No;0,479;Q2;0;0;0;0;0;0;0,00;0,00;0,00;0;China;Asiatic Region;"Ecological Society of China";"2006-2008, 2014, 2017-2023";"Ecology (Q2); Ecology, Evolution, Behavior and Systematics (Q2)";"Agricultural and Biological Sciences; Environmental Science"
314;19860;"Mycoscience";journal;"16182545, 13403540";"The Mycological Society of Japan";No;No;0,479;Q2;57;20;133;798;196;133;1,45;39,90;32,76;0;Netherlands;Western Europe;"The Mycological Society of Japan";"1994-2026";"Ecology, Evolution, Behavior and Systematics (Q2)";"Agricultural and Biological Sciences"
315;13040;"Antarctic Science";journal;"09541020, 13652079";"Cambridge University Press";No;No;0,476;Q2;82;38;142;2337;237;130;1,55;61,50;47,37;0;United Kingdom;Western Europe;"Cambridge University Press";"1986-1987, 1989-2026";"Ecology, Evolution, Behavior and Systematics (Q2); Geology (Q2); Oceanography (Q2)";"Agricultural and Biological Sciences; Earth and Planetary Sciences"
316;21100411349;"Zoosystematica Rossica";journal;"03209180, 24100226";"Russian Academy of Sciences, Zoological Institute";Yes;No;0,475;Q2;14;33;103;771;71;103;0,66;23,36;33,82;0;Russian Federation;Eastern Europe;"Russian Academy of Sciences, Zoological Institute";"2014-2025";"Animal Science and Zoology (Q2); Aquatic Science (Q2); Ecology, Evolution, Behavior and Systematics (Q2); Insect Science (Q2)";"Agricultural and Biological Sciences"
317;24682;"Australian Journal of Zoology";journal;"14465698, 0004959X";"CSIRO Publishing";No;No;0,474;Q2;53;15;90;859;104;88;1,12;57,27;40,00;0;Australia;Pacific Region;"CSIRO Publishing";"1952-1966, 1968-2026";"Animal Science and Zoology (Q2); Ecology, Evolution, Behavior and Systematics (Q2)";"Agricultural and Biological Sciences"
318;21100454957;"Mammal Research";journal;"21992401, 2199241X";"";No;No;0,474;Q2;56;60;189;3551;314;189;1,57;59,18;40,42;4;Germany;Western Europe;"";"2015-2026";"Animal Science and Zoology (Q2); Ecology, Evolution, Behavior and Systematics (Q2)";"Agricultural and Biological Sciences"
319;21100790931;"Management of Biological Invasions";journal;"19898649";"Regional Euro-Asian Biological Invasions Centre";Yes;Yes;0,473;Q2;37;46;151;2472;282;146;1,61;53,74;37,50;6;Finland;Western Europe;"Regional Euro-Asian Biological Invasions Centre";"2010-2025";"Ecology (Q2); Ecology, Evolution, Behavior and Systematics (Q2); Management, Monitoring, Policy and Law (Q3)";"Agricultural and Biological Sciences; Environmental Science"
320;21101067616;"Kitaibelia";journal;"20644507, 12199672";"Faculty of Science and Technology, University of Debrecen";Yes;Yes;0,472;Q2;8;17;64;563;41;63;0,56;33,12;23,08;0;Hungary;Eastern Europe;"Faculty of Science and Technology, University of Debrecen";"2019-2026";"Ecology, Evolution, Behavior and Systematics (Q2); Plant Science (Q2)";"Agricultural and Biological Sciences"
321;21101061452;"Zoological Systematics";journal;"20956827";"Institute of Zoology Chinese Academy of Sciences";No;No;0,470;Q2;11;19;83;748;63;72;0,70;39,37;36,84;0;China;Asiatic Region;"Institute of Zoology Chinese Academy of Sciences";"2019-2025";"Animal Science and Zoology (Q2); Ecology, Evolution, Behavior and Systematics (Q2)";"Agricultural and Biological Sciences"
322;21101049622;"Biological Theory";journal;"15555550, 15555542";"Springer Science and Business Media B.V.";No;No;0,468;Q2;42;23;71;1964;111;63;1,69;85,39;20,00;0;Germany;Western Europe;"Springer Science and Business Media B.V.";"2006-2011, 2013-2026";"History and Philosophy of Science (Q1); Ecology, Evolution, Behavior and Systematics (Q2)";"Agricultural and Biological Sciences; Arts and Humanities"
323;25825;"Chemoecology";journal;"14230445, 09377409";"Springer Nature";No;No;0,468;Q2;61;15;85;748;153;82;1,59;49,87;47,62;0;Switzerland;Western Europe;"Springer Nature";"1990-1994, 1996, 1998-2025";"Ecology, Evolution, Behavior and Systematics (Q2); Biochemistry (Q3)";"Agricultural and Biological Sciences; Biochemistry, Genetics and Molecular Biology"
324;17300;"Botanica Marina";journal;"00068055, 14374323";"Walter de Gruyter GmbH";No;No;0,466;Q2;72;44;131;3360;291;126;1,61;76,36;44,62;1;Germany;Western Europe;"Walter de Gruyter GmbH";"1959-2025";"Aquatic Science (Q2); Ecology, Evolution, Behavior and Systematics (Q2); Plant Science (Q2)";"Agricultural and Biological Sciences"
325;20393;"Insect Systematics and Evolution";journal;"1876312X, 1399560X";"Brill Academic Publishers";No;No;0,464;Q2;37;10;70;487;75;70;0,97;48,70;35,29;0;Netherlands;Western Europe;"Brill Academic Publishers";"1970-1974, 1976-2025";"Ecology (Q2); Ecology, Evolution, Behavior and Systematics (Q2); Insect Science (Q2)";"Agricultural and Biological Sciences; Environmental Science"
326;17600155018;"Australian Mammalogy";journal;"18367402, 03100049";"CSIRO Publishing";No;No;0,463;Q2;34;49;150;2113;207;150;1,34;43,12;39,34;0;Australia;Pacific Region;"CSIRO Publishing";"2000-2026";"Animal Science and Zoology (Q2); Ecology, Evolution, Behavior and Systematics (Q2)";"Agricultural and Biological Sciences"
327;19431;"Wetlands Ecology and Management";journal;"15729834, 09234861";"Springer Science and Business Media B.V.";No;No;0,463;Q2;85;56;201;3808;354;199;1,73;68,00;36,78;4;Netherlands;Western Europe;"Springer Science and Business Media B.V.";"1982, 1989-2026";"Aquatic Science (Q2); Ecology, Evolution, Behavior and Systematics (Q2); Management, Monitoring, Policy and Law (Q3)";"Agricultural and Biological Sciences; Environmental Science"
328;11300153311;"Arthropod-Plant Interactions";journal;"18728847, 18728855";"Springer Science and Business Media B.V.";No;No;0,462;Q2;49;74;210;4329;362;210;1,42;58,50;36,88;0;Netherlands;Western Europe;"Springer Science and Business Media B.V.";"2007-2026";"Agronomy and Crop Science (Q2); Ecology (Q2); Ecology, Evolution, Behavior and Systematics (Q2); Insect Science (Q2)";"Agricultural and Biological Sciences; Environmental Science"
329;21101157750;"Birds";journal;"26736004";"Multidisciplinary Digital Publishing Institute (MDPI)";Yes;No;0,460;Q2;13;28;68;1703;110;67;1,65;60,82;29,67;2;Switzerland;Western Europe;"Multidisciplinary Digital Publishing Institute (MDPI)";"2020-2025";"Animal Science and Zoology (Q2); Ecology, Evolution, Behavior and Systematics (Q2)";"Agricultural and Biological Sciences"
330;15431;"Journal of Comparative Psychology";journal;"07357036, 19392087";"American Psychological Association";No;No;0,460;Q2;95;31;128;1619;179;128;1,13;52,23;60,00;0;United States;Northern America;"American Psychological Association";"1983-2025";"Ecology, Evolution, Behavior and Systematics (Q2); Psychology (miscellaneous) (Q3)";"Agricultural and Biological Sciences; Psychology"
331;23407;"Chemistry and Ecology";journal;"02757540, 10290370";"Taylor and Francis Ltd.";No;No;0,457;Q2;51;59;170;3692;364;167;1,83;62,58;43,50;0;United Kingdom;Western Europe;"Taylor and Francis Ltd.";"1982-1984, 1986-2001, 2003-2026";"Earth and Planetary Sciences (miscellaneous) (Q2); Ecology (Q2); Ecology, Evolution, Behavior and Systematics (Q2); Environmental Science (miscellaneous) (Q2)";"Agricultural and Biological Sciences; Earth and Planetary Sciences; Environmental Science"
332;16578;"Plant Biosystems";journal;"17245575, 11263504";"Springer International Publishing";No;No;0,452;Q2;68;115;373;7092;894;372;2,32;61,67;45,47;3;United Kingdom;Western Europe;"Springer International Publishing";"1993, 1997-2026";"Ecology, Evolution, Behavior and Systematics (Q2); Plant Science (Q2)";"Agricultural and Biological Sciences"
333;29517;"International Review of Hydrobiology";journal;"15222632, 14342944";"Wiley-VCH Verlag";No;No;0,447;Q2;62;5;57;431;85;56;1,24;86,20;42,11;1;Germany;Western Europe;"Wiley-VCH Verlag";"1998-2026";"Aquatic Science (Q2); Ecology, Evolution, Behavior and Systematics (Q2)";"Agricultural and Biological Sciences"
334;19700184700;"African Journal of Marine Science";journal;"18142338, 1814232X";"National Inquiry Services Centre Ltd";No;No;0,444;Q2;61;25;118;1430;161;116;1,53;57,20;43,84;0;South Africa;Africa;"National Inquiry Services Centre Ltd";"2003-2025";"Aquatic Science (Q2); Ecology, Evolution, Behavior and Systematics (Q2)";"Agricultural and Biological Sciences"
335;21100790933;"BioInvasions Records";journal;"22421300";"Regional Euro-Asian Biological Invasions Centre";Yes;No;0,444;Q2;32;103;302;4568;520;298;1,66;44,35;35,37;9;Finland;Western Europe;"Regional Euro-Asian Biological Invasions Centre";"2012-2025";"Ecology (Q2); Ecology, Evolution, Behavior and Systematics (Q2)";"Agricultural and Biological Sciences; Environmental Science"
336;19700177038;"Acta Entomologica Musei Nationalis Pragae";journal;"18046487, 03741036";"National Museum/Narodni muzeum";Yes;No;0,442;Q2;27;27;97;943;92;97;0,96;34,93;15,15;0;Czech Republic;Eastern Europe;"National Museum/Narodni muzeum";"2005-2025";"Ecology, Evolution, Behavior and Systematics (Q2); Insect Science (Q2)";"Agricultural and Biological Sciences"
337;22164;"Genetic Resources and Crop Evolution";journal;"09259864, 15735109";"Springer Nature";No;No;0,442;Q2;86;184;582;10038;1291;581;2,09;54,55;34,99;2;Netherlands;Western Europe;"Springer Nature";"1992-2026";"Agronomy and Crop Science (Q2); Ecology, Evolution, Behavior and Systematics (Q2); Plant Science (Q2); Genetics (Q3)";"Agricultural and Biological Sciences; Biochemistry, Genetics and Molecular Biology"
338;19207;"Journal of Bryology";journal;"17432820, 03736687";"Taylor and Francis Ltd.";No;No;0,442;Q2;42;32;102;1464;122;81;1,46;45,75;31,90;0;United Kingdom;Western Europe;"Taylor and Francis Ltd.";"1972-2026";"Ecology, Evolution, Behavior and Systematics (Q2); Plant Science (Q2)";"Agricultural and Biological Sciences"
339;19679;"Diseases of Aquatic Organisms";journal;"16161580, 01775103";"Inter-Research";No;No;0,438;Q2;119;52;283;2351;398;283;1,18;45,21;47,32;6;Germany;Western Europe;"Inter-Research";"1990-2026";"Aquatic Science (Q2); Ecology, Evolution, Behavior and Systematics (Q2)";"Agricultural and Biological Sciences"
340;21101021772;"Journal of Resources and Ecology";journal;"1674764X";"Editorial office of Journal of Resources and Ecology";No;No;0,438;Q2;19;125;212;4628;429;209;2,10;37,02;43,81;1;China;Asiatic Region;"Editorial office of Journal of Resources and Ecology";"2019-2026";"Ecology (Q2); Ecology, Evolution, Behavior and Systematics (Q2); Environmental Engineering (Q3)";"Agricultural and Biological Sciences; Environmental Science"
341;16621;"Plant Species Biology";journal;"0913557X, 14421984";"Wiley-Blackwell Publishing Ltd";No;No;0,438;Q2;44;27;117;1561;151;111;1,23;57,81;42,31;0;United Kingdom;Western Europe;"Wiley-Blackwell Publishing Ltd";"1986-2026";"Ecology (Q2); Ecology, Evolution, Behavior and Systematics (Q2); Plant Science (Q2)";"Agricultural and Biological Sciences; Environmental Science"
342;22014;"Ichthyological Research";journal;"16163915, 13418998";"Springer";No;No;0,435;Q2;44;48;143;2068;148;133;0,93;43,08;24,48;1;Japan;Asiatic Region;"Springer";"1996-2026";"Ecology, Evolution, Behavior and Systematics (Q2)";"Agricultural and Biological Sciences"
343;19120;"Journal of the American Mosquito Control Association";journal;"8756971X, 19436270";"American Mosquito Control Association";No;No;0,435;Q2;71;43;178;1395;178;178;0,85;32,44;40,09;3;United States;Northern America;"American Mosquito Control Association";"1985-2026";"Ecology, Evolution, Behavior and Systematics (Q2); Insect Science (Q2); Medicine (miscellaneous) (Q3); Public Health, Environmental and Occupational Health (Q3)";"Agricultural and Biological Sciences; Medicine"
344;21487;"Environmental Biology of Fishes";journal;"03781909, 15735133";"Springer Science and Business Media B.V.";No;No;0,434;Q2;104;150;380;9689;516;376;1,22;64,59;30,61;17;Netherlands;Western Europe;"Springer Science and Business Media B.V.";"1976-2026";"Aquatic Science (Q2); Ecology, Evolution, Behavior and Systematics (Q2)";"Agricultural and Biological Sciences"
345;21101021170;"Acta Biologica Sibirica";journal;"24121908";"Altai State University";Yes;No;0,433;Q2;10;75;136;2751;111;136;0,62;36,68;50,91;1;Russian Federation;Eastern Europe;"Altai State University";"2019-2026";"Animal Science and Zoology (Q2); Ecology (Q2); Ecology, Evolution, Behavior and Systematics (Q2); Insect Science (Q2); Nature and Landscape Conservation (Q2); Plant Science (Q2); Global and Planetary Change (Q3)";"Agricultural and Biological Sciences; Environmental Science"
346;20976;"Ardeola";journal;"05707358, 23410825";"SEO/ Birdlife";No;No;0,433;Q2;34;19;67;1056;74;67;1,17;55,58;27,66;2;Spain;Western Europe;"SEO/ Birdlife";"1980-1981, 1987, 1993, 1996-2010, 2012-2025";"Animal Science and Zoology (Q2); Ecology, Evolution, Behavior and Systematics (Q2)";"Agricultural and Biological Sciences"
347;17720;"North American Journal of Fisheries Management";journal;"15488675, 02755947";"Oxford University Press";No;No;0,432;Q2;87;120;437;7731;576;435;1,21;64,43;22,52;28;United States;Northern America;"Oxford University Press";"1981-2026";"Aquatic Science (Q2); Ecology (Q2); Ecology, Evolution, Behavior and Systematics (Q2); Management, Monitoring, Policy and Law (Q3)";"Agricultural and Biological Sciences; Environmental Science"
348;29630;"Journal of Natural History";journal;"00222933, 14645262";"Taylor and Francis Ltd.";No;No;0,431;Q2;58;88;392;3974;352;391;0,81;45,16;27,17;2;United Kingdom;Western Europe;"Taylor and Francis Ltd.";"1967-2026";"Ecology, Evolution, Behavior and Systematics (Q2)";"Agricultural and Biological Sciences"
349;7100153101;"International Zoo Yearbook";journal;"00749664, 17481090";"Wiley-Blackwell Publishing Ltd";No;No;0,430;Q2;37;0;19;0;33;17;0,00;0,00;0,00;0;United Kingdom;Western Europe;"Wiley-Blackwell Publishing Ltd";"1960-1963, 1965-1982, 1984, 1986-1995, 1997-1998, 2000, 2003, 2005-2020";"Ecology, Evolution, Behavior and Systematics (Q2); Nature and Landscape Conservation (Q2)";"Agricultural and Biological Sciences; Environmental Science"
350;19200156911;"Arachnologische Mitteilungen";journal;"10184171, 21997233";"Arachnologische Gesellschaft e.V.";Yes;Yes;0,429;Q2;16;16;69;707;49;69;0,73;44,19;30,61;1;Germany;Western Europe;"Arachnologische Gesellschaft e.V.";"2009-2025";"Ecology, Evolution, Behavior and Systematics (Q2); Insect Science (Q2)";"Agricultural and Biological Sciences"
351;19200157114;"African Invertebrates";journal;"23052562, 16815556";"Pensoft Publishers";Yes;No;0,426;Q2;21;15;30;420;21;30;0,77;28,00;15,79;0;South Africa;Africa;"Pensoft Publishers";"2008-2025";"Animal Science and Zoology (Q2); Ecology, Evolution, Behavior and Systematics (Q2); Insect Science (Q2); Paleontology (Q2)";"Agricultural and Biological Sciences; Earth and Planetary Sciences"
352;17465;"Community Ecology";journal;"15858553, 15882756";"Springer Nature";No;No;0,424;Q2;41;26;98;1810;166;96;1,28;69,62;31,82;0;Switzerland;Western Europe;"Springer Nature";"2000-2026";"Ecology (Q2); Ecology, Evolution, Behavior and Systematics (Q2)";"Agricultural and Biological Sciences; Environmental Science"
353;21100978582;"Herpetozoa";journal;"10134425, 2682955X";"Pensoft Publishers";Yes;No;0,422;Q2;14;33;94;1495;127;94;1,09;45,30;25,00;0;Bulgaria;Eastern Europe;"Pensoft Publishers";"2011, 2019-2026";"Animal Science and Zoology (Q2); Ecology, Evolution, Behavior and Systematics (Q2)";"Agricultural and Biological Sciences"
354;11200153571;"Evolutionary Bioinformatics";journal;"11769343";"Libertas Academica Ltd.";Yes;No;0,421;Q2;42;17;107;905;195;106;1,93;53,24;38,38;0;New Zealand;Pacific Region;"Libertas Academica Ltd.";"2005-2026";"Ecology, Evolution, Behavior and Systematics (Q2); Computer Science Applications (Q3); Genetics (Q3)";"Agricultural and Biological Sciences; Biochemistry, Genetics and Molecular Biology; Computer Science"
355;19700169404;"Primate Conservation";journal;"08986207";"IUCN/SSC Primate Specialist Group";No;No;0,421;Q2;21;7;48;525;44;47;0,82;75,00;50,00;0;United States;Northern America;"IUCN/SSC Primate Specialist Group";"2009-2010, 2013-2018, 2020-2025";"Animal Science and Zoology (Q2); Ecology, Evolution, Behavior and Systematics (Q2); Nature and Landscape Conservation (Q2)";"Agricultural and Biological Sciences; Environmental Science"
356;20076;"Annals of Carnegie Museum";journal;"00974463";"Carnegie Museum of Natural History";No;No;0,420;Q2;31;7;27;1350;32;27;0,71;192,86;16,67;0;United States;Northern America;"Carnegie Museum of Natural History";"1990-2025";"Ecology, Evolution, Behavior and Systematics (Q2); Geology (Q2)";"Agricultural and Biological Sciences; Earth and Planetary Sciences"
357;21100400829;"Mires and Peat";journal;"1819754X";"The International Mire Conservation Group (IMCG)";Yes;Yes;0,420;Q2;27;24;94;1527;126;93;1,22;63,63;35,77;0;Germany;Western Europe;"The International Mire Conservation Group (IMCG)";"2015-2025";"Ecology (Q2); Ecology, Evolution, Behavior and Systematics (Q2); Nature and Landscape Conservation (Q2); Soil Science (Q2); Aquatic Science (Q3)";"Agricultural and Biological Sciences; Environmental Science"
358;21100247800;"Phycological Research";journal;"13220829, 14401835";"John Wiley and Sons Inc";No;No;0,417;Q2;55;21;83;920;138;83;1,98;43,81;31,33;0;United States;Northern America;"John Wiley and Sons Inc";"1995, 1997-2026";"Agricultural and Biological Sciences (miscellaneous) (Q2); Ecology, Evolution, Behavior and Systematics (Q2); Plant Science (Q2); Aquatic Science (Q3); Physiology (Q3)";"Agricultural and Biological Sciences; Biochemistry, Genetics and Molecular Biology"
359;21100244623;"Bonn Zoological Bulletin";journal;"21907307";"Zoologisches Forschungsmuseum Alexander Koenig";Yes;Yes;0,415;Q3;14;14;69;662;61;69;0,91;47,29;35,14;0;Germany;Western Europe;"Zoologisches Forschungsmuseum Alexander Koenig";"2012-2023";"Animal Science and Zoology (Q2); Insect Science (Q2); Ecology, Evolution, Behavior and Systematics (Q3)";"Agricultural and Biological Sciences"
360;24122;"Alytes";journal;"07534973";"ISSCA";No;No;0,413;Q3;18;4;11;279;8;11;1,00;69,75;16,67;0;France;Western Europe;"ISSCA";"1993-1996, 2003-2009, 2011-2012, 2014-2016, 2020-2021, 2023-2024";"Ecology, Evolution, Behavior and Systematics (Q3)";"Agricultural and Biological Sciences"
361;11700154374;"Biota Neotropica";journal;"16760603, 16786424";"Universidade Estadual de Campinas UNICAMP";Yes;No;0,410;Q3;46;50;257;3155;357;252;0,99;63,10;32,82;0;Brazil;Latin America;"Universidade Estadual de Campinas UNICAMP";"2007-2025";"Ecology, Evolution, Behavior and Systematics (Q3)";"Agricultural and Biological Sciences"
362;21100790799;"Fossil Imprint";journal;"25334050, 25334069";"National Museum Prague";Yes;No;0,410;Q3;17;9;74;757;70;72;1,00;84,11;30,43;0;Czech Republic;Eastern Europe;"National Museum Prague";"2016-2025";"Geology (Q2); Paleontology (Q2); Stratigraphy (Q2); Ecology, Evolution, Behavior and Systematics (Q3)";"Agricultural and Biological Sciences; Earth and Planetary Sciences"
363;21574;"Emu";journal;"14485540, 01584197";"Taylor and Francis Ltd.";No;No;0,407;Q3;50;38;119;1978;106;107;0,70;52,05;38,24;6;Australia;Pacific Region;"Taylor and Francis Ltd.";"1901-2026";"Animal Science and Zoology (Q2); Nature and Landscape Conservation (Q2); Ecology, Evolution, Behavior and Systematics (Q3)";"Agricultural and Biological Sciences; Environmental Science"
364;22036;"Journal of Field Ornithology";journal;"02738570, 15579263";"Resilience Alliance";Yes;No;0,407;Q3;57;52;106;2809;101;106;0,78;54,02;42,04;0;United States;Northern America;"Resilience Alliance";"1996-2026";"Animal Science and Zoology (Q2); Ecology, Evolution, Behavior and Systematics (Q3)";"Agricultural and Biological Sciences"
365;4500151511;"African Journal of Herpetology";journal;"21564574, 21533660";"Taylor and Francis Ltd.";No;No;0,406;Q3;23;12;36;668;42;36;1,00;55,67;33,33;0;United Kingdom;Western Europe;"Taylor and Francis Ltd.";"1996-2000, 2002-2003, 2005-2025";"Animal Science and Zoology (Q2); Ecology, Evolution, Behavior and Systematics (Q3)";"Agricultural and Biological Sciences"
366;24142;"Artificial Life";journal;"10645462, 15309185";"MIT Press";No;No;0,406;Q3;68;28;76;1432;162;70;1,66;51,14;19,30;1;United States;Northern America;"MIT Press";"1995, 1997-2025";"Artificial Intelligence (Q3); Biochemistry, Genetics and Molecular Biology (miscellaneous) (Q3); Ecology, Evolution, Behavior and Systematics (Q3)";"Agricultural and Biological Sciences; Biochemistry, Genetics and Molecular Biology; Computer Science"
367;18625;"Koedoe";journal;"20710771, 00756458";"AOSIS (Pty) Ltd";Yes;No;0,406;Q3;37;15;61;571;71;55;1,46;38,07;17,65;0;South Africa;Africa;"AOSIS (Pty) Ltd";"1980-1984, 1987-2006, 2008-2025";"Ecology (Q2); Ecology, Evolution, Behavior and Systematics (Q3)";"Agricultural and Biological Sciences; Environmental Science"
368;21100790817;"Tijdschrift voor Entomologie";journal;"00407496, 22119434";"Brill Academic Publishers";No;No;0,405;Q3;21;6;25;220;17;23;0,68;36,67;0,00;0;Netherlands;Western Europe;"Brill Academic Publishers";"1998-2025";"Insect Science (Q2); Ecology, Evolution, Behavior and Systematics (Q3)";"Agricultural and Biological Sciences"
369;17819;"Tropical Ecology";journal;"05643295, 26618982";"Springer";No;No;0,404;Q3;51;61;174;3891;310;173;1,45;63,79;29,86;0;India;Asiatic Region;"Springer";"1976-1978, 1988, 1993-2026";"Ecology (Q2); Plant Science (Q2); Ecology, Evolution, Behavior and Systematics (Q3)";"Agricultural and Biological Sciences; Environmental Science"
370;21941;"Folia Primatologica";journal;"00155713, 14219980";"Brill Academic Publishers";No;No;0,403;Q3;54;12;114;654;132;110;1,04;54,50;33,87;0;Netherlands;Western Europe;"Brill Academic Publishers";"1963-2026";"Animal Science and Zoology (Q2); Ecology, Evolution, Behavior and Systematics (Q3)";"Agricultural and Biological Sciences"
371;22444;"Journal of Parasitology";journal;"19372345, 00223395";"American Society of Parasitologists";No;No;0,403;Q3;108;75;273;2342;300;271;1,06;31,23;38,65;1;United States;Northern America;"American Society of Parasitologists";"1945-2026";"Ecology, Evolution, Behavior and Systematics (Q3); Medicine (miscellaneous) (Q3); Parasitology (Q3)";"Agricultural and Biological Sciences; Immunology and Microbiology; Medicine"
372;22653;"Mammalia";journal;"18641547, 00251461";"Walter de Gruyter GmbH";No;No;0,402;Q3;46;83;232;3496;278;231;1,14;42,12;35,99;1;Germany;Western Europe;"Walter de Gruyter GmbH";"1936-1937, 1939-2026";"Animal Science and Zoology (Q2); Ecology, Evolution, Behavior and Systematics (Q3)";"Agricultural and Biological Sciences"
373;21100209326;"Phytotaxa";journal;"11793163, 11793155";"Magnolia Press";No;No;0,402;Q3;58;889;3035;35819;2918;2733;0,97;40,29;34,58;9;New Zealand;Pacific Region;"Magnolia Press";"2010-2026";"Plant Science (Q2); Ecology, Evolution, Behavior and Systematics (Q3)";"Agricultural and Biological Sciences"
374;23435;"Journal of Tropical Ecology";journal;"02664674, 14697831";"Cambridge University Press";No;No;0,400;Q3;101;43;126;2813;160;126;1,19;65,42;35,36;0;United Kingdom;Western Europe;"Cambridge University Press";"1985-2026";"Ecology, Evolution, Behavior and Systematics (Q3)";"Agricultural and Biological Sciences"
375;21101175797;"Ecologies";journal;"26734133";"Multidisciplinary Digital Publishing Institute (MDPI)";Yes;No;0,399;Q3;13;50;67;3336;114;65;1,75;66,72;44,59;3;Switzerland;Western Europe;"Multidisciplinary Digital Publishing Institute (MDPI)";"2020-2025";"Ecology (Q2); Biochemistry, Genetics and Molecular Biology (miscellaneous) (Q3); Ecology, Evolution, Behavior and Systematics (Q3)";"Agricultural and Biological Sciences; Biochemistry, Genetics and Molecular Biology; Environmental Science"
376;21100934236;"Fishes";journal;"24103888";"Multidisciplinary Digital Publishing Institute (MDPI)";Yes;No;0,398;Q3;37;605;513;39073;1132;508;2,06;64,58;37,66;25;Switzerland;Western Europe;"Multidisciplinary Digital Publishing Institute (MDPI)";"2016-2026";"Ecology (Q2); Aquatic Science (Q3); Ecology, Evolution, Behavior and Systematics (Q3)";"Agricultural and Biological Sciences; Environmental Science"
377;20328;"Ecoscience";journal;"11956860";"Taylor and Francis Ltd.";No;No;0,397;Q3;81;25;67;1849;78;67;1,13;73,96;35,14;0;United Kingdom;Western Europe;"Taylor and Francis Ltd.";"1994-2026";"Ecology (Q2); Ecology, Evolution, Behavior and Systematics (Q3)";"Agricultural and Biological Sciences; Environmental Science"
378;18329;"Journal of Wildlife Diseases";journal;"19433700, 00903558";"Wildlife Disease Association, Inc.";No;No;0,395;Q3;86;104;391;2246;511;367;1,07;21,60;49,91;0;United States;Northern America;"Wildlife Disease Association, Inc.";"1970-2026";"Ecology (Q2); Ecology, Evolution, Behavior and Systematics (Q3)";"Agricultural and Biological Sciences; Environmental Science"
379;7200153192;"Taiwania";journal;"0372333X";"National Taiwan University (IEEB)";Yes;No;0,395;Q3;26;67;227;2140;235;218;0,93;31,94;24,35;0;Taiwan;Asiatic Region;"National Taiwan University (IEEB)";"2007-2026";"Ecology (Q2); Ecology, Evolution, Behavior and Systematics (Q3)";"Agricultural and Biological Sciences; Environmental Science"
380;19700175824;"International Journal of Ecology";journal;"16879708, 16879716";"John Wiley and Sons Ltd";Yes;No;0,394;Q3;31;14;39;927;55;39;1,00;66,21;33,33;0;United States;Northern America;"John Wiley and Sons Ltd";"2009-2024";"Ecology (Q2); Ecology, Evolution, Behavior and Systematics (Q3)";"Agricultural and Biological Sciences; Environmental Science"
381;21100867262;"Italian Botanist";journal;"25314033";"Pensoft Publishers";Yes;No;0,394;Q3;23;20;49;1140;76;49;1,53;57,00;34,91;0;Bulgaria;Eastern Europe;"Pensoft Publishers";"1999-2026";"Plant Science (Q2); Ecology, Evolution, Behavior and Systematics (Q3)";"Agricultural and Biological Sciences"
382;21100814513;"Species Diversity";journal;"13421670";"Japanese Society of Systematic Zoology";Yes;No;0,393;Q3;9;29;104;718;60;104;0,58;24,76;17,02;0;Japan;Asiatic Region;"Japanese Society of Systematic Zoology";"2016-2025";"Animal Science and Zoology (Q2); Ecology, Evolution, Behavior and Systematics (Q3)";"Agricultural and Biological Sciences"
383;21100773738;"Amphibian and Reptile Conservation";journal;"1083446X, 15259153";"Amphibian and Reptile Conservation";No;No;0,392;Q3;17;5;81;331;92;81;1,03;66,20;14,81;0;United States;Northern America;"Amphibian and Reptile Conservation";"2016-2026";"Animal Science and Zoology (Q2); Ecology (Q2); Nature and Landscape Conservation (Q2); Ecology, Evolution, Behavior and Systematics (Q3)";"Agricultural and Biological Sciences; Environmental Science"
384;21101030203;"Journal of Insect Biodiversity";journal;"21477612, 25381318";"Magnolia Press";No;No;0,392;Q3;9;38;104;974;61;101;0,68;25,63;20,65;1;New Zealand;Pacific Region;"Magnolia Press";"2019-2026";"Ecology (Q2); Insect Science (Q2); Ecology, Evolution, Behavior and Systematics (Q3); Paleontology (Q3)";"Agricultural and Biological Sciences; Earth and Planetary Sciences; Environmental Science"
385;12167;"Marine Ecology";journal;"01739565, 14390485";"Wiley-Blackwell Publishing Ltd";No;No;0,392;Q3;71;44;128;3207;209;128;1,51;72,89;44,38;2;United Kingdom;Western Europe;"Wiley-Blackwell Publishing Ltd";"1980-2026";"Ecology (Q2); Aquatic Science (Q3); Ecology, Evolution, Behavior and Systematics (Q3)";"Agricultural and Biological Sciences; Environmental Science"
386;19500157114;"International Journal of Odonatology";journal;"13887890, 21596719";"Wachholtz Verlag GmbH";Yes;Yes;0,391;Q3;29;26;64;905;75;64;1,03;34,81;30,68;0;Germany;Western Europe;"Wachholtz Verlag GmbH";"1998-2025";"Insect Science (Q2); Ecology, Evolution, Behavior and Systematics (Q3)";"Agricultural and Biological Sciences"
387;19272;"Kew Bulletin";journal;"1874933X, 00755974";"Springer Science and Business Media Deutschland GmbH";No;No;0,391;Q3;40;66;202;2105;198;199;1,00;31,89;31,25;4;United Kingdom;Western Europe;"Springer Science and Business Media Deutschland GmbH";"1993-2026";"Plant Science (Q2); Ecology, Evolution, Behavior and Systematics (Q3)";"Agricultural and Biological Sciences"
388;13352;"Ameghiniana";journal;"18518044, 00027014";"Asociacion Paleontologica Argentina";No;No;0,390;Q3;48;33;99;2814;105;98;1,00;85,27;47,71;0;Argentina;Latin America;"Asociacion Paleontologica Argentina";"1985, 1992-2025";"Ecology, Evolution, Behavior and Systematics (Q3); Paleontology (Q3)";"Agricultural and Biological Sciences; Earth and Planetary Sciences"
389;12528;"African Journal of Ecology";journal;"13652028, 01416707";"Wiley-Blackwell Publishing Ltd";No;No;0,388;Q3;67;109;377;5213;420;341;1,12;47,83;28,06;2;United Kingdom;Western Europe;"Wiley-Blackwell Publishing Ltd";"1963-2026";"Ecology, Evolution, Behavior and Systematics (Q3)";"Agricultural and Biological Sciences"
390;19937;"Nordic Journal of Botany";journal;"0107055X, 17561051";"Wiley-Blackwell";No;No;0,388;Q3;45;105;340;4518;367;339;1,02;43,03;26,40;1;United States;Northern America;"Wiley-Blackwell";"1981-2004, 2007-2026";"Plant Science (Q2); Ecology, Evolution, Behavior and Systematics (Q3)";"Agricultural and Biological Sciences"
391;22635;"Ostrich";journal;"00306525, 1727947X";"Taylor and Francis Ltd.";No;No;0,387;Q3;33;32;115;1541;105;95;0,99;48,16;33,03;0;United Kingdom;Western Europe;"Taylor and Francis Ltd.";"1930-2026";"Ecology, Evolution, Behavior and Systematics (Q3)";"Agricultural and Biological Sciences"
392;20335;"Florida Entomologist";journal;"00154040";"Florida Entomological Society";Yes;No;0,386;Q3;67;56;179;1775;218;179;0,80;31,70;29,05;2;United States;Northern America;"Florida Entomological Society";"1982, 1993-2025";"Insect Science (Q2); Ecology, Evolution, Behavior and Systematics (Q3)";"Agricultural and Biological Sciences"
393;21989;"Herpetological Journal";journal;"02680130";"British Herpetological Society";No;No;0,386;Q3;45;16;77;810;85;73;1,17;50,63;31,67;2;United Kingdom;Western Europe;"British Herpetological Society";"1987, 1994-2026";"Animal Science and Zoology (Q2); Nature and Landscape Conservation (Q2); Ecological Modeling (Q3); Ecology, Evolution, Behavior and Systematics (Q3)";"Agricultural and Biological Sciences; Environmental Science"
394;21100901480;"Biogeographia";journal;"24755257";"eScholarship University of California";Yes;Yes;0,382;Q3;13;10;45;582;50;44;1,02;58,20;15,00;0;United States;Northern America;"eScholarship University of California";"2016-2026";"Ecology (Q2); Ecology, Evolution, Behavior and Systematics (Q3); Global and Planetary Change (Q3)";"Agricultural and Biological Sciences; Environmental Science"
395;14300154709;"Hystrix";journal;"18255272, 03941914";"Associazione Teriologica Italiana onlus";Yes;Yes;0,382;Q3;34;24;84;1283;111;79;1,37;53,46;40,19;1;Italy;Western Europe;"Associazione Teriologica Italiana onlus";"2008-2024";"Animal Science and Zoology (Q2); Ecology, Evolution, Behavior and Systematics (Q3)";"Agricultural and Biological Sciences"
396;21101083451;"Vegetation Classification and Survey";journal;"26830671";"Pensoft Publishers";Yes;No;0,382;Q3;13;25;69;1621;88;69;1,19;64,84;24,07;0;Bulgaria;Eastern Europe;"Pensoft Publishers";"2020-2026";"Agricultural and Biological Sciences (miscellaneous) (Q2); Plant Science (Q2); Ecology, Evolution, Behavior and Systematics (Q3)";"Agricultural and Biological Sciences"
397;17349;"Brittonia";journal;"1938436X, 0007196X";"Springer";Yes;No;0,379;Q3;34;39;124;1066;93;123;0,81;27,33;23,53;0;United States;Northern America;"Springer";"1931-1938, 1940-1952, 1954-2026";"Plant Science (Q2); Ecology, Evolution, Behavior and Systematics (Q3)";"Agricultural and Biological Sciences"
398;22715;"Annals of Agricultural and Environmental Medicine";journal;"12321966, 18982263";"Institute of Agricultural Medicine";Yes;No;0,376;Q3;72;108;313;4860;549;313;1,52;45,00;55,58;1;Poland;Eastern Europe;"Institute of Agricultural Medicine";"1994-2025";"Ecology, Evolution, Behavior and Systematics (Q3); Public Health, Environmental and Occupational Health (Q3); Waste Management and Disposal (Q3)";"Agricultural and Biological Sciences; Environmental Science; Medicine"
399;110036;"Cryptogamie, Bryologie";journal;"12900796";"A.D.A.C.";No;No;0,376;Q3;31;11;52;619;41;52;0,57;56,27;32,14;0;France;Western Europe;"A.D.A.C.";"1999-2025";"Plant Science (Q2); Ecology, Evolution, Behavior and Systematics (Q3)";"Agricultural and Biological Sciences"
400;29535;"Journal of Freshwater Ecology";journal;"02705060, 21566941";"Taylor and Francis Ltd.";Yes;No;0,376;Q3;45;43;91;2417;148;91;1,60;56,21;35,96;6;United Kingdom;Western Europe;"Taylor and Francis Ltd.";"1981-2026";"Aquatic Science (Q3); Ecology, Evolution, Behavior and Systematics (Q3)";"Agricultural and Biological Sciences"
401;17288;"Sydowia";journal;"00820598";"Verlag Ferdinand Berger und Sohne GmbH";No;No;0,373;Q3;37;24;69;1566;98;69;1,34;65,25;46,22;0;Austria;Western Europe;"Verlag Ferdinand Berger und Sohne GmbH";"1996-2024";"Plant Science (Q2); Ecology, Evolution, Behavior and Systematics (Q3)";"Agricultural and Biological Sciences"
402;12100156709;"Herpetological Conservation and Biology";journal;"19317603, 21510733";"Herpetological Conservation and Biology";Yes;No;0,370;Q3;34;54;188;3069;174;188;0,80;56,83;34,47;0;United States;Northern America;"Herpetological Conservation and Biology";"2008-2025";"Animal Science and Zoology (Q2); Ecology, Evolution, Behavior and Systematics (Q3)";"Agricultural and Biological Sciences"
403;4700152725;"International Journal of Astrobiology";journal;"14735504, 14753006";"Cambridge University Press";No;No;0,370;Q3;45;39;120;3071;220;116;1,72;78,74;26,97;0;United Kingdom;Western Europe;"Cambridge University Press";"2002-2026";"Earth and Planetary Sciences (miscellaneous) (Q2); Ecology, Evolution, Behavior and Systematics (Q3); Physics and Astronomy (miscellaneous) (Q3); Space and Planetary Science (Q3)";"Agricultural and Biological Sciences; Earth and Planetary Sciences; Physics and Astronomy"
404;13350;"Alcheringa";journal;"03115518, 17520754";"Taylor and Francis Ltd.";No;No;0,369;Q3;40;40;102;3128;114;94;1,03;78,20;35,96;0;United Kingdom;Western Europe;"Taylor and Francis Ltd.";"1975-2026";"Ecology, Evolution, Behavior and Systematics (Q3); Paleontology (Q3)";"Agricultural and Biological Sciences; Earth and Planetary Sciences"
405;4400151748;"Entomological Science";journal;"13438786, 14798298";"Wiley-Blackwell";No;No;0,369;Q3;40;31;124;1366;125;124;0,81;44,06;25,23;0;United States;Northern America;"Wiley-Blackwell";"2005-2026";"Ecology, Evolution, Behavior and Systematics (Q3); Insect Science (Q3)";"Agricultural and Biological Sciences"
406;12959;"Origins of Life and Evolution of Biospheres";journal;"01696149, 15730875";"Springer Science and Business Media B.V.";No;No;0,368;Q3;0;0;0;0;0;0;0,00;0,00;0,00;0;Netherlands;Western Europe;"Springer Science and Business Media B.V.";"1984-2023";"Ecology, Evolution, Behavior and Systematics (Q3); Medicine (miscellaneous) (Q3); Space and Planetary Science (Q3)";"Agricultural and Biological Sciences; Earth and Planetary Sciences; Medicine"
407;21100945249;"Plant Physiology Reports";journal;"26622548, 2662253X";"Springer";No;No;0,368;Q3;35;55;208;2688;393;205;1,72;48,87;31,43;0;India;Asiatic Region;"Springer";"2019-2026";"Plant Science (Q2); Ecology, Evolution, Behavior and Systematics (Q3); Cell Biology (Q4); Genetics (Q4); Physiology (Q4)";"Agricultural and Biological Sciences; Biochemistry, Genetics and Molecular Biology"
408;21100808899;"Biodiversity Data Journal";journal;"13142828, 13142836";"Pensoft Publishers";Yes;No;0,367;Q3;39;251;684;11385;914;678;1,13;45,36;38,51;0;Bulgaria;Eastern Europe;"Pensoft Publishers";"2013-2026";"Agricultural and Biological Sciences (miscellaneous) (Q2); Animal Science and Zoology (Q2); Ecology (Q2); Plant Science (Q2); Ecology, Evolution, Behavior and Systematics (Q3); Insect Science (Q3)";"Agricultural and Biological Sciences; Environmental Science"
409;16787;"Australian Systematic Botany";journal;"14465701, 10301887";"CSIRO Publishing";No;No;0,366;Q3;47;17;48;1136;70;48;1,65;66,82;36,73;0;Australia;Pacific Region;"CSIRO Publishing";"1988-2025";"Plant Science (Q2); Ecology, Evolution, Behavior and Systematics (Q3)";"Agricultural and Biological Sciences"
410;19144;"Aquatic Insects";journal;"01650424, 17444152";"Taylor and Francis Ltd.";No;No;0,364;Q3;27;25;61;872;58;61;0,86;34,88;21,74;2;United Kingdom;Western Europe;"Taylor and Francis Ltd.";"1979-2014, 2016-2026";"Aquatic Science (Q3); Ecology, Evolution, Behavior and Systematics (Q3); Insect Science (Q3)";"Agricultural and Biological Sciences"
411;17700156447;"Biodemography and Social Biology";journal;"19485573, 19485565";"Taylor and Francis Ltd.";No;No;0,363;Q3;40;14;36;774;44;34;0,96;55,29;51,28;1;United Kingdom;Western Europe;"Taylor and Francis Ltd.";"1986, 1988, 1990, 1996, 2008-2026";"Anthropology (Q2); Demography (Q2); Ecology, Evolution, Behavior and Systematics (Q3); Genetics (Q4)";"Agricultural and Biological Sciences; Biochemistry, Genetics and Molecular Biology; Social Sciences"
412;9500154033;"Biologia";journal;"13369563, 00063088";"Springer Science and Business Media Deutschland GmbH";No;No;0,361;Q3;56;297;859;16533;1524;851;1,70;55,67;40,66;4;Germany;Western Europe;"Springer Science and Business Media Deutschland GmbH";"1954-1955, 1961-1970, 1974-1989, 1996-2001, 2006-2026";"Animal Science and Zoology (Q2); Biochemistry (Q3); Ecology, Evolution, Behavior and Systematics (Q3); Plant Science (Q3); Cell Biology (Q4); Genetics (Q4); Molecular Biology (Q4)";"Agricultural and Biological Sciences; Biochemistry, Genetics and Molecular Biology"
413;21100246533;"Journal of Ecological Engineering";journal;"22998993";"Polskie Towarzystwo Inzynierii Ekologicznej (PTIE)";Yes;No;0,361;Q3;40;409;933;15491;1742;933;1,84;37,88;43,58;3;Poland;Eastern Europe;"Polskie Towarzystwo Inzynierii Ekologicznej (PTIE)";"2013-2026";"Agronomy and Crop Science (Q2); Ecology (Q2); Ecology, Evolution, Behavior and Systematics (Q3); Environmental Engineering (Q3); Environmental Science (miscellaneous) (Q3)";"Agricultural and Biological Sciences; Environmental Science"
414;18604;"Grana";journal;"00173134, 16512049";"Taylor and Francis Ltd.";No;No;0,360;Q3;49;29;106;1348;109;94;0,87;46,48;41,77;0;United Kingdom;Western Europe;"Taylor and Francis Ltd.";"1970-1974, 1978-2026";"Ecology, Evolution, Behavior and Systematics (Q3); Plant Science (Q3)";"Agricultural and Biological Sciences"
415;22758;"Wildfowl";journal;"20526458, 09546324";"Wildfowl and Wetlands Trust";Yes;Yes;0,360;Q3;27;16;51;762;41;49;0,61;47,63;22,61;0;United Kingdom;Western Europe;"Wildfowl and Wetlands Trust";"1981-1982, 1987, 1990-2003, 2005-2025";"Ecology (Q2); Nature and Landscape Conservation (Q2); Ecology, Evolution, Behavior and Systematics (Q3)";"Agricultural and Biological Sciences; Environmental Science"
416;19716;"Canadian Entomologist";journal;"0008347X, 19183240";"Cambridge University Press";No;No;0,358;Q3;54;36;171;1803;173;171;1,04;50,08;34,35;0;United Kingdom;Western Europe;"Cambridge University Press";"1868-2026";"Ecology, Evolution, Behavior and Systematics (Q3); Insect Science (Q3); Molecular Biology (Q4); Physiology (Q4); Structural Biology (Q4)";"Agricultural and Biological Sciences; Biochemistry, Genetics and Molecular Biology"
417;19400157212;"SHILAP Revista de lepidopterologia";journal;"23404078, 03005267";"Soc Hispano-Luso-Amer Lepidopterologia-Shilap";Yes;Yes;0,358;Q3;18;67;217;1641;87;216;0,40;24,49;22,03;1;Spain;Western Europe;"Soc Hispano-Luso-Amer Lepidopterologia-Shilap";"2008-2013, 2015-2025";"Animal Science and Zoology (Q2); Ecology, Evolution, Behavior and Systematics (Q3); Insect Science (Q3)";"Agricultural and Biological Sciences"
418;145635;"Candollea";journal;"03732967";"Editions des Conservatoire et Jardin Botanique";No;No;0,357;Q3;22;20;69;498;43;69;0,62;24,90;25,00;2;Switzerland;Western Europe;"Editions des Conservatoire et Jardin Botanique";"2000, 2003-2025";"Ecology, Evolution, Behavior and Systematics (Q3); Plant Science (Q3)";"Agricultural and Biological Sciences"
419;100147333;"Marine Biology Research";journal;"17451000, 17451019";"Taylor and Francis Ltd.";No;No;0,357;Q3;66;47;186;2701;215;186;1,03;57,47;38,95;3;United Kingdom;Western Europe;"Taylor and Francis Ltd.";"2005-2026";"Aquatic Science (Q3); Ecology, Evolution, Behavior and Systematics (Q3); Oceanography (Q3)";"Agricultural and Biological Sciences; Earth and Planetary Sciences"
420;12300154714;"Botany";journal;"19162790, 19162804";"Canadian Science Publishing";No;No;0,356;Q3;102;49;208;3417;252;194;1,12;69,73;37,57;1;Canada;Northern America;"Canadian Science Publishing";"2008-2026";"Ecology (Q2); Ecology, Evolution, Behavior and Systematics (Q3); Plant Science (Q3)";"Agricultural and Biological Sciences; Environmental Science"
421;21101107981;"Mycosystema";journal;"16726472";"Science Press";No;No;0,355;Q3;18;185;643;8330;817;636;1,29;45,03;41,68;0;China;Asiatic Region;"Science Press";"2019-2025";"Agricultural and Biological Sciences (miscellaneous) (Q2); Ecology, Evolution, Behavior and Systematics (Q3)";"Agricultural and Biological Sciences"
422;23857;"Revue Suisse de Zoologie";journal;"0035418X";"Museum d'Histoire Naturelle de Geneve";No;No;0,353;Q3;32;27;81;1315;55;81;0,65;48,70;30,61;0;Switzerland;Western Europe;"Museum d'Histoire Naturelle de Geneve";"1964-1979, 1994-2025";"Ecology, Evolution, Behavior and Systematics (Q3)";"Agricultural and Biological Sciences"
423;21100786528;"Chinese Journal of Plant Ecology";journal;"1005264X";"Editorial Office of Chinese Journal of Plant Ecology";No;No;0,352;Q3;28;137;369;8276;677;369;1,72;60,41;41,51;0;China;Asiatic Region;"Editorial Office of Chinese Journal of Plant Ecology";"2016-2025";"Ecology (Q3); Ecology, Evolution, Behavior and Systematics (Q3); Plant Science (Q3)";"Agricultural and Biological Sciences; Environmental Science"
424;21100811152;"International Journal of Forestry Research";journal;"16879368, 16879376";"John Wiley and Sons Ltd";Yes;No;0,352;Q3;21;37;100;2378;192;100;1,68;64,27;19,54;1;United Kingdom;Western Europe;"John Wiley and Sons Ltd";"2016-2026";"Forestry (Q2); Ecology, Evolution, Behavior and Systematics (Q3); Nature and Landscape Conservation (Q3); Plant Science (Q3)";"Agricultural and Biological Sciences; Environmental Science"
425;23252;"Nematology";journal;"15685411, 13885545";"Brill Academic Publishers";No;No;0,352;Q3;68;89;279;3831;313;279;1,10;43,04;40,59;3;Netherlands;Western Europe;"Brill Academic Publishers";"1999-2026";"Agronomy and Crop Science (Q2); Ecology, Evolution, Behavior and Systematics (Q3)";"Agricultural and Biological Sciences"
426;21100979306;"Kavkazskij Entomologiceskij Bulleten";journal;"27131785, 18143326";"Southern Scientific Centre of the Russian Academy of Sciences";Yes;Yes;0,350;Q3;8;42;130;1034;62;130;0,49;24,62;32,73;0;Russian Federation;Eastern Europe;"Southern Scientific Centre of the Russian Academy of Sciences";"2019-2025";"Ecology, Evolution, Behavior and Systematics (Q3); Insect Science (Q3)";"Agricultural and Biological Sciences"
427;17300154739;"Aquatic Biology";journal;"18647790, 18647782";"Inter-Research";Yes;No;0,346;Q3;59;6;44;305;53;41;1,00;50,83;25,00;1;Germany;Western Europe;"Inter-Research";"2007-2025";"Aquatic Science (Q3); Ecology (Q3); Ecology, Evolution, Behavior and Systematics (Q3); Oceanography (Q3)";"Agricultural and Biological Sciences; Earth and Planetary Sciences; Environmental Science"
428;19348;"Arctic";journal;"19231245, 00040843";"Arctic Institute of North America";Yes;No;0,346;Q3;72;30;115;1896;130;106;0,97;63,20;39,81;0;Canada;Northern America;"Arctic Institute of North America";"1973, 1975, 1977-1981, 1983-1984, 1986, 1988-2025";"Ecology, Evolution, Behavior and Systematics (Q3)";"Agricultural and Biological Sciences"
429;21100826276;"Biodiversity Science";journal;"10050094";"Chinese Academy of Sciences";No;No;0,346;Q3;31;225;582;11894;972;550;1,67;52,86;37,13;2;China;Asiatic Region;"Chinese Academy of Sciences";"2017-2026";"Ecology (Q3); Ecology, Evolution, Behavior and Systematics (Q3); Nature and Landscape Conservation (Q3)";"Agricultural and Biological Sciences; Environmental Science"
430;18700156715;"Grassland Science";journal;"1744697X, 17446961";"Wiley-Blackwell Publishing Ltd";No;No;0,345;Q3;29;28;111;1053;166;111;1,36;37,61;35,25;0;United Kingdom;Western Europe;"Wiley-Blackwell Publishing Ltd";"2009-2026";"Agronomy and Crop Science (Q2); Ecology, Evolution, Behavior and Systematics (Q3); Plant Science (Q3)";"Agricultural and Biological Sciences"
431;1100147101;"International Journal of Tropical Insect Science";journal;"17427584, 17427592";"Springer Nature";No;No;0,343;Q3;41;212;832;10482;1132;829;1,32;49,44;36,03;1;Switzerland;Western Europe;"Springer Nature";"1981, 1986, 1989, 1991-1993, 1995, 1998, 2004-2026";"Ecology, Evolution, Behavior and Systematics (Q3); Insect Science (Q3)";"Agricultural and Biological Sciences"
432;21469;"Bird Study";journal;"00063657, 19446705";"Taylor and Francis Ltd.";No;No;0,342;Q3;60;29;123;1447;115;123;0,92;49,90;26,27;1;United Kingdom;Western Europe;"Taylor and Francis Ltd.";"1954-2026";"Ecology, Evolution, Behavior and Systematics (Q3); Nature and Landscape Conservation (Q3)";"Agricultural and Biological Sciences; Environmental Science"
433;19400158520;"Conservation Genetics Resources";journal;"18777252, 18777260";"Springer Science and Business Media B.V.";No;No;0,342;Q3;32;28;223;879;254;222;0,96;31,39;40,65;0;Netherlands;Western Europe;"Springer Science and Business Media B.V.";"2009-2026";"Ecology, Evolution, Behavior and Systematics (Q3); Genetics (Q4)";"Agricultural and Biological Sciences; Biochemistry, Genetics and Molecular Biology"
434;21100792813;"Turczaninowia";journal;"15607267, 15607259";"Altai State University";Yes;Yes;0,340;Q3;14;64;201;2192;122;201;0,56;34,25;54,25;0;Russian Federation;Eastern Europe;"Altai State University";"2016-2025";"Ecology (Q3); Ecology, Evolution, Behavior and Systematics (Q3); Plant Science (Q3)";"Agricultural and Biological Sciences; Environmental Science"
435;19911;"New Zealand Journal of Botany";journal;"0028825X, 11758643";"Taylor and Francis Ltd.";No;No;0,339;Q3;44;21;86;947;86;80;1,16;45,10;38,18;0;United Kingdom;Western Europe;"Taylor and Francis Ltd.";"1963-2025";"Ecology, Evolution, Behavior and Systematics (Q3); Plant Science (Q3)";"Agricultural and Biological Sciences"
436;24104;"Acta Zoologica";journal;"14636395, 00017272";"Wiley-Blackwell Publishing Ltd";No;No;0,338;Q3;46;46;114;2643;136;113;1,18;57,46;37,71;0;United Kingdom;Western Europe;"Wiley-Blackwell Publishing Ltd";"1920-2026";"Animal Science and Zoology (Q3); Ecology, Evolution, Behavior and Systematics (Q3); Cell Biology (Q4)";"Agricultural and Biological Sciences; Biochemistry, Genetics and Molecular Biology"
437;21100888550;"Mediterranean Botany";journal;"26039109";"Universidad Complutense Madrid";Yes;Yes;0,336;Q3;21;20;66;1097;92;65;1,35;54,85;24,56;1;Spain;Western Europe;"Universidad Complutense Madrid";"2018-2025";"Ecology (Q3); Ecology, Evolution, Behavior and Systematics (Q3); Plant Science (Q3)";"Agricultural and Biological Sciences; Environmental Science"
438;21100915394;"Neotropical Biodiversity";journal;"23766808";"Taylor and Francis Ltd.";Yes;No;0,335;Q3;20;17;127;818;124;127;1,02;48,12;35,14;1;United Kingdom;Western Europe;"Taylor and Francis Ltd.";"2015-2023";"Ecology (Q3); Ecology, Evolution, Behavior and Systematics (Q3); Global and Planetary Change (Q4)";"Agricultural and Biological Sciences; Environmental Science"
439;22562;"Journal of Herpetology";journal;"00221511";"Society for the Study of Amphibians and Reptiles";No;No;0,333;Q3;71;50;171;3251;157;171;0,91;65,02;32,77;0;United States;Northern America;"Society for the Study of Amphibians and Reptiles";"1980-1983, 1985-1989, 1991-2026";"Animal Science and Zoology (Q3); Ecology, Evolution, Behavior and Systematics (Q3)";"Agricultural and Biological Sciences"
440;19103;"African Entomology";journal;"10213589";"Academy of Science of South Africa";Yes;No;0,332;Q3;38;38;155;1894;175;153;1,26;49,84;31,62;1;South Africa;Africa;"Academy of Science of South Africa";"1994-2025";"Agronomy and Crop Science (Q2); Ecology, Evolution, Behavior and Systematics (Q3); Insect Science (Q3)";"Agricultural and Biological Sciences"
441;19900193893;"Acta Limnologica Brasiliensia";journal;"01026712, 2179975X";"Brazilian Limnology Association";Yes;Yes;0,330;Q3;29;35;102;1979;127;101;0,77;56,54;46,46;0;Brazil;Latin America;"Brazilian Limnology Association";"2011-2026";"Aquatic Science (Q3); Ecology (Q3); Ecology, Evolution, Behavior and Systematics (Q3); Water Science and Technology (Q3)";"Agricultural and Biological Sciences; Environmental Science"
442;21100805739;"Comparative Cognition and Behavior Reviews";journal;"19114745";"Comparative Cognition Society";Yes;Yes;0,330;Q3;14;6;16;721;23;16;1,38;120,17;60,71;0;Canada;Northern America;"Comparative Cognition Society";"2009, 2016-2025";"Veterinary (miscellaneous) (Q2); Animal Science and Zoology (Q3); Ecology, Evolution, Behavior and Systematics (Q3)";"Agricultural and Biological Sciences; Veterinary"
443;21100316007;"Russian Journal of Herpetology";journal;"10262296";"Folium Ltd";No;No;0,329;Q3;17;36;127;2603;130;126;1,12;72,31;32,88;2;Russian Federation;Eastern Europe;"Folium Ltd";"2014-2025";"Animal Science and Zoology (Q3); Ecology, Evolution, Behavior and Systematics (Q3)";"Agricultural and Biological Sciences"
444;130109;"Shengtai Xuebao/Acta Ecologica Sinica";journal;"10000933";"Science Press";No;No;0,329;Q3;67;815;2503;38865;4703;2503;1,87;47,69;41,97;1;China;Asiatic Region;"Science Press";"2005-2025";"Ecology (Q3); Ecology, Evolution, Behavior and Systematics (Q3)";"Agricultural and Biological Sciences; Environmental Science"
445;17910;"Cryptogamie, Algologie";journal;"01811568";"A.D.A.C.";No;No;0,328;Q3;41;9;39;946;54;39;1,41;105,11;40,00;0;France;Western Europe;"A.D.A.C.";"1990-2025";"Aquatic Science (Q3); Ecology, Evolution, Behavior and Systematics (Q3); Plant Science (Q3)";"Agricultural and Biological Sciences"
446;21100203931;"Psyche: Journal of Entomology";journal;"00332615, 16877438";"John Wiley and Sons Inc";Yes;No;0,328;Q3;34;7;19;365;31;19;1,63;52,14;40,74;0;United States;Northern America;"John Wiley and Sons Inc";"1874-1885, 1888-1910, 1912-1995, 2009-2025";"Ecology, Evolution, Behavior and Systematics (Q3); Insect Science (Q3)";"Agricultural and Biological Sciences"
447;24011;"Tropical Zoology";journal;"19709528, 03946975";"Page Press Publications";Yes;No;0,328;Q3;29;5;24;303;37;23;0,67;60,60;25,93;0;United Kingdom;Western Europe;"Page Press Publications";"1988-2025";"Animal Science and Zoology (Q3); Ecology, Evolution, Behavior and Systematics (Q3)";"Agricultural and Biological Sciences"
448;21100839164;"Czech Mycology";journal;"12110981, 18051421";"Czech Scientific Society for Mycology";No;No;0,324;Q3;13;13;45;523;48;44;0,84;40,23;35,90;0;Czech Republic;Eastern Europe;"Czech Scientific Society for Mycology";"2016-2025";"Ecology (Q3); Ecology, Evolution, Behavior and Systematics (Q3); Plant Science (Q3)";"Agricultural and Biological Sciences; Environmental Science"
449;21100945202;"Genomics and Informatics";journal;"22340742";"BioMed Central Ltd";Yes;No;0,323;Q3;17;52;146;2413;157;130;0,87;46,40;32,66;0;United Kingdom;Western Europe;"BioMed Central Ltd";"2015, 2019-2026";"Ecology, Evolution, Behavior and Systematics (Q3); Health Informatics (Q3); Genetics (Q4)";"Agricultural and Biological Sciences; Biochemistry, Genetics and Molecular Biology; Medicine"
450;19943;"Nova Hedwigia";journal;"00295035, 23637188";"Schweizerbart Science Publishers";No;No;0,323;Q3;49;47;158;1826;144;157;0,84;38,85;50,70;0;Germany;Western Europe;"Schweizerbart Science Publishers";"1993-2026";"Ecology, Evolution, Behavior and Systematics (Q3); Plant Science (Q3)";"Agricultural and Biological Sciences"
451;21101039256;"Arctoa";journal;"01311379";"KMK Scientific Press";No;No;0,322;Q3;7;24;70;568;48;70;0,52;23,67;72,00;0;Russian Federation;Eastern Europe;"KMK Scientific Press";"2019-2025";"Ecology, Evolution, Behavior and Systematics (Q3); Plant Science (Q3)";"Agricultural and Biological Sciences"
452;72707;"Asian Perspectives";journal;"15358283, 00668435";"University of Hawaii Press";No;No;0,322;Q3;40;10;47;632;32;41;0,32;63,20;28,13;0;United States;Northern America;"University of Hawaii Press";"1993-2025";"History (Q1); Anthropology (Q2); Archeology (Q2); Archeology (arts and humanities) (Q2); Ecology, Evolution, Behavior and Systematics (Q3)";"Agricultural and Biological Sciences; Arts and Humanities; Social Sciences"
453;21100900506;"Chinese Journal of Eco-Agriculture";journal;"20966237";"Science Press";Yes;No;0,322;Q3;27;162;557;7697;935;557;1,74;47,51;43,12;0;China;Asiatic Region;"Science Press";"2018-2026";"Agronomy and Crop Science (Q3); Ecology (Q3); Ecology, Evolution, Behavior and Systematics (Q3); Plant Science (Q3); Soil Science (Q3)";"Agricultural and Biological Sciences; Environmental Science"
454;16201;"Acta Botanica Croatica";journal;"03650588, 18478476";"Department of Biology, Faculty of Science, University of Zagreb";Yes;Yes;0,318;Q3;33;21;82;776;110;81;1,09;36,95;59,72;0;Croatia;Eastern Europe;"Department of Biology, Faculty of Science, University of Zagreb";"1980-1983, 1985, 1996, 1998-2025";"Ecology, Evolution, Behavior and Systematics (Q3); Plant Science (Q3)";"Agricultural and Biological Sciences"
455;21100811145;"Novosti Sistematiki Nizshikh Rastenii";journal;"05685435";"Komarov Botanical Institute";No;No;0,318;Q3;12;33;98;1643;71;98;0,82;49,79;62,71;0;Russian Federation;Eastern Europe;"Komarov Botanical Institute";"2016-2025";"Ecology, Evolution, Behavior and Systematics (Q3); Plant Science (Q3)";"Agricultural and Biological Sciences"
456;21101046402;"Journal of Pollination Ecology";journal;"19207603";"Enviroquest Ltd";Yes;Yes;0,317;Q3;11;21;58;1492;69;58;1,25;71,05;63,16;0;Canada;Northern America;"Enviroquest Ltd";"2011, 2014-2016, 2018-2025";"Animal Science and Zoology (Q3); Ecology (Q3); Ecology, Evolution, Behavior and Systematics (Q3); Insect Science (Q3); Plant Science (Q3)";"Agricultural and Biological Sciences; Environmental Science"
457;21100857119;"Travaux du Museum National d'Histoire Naturelle Grigore Antipa";journal;"22470735, 12232254";"Pensoft Publishers";Yes;Yes;0,317;Q3;7;20;67;708;37;67;0,54;35,40;42,59;0;Poland;Eastern Europe;"Pensoft Publishers";"2017-2025";"Animal Science and Zoology (Q3); Ecology (Q3); Ecology, Evolution, Behavior and Systematics (Q3); Insect Science (Q3); Plant Science (Q3)";"Agricultural and Biological Sciences; Environmental Science"
458;14000156200;"Rheedea";journal;"09712313";"Indian Association for Angiosperm Taxonomy";No;No;0,315;Q3;16;23;108;588;69;106;0,54;25,57;23,08;0;India;Asiatic Region;"Indian Association for Angiosperm Taxonomy";"2006-2025";"Ecology, Evolution, Behavior and Systematics (Q3); Plant Science (Q3)";"Agricultural and Biological Sciences"
459;13264;"Biological Rhythm Research";journal;"17444179, 09291016";"Taylor and Francis Ltd.";No;No;0,312;Q3;44;54;391;2850;472;390;1,16;52,78;42,05;1;United Kingdom;Western Europe;"Taylor and Francis Ltd.";"1994-2026";"Ecology, Evolution, Behavior and Systematics (Q3); Physiology (Q4); Physiology (medical) (Q4)";"Agricultural and Biological Sciences; Biochemistry, Genetics and Molecular Biology; Medicine"
460;16857;"Biochemical Systematics and Ecology";journal;"03051978";"Elsevier Ltd";No;No;0,311;Q3;83;151;445;7724;746;445;1,61;51,15;40,45;0;United Kingdom;Western Europe;"Elsevier Ltd";"1973-2026";"Ecology, Evolution, Behavior and Systematics (Q3); Biochemistry (Q4)";"Agricultural and Biological Sciences; Biochemistry, Genetics and Molecular Biology"
461;21100265745;"Journal of Fish and Wildlife Management";journal;"1944687X";"U.S. Fish and Wildlife Service";No;No;0,311;Q3;30;34;163;2164;153;161;0,90;63,65;28,87;0;United States;Northern America;"U.S. Fish and Wildlife Service";"2010-2024";"Animal Science and Zoology (Q3); Ecology (Q3); Ecology, Evolution, Behavior and Systematics (Q3); Nature and Landscape Conservation (Q3)";"Agricultural and Biological Sciences; Environmental Science"
462;24589;"Annales Zoologici Fennici";journal;"0003455X";"Finnish Zoological and Botanical Publishing Board";No;No;0,310;Q3;66;1;58;49;62;57;1,09;49,00;0,00;0;Finland;Western Europe;"Finnish Zoological and Botanical Publishing Board";"1974-1977, 1979-2025";"Animal Science and Zoology (Q3); Ecology (Q3); Ecology, Evolution, Behavior and Systematics (Q3); Nature and Landscape Conservation (Q3)";"Agricultural and Biological Sciences; Environmental Science"
463;16784;"Australian Journal of Botany";journal;"00671924, 14449862";"CSIRO Publishing";No;No;0,310;Q3;80;43;141;2986;139;138;0,78;69,44;44,44;0;Australia;Pacific Region;"CSIRO Publishing";"1953-2026";"Ecology, Evolution, Behavior and Systematics (Q3); Plant Science (Q3)";"Agricultural and Biological Sciences"
464;23986;"Studies on Neotropical Fauna and Environment";journal;"17445140, 01650521";"Taylor and Francis Ltd.";No;No;0,310;Q3;40;60;83;3191;76;83;0,93;53,18;29,96;1;United Kingdom;Western Europe;"Taylor and Francis Ltd.";"1976-2026";"Animal Science and Zoology (Q3); Ecology, Evolution, Behavior and Systematics (Q3)";"Agricultural and Biological Sciences"
465;20439;"Israel Journal of Entomology";journal;"22246304, 00751243";"Entomological Society of Israel";No;No;0,309;Q3;13;10;37;177;34;37;1,08;17,70;11,11;0;Israel;Middle East;"Entomological Society of Israel";"1996-1999, 2004-2005, 2019-2021, 2023-2026";"Ecology (Q3); Ecology, Evolution, Behavior and Systematics (Q3); Insect Science (Q3)";"Agricultural and Biological Sciences; Environmental Science"
466;17865;"Webbia";journal;"00837792, 21694060";"Firenze University Press";No;No;0,309;Q3;27;20;76;1162;52;72;0,69;58,10;35,00;1;Italy;Western Europe;"Firenze University Press";"1905, 1907, 1910, 1913-1914, 1921, 1923, 1948, 1950-2025";"Ecology (Q3); Ecology, Evolution, Behavior and Systematics (Q3); Plant Science (Q3)";"Agricultural and Biological Sciences; Environmental Science"
467;21101021454;"Biota Colombiana";journal;"01245376, 2539200X";"Instituto de investigación de recursos biológicos Alexander von humboldt";Yes;Yes;0,308;Q3;7;26;73;1155;58;73;0,87;44,42;41,67;0;Colombia;Latin America;"Instituto de investigación de recursos biológicos Alexander von humboldt";"2019-2025";"Animal Science and Zoology (Q3); Ecology (Q3); Ecology, Evolution, Behavior and Systematics (Q3); Nature and Landscape Conservation (Q3); Plant Science (Q3)";"Agricultural and Biological Sciences; Environmental Science"
468;19900191982;"Bois et Forets des Tropiques";journal;"17775760, 0006579X";"CIRAD";Yes;No;0,308;Q3;21;26;87;1113;70;80;0,61;42,81;35,63;2;France;Western Europe;"CIRAD";"2010-2025";"Forestry (Q2); Ecology (Q3); Ecology, Evolution, Behavior and Systematics (Q3)";"Agricultural and Biological Sciences; Environmental Science"
469;21100914897;"Egyptian Journal of Botany";journal;"23570350, 03759237";"";No;No;0,308;Q3;18;76;194;4553;318;193;1,53;59,91;50,93;0;Egypt;Africa/Middle East;"";"2014-2026";"Agronomy and Crop Science (Q3); Biotechnology (Q3); Ecology (Q3); Ecology, Evolution, Behavior and Systematics (Q3); Plant Science (Q3); Cell Biology (Q4); Genetics (Q4); Molecular Biology (Q4)";"Agricultural and Biological Sciences; Biochemistry, Genetics and Molecular Biology; Environmental Science"
470;20484;"Journal of Insect Behavior";journal;"08927553, 15728889";"Springer";No;No;0,308;Q3;60;32;74;1617;74;74;1,04;50,53;44,14;1;United States;Northern America;"Springer";"1988-2026";"Ecology, Evolution, Behavior and Systematics (Q3); Insect Science (Q3)";"Agricultural and Biological Sciences"
471;24090;"Acta Ethologica";journal;"14379546, 08739749";"Springer Science and Business Media Deutschland GmbH";No;No;0,306;Q3;40;24;68;1321;72;65;1,04;55,04;39,02;0;Germany;Western Europe;"Springer Science and Business Media Deutschland GmbH";"1998-2026";"Animal Science and Zoology (Q3); Ecology, Evolution, Behavior and Systematics (Q3)";"Agricultural and Biological Sciences"
472;21100981227;"Rethinking Ecology";journal;"25349260";"Pensoft Publishers";Yes;No;0,305;Q3;6;0;4;0;8;4;2,67;0,00;0,00;0;Bulgaria;Eastern Europe;"Pensoft Publishers";"2019-2021";"Ecology (Q3); Ecology, Evolution, Behavior and Systematics (Q3)";"Agricultural and Biological Sciences; Environmental Science"
473;22594;"Chinese Journal of Applied Ecology";journal;"10019332";"Editorial Board of Chinese Journal of Applied Ecology";No;No;0,304;Q3;58;384;1369;17348;2210;1369;1,57;45,18;41,11;1;China;Asiatic Region;"Editorial Board of Chinese Journal of Applied Ecology";"1991-2026";"Ecology (Q3); Ecology, Evolution, Behavior and Systematics (Q3); Medicine (miscellaneous) (Q3)";"Agricultural and Biological Sciences; Environmental Science; Medicine"
474;21100431830;"Russian Entomological Journal";journal;"01328069";"KMK Scientific Press Ltd.";No;No;0,304;Q3;16;47;191;1165;100;186;0,51;24,79;37,68;0;Russian Federation;Eastern Europe;"KMK Scientific Press Ltd.";"2015-2025";"Ecology, Evolution, Behavior and Systematics (Q3); Insect Science (Q3)";"Agricultural and Biological Sciences"
475;16706;"Annales Botanici Fennici";journal;"00033847";"Finnish Zoological and Botanical Publishing Board";No;No;0,300;Q3;42;41;121;624;73;120;0,60;15,22;28,57;2;Finland;Western Europe;"Finnish Zoological and Botanical Publishing Board";"1973, 1975, 1977-2025";"Ecology, Evolution, Behavior and Systematics (Q3); Plant Science (Q3)";"Agricultural and Biological Sciences"
476;21100237215;"Russian Journal of Biological Invasions";journal;"20751125, 20751117";"Pleiades Publishing";No;No;0,300;Q3;21;64;153;2907;127;153;0,86;45,42;60,40;0;United States;Northern America;"Pleiades Publishing";"2010-2025";"Ecology, Evolution, Behavior and Systematics (Q3)";"Agricultural and Biological Sciences"
477;21100439337;"Acta Agrobotanica";journal;"2300357X, 00650951";"Polish Botanical Society";Yes;No;0,298;Q3;21;31;62;1306;107;62;1,53;42,13;53,33;0;Poland;Eastern Europe;"Polish Botanical Society";"1953-1962, 1964-1979, 1987, 2013-2025";"Agronomy and Crop Science (Q3); Ecology, Evolution, Behavior and Systematics (Q3); Plant Science (Q3)";"Agricultural and Biological Sciences"
478;19944;"Novon";journal;"10553177";"Missouri Botanical Garden";No;No;0,298;Q3;30;29;70;597;45;70;0,64;20,59;28,77;0;United States;Northern America;"Missouri Botanical Garden";"1994-2025";"Ecology, Evolution, Behavior and Systematics (Q3); Plant Science (Q3)";"Agricultural and Biological Sciences"
479;21100808409;"Arid Ecosystems";journal;"20790961, 20790988";"Pleiades Publishing";No;No;0,297;Q3;18;64;169;1944;181;169;0,83;30,38;58,16;0;United States;Northern America;"Pleiades Publishing";"2011-2025";"Ecology (Q3); Ecology, Evolution, Behavior and Systematics (Q3); Soil Science (Q3); Global and Planetary Change (Q4)";"Agricultural and Biological Sciences; Environmental Science"
480;17600155120;"Inland Water Biology";journal;"19950837, 19950829";"Pleiades Publishing";No;No;0,295;Q3;19;149;272;6075;243;271;0,90;40,77;57,91;0;United States;Northern America;"Pleiades Publishing";"2009-2025";"Aquatic Science (Q3); Ecology, Evolution, Behavior and Systematics (Q3)";"Agricultural and Biological Sciences"
481;14345;"Theory in Biosciences";journal;"16117530, 14317613";"Springer Science and Business Media Deutschland GmbH";No;No;0,295;Q3;45;27;83;1553;128;81;1,53;57,52;25,35;0;Germany;Western Europe;"Springer Science and Business Media Deutschland GmbH";"1997-2026";"Applied Mathematics (Q3); Ecology, Evolution, Behavior and Systematics (Q3); Statistics and Probability (Q3)";"Agricultural and Biological Sciences; Mathematics"
482;4700152414;"Revista Mexicana de Biodiversidad";journal;"18703453, 20078706";"Universidad Nacional Autonoma de Mexico";Yes;Yes;0,294;Q3;38;76;286;4577;260;286;0,81;60,22;40,50;0;Mexico;Latin America;"Universidad Nacional Autonoma de Mexico";"1999, 2006-2026";"Ecology, Evolution, Behavior and Systematics (Q3)";"Agricultural and Biological Sciences"
483;21100843025;"Protistology";journal;"16800826";"Protozoological Society Affiliated With The Russian Academy Of Sciences";No;No;0,293;Q3;12;23;69;835;50;68;0,71;36,30;48,53;0;Russian Federation;Eastern Europe;"Protozoological Society Affiliated With The Russian Academy Of Sciences";"2017-2025";"Ecology, Evolution, Behavior and Systematics (Q3); Microbiology (Q4)";"Agricultural and Biological Sciences; Immunology and Microbiology"
484;21100199707;"Graellsia";journal;"03675041, 1989953X";"CSIC Consejo Superior de Investigaciones Cientificas";Yes;Yes;0,292;Q3;15;29;77;1016;39;65;0,59;35,03;35,62;0;Spain;Western Europe;"CSIC Consejo Superior de Investigaciones Cientificas";"2011-2025";"Animal Science and Zoology (Q3); Ecology, Evolution, Behavior and Systematics (Q3)";"Agricultural and Biological Sciences"
485;20974;"Ardea";journal;"03732266";"Nederlandse Ornithologische Unie";No;No;0,291;Q3;55;33;89;2138;56;87;0,54;64,79;27,14;1;Netherlands;Western Europe;"Nederlandse Ornithologische Unie";"1981-1985, 1987, 1990-2026";"Animal Science and Zoology (Q3); Ecology, Evolution, Behavior and Systematics (Q3)";"Agricultural and Biological Sciences"
486;21100224446;"Neotropical Biology and Conservation";journal;"22363777, 18099939";"Pensoft Publishers";Yes;No;0,291;Q3;17;20;95;931;86;95;0,80;46,55;36,36;0;Brazil;Latin America;"Pensoft Publishers";"2012-2025";"Animal Science and Zoology (Q3); Ecology, Evolution, Behavior and Systematics (Q3); Insect Science (Q3); Nature and Landscape Conservation (Q3); Plant Science (Q3)";"Agricultural and Biological Sciences; Environmental Science"
487;21057;"Nota Lepidopterologica";journal;"03427536, 23675365";"Pensoft Publishers";Yes;No;0,291;Q3;20;8;62;292;51;62;0,92;36,50;15,79;0;Bulgaria;Eastern Europe;"Pensoft Publishers";"1995-2025";"Animal Science and Zoology (Q3); Ecology, Evolution, Behavior and Systematics (Q3); Insect Science (Q3)";"Agricultural and Biological Sciences"
488;21100805343;"Annals of Silvicultural Research";journal;"2284354X";"Istituto Sperimentale per la Selvicoltura";Yes;Yes;0,290;Q3;18;12;58;538;69;53;1,36;44,83;33,33;0;Italy;Western Europe;"Istituto Sperimentale per la Selvicoltura";"2013-2025";"Forestry (Q2); Ecology (Q3); Ecology, Evolution, Behavior and Systematics (Q3)";"Agricultural and Biological Sciences; Environmental Science"
489;16900154702;"Avian Biology Research";journal;"17581567, 17581559";"Science and Technology Letters";No;No;0,289;Q3;45;14;55;861;47;55;0,83;61,50;40,91;0;United Kingdom;Western Europe;"Science and Technology Letters";"2008-2026";"Animal Science and Zoology (Q3); Ecology, Evolution, Behavior and Systematics (Q3)";"Agricultural and Biological Sciences"
490;21100913647;"Caspian Journal of Environmental Sciences";journal;"17353033, 17353866";"University of Guilan";Yes;No;0,288;Q3;20;128;285;4153;386;285;1,33;32,45;44,14;0;Iran;Middle East;"University of Guilan";"2019-2025";"Agricultural and Biological Sciences (miscellaneous) (Q2); Ecology, Evolution, Behavior and Systematics (Q3); Environmental Science (miscellaneous) (Q3)";"Agricultural and Biological Sciences; Environmental Science"
491;19847;"Rangeland Journal";journal;"10369872, 18347541";"CSIRO Publishing";No;No;0,288;Q3;52;14;103;866;111;100;1,09;61,86;26,53;0;Australia;Pacific Region;"CSIRO Publishing";"1998-2026";"Ecology (Q3); Ecology, Evolution, Behavior and Systematics (Q3)";"Agricultural and Biological Sciences; Environmental Science"
492;22544;"Journal of Ethology";journal;"02890771, 14395444";"Springer";No;No;0,287;Q3;43;25;127;892;102;125;0,77;35,68;33,33;0;Japan;Asiatic Region;"Springer";"1983-2026";"Animal Science and Zoology (Q3); Ecology, Evolution, Behavior and Systematics (Q3)";"Agricultural and Biological Sciences"
493;21992;"Herpetological Review";journal;"0018084X";"Society for the Study of Amphibians and Reptiles";No;No;0,286;Q3;39;29;72;334;30;39;0,48;11,52;20,00;0;United States;Northern America;"Society for the Study of Amphibians and Reptiles";"1988, 1996-2025";"Animal Science and Zoology (Q3); Ecology, Evolution, Behavior and Systematics (Q3)";"Agricultural and Biological Sciences"
494;21100433106;"Journal of Asia-Pacific Biodiversity";journal;"22879544, 2287884X";"National Science Museum od Korea";Yes;Yes;0,285;Q3;30;104;288;4049;261;287;0,76;38,93;23,86;1;South Korea;Asiatic Region;"National Science Museum od Korea";"2013-2026";"Animal Science and Zoology (Q3); Ecology (Q3); Ecology, Evolution, Behavior and Systematics (Q3); Insect Science (Q3); Plant Science (Q3)";"Agricultural and Biological Sciences; Environmental Science"
495;19700188151;"Check List";journal;"1809127X";"Pensoft Publishers";Yes;No;0,284;Q3;33;106;500;4160;356;497;0,73;39,25;32,00;1;Brazil;Latin America;"Pensoft Publishers";"2009-2026";"Animal Science and Zoology (Q3); Ecology (Q3); Ecology, Evolution, Behavior and Systematics (Q3); Insect Science (Q3); Plant Science (Q3)";"Agricultural and Biological Sciences; Environmental Science"
496;21100432543;"Thai Forest Bulletin (Botany)";journal;"2465423X, 04953843";"Forest Herbarium";No;No;0,284;Q3;11;15;79;247;63;79;0,98;16,47;34,48;3;Thailand;Asiatic Region;"Forest Herbarium";"2015-2025";"Forestry (Q2); Ecology, Evolution, Behavior and Systematics (Q3); Plant Science (Q3)";"Agricultural and Biological Sciences"
497;4700152640;"Austrian Journal of Forest Science";journal;"00089583";"Osterreichischer Agrarverlag Druck und Verlags Gesellschaft m.b.H. Nfg. KG";No;No;0,283;Q3;16;12;44;762;48;44;1,19;63,50;25,00;0;Austria;Western Europe;"Osterreichischer Agrarverlag Druck und Verlags Gesellschaft m.b.H. Nfg. KG";"2006-2025";"Forestry (Q2); Ecology (Q3); Ecology, Evolution, Behavior and Systematics (Q3); Management, Monitoring, Policy and Law (Q3); Nature and Landscape Conservation (Q3)";"Agricultural and Biological Sciences; Environmental Science"
498;20363;"Great Lakes Entomologist";journal;"00900222";"Michigan Entomological Society";No;No;0,283;Q3;22;27;48;1063;31;48;0,34;39,37;32,26;0;United States;Northern America;"Michigan Entomological Society";"1993-2003, 2005-2025";"Ecology, Evolution, Behavior and Systematics (Q3); Insect Science (Q3)";"Agricultural and Biological Sciences"
499;5800173388;"Plankton and Benthos Research";journal;"18808247, 1882627X";"Plankton Society of Japan";No;No;0,283;Q3;27;27;109;999;85;99;0,80;37,00;28,89;0;Japan;Asiatic Region;"Plankton Society of Japan";"2006-2025";"Aquatic Science (Q3); Ecology (Q3); Ecology, Evolution, Behavior and Systematics (Q3); Oceanography (Q3)";"Agricultural and Biological Sciences; Earth and Planetary Sciences; Environmental Science"
500;20481;"Journal of Entomological Science";journal;"07498004";"Georgia Entomological Society Inc.";No;No;0,281;Q3;35;39;168;1344;118;154;0,61;34,46;38,97;0;United States;Northern America;"Georgia Entomological Society Inc.";"1988, 1990, 1993-2025";"Agronomy and Crop Science (Q3); Ecology, Evolution, Behavior and Systematics (Q3); Insect Science (Q3)";"Agricultural and Biological Sciences"
501;20375;"Russian Journal of Nematology";journal;"08696918";"Russian Academy of Sciences";No;No;0,280;Q3;26;2;34;62;36;30;1,20;31,00;27,27;0;Russian Federation;Eastern Europe;"Russian Academy of Sciences";"1996-2025";"Animal Science and Zoology (Q3); Ecology, Evolution, Behavior and Systematics (Q3)";"Agricultural and Biological Sciences"
502;4600151503;"Chelonian Conservation and Biology";journal;"10718443";"Chelonian Research Foundation";No;No;0,278;Q3;40;13;105;607;98;103;0,84;46,69;17,14;0;United States;Northern America;"Chelonian Research Foundation";"2006-2025";"Animal Science and Zoology (Q3); Ecology, Evolution, Behavior and Systematics (Q3)";"Agricultural and Biological Sciences"
503;21100239824;"Journal for the Study of Religion, Nature and Culture";journal;"17494915, 17494907";"Equinox Publishing Ltd";No;No;0,278;Q3;16;27;62;917;47;55;0,48;33,96;55,17;0;United Kingdom;Western Europe;"Equinox Publishing Ltd";"2004, 2010, 2013-2026";"Cultural Studies (Q1); Religious Studies (Q1); Ecology (Q3); Ecology, Evolution, Behavior and Systematics (Q3)";"Agricultural and Biological Sciences; Arts and Humanities; Environmental Science; Social Sciences"
504;24077;"Acta Zoologica Academiae Scientiarum Hungaricae";journal;"12178837";"Hungarian Natural History Museum";Yes;Yes;0,276;Q3;0;0;0;0;0;0;0,00;0,00;0,00;0;Hungary;Eastern Europe;"Hungarian Natural History Museum";"1996-2023";"Animal Science and Zoology (Q3); Ecology, Evolution, Behavior and Systematics (Q3)";"Agricultural and Biological Sciences"
505;5400152636;"Fundamental and Applied Limnology";journal;"23637110, 18639135";"Schweizerbart Science Publishers";No;No;0,276;Q3;74;25;73;1455;75;72;1,09;58,20;48,86;0;Germany;Western Europe;"Schweizerbart Science Publishers";"2007-2025";"Aquatic Science (Q3); Ecology (Q3); Ecology, Evolution, Behavior and Systematics (Q3)";"Agricultural and Biological Sciences; Environmental Science"
506;21100929412;"Jurnal Manajemen Hutan Tropika";journal;"20892063, 20870469";"Institut Pertanian Bogor, Department of Forest Management, Faculty of Forestry";Yes;No;0,276;Q3;16;24;84;1198;101;84;0,98;49,92;37,31;0;Indonesia;Asiatic Region;"Institut Pertanian Bogor, Department of Forest Management, Faculty of Forestry";"2012-2025";"Forestry (Q2); Ecology (Q3); Ecology, Evolution, Behavior and Systematics (Q3)";"Agricultural and Biological Sciences; Environmental Science"
507;21100332432;"South American Journal of Herpetology";journal;"1982355X, 18089798";"Sociedade Brasileira de Herpetologia";No;No;0,276;Q3;19;25;86;2864;67;86;0,77;114,56;37,40;0;Brazil;Latin America;"Sociedade Brasileira de Herpetologia";"2014-2025";"Animal Science and Zoology (Q3); Ecology, Evolution, Behavior and Systematics (Q3)";"Agricultural and Biological Sciences"
508;21100870015;"Acta Phytotaxonomica et Geobotanica";journal;"13467565, 21897042";"Japanese Society for Plant Systematics";Yes;No;0,275;Q3;10;16;73;471;34;73;0,35;29,44;26,53;0;Japan;Asiatic Region;"Japanese Society for Plant Systematics";"2014-2025";"Ecology (Q3); Ecology, Evolution, Behavior and Systematics (Q3); Plant Science (Q3)";"Agricultural and Biological Sciences; Environmental Science"
509;21101023716;"Italian Journal of Mycology";journal;"25317342";"University of Bologna";Yes;Yes;0,275;Q3;9;12;26;567;46;26;1,44;47,25;50,00;0;Italy;Western Europe;"University of Bologna";"2019-2026";"Applied Microbiology and Biotechnology (Q3); Ecology (Q3); Ecology, Evolution, Behavior and Systematics (Q3); Plant Science (Q3)";"Agricultural and Biological Sciences; Environmental Science; Immunology and Microbiology"
510;21101038525;"Jurnal Ilmiah Perikanan dan Kelautan";journal;"20855842, 25280759";"Faculty of Fisheries and Marine Universitas Airlangga";Yes;No;0,275;Q3;11;42;99;2049;103;99;1,04;48,79;39,13;0;Indonesia;Asiatic Region;"Faculty of Fisheries and Marine Universitas Airlangga";"2019-2025";"Animal Science and Zoology (Q3); Aquatic Science (Q3); Ecology, Evolution, Behavior and Systematics (Q3); Food Science (Q3)";"Agricultural and Biological Sciences"
511;21100827932;"Rastitel'nost' Rossii";journal;"20730659";"Russian Academy of Sciences, V.L. Komarov Institute of Botany";Yes;No;0,274;Q3;8;16;46;590;38;46;0,70;36,88;50,00;0;Russian Federation;Eastern Europe;"Russian Academy of Sciences, V.L. Komarov Institute of Botany";"2017-2025";"Ecology, Evolution, Behavior and Systematics (Q3); Plant Science (Q3)";"Agricultural and Biological Sciences"
512;17308;"Telopea";journal;"03129764, 22004025";"Royal Botanic Gardens";No;No;0,274;Q3;21;13;77;285;46;77;0,63;21,92;7,14;1;Australia;Pacific Region;"Royal Botanic Gardens";"1984, 1986, 1988-1997, 2006-2025";"Ecology, Evolution, Behavior and Systematics (Q3); Plant Science (Q3)";"Agricultural and Biological Sciences"
513;24582;"Animal Biology";journal;"15707563, 15707555";"Brill Academic Publishers";No;No;0,273;Q3;39;27;97;1290;108;97;1,16;47,78;34,38;0;Netherlands;Western Europe;"Brill Academic Publishers";"2003-2026";"Animal Science and Zoology (Q3); Ecology, Evolution, Behavior and Systematics (Q3)";"Agricultural and Biological Sciences"
514;21100813768;"Ecological Questions";journal;"16447298, 20835469";"";No;No;0,273;Q3;18;50;111;1968;127;110;1,11;39,36;36,22;0;Germany;Western Europe;"";"2002-2004, 2008-2025";"Ecological Modeling (Q3); Ecology (Q3); Ecology, Evolution, Behavior and Systematics (Q3); Geography, Planning and Development (Q3)";"Agricultural and Biological Sciences; Environmental Science; Social Sciences"
515;21101132465;"Grassland Research";journal;"27701743, 2097051X";"John Wiley and Sons Inc";Yes;No;0,272;Q3;9;29;27;1436;24;26;0,89;49,52;40,00;2;Australia;Pacific Region;"John Wiley and Sons Inc";"2022-2026";"Agricultural and Biological Sciences (miscellaneous) (Q2); Agronomy and Crop Science (Q3); Ecology, Evolution, Behavior and Systematics (Q3); Plant Science (Q3)";"Agricultural and Biological Sciences"
516;7200153144;"Molluscan Research";journal;"14486067, 13235818";"Taylor and Francis Ltd.";No;No;0,272;Q3;30;22;102;864;84;97;0,78;39,27;25,42;2;United Kingdom;Western Europe;"Taylor and Francis Ltd.";"1987-2026";"Animal Science and Zoology (Q3); Ecology, Evolution, Behavior and Systematics (Q3); Genetics (Q4)";"Agricultural and Biological Sciences; Biochemistry, Genetics and Molecular Biology"
517;21100439341;"Ruthenica";journal;"01360027, 23077336";"A.N.Severtsov Institute of Ecology and Evolution of RAS";No;No;0,271;Q3;9;16;60;475;43;60;0,86;29,69;50,00;0;Russian Federation;Eastern Europe;"A.N.Severtsov Institute of Ecology and Evolution of RAS";"2015-2026";"Animal Science and Zoology (Q3); Aquatic Science (Q3); Ecology, Evolution, Behavior and Systematics (Q3)";"Agricultural and Biological Sciences"
518;21100820898;"Tropical Grasslands-Forrajes Tropicales";journal;"23463775";"Centro Internacional de Agricultura Tropical (CIAT)";Yes;Yes;0,271;Q3;32;20;107;965;97;107;0,89;48,25;27,96;0;Colombia;Latin America;"Centro Internacional de Agricultura Tropical (CIAT)";"2013-2025";"Agronomy and Crop Science (Q3); Ecology, Evolution, Behavior and Systematics (Q3); Plant Science (Q3)";"Agricultural and Biological Sciences"
519;21175;"Natura Croatica";journal;"13300520";"Croatian Natural History Museum";Yes;Yes;0,269;Q3;25;38;103;1685;56;102;0,54;44,34;35,00;0;Croatia;Eastern Europe;"Croatian Natural History Museum";"1992-2026";"Animal Science and Zoology (Q3); Ecology (Q3); Ecology, Evolution, Behavior and Systematics (Q3); Insect Science (Q3); Plant Science (Q3)";"Agricultural and Biological Sciences; Environmental Science"
520;21101018633;"Alpine Entomology";journal;"25350889";"Pensoft Publishers";Yes;No;0,264;Q3;9;21;48;892;29;48;0,42;42,48;20,41;2;Bulgaria;Eastern Europe;"Pensoft Publishers";"2017-2026";"Animal Science and Zoology (Q3); Ecology (Q3); Ecology, Evolution, Behavior and Systematics (Q3); Insect Science (Q3)";"Agricultural and Biological Sciences; Environmental Science"
521;21100211753;"Asian Myrmecology";journal;"19851944";"International Network for the Study of Asian Ants";Yes;No;0,264;Q3;19;9;27;372;33;27;1,32;41,33;21,05;0;Malaysia;Asiatic Region;"International Network for the Study of Asian Ants";"2008-2011, 2013-2025";"Ecology (Q3); Ecology, Evolution, Behavior and Systematics (Q3); Insect Science (Q3)";"Agricultural and Biological Sciences; Environmental Science"
522;18048;"Feddes Repertorium";journal;"1522239X, 00148962";"Wiley-Blackwell";No;No;0,261;Q3;30;25;73;745;51;73;0,60;29,80;32,84;0;United States;Northern America;"Wiley-Blackwell";"1965-1987, 1989-2026";"Ecology, Evolution, Behavior and Systematics (Q3); Plant Science (Q3)";"Agricultural and Biological Sciences"
523;21100828916;"Theoretical and Applied Ecology";journal;"19954301, 26188406";"Publishing House "O-Kratkoe"";Yes;No;0,261;Q3;11;99;380;2600;232;379;0,63;26,26;58,51;0;Russian Federation;Eastern Europe;"Publishing House "O-Kratkoe"";"2017-2025";"Ecology (Q3); Ecology, Evolution, Behavior and Systematics (Q3)";"Agricultural and Biological Sciences; Environmental Science"
524;21100827441;"Current Research in Environmental and Applied Mycology";journal;"22292225";"Beijing Academy of Agriculture and Forestry Sciences, Institute of Plant and Environment Protection";No;No;0,259;Q3;16;20;96;2219;102;96;1,11;110,95;41,67;0;China;Asiatic Region;"Beijing Academy of Agriculture and Forestry Sciences, Institute of Plant and Environment Protection";"2017-2025";"Ecology (Q3); Ecology, Evolution, Behavior and Systematics (Q3); Infectious Diseases (Q3); Plant Science (Q3); Microbiology (Q4)";"Agricultural and Biological Sciences; Environmental Science; Immunology and Microbiology; Medicine"
525;21100806903;"Journal of Threatened Taxa";journal;"09747907, 09747893";"Zoo Outreach Organisation";Yes;No;0,257;Q3;19;240;813;7720;451;788;0,52;32,17;26,11;1;India;Asiatic Region;"Zoo Outreach Organisation";"2012, 2016-2026";"Animal Science and Zoology (Q3); Ecology, Evolution, Behavior and Systematics (Q3); Management, Monitoring, Policy and Law (Q3); Nature and Landscape Conservation (Q3)";"Agricultural and Biological Sciences; Environmental Science"
526;21101023406;"Zoodiversity";journal;"2707725X, 27077268";"National Academy of Sciences of Ukraine";Yes;Yes;0,257;Q3;20;46;141;1860;112;140;0,75;40,43;35,00;0;Ukraine;Eastern Europe;"National Academy of Sciences of Ukraine";"2020-2025";"Animal Science and Zoology (Q3); Ecology, Evolution, Behavior and Systematics (Q3)";"Agricultural and Biological Sciences"
527;21101056813;"Acta Palaeontologica Romaniae";journal;"22483802, 1842371X";"Romanian Society of Palaeontologists";No;No;0,256;Q3;7;7;39;1046;28;38;0,75;149,43;20,00;0;Romania;Eastern Europe;"Romanian Society of Palaeontologists";"2019-2025";"Ecology (Q3); Ecology, Evolution, Behavior and Systematics (Q3); Geology (Q3); Paleontology (Q3); Stratigraphy (Q3); Atmospheric Science (Q4)";"Agricultural and Biological Sciences; Earth and Planetary Sciences; Environmental Science"
528;21101041838;"Studies in Fungi";journal;"24654973";"Maximum Academic Press";Yes;Yes;0,256;Q3;11;20;98;1202;97;98;1,00;60,10;33,33;0;United States;Northern America;"Maximum Academic Press";"2019-2025";"Agricultural and Biological Sciences (miscellaneous) (Q3); Ecology (Q3); Ecology, Evolution, Behavior and Systematics (Q3); Environmental Science (miscellaneous) (Q3); Plant Science (Q3)";"Agricultural and Biological Sciences; Environmental Science"
529;19840;"Proceedings of the Entomological Society of Washington";journal;"00138797";"Entomological Society of Washington";No;No;0,255;Q3;33;33;217;873;69;187;0,32;26,45;29,17;1;United States;Northern America;"Entomological Society of Washington";"1981, 1993-2026";"Ecology, Evolution, Behavior and Systematics (Q3); Insect Science (Q3)";"Agricultural and Biological Sciences"
530;21100847303;"Tropical Natural History";journal;"25869892";"Chulalongkorn University";No;No;0,255;Q3;10;36;65;1734;52;65;0,74;48,17;31,25;0;Thailand;Asiatic Region;"Chulalongkorn University";"2017-2025";"Agricultural and Biological Sciences (miscellaneous) (Q3); Ecology (Q3); Ecology, Evolution, Behavior and Systematics (Q3); Paleontology (Q3)";"Agricultural and Biological Sciences; Earth and Planetary Sciences; Environmental Science"
531;11900154316;"Anales del Jardin Botanico de Madrid";journal;"02111322, 19883196";"CSIC Consejo Superior de Investigaciones Cientificas";Yes;Yes;0,254;Q3;28;9;41;565;31;41;0,96;62,78;25,00;0;Spain;Western Europe;"CSIC Consejo Superior de Investigaciones Cientificas";"1997-2002, 2004-2024";"Ecology, Evolution, Behavior and Systematics (Q3); Plant Science (Q3)";"Agricultural and Biological Sciences"
532;21100200206;"BioRisk";journal;"13132644, 13132652";"Pensoft Publishers";Yes;No;0,254;Q3;11;17;48;589;50;46;0,91;34,65;57,58;0;Bulgaria;Eastern Europe;"Pensoft Publishers";"2011-2025";"Agricultural and Biological Sciences (miscellaneous) (Q3); Animal Science and Zoology (Q3); Ecology (Q3); Ecology, Evolution, Behavior and Systematics (Q3); Environmental Science (miscellaneous) (Q3); Insect Science (Q3); Plant Science (Q3)";"Agricultural and Biological Sciences; Environmental Science"
533;21100858121;"Bulletin of the Iraq Natural History Museum";journal;"10178678, 23119799";"University of Baghdad - Iraq Natural History Reseach Center and Museum";Yes;No;0,254;Q3;10;24;60;986;48;60;0,80;41,08;53,06;0;Iraq;Middle East;"University of Baghdad - Iraq Natural History Reseach Center and Museum";"2017-2025";"Animal Science and Zoology (Q3); Ecology (Q3); Ecology, Evolution, Behavior and Systematics (Q3); Geology (Q3); Insect Science (Q3); Paleontology (Q3); Plant Science (Q3)";"Agricultural and Biological Sciences; Earth and Planetary Sciences; Environmental Science"
534;21100788796;"Fragmenta Entomologica";journal;"22844880, 0429288X";"Sapienza Universita Editrice";Yes;Yes;0,254;Q3;12;23;109;1018;65;109;0,49;44,26;23,88;0;Italy;Western Europe;"Sapienza Universita Editrice";"2016-2025";"Ecology (Q3); Ecology, Evolution, Behavior and Systematics (Q3); Insect Science (Q3)";"Agricultural and Biological Sciences; Environmental Science"
535;21100914244;"Korean Journal of Plant Taxonomy";journal;"24661546, 12258318";"Korean Society of Plant Taxonomists";Yes;No;0,254;Q3;11;36;98;1151;81;98;0,80;31,97;27,00;0;South Korea;Asiatic Region;"Korean Society of Plant Taxonomists";"2018-2026";"Ecology, Evolution, Behavior and Systematics (Q3); Plant Science (Q3)";"Agricultural and Biological Sciences"
536;21100817420;"Wader Study";journal;"20588410";"International Wader Study Group";No;No;0,254;Q3;19;35;105;1068;62;74;0,53;30,51;27,38;2;United Kingdom;Western Europe;"International Wader Study Group";"2015-2025";"Animal Science and Zoology (Q3); Aquatic Science (Q3); Ecology, Evolution, Behavior and Systematics (Q3)";"Agricultural and Biological Sciences"
537;19118;"Transactions of the American Entomological Society";journal;"00028320";"American Entomological Society";No;No;0,253;Q4;24;14;80;586;28;79;0,40;41,86;31,58;0;United States;Northern America;"American Entomological Society";"1993-1994, 1996-2025";"Insect Science (Q3); Ecology, Evolution, Behavior and Systematics (Q4)";"Agricultural and Biological Sciences"
538;21100806944;"Botanica Pacifica";journal;"24103713, 22264701";"BGI FEB RAS";Yes;Yes;0,252;Q4;13;41;93;1901;74;93;0,70;46,37;56,25;0;Russian Federation;Eastern Europe;"BGI FEB RAS";"2016-2025";"Ecology (Q3); Plant Science (Q3); Ecology, Evolution, Behavior and Systematics (Q4)";"Agricultural and Biological Sciences; Environmental Science"
539;21100446423;"Ecological Genetics and Genomics";journal;"24059854";"Elsevier Inc.";No;No;0,251;Q4;18;61;95;3772;128;95;1,18;61,84;27,00;0;United States;Northern America;"Elsevier Inc.";"2016-2026";"Ecology, Evolution, Behavior and Systematics (Q4); Genetics (Q4)";"Agricultural and Biological Sciences; Biochemistry, Genetics and Molecular Biology"
540;21100902625;"International Journal of Aquatic Biology";journal;"23225270, 23830956";"Iranian Society of Ichthyology";Yes;Yes;0,251;Q4;12;64;153;2894;138;151;0,77;45,22;38,25;0;Iran;Middle East;"Iranian Society of Ichthyology";"2019-2025";"Aquatic Science (Q3); Ecology (Q3); Oceanography (Q3); Ecology, Evolution, Behavior and Systematics (Q4)";"Agricultural and Biological Sciences; Earth and Planetary Sciences; Environmental Science"
541;25304;"Russian Journal of Ecology";journal;"16083334, 10674136";"Pleiades Publishing";No;No;0,250;Q4;32;74;189;3070;169;189;1,00;41,49;49,21;0;United States;Northern America;"Pleiades Publishing";"1996-2025";"Ecology, Evolution, Behavior and Systematics (Q4)";"Agricultural and Biological Sciences"
542;21101040217;"Proceedings of the Zoological Institute of the Russian Academy of Sciences";journal;"22213996, 02060477";"Russian Academy of Sciences, Zoological Institute";No;No;0,249;Q4;9;47;93;2083;55;92;0,42;44,32;52,83;0;Russian Federation;Eastern Europe;"Russian Academy of Sciences, Zoological Institute";"2019-2025";"Animal Science and Zoology (Q3); Aquatic Science (Q3); Insect Science (Q3); Ecology, Evolution, Behavior and Systematics (Q4)";"Agricultural and Biological Sciences"
543;21100201064;"Forest Systems";journal;"21719845, 21715068";"Instituto Nacional de Investigación y Tecnología Agraria y Alimentaria (CSIC-INIA)";Yes;Yes;0,248;Q4;36;25;87;1167;86;87;0,77;46,68;30,28;1;Spain;Western Europe;"Instituto Nacional de Investigación y Tecnología Agraria y Alimentaria (CSIC-INIA)";"2010-2025";"Forestry (Q3); Soil Science (Q3); Ecology, Evolution, Behavior and Systematics (Q4)";"Agricultural and Biological Sciences"
544;21101046691;"Journal of Fish Taxonomy (discontinued)";journal;"2458942X";"";No;No;0,248;Q4;11;19;51;532;129;51;2,29;28,00;25,00;0;United Arab Emirates;Middle East;"";"2019-2025";"Aquatic Science (Q3); Ecology, Evolution, Behavior and Systematics (Q4)";"Agricultural and Biological Sciences"
545;19700171103;"Revista del Museo Argentino de Ciencias Naturales, Nueva Serie";journal;"15145158";"Museo Argentino de Ciencias Naturales Bernardino Rivadavia";Yes;Yes;0,248;Q4;21;24;44;1271;31;44;0,54;52,96;38,64;0;Argentina;Latin America;"Museo Argentino de Ciencias Naturales Bernardino Rivadavia";"2008-2025";"Animal Science and Zoology (Q3); Paleontology (Q3); Ecology, Evolution, Behavior and Systematics (Q4)";"Agricultural and Biological Sciences; Earth and Planetary Sciences"
546;21100871687;"European Journal of Ecology";journal;"13398474";"University of Kansas";Yes;Yes;0,247;Q4;16;15;53;661;55;53;0,81;44,07;31,58;0;United States;Northern America;"University of Kansas";"2015-2025";"Ecology (Q3); Ecology, Evolution, Behavior and Systematics (Q4)";"Agricultural and Biological Sciences; Environmental Science"
547;24737;"Polish Journal of Ecology";journal;"15052249";"Polish Academy of Sciences";Yes;No;0,247;Q4;35;17;47;892;31;47;0,37;52,47;24,07;0;Poland;Eastern Europe;"Polish Academy of Sciences";"1996, 1998-2024, 2026";"Ecology (Q3); Ecology, Evolution, Behavior and Systematics (Q4)";"Agricultural and Biological Sciences; Environmental Science"
548;21100925728;"Biosystems Diversity";journal;"25202529, 25198513";"Oles Honchar Dnipro National University";Yes;No;0,246;Q4;20;65;153;3573;229;153;1,25;54,97;44,02;0;Ukraine;Eastern Europe;"Oles Honchar Dnipro National University";"2017-2025";"Ecology (Q3); Ecology, Evolution, Behavior and Systematics (Q4)";"Agricultural and Biological Sciences; Environmental Science"
549;19798;"Entomological News";journal;"21623236, 0013872X";"American Entomological Society";No;No;0,246;Q4;28;17;103;369;52;98;0,34;21,71;15,91;0;United States;Northern America;"American Entomological Society";"1965, 1967-1977, 1979, 1993-2026";"Ecology, Evolution, Behavior and Systematics (Q4); Insect Science (Q4)";"Agricultural and Biological Sciences"
550;21100876244;"Korean Journal of Mycology";journal;"23835249, 0253651X";"Korean Society of Mycology";Yes;No;0,245;Q4;9;51;148;1149;80;148;0,53;22,53;46,62;0;South Korea;Asiatic Region;"Korean Society of Mycology";"2018-2025";"Ecology (Q3); Plant Science (Q3); Ecology, Evolution, Behavior and Systematics (Q4)";"Agricultural and Biological Sciences; Environmental Science"
551;22133;"Ornis Hungarica";journal;"12151610, 20619588";"Walter de Gruyter GmbH";Yes;No;0,245;Q4;13;34;88;1586;55;88;0,56;46,65;18,52;0;Hungary;Eastern Europe;"Walter de Gruyter GmbH";"1992, 2009, 2011-2025";"Animal Science and Zoology (Q3); Ecology, Evolution, Behavior and Systematics (Q4)";"Agricultural and Biological Sciences"
552;12600154715;"Journal of Cetacean Research and Management";journal;"15610713";"International Whaling Commission";Yes;Yes;0,244;Q4;32;22;69;1261;52;69;0,87;57,32;54,12;3;United Kingdom;Western Europe;"International Whaling Commission";"2000, 2004, 2008-2015, 2017-2025";"Animal Science and Zoology (Q3); Aquatic Science (Q3); Ecology, Evolution, Behavior and Systematics (Q4)";"Agricultural and Biological Sciences"
553;19700201420;"Bulletin of the British Ornithologists' Club";journal;"00071595";"British Ornithologist's Club";No;No;0,242;Q4;15;43;118;1931;66;117;0,62;44,91;14,85;0;United Kingdom;Western Europe;"British Ornithologist's Club";"2009-2025";"Animal Science and Zoology (Q3); Ecology, Evolution, Behavior and Systematics (Q4)";"Agricultural and Biological Sciences"
554;21101088330;"Genetic Resources";journal;"27083764";"Bioversity International";Yes;Yes;0,241;Q4;8;13;37;584;35;37;0,72;44,92;42,31;0;Italy;Western Europe;"Bioversity International";"2020-2026";"Agricultural and Biological Sciences (miscellaneous) (Q3); Agronomy and Crop Science (Q3); Animal Science and Zoology (Q3); Ecology, Evolution, Behavior and Systematics (Q4)";"Agricultural and Biological Sciences"
555;16209;"Acta Botanica Hungarica";journal;"15882578, 02366495";"Akademiai Kiado";No;No;0,240;Q4;28;19;64;977;52;64;0,67;51,42;25,00;1;Hungary;Eastern Europe;"Akademiai Kiado";"1986-1989, 2001-2004, 2007-2025";"Plant Science (Q3); Ecology, Evolution, Behavior and Systematics (Q4)";"Agricultural and Biological Sciences"
556;21101018943;"Reinwardtia";journal;"0034365X, 23378824";"Herbarium Bogoriense, Botany Division, Research Center For Biology";Yes;Yes;0,240;Q4;7;11;32;482;27;32;0,74;43,82;29,03;0;Indonesia;Asiatic Region;"Herbarium Bogoriense, Botany Division, Research Center For Biology";"2019-2025";"Plant Science (Q3); Ecology, Evolution, Behavior and Systematics (Q4)";"Agricultural and Biological Sciences"
557;4400151710;"Wilson Journal of Ornithology";journal;"15594491";"Taylor and Francis Ltd.";No;No;0,240;Q4;51;33;314;1504;162;313;0,40;45,58;41,90;1;United States;Northern America;"Taylor and Francis Ltd.";"2006-2026";"Animal Science and Zoology (Q3); Ecology (Q3); Ecology, Evolution, Behavior and Systematics (Q4)";"Agricultural and Biological Sciences; Environmental Science"
558;16694;"American Fern Journal";journal;"00028444";"American Fern Society";No;No;0,239;Q4;31;25;60;1290;38;59;0,56;51,60;38,03;0;United States;Northern America;"American Fern Society";"1993-2025";"Plant Science (Q3); Ecology, Evolution, Behavior and Systematics (Q4)";"Agricultural and Biological Sciences"
559;21101023718;"Natural History Sciences";journal;"23850442, 23850922";"Page Press Publications";Yes;Yes;0,239;Q4;12;32;43;873;47;43;1,18;27,28;31,51;0;Italy;Western Europe;"Page Press Publications";"2014-2025";"Animal Science and Zoology (Q3); Geology (Q3); Plant Science (Q3); Ecology, Evolution, Behavior and Systematics (Q4); Paleontology (Q4)";"Agricultural and Biological Sciences; Earth and Planetary Sciences"
560;21100857445;"Asian Journal of Conservation Biology";journal;"22787666";"TCRP FOUNDATION, India";No;No;0,238;Q4;8;28;88;1071;57;84;0,52;38,25;27,03;0;India;Asiatic Region;"TCRP FOUNDATION, India";"2017-2025";"Ecology (Q3); Nature and Landscape Conservation (Q3); Ecology, Evolution, Behavior and Systematics (Q4)";"Agricultural and Biological Sciences; Environmental Science"
561;21100781964;"Ecosistemas";journal;"16972473";"Asociacion Espanola de Ecologia Terrestre";Yes;Yes;0,238;Q4;27;58;158;2752;107;143;0,74;47,45;42,86;0;Spain;Western Europe;"Asociacion Espanola de Ecologia Terrestre";"2001-2025";"Ecology (Q3); Ecology, Evolution, Behavior and Systematics (Q4)";"Agricultural and Biological Sciences; Environmental Science"
562;21101058740;"Euroasian Entomological Journal";journal;"16844866";"KMK Scientific Press";No;No;0,238;Q4;6;66;176;1615;58;176;0,33;24,47;39,62;0;Russian Federation;Eastern Europe;"KMK Scientific Press";"2019-2025";"Ecology, Evolution, Behavior and Systematics (Q4); Insect Science (Q4)";"Agricultural and Biological Sciences"
563;24493;"Western North American Naturalist";journal;"15270904";"Brigham Young University";No;No;0,238;Q4;42;46;192;2182;95;192;0,52;47,43;32,19;2;United States;Northern America;"Brigham Young University";"2000-2025";"Ecology (Q3); Ecology, Evolution, Behavior and Systematics (Q4)";"Agricultural and Biological Sciences; Environmental Science"
564;100147015;"Applied Ecology and Environmental Research";journal;"17850037, 15891623";"Corvinus University of Budapest";Yes;No;0,237;Q4;53;357;1157;17104;1077;1157;0,77;47,91;37,23;2;Hungary;Eastern Europe;"Corvinus University of Budapest";"2003, 2005-2026";"Agronomy and Crop Science (Q3); Ecology, Evolution, Behavior and Systematics (Q4)";"Agricultural and Biological Sciences"
565;12065;"Cybium";journal;"21010315, 03990974";"Societe Francaise d'Ichtyologie";No;No;0,237;Q4;37;34;91;1608;72;88;0,75;47,29;32,80;1;France;Western Europe;"Societe Francaise d'Ichtyologie";"1996-2025";"Animal Science and Zoology (Q3); Ecology, Evolution, Behavior and Systematics (Q4)";"Agricultural and Biological Sciences"
566;21100456142;"Halteres";journal;"09731555, 23487372";"Department of Zoology and Environmental Sciences";No;No;0,237;Q4;8;0;24;0;22;24;0,80;0,00;0,00;0;India;Asiatic Region;"Department of Zoology and Environmental Sciences";"2016-2021";"Ecology (Q3); Ecology, Evolution, Behavior and Systematics (Q4); Insect Science (Q4)";"Agricultural and Biological Sciences; Environmental Science"
567;21100977379;"Proceedings of the Zoological Society";journal;"03735893, 09746919";"Springer India";No;No;0,237;Q4;22;43;171;2080;166;170;1,10;48,37;41,96;0;India;Asiatic Region;"Springer India";"2009-2026";"Animal Science and Zoology (Q3); Aquatic Science (Q3); Cell Biology (Q4); Ecology, Evolution, Behavior and Systematics (Q4); Endocrinology (Q4); Genetics (Q4); Immunology (Q4); Insect Science (Q4)";"Agricultural and Biological Sciences; Biochemistry, Genetics and Molecular Biology; Immunology and Microbiology"
568;19300156808;"AACL Bioflux";journal;"18449166, 18448143";"Bioflux Publishing House";Yes;No;0,236;Q4;30;302;1011;12241;805;1003;0,67;40,53;38,26;0;Romania;Eastern Europe;"Bioflux Publishing House";"2006, 2009-2026";"Management, Monitoring, Policy and Law (Q3); Water Science and Technology (Q3); Aquatic Science (Q4); Ecology, Evolution, Behavior and Systematics (Q4)";"Agricultural and Biological Sciences; Environmental Science"
569;21100840723;"Egyptian Journal of Aquatic Biology and Fisheries";journal;"25369814, 11106131";"Egyptian Society for the Development of Fisheries and Human Health";Yes;No;0,236;Q4;26;376;1044;17406;914;1044;0,74;46,29;42,13;0;Egypt;Africa/Middle East;"Egyptian Society for the Development of Fisheries and Human Health";"1998, 2000-2026";"Ecology (Q3); Pollution (Q3); Water Science and Technology (Q3); Aquatic Science (Q4); Ecology, Evolution, Behavior and Systematics (Q4)";"Agricultural and Biological Sciences; Environmental Science"
570;21101132227;"Culture and Evolution";journal;"29397375";"Akademiai Kiado";No;No;0,235;Q4;30;5;7;578;6;6;1,00;115,60;33,33;1;Hungary;Eastern Europe;"Akademiai Kiado";"2022-2025";"Anthropology (Q2); Cultural Studies (Q2); Ecology, Evolution, Behavior and Systematics (Q4); Experimental and Cognitive Psychology (Q4); Social Psychology (Q4)";"Agricultural and Biological Sciences; Psychology; Social Sciences"
571;17999;"Edinburgh Journal of Botany";journal;"14740036, 09604286";"Royal Botanic Garden Edinburgh";No;No;0,233;Q4;34;16;76;416;63;73;0,71;26,00;31,82;4;United Kingdom;Western Europe;"Royal Botanic Garden Edinburgh";"1990-2026";"Plant Science (Q3); Ecology, Evolution, Behavior and Systematics (Q4)";"Agricultural and Biological Sciences"
572;19200156903;"Acta Botanica Mexicana";journal;"24487589, 01877151";"Instituto de Ecologia, A.C.";Yes;Yes;0,232;Q4;22;49;174;2611;122;173;0,60;53,29;37,67;0;Mexico;Latin America;"Instituto de Ecologia, A.C.";"2008-2026";"Plant Science (Q3); Ecology, Evolution, Behavior and Systematics (Q4)";"Agricultural and Biological Sciences"
573;21100225843;"Basic and Applied Herpetology";journal;"02136686";"Asociacion Herpetologica Espanola";Yes;No;0,232;Q4;13;7;21;352;20;21;0,85;50,29;29,63;0;Spain;Western Europe;"Asociacion Herpetologica Espanola";"2012-2025";"Animal Science and Zoology (Q3); Ecology, Evolution, Behavior and Systematics (Q4)";"Agricultural and Biological Sciences"
574;20071;"Canadian Field-Naturalist";journal;"00083550";"Ottawa Field-Naturalists' Club";No;No;0,230;Q4;33;22;136;828;42;127;0,28;37,64;34,69;0;Canada;Northern America;"Ottawa Field-Naturalists' Club";"1979, 1981-1985, 1987-1988, 1992-2025";"Ecology, Evolution, Behavior and Systematics (Q4)";"Agricultural and Biological Sciences"
575;21101078836;"Lilloa";journal;"23469641, 00759481";"Fundacion Miguel Lillo";Yes;Yes;0,229;Q4;5;20;67;828;32;64;0,42;41,40;55,17;0;Argentina;Latin America;"Fundacion Miguel Lillo";"2019-2025";"Plant Science (Q3); Ecology, Evolution, Behavior and Systematics (Q4)";"Agricultural and Biological Sciences"
576;13018;"Pirineos";journal;"19884281, 03732568";"CSIC Consejo Superior de Investigaciones Cientificas";Yes;Yes;0,229;Q4;18;8;26;592;19;26;0,43;74,00;17,50;0;Spain;Western Europe;"CSIC Consejo Superior de Investigaciones Cientificas";"1973, 1981-2002, 2004-2024";"Earth and Planetary Sciences (miscellaneous) (Q3); Ecology (Q3); Environmental Science (miscellaneous) (Q3); Geography, Planning and Development (Q3); Nature and Landscape Conservation (Q3); Ecology, Evolution, Behavior and Systematics (Q4)";"Agricultural and Biological Sciences; Earth and Planetary Sciences; Environmental Science; Social Sciences"
577;33257;"Anthropologischer Anzeiger";journal;"00035548, 23637099";"Schweizerbart Science Publishers";No;No;0,227;Q4;29;43;101;2477;62;98;0,56;57,60;59,12;0;Germany;Western Europe;"Schweizerbart Science Publishers";"1971-2025";"Anthropology (Q2); Animal Science and Zoology (Q3); Ecology, Evolution, Behavior and Systematics (Q4); Medicine (miscellaneous) (Q4)";"Agricultural and Biological Sciences; Medicine; Social Sciences"
578;19300156812;"Folia Cryptogamica Estonica";journal;"17367786, 14062070";"University of Tartu Press";Yes;No;0,227;Q4;20;12;51;448;36;48;0,62;37,33;43,75;1;Estonia;Eastern Europe;"University of Tartu Press";"2009-2026";"Ecology, Evolution, Behavior and Systematics (Q4); Plant Science (Q4)";"Agricultural and Biological Sciences"
579;21100944725;"Marine Biological Journal";journal;"24999776, 24999768";"A.O. Kovalevsky Institute of Biology of the Southern Seas of RAS";Yes;No;0,227;Q4;11;38;105;998;61;105;0,52;26,26;52,75;0;Russian Federation;Eastern Europe;"A.O. Kovalevsky Institute of Biology of the Southern Seas of RAS";"2016-2025";"Ecology (Q3); Aquatic Science (Q4); Ecology, Evolution, Behavior and Systematics (Q4)";"Agricultural and Biological Sciences; Environmental Science"
580;23319;"Polish Polar Research";journal;"01380338, 20818262";"Polish Academy of Sciences, Committee on Polar Research";Yes;Yes;0,227;Q4;37;18;46;978;43;46;1,12;54,33;45,90;0;Poland;Eastern Europe;"Polish Academy of Sciences, Committee on Polar Research";"1980-2025";"Ecology (Q3); Ecology, Evolution, Behavior and Systematics (Q4)";"Agricultural and Biological Sciences; Environmental Science"
581;19296;"American Midland Naturalist";journal;"00030031";"University of Notre Dame";No;No;0,226;Q4;60;0;120;0;67;120;0,65;0,00;0,00;0;United States;Northern America;"University of Notre Dame";"1979-1980, 1982-1990, 1993-2022";"Ecology, Evolution, Behavior and Systematics (Q4)";"Agricultural and Biological Sciences"
582;9500154118;"Journal of the Botanical Research Institute of Texas";journal;"19345259";"Botanical Research Institute of Texas";No;No;0,226;Q4;27;26;104;1010;42;104;0,32;38,85;19,74;3;United States;Northern America;"Botanical Research Institute of Texas";"2007-2025";"Ecology, Evolution, Behavior and Systematics (Q4); Plant Science (Q4)";"Agricultural and Biological Sciences"
583;19941;"Northeastern Naturalist";journal;"10926194";"Humboldt Field Research Institute";No;No;0,226;Q4;40;48;179;2138;102;176;0,51;44,54;37,13;1;United States;Northern America;"Humboldt Field Research Institute";"1999-2025";"Ecology, Evolution, Behavior and Systematics (Q4)";"Agricultural and Biological Sciences"
584;21101029732;"Revista Latinoamericana de Herpetologia";journal;"25942158";"Sociedad Herpetologica Mexicana";Yes;Yes;0,225;Q4;8;117;218;3047;89;157;0,42;26,04;27,31;0;Mexico;Latin America;"Sociedad Herpetologica Mexicana";"2018-2026";"Animal Science and Zoology (Q3); Ecology, Evolution, Behavior and Systematics (Q4)";"Agricultural and Biological Sciences"
585;68712;"Chinese Journal of Ecology";journal;"10004890";"Ecological Society of China";No;No;0,224;Q4;36;316;678;13726;748;678;1,14;43,44;43,36;0;China;Asiatic Region;"Ecological Society of China";"1982-1984, 1987-1990, 1992, 1994, 2005-2025";"Ecology (Q3); Ecology, Evolution, Behavior and Systematics (Q4)";"Agricultural and Biological Sciences; Environmental Science"
586;85143;"Records of the Australian Museum";journal;"00671975";"Scientific Publications";Yes;Yes;0,224;Q4;25;46;43;2258;32;43;0,73;49,09;31,30;0;Australia;Pacific Region;"Scientific Publications";"1983, 2005-2012, 2014-2025";"History (Q1); Museology (Q1); Animal Science and Zoology (Q4); Ecology, Evolution, Behavior and Systematics (Q4); Insect Science (Q4)";"Agricultural and Biological Sciences; Arts and Humanities"
587;130187;"Southeastern Naturalist";journal;"15287092";"Humboldt Field Research Institute";No;No;0,224;Q4;37;78;188;3936;111;187;0,65;50,46;31,30;1;United States;Northern America;"Humboldt Field Research Institute";"2002-2026";"Ecology, Evolution, Behavior and Systematics (Q4)";"Agricultural and Biological Sciences"
588;21100862624;"Journal of Agro-Environment Science";journal;"16722043";"Editorial Board of Journal of Agro-Environment Science";No;No;0,220;Q4;24;278;824;11526;906;822;1,05;41,46;40,70;0;China;Asiatic Region;"Editorial Board of Journal of Agro-Environment Science";"2018-2025";"Agronomy and Crop Science (Q3); Ecology (Q3); Nature and Landscape Conservation (Q3); Soil Science (Q3); Ecology, Evolution, Behavior and Systematics (Q4); Environmental Chemistry (Q4); Management, Monitoring, Policy and Law (Q4)";"Agricultural and Biological Sciences; Environmental Science"
589;21100787088;"Journal of Fisheries of China";journal;"10000615";"Shanghai Ocean University";Yes;No;0,220;Q4;19;196;580;9542;521;580;0,90;48,68;36,29;0;China;Asiatic Region;"Shanghai Ocean University";"2016-2026";"Aquatic Science (Q4); Ecology, Evolution, Behavior and Systematics (Q4); Management, Monitoring, Policy and Law (Q4)";"Agricultural and Biological Sciences; Environmental Science"
590;17305;"Botanicheskii Zhurnal";journal;"00068136, 26586339";"Komarov Botanical Institute";No;No;0,219;Q4;10;91;300;3195;109;286;0,35;35,11;67,04;0;Russian Federation;Eastern Europe;"Komarov Botanical Institute";"1977, 2019-2025";"Ecology, Evolution, Behavior and Systematics (Q4); Plant Science (Q4)";"Agricultural and Biological Sciences"
591;21100790059;"Journal of Entomological and Acarological Research";journal;"2038324X, 22797084";"Page Press Publications";Yes;No;0,219;Q4;11;8;34;328;27;34;1,04;41,00;37,50;0;Italy;Western Europe;"Page Press Publications";"2016-2026";"Ecology (Q3); Ecology, Evolution, Behavior and Systematics (Q4); Insect Science (Q4)";"Agricultural and Biological Sciences; Environmental Science"
592;21101075154;"Povolzhskii Ekologicheskii Zhurnal";journal;"25418963, 16847318";"KMK Scientific Press Ltd.";Yes;Yes;0,218;Q4;6;30;96;1014;49;96;0,63;33,80;58,95;0;Russian Federation;Eastern Europe;"KMK Scientific Press Ltd.";"2019-2025";"Ecology (Q3); Ecology, Evolution, Behavior and Systematics (Q4)";"Agricultural and Biological Sciences; Environmental Science"
593;21100904921;"Limnological Review";journal;"23007575, 16425952";"Multidisciplinary Digital Publishing Institute (MDPI)";Yes;No;0,217;Q4;10;12;58;581;44;56;0,81;48,42;28,95;0;Poland;Eastern Europe;"Multidisciplinary Digital Publishing Institute (MDPI)";"2018-2025";"Ecology (Q3); Water Science and Technology (Q3); Aquatic Science (Q4); Ecology, Evolution, Behavior and Systematics (Q4)";"Agricultural and Biological Sciences; Environmental Science"
594;21100265636;"Acta Zoologica Bulgarica";journal;"26033798, 03240770";"Institute of Biodiversity and Ecosystem Research - Bulgarian Academy of Sciences";Yes;No;0,216;Q4;22;79;234;3281;118;234;0,45;41,53;39,41;0;Bulgaria;Eastern Europe;"Institute of Biodiversity and Ecosystem Research - Bulgarian Academy of Sciences";"2010-2025";"Animal Science and Zoology (Q4); Aquatic Science (Q4); Ecology, Evolution, Behavior and Systematics (Q4); Insect Science (Q4)";"Agricultural and Biological Sciences"
595;21100427836;"Annales, Series Historia Naturalis";journal;"1408533X";"The Historical Society of Southern Primorska of Koper, Institute IRRIS for Research, Development and Strategies of Society, Culture and Environment";Yes;Yes;0,216;Q4;11;45;108;1490;63;107;0,51;33,11;28,77;0;Slovenia;Eastern Europe;"The Historical Society of Southern Primorska of Koper, Institute IRRIS for Research, Development and Strategies of Society, Culture and Environment";"2013-2025";"Aquatic Science (Q4); Ecology, Evolution, Behavior and Systematics (Q4); Plant Science (Q4)";"Agricultural and Biological Sciences"
596;19350;"Mikologiya I Fitopatologiya";journal;"00263648";"Russian Academy of Sciences";No;No;0,216;Q4;16;44;135;1765;95;131;0,68;40,11;55,56;0;Russian Federation;Eastern Europe;"Russian Academy of Sciences";"1996-2025";"Ecology (Q4); Ecology, Evolution, Behavior and Systematics (Q4); Plant Science (Q4)";"Agricultural and Biological Sciences; Environmental Science"
597;19862;"Mycotaxon";journal;"00934666";"Mycotaxon Ltd";Yes;No;0,216;Q4;51;0;258;0;96;254;0,28;0,00;0,00;0;United States;Northern America;"Mycotaxon Ltd";"1989, 1996-2022";"Ecology, Evolution, Behavior and Systematics (Q4); Plant Science (Q4)";"Agricultural and Biological Sciences"
598;95387;"Avocetta";journal;"24209589, 04044266";"Centro Italiano Studi Ornitologici";Yes;Yes;0,214;Q4;11;9;47;346;28;42;0,73;38,44;23,81;0;Italy;Western Europe;"Centro Italiano Studi Ornitologici";"1996, 2008-2025";"Animal Science and Zoology (Q4); Ecology, Evolution, Behavior and Systematics (Q4)";"Agricultural and Biological Sciences"
599;11000153757;"Israel Journal of Ecology and Evolution";journal;"22244662, 15659801";"Brill Academic Publishers";No;No;0,214;Q4;42;29;55;1507;60;54;1,18;51,97;29,31;0;United Kingdom;Western Europe;"Brill Academic Publishers";"2006-2025";"Animal Science and Zoology (Q4); Ecology, Evolution, Behavior and Systematics (Q4)";"Agricultural and Biological Sciences"
600;21100902612;"Plant Science Today";journal;"23481900";"Horizon e-Publishing Group";Yes;No;0,213;Q4;22;209;403;9608;430;400;1,03;45,97;39,88;2;India;Asiatic Region;"Horizon e-Publishing Group";"2018-2025";"Biochemistry, Genetics and Molecular Biology (miscellaneous) (Q3); Ecology (Q4); Ecology, Evolution, Behavior and Systematics (Q4); Plant Science (Q4)";"Agricultural and Biological Sciences; Biochemistry, Genetics and Molecular Biology; Environmental Science"
601;21100297819;"Ribarstvo, Croatian Journal of Fisheries";journal;"1330061X, 18480586";"Sciendo";Yes;Yes;0,212;Q4;19;20;65;760;45;65;0,73;38,00;27,27;3;Poland;Eastern Europe;"Sciendo";"1993-1997, 2013-2025";"Aquatic Science (Q4); Ecology (Q4); Ecology, Evolution, Behavior and Systematics (Q4); Management, Monitoring, Policy and Law (Q4)";"Agricultural and Biological Sciences; Environmental Science"
602;21100211763;"Boletin de la Sociedad Argentina de Botanica";journal;"18512372, 0373580X";"Sociedad Argentina de Botanica";Yes;Yes;0,210;Q4;21;40;108;2277;78;108;0,72;56,93;65,32;0;Argentina;Latin America;"Sociedad Argentina de Botanica";"2006-2025";"Ecology, Evolution, Behavior and Systematics (Q4); Plant Science (Q4)";"Agricultural and Biological Sciences"
603;21100785514;"Journal of Fishery Sciences of China";journal;"10058737";"Chinese Academy of Fishery Sciences";No;No;0,210;Q4;16;135;446;5731;368;446;0,85;42,45;31,73;0;China;Asiatic Region;"Chinese Academy of Fishery Sciences";"2013, 2016-2025";"Aquatic Science (Q4); Ecology, Evolution, Behavior and Systematics (Q4); Management, Monitoring, Policy and Law (Q4)";"Agricultural and Biological Sciences; Environmental Science"
604;21100945960;"Journal of New Zealand Grasslands";journal;"24632872, 24632880";"New Zealand Grassland Association";No;No;0,206;Q4;11;32;72;958;46;71;0,40;29,94;35,90;4;New Zealand;Pacific Region;"New Zealand Grassland Association";"2019-2025";"Agronomy and Crop Science (Q3); Nature and Landscape Conservation (Q3); Ecology, Evolution, Behavior and Systematics (Q4); Plant Science (Q4); Soil Science (Q4)";"Agricultural and Biological Sciences; Environmental Science"
605;14578;"Ecologia Austral";journal;"03275477, 1667782X";"Asociacion Argentina de Ecologia";Yes;Yes;0,204;Q4;37;75;169;4510;144;169;0,78;60,13;56,11;0;Argentina;Latin America;"Asociacion Argentina de Ecologia";"1991, 1993-2025";"Ecology (Q4); Ecology, Evolution, Behavior and Systematics (Q4)";"Agricultural and Biological Sciences; Environmental Science"
606;21101017497;"Revista de la Sociedad Entomologica Argentina";journal;"18517471, 03735680";"Sociedad Entomologica Argentina";Yes;Yes;0,204;Q4;9;42;103;1425;55;92;0,45;33,93;39,71;0;Argentina;Latin America;"Sociedad Entomologica Argentina";"2019-2025";"Ecology (Q4); Ecology, Evolution, Behavior and Systematics (Q4); Insect Science (Q4)";"Agricultural and Biological Sciences; Environmental Science"
607;21100975964;"Tichodroma";journal;"26444992, 1337026X";"Institute of Forest Ecology of the Slovak Academy of Sciences";Yes;Yes;0,204;Q4;3;7;37;190;10;36;0,37;27,14;15,00;0;Slovakia;Eastern Europe;"Institute of Forest Ecology of the Slovak Academy of Sciences";"2019-2025";"Animal Science and Zoology (Q4); Ecology (Q4); Ecology, Evolution, Behavior and Systematics (Q4)";"Agricultural and Biological Sciences; Environmental Science"
608;21100935005;"Rostaniha";journal;"24236608, 16084306";"Iranian Research Institute of Plant Protection";Yes;Yes;0,203;Q4;5;17;74;599;39;71;0,53;35,24;48,65;0;Iran;Middle East;"Iranian Research Institute of Plant Protection";"2019-2025";"Ecology (Q4); Ecology, Evolution, Behavior and Systematics (Q4); Plant Science (Q4)";"Agricultural and Biological Sciences; Environmental Science"
609;21101039846;"Journal of Tropical Biodiversity and Biotechnology";journal;"25409573, 25409581";"Universitas Gadjah Mada, Faculty of Biology";Yes;No;0,202;Q4;10;60;134;2591;126;134;0,93;43,18;42,77;0;Indonesia;Asiatic Region;"Universitas Gadjah Mada, Faculty of Biology";"2019-2026";"Agricultural and Biological Sciences (miscellaneous) (Q3); Applied Microbiology and Biotechnology (Q4); Biotechnology (Q4); Ecology, Evolution, Behavior and Systematics (Q4)";"Agricultural and Biological Sciences; Biochemistry, Genetics and Molecular Biology; Immunology and Microbiology"
610;21100978911;"Terra Latinoamericana";journal;"23958030, 01875779";"Mexican Society of Soil Science";Yes;No;0,202;Q4;15;51;206;2313;134;204;0,48;45,35;28,57;1;Mexico;Latin America;"Mexican Society of Soil Science";"2016-2026";"Biochemistry (Q4); Ecology (Q4); Ecology, Evolution, Behavior and Systematics (Q4); Pollution (Q4); Soil Science (Q4)";"Agricultural and Biological Sciences; Biochemistry, Genetics and Molecular Biology; Environmental Science"
611;17323;"Bothalia";journal;"23119284, 00068241";"South African National Biodiversity Institute";Yes;Yes;0,201;Q4;29;12;51;506;38;51;0,83;42,17;22,22;0;South Africa;Africa;"South African National Biodiversity Institute";"1978, 1993-2025";"Ecology, Evolution, Behavior and Systematics (Q4); Plant Science (Q4)";"Agricultural and Biological Sciences"
612;21100869498;"South of Russia: Ecology, Development";journal;"24130958, 19921098";"Kamerton";Yes;No;0,201;Q4;10;71;193;1977;103;193;0,52;27,85;56,41;0;Russian Federation;Eastern Europe;"Kamerton";"2018-2025";"Geography, Planning and Development (Q3); Ecology (Q4); Ecology, Evolution, Behavior and Systematics (Q4)";"Agricultural and Biological Sciences; Environmental Science; Social Sciences"
613;21101079618;"Texas Water Journal";journal;"21605319";"Texas A&amp;M University Texas Water Resources Institute";Yes;Yes;0,201;Q4;10;7;27;638;15;24;0,67;91,14;31,82;0;United States;Northern America;"Texas A&amp;M University Texas Water Resources Institute";"2010-2025";"Agricultural and Biological Sciences (miscellaneous) (Q3); Engineering (miscellaneous) (Q3); Ocean Engineering (Q3); Aquatic Science (Q4); Ecology, Evolution, Behavior and Systematics (Q4); Management, Monitoring, Policy and Law (Q4); Water Science and Technology (Q4)";"Agricultural and Biological Sciences; Engineering; Environmental Science"
614;21608;"Evolutionary Ecology Research";journal;"15220613";"Evolutionary Ecology Ltd";No;No;0,200;Q4;84;0;6;0;5;6;0,00;0,00;0,00;0;United States;Northern America;"Evolutionary Ecology Ltd";"1999-2014, 2016-2020";"Ecology, Evolution, Behavior and Systematics (Q4)";"Agricultural and Biological Sciences"
615;4000149003;"Ichthyological Exploration of Freshwaters";journal;"09369902";"Pfeil Verlag";No;No;0,200;Q4;32;0;6;0;4;6;0,00;0,00;0,00;0;Germany;Western Europe;"Pfeil Verlag";"2005-2020";"Animal Science and Zoology (Q4); Aquatic Science (Q4); Ecology, Evolution, Behavior and Systematics (Q4)";"Agricultural and Biological Sciences"
616;30862;"Journal of the Torrey Botanical Society";journal;"10955674";"Torrey Botanical Society";No;No;0,200;Q4;54;18;80;1225;48;79;0,62;68,06;38,89;0;United States;Northern America;"Torrey Botanical Society";"1996-2025";"Ecology (Q4); Ecology, Evolution, Behavior and Systematics (Q4); Plant Science (Q4)";"Agricultural and Biological Sciences; Environmental Science"
617;21100332447;"Hydroecologie Appliquee";journal;"1958556X, 11479213";"EDP Sciences";No;No;0,199;Q4;11;1;8;55;5;8;0,63;55,00;0,00;0;France;Western Europe;"EDP Sciences";"2010, 2014, 2016-2018, 2021-2025";"Aquatic Science (Q4); Ecology (Q4); Ecology, Evolution, Behavior and Systematics (Q4); Water Science and Technology (Q4)";"Agricultural and Biological Sciences; Environmental Science"
618;21100850512;"Serangga";journal;"13945130";"Penerbit Universiti Kebangsaan Malaysia";No;No;0,199;Q4;12;44;133;1601;96;132;0,68;36,39;39,68;0;Malaysia;Asiatic Region;"Penerbit Universiti Kebangsaan Malaysia";"2016-2025";"Ecology, Evolution, Behavior and Systematics (Q4); Insect Science (Q4)";"Agricultural and Biological Sciences"
619;21101048343;"Neilreichia";journal;"16815947";"Austrian Association for Floristic Research";No;No;0,198;Q4;4;11;20;518;15;18;0,82;47,09;37,50;0;Austria;Western Europe;"Austrian Association for Floristic Research";"2019-2021, 2023-2024";"Ecology (Q4); Ecology, Evolution, Behavior and Systematics (Q4); Nature and Landscape Conservation (Q4); Plant Science (Q4)";"Agricultural and Biological Sciences; Environmental Science"
620;21794;"Northwest Science";journal;"0029344X";"Washington State University Press";No;No;0,198;Q4;42;10;51;630;36;51;0,43;63,00;32,35;0;United States;Northern America;"Washington State University Press";"1975, 1977-2025";"Ecology, Evolution, Behavior and Systematics (Q4)";"Agricultural and Biological Sciences"
621;21101085289;"Journal of Wildlife and Biodiversity (discontinued)";journal;"25883526";"Department of Environmental Sciences, Arak University";No;No;0,197;Q4;9;123;104;4294;98;104;1,00;34,91;33,90;0;Iran;Middle East;"Department of Environmental Sciences, Arak University";"2019-2024";"Animal Science and Zoology (Q4); Ecology (Q4); Ecology, Evolution, Behavior and Systematics (Q4); Nature and Landscape Conservation (Q4)";"Agricultural and Biological Sciences; Environmental Science"
622;21100794591;"Norwegian Journal of Entomology";journal;"15018415";"Norwegian University of Science and Technology";No;No;0,197;Q4;12;20;66;386;29;66;0,30;19,30;8,57;0;Norway;Western Europe;"Norwegian University of Science and Technology";"2009-2024";"Ecology, Evolution, Behavior and Systematics (Q4); Insect Science (Q4)";"Agricultural and Biological Sciences"
623;21988;"Herpetological Bulletin";journal;"14730928, 26341387";"British Herpetological Society";No;No;0,196;Q4;16;63;191;1022;73;142;0,31;16,22;20,26;0;United Kingdom;Western Europe;"British Herpetological Society";"1996-2025";"Animal Science and Zoology (Q4); Ecology, Evolution, Behavior and Systematics (Q4)";"Agricultural and Biological Sciences"
624;21101061924;"Hattoria";journal;"24238961, 21858241";"Hattori Botanical Laboratory";No;No;0,195;Q4;6;7;16;186;8;16;0,78;26,57;15,38;0;Japan;Asiatic Region;"Hattori Botanical Laboratory";"2019-2025";"Ecology, Evolution, Behavior and Systematics (Q4); Plant Science (Q4)";"Agricultural and Biological Sciences"
625;74433;"Hornero";journal;"18504884, 00733407";"Aves Argentinas - Asociacion Ornitologica del Plata";Yes;Yes;0,195;Q4;23;18;69;708;35;65;0,52;39,33;37,68;0;Argentina;Latin America;"Aves Argentinas - Asociacion Ornitologica del Plata";"1995-1998, 2000-2025";"Animal Science and Zoology (Q4); Ecology, Evolution, Behavior and Systematics (Q4)";"Agricultural and Biological Sciences"
626;21100976732;"Journal of Fruit Science";journal;"10099980";"Editorial Department of Scientia Agricultura Sinica";Yes;No;0,194;Q4;17;248;722;7703;544;722;0,78;31,06;41,55;0;China;Asiatic Region;"Editorial Department of Scientia Agricultura Sinica";"2019-2025";"Biotechnology (Q4); Ecology (Q4); Ecology, Evolution, Behavior and Systematics (Q4); Food Science (Q4); Genetics (Q4); Horticulture (Q4)";"Agricultural and Biological Sciences; Biochemistry, Genetics and Molecular Biology; Environmental Science"
627;21100370875;"Flora Montiberica";journal;"11385952, 1988799X";"Flora Montiberica";Yes;Yes;0,193;Q4;9;79;124;2465;40;124;0,32;31,20;11,20;0;Spain;Western Europe;"Flora Montiberica";"2014-2025";"Ecology (Q4); Ecology, Evolution, Behavior and Systematics (Q4); Plant Science (Q4)";"Agricultural and Biological Sciences; Environmental Science"
628;21101067073;"Botanica";journal;"25388657, 25388649";"Nature Research Centre";Yes;Yes;0,192;Q4;9;12;51;461;36;49;0,61;38,42;48,15;0;Lithuania;Eastern Europe;"Nature Research Centre";"2018-2025";"Ecology (Q4); Ecology, Evolution, Behavior and Systematics (Q4); Plant Science (Q4)";"Agricultural and Biological Sciences; Environmental Science"
629;21384;"Comparative Parasitology";journal;"15252647";"Helminthological Society of Washington";No;No;0,192;Q4;35;19;58;610;26;58;0,42;32,11;33,33;0;United States;Northern America;"Helminthological Society of Washington";"1996-2025";"Ecology, Evolution, Behavior and Systematics (Q4); Parasitology (Q4)";"Agricultural and Biological Sciences; Immunology and Microbiology"
630;21100841273;"Ecological Genetics";journal;"18110932, 24119202";"Eco-Vector LLC";Yes;No;0,192;Q4;11;71;94;1356;63;94;0,59;19,10;57,52;0;Russian Federation;Eastern Europe;"Eco-Vector LLC";"2017-2025";"Biochemistry (Q4); Biotechnology (Q4); Ecology (Q4); Ecology, Evolution, Behavior and Systematics (Q4); Genetics (Q4); Genetics (clinical) (Q4)";"Agricultural and Biological Sciences; Biochemistry, Genetics and Molecular Biology; Environmental Science; Medicine"
631;19152;"Israel Journal of Plant Sciences";journal;"07929978, 22238980";"Brill Academic Publishers";No;No;0,192;Q4;42;18;65;934;61;64;0,82;51,89;43,86;0;United Kingdom;Western Europe;"Brill Academic Publishers";"1994-2013, 2015-2026";"Agronomy and Crop Science (Q4); Ecology, Evolution, Behavior and Systematics (Q4); Plant Science (Q4)";"Agricultural and Biological Sciences"
632;21100903779;"Bonplandia";journal;"18538460, 05240476";"Instituto de Botanica del Nordeste";Yes;Yes;0,187;Q4;6;15;45;784;20;45;0,48;52,27;48,65;0;Argentina;Latin America;"Instituto de Botanica del Nordeste";"2016, 2019-2026";"Biochemistry, Genetics and Molecular Biology (miscellaneous) (Q4); Ecology, Evolution, Behavior and Systematics (Q4); Genetics (Q4); Plant Science (Q4)";"Agricultural and Biological Sciences; Biochemistry, Genetics and Molecular Biology"
633;21101049095;"Ecology, Economy and Society";journal;"25816101, 25816152";"Indian Society for Ecological Economics (INSEE)";Yes;Yes;0,186;Q4;9;22;66;757;42;48;0,67;34,41;39,29;1;India;Asiatic Region;"Indian Society for Ecological Economics (INSEE)";"2019-2026";"Forestry (Q3); Ecology (Q4); Ecology, Evolution, Behavior and Systematics (Q4); Economics and Econometrics (Q4); Global and Planetary Change (Q4); Nature and Landscape Conservation (Q4)";"Agricultural and Biological Sciences; Economics, Econometrics and Finance; Environmental Science"
634;21101061460;"Folia Malacologica";journal;"15067629, 23007125";"Association of Polish Malacologists";Yes;Yes;0,186;Q4;7;27;75;956;37;74;0,39;35,41;37,50;0;Poland;Eastern Europe;"Association of Polish Malacologists";"2019-2025";"Animal Science and Zoology (Q4); Ecology (Q4); Ecology, Evolution, Behavior and Systematics (Q4); Nature and Landscape Conservation (Q4)";"Agricultural and Biological Sciences; Environmental Science"
635;19600156812;"Hacquetia";journal;"15814661, 18549829";"De Gruyter Open Ltd";Yes;No;0,186;Q4;18;15;62;857;45;62;0,71;57,13;36,96;0;Poland;Eastern Europe;"De Gruyter Open Ltd";"2007-2025";"Ecology, Evolution, Behavior and Systematics (Q4); Forestry (Q4); Plant Science (Q4)";"Agricultural and Biological Sciences"
636;21100908543;"Journal of Fisheries and Environment";journal;"26300826, 26300702";"Faculty of Fisheries, Kasetsart University";No;No;0,186;Q4;9;30;93;1361;71;87;0,75;45,37;34,21;0;Thailand;Asiatic Region;"Faculty of Fisheries, Kasetsart University";"2017-2025";"Aquatic Science (Q4); Ecology (Q4); Ecology, Evolution, Behavior and Systematics (Q4)";"Agricultural and Biological Sciences; Environmental Science"
637;21101134535;"Journal of Tropical Plant Pests and Diseases";journal;"14117525, 24610399";"University of Lampung Faculty of Agriculture";Yes;No;0,186;Q4;12;20;60;588;40;60;0,78;29,40;41,82;0;Indonesia;Asiatic Region;"University of Lampung Faculty of Agriculture";"2001-2026";"Forestry (Q3); Agronomy and Crop Science (Q4); Ecology, Evolution, Behavior and Systematics (Q4); Insect Science (Q4)";"Agricultural and Biological Sciences"
638;21101028162;"Iranian Journal of Botany";journal;"1029788X, 23831685";"Research Institute of Forests and Rangelands of Iran";No;No;0,185;Q4;6;21;72;533;32;72;0,44;25,38;55,56;0;Iran;Middle East;"Research Institute of Forests and Rangelands of Iran";"2019-2025";"Ecology (Q4); Ecology, Evolution, Behavior and Systematics (Q4); Plant Science (Q4)";"Agricultural and Biological Sciences; Environmental Science"
639;21101041843;"Novosti Sistematiki Vysshikh Rastenii";journal;"05685443, 26871564";"Komarov Botanical Institute of the Russian Academy of Sciences";No;No;0,184;Q4;4;14;44;286;13;43;0,24;20,43;34,48;0;Russian Federation;Eastern Europe;"Komarov Botanical Institute of the Russian Academy of Sciences";"2019-2025";"Ecology, Evolution, Behavior and Systematics (Q4); Plant Science (Q4)";"Agricultural and Biological Sciences"
640;21100200406;"Tropical and Subtropical Agroecosystems";journal;"18700462";"Universidad Autonoma de Yucatan";Yes;No;0,184;Q4;24;104;365;5026;216;363;0,59;48,33;27,52;2;Mexico;Latin America;"Universidad Autonoma de Yucatan";"2011-2026";"Agricultural and Biological Sciences (miscellaneous) (Q3); Ecology (Q4); Ecology, Evolution, Behavior and Systematics (Q4)";"Agricultural and Biological Sciences; Environmental Science"
641;21101149189;"Revista Ciencias Marinas y Costeras";journal;"1659407X";"Universidad Nacional";Yes;Yes;0,183;Q4;4;8;35;259;17;35;0,50;32,38;22,73;0;Costa Rica;Latin America;"Universidad Nacional";"2019-2026";"Animal Science and Zoology (Q4); Aquatic Science (Q4); Ecology, Evolution, Behavior and Systematics (Q4); Environmental Science (miscellaneous) (Q4)";"Agricultural and Biological Sciences; Environmental Science"
642;19325;"Arab Gulf Journal of Scientific Research";journal;"25360051, 19859899";"Emerald Publishing";No;No;0,181;Q4;21;39;92;2147;78;84;1,32;55,05;35,29;0;United Kingdom;Western Europe;"Emerald Publishing";"1983-2026";"Agronomy and Crop Science (Q4); Ecology, Evolution, Behavior and Systematics (Q4); Education (Q4); Water Science and Technology (Q4)";"Agricultural and Biological Sciences; Environmental Science; Social Sciences"
643;19208;"Baltic Journal of Coleopterology";journal;"14078619";"Baltic Institute of Coleopterology";No;No;0,181;Q4;19;38;99;687;68;99;0,84;18,08;27,27;0;Latvia;Eastern Europe;"Baltic Institute of Coleopterology";"2003-2025";"Ecology, Evolution, Behavior and Systematics (Q4); Insect Science (Q4)";"Agricultural and Biological Sciences"
644;21100905329;"Journal of Phytology";journal;"20756240";"TathQeef Scientific Publishing";Yes;No;0,180;Q4;10;22;71;971;66;71;0,71;44,14;31,51;0;United Arab Emirates;Middle East;"TathQeef Scientific Publishing";"2019-2026";"Ecology, Evolution, Behavior and Systematics (Q4); Plant Science (Q4)";"Agricultural and Biological Sciences"
645;21100858516;"Philippine Journal of Systematic Biology";journal;"25080342, 19086865";"Association of Systematic Biologists of the Philippines";No;No;0,180;Q4;10;16;59;470;43;59;0,37;29,38;22,73;0;Philippines;Asiatic Region;"Association of Systematic Biologists of the Philippines";"2017-2025";"Ecology (Q4); Ecology, Evolution, Behavior and Systematics (Q4)";"Agricultural and Biological Sciences; Environmental Science"
646;4700152417;"Ornitologia Neotropical";journal;"10754377";"Neotropical Ornithological Society";No;No;0,179;Q4;27;27;77;941;31;77;0,32;34,85;33,33;0;United States;Northern America;"Neotropical Ornithological Society";"2005-2025";"Animal Science and Zoology (Q4); Ecology, Evolution, Behavior and Systematics (Q4)";"Agricultural and Biological Sciences"
647;18633;"Herba Polonica";journal;"24498343, 00180599";"Institute of Natural Fibres and Medicinal Plants - National Research Institute";Yes;Yes;0,178;Q4;14;26;78;1018;68;78;0,80;39,15;50,94;0;Poland;Eastern Europe;"Institute of Natural Fibres and Medicinal Plants - National Research Institute";"1973-1979, 2018-2025";"Complementary and Alternative Medicine (Q4); Ecology, Evolution, Behavior and Systematics (Q4); Pharmacology (Q4); Plant Science (Q4)";"Agricultural and Biological Sciences; Medicine; Pharmacology, Toxicology and Pharmaceutics"
648;21101041703;"Indian Journal of Entomology";journal;"03678288, 09748172";"The Entomological Society of India";No;No;0,178;Q4;11;274;583;6889;175;580;0,29;25,14;37,12;0;India;Asiatic Region;"The Entomological Society of India";"2019-2026";"Agronomy and Crop Science (Q4); Ecology (Q4); Ecology, Evolution, Behavior and Systematics (Q4); Insect Science (Q4)";"Agricultural and Biological Sciences; Environmental Science"
649;21101167591;"Chinese Journal of Wildlife";journal;"23101490";"";Yes;No;0,177;Q4;8;114;511;3388;177;507;0,37;29,72;36,29;0;China;Asiatic Region;"";"2019-2025";"Animal Science and Zoology (Q4); Biochemistry, Genetics and Molecular Biology (miscellaneous) (Q4); Ecology, Evolution, Behavior and Systematics (Q4); Nature and Landscape Conservation (Q4)";"Agricultural and Biological Sciences; Biochemistry, Genetics and Molecular Biology; Environmental Science"
650;21100873926;"Natural History Bulletin of the Siam Society";journal;"00809462";"Siam Society under Royal Patronage";No;No;0,176;Q4;10;6;8;198;8;6;0,00;33,00;22,22;0;Thailand;Asiatic Region;"Siam Society under Royal Patronage";"2008, 2011-2020, 2022-2024";"Ecology, Evolution, Behavior and Systematics (Q4)";"Agricultural and Biological Sciences"
651;21100980105;"Proceedings on Applied Botany, Genetics and Breeding";journal;"22278834, 26190982";"N.I. Vavilov All-Russian Institute of Plant Genetic Resources";Yes;Yes;0,176;Q4;8;93;243;2375;123;243;0,46;25,54;67,86;0;Russian Federation;Eastern Europe;"N.I. Vavilov All-Russian Institute of Plant Genetic Resources";"2017, 2019-2025";"Biochemistry (Q4); Biotechnology (Q4); Ecology, Evolution, Behavior and Systematics (Q4); Genetics (Q4); Molecular Biology (Q4); Physiology (Q4); Plant Science (Q4)";"Agricultural and Biological Sciences; Biochemistry, Genetics and Molecular Biology"
652;21100814514;"Forestry Ideas";journal;"13143905";"Lesotekhnicheski Universitet (University of Forestry)";Yes;No;0,174;Q4;7;27;124;938;48;124;0,30;34,74;37,68;0;Bulgaria;Eastern Europe;"Lesotekhnicheski Universitet (University of Forestry)";"2016-2026";"Ecology (Q4); Ecology, Evolution, Behavior and Systematics (Q4); Forestry (Q4); Nature and Landscape Conservation (Q4)";"Agricultural and Biological Sciences; Environmental Science"
653;19400157034;"West African Journal of Applied Ecology";journal;"08554307";"Ecological Laboratory";Yes;No;0,174;Q4;19;14;53;554;38;53;0,55;39,57;28,26;0;Ghana;Africa;"Ecological Laboratory";"2009-2025";"Ecology (Q4); Ecology, Evolution, Behavior and Systematics (Q4)";"Agricultural and Biological Sciences; Environmental Science"
654;21100967042;"Uludag Aricilik Dergisi";journal;"13030248, 26875594";"Bursa Uludag University";Yes;No;0,171;Q4;10;24;62;974;44;61;0,69;40,58;36,92;0;Turkey;Middle East;"Bursa Uludag University";"2019-2025";"Ecology, Evolution, Behavior and Systematics (Q4); Food Science (Q4); Insect Science (Q4)";"Agricultural and Biological Sciences"
655;21100863705;"American Entomologist";journal;"21559902, 10462821";"Oxford University Press";No;No;0,169;Q4;50;49;139;366;36;103;0,22;7,47;34,78;0;United Kingdom;Western Europe;"Oxford University Press";"1996-2025";"Ecology, Evolution, Behavior and Systematics (Q4); Insect Science (Q4)";"Agricultural and Biological Sciences"
656;21100199833;"Russian Journal of Theriology";journal;"16823559";"KMK Scientific Press";No;No;0,169;Q4;15;19;62;968;37;62;0,59;50,95;45,68;0;Russian Federation;Eastern Europe;"KMK Scientific Press";"2011-2025";"Animal Science and Zoology (Q4); Ecology, Evolution, Behavior and Systematics (Q4); Plant Science (Q4)";"Agricultural and Biological Sciences"
657;21100853547;"Ecologia Balkanica";journal;"13140213, 13139940";"Union of Scientists in Bulgaria - Plovdiv";Yes;No;0,167;Q4;8;52;160;2169;85;158;0,53;41,71;45,59;0;Bulgaria;Eastern Europe;"Union of Scientists in Bulgaria - Plovdiv";"2015, 2017-2025";"Ecology (Q4); Ecology, Evolution, Behavior and Systematics (Q4); Nature and Landscape Conservation (Q4)";"Agricultural and Biological Sciences; Environmental Science"
658;21100790117;"South-Western Journal of Horticulture, Biology and Environment";journal;"20687958, 20679874";"Editura Universitaria Craiova";Yes;No;0,166;Q4;9;9;29;423;16;29;0,21;47,00;52,17;0;Romania;Eastern Europe;"Editura Universitaria Craiova";"2016-2025";"Agronomy and Crop Science (Q4); Ecology (Q4); Ecology, Evolution, Behavior and Systematics (Q4); Plant Science (Q4); Soil Science (Q4)";"Agricultural and Biological Sciences; Environmental Science"
659;19700201460;"Sylvia";journal;"02317796";"Czech Society for Ornithology";No;No;0,165;Q4;7;8;25;549;6;22;0,28;68,63;29,17;0;Czech Republic;Eastern Europe;"Czech Society for Ornithology";"2010-2024";"Animal Science and Zoology (Q4); Ecology, Evolution, Behavior and Systematics (Q4); Nature and Landscape Conservation (Q4)";"Agricultural and Biological Sciences; Environmental Science"
660;19200157116;"Ornitologia Colombiana";journal;"17940915";"Asociacion Colombiana de Ornitologia";No;No;0,163;Q4;12;14;85;691;16;50;0,39;49,36;36,36;0;Colombia;Latin America;"Asociacion Colombiana de Ornitologia";"2009-2013, 2015-2017, 2019-2025";"Animal Science and Zoology (Q4); Ecology, Evolution, Behavior and Systematics (Q4)";"Agricultural and Biological Sciences"
661;11500153501;"Pan-American Journal of Aquatic Sciences";journal;"18099009";"Instituto de oceanografia";Yes;No;0,163;Q4;26;17;88;716;37;88;0,31;42,12;29,41;0;Brazil;Latin America;"Instituto de oceanografia";"2008-2025";"Aquatic Science (Q4); Ecology, Evolution, Behavior and Systematics (Q4)";"Agricultural and Biological Sciences"
662;24132;"American Malacological Bulletin";journal;"07402783";"American Malacological Society";No;No;0,162;Q4;39;7;23;348;8;23;0,33;49,71;26,67;0;United States;Northern America;"American Malacological Society";"1988, 1993-1994, 1996-2025";"Aquatic Science (Q4); Ecology, Evolution, Behavior and Systematics (Q4)";"Agricultural and Biological Sciences"
663;22240;"Human Biology";journal;"15346617, 00187143";"Wayne State University Press";No;No;0,162;Q4;62;22;48;1075;42;48;0,38;48,86;48,61;0;United States;Northern America;"Wayne State University Press";"1945-2023";"Ecology, Evolution, Behavior and Systematics (Q4); Genetics (Q4); Genetics (clinical) (Q4); Medicine (miscellaneous) (Q4)";"Agricultural and Biological Sciences; Biochemistry, Genetics and Molecular Biology; Medicine"
664;21101066399;"Pakistan Journal of Nematology";journal;"23131942, 02557576";"ResearchersLinks Ltd";No;No;0,160;Q4;8;20;58;801;29;58;0,63;40,05;41,18;1;United Kingdom;Western Europe;"ResearchersLinks Ltd";"2019-2025";"Agronomy and Crop Science (Q4); Animal Science and Zoology (Q4); Ecology, Evolution, Behavior and Systematics (Q4)";"Agricultural and Biological Sciences"
665;21100848431;"Russian Journal of Forest Science";journal;"00241148";"Izdatel'stvo Nauka";No;No;0,160;Q4;9;59;149;1929;67;148;0,48;32,69;45,61;0;Russian Federation;Eastern Europe;"Izdatel'stvo Nauka";"2017-2025";"Ecology (Q4); Ecology, Evolution, Behavior and Systematics (Q4); Forestry (Q4); Nature and Landscape Conservation (Q4)";"Agricultural and Biological Sciences; Environmental Science"
666;17287;"Botanica Complutensis";journal;"02144565, 19882874";"Universidad Complutense Madrid";Yes;Yes;0,158;Q4;14;5;40;422;15;39;0,27;84,40;44,44;0;Spain;Western Europe;"Universidad Complutense Madrid";"2001-2023";"Ecology, Evolution, Behavior and Systematics (Q4); Plant Science (Q4)";"Agricultural and Biological Sciences"
667;21860;"Great Plains Research";journal;"10525165";"Center for Great Plains Studies";No;No;0,157;Q4;24;9;41;249;16;38;0,46;27,67;66,67;0;United States;Northern America;"Center for Great Plains Studies";"1991, 1993-2024";"Ecology, Evolution, Behavior and Systematics (Q4); Geography, Planning and Development (Q4)";"Agricultural and Biological Sciences; Social Sciences"
668;18721;"Proceedings of the Academy of Natural Sciences of Philadelphia";journal;"00973157";"Academy of Natural Sciences of Philadelphia";No;No;0,156;Q4;24;0;19;0;12;19;0,00;0,00;0,00;0;United States;Northern America;"Academy of Natural Sciences of Philadelphia";"1972, 1976-1977, 1985, 1994-1995, 1997, 1999-2003, 2005-2006, 2010-2011, 2013-2020";"Ecology (Q4); Ecology, Evolution, Behavior and Systematics (Q4)";"Agricultural and Biological Sciences; Environmental Science"
669;24566;"Zoologicheskii Zhurnal";journal;"00445134";"Izdatel'stvo Nauka";No;No;0,156;Q4;23;105;308;4471;78;307;0,21;42,58;47,03;0;Russian Federation;Eastern Europe;"Izdatel'stvo Nauka";"1950-1951, 1982-1983, 1996-2025";"Ecology, Evolution, Behavior and Systematics (Q4)";"Agricultural and Biological Sciences"
670;21101045749;"Entomon";journal;"03779335";"";No;No;0,155;Q4;11;72;145;1576;33;144;0,22;21,89;29,73;0;India;Asiatic Region;"";"2012-2025";"Ecology, Evolution, Behavior and Systematics (Q4); Insect Science (Q4)";"Agricultural and Biological Sciences"
671;21101030126;"Journal of Tropical Life Science";journal;"20875517, 25274376";"Brawijaya University";Yes;No;0,155;Q4;10;60;120;2697;77;119;0,57;44,95;50,92;0;Indonesia;Asiatic Region;"Brawijaya University";"2019-2025";"Ecology (Q4); Ecology, Evolution, Behavior and Systematics (Q4); Insect Science (Q4); Molecular Biology (Q4); Plant Science (Q4)";"Agricultural and Biological Sciences; Biochemistry, Genetics and Molecular Biology; Environmental Science"
672;21100823285;"Polish Journal of Entomology";journal;"22999884, 00323780";"Index Copernicus International";Yes;No;0,155;Q4;9;5;45;194;25;45;0,63;38,80;18,18;0;Germany;Western Europe;"Index Copernicus International";"2017-2025";"Ecology, Evolution, Behavior and Systematics (Q4); Insect Science (Q4)";"Agricultural and Biological Sciences"
673;21101068177;"Borneo Journal of Resource Science and Technology";journal;"22299769, 01282972";"Universiti Malaysia Sarawak";Yes;Yes;0,152;Q4;7;34;73;1511;32;73;0,39;44,44;42,31;0;Malaysia;Asiatic Region;"Universiti Malaysia Sarawak";"2019-2025";"Animal Science and Zoology (Q4); Biochemistry (Q4); Biotechnology (Q4); Ecology (Q4); Ecology, Evolution, Behavior and Systematics (Q4); Forestry (Q4); Molecular Biology (Q4); Water Science and Technology (Q4)";"Agricultural and Biological Sciences; Biochemistry, Genetics and Molecular Biology; Environmental Science"
674;24895;"Southwestern Naturalist";journal;"00384909, 19436262";"Southwestern Association of Naturalists";No;No;0,152;Q4;38;22;71;1107;23;71;0,30;50,32;22,58;0;United States;Northern America;"Southwestern Association of Naturalists";"1979, 1981-1986, 1994-2025";"Ecology, Evolution, Behavior and Systematics (Q4)";"Agricultural and Biological Sciences"
675;86787;"Malayan Nature Journal";journal;"00251291";"Malaysian Nature Society";No;No;0,149;Q4;12;53;114;1459;29;111;0,21;27,53;45,24;0;Malaysia;Asiatic Region;"Malaysian Nature Society";"1977, 1982-1984, 2008-2015, 2017-2025";"Ecology, Evolution, Behavior and Systematics (Q4); Nature and Landscape Conservation (Q4)";"Agricultural and Biological Sciences; Environmental Science"
676;9300153115;"Wulfenia";journal;"1561882X";"Landesmuseum Karnten";No;No;0,149;Q4;15;0;51;0;19;51;0,19;0,00;0,00;0;Austria;Western Europe;"Landesmuseum Karnten";"2007-2022";"Ecology, Evolution, Behavior and Systematics (Q4); Plant Science (Q4)";"Agricultural and Biological Sciences"
677;21100836921;"Ecologia Mediterranea";journal;"17754100, 01538756";"Naturalia Publications";Yes;No;0,148;Q4;5;16;43;739;10;41;0,11;46,19;29,09;0;France;Western Europe;"Naturalia Publications";"2017-2024";"Ecology (Q4); Ecology, Evolution, Behavior and Systematics (Q4)";"Agricultural and Biological Sciences; Environmental Science"
678;5400152635;"Journal of the Entomological Research Society";journal;"26513579, 13020250";"Gazi Entomological Research Society";No;No;0,148;Q4;18;48;80;1911;33;80;0,39;39,81;29,49;1;Turkey;Middle East;"Gazi Entomological Research Society";"2007-2025";"Ecology, Evolution, Behavior and Systematics (Q4); Insect Science (Q4)";"Agricultural and Biological Sciences"
679;21101074774;"Folia Amazonica";journal;"24101184, 10185674";"Institute of Investigations of The Peruvian Amazon - IIAP";No;Yes;0,141;Q4;4;20;58;733;14;58;0,23;36,65;26,97;0;Peru;Latin America;"Institute of Investigations of The Peruvian Amazon - IIAP";"2019-2025";"Ecology (Q4); Ecology, Evolution, Behavior and Systematics (Q4); Forestry (Q4); Plant Science (Q4)";"Agricultural and Biological Sciences; Environmental Science"
680;21100241676;"Bulletin Mensuel de la Societe Linneenne de Lyon";journal;"03661326";"Societe Linneenne de Lyon";No;No;0,140;Q4;5;17;18;618;3;17;0,17;36,35;14,29;0;France;Western Europe;"Societe Linneenne de Lyon";"2008-2018, 2021-2024";"Animal Science and Zoology (Q4); Ecology, Evolution, Behavior and Systematics (Q4); Insect Science (Q4); Paleontology (Q4); Plant Science (Q4)";"Agricultural and Biological Sciences; Earth and Planetary Sciences"
681;21100220106;"Hidrobiologica";journal;"24487333, 01888897";"Universidad Autonoma Metropolitana";Yes;No;0,140;Q4;23;34;101;1703;34;101;0,28;50,09;43,09;0;Mexico;Latin America;"Universidad Autonoma Metropolitana";"2007-2025";"Aquatic Science (Q4); Ecology (Q4); Ecology, Evolution, Behavior and Systematics (Q4); Oceanography (Q4); Water Science and Technology (Q4)";"Agricultural and Biological Sciences; Earth and Planetary Sciences; Environmental Science"
682;145354;"Journal of Plant Resources and Environment";journal;"16747895, 10040978";"Editorial Office, Journal of Plant Resources and Environment";No;No;0,140;Q4;11;74;205;981;86;204;0,43;13,26;45,53;0;China;Asiatic Region;"Editorial Office, Journal of Plant Resources and Environment";"2005-2025";"Ecology, Evolution, Behavior and Systematics (Q4); Physiology (Q4); Plant Science (Q4)";"Agricultural and Biological Sciences; Biochemistry, Genetics and Molecular Biology"
683;26262;"Revue de Paleobiologie";journal;"16615468, 02536730";"Museum National d'Histoire Naturelle";Yes;No;0,139;Q4;39;8;8;672;4;8;0,00;84,00;11,11;0;France;Western Europe;"Museum National d'Histoire Naturelle";"1987, 1991-2024";"Ecology, Evolution, Behavior and Systematics (Q4); Paleontology (Q4)";"Agricultural and Biological Sciences; Earth and Planetary Sciences"
684;19206;"Journal of Bamboo and Rattan";journal;"09734449, 15691594";"KSCSTE- Kerala Forest Research Institute";No;No;0,135;Q4;19;9;32;286;12;32;0,29;31,78;12,00;0;India;Asiatic Region;"KSCSTE- Kerala Forest Research Institute";"2002-2007, 2009-2025";"Agronomy and Crop Science (Q4); Ecology, Evolution, Behavior and Systematics (Q4); Horticulture (Q4); Plant Science (Q4)";"Agricultural and Biological Sciences"
685;21100463095;"Acta Mycologica";journal;"2353074X, 0001625X";"Polish Botanical Society";Yes;No;0,134;Q4;11;12;39;567;15;36;0,30;47,25;57,14;0;Poland;Eastern Europe;"Polish Botanical Society";"2015-2025";"Ecology, Evolution, Behavior and Systematics (Q4); Plant Science (Q4)";"Agricultural and Biological Sciences"
686;21100930075;"Journal of Horticultural Sciences";journal;"0973354X, 25824899";"Society for Promotion of Horticulture";Yes;Yes;0,134;Q4;8;72;131;1555;42;131;0,27;21,60;35,88;0;India;Asiatic Region;"Society for Promotion of Horticulture";"2019-2025";"Ecology, Evolution, Behavior and Systematics (Q4); Horticulture (Q4); Plant Science (Q4)";"Agricultural and Biological Sciences"
687;36303;"Annals of Arid Zone";journal;"05701791";"Arid Zone Research Association of India";No;No;0,133;Q4;23;47;3;1168;1;3;0,00;24,85;41,51;1;India;Asiatic Region;"Arid Zone Research Association of India";"1976, 1978-1983, 1996-2014, 2016-2018, 2020, 2022-2024";"Agronomy and Crop Science (Q4); Animal Science and Zoology (Q4); Ecology, Evolution, Behavior and Systematics (Q4)";"Agricultural and Biological Sciences"
688;21100840444;"Contributii Botanice";journal;"00699616, 20673094";"Babes-Bolyai University, "Alexandru Borza" Botanic Garden";Yes;No;0,133;Q4;7;5;37;196;13;37;0,15;39,20;22,22;0;Romania;Eastern Europe;"Babes-Bolyai University, "Alexandru Borza" Botanic Garden";"2016-2025";"Ecology (Q4); Ecology, Evolution, Behavior and Systematics (Q4); Plant Science (Q4)";"Agricultural and Biological Sciences; Environmental Science"
689;19130;"International Journal on Algae";journal;"15219429";"Begell House Inc.";No;No;0,133;Q4;14;32;84;1315;22;83;0,34;41,09;56,25;0;United States;Northern America;"Begell House Inc.";"2004-2025";"Ecology, Evolution, Behavior and Systematics (Q4); Plant Science (Q4)";"Agricultural and Biological Sciences"
690;21100838736;"World Agriculture";journal;"20567979, 20437234";"Script Media Group Ltd";No;No;0,133;Q4;3;0;1;0;0;1;0,00;0,00;0,00;0;United Kingdom;Western Europe;"Script Media Group Ltd";"2017-2020";"Agronomy and Crop Science (Q4); Aquatic Science (Q4); Ecology (Q4); Ecology, Evolution, Behavior and Systematics (Q4); Forestry (Q4); Global and Planetary Change (Q4); Management, Monitoring, Policy and Law (Q4); Nature and Landscape Conservation (Q4)";"Agricultural and Biological Sciences; Environmental Science"
691;21100793179;"Indian Journal of Nematology";journal;"09744444, 03036960";"Nematological Society of India";No;No;0,131;Q4;7;22;91;690;27;86;0,32;31,36;27,91;0;India;Asiatic Region;"Nematological Society of India";"2016-2025";"Agronomy and Crop Science (Q4); Ecology, Evolution, Behavior and Systematics (Q4); Plant Science (Q4)";"Agricultural and Biological Sciences"
692;21100943942;"Phytopathogenic Mollicutes";journal;"22494669, 22494677";"Technology Society of Basic and Applied Sciences";No;No;0,131;Q4;9;87;78;1026;47;71;0,26;11,79;45,39;0;India;Asiatic Region;"Technology Society of Basic and Applied Sciences";"2019-2025";"Cell Biology (Q4); Ecology, Evolution, Behavior and Systematics (Q4); Infectious Diseases (Q4); Microbiology (medical) (Q4); Parasitology (Q4)";"Agricultural and Biological Sciences; Biochemistry, Genetics and Molecular Biology; Immunology and Microbiology; Medicine"
693;63118;"Yerbilimleri/ Earth Sciences";journal;"13012894, 26872978";"Hacettepe Universitesi Yerbilmleri";No;No;0,131;Q4;17;13;37;595;6;37;0,20;45,77;23,08;0;Turkey;Middle East;"Hacettepe Universitesi Yerbilmleri";"1980-1982, 1984, 1996-1999, 2001-2025";"Ecology, Evolution, Behavior and Systematics (Q4); Geology (Q4); Paleontology (Q4); Stratigraphy (Q4)";"Agricultural and Biological Sciences; Earth and Planetary Sciences"
694;12147;"Lundiana";journal;"16766180";"Lundiana";No;No;0,130;Q4;22;1;4;32;1;4;0,25;32,00;50,00;0;Brazil;Latin America;"Lundiana";"2003-2009, 2013, 2016, 2021-2023";"Ecology (Q4); Ecology, Evolution, Behavior and Systematics (Q4)";"Agricultural and Biological Sciences; Environmental Science"
695;21100206210;"Scopus: Journal of East African Ornithology";journal;"23131799, 02504162";"Bird Committee of the East Africa Natural History Society";Yes;No;0,130;Q4;7;9;52;126;13;35;0,29;14,00;15,38;0;Kenya;Africa;"Bird Committee of the East Africa Natural History Society";"2009-2011, 2013-2024";"Animal Science and Zoology (Q4); Ecology (Q4); Ecology, Evolution, Behavior and Systematics (Q4)";"Agricultural and Biological Sciences; Environmental Science"
696;23238;"Nautilus";journal;"00281344";"Bailey-Matthews Shell Museum";No;No;0,128;Q4;21;14;51;501;6;38;0,08;35,79;26,92;0;United States;Northern America;"Bailey-Matthews Shell Museum";"1966, 1996-2015, 2017-2026";"Aquatic Science (Q4); Ecology, Evolution, Behavior and Systematics (Q4)";"Agricultural and Biological Sciences"
697;21100930958;"Revista del Jardin Botanico Nacional";journal;"24105546, 02535696";"Universidad de La Habana";Yes;No;0,128;Q4;5;4;61;156;15;58;0,18;39,00;45,83;0;Cuba;Latin America;"Universidad de La Habana";"2019-2025";"Ecology (Q4); Ecology, Evolution, Behavior and Systematics (Q4); Plant Science (Q4)";"Agricultural and Biological Sciences; Environmental Science"
698;21101161055;"Entomologia Hellenica";journal;"24593885, 02545381";"National Documentation Centre";No;No;0,126;Q4;5;8;18;209;8;18;0,38;26,13;15,79;0;Greece;Western Europe;"National Documentation Centre";"2019-2026";"Agricultural and Biological Sciences (miscellaneous) (Q4); Agronomy and Crop Science (Q4); Ecology, Evolution, Behavior and Systematics (Q4); Insect Science (Q4)";"Agricultural and Biological Sciences"
699;21101056821;"Revista de Biologia Neotropical / Journal of Neotropical Biology";journal;"18079652, 21780579";"Universidade Federal De Goias (UFG)";Yes;Yes;0,125;Q4;3;8;39;398;12;38;0,42;49,75;47,83;0;Brazil;Latin America;"Universidade Federal De Goias (UFG)";"2019-2025";"Animal Science and Zoology (Q4); Ecology, Evolution, Behavior and Systematics (Q4); Genetics (Q4); Molecular Biology (Q4); Plant Science (Q4)";"Agricultural and Biological Sciences; Biochemistry, Genetics and Molecular Biology"
700;14960;"Zhurnal Obshchei Biologii";journal;"00444596";"Maik Nauka Publishing / Springer SBM";No;No;0,125;Q4;19;0;18;0;14;18;0,00;0,00;0,00;0;Russian Federation;Eastern Europe;"Maik Nauka Publishing / Springer SBM";"1945, 1947, 1949-1955, 1960-2016, 2018-2020";"Ecology, Evolution, Behavior and Systematics (Q4); Medicine (miscellaneous) (Q4)";"Agricultural and Biological Sciences; Medicine"
701;21101174377;"Rivista Italiana di Ornitologia";journal;"23850833, 00356875";"Page Press Publications";Yes;Yes;0,124;Q4;4;21;39;639;7;39;0,15;30,43;20,69;0;Italy;Western Europe;"Page Press Publications";"2019-2025";"Agricultural and Biological Sciences (miscellaneous) (Q4); Animal Science and Zoology (Q4); Ecology (Q4); Ecology, Evolution, Behavior and Systematics (Q4); Nature and Landscape Conservation (Q4)";"Agricultural and Biological Sciences; Environmental Science"
702;21101096350;"International Journal of Environmental Sciences (India) (discontinued)";journal;"09764402, 22297359";"Academic Science Publications and Distributions";No;No;0,120;Q4;5;10;13;298;4;13;0,50;29,80;41,38;0;India;Asiatic Region;"Academic Science Publications and Distributions";"2020-2024";"Ecology, Evolution, Behavior and Systematics (Q4); Environmental Science (miscellaneous) (Q4); Geology (Q4)";"Agricultural and Biological Sciences; Earth and Planetary Sciences; Environmental Science"
703;21100793198;"Analele Universitatii din Oradea, Fascicula Biologie";journal;"12245119, 18447589";"Universitatea din Oradea";Yes;No;0,119;Q4;6;16;87;848;17;87;0,15;53,00;58,82;0;Romania;Eastern Europe;"Universitatea din Oradea";"2016-2025";"Agronomy and Crop Science (Q4); Biotechnology (Q4); Ecology, Evolution, Behavior and Systematics (Q4); Genetics (Q4); Molecular Biology (Q4); Physiology (Q4); Plant Science (Q4)";"Agricultural and Biological Sciences; Biochemistry, Genetics and Molecular Biology"
704;21101140508;"International Journal of Experimental Research and Review (discontinued)";journal;"24554855";"";No;No;0,117;Q4;11;169;66;5791;30;66;0,55;34,27;36,63;0;India;Asiatic Region;"";"2019-2024";"Agricultural and Biological Sciences (miscellaneous) (Q4); Animal Science and Zoology (Q4); Ecology, Evolution, Behavior and Systematics (Q4); Environmental Science (miscellaneous) (Q4); Health, Toxicology and Mutagenesis (Q4); Multidisciplinary (Q4); Plant Science (Q4)";"Agricultural and Biological Sciences; Environmental Science; Multidisciplinary"
705;21100197731;"Revista Catalana d'Ornitologia";journal;"16974697, 23403764";"Institut Catala d'Ornitologia";No;Yes;0,117;Q4;8;9;24;268;4;20;0,18;29,78;23,33;0;Spain;Western Europe;"Institut Catala d'Ornitologia";"2011-2025";"Animal Science and Zoology (Q4); Ecology, Evolution, Behavior and Systematics (Q4)";"Agricultural and Biological Sciences"
706;19316;"Lindbergia";journal;"01050761";"";Yes;No;0,116;Q4;21;18;27;513;5;21;0,07;28,50;19,35;0;Norway;Western Europe;"";"1979, 1984, 1993-2008, 2010-2025";"Ecology, Evolution, Behavior and Systematics (Q4); Plant Science (Q4)";"Agricultural and Biological Sciences"
707;21100225849;"Geo-Eco-Marina";journal;"12246808, 22482776";"National Research and Development Institute for Marine Geology and Geoecology";Yes;No;0,112;Q4;13;6;40;173;7;40;0,22;28,83;45,00;0;Romania;Eastern Europe;"National Research and Development Institute for Marine Geology and Geoecology";"2011-2024";"Aquatic Science (Q4); Earth and Planetary Sciences (miscellaneous) (Q4); Ecology (Q4); Ecology, Evolution, Behavior and Systematics (Q4); Geography, Planning and Development (Q4)";"Agricultural and Biological Sciences; Earth and Planetary Sciences; Environmental Science; Social Sciences"
708;21100208016;"Stilt";journal;"07261888";"Australasian Wader Studies Group";No;No;0,107;Q4;8;0;33;0;3;25;0,09;0,00;0,00;0;Australia;Pacific Region;"Australasian Wader Studies Group";"2012-2018, 2020-2021, 2024";"Animal Science and Zoology (Q4); Ecology, Evolution, Behavior and Systematics (Q4)";"Agricultural and Biological Sciences"
709;21100903864;"Hunter Gatherer Research";journal;"20563264";"Liverpool University Press";No;No;0,106;Q4;12;14;45;1042;4;43;0,04;74,43;34,78;0;United Kingdom;Western Europe;"Liverpool University Press";"2016, 2018-2025";"Anthropology (Q4); Archeology (Q4); Archeology (arts and humanities) (Q4); Ecology, Evolution, Behavior and Systematics (Q4)";"Agricultural and Biological Sciences; Arts and Humanities; Social Sciences"
710;23323;"Japanese Journal of Ecology";journal;"2424127X, 00215007";"Tohoku University";Yes;No;0,106;Q4;15;8;61;279;4;51;0,06;34,88;13,64;0;Japan;Asiatic Region;"Tohoku University";"1979-2005, 2007-2011, 2013-2025";"Ecology (Q4); Ecology, Evolution, Behavior and Systematics (Q4)";"Agricultural and Biological Sciences; Environmental Science"
711;25445;"Texas Journal of Science";journal;"00404403";"Texas Academy of Science";No;No;0,106;Q4;18;9;28;240;6;27;0,13;26,67;39,13;0;United States;Northern America;"Texas Academy of Science";"1975, 1980, 1983, 1985, 1993-2010, 2012-2013, 2018-2025";"Ecology, Evolution, Behavior and Systematics (Q4)";"Agricultural and Biological Sciences"
712;21100893284;"Conservacion Colombiana";journal;"19001592";"Fundacion ProAves Carrera";No;No;0,105;Q4;3;5;6;117;1;6;0,17;23,40;25,00;0;Colombia;Latin America;"Fundacion ProAves Carrera";"2018, 2022-2025";"Ecology (Q4); Ecology, Evolution, Behavior and Systematics (Q4); Management, Monitoring, Policy and Law (Q4); Nature and Landscape Conservation (Q4)";"Agricultural and Biological Sciences; Environmental Science"
713;21100927905;"Quaker Studies";journal;"23971770, 1363013X";"Open Library of Humanities";Yes;Yes;0,101;Q4;2;16;38;539;2;33;0,04;33,69;27,78;0;United Kingdom;Western Europe;"Open Library of Humanities";"2018-2025";"Ecology, Evolution, Behavior and Systematics (Q4)";"Agricultural and Biological Sciences"
714;21100223157;"Brukenthal. Acta Musei";journal;"18422691";"Brukenthal National Museum";No;No;0,100;Q4;7;61;358;1635;8;358;0,02;26,80;58,82;0;Romania;Eastern Europe;"Brukenthal National Museum";"2012-2024";"Conservation (Q4); Ecology, Evolution, Behavior and Systematics (Q4); History (Q4); Museology (Q4); Paleontology (Q4); Visual Arts and Performing Arts (Q4)";"Agricultural and Biological Sciences; Arts and Humanities; Earth and Planetary Sciences"
715;21101304356;"Acta Botanica Boreali-Occidentalia Sinica";journal;"10004025";"Editorial Department of Acta Botanica Boreali-Occidentalia Sinica";No;No;;-;11;203;684;7255;607;684;0,94;35,74;45,25;0;China;Asiatic Region;"Editorial Department of Acta Botanica Boreali-Occidentalia Sinica";"2020-2024";"Ecology, Evolution, Behavior and Systematics; Plant Science";"Agricultural and Biological Sciences"
716;21101192678;"Animal Science and Genetics";journal;"27206076";"Polish Society of Animal Production";Yes;No;;-;6;30;27;1095;14;27;0,52;36,50;49,51;1;Poland;Eastern Europe;"Polish Society of Animal Production";"2022-2025";"Animal Science and Zoology; Ecology, Evolution, Behavior and Systematics; Food Science; Genetics";"Agricultural and Biological Sciences; Biochemistry, Genetics and Molecular Biology"
717;21101363388;"Aquatic Research";journal;"26186365";"Nuray ERKAN A–ZDEN";No;No;;-;8;26;64;960;48;64;0,75;36,92;25,00;0;Turkey;Middle East;"Nuray ERKAN A–ZDEN";"2021-2026";"Aquatic Science; Ecology; Ecology, Evolution, Behavior and Systematics; Food Science";"Agricultural and Biological Sciences; Environmental Science"
718;21101211211;"Asian Journal of Agriculture";journal;"25804537";"Smujo International";No;No;;-;7;16;33;590;28;33;1,00;36,88;47,73;0;Indonesia;Asiatic Region;"Smujo International";"2020-2026";"Agricultural and Biological Sciences (miscellaneous); Agronomy and Crop Science; Ecology, Evolution, Behavior and Systematics; Food Science";"Agricultural and Biological Sciences"
719;21101270125;"Auk";journal;"00048038";"Oxford University Press";No;No;;-;109;42;165;3041;283;161;1,52;72,40;36,36;2;United Kingdom;Western Europe;"Oxford University Press";"1935, 1938, 1940, 1945, 1947-1948, 1950-1952, 1954, 1965, 1968, 1970, 1973-1975, 1979-1980, 1982-1988, 1990-2026";"Animal Science and Zoology; Ecology, Evolution, Behavior and Systematics";"Agricultural and Biological Sciences"
720;21101207439;"Biologica Nyssana";journal;"22174478, 22174605";"University of Nis Faculty of Science and Mathematics";Yes;Yes;;-;5;12;54;447;15;54;0,31;37,25;54,00;0;Serbia;Eastern Europe;"University of Nis Faculty of Science and Mathematics";"2019-2025";"Animal Science and Zoology; Biochemistry, Genetics and Molecular Biology (miscellaneous); Ecology, Evolution, Behavior and Systematics; Plant Science";"Agricultural and Biological Sciences; Biochemistry, Genetics and Molecular Biology"
721;24816;"Bolleti de la Societat d'Historia Natural de les Balears";journal;"24448192, 0212260X";"Societat d'Historia Natural de les Balears";No;No;;-;13;18;46;602;15;46;0,33;33,44;22,86;0;Spain;Western Europe;"Societat d'Historia Natural de les Balears";"1992-1996, 2000-2012, 2014-2015, 2020-2025";"Ecology; Ecology, Evolution, Behavior and Systematics; Forestry; Geology; Insect Science";"Agricultural and Biological Sciences; Earth and Planetary Sciences; Environmental Science"
722;21101281544;"California Fish and Wildlife Journal";journal;"2689419X, 26894203";"Department of Fish and Game";Yes;No;;-;23;20;141;644;69;113;0,67;32,20;46,88;2;United States;Northern America;"Department of Fish and Game";"2020-2025";"Animal Science and Zoology; Ecology, Evolution, Behavior and Systematics";"Agricultural and Biological Sciences"
723;26789;"CCAMLR Science";journal;"10234063";"Comm. for the Conserv. of Antartic Marine Living Resources";No;No;;-;36;7;0;198;0;0;0,00;28,29;15,38;0;Australia;Pacific Region;"Comm. for the Conserv. of Antartic Marine Living Resources";"1996-1997, 1999-2016, 2023, 2025";"Aquatic Science; Ecology, Evolution, Behavior and Systematics";"Agricultural and Biological Sciences"
724;21101329143;"Contributions to Entomology";journal;"0005805X, 25116428";"Senckenberg Society for Natural Research, Senckenberg German Entomological Institute";Yes;No;;-;5;24;37;773;14;37;0,38;32,21;17,65;0;Germany;Western Europe;"Senckenberg Society for Natural Research, Senckenberg German Entomological Institute";"2021-2026";"Ecology, Evolution, Behavior and Systematics; History and Philosophy of Science; Insect Science";"Agricultural and Biological Sciences; Arts and Humanities"
725;21101180454;"Dental Anthropology";journal;"10969411, 2769822X";"Dental Anthropology Association";Yes;Yes;;-;5;5;16;267;8;15;0,55;53,40;33,33;0;United States;Northern America;"Dental Anthropology Association";"2018-2026";"Anthropology; Ecology, Evolution, Behavior and Systematics";"Agricultural and Biological Sciences; Social Sciences"
726;21101244204;"Discover Life";journal;"29482976";"Springer Science and Business Media B.V.";Yes;No;;-;76;10;41;655;85;40;2,13;65,50;32,00;0;Netherlands;Western Europe;"Springer Science and Business Media B.V.";"2024-2026";"Ecology, Evolution, Behavior and Systematics; Space and Planetary Science";"Agricultural and Biological Sciences; Earth and Planetary Sciences"
727;21101228881;"Ecological Frontiers";journal;"29505097";"Ecological Society of China";No;No;;-;46;166;229;10541;702;228;2,92;63,50;29,97;2;China;Asiatic Region;"Ecological Society of China";"2024-2026";"Ecology; Ecology, Evolution, Behavior and Systematics";"Agricultural and Biological Sciences; Environmental Science"
728;21101254067;"Ecopersia";journal;"23222700, 25382152";"Tarbiat Modares University";Yes;Yes;;-;6;28;56;1377;34;56;0,61;49,18;28,24;0;Iran;Middle East;"Tarbiat Modares University";"2015, 2021-2025";"Aquatic Science; Ecology, Evolution, Behavior and Systematics; Soil Science";"Agricultural and Biological Sciences"
729;21101149380;"Egyptian Journal of Agronomy";journal;"23570288, 03793575";"National Information and Documentation Centre";No;No;;-;6;20;15;790;6;15;0,40;39,50;36,96;0;Egypt;Africa/Middle East;"National Information and Documentation Centre";"2011-2026";"Agronomy and Crop Science; Ecology, Evolution, Behavior and Systematics; Food Science; Horticulture; Plant Science; Soil Science";"Agricultural and Biological Sciences"
730;21101183740;"Environmental Chemistry and Ecotoxicology";journal;"25901826";"KeAi Communications Co.";Yes;No;;-;35;25;74;1735;759;74;11,25;69,40;31,76;3;China;Asiatic Region;"KeAi Communications Co.";"2019-2026";"Ecology; Ecology, Evolution, Behavior and Systematics; Environmental Chemistry";"Agricultural and Biological Sciences; Environmental Science"
731;21101199904;"Farming System";journal;"29499119";"China Agricultural University";Yes;No;;-;14;29;0;1818;0;0;0,00;62,69;25,83;5;China;Asiatic Region;"China Agricultural University";"2023-2026";"Agricultural and Biological Sciences (miscellaneous); Agronomy and Crop Science; Ecology, Evolution, Behavior and Systematics; Soil Science";"Agricultural and Biological Sciences"
732;19700174638;"Freshwater Crayfish";journal;"20764324, 20764332";"International Association of Astacology";No;No;;-;16;6;30;288;37;30;0,79;48,00;37,50;0;United States;Northern America;"International Association of Astacology";"2008, 2010-2011, 2013-2017, 2019-2025";"Aquatic Science; Ecology, Evolution, Behavior and Systematics";"Agricultural and Biological Sciences"
733;21101289969;"Frontiers in Amphibian and Reptile Science";journal;"28136780";"Frontiers Media SA";Yes;No;;-;4;12;0;893;0;0;0,00;74,42;40,28;0;Switzerland;Western Europe;"Frontiers Media SA";"2023, 2025-2026";"Animal Science and Zoology; Ecology, Evolution, Behavior and Systematics; Nature and Landscape Conservation";"Agricultural and Biological Sciences; Environmental Science"
734;21101273213;"Hoehnea";journal;"00732877, 22368906";"SciELO-Scientific Electronic Library Online";Yes;Yes;;-;7;30;156;1216;85;156;0,57;40,53;51,81;0;Brazil;Latin America;"SciELO-Scientific Electronic Library Online";"2020-2025";"Agricultural and Biological Sciences (miscellaneous); Aquatic Science; Ecology, Evolution, Behavior and Systematics; Forestry";"Agricultural and Biological Sciences"
735;21101297190;"Innovation Life";journal;"29598761";"Innovation Press";Yes;No;;-;8;18;0;654;0;0;0,00;36,33;37,93;1;China;Asiatic Region;"Innovation Press";"2024-2026";"Agricultural and Biological Sciences (miscellaneous); Ecology, Evolution, Behavior and Systematics; Health Professions (miscellaneous)";"Agricultural and Biological Sciences; Health Professions"
736;21101241969;"Integrative Conservation";journal;"27709329";"John Wiley and Sons Inc";No;No;;-;8;23;6;1407;6;5;1,00;61,17;37,14;2;China;Asiatic Region;"John Wiley and Sons Inc";"2022-2026";"Agricultural and Biological Sciences (miscellaneous); Animal Science and Zoology; Ecology, Evolution, Behavior and Systematics; Plant Science";"Agricultural and Biological Sciences"
737;21101244200;"Iranian Journal of Animal Biosystematics";journal;"24234222, 1735434X";"Ferdowsi University of Mashhad";Yes;Yes;;-;3;12;46;466;12;45;0,26;38,83;44,12;0;Iran;Middle East;"Ferdowsi University of Mashhad";"2020-2025";"Animal Science and Zoology; Ecology, Evolution, Behavior and Systematics; Insect Science";"Agricultural and Biological Sciences"
738;21101187078;"Iranian Journal of Forest";journal;"20086113, 24234435";"Iranian Society of Forestry";Yes;No;;-;6;32;109;1253;52;109;0,58;39,16;21,33;0;Iran;Middle East;"Iranian Society of Forestry";"2019-2025";"Ecology, Evolution, Behavior and Systematics; Forestry";"Agricultural and Biological Sciences"
739;21101197197;"Journal of Biological Studies";journal;"22092560";"";No;No;;-;6;29;73;1064;31;73;0,42;36,69;54,55;0;Iran;Middle East;"";"2021-2025";"Agricultural and Biological Sciences (miscellaneous); Animal Science and Zoology; Aquatic Science; Ecology, Evolution, Behavior and Systematics";"Agricultural and Biological Sciences"
740;21101232728;"Journal of Fungal Research";journal;"16723538";"";No;No;;-;10;33;109;1772;65;109;0,61;53,70;36,43;0;China;Asiatic Region;"";"2020-2025";"Agricultural and Biological Sciences (miscellaneous); Ecology, Evolution, Behavior and Systematics; Horticulture; Microbiology";"Agricultural and Biological Sciences; Immunology and Microbiology"
741;21101283270;"Journal of Nuclear Agricultural Sciences";journal;"10008551";"Chinese Society of Nuclear Agricultural Sciences and Institute of Food Science and Technology, CAAS";No;No;;-;9;271;577;10088;346;577;0,60;37,23;43,28;0;China;Asiatic Region;"Chinese Society of Nuclear Agricultural Sciences and Institute of Food Science and Technology, CAAS";"2021-2026";"Agricultural and Biological Sciences (miscellaneous); Ecology, Evolution, Behavior and Systematics; Food Science";"Agricultural and Biological Sciences"
742;21100905326;"Journal of Survey in Fisheries Sciences (discontinued)";journal;"23687487";"Green Wave Publishing of Canada";Yes;No;;-;10;6;76;206;56;76;0,68;34,33;6,25;0;Canada;Northern America;"Green Wave Publishing of Canada";"2018-2023";"Aquatic Science; Ecology; Ecology, Evolution, Behavior and Systematics; Veterinary (miscellaneous)";"Agricultural and Biological Sciences; Environmental Science; Veterinary"
743;21101293999;"Journal of Tropical Biology and Conservation";journal;"18233902, 25501909";"Universiti Malaysia Sabah, Institute for Tropical Biology and Conservation";No;No;;-;4;18;38;744;17;36;0,45;41,33;36,54;1;Malaysia;Asiatic Region;"Universiti Malaysia Sabah, Institute for Tropical Biology and Conservation";"2021-2025";"Conservation; Ecology, Evolution, Behavior and Systematics; Environmental Science (miscellaneous); Geography, Planning and Development; Plant Science";"Agricultural and Biological Sciences; Arts and Humanities; Environmental Science; Social Sciences"
744;21101338459;"Journal of Watershed Management Research";journal;"22516174, 26764636";"Sari Agricultural Sciences and Natural Resources University";Yes;No;;-;5;24;91;941;28;91;0,31;39,21;25,97;0;Iran;Middle East;"Sari Agricultural Sciences and Natural Resources University";"2021-2025";"Ecology, Evolution, Behavior and Systematics; Global and Planetary Change; Soil Science; Water Science and Technology";"Agricultural and Biological Sciences; Environmental Science"
745;21101207443;"Jurnal Penelitian Kehutanan Wallacea";journal;"2302299X, 24077860";"Hasanuddin University Faculty of Forestry";Yes;No;;-;4;9;46;217;13;46;0,23;24,11;26,92;0;Indonesia;Asiatic Region;"Hasanuddin University Faculty of Forestry";"2020-2025";"Ecology, Evolution, Behavior and Systematics; Forestry; Nature and Landscape Conservation; Social Sciences (miscellaneous)";"Agricultural and Biological Sciences; Environmental Science; Social Sciences"
746;21101207442;"Larus - Godisnjak Zavoda za Ornitologiju Hrvatske Akademije Znanosti i Umjetnosti";journal;"18499198, 03505189";"Croatian Academy of Sciences and Arts";No;No;;-;1;3;0;53;0;0;0,00;17,67;50,00;0;Croatia;Eastern Europe;"Croatian Academy of Sciences and Arts";"1981, 2023-2025";"Animal Science and Zoology; Ecology, Evolution, Behavior and Systematics";"Agricultural and Biological Sciences"
747;21101387914;"Libellula";journal;"07236514";"The Society of German-speaking Odonatologists";No;No;;-;3;18;18;613;10;18;0,56;34,06;40,00;0;Germany;Western Europe;"The Society of German-speaking Odonatologists";"2021-2025";"Ecology; Ecology, Evolution, Behavior and Systematics; Insect Science; Nature and Landscape Conservation";"Agricultural and Biological Sciences; Environmental Science"
748;21101337321;"Life Research";journal;"26240548";"TMR Publishing Group";No;No;;-;5;21;67;1126;19;64;0,28;53,62;41,38;0;New Zealand;Pacific Region;"TMR Publishing Group";"2021-2026";"Biochemistry, Genetics and Molecular Biology (miscellaneous); Ecology, Evolution, Behavior and Systematics";"Agricultural and Biological Sciences; Biochemistry, Genetics and Molecular Biology"
749;21101267543;"Marine and Fishery Sciences";journal;"26837951";"National Institute of Fisheries Research and Development";Yes;Yes;;-;7;25;55;1266;44;52;0,95;50,64;41,46;2;Argentina;Latin America;"National Institute of Fisheries Research and Development";"2020-2026";"Animal Science and Zoology; Aquatic Science; Ecology, Evolution, Behavior and Systematics";"Agricultural and Biological Sciences"
750;21101301815;"Media Konservasi";journal;"02151677, 25026313";"Department of Forest Resources Conservation and Ecotourism, Faculty of Forestry,  IPB University";Yes;No;;-;5;36;44;1054;18;44;0,41;29,28;45,83;0;Indonesia;Asiatic Region;"Department of Forest Resources Conservation and Ecotourism, Faculty of Forestry,  IPB University";"2021-2026";"Ecology; Ecology, Evolution, Behavior and Systematics; Forestry; Nature and Landscape Conservation";"Agricultural and Biological Sciences; Environmental Science"
751;21101198721;"Natural and Engineering Sciences";journal;"24588989";"";Yes;No;;-;18;20;73;589;26;72;0,41;29,45;34,78;1;Turkey;Middle East;"";"2020-2026";"Agricultural and Biological Sciences (miscellaneous); Animal Science and Zoology; Biochemistry, Genetics and Molecular Biology (miscellaneous); Ecology, Evolution, Behavior and Systematics";"Agricultural and Biological Sciences; Biochemistry, Genetics and Molecular Biology"
752;21101188207;"Notas Sobre Mamiferos Sudamericanos";journal;"26184788";"SAREM Sociedad Argentina para el Estudio de los Mamiferos";No;No;;-;3;28;0;778;0;0;0,00;27,79;41,24;0;Argentina;Latin America;"SAREM Sociedad Argentina para el Estudio de los Mamiferos";"2023-2025";"Animal Science and Zoology; Ecology, Evolution, Behavior and Systematics";"Agricultural and Biological Sciences"
753;21101276709;"Ornithological Applications";journal;"27324621";"Oxford University Press";No;No;;-;19;46;96;3891;271;96;2,82;84,59;41,48;6;United Kingdom;Western Europe;"Oxford University Press";"2021-2025";"Animal Science and Zoology; Ecology, Evolution, Behavior and Systematics";"Agricultural and Biological Sciences"
754;21101230650;"Peer Community Journal";journal;"28043871";"Centre Mersenne";Yes;Yes;;-;16;122;153;9545;245;153;1,60;78,24;43,96;5;France;Western Europe;"Centre Mersenne";"2021-2026";"Agricultural and Biological Sciences (miscellaneous); Animal Science and Zoology; Ecology, Evolution, Behavior and Systematics; Genetics";"Agricultural and Biological Sciences; Biochemistry, Genetics and Molecular Biology"
755;21101270118;"Plant Protection (Iran)";journal;"25885936, 25885421";"Shahid Chamran University of Ahvaz";Yes;Yes;;-;5;42;91;1826;35;91;0,41;43,48;32,95;0;Iran;Middle East;"Shahid Chamran University of Ahvaz";"2020-2025";"Agricultural and Biological Sciences (miscellaneous); Animal Science and Zoology; Ecology, Evolution, Behavior and Systematics; Insect Science";"Agricultural and Biological Sciences"
756;21101193870;"Seed and Plant Journal";journal;"27834409";"Seed and Plant Improvement Research Institute";No;No;;-;4;22;72;697;18;72;0,13;31,68;17,78;0;Iran;Middle East;"Seed and Plant Improvement Research Institute";"2020-2025";"Agricultural and Biological Sciences (miscellaneous); Agronomy and Crop Science; Ecology, Evolution, Behavior and Systematics; Horticulture";"Agricultural and Biological Sciences"
757;21101215780;"Taxonomy and Biosystematics";journal;"23222190, 20088906";"University of Isfahan";Yes;Yes;;-;6;17;69;687;22;69;0,33;40,41;38,30;0;Iran;Middle East;"University of Isfahan";"2020-2026";"Ecology; Plant Science";"Agricultural and Biological Sciences; Environmental Science"
758;21101290845;"Theriologia Ukrainica";journal;"26171120, 26167379";"National Museum of Natural History of the National Academy of Sciences of Ukraine";Yes;No;;-;5;28;28;1069;11;28;0,39;38,18;35,14;0;Ukraine;Eastern Europe;"National Museum of Natural History of the National Academy of Sciences of Ukraine";"2022-2025";"Animal Science and Zoology; Ecology; Ecology, Evolution, Behavior and Systematics; Forestry";"Agricultural and Biological Sciences; Environmental Science"
759;57563;"Tropics";journal;"0917415X, 18825729";"Japan Society of Tropical Ecology";No;No;;-;9;10;31;453;26;30;0,62;45,30;22,86;0;Japan;Asiatic Region;"Japan Society of Tropical Ecology";"1997, 2019-2025";"Ecology; Ecology, Evolution, Behavior and Systematics; Nature and Landscape Conservation; Plant Science";"Agricultural and Biological Sciences; Environmental Science"
760;21101216645;"Turkish Journal of Agricultural Economics";journal;"13030183";"";No;No;;-;4;10;55;432;10;55;0,11;43,20;50,00;0;Turkey;Middle East;"";"2020-2025";"Agricultural and Biological Sciences (miscellaneous); Ecology, Evolution, Behavior and Systematics; Economics, Econometrics and Finance (miscellaneous)";"Agricultural and Biological Sciences; Economics, Econometrics and Finance"
761;21101345295;"Vegetation Ecology and Diversity";journal;"30331447";"Societa Italiana di Scienza della Vegetazione";Yes;No;;-;32;14;45;980;115;45;2,73;70,00;28,42;0;Italy;Western Europe;"Societa Italiana di Scienza della Vegetazione";"2025";"Ecology; Ecology, Evolution, Behavior and Systematics; Forestry; Plant Science";"Agricultural and Biological Sciences; Environmental Science"
