Rank;Sourceid;Title;Type;Issn;Publisher;Open Access;Open Access Diamond;SJR;SJR Quartile;H index;Total Docs. (2022);Total Docs. (3years);Total Refs.;Total Citations (3years);Citable Docs. (3years);Citations / Doc. (2years);Ref. / Doc.;%Female;Overton;Country;Region;Publisher;Coverage;Categories;Areas
1;21100873499;"Nature Sustainability";journal;"23989629";"Nature Publishing Group";Yes;No;6,568;Q1;174;177;555;6779;10889;379;20,30;38,30;32,39;74;United Kingdom;Western Europe;"Nature Publishing Group";"2018-2026";"Ecology (Q1); Food Science (Q1); Geography, Planning and Development (Q1); Global and Planetary Change (Q1); Management, Monitoring, Policy and Law (Q1); Nature and Landscape Conservation (Q1); Renewable Energy, Sustainability and the Environment (Q1); Urban Studies (Q1)";"Agricultural and Biological Sciences; Energy; Environmental Science; Social Sciences"
2;12442;"Progress in Human Geography";journal;"14770288, 03091325";"SAGE Publications Ltd";No;No;3,604;Q1;195;81;230;10061;2141;228;8,71;124,21;51,09;14;United Kingdom;Western Europe;"SAGE Publications Ltd";"1977-2026";"Geography, Planning and Development (Q1)";"Social Sciences"
3;29161;"ISPRS Journal of Photogrammetry and Remote Sensing";journal;"09242716";"Elsevier B.V.";No;No;3,308;Q1;221;260;736;17904;10925;731;14,32;68,86;28,91;15;Netherlands;Western Europe;"Elsevier B.V.";"1989-2026";"Atomic and Molecular Physics, and Optics (Q1); Computer Science Applications (Q1); Computers in Earth Sciences (Q1); Engineering (miscellaneous) (Q1); Geography, Planning and Development (Q1)";"Computer Science; Earth and Planetary Sciences; Engineering; Physics and Astronomy; Social Sciences"
4;14813;"Journal of Travel Research";journal;"15526763, 00472875";"SAGE Publications Ltd";No;No;3,249;Q1;193;115;295;9939;3239;284;10,35;86,43;39,29;16;United Kingdom;Western Europe;"SAGE Publications Ltd";"1969-2026";"Geography, Planning and Development (Q1); Tourism, Leisure and Hospitality Management (Q1); Transportation (Q1)";"Business, Management and Accounting; Social Sciences"
5;19900191605;"Wiley Interdisciplinary Reviews: Climate Change";journal;"17577799, 17577780";"John Wiley &amp; Sons Inc.";No;No;2,972;Q1;142;55;162;6689;1930;158;10,82;121,62;45,36;33;United States;Northern America;"John Wiley &amp; Sons Inc.";"2010-2026";"Atmospheric Science (Q1); Geography, Planning and Development (Q1); Global and Planetary Change (Q1)";"Earth and Planetary Sciences; Environmental Science; Social Sciences"
6;14811;"Journal of Sustainable Tourism";journal;"09669582, 17477646";"Taylor and Francis Ltd.";No;No;2,966;Q1;168;133;337;10809;4631;334;13,70;81,27;49,86;24;United Kingdom;Western Europe;"Taylor and Francis Ltd.";"1993-2026";"Geography, Planning and Development (Q1); Tourism, Leisure and Hospitality Management (Q1)";"Business, Management and Accounting; Social Sciences"
7;36483;"Global Environmental Change";journal;"09593780, 18729495";"Elsevier Ltd";No;No;2,945;Q1;255;141;411;11646;4292;399;9,39;82,60;40,63;82;United Kingdom;Western Europe;"Elsevier Ltd";"1990-2026";"Ecology (Q1); Geography, Planning and Development (Q1); Global and Planetary Change (Q1); Management, Monitoring, Policy and Law (Q1)";"Environmental Science; Social Sciences"
8;23406;"Business Strategy and the Environment";journal;"10990836, 09644733";"John Wiley and Sons Ltd";No;No;2,870;Q1;199;219;618;19542;8261;614;12,66;89,23;37,19;44;United Kingdom;Western Europe;"John Wiley and Sons Ltd";"1992-2026";"Business and International Management (Q1); Geography, Planning and Development (Q1); Management, Monitoring, Policy and Law (Q1); Strategy and Management (Q1)";"Business, Management and Accounting; Environmental Science; Social Sciences"
9;21203;"Long Range Planning";journal;"00246301, 18731872";"Elsevier Ltd";No;No;2,852;Q1;142;66;156;7680;1419;151;7,76;116,36;34,78;3;United Kingdom;Western Europe;"Elsevier Ltd";"1968-2026";"Finance (Q1); Geography, Planning and Development (Q1); Strategy and Management (Q1)";"Business, Management and Accounting; Economics, Econometrics and Finance; Social Sciences"
10;16544;"Tourism Geographies";journal;"14701340, 14616688";"Routledge";No;No;2,596;Q1;105;55;162;3817;2514;150;19,56;69,40;50,00;7;United Kingdom;Western Europe;"Routledge";"1999-2026";"Geography, Planning and Development (Q1); Tourism, Leisure and Hospitality Management (Q1)";"Business, Management and Accounting; Social Sciences"
11;13934;"Journal of the American Planning Association";journal;"01944363";"Taylor and Francis Ltd.";No;No;2,572;Q1;125;53;161;2976;762;106;4,78;56,15;47,06;24;United Kingdom;Western Europe;"Taylor and Francis Ltd.";"1935-2026";"Development (Q1); Geography, Planning and Development (Q1); Urban Studies (Q1)";"Social Sciences"
12;27470;"Antipode";journal;"00664812, 14678330";"Wiley-Blackwell Publishing Ltd";No;No;2,504;Q1;136;87;257;6976;1486;257;5,65;80,18;49,64;15;United Kingdom;Western Europe;"Wiley-Blackwell Publishing Ltd";"1969-2026";"Earth-Surface Processes (Q1); Geography, Planning and Development (Q1)";"Earth and Planetary Sciences; Social Sciences"
13;30060;"World Development";journal;"0305750X, 18735991";"Elsevier B.V.";No;No;2,504;Q1;249;307;1074;23059;8054;968;7,23;75,11;42,57;192;United Kingdom;Western Europe;"Elsevier B.V.";"1973-2026";"Development (Q1); Economics and Econometrics (Q1); Geography, Planning and Development (Q1); Sociology and Political Science (Q1)";"Economics, Econometrics and Finance; Social Sciences"
14;15111;"Progress in Planning";journal;"03059006";"Elsevier Ltd";No;No;2,391;Q1;64;12;28;1961;212;28;6,70;163,42;54,84;5;United Kingdom;Western Europe;"Elsevier Ltd";"1973-2026";"Geography, Planning and Development (Q1)";"Social Sciences"
15;21100465422;"Dialogues in Human Geography";journal;"20438206, 20438214";"SAGE Publications Inc.";No;No;2,375;Q1;60;67;183;1899;840;32;5,19;28,34;51,85;3;United Kingdom;Western Europe;"SAGE Publications Inc.";"2011-2026";"Geography, Planning and Development (Q1)";"Social Sciences"
16;19700194105;"Sustainable Cities and Society";journal;"22106715, 22106707";"Elsevier Ltd";No;No;2,305;Q1;184;802;2064;55677;25788;2063;12,77;69,42;33,40;94;United Kingdom;Western Europe;"Elsevier Ltd";"2011-2026";"Civil and Structural Engineering (Q1); Geography, Planning and Development (Q1); Renewable Energy, Sustainability and the Environment (Q1); Transportation (Q1)";"Energy; Engineering; Social Sciences"
17;21100205751;"Journal of Public Transportation";journal;"1077291X, 23750901";"Elsevier B.V.";Yes;No;2,118;Q1;41;30;15;1337;167;15;11,13;44,57;21,05;3;Netherlands;Western Europe;"Elsevier B.V.";"1996, 2006-2007, 2009-2018, 2020-2026";"Geography, Planning and Development (Q1); Transportation (Q1); Urban Studies (Q1)";"Social Sciences"
18;28324;"Current Issues in Tourism";journal;"17477603, 13683500";"Routledge";No;No;2,062;Q1;135;272;649;15993;5978;486;9,11;58,80;38,26;29;United Kingdom;Western Europe;"Routledge";"1998-2026";"Geography, Planning and Development (Q1); Tourism, Leisure and Hospitality Management (Q1)";"Business, Management and Accounting; Social Sciences"
19;14424;"European Societies";journal;"14616696, 14698307";"Routledge";Yes;No;2,060;Q1;64;27;154;1585;1193;144;8,65;58,70;40,00;11;United Kingdom;Western Europe;"Routledge";"2001, 2005-2025";"Demography (Q1); Geography, Planning and Development (Q1)";"Social Sciences"
20;13274;"Environment and Planning D: Society and Space";journal;"02637758, 14723433";"SAGE Publications Inc.";No;No;2,015;Q1;140;63;191;4321;996;185;4,26;68,59;56,12;5;United Kingdom;Western Europe;"SAGE Publications Inc.";"1983-2026";"Environmental Science (miscellaneous) (Q1); Geography, Planning and Development (Q1)";"Environmental Science; Social Sciences"
21;21100218523;"Ecosystem Services";journal;"22120416";"Elsevier B.V.";No;No;1,956;Q1;136;113;481;9909;3872;469;7,78;87,69;41,55;54;Netherlands;Western Europe;"Elsevier B.V.";"2012-2026";"Agricultural and Biological Sciences (miscellaneous) (Q1); Ecology (Q1); Geography, Planning and Development (Q1); Global and Planetary Change (Q1); Management, Monitoring, Policy and Law (Q1); Nature and Landscape Conservation (Q1)";"Agricultural and Biological Sciences; Environmental Science; Social Sciences"
22;22750;"Journal of Economic Geography";journal;"14682702, 14682710";"Oxford University Press";No;No;1,953;Q1;132;48;122;2535;640;121;2,74;52,81;31,53;36;United Kingdom;Western Europe;"Oxford University Press";"2001-2025";"Economics and Econometrics (Q1); Geography, Planning and Development (Q1)";"Economics, Econometrics and Finance; Social Sciences"
23;21100265617;"Weather and Climate Extremes";journal;"22120947";"Elsevier B.V.";Yes;No;1,941;Q1;79;107;187;7205;1543;186;8,03;67,34;30,80;30;Netherlands;Western Europe;"Elsevier B.V.";"2013-2026";"Atmospheric Science (Q1); Geography, Planning and Development (Q1); Management, Monitoring, Policy and Law (Q1)";"Earth and Planetary Sciences; Environmental Science; Social Sciences"
24;4400151522;"Planning Theory";journal;"17413052, 14730952";"SAGE Publications Ltd";No;No;1,911;Q1;74;20;77;1358;284;63;3,16;67,90;37,04;2;United Kingdom;Western Europe;"SAGE Publications Ltd";"2002-2026";"Geography, Planning and Development (Q1)";"Social Sciences"
25;21101034454;"Geography and Sustainability";journal;"20967438, 26666839";"Beijing Normal University Press";Yes;No;1,898;Q1;44;37;72;2369;773;70;10,74;64,03;32,85;3;China;Asiatic Region;"Beijing Normal University Press";"2020-2026";"Earth-Surface Processes (Q1); Ecology (Q1); Geography, Planning and Development (Q1); Nature and Landscape Conservation (Q1)";"Earth and Planetary Sciences; Environmental Science; Social Sciences"
26;21100248909;"Tourism Review";journal;"17598451, 16605373";"Emerald Group Publishing Ltd.";No;No;1,878;Q1;82;83;266;5701;3129;260;12,01;68,69;41,20;0;United Kingdom;Western Europe;"Emerald Group Publishing Ltd.";"2001-2026";"Geography, Planning and Development (Q1); Tourism, Leisure and Hospitality Management (Q1)";"Business, Management and Accounting; Social Sciences"
27;5700168527;"Sustainability: Science, Practice, and Policy";journal;"15487733";"Taylor and Francis Ltd.";Yes;No;1,856;Q1;46;57;70;3849;774;68;11,42;67,53;52,50;21;United States;Northern America;"Taylor and Francis Ltd.";"2009-2026";"Environmental Science (miscellaneous) (Q1); Geography, Planning and Development (Q1)";"Environmental Science; Social Sciences"
28;29295;"Journal of Transport Geography";journal;"09666923";"Elsevier B.V.";No;No;1,852;Q1;165;192;708;11230;4710;707;6,41;58,49;31,95;44;United Kingdom;Western Europe;"Elsevier B.V.";"1993-2026";"Environmental Science (miscellaneous) (Q1); Geography, Planning and Development (Q1); Transportation (Q1)";"Environmental Science; Social Sciences"
29;20838;"Transport Policy";journal;"1879310X, 0967070X";"Elsevier Ltd";No;No;1,852;Q1;144;280;632;16621;4801;623;7,84;59,36;31,44;74;United Kingdom;Western Europe;"Elsevier Ltd";"1993-2026";"Geography, Planning and Development (Q1); Law (Q1); Transportation (Q1)";"Social Sciences"
30;28092;"Economic Geography";journal;"00130095, 19448287";"Routledge";No;No;1,833;Q1;106;20;63;1542;398;60;5,15;77,10;26,42;10;United Kingdom;Western Europe;"Routledge";"1972, 1974, 1978-1985, 1987-2026";"Economics and Econometrics (Q1); Geography, Planning and Development (Q1)";"Economics, Econometrics and Finance; Social Sciences"
31;24034;"Democratization";journal;"13510347, 1743890X";"Taylor and Francis Ltd.";No;No;1,785;Q1;83;74;227;4293;900;225;3,75;58,01;40,32;19;United Kingdom;Western Europe;"Taylor and Francis Ltd.";"1994-2026";"Geography, Planning and Development (Q1); Political Science and International Relations (Q1)";"Social Sciences"
32;22704;"Ambio";journal;"16547209, 00447447";"Springer Science and Business Media B.V.";No;No;1,769;Q1;171;196;480;13045;3295;429;6,89;66,56;39,45;87;Netherlands;Western Europe;"Springer Science and Business Media B.V.";"1973-2026";"Ecology (Q1); Environmental Chemistry (Q1); Geography, Planning and Development (Q1); Medicine (miscellaneous) (Q1)";"Environmental Science; Medicine; Social Sciences"
33;13930;"Journal of Planning Literature";journal;"08854122, 15526593";"SAGE Publications Inc.";No;No;1,720;Q1;77;18;49;1886;293;47;5,67;104,78;34,21;5;United States;Northern America;"SAGE Publications Inc.";"1985-2026";"Geography, Planning and Development (Q1)";"Social Sciences"
34;29655;"Urban Geography";journal;"02723638, 19382847";"Routledge";No;No;1,688;Q1;100;90;260;5547;1183;252;4,34;61,63;45,26;14;United Kingdom;Western Europe;"Routledge";"1980-2026";"Geography, Planning and Development (Q1); Urban Studies (Q1)";"Social Sciences"
35;21536;"Environmental Science and Policy";journal;"18736416, 14629011";"Elsevier Ltd";No;No;1,678;Q1;173;321;752;24092;5381;732;6,60;75,05;45,26;131;United Kingdom;Western Europe;"Elsevier Ltd";"1998-2026";"Geography, Planning and Development (Q1); Management, Monitoring, Policy and Law (Q1)";"Environmental Science; Social Sciences"
36;14500;"Land Use Policy";journal;"02648377";"Elsevier Ltd";No;No;1,656;Q1;186;551;1936;41714;14611;1932;7,32;75,71;38,16;145;United Kingdom;Western Europe;"Elsevier Ltd";"1984-2026";"Forestry (Q1); Geography, Planning and Development (Q1); Management, Monitoring, Policy and Law (Q1); Nature and Landscape Conservation (Q1)";"Agricultural and Biological Sciences; Environmental Science; Social Sciences"
37;21100463801;"Annals of the American Association of Geographers";journal;"24694460, 24694452";"Taylor and Francis Ltd.";No;No;1,654;Q1;156;151;370;10684;1954;366;4,98;70,75;41,93;19;United Kingdom;Western Europe;"Taylor and Francis Ltd.";"2016-2026";"Earth-Surface Processes (Q1); Geography, Planning and Development (Q1)";"Earth and Planetary Sciences; Social Sciences"
38;21100943534;"Transportation Research Interdisciplinary Perspectives";journal;"25901982";"Elsevier Ltd";Yes;No;1,629;Q1;68;199;461;11097;3666;456;8,70;55,76;34,04;49;United Kingdom;Western Europe;"Elsevier Ltd";"2019-2026";"Automotive Engineering (Q1); Civil and Structural Engineering (Q1); Environmental Science (miscellaneous) (Q1); Geography, Planning and Development (Q1); Management Science and Operations Research (Q1); Transportation (Q1); Urban Studies (Q1)";"Decision Sciences; Engineering; Environmental Science; Social Sciences"
39;29032;"New Political Economy";journal;"14699923, 13563467";"Routledge";No;No;1,595;Q1;85;67;186;4780;840;185;5,16;71,34;33,64;27;United Kingdom;Western Europe;"Routledge";"1996-2026";"Development (Q1); Geography, Planning and Development (Q1); Political Science and International Relations (Q1)";"Social Sciences"
40;13272;"Environment and Planning A";journal;"14723409, 0308518X";"SAGE Publications Ltd";No;No;1,588;Q1;171;97;344;6093;1529;327;4,86;62,81;35,23;0;United Kingdom;Western Europe;"SAGE Publications Ltd";"1973-2026";"Environmental Science (miscellaneous) (Q1); Geography, Planning and Development (Q1)";"Environmental Science; Social Sciences"
41;26874;"Building and Environment";journal;"03601323";"Elsevier B.V.";No;No;1,584;Q1;237;1128;2210;70571;18470;2200;7,98;62,56;34,64;83;United Kingdom;Western Europe;"Elsevier B.V.";"1976-2026";"Building and Construction (Q1); Civil and Structural Engineering (Q1); Environmental Engineering (Q1); Geography, Planning and Development (Q1)";"Engineering; Environmental Science; Social Sciences"
42;21100316002;"Travel Behaviour and Society";journal;"2214367X";"Elsevier B.V.";No;No;1,584;Q1;67;102;252;6814;1579;247;5,90;66,80;35,99;27;Netherlands;Western Europe;"Elsevier B.V.";"2014-2026";"Geography, Planning and Development (Q1); Transportation (Q1)";"Social Sciences"
43;23269;"Computers, Environment and Urban Systems";journal;"01989715";"Elsevier Ltd";No;No;1,567;Q1;128;104;326;7144;2547;326;7,48;68,69;31,78;16;United Kingdom;Western Europe;"Elsevier Ltd";"1980-1986, 1988-2026";"Ecological Modeling (Q1); Environmental Science (miscellaneous) (Q1); Geography, Planning and Development (Q1); Urban Studies (Q1)";"Environmental Science; Social Sciences"
44;15039;"African Affairs";journal;"00019909, 14682621";"Oxford University Press";No;No;1,565;Q1;93;33;86;2217;274;86;2,74;67,18;42,22;18;United Kingdom;Western Europe;"Oxford University Press";"1901-2025";"Geography, Planning and Development (Q1); Sociology and Political Science (Q1)";"Social Sciences"
45;29214;"Transactions of the Institute of British Geographers";journal;"00202754, 14755661";"Wiley-Blackwell Publishing Ltd";No;No;1,544;Q1;141;79;205;6429;877;201;3,94;81,38;49,32;9;United Kingdom;Western Europe;"Wiley-Blackwell Publishing Ltd";"1976-2026";"Earth-Surface Processes (Q1); Geography, Planning and Development (Q1)";"Earth and Planetary Sciences; Social Sciences"
46;5400152621;"Sustainability Science";journal;"18624065, 18624057";"Springer";No;No;1,535;Q1;109;169;387;12482;2948;369;6,56;73,86;46,22;83;Japan;Asiatic Region;"Springer";"2006-2026";"Ecology (Q1); Geography, Planning and Development (Q1); Global and Planetary Change (Q1); Health (social science) (Q1); Management, Monitoring, Policy and Law (Q1); Nature and Landscape Conservation (Q1); Sociology and Political Science (Q1)";"Environmental Science; Social Sciences"
47;23972;"Landscape Ecology";journal;"15729761, 09212973";"Springer Science and Business Media B.V.";No;No;1,471;Q1;162;190;571;15338;3246;557;5,60;80,73;34,49;31;Netherlands;Western Europe;"Springer Science and Business Media B.V.";"1987-2026";"Ecology (Q1); Geography, Planning and Development (Q1); Nature and Landscape Conservation (Q1)";"Environmental Science; Social Sciences"
48;29102;"Health and Place";journal;"18732054, 13538292";"Elsevier Ltd";No;No;1,448;Q1;153;177;528;12083;2885;519;4,87;68,27;58,31;40;United Kingdom;Western Europe;"Elsevier Ltd";"1995-2026";"Geography, Planning and Development (Q1); Health (social science) (Q1); Life-span and Life-course Studies (Q1); Public Health, Environmental and Occupational Health (Q1); Sociology and Political Science (Q1)";"Medicine; Social Sciences"
49;21101063742;"Earth System Governance";journal;"25898116";"Elsevier B.V.";Yes;No;1,376;Q1;29;32;63;2807;419;51;5,91;87,72;52,85;11;Netherlands;Western Europe;"Elsevier B.V.";"2019-2026";"Geography, Planning and Development (Q1); Global and Planetary Change (Q1); Management, Monitoring, Policy and Law (Q1); Political Science and International Relations (Q1); Social Sciences (miscellaneous) (Q1)";"Environmental Science; Social Sciences"
50;21004;"Environmental Impact Assessment Review";journal;"01959255";"Elsevier Inc.";No;No;1,362;Q1;134;194;344;13192;2662;344;8,31;68,00;42,11;35;United States;Northern America;"Elsevier Inc.";"1980-1983, 1985-2026";"Ecology (Q1); Geography, Planning and Development (Q1); Management, Monitoring, Policy and Law (Q1)";"Environmental Science; Social Sciences"
51;22857;"Political Geography";journal;"09626298";"Elsevier B.V.";No;No;1,354;Q1;127;219;400;15309;1583;362;4,11;69,90;43,16;38;United Kingdom;Western Europe;"Elsevier B.V.";"1983, 1992-2026";"Geography, Planning and Development (Q1); History (Q1); Sociology and Political Science (Q1)";"Arts and Humanities; Social Sciences"
52;21100899442;"Comparative Migration Studies";journal;"2214594X";"SpringerOpen";Yes;No;1,340;Q1;45;46;150;2629;613;126;3,39;57,15;52,38;19;Switzerland;Western Europe;"SpringerOpen";"2013-2026";"Demography (Q1); Geography, Planning and Development (Q1); Law (Q1); Sociology and Political Science (Q1); Statistics, Probability and Uncertainty (Q1)";"Decision Sciences; Social Sciences"
53;21100198541;"Climate and Development";journal;"17565529, 17565537";"Taylor and Francis Ltd.";No;No;1,318;Q1;72;73;234;5602;1274;228;4,84;76,74;39,15;41;United Kingdom;Western Europe;"Taylor and Francis Ltd.";"2009-2026";"Development (Q1); Geography, Planning and Development (Q1); Global and Planetary Change (Q1)";"Environmental Science; Social Sciences"
54;15673;"Journal of Rural Studies";journal;"07430167";"Elsevier Ltd";No;No;1,316;Q1;156;295;738;21851;4364;733;5,32;74,07;47,62;87;United Kingdom;Western Europe;"Elsevier Ltd";"1985-2026";"Development (Q1); Forestry (Q1); Geography, Planning and Development (Q1); Sociology and Political Science (Q1)";"Agricultural and Biological Sciences; Social Sciences"
55;28040;"International Journal of Geographical Information Science";journal;"13658816, 13658824";"Taylor and Francis Ltd.";No;No;1,315;Q1;149;104;328;5463;2155;316;6,76;52,53;32,48;4;United Kingdom;Western Europe;"Taylor and Francis Ltd.";"1997-2026";"Geography, Planning and Development (Q1); Information Systems (Q1); Library and Information Sciences (Q1)";"Computer Science; Social Sciences"
56;12300154722;"International Journal of Tourism Research";journal;"10992340, 15221970";"John Wiley and Sons Ltd";No;No;1,298;Q1;96;67;220;4731;1190;219;4,98;70,61;32,58;4;United Kingdom;Western Europe;"John Wiley and Sons Ltd";"2008-2026";"Geography, Planning and Development (Q1); Nature and Landscape Conservation (Q1); Tourism, Leisure and Hospitality Management (Q1); Transportation (Q1)";"Business, Management and Accounting; Environmental Science; Social Sciences"
57;21100826425;"Environment and Planning C: Politics and Space";journal;"23996552, 23996544";"SAGE Publications Ltd";No;No;1,253;Q1;93;93;271;6507;904;261;2,66;69,97;49,18;18;United Kingdom;Western Europe;"SAGE Publications Ltd";"2017-2026";"Environmental Science (miscellaneous) (Q1); Geography, Planning and Development (Q1); Management, Monitoring, Policy and Law (Q1); Public Administration (Q1)";"Environmental Science; Social Sciences"
58;21100900344;"Geoenvironmental Disasters";journal;"21978670";"SpringerOpen";Yes;No;1,221;Q1;43;26;83;969;471;78;5,46;37,27;27,38;4;United Kingdom;Western Europe;"SpringerOpen";"2014-2026";"Environmental Science (miscellaneous) (Q1); Geography, Planning and Development (Q1); Geotechnical Engineering and Engineering Geology (Q1); Management, Monitoring, Policy and Law (Q1); Safety, Risk, Reliability and Quality (Q1)";"Earth and Planetary Sciences; Engineering; Environmental Science; Social Sciences"
59;18400156711;"Cambridge Journal of Regions, Economy and Society";journal;"17521386, 17521378";"Oxford University Press";No;No;1,216;Q1;83;43;94;2531;407;86;4,19;58,86;37,11;12;United Kingdom;Western Europe;"Oxford University Press";"2008-2026";"Economics and Econometrics (Q1); Geography, Planning and Development (Q1); Sociology and Political Science (Q1)";"Economics, Econometrics and Finance; Social Sciences"
60;17600155126;"Energy for Sustainable Development";journal;"23524669, 09730826";"Elsevier B.V.";No;No;1,199;Q1;96;188;264;11004;1679;264;5,94;58,53;27,62;32;Netherlands;Western Europe;"Elsevier B.V.";"1994-1997, 2000-2026";"Geography, Planning and Development (Q1); Management, Monitoring, Policy and Law (Q1); Renewable Energy, Sustainability and the Environment (Q2)";"Energy; Environmental Science; Social Sciences"
61;21101021580;"Progress in Disaster Science";journal;"25900617";"Elsevier Ltd";Yes;No;1,194;Q1;43;57;175;3562;1347;175;7,82;62,49;36,52;9;United Kingdom;Western Europe;"Elsevier Ltd";"2019-2026";"Earth and Planetary Sciences (miscellaneous) (Q1); Environmental Science (miscellaneous) (Q1); Geography, Planning and Development (Q1); Safety Research (Q1)";"Earth and Planetary Sciences; Environmental Science; Social Sciences"
62;13176;"Tijdschrift Voor Economische en Sociale Geografie";journal;"0040747X, 14679663";"Wiley-Blackwell Publishing Ltd";No;No;1,192;Q1;77;33;134;1900;704;130;6,03;57,58;47,76;1;United Kingdom;Western Europe;"Wiley-Blackwell Publishing Ltd";"1967-2026";"Economics and Econometrics (Q1); Geography, Planning and Development (Q1)";"Economics, Econometrics and Finance; Social Sciences"
63;21100220478;"Urban Climate";journal;"22120955";"Elsevier B.V.";No;No;1,185;Q1;102;294;550;19803;3779;548;6,61;67,36;34,67;21;Netherlands;Western Europe;"Elsevier B.V.";"2012-2026";"Atmospheric Science (Q1); Environmental Science (miscellaneous) (Q1); Geography, Planning and Development (Q1); Urban Studies (Q1)";"Earth and Planetary Sciences; Environmental Science; Social Sciences"
64;25751;"Earth Surface Processes and Landforms";journal;"01979337, 10969837";"John Wiley and Sons Ltd";No;No;1,177;Q1;163;218;693;16955;2772;678;3,59;77,78;28,36;12;United Kingdom;Western Europe;"John Wiley and Sons Ltd";"1981-2026";"Earth and Planetary Sciences (miscellaneous) (Q1); Earth-Surface Processes (Q1); Geography, Planning and Development (Q1)";"Earth and Planetary Sciences; Social Sciences"
65;21100970323;"Sustainable and Resilient Infrastructure";journal;"23789689, 23789697";"Taylor and Francis Ltd.";No;No;1,150;Q1;34;55;66;3424;445;62;6,43;62,25;27,27;10;United States;Northern America;"Taylor and Francis Ltd.";"2016-2026";"Building and Construction (Q1); Civil and Structural Engineering (Q1); Geography, Planning and Development (Q1); Safety, Risk, Reliability and Quality (Q1)";"Engineering; Social Sciences"
66;19400158456;"International Journal of Sustainable Transportation";journal;"15568334, 15568318";"Taylor and Francis Ltd.";No;No;1,146;Q1;72;73;214;4590;1028;214;4,57;62,88;33,76;21;United Kingdom;Western Europe;"Taylor and Francis Ltd.";"2007-2026";"Automotive Engineering (Q1); Civil and Structural Engineering (Q1); Environmental Engineering (Q1); Geography, Planning and Development (Q1); Renewable Energy, Sustainability and the Environment (Q2); Transportation (Q2)";"Energy; Engineering; Environmental Science; Social Sciences"
67;27471;"Applied Geography";journal;"01436228";"Elsevier B.V.";No;No;1,138;Q1;143;127;414;7908;2270;414;5,44;62,27;33,19;21;Netherlands;Western Europe;"Elsevier B.V.";"1981-2026";"Environmental Science (miscellaneous) (Q1); Forestry (Q1); Geography, Planning and Development (Q1); Tourism, Leisure and Hospitality Management (Q1)";"Agricultural and Biological Sciences; Business, Management and Accounting; Environmental Science; Social Sciences"
68;23464;"China Journal";journal;"18358535, 13249347";"University of Chicago Press";No;No;1,136;Q1;64;11;34;0;113;29;3,50;0,00;33,33;3;Australia;Pacific Region;"University of Chicago Press";"1995-2026";"Geography, Planning and Development (Q1); Sociology and Political Science (Q1)";"Social Sciences"
69;18291;"Socio-Economic Planning Sciences";journal;"00380121";"Elsevier Ltd";No;No;1,131;Q1;83;271;345;17057;2063;338;6,06;62,94;32,68;38;United Kingdom;Western Europe;"Elsevier Ltd";"1967-2026";"Economics and Econometrics (Q1); Geography, Planning and Development (Q1); Management Science and Operations Research (Q1); Statistics, Probability and Uncertainty (Q1); Strategy and Management (Q1)";"Business, Management and Accounting; Decision Sciences; Economics, Econometrics and Finance; Social Sciences"
70;28148;"Eurasian Geography and Economics";journal;"15387216";"Taylor and Francis Ltd.";No;No;1,125;Q1;62;28;102;1880;558;100;6,14;67,14;38,24;7;United Kingdom;Western Europe;"Taylor and Francis Ltd.";"2002-2026";"Economics and Econometrics (Q1); Geography, Planning and Development (Q1)";"Economics, Econometrics and Finance; Social Sciences"
71;5900153310;"Mobilities";journal;"17450101, 1745011X";"Routledge";No;No;1,124;Q1;79;56;178;3602;680;170;3,55;64,32;42,27;9;United Kingdom;Western Europe;"Routledge";"2006-2026";"Demography (Q1); Geography, Planning and Development (Q1); Sociology and Political Science (Q1)";"Social Sciences"
72;21100202110;"Environmental Development";journal;"22114645";"Elsevier B.V.";No;No;1,117;Q1;66;73;194;5097;1026;171;5,34;69,82;36,08;16;Netherlands;Western Europe;"Elsevier B.V.";"2012-2026";"Geography, Planning and Development (Q1); Management, Monitoring, Policy and Law (Q1)";"Environmental Science; Social Sciences"
73;29421;"Aquaculture Economics and Management";journal;"13657305, 13657313";"Taylor and Francis Ltd.";No;No;1,109;Q1;48;24;76;1150;326;71;4,45;47,92;31,88;2;United Kingdom;Western Europe;"Taylor and Francis Ltd.";"1997-2026";"Aquatic Science (Q1); Ecology (Q1); Geography, Planning and Development (Q1)";"Agricultural and Biological Sciences; Environmental Science; Social Sciences"
74;21101074921;"Annals of Tourism Research Empirical Insights";journal;"26669579";"Elsevier B.V.";Yes;No;1,096;Q1;25;47;27;2362;120;27;4,44;50,26;39,52;7;Netherlands;Western Europe;"Elsevier B.V.";"2020-2026";"Geography, Planning and Development (Q1); Sociology and Political Science (Q1); Tourism, Leisure and Hospitality Management (Q1); Marketing (Q2)";"Business, Management and Accounting; Social Sciences"
75;28671;"Geographical Analysis";journal;"15384632, 00167363";"Wiley-Blackwell";No;No;1,096;Q1;84;40;94;2065;423;88;4,34;51,63;26,19;4;United States;Northern America;"Wiley-Blackwell";"1969-2026";"Earth-Surface Processes (Q1); Geography, Planning and Development (Q1)";"Earth and Planetary Sciences; Social Sciences"
76;16543;"Tourism Economics";journal;"20440375, 13548166";"SAGE Publications Inc.";No;No;1,092;Q1;83;118;247;7092;1417;234;5,28;60,10;35,59;17;United Kingdom;Western Europe;"SAGE Publications Inc.";"1995-2026";"Geography, Planning and Development (Q1); Tourism, Leisure and Hospitality Management (Q1)";"Business, Management and Accounting; Social Sciences"
77;21101093005;"Environment and Planning E: Nature and Space";journal;"25148486, 25148494";"SAGE Publications Inc.";No;No;1,089;Q1;42;107;182;10461;680;180;3,39;97,77;52,17;20;United States;Northern America;"SAGE Publications Inc.";"2018-2026";"Development (Q1); Geography, Planning and Development (Q1); Management, Monitoring, Policy and Law (Q1); Nature and Landscape Conservation (Q1)";"Environmental Science; Social Sciences"
78;13928;"Journal of Planning Education and Research";journal;"0739456X, 15526577";"SAGE Publications Inc.";No;No;1,088;Q1;94;59;117;2741;660;95;2,39;46,46;50,00;0;United States;Northern America;"SAGE Publications Inc.";"1981-2026";"Development (Q1); Geography, Planning and Development (Q1); Urban Studies (Q1)";"Social Sciences"
79;27391;"Population, Space and Place";journal;"15448444, 15448452";"John Wiley and Sons Ltd";No;No;1,082;Q1;101;114;280;7705;932;277;2,90;67,59;51,85;25;United Kingdom;Western Europe;"John Wiley and Sons Ltd";"2004-2026";"Demography (Q1); Geography, Planning and Development (Q1)";"Social Sciences"
80;21100463093;"Groundwater for Sustainable Development";journal;"2352801X";"Elsevier B.V.";No;No;1,080;Q1;78;159;531;11728;3429;525;6,33;73,76;24,87;7;Netherlands;Western Europe;"Elsevier B.V.";"2015-2026";"Environmental Chemistry (Q1); Environmental Engineering (Q1); Geography, Planning and Development (Q1); Water Science and Technology (Q1)";"Environmental Science; Social Sciences"
81;25849;"International Studies Review";journal;"15219488, 14682486";"Oxford University Press";No;No;1,076;Q1;83;56;154;6288;530;153;3,62;112,29;42,61;16;United States;Northern America;"Oxford University Press";"1999-2026";"Geography, Planning and Development (Q1); Political Science and International Relations (Q1)";"Social Sciences"
82;16563;"Tourism Recreation Research";journal;"02508281, 23200308";"Taylor and Francis Ltd.";No;No;1,066;Q1;76;49;146;3995;882;140;6,63;81,53;38,84;2;United Kingdom;Western Europe;"Taylor and Francis Ltd.";"1976-2026";"Cultural Studies (Q1); Geography, Planning and Development (Q1); Management, Monitoring, Policy and Law (Q1); Tourism, Leisure and Hospitality Management (Q1)";"Business, Management and Accounting; Environmental Science; Social Sciences"
83;23347;"Journal of Environmental Assessment Policy and Management";journal;"17575605, 14643332";"World Scientific Publishing Co. Pte Ltd";No;No;1,064;Q1;39;20;41;1276;204;38;3,95;63,80;33,33;0;Singapore;Asiatic Region;"World Scientific Publishing Co. Pte Ltd";"2003-2026";"Geography, Planning and Development (Q1); Management, Monitoring, Policy and Law (Q1)";"Environmental Science; Social Sciences"
84;13279;"European Planning Studies";journal;"09654313, 14695944";"Routledge";No;No;1,057;Q1;116;132;369;8040;1536;358;3,47;60,91;46,05;36;United Kingdom;Western Europe;"Routledge";"1993-2026";"Geography, Planning and Development (Q1)";"Social Sciences"
85;18700156719;"Journal of Flood Risk Management";journal;"1753318X";"John Wiley and Sons Inc";Yes;No;1,049;Q1;66;85;263;4165;1213;245;4,64;49,00;26,30;12;United States;Northern America;"John Wiley and Sons Inc";"2009-2026";"Environmental Engineering (Q1); Geography, Planning and Development (Q1); Safety, Risk, Reliability and Quality (Q1); Water Science and Technology (Q1)";"Engineering; Environmental Science; Social Sciences"
86;21100312211;"Climate Risk Management";journal;"22120963";"Elsevier B.V.";Yes;No;1,037;Q1;66;81;199;6356;1056;198;5,11;78,47;41,77;38;Netherlands;Western Europe;"Elsevier B.V.";"2014-2026";"Geography, Planning and Development (Q1); Management, Monitoring, Policy and Law (Q1); Atmospheric Science (Q2); Global and Planetary Change (Q2)";"Earth and Planetary Sciences; Environmental Science; Social Sciences"
87;15081;"Agriculture and Human Values";journal;"15728366, 0889048X";"Springer Science and Business Media B.V.";No;No;1,035;-;105;95;281;7486;1170;210;3,85;78,80;58,24;43;Netherlands;Western Europe;"Springer Science and Business Media B.V.";"1984-2026";"Agronomy and Crop Science (Q1)";"Agricultural and Biological Sciences"
88;21100907127;"Journal of Urban Management";journal;"25890360, 22265856";"Elsevier B.V.";Yes;No;1,032;Q1;44;44;115;2605;658;100;5,74;59,20;41,88;8;Netherlands;Western Europe;"Elsevier B.V.";"2012-2026";"Geography, Planning and Development (Q1); Public Administration (Q1); Urban Studies (Q1)";"Social Sciences"
89;21101021196;"Environment and Planning B: Urban Analytics and City Science";journal;"23998083, 23998091";"SAGE Publications Ltd";No;No;1,026;Q1;123;160;390;7290;1640;348;3,76;45,56;33,33;25;United Kingdom;Western Europe;"SAGE Publications Ltd";"2017-2026";"Architecture (Q1); Geography, Planning and Development (Q1); Management, Monitoring, Policy and Law (Q1); Nature and Landscape Conservation (Q1); Urban Studies (Q1)";"Engineering; Environmental Science; Social Sciences"
90;23346;"Journal of Environment and Development";journal;"15525465, 10704965";"SAGE Publications Inc.";No;No;1,017;Q1;56;16;50;1149;184;49;3,21;71,81;51,43;3;United States;Northern America;"SAGE Publications Inc.";"1992-2026";"Development (Q1); Geography, Planning and Development (Q1); Management, Monitoring, Policy and Law (Q1)";"Environmental Science; Social Sciences"
91;21100409410;"International Journal of Disaster Risk Science";journal;"21926395, 20950055";"Beijing Normal University Press";Yes;Yes;1,015;Q1;63;72;177;3606;960;171;4,25;50,08;34,68;8;China;Asiatic Region;"Beijing Normal University Press";"2010-2026";"Geography, Planning and Development (Q1); Management, Monitoring, Policy and Law (Q1); Safety Research (Q1); Global and Planetary Change (Q2)";"Environmental Science; Social Sciences"
92;5700162683;"Globalizations";journal;"1474774X, 14747731";"Taylor and Francis Ltd.";No;No;0,997;Q1;66;105;298;7104;896;290;3,04;67,66;44,22;16;United Kingdom;Western Europe;"Taylor and Francis Ltd.";"2004-2026";"Economics, Econometrics and Finance (miscellaneous) (Q1); Geography, Planning and Development (Q1); Management, Monitoring, Policy and Law (Q1); Public Administration (Q1); Sociology and Political Science (Q1)";"Economics, Econometrics and Finance; Environmental Science; Social Sciences"
93;21101060166;"Research in Globalization";journal;"2590051X";"Elsevier B.V.";Yes;No;0,995;Q1;29;31;68;1961;459;67;7,40;63,26;17,33;5;Netherlands;Western Europe;"Elsevier B.V.";"2019-2026";"Development (Q1); Economics, Econometrics and Finance (miscellaneous) (Q1); Environmental Science (miscellaneous) (Q1); Geography, Planning and Development (Q1); Urban Studies (Q1); Global and Planetary Change (Q2)";"Economics, Econometrics and Finance; Environmental Science; Social Sciences"
94;12117;"Asia Pacific Journal of Tourism Research";journal;"10941665, 17416507";"Taylor and Francis Ltd.";No;No;0,981;Q1;75;75;269;6178;1326;262;4,77;82,37;39,24;3;United Kingdom;Western Europe;"Taylor and Francis Ltd.";"2003-2026";"Geography, Planning and Development (Q1); Tourism, Leisure and Hospitality Management (Q1)";"Business, Management and Accounting; Social Sciences"
95;13936;"Journal of Urban Affairs";journal;"07352166, 14679906";"Taylor and Francis Ltd.";No;No;0,980;Q1;78;67;211;4862;590;197;2,18;72,57;49,65;7;United Kingdom;Western Europe;"Taylor and Francis Ltd.";"1979-2026";"Geography, Planning and Development (Q1); Sociology and Political Science (Q1); Urban Studies (Q1)";"Social Sciences"
96;21101038575;"Agrarian South";journal;"23210281, 22779760";"SAGE Publications Inc.";No;No;0,979;Q1;22;15;61;738;102;56;1,16;49,20;35,29;2;United States;Northern America;"SAGE Publications Inc.";"2012-2026";"Cultural Studies (Q1); Ecology (Q1); Geography, Planning and Development (Q1); Social Sciences (miscellaneous) (Q1)";"Environmental Science; Social Sciences"
97;25967;"Social and Cultural Geography";journal;"14701197, 14649365";"Routledge";No;No;0,979;Q1;99;68;197;4289;648;183;3,30;63,07;58,06;4;United Kingdom;Western Europe;"Routledge";"2000-2026";"Cultural Studies (Q1); Geography, Planning and Development (Q1)";"Social Sciences"
98;12457;"Progress in Physical Geography";journal;"14770296, 03091333";"SAGE Publications Ltd";No;No;0,974;Q1;129;54;153;4484;600;145;3,92;83,04;30,23;9;United Kingdom;Western Europe;"SAGE Publications Ltd";"1977-2026";"Earth and Planetary Sciences (miscellaneous) (Q1); Geography, Planning and Development (Q1)";"Earth and Planetary Sciences; Social Sciences"
99;144618;"Geo-Spatial Information Science";journal;"10095020";"Taylor and Francis Ltd.";Yes;No;0,971;Q1;52;39;112;1975;565;110;5,29;50,64;29,44;1;United Kingdom;Western Europe;"Taylor and Francis Ltd.";"1998-2026";"Computers in Earth Sciences (Q1); Geography, Planning and Development (Q1)";"Earth and Planetary Sciences; Social Sciences"
100;26459;"Latin American Politics and Society";journal;"15482456, 1531426X";"Cambridge University Press";No;No;0,971;Q1;58;34;81;1728;171;79;1,87;50,82;38,10;7;United States;Northern America;"Cambridge University Press";"2001-2026";"Geography, Planning and Development (Q1); Political Science and International Relations (Q1); Sociology and Political Science (Q1)";"Social Sciences"
101;11600154613;"Environmental Hazards";journal;"17477891, 18780059";"Taylor and Francis Ltd.";No;No;0,943;Q1;67;22;89;1205;388;84;4,92;54,77;37,50;4;United Kingdom;Western Europe;"Taylor and Francis Ltd.";"1983, 1999-2003, 2005, 2007, 2009-2026";"Development (Q1); Environmental Science (miscellaneous) (Q1); Geography, Planning and Development (Q1); Sociology and Political Science (Q1); Global and Planetary Change (Q2)";"Environmental Science; Social Sciences"
102;27938;"Review of African Political Economy";journal;"03056244, 17401720";"Routledge";No;No;0,940;Q1;65;46;130;2043;218;97;1,34;44,41;34,15;8;United Kingdom;Western Europe;"Routledge";"1974-2025";"Development (Q1); Geography, Planning and Development (Q1); Political Science and International Relations (Q1)";"Social Sciences"
103;17700156312;"Environmental Policy and Governance";journal;"1756932X, 17569338";"John Wiley and Sons Ltd";No;No;0,936;Q1;67;42;113;3057;378;107;2,91;72,79;53,45;13;United Kingdom;Western Europe;"John Wiley and Sons Ltd";"2009-2026";"Geography, Planning and Development (Q1); Management, Monitoring, Policy and Law (Q1)";"Environmental Science; Social Sciences"
104;23292;"International Journal of Sustainable Development and World Ecology";journal;"17452627, 13504509";"Taylor and Francis Ltd.";No;No;0,922;Q1;73;67;195;4000;1008;193;4,65;59,70;44,34;12;United Kingdom;Western Europe;"Taylor and Francis Ltd.";"1994-2026";"Geography, Planning and Development (Q1); Management, Monitoring, Policy and Law (Q1)";"Environmental Science; Social Sciences"
105;14685;"Planning Theory and Practice";journal;"14649357, 1470000X";"Routledge";No;No;0,922;Q1;65;41;134;2018;330;82;2,81;49,22;50,82;6;United Kingdom;Western Europe;"Routledge";"2000-2026";"Geography, Planning and Development (Q1)";"Social Sciences"
106;21100305261;"Extractive Industries and Society";journal;"22147918, 2214790X";"Elsevier Ltd";No;No;0,921;Q1;67;147;498;10026;1902;464;3,51;68,20;38,01;46;United Kingdom;Western Europe;"Elsevier Ltd";"2014-2026";"Development (Q1); Economic Geology (Q1); Geography, Planning and Development (Q1); Management, Monitoring, Policy and Law (Q1)";"Earth and Planetary Sciences; Environmental Science; Social Sciences"
107;21100886530;"Area Development and Policy";journal;"23792957";"Routledge";No;No;0,919;Q1;28;25;78;1643;236;68;3,39;65,72;34,78;4;United Kingdom;Western Europe;"Routledge";"2016-2026";"Geography, Planning and Development (Q1); Nature and Landscape Conservation (Q1); Public Administration (Q1); Sociology and Political Science (Q1); Urban Studies (Q1)";"Environmental Science; Social Sciences"
108;23373;"Journal of Environmental Planning and Management";journal;"13600559, 09640568";"Routledge";No;No;0,899;Q1;100;125;376;9517;1612;372;4,36;76,14;39,68;21;United Kingdom;Western Europe;"Routledge";"1992-2026";"Environmental Science (miscellaneous) (Q1); Fluid Flow and Transfer Processes (Q1); Geography, Planning and Development (Q1); Management, Monitoring, Policy and Law (Q1); Water Science and Technology (Q1)";"Chemical Engineering; Environmental Science; Social Sciences"
109;15725;"Voluntas";journal;"09578765, 15737888";"Cambridge University Press";No;No;0,898;Q1;77;101;291;5771;788;289;2,42;57,14;56,68;20;United States;Northern America;"Cambridge University Press";"1990-2025";"Business and International Management (Q1); Geography, Planning and Development (Q1); Public Administration (Q1); Sociology and Political Science (Q1); Strategy and Management (Q2)";"Business, Management and Accounting; Social Sciences"
110;21100254652;"Water Resources and Industry";journal;"22123717";"Elsevier B.V.";Yes;No;0,895;Q1;56;25;60;1293;355;60;5,75;51,72;37,65;1;Netherlands;Western Europe;"Elsevier B.V.";"2013-2026";"Geography, Planning and Development (Q1); Water Science and Technology (Q1)";"Environmental Science; Social Sciences"
111;21100416071;"Remote Sensing Applications: Society and Environment";journal;"23529385";"Elsevier B.V.";No;No;0,880;Q1;72;203;454;12310;2495;454;5,16;60,64;27,92;17;Netherlands;Western Europe;"Elsevier B.V.";"2015-2026";"Computers in Earth Sciences (Q1); Geography, Planning and Development (Q1)";"Earth and Planetary Sciences; Social Sciences"
112;6500153241;"City";journal;"13604813, 14703629";"Taylor and Francis Ltd.";No;No;0,873;Q1;73;61;148;3428;320;129;1,97;56,20;54,63;3;United Kingdom;Western Europe;"Taylor and Francis Ltd.";"2005-2026";"Geography, Planning and Development (Q1); Urban Studies (Q1)";"Social Sciences"
113;13278;"International Journal of Housing Policy";journal;"19491247, 19491255";"Taylor and Francis Ltd.";No;No;0,871;Q1;49;28;87;1162;286;75;2,93;41,50;54,55;7;United Kingdom;Western Europe;"Taylor and Francis Ltd.";"2014-2026";"Geography, Planning and Development (Q1); Management, Monitoring, Policy and Law (Q2)";"Environmental Science; Social Sciences"
114;21100244407;"East European Politics";journal;"21599165, 21599173";"Taylor and Francis Ltd.";No;No;0,870;Q1;38;30;98;2100;282;96;3,49;70,00;38,78;9;United Kingdom;Western Europe;"Taylor and Francis Ltd.";"2012-2026";"Development (Q1); Geography, Planning and Development (Q1); Political Science and International Relations (Q1)";"Social Sciences"
115;21100223534;"Journal of Transport and Land Use";journal;"19387849";"University of Minnesota";Yes;No;0,865;Q1;50;37;129;2130;377;128;1,99;57,57;40,54;13;United States;Northern America;"University of Minnesota";"2012-2026";"Geography, Planning and Development (Q1); Urban Studies (Q1); Transportation (Q2)";"Social Sciences"
116;16777;"Capitalism, Nature, Socialism";journal;"10455752, 15483290";"Taylor and Francis Ltd.";No;No;0,863;Q1;47;34;113;1363;229;85;2,25;40,09;44,12;2;United Kingdom;Western Europe;"Taylor and Francis Ltd.";"1988-2026";"Geography, Planning and Development (Q1); Political Science and International Relations (Q1); Management, Monitoring, Policy and Law (Q2)";"Environmental Science; Social Sciences"
117;28066;"Dili Xuebao/Acta Geographica Sinica";journal;"03755444";"Science Press";No;No;0,863;Q1;94;197;567;10105;2801;567;4,47;51,29;35,53;0;China;Asiatic Region;"Science Press";"1978-2025";"Earth and Planetary Sciences (miscellaneous) (Q1); Geography, Planning and Development (Q1)";"Earth and Planetary Sciences; Social Sciences"
118;25205;"Papers in Regional Science";journal;"14355957, 10568190";"Elsevier B.V.";Yes;No;0,863;Q1;85;57;254;3635;657;253;2,15;63,77;33,33;14;Netherlands;Western Europe;"Elsevier B.V.";"1955-2026";"Environmental Science (miscellaneous) (Q1); Geography, Planning and Development (Q1)";"Environmental Science; Social Sciences"
119;21100463834;"Territory, Politics, Governance";journal;"2162268X, 21622671";"Routledge";No;No;0,861;Q1;42;46;125;3299;487;107;3,37;71,72;39,47;13;United States;Northern America;"Routledge";"2013-2026";"Geography, Planning and Development (Q1); Political Science and International Relations (Q1)";"Social Sciences"
120;29238;"International Research in Geographical and Environmental Education";journal;"17477611, 10382046";"Taylor and Francis Ltd.";No;No;0,842;Q1;42;23;75;885;200;63;2,16;38,48;42,59;3;United Kingdom;Western Europe;"Taylor and Francis Ltd.";"1992-2025";"Education (Q1); Geography, Planning and Development (Q1); Management, Monitoring, Policy and Law (Q2)";"Environmental Science; Social Sciences"
121;25118;"Geopolitics";journal;"14650045, 15573028";"Routledge";No;No;0,839;Q1;77;76;173;5433;526;156;3,23;71,49;51,00;23;United Kingdom;Western Europe;"Routledge";"1986, 1998-2026";"Geography, Planning and Development (Q1); Political Science and International Relations (Q1)";"Social Sciences"
122;20902;"Environment, Development and Sustainability";journal;"1387585X, 15732975";"Springer Science and Business Media B.V.";No;No;0,835;Q1;112;578;1371;39114;7109;1368;5,31;67,67;30,15;44;Netherlands;Western Europe;"Springer Science and Business Media B.V.";"1999-2026";"Geography, Planning and Development (Q1); Economics and Econometrics (Q2); Management, Monitoring, Policy and Law (Q2)";"Economics, Econometrics and Finance; Environmental Science; Social Sciences"
123;130140;"Geographical Research";journal;"17455863, 17455871";"Wiley-Blackwell Publishing Ltd";No;No;0,834;Q1;61;49;122;2712;311;98;2,75;55,35;45,16;5;United Kingdom;Western Europe;"Wiley-Blackwell Publishing Ltd";"2005-2026";"Earth-Surface Processes (Q1); Geography, Planning and Development (Q1)";"Earth and Planetary Sciences; Social Sciences"
124;37958;"Geographical Review";journal;"00167428, 19310846";"Taylor and Francis Inc.";Yes;No;0,834;Q1;60;33;101;2051;218;96;2,29;62,15;35,14;1;United States;Northern America;"Taylor and Francis Inc.";"1969, 1973, 1976, 1979-2026";"Earth-Surface Processes (Q1); Geography, Planning and Development (Q1)";"Earth and Planetary Sciences; Social Sciences"
125;16474;"Journal of Contemporary China";journal;"10670564, 14699400";"Routledge";No;No;0,822;Q1;73;60;178;0;592;178;2,75;0,00;42,45;19;United Kingdom;Western Europe;"Routledge";"1992-2026";"Development (Q1); Geography, Planning and Development (Q1); Political Science and International Relations (Q1)";"Social Sciences"
126;27486;"Area";journal;"14754762, 00040894";"Wiley-Blackwell Publishing Ltd";No;No;0,819;Q1;106;80;275;3091;638;260;2,29;38,64;58,86;9;United Kingdom;Western Europe;"Wiley-Blackwell Publishing Ltd";"1976, 1978-2026";"Geography, Planning and Development (Q1)";"Social Sciences"
127;21617;"Nations and Nationalism";journal;"14698129, 13545078";"Wiley-Blackwell Publishing Ltd";No;No;0,812;Q1;64;90;219;5657;457;212;2,20;62,86;31,85;15;United Kingdom;Western Europe;"Wiley-Blackwell Publishing Ltd";"1995-2026";"Arts and Humanities (miscellaneous) (Q1); Geography, Planning and Development (Q1); Political Science and International Relations (Q1)";"Arts and Humanities; Social Sciences"
128;21101039477;"City and Environment Interactions";journal;"25902520";"Elsevier B.V.";Yes;No;0,808;Q1;28;15;57;1236;238;55;3,84;82,40;38,78;5;Netherlands;Western Europe;"Elsevier B.V.";"2019-2026";"Environmental Science (miscellaneous) (Q1); Geography, Planning and Development (Q1); Urban Studies (Q1); Management, Monitoring, Policy and Law (Q2)";"Environmental Science; Social Sciences"
129;13953;"Journal of Urban Design";journal;"14699664, 13574809";"Routledge";No;No;0,806;Q1;68;40;151;1893;411;123;2,37;47,33;50,00;1;United Kingdom;Western Europe;"Routledge";"1996-2026";"Arts and Humanities (miscellaneous) (Q1); Geography, Planning and Development (Q1); Urban Studies (Q1)";"Arts and Humanities; Social Sciences"
130;12000154485;"Journal of Land Use Science";journal;"1747423X, 17474248";"Taylor and Francis Ltd.";Yes;No;0,805;Q1;50;37;97;2609;344;91;3,19;70,51;46,53;0;United Kingdom;Western Europe;"Taylor and Francis Ltd.";"2006-2026";"Earth-Surface Processes (Q1); Geography, Planning and Development (Q1); Management, Monitoring, Policy and Law (Q2)";"Earth and Planetary Sciences; Environmental Science; Social Sciences"
131;26252;"Maritime Policy and Management";journal;"03088839, 14645254";"Routledge";No;No;0,804;Q1;80;65;184;2576;702;177;3,71;39,63;33,86;6;United Kingdom;Western Europe;"Routledge";"1976-2026";"Geography, Planning and Development (Q1); Ocean Engineering (Q1); Management, Monitoring, Policy and Law (Q2); Transportation (Q2)";"Engineering; Environmental Science; Social Sciences"
132;21100870078;"PFG - Journal of Photogrammetry, Remote Sensing and Geoinformation Science";journal;"25122819, 25122789";"Springer International Publishing AG";No;No;0,801;Q1;39;35;70;1825;289;65;4,62;52,14;18,92;0;Switzerland;Western Europe;"Springer International Publishing AG";"2017-2026";"Earth and Planetary Sciences (miscellaneous) (Q1); Geography, Planning and Development (Q1); Instrumentation (Q1)";"Earth and Planetary Sciences; Physics and Astronomy; Social Sciences"
133;21100228568;"Maritime Studies";journal;"22129790, 18727859";"Springer Science and Business Media Deutschland GmbH";Yes;No;0,800;Q1;36;40;118;2861;389;95;3,25;71,53;54,48;11;Germany;Western Europe;"Springer Science and Business Media Deutschland GmbH";"2012-2026";"Aquatic Science (Q1); Development (Q1); Geography, Planning and Development (Q1); Water Science and Technology (Q1); Management, Monitoring, Policy and Law (Q2)";"Agricultural and Biological Sciences; Environmental Science; Social Sciences"
134;13490;"Asia Pacific Viewpoint";journal;"14678373, 13607456";"Wiley-Blackwell Publishing Ltd";No;No;0,799;Q1;51;33;99;1530;240;97;2,06;46,36;59,65;3;United Kingdom;Western Europe;"Wiley-Blackwell Publishing Ltd";"1996-2026";"Development (Q1); Geography, Planning and Development (Q1)";"Social Sciences"
135;17700156755;"Tourism and Hospitality Research";journal;"14673584, 17429692";"SAGE Publications Inc.";No;No;0,795;Q1;64;37;116;2383;469;115;3,37;64,41;38,00;8;United Kingdom;Western Europe;"SAGE Publications Inc.";"2004-2026";"Geography, Planning and Development (Q1); Tourism, Leisure and Hospitality Management (Q2)";"Business, Management and Accounting; Social Sciences"
136;23465;"China Quarterly";journal;"03057410, 14682648";"Cambridge University Press";No;No;0,794;Q1;109;51;159;2677;365;159;1,85;52,49;40,00;0;United Kingdom;Western Europe;"Cambridge University Press";"1960-2026";"Development (Q1); Geography, Planning and Development (Q1); Political Science and International Relations (Q1)";"Social Sciences"
137;29645;"Urban Design International";journal;"13575317, 14684519";"Palgrave Macmillan Ltd.";No;No;0,790;Q1;47;28;78;1290;245;64;2,65;46,07;38,18;2;United Kingdom;Western Europe;"Palgrave Macmillan Ltd.";"1996-2026";"Geography, Planning and Development (Q1); Urban Studies (Q1)";"Social Sciences"
138;19700187804;"Children's Geographies";journal;"14733277, 14733285";"Carfax Publishing Ltd.";No;No;0,788;Q1;74;80;183;4166;513;177;2,93;52,08;74,48;12;United Kingdom;Western Europe;"Carfax Publishing Ltd.";"2003-2026";"Geography, Planning and Development (Q1); Sociology and Political Science (Q1); Social Psychology (Q2)";"Psychology; Social Sciences"
139;50054;"Journal of Water Resources Planning and Management - ASCE";journal;"07339496";"American Society of Civil Engineers (ASCE)";No;No;0,786;Q1;122;134;465;6349;1469;441;3,07;47,38;30,82;0;United States;Northern America;"American Society of Civil Engineers (ASCE)";"1980-2026";"Civil and Structural Engineering (Q1); Geography, Planning and Development (Q1); Water Science and Technology (Q1); Management, Monitoring, Policy and Law (Q2)";"Engineering; Environmental Science; Social Sciences"
140;14175;"European Journal of Development Research";journal;"17439728, 09578811";"Palgrave Macmillan Ltd.";No;No;0,784;Q1;70;128;215;6284;581;199;3,16;49,09;35,96;57;United Kingdom;Western Europe;"Palgrave Macmillan Ltd.";"1989-2026";"Development (Q1); Geography, Planning and Development (Q1)";"Social Sciences"
141;28694;"Geographical Journal";journal;"00167398, 14754959";"Wiley-Blackwell Publishing Ltd";No;No;0,782;Q1;84;45;111;2556;347;93;2,67;56,80;38,79;8;United Kingdom;Western Europe;"Wiley-Blackwell Publishing Ltd";"1973, 1975-1976, 1978-1994, 1996-2026";"Earth-Surface Processes (Q1); Geography, Planning and Development (Q1)";"Earth and Planetary Sciences; Social Sciences"
142;18700156722;"Agribusiness";journal;"07424477, 15206297";"Wiley-VCH Verlag";No;No;0,767;Q1;60;50;131;2710;457;127;3,68;54,20;30,71;12;United States;Northern America;"Wiley-VCH Verlag";"1985-2026";"Agronomy and Crop Science (Q1); Animal Science and Zoology (Q1); Food Science (Q1); Geography, Planning and Development (Q1); Economics and Econometrics (Q2)";"Agricultural and Biological Sciences; Economics, Econometrics and Finance; Social Sciences"
143;18300156732;"International Perspectives on Sexual and Reproductive Health";journal;"19440405, 19440391";"Alan Guttmacher Institute";No;No;0,767;Q1;41;0;55;0;234;53;5,71;0,00;0,00;0;United States;Northern America;"Alan Guttmacher Institute";"2009-2020";"Demography (Q1); Geography, Planning and Development (Q1); Public Health, Environmental and Occupational Health (Q2)";"Medicine; Social Sciences"
144;21100207601;"International Journal of Climate Change Strategies and Management";journal;"17568692";"Emerald Group Publishing Ltd.";Yes;No;0,765;Q1;46;25;122;1452;530;120;4,05;58,08;31,07;0;United Kingdom;Western Europe;"Emerald Group Publishing Ltd.";"2009-2026";"Development (Q1); Geography, Planning and Development (Q1); Global and Planetary Change (Q2); Management, Monitoring, Policy and Law (Q2)";"Environmental Science; Social Sciences"
145;12395;"Polar Geography";journal;"19390513, 1088937X";"Taylor and Francis Ltd.";No;No;0,765;Q1;39;16;51;1040;163;50;3,03;65,00;48,75;0;United Kingdom;Western Europe;"Taylor and Francis Ltd.";"1977-1979, 1995-2005, 2007-2026";"Agricultural and Biological Sciences (miscellaneous) (Q1); Earth and Planetary Sciences (miscellaneous) (Q1); Geography, Planning and Development (Q1)";"Agricultural and Biological Sciences; Earth and Planetary Sciences; Social Sciences"
146;19600157344;"Geoheritage";journal;"18672477, 18672485";"Springer";No;No;0,760;Q1;52;132;342;9364;1224;337;3,41;70,94;35,03;3;United States;Northern America;"Springer";"2009-2026";"Earth and Planetary Sciences (miscellaneous) (Q1); Geography, Planning and Development (Q1); Nature and Landscape Conservation (Q1)";"Earth and Planetary Sciences; Environmental Science; Social Sciences"
147;21100872187;"Journal of Tourism Futures";journal;"20555911, 2055592X";"Emarald Group Publishing Ltd";Yes;Yes;0,759;Q1;49;50;114;2429;560;105;6,28;48,58;57,39;0;United Kingdom;Western Europe;"Emarald Group Publishing Ltd";"2015-2026";"Geography, Planning and Development (Q1); Nature and Landscape Conservation (Q1); Management, Monitoring, Policy and Law (Q2); Tourism, Leisure and Hospitality Management (Q2)";"Business, Management and Accounting; Environmental Science; Social Sciences"
148;29275;"Journal of Geography in Higher Education";journal;"03098265, 14661845";"Routledge";No;No;0,756;Q1;65;38;106;1750;348;101;3,70;46,05;52,38;2;United Kingdom;Western Europe;"Routledge";"1977-2026";"Education (Q1); Geography, Planning and Development (Q1)";"Social Sciences"
149;21101063838;"Regional Sustainability";journal;"2666660X, 20970129";"KeAi Communications Co.";Yes;Yes;0,755;Q1;27;30;39;1897;176;39;4,51;63,23;28,13;3;China;Asiatic Region;"KeAi Communications Co.";"2020-2025";"Development (Q1); Geography, Planning and Development (Q1); Urban Studies (Q1); Renewable Energy, Sustainability and the Environment (Q2)";"Energy; Social Sciences"
150;58724;"Archaeological Dialogues";journal;"13802038, 14782294";"Cambridge University Press";No;No;0,752;Q1;43;21;51;1306;84;28;1,62;62,19;36,84;0;United Kingdom;Western Europe;"Cambridge University Press";"1994-2026";"Archeology (Q1); Arts and Humanities (miscellaneous) (Q1); Geography, Planning and Development (Q1)";"Arts and Humanities; Social Sciences"
151;13893;"International Planning Studies";journal;"14699265, 13563475";"Routledge";No;No;0,751;Q1;55;24;79;1473;213;74;2,69;61,38;29,03;3;United Kingdom;Western Europe;"Routledge";"1996-2026";"Geography, Planning and Development (Q1)";"Social Sciences"
152;14506;"Local Environment";journal;"14696711, 13549839";"Routledge";No;No;0,748;Q1;90;89;235;6160;783;219;2,69;69,21;46,09;28;United Kingdom;Western Europe;"Routledge";"1996-2026";"Geography, Planning and Development (Q1); Management, Monitoring, Policy and Law (Q2)";"Environmental Science; Social Sciences"
153;21100844181;"International Journal of Tourism Cities";journal;"20565615, 20565607";"Emerald Group Publishing Ltd.";No;No;0,747;Q1;41;65;162;5043;677;156;3,53;77,58;45,88;0;United Kingdom;Western Europe;"Emerald Group Publishing Ltd.";"2015-2024";"Geography, Planning and Development (Q1); Management, Monitoring, Policy and Law (Q2); Tourism, Leisure and Hospitality Management (Q2)";"Business, Management and Accounting; Environmental Science; Social Sciences"
154;19900193691;"Journal of Political Ecology";journal;"10730451";"University of Arizona Libraries";Yes;Yes;0,746;Q1;48;35;152;2858;319;151;1,89;81,66;49,43;2;United States;Northern America;"University of Arizona Libraries";"1999, 2001-2002, 2004, 2011-2026";"Ecology (Q1); Geography, Planning and Development (Q1); Political Science and International Relations (Q1)";"Environmental Science; Social Sciences"
155;27511;"Australian Geographer";journal;"14653311, 00049182";"Routledge";No;No;0,745;Q1;58;24;85;1561;194;83;2,07;65,04;44,90;4;United Kingdom;Western Europe;"Routledge";"1928-1929, 1931-1943, 1945-1948, 1950-2026";"Earth-Surface Processes (Q1); Geography, Planning and Development (Q1)";"Earth and Planetary Sciences; Social Sciences"
156;85667;"EuroChoices";journal;"14780917, 1746692X";"John Wiley and Sons Inc";No;No;0,744;Q1;28;33;101;368;251;67;2,89;11,15;50,67;0;United States;Northern America;"John Wiley and Sons Inc";"2002-2026";"Economics, Econometrics and Finance (miscellaneous) (Q1); Geography, Planning and Development (Q1)";"Economics, Econometrics and Finance; Social Sciences"
157;21100870585;"Environmental Sociology";journal;"23251042";"Taylor and Francis Ltd.";No;No;0,743;Q1;38;39;105;2611;300;101;2,58;66,95;48,24;7;United Kingdom;Western Europe;"Taylor and Francis Ltd.";"2015-2026";"Ecology (Q1); Geography, Planning and Development (Q1); Sociology and Political Science (Q1); Management, Monitoring, Policy and Law (Q2)";"Environmental Science; Social Sciences"
158;21101041845;"Journal of Geovisualization and Spatial Analysis";journal;"25098829, 25098810";"Springer Nature";No;No;0,743;Q1;31;33;70;1497;309;69;4,54;45,36;25,22;1;United Kingdom;Western Europe;"Springer Nature";"2017-2026";"Earth and Planetary Sciences (miscellaneous) (Q1); Geography, Planning and Development (Q1); Computers in Earth Sciences (Q2)";"Earth and Planetary Sciences; Social Sciences"
159;21100803393;"Journal of Palaeogeography";journal;"20953836, 25244507";"Elsevier B.V.";Yes;No;0,743;Q1;36;31;91;2644;252;91;2,95;85,29;28,95;0;Netherlands;Western Europe;"Elsevier B.V.";"2012-2026";"Geography, Planning and Development (Q1); Paleontology (Q1); Earth-Surface Processes (Q2)";"Earth and Planetary Sciences; Social Sciences"
160;16800154727;"Water Alternatives";journal;"19650175";"Water Alternatives Association";Yes;Yes;0,741;Q1;59;32;142;3117;395;142;2,58;97,41;41,67;0;France;Western Europe;"Water Alternatives Association";"2008-2025";"Geography, Planning and Development (Q1); Political Science and International Relations (Q1); Management, Monitoring, Policy and Law (Q2); Water Science and Technology (Q2)";"Environmental Science; Social Sciences"
161;28911;"Leisure Studies";journal;"14664496, 02614367";"Routledge";No;No;0,739;Q1;86;58;186;3697;557;175;2,74;63,74;47,83;1;United Kingdom;Western Europe;"Routledge";"1981-2026";"Geography, Planning and Development (Q1); Tourism, Leisure and Hospitality Management (Q2)";"Business, Management and Accounting; Social Sciences"
162;21100427639;"ISPRS International Journal of Geo-Information";journal;"22209964";"Multidisciplinary Digital Publishing Institute (MDPI)";Yes;No;0,738;Q1;97;625;2129;34140;8710;2124;3,85;54,62;33,95;25;Switzerland;Western Europe;"Multidisciplinary Digital Publishing Institute (MDPI)";"2012-2026";"Earth and Planetary Sciences (miscellaneous) (Q1); Geography, Planning and Development (Q1); Computers in Earth Sciences (Q2)";"Earth and Planetary Sciences; Social Sciences"
163;19700170462;"Urban Policy and Research";journal;"14767244, 08111146";"Routledge";No;No;0,738;Q1;54;30;75;1352;179;73;1,72;45,07;52,31;3;United Kingdom;Western Europe;"Routledge";"1982-2026";"Geography, Planning and Development (Q1); Urban Studies (Q1)";"Social Sciences"
164;25847;"International Studies Perspectives";journal;"15283577, 15283585";"Oxford University Press";No;No;0,737;Q1;61;21;62;1517;171;62;2,33;72,24;47,73;2;United Kingdom;Western Europe;"Oxford University Press";"2000-2026";"Geography, Planning and Development (Q1); Political Science and International Relations (Q1)";"Social Sciences"
165;25202;"Chinese Geographical Science";journal;"10020063, 1993064X";"Science Press";No;No;0,731;Q1;60;72;240;4221;951;240;3,60;58,63;39,87;1;China;Asiatic Region;"Science Press";"1991-2026";"Earth and Planetary Sciences (miscellaneous) (Q1); Geography, Planning and Development (Q1)";"Earth and Planetary Sciences; Social Sciences"
166;21100255400;"Water (Switzerland)";journal;"20734441";"Multidisciplinary Digital Publishing Institute (MDPI)";Yes;No;0,723;Q1;145;4100;9802;237023;37034;9614;3,59;57,81;35,55;211;Switzerland;Western Europe;"Multidisciplinary Digital Publishing Institute (MDPI)";"2009-2026";"Aquatic Science (Q1); Geography, Planning and Development (Q1); Biochemistry (Q2); Water Science and Technology (Q2)";"Agricultural and Biological Sciences; Biochemistry, Genetics and Molecular Biology; Environmental Science; Social Sciences"
167;29568;"Town Planning Review";journal;"1478341X, 00410020";"Liverpool University Press";No;No;0,722;Q1;54;33;144;2016;258;141;1,76;61,09;52,00;1;United Kingdom;Western Europe;"Liverpool University Press";"1977-2026";"Geography, Planning and Development (Q1); Urban Studies (Q1)";"Social Sciences"
168;21100283790;"Case Studies on Transport Policy";journal;"22136258, 2213624X";"Elsevier B.V.";No;No;0,719;Q1;50;228;414;12566;1266;412;2,93;55,11;35,07;54;Netherlands;Western Europe;"Elsevier B.V.";"2013-2026";"Geography, Planning and Development (Q1); Urban Studies (Q1); Transportation (Q2)";"Social Sciences"
169;21101064807;"Cleaner and Responsible Consumption";journal;"26667843";"Elsevier B.V.";Yes;No;0,719;Q1;33;45;42;3093;186;42;4,43;68,73;50,31;8;United Kingdom;Western Europe;"Elsevier B.V.";"2020-2026";"Geography, Planning and Development (Q1); Social Sciences (miscellaneous) (Q1); Economics and Econometrics (Q2); Environmental Engineering (Q2); Environmental Science (miscellaneous) (Q2); Management, Monitoring, Policy and Law (Q2); Renewable Energy, Sustainability and the Environment (Q2)";"Economics, Econometrics and Finance; Energy; Environmental Science; Social Sciences"
170;110302;"Geografiska Annaler, Series B: Human Geography";journal;"04353684, 14680467";"Taylor and Francis Ltd.";No;No;0,717;Q1;75;23;69;1745;156;64;1,83;75,87;29,63;6;United Kingdom;Western Europe;"Taylor and Francis Ltd.";"1976, 1978-1979, 1982-2026";"Geography, Planning and Development (Q1)";"Social Sciences"
171;27639;"Cartography and Geographic Information Science";journal;"15230406";"Taylor and Francis Ltd.";No;No;0,711;Q1;73;32;113;1702;304;108;2,78;53,19;29,73;1;United Kingdom;Western Europe;"Taylor and Francis Ltd.";"1997-2026";"Geography, Planning and Development (Q1); Civil and Structural Engineering (Q2); Management of Technology and Innovation (Q2)";"Business, Management and Accounting; Engineering; Social Sciences"
172;21101038730;"International Journal of Geoheritage and Parks";journal;"25774441, 2577445X";"KeAi Communications Co.";Yes;Yes;0,708;Q1;32;36;85;2342;373;85;4,05;65,06;29,63;3;China;Asiatic Region;"KeAi Communications Co.";"2018-2026";"Development (Q1); Geography, Planning and Development (Q1); Social Sciences (miscellaneous) (Q1); Urban Studies (Q1); Geology (Q2); Nature and Landscape Conservation (Q2)";"Earth and Planetary Sciences; Environmental Science; Social Sciences"
173;19700201157;"Urban Research and Practice";journal;"17535069, 17535077";"Taylor and Francis Ltd.";No;No;0,702;Q1;39;36;90;2054;210;87;2,26;57,06;42,65;5;United Kingdom;Western Europe;"Taylor and Francis Ltd.";"2008-2026";"Geography, Planning and Development (Q1); Urban Studies (Q1)";"Social Sciences"
174;23971;"Critical Asian Studies";journal;"14672715, 14726033";"Routledge";No;No;0,697;Q1;51;29;93;1788;244;85;2,75;61,66;40,54;4;United Kingdom;Western Europe;"Routledge";"1968-1993, 1995-2026";"Geography, Planning and Development (Q1); Sociology and Political Science (Q1)";"Social Sciences"
175;29461;"Scandinavian Economic History Review";journal;"03585522, 17502837";"Taylor and Francis Ltd.";No;No;0,697;Q1;21;16;52;1073;51;48;1,03;67,06;57,69;3;United Kingdom;Western Europe;"Taylor and Francis Ltd.";"1953-2026";"Aerospace Engineering (Q1); Arts and Humanities (miscellaneous) (Q1); Geography, Planning and Development (Q1); History (Q1)";"Arts and Humanities; Engineering; Social Sciences"
176;5700154545;"International Journal of Heritage Studies";journal;"14703610, 13527258";"Taylor and Francis Ltd.";No;No;0,690;Q1;72;75;245;4936;578;235;2,31;65,81;55,04;6;United Kingdom;Western Europe;"Taylor and Francis Ltd.";"1994-2026";"Conservation (Q1); Cultural Studies (Q1); Geography, Planning and Development (Q1); History (Q1); Museology (Q1); Tourism, Leisure and Hospitality Management (Q2)";"Arts and Humanities; Business, Management and Accounting; Social Sciences"
177;28042;"Journal of Geographical Systems";journal;"14355949, 14355930";"Springer Verlag";No;No;0,689;Q1;67;30;72;1721;201;66;2,79;57,37;33,33;3;Germany;Western Europe;"Springer Verlag";"1999-2026";"Geography, Planning and Development (Q1); Earth-Surface Processes (Q2); Economics and Econometrics (Q2)";"Earth and Planetary Sciences; Economics, Econometrics and Finance; Social Sciences"
178;19700167025;"Spatial and Spatio-temporal Epidemiology";journal;"18775845, 18775853";"Elsevier Ltd";No;No;0,688;Q1;38;65;119;3294;377;116;3,35;50,68;43,73;3;United Kingdom;Western Europe;"Elsevier Ltd";"2009-2026";"Geography, Planning and Development (Q1); Health, Toxicology and Mutagenesis (Q2); Infectious Diseases (Q2); Epidemiology (Q3)";"Environmental Science; Medicine; Social Sciences"
179;21100466229;"Environment and Society: Advances in Research";journal;"21506779, 21506787";"Berghahn Journals";Yes;Yes;0,686;Q1;28;9;33;905;83;33;1,26;100,56;66,67;0;United States;Northern America;"Berghahn Journals";"2015-2024";"Anthropology (Q1); Geography, Planning and Development (Q1); Nature and Landscape Conservation (Q2); Global and Planetary Change (Q3)";"Environmental Science; Social Sciences"
180;21100784443;"International Journal of Sustainable Energy Planning and Management";journal;"22462929";"Aalborg University press";Yes;Yes;0,685;Q1;32;27;125;1235;346;120;3,24;45,74;30,43;2;Denmark;Western Europe;"Aalborg University press";"2014-2025";"Geography, Planning and Development (Q1); Energy Engineering and Power Technology (Q2); Renewable Energy, Sustainability and the Environment (Q2)";"Energy; Social Sciences"
181;21100218140;"International Journal of Culture, Tourism and Hospitality Research";journal;"17506182";"Emerald Group Publishing Ltd.";No;No;0,682;Q1;0;0;0;0;0;0;0,00;0,00;0,00;0;United Kingdom;Western Europe;"Emerald Group Publishing Ltd.";"2007-2022";"Geography, Planning and Development (Q1); Tourism, Leisure and Hospitality Management (Q2)";"Business, Management and Accounting; Social Sciences"
182;50039;"Review of Policy Research";journal;"1541132X, 15411338";"Wiley-Blackwell Publishing Ltd";No;No;0,681;Q1;63;39;103;2845;263;100;2,07;72,95;47,25;7;United Kingdom;Western Europe;"Wiley-Blackwell Publishing Ltd";"1981-1995, 1998-2026";"Geography, Planning and Development (Q1); Management, Monitoring, Policy and Law (Q2); Public Administration (Q2)";"Environmental Science; Social Sciences"
183;14851;"Journal of International Trade and Economic Development";journal;"09638199, 14699559";"Routledge";No;No;0,675;Q1;50;65;156;3293;443;154;2,17;50,66;36,24;11;United Kingdom;Western Europe;"Routledge";"1992-2026";"Aerospace Engineering (Q1); Geography, Planning and Development (Q1); Development (Q2)";"Engineering; Social Sciences"
184;24506;"GeoInformatica";journal;"15737624, 13846175";"Kluwer Academic Publishers";No;No;0,674;Q1;67;25;96;1205;302;89;1,97;48,20;25,00;1;Netherlands;Western Europe;"Kluwer Academic Publishers";"1997-2026";"Geography, Planning and Development (Q1); Information Systems (Q2)";"Computer Science; Social Sciences"
185;4400151417;"Integrated Environmental Assessment and Management";journal;"15513793, 15513777";"Oxford University Press";No;No;0,672;Q1;83;156;330;8029;964;287;3,26;51,47;40,16;37;United States;Northern America;"Oxford University Press";"2005-2026";"Geography, Planning and Development (Q1); Environmental Science (miscellaneous) (Q2); Medicine (miscellaneous) (Q2)";"Environmental Science; Medicine; Social Sciences"
186;21100256972;"Water Resources and Economics";journal;"22124284";"Elsevier B.V.";No;No;0,671;Q1;33;20;66;1249;197;63;2,89;62,45;32,73;4;Netherlands;Western Europe;"Elsevier B.V.";"2013-2025";"Geography, Planning and Development (Q1); Economics and Econometrics (Q2); Water Science and Technology (Q2)";"Economics, Econometrics and Finance; Environmental Science; Social Sciences"
187;21101046224;"Human Geography (United Kingdom)";journal;"19427786, 2633674X";"SAGE Publications Inc.";No;No;0,668;Q1;30;35;94;1197;162;90;1,47;34,20;29,27;1;United States;Northern America;"SAGE Publications Inc.";"2008-2026";"Geography, Planning and Development (Q1); Philosophy (Q1)";"Arts and Humanities; Social Sciences"
188;13913;"Journal of Housing and the Built Environment";journal;"15737772, 15664910";"Springer Netherlands";No;No;0,668;Q1;63;108;191;6795;457;190;2,14;62,92;42,01;25;Netherlands;Western Europe;"Springer Netherlands";"1997-2026";"Geography, Planning and Development (Q1); Urban Studies (Q1)";"Social Sciences"
189;21100236217;"Review of European, Comparative and International Environmental Law";journal;"20500386, 20500394";"John Wiley and Sons Ltd";No;No;0,668;Q1;36;41;109;0;273;103;2,35;0,00;56,45;15;United Kingdom;Western Europe;"John Wiley and Sons Ltd";"2013-2026";"Geography, Planning and Development (Q1); Law (Q1); Management, Monitoring, Policy and Law (Q2)";"Environmental Science; Social Sciences"
190;14809;"Journal of Ecotourism";journal;"14724049, 17477638";"Taylor and Francis Ltd.";No;No;0,665;Q1;56;22;71;1503;253;56;2,89;68,32;43,33;2;United Kingdom;Western Europe;"Taylor and Francis Ltd.";"2002-2026";"Geography, Planning and Development (Q1); Tourism, Leisure and Hospitality Management (Q2)";"Business, Management and Accounting; Social Sciences"
191;16886;"Citizenship Studies";journal;"14693593, 13621025";"Routledge";No;No;0,664;Q1;83;86;174;3256;347;163;1,93;37,86;69,61;8;United Kingdom;Western Europe;"Routledge";"1997-2026";"Geography, Planning and Development (Q1); Political Science and International Relations (Q1)";"Social Sciences"
192;21100240100;"Sustainability (Switzerland)";journal;"20711050";"Multidisciplinary Digital Publishing Institute (MDPI)";Yes;No;0,664;Q1;242;16935;31921;1061325;144561;31654;4,37;62,67;38,25;1246;Switzerland;Western Europe;"Multidisciplinary Digital Publishing Institute (MDPI)";"2009-2026";"Geography, Planning and Development (Q1); Computer Networks and Communications (Q2); Energy Engineering and Power Technology (Q2); Environmental Science (miscellaneous) (Q2); Hardware and Architecture (Q2); Management, Monitoring, Policy and Law (Q2); Renewable Energy, Sustainability and the Environment (Q2)";"Computer Science; Energy; Environmental Science; Social Sciences"
193;27852;"Marine Resource Economics";journal;"23345985, 07381360";"University of Chicago Press";No;No;0,661;Q1;54;23;60;1210;168;60;2,60;52,61;30,00;6;United States;Northern America;"University of Chicago Press";"1987, 1989, 1993-2026";"Geography, Planning and Development (Q1); Economics and Econometrics (Q2); Management, Monitoring, Policy and Law (Q2); Oceanography (Q2)";"Earth and Planetary Sciences; Economics, Econometrics and Finance; Environmental Science; Social Sciences"
194;4500151528;"Urban Water Journal";journal;"17449006, 1573062X";"Taylor and Francis Ltd.";No;No;0,661;Q1;64;91;239;4365;822;236;3,22;47,97;31,82;0;United Kingdom;Western Europe;"Taylor and Francis Ltd.";"2004-2026";"Geography, Planning and Development (Q1); Water Science and Technology (Q2)";"Environmental Science; Social Sciences"
195;21100463803;"Regional Studies, Regional Science";journal;"21681376";"Taylor and Francis Ltd.";Yes;No;0,657;Q1;36;58;133;2625;316;132;1,93;45,26;29,27;16;United Kingdom;Western Europe;"Taylor and Francis Ltd.";"2014-2026";"Geography, Planning and Development (Q1); Sociology and Political Science (Q1); Economics and Econometrics (Q2)";"Economics, Econometrics and Finance; Social Sciences"
196;28216;"Geocarto International";journal;"17520762, 10106049";"Taylor and Francis Ltd.";Yes;No;0,655;Q1;75;857;333;58517;1479;332;4,43;68,28;26,19;23;United Kingdom;Western Europe;"Taylor and Francis Ltd.";"1986-2026";"Geography, Planning and Development (Q1); Water Science and Technology (Q2)";"Environmental Science; Social Sciences"
197;21100456777;"Journal of Demographic Economics";journal;"20540892, 20540906";"Cambridge University Press";No;No;0,655;Q2;20;19;50;901;67;48;1,54;47,42;40,00;4;United Kingdom;Western Europe;"Cambridge University Press";"2015-2026";"Demography (Q1); Economics and Econometrics (Q2); Geography, Planning and Development (Q2)";"Economics, Econometrics and Finance; Social Sciences"
198;5700164337;"Journal of Tourism and Cultural Change";journal;"14766825, 17477654";"Routledge";No;No;0,653;Q2;46;45;133;2986;378;130;2,77;66,36;49,45;2;United Kingdom;Western Europe;"Routledge";"2003-2026";"Cultural Studies (Q1); Geography, Planning and Development (Q2); Nature and Landscape Conservation (Q2); Tourism, Leisure and Hospitality Management (Q2); Transportation (Q2)";"Business, Management and Accounting; Environmental Science; Social Sciences"
199;27731;"Latin American Perspectives";journal;"0094582X, 1552678X";"SAGE Publications Ltd";No;No;0,650;Q2;55;80;234;3751;256;205;0,97;46,89;31,63;0;United Kingdom;Western Europe;"SAGE Publications Ltd";"1977, 1981, 1984, 1986-2026";"Sociology and Political Science (Q1); Geography, Planning and Development (Q2)";"Social Sciences"
200;20053;"International Journal of Public Sector Management";journal;"09513558";"Emerald Group Publishing Ltd.";No;No;0,646;Q2;74;43;130;3031;396;128;2,61;70,49;29,00;0;United Kingdom;Western Europe;"Emerald Group Publishing Ltd.";"1970, 1988-2026";"Political Science and International Relations (Q1); Geography, Planning and Development (Q2); Management, Monitoring, Policy and Law (Q2); Public Administration (Q2)";"Environmental Science; Social Sciences"
201;28772;"GeoJournal";journal;"15729893, 03432521";"Springer Science and Business Media Deutschland GmbH";No;No;0,645;Q2;92;372;370;22831;1382;370;3,64;61,37;30,46;37;Germany;Western Europe;"Springer Science and Business Media Deutschland GmbH";"1977-2002, 2004-2026";"Geography, Planning and Development (Q2)";"Social Sciences"
202;14103;"Development Policy Review";journal;"09506764, 14677679";"Wiley-Blackwell Publishing Ltd";No;No;0,632;Q2;80;82;171;5147;364;170;2,12;62,77;40,78;47;United Kingdom;Western Europe;"Wiley-Blackwell Publishing Ltd";"1966, 1968-1970, 1972-2026";"Development (Q2); Geography, Planning and Development (Q2); Management, Monitoring, Policy and Law (Q2)";"Environmental Science; Social Sciences"
203;80321;"Pacific Review";journal;"09512748, 14701332";"Taylor and Francis Ltd.";No;No;0,632;Q2;63;43;125;3711;354;124;2,44;86,30;34,00;12;United Kingdom;Western Europe;"Taylor and Francis Ltd.";"1988-2026";"Sociology and Political Science (Q1); Geography, Planning and Development (Q2)";"Social Sciences"
204;23817;"Journal of African Business";journal;"15228916, 15229076";"Routledge";No;No;0,629;Q2;45;56;96;3468;331;90;2,72;61,93;30,34;6;United States;Northern America;"Routledge";"2000-2026";"Development (Q2); Geography, Planning and Development (Q2)";"Social Sciences"
205;26363;"Journal of Refugee Studies";journal;"09516328, 14716925";"Oxford University Press";No;No;0,629;Q2;82;83;307;3839;581;305;1,65;46,25;62,42;20;United Kingdom;Western Europe;"Oxford University Press";"1988-2025";"Political Science and International Relations (Q1); Geography, Planning and Development (Q2)";"Social Sciences"
206;17500155125;"Emotion, Space and Society";journal;"17554586, 18780040";"Elsevier B.V.";No;No;0,629;-;58;33;192;1914;397;186;1,94;58,00;71,67;1;Netherlands;Western Europe;"Elsevier B.V.";"2008-2026";"Social Psychology (Q2); Experimental and Cognitive Psychology (Q3)";"Psychology"
207;7100153133;"Spatial Economic Analysis";journal;"17421780, 17421772";"Routledge";No;No;0,626;Q2;44;31;86;1527;189;72;2,42;49,26;29,33;8;United Kingdom;Western Europe;"Routledge";"2006-2026";"Economics, Econometrics and Finance (miscellaneous) (Q1); Earth and Planetary Sciences (miscellaneous) (Q2); Geography, Planning and Development (Q2); Statistics, Probability and Uncertainty (Q2)";"Decision Sciences; Earth and Planetary Sciences; Economics, Econometrics and Finance; Social Sciences"
208;21100229269;"International Journal of Urban Sciences";journal;"12265934, 21616779";"Taylor and Francis Ltd.";No;No;0,623;Q2;38;37;108;2205;337;104;2,99;59,59;34,57;7;United Kingdom;Western Europe;"Taylor and Francis Ltd.";"1998-2026";"Urban Studies (Q1); Geography, Planning and Development (Q2)";"Social Sciences"
209;12652;"Singapore Journal of Tropical Geography";journal;"14679493, 01297619";"Wiley-Blackwell Publishing Ltd";No;No;0,618;Q2;56;24;91;1117;166;68;1,71;46,54;40,54;0;United Kingdom;Western Europe;"Wiley-Blackwell Publishing Ltd";"1980-1986, 1988-2026";"Earth-Surface Processes (Q2); Geography, Planning and Development (Q2)";"Earth and Planetary Sciences; Social Sciences"
210;23552;"Cultural geographies";journal;"14744740, 14770881";"SAGE Publications Ltd";No;No;0,615;Q2;75;45;123;0;240;123;1,81;0,00;50,00;0;United Kingdom;Western Europe;"SAGE Publications Ltd";"1994-1998, 2002-2026";"Cultural Studies (Q1); Environmental Science (miscellaneous) (Q2); Geography, Planning and Development (Q2)";"Environmental Science; Social Sciences"
211;21101081510;"Journal of Palaeogeography (Chinese Edition)";journal;"16711505";"Science Press";No;No;0,612;Q2;24;80;228;4139;502;228;1,84;51,74;36,97;0;China;Asiatic Region;"Science Press";"2019-2025";"Earth and Planetary Sciences (miscellaneous) (Q2); Earth-Surface Processes (Q2); Geography, Planning and Development (Q2); Paleontology (Q2)";"Earth and Planetary Sciences; Social Sciences"
212;5700161063;"Urban Forum";journal;"18746330, 10153802";"Springer Science and Business Media B.V.";No;No;0,608;Q2;47;27;86;1575;172;86;1,72;58,33;47,14;7;Netherlands;Western Europe;"Springer Science and Business Media B.V.";"1990-2026";"Urban Studies (Q1); Geography, Planning and Development (Q2)";"Social Sciences"
213;29274;"Journal of Geography";journal;"17526868, 00221341";"Taylor and Francis Ltd.";No;No;0,606;Q2;43;14;71;808;172;64;2,38;57,71;51,06;0;United Kingdom;Western Europe;"Taylor and Francis Ltd.";"1902-2026";"Earth-Surface Processes (Q2); Education (Q2); Geography, Planning and Development (Q2)";"Earth and Planetary Sciences; Social Sciences"
214;12440;"Professional Geographer";journal;"14679272, 00330124";"Taylor and Francis Ltd.";No;No;0,600;Q2;97;78;179;3220;428;174;2,18;41,28;44,68;7;United Kingdom;Western Europe;"Taylor and Francis Ltd.";"1949-2026";"Earth-Surface Processes (Q2); Geography, Planning and Development (Q2)";"Earth and Planetary Sciences; Social Sciences"
215;21100828738;"Critical Housing Analysis";journal;"23362839";"Academy of Sciences of the Czech Republic, Institute of Sociology";Yes;Yes;0,599;Q2;19;13;45;359;65;44;1,53;27,62;37,50;1;Czech Republic;Eastern Europe;"Academy of Sciences of the Czech Republic, Institute of Sociology";"2014-2025";"Sociology and Political Science (Q1); Geography, Planning and Development (Q2); Urban Studies (Q2)";"Social Sciences"
216;26359;"Journal of International Relations and Development";journal;"14086980, 15811980";"Palgrave Macmillan Ltd.";No;No;0,593;Q2;49;46;128;3684;262;124;1,76;80,09;39,73;14;United Kingdom;Western Europe;"Palgrave Macmillan Ltd.";"1998-2026";"Political Science and International Relations (Q1); Development (Q2); Geography, Planning and Development (Q2)";"Social Sciences"
217;21100897005;"Frontiers in Built Environment";journal;"22973362";"Frontiers Media SA";Yes;No;0,590;Q2;52;302;537;16642;1669;503;3,08;55,11;31,07;12;Switzerland;Western Europe;"Frontiers Media SA";"2015-2026";"Building and Construction (Q2); Geography, Planning and Development (Q2); Urban Studies (Q2)";"Engineering; Social Sciences"
218;21100208039;"International Journal of Urban Sustainable Development";journal;"19463138, 19463146";"Taylor and Francis Ltd.";Yes;No;0,590;Q2;33;31;89;1839;227;87;1,78;59,32;39,44;5;United Kingdom;Western Europe;"Taylor and Francis Ltd.";"2010-2026";"Development (Q2); Geography, Planning and Development (Q2); Management, Monitoring, Policy and Law (Q2); Urban Studies (Q2)";"Environmental Science; Social Sciences"
219;50171;"International Development Planning Review";journal;"14783401, 14746743";"Liverpool University Press";No;No;0,588;Q2;45;21;76;1355;159;73;1,61;64,52;46,81;0;United Kingdom;Western Europe;"Liverpool University Press";"2002-2025";"Development (Q2); Geography, Planning and Development (Q2)";"Social Sciences"
220;19900193635;"Journal of Maps";journal;"17445647";"Taylor and Francis Ltd.";Yes;No;0,586;Q2;55;69;344;2868;780;332;2,21;41,57;27,48;4;United Kingdom;Western Europe;"Taylor and Francis Ltd.";"2005-2026";"Earth and Planetary Sciences (miscellaneous) (Q2); Geography, Planning and Development (Q2)";"Earth and Planetary Sciences; Social Sciences"
221;24227;"Review of International Economics";journal;"09657576, 14679396";"Wiley-Blackwell Publishing Ltd";No;No;0,584;Q2;75;53;175;2420;231;173;1,09;45,66;25,45;23;United Kingdom;Western Europe;"Wiley-Blackwell Publishing Ltd";"1992-2026";"Development (Q2); Geography, Planning and Development (Q2)";"Social Sciences"
222;11900154359;"European Journal of Transport and Infrastructure Research";journal;"15677141, 15677133";"TU Delft";Yes;Yes;0,583;Q2;38;21;65;1168;104;63;1,69;55,62;25,76;1;Netherlands;Western Europe;"TU Delft";"2002, 2008-2025";"Geography, Planning and Development (Q2); Urban Studies (Q2); Transportation (Q3)";"Social Sciences"
223;27159;"Innovation: The European Journal of Social Science Research";journal;"13511610, 14698412";"Routledge";No;No;0,582;Q2;50;41;106;2951;305;92;2,08;71,98;40,00;7;United Kingdom;Western Europe;"Routledge";"1988-2026";"Cultural Studies (Q1); Social Sciences (miscellaneous) (Q1); Sociology and Political Science (Q1); Geography, Planning and Development (Q2); Management of Technology and Innovation (Q2); Organizational Behavior and Human Resource Management (Q2); Strategy and Management (Q2)";"Business, Management and Accounting; Social Sciences"
224;5400152709;"Journal of Mountain Science";journal;"19930321, 16726316";"Science Press";No;No;0,579;Q2;64;246;645;14165;1916;645;2,68;57,58;31,76;4;China;Asiatic Region;"Science Press";"2007-2026";"Earth-Surface Processes (Q2); Geography, Planning and Development (Q2); Geology (Q2); Nature and Landscape Conservation (Q2); Global and Planetary Change (Q3)";"Earth and Planetary Sciences; Environmental Science; Social Sciences"
225;26522;"Mediterranean Politics";journal;"17439418, 13629395";"Routledge";No;No;0,576;Q2;45;28;112;1515;193;96;1,43;54,11;47,37;11;United Kingdom;Western Europe;"Routledge";"1996-2026";"Political Science and International Relations (Q1); Geography, Planning and Development (Q2)";"Social Sciences"
226;5800179628;"Australasian Journal of Environmental Management";journal;"14486563, 21595356";"Taylor and Francis Ltd.";No;No;0,574;Q2;37;25;79;1485;190;67;1,46;59,40;46,27;4;United Kingdom;Western Europe;"Taylor and Francis Ltd.";"1996-2026";"Geography, Planning and Development (Q2); Management, Monitoring, Policy and Law (Q2)";"Environmental Science; Social Sciences"
227;14118;"Development Southern Africa";journal;"14703637, 0376835X";"Routledge";No;No;0,573;Q2;59;59;179;2756;469;175;2,38;46,71;40,17;0;United Kingdom;Western Europe;"Routledge";"1984-2026";"Development (Q2); Geography, Planning and Development (Q2)";"Social Sciences"
228;20960;"Science and Public Policy";journal;"03023427, 14715430";"Oxford University Press";No;No;0,568;Q2;91;73;226;4681;645;226;2,59;64,12;38,46;24;United Kingdom;Western Europe;"Oxford University Press";"1974, 1976-1982, 1984-2026";"Geography, Planning and Development (Q2); Management, Monitoring, Policy and Law (Q2); Public Administration (Q2)";"Environmental Science; Social Sciences"
229;12575;"Food and Nutrition Bulletin";journal;"03795721, 15648265";"SAGE Publications Inc.";No;No;0,566;Q2;94;32;157;1444;348;141;2,05;45,13;56,14;9;United States;Northern America;"SAGE Publications Inc.";"1982-2026";"Food Science (Q2); Geography, Planning and Development (Q2); Nutrition and Dietetics (Q2)";"Agricultural and Biological Sciences; Nursing; Social Sciences"
230;13954;"Journal of the Urban Planning and Development Division, ASCE";journal;"07339488";"American Society of Civil Engineers (ASCE)";No;No;0,566;Q2;63;120;269;6992;718;269;2,62;58,27;42,22;0;United States;Northern America;"American Society of Civil Engineers (ASCE)";"1979-2026";"Civil and Structural Engineering (Q2); Development (Q2); Geography, Planning and Development (Q2); Urban Studies (Q2)";"Engineering; Social Sciences"
231;19700188255;"Journal of Policy Research in Tourism, Leisure and Events";journal;"19407963, 19407971";"Routledge";No;No;0,561;Q2;41;21;87;999;235;82;2,83;47,57;34,69;4;United States;Northern America;"Routledge";"2009-2026";"Geography, Planning and Development (Q2); Tourism, Leisure and Hospitality Management (Q2)";"Business, Management and Accounting; Social Sciences"
232;10100153322;"Journal of Immigrant and Refugee Studies";journal;"15562956, 15562948";"Routledge";No;No;0,560;Q2;43;41;102;2191;244;100;1,76;53,44;76,40;11;United States;Northern America;"Routledge";"2006-2026";"Demography (Q1); Geography, Planning and Development (Q2); Health (social science) (Q2)";"Social Sciences"
233;21100780469;"World Development Perspectives";journal;"24680532, 24522929";"Elsevier Ltd";No;No;0,560;Q2;31;67;164;3339;379;164;2,02;49,84;38,57;20;United Kingdom;Western Europe;"Elsevier Ltd";"2016-2026";"Sociology and Political Science (Q1); Development (Q2); Economics and Econometrics (Q2); Geography, Planning and Development (Q2)";"Economics, Econometrics and Finance; Social Sciences"
234;145676;"Thunderbird International Business Review";journal;"10964762, 15206874";"John Wiley and Sons Inc";No;No;0,557;Q2;59;49;199;3720;509;171;2,50;75,92;30,28;2;United States;Northern America;"John Wiley and Sons Inc";"1998-1999, 2005-2026";"Political Science and International Relations (Q1); Business and International Management (Q2); Geography, Planning and Development (Q2)";"Business, Management and Accounting; Social Sciences"
235;14090;"Development";journal;"10116370, 14617072";"Palgrave Macmillan Ltd.";No;No;0,555;Q2;50;36;106;895;191;97;2,11;24,86;56,00;10;United Kingdom;Western Europe;"Palgrave Macmillan Ltd.";"1984-1985, 1988-2026";"Development (Q2); Geography, Planning and Development (Q2)";"Social Sciences"
236;21100435556;"Regional Science Policy and Practice";journal;"17577802";"Elsevier B.V.";Yes;No;0,553;Q2;33;95;243;4395;501;230;2,06;46,26;34,27;11;Netherlands;Western Europe;"Elsevier B.V.";"2008-2026";"Development (Q2); Geography, Planning and Development (Q2); Management, Monitoring, Policy and Law (Q2)";"Environmental Science; Social Sciences"
237;27949;"Zeitschrift fur Wirtschaftsgeographie";journal;"00443751";"De Gruyter Open Ltd";No;No;0,551;Q2;0;0;0;0;0;0;0,00;0,00;0,00;0;Germany;Western Europe;"De Gruyter Open Ltd";"1978-1981, 1984, 1988-2021";"Economics and Econometrics (Q2); Geography, Planning and Development (Q2)";"Economics, Econometrics and Finance; Social Sciences"
238;27733;"Latin American Research Review";journal;"00238791, 15424278";"Cambridge University Press";Yes;Yes;0,548;Q2;62;54;155;2262;178;144;0,84;41,89;43,42;5;United States;Northern America;"Cambridge University Press";"1965-2026";"Anthropology (Q1); Arts and Humanities (miscellaneous) (Q1); Cultural Studies (Q1); Economics, Econometrics and Finance (miscellaneous) (Q1); History (Q1); Literature and Literary Theory (Q1); Multidisciplinary (Q1); Political Science and International Relations (Q1); Sociology and Political Science (Q1); Development (Q2); Geography, Planning and Development (Q2)";"Arts and Humanities; Economics, Econometrics and Finance; Multidisciplinary; Social Sciences"
239;20727;"Europe-Asia Studies";journal;"09668136, 14653427";"Routledge";No;No;0,545;Q2;73;81;219;5590;373;208;1,49;69,01;39,29;12;United Kingdom;Western Europe;"Routledge";"1993-2026";"History (Q1); Sociology and Political Science (Q1); Economics and Econometrics (Q2); Geography, Planning and Development (Q2)";"Arts and Humanities; Economics, Econometrics and Finance; Social Sciences"
240;13931;"Journal of Property Research";journal;"14664453, 09599916";"Routledge";No;No;0,544;Q2;43;16;49;995;100;49;1,91;62,19;38,10;1;United Kingdom;Western Europe;"Routledge";"1991-2026";"Geography, Planning and Development (Q2); Urban Studies (Q2)";"Social Sciences"
241;12095;"Anatolia";journal;"13032917, 21566909";"Routledge";No;No;0,543;Q2;50;68;190;2618;654;152;3,84;38,50;40,15;2;United Kingdom;Western Europe;"Routledge";"1999-2026";"Earth-Surface Processes (Q2); Geography, Planning and Development (Q2)";"Earth and Planetary Sciences; Social Sciences"
242;21100904410;"South Asian Journal of Business Studies";journal;"2398628X, 23986298";"Emerald Group Publishing Ltd.";No;No;0,543;Q2;33;23;69;1934;237;64;2,85;84,09;32,69;0;United Kingdom;Western Europe;"Emerald Group Publishing Ltd.";"2017-2026";"Cultural Studies (Q1); Economics, Econometrics and Finance (miscellaneous) (Q1); Business and International Management (Q2); Geography, Planning and Development (Q2); Marketing (Q2); Strategy and Management (Q2)";"Business, Management and Accounting; Economics, Econometrics and Finance; Social Sciences"
243;21100331602;"Annals of Leisure Research";journal;"11745398, 21596816";"Routledge";No;No;0,539;Q2;41;35;118;2148;306;101;2,41;61,37;61,43;2;United States;Northern America;"Routledge";"2008-2026";"Cultural Studies (Q1); Geography, Planning and Development (Q2); Social Psychology (Q2); Tourism, Leisure and Hospitality Management (Q2)";"Business, Management and Accounting; Psychology; Social Sciences"
244;15349;"Oxford Development Studies";journal;"14699966, 13600818";"Routledge";No;No;0,538;Q2;63;25;80;1432;144;79;1,21;57,28;45,10;10;United Kingdom;Western Europe;"Routledge";"1996-2026";"Development (Q2); Geography, Planning and Development (Q2)";"Social Sciences"
245;29272;"Journal of Cultural Geography";journal;"08873631";"Taylor and Francis Ltd.";No;No;0,532;Q2;31;18;48;795;51;46;0,68;44,17;44,12;1;United Kingdom;Western Europe;"Taylor and Francis Ltd.";"1980-1999, 2001-2026";"Cultural Studies (Q1); Geography, Planning and Development (Q2)";"Social Sciences"
246;21100854471;"Migration Studies";journal;"20495838, 20495846";"Oxford University Press";No;No;0,531;Q2;30;42;110;1910;234;107;2,15;45,48;59,77;10;United Kingdom;Western Europe;"Oxford University Press";"2016-2026";"Demography (Q1); Geography, Planning and Development (Q2)";"Social Sciences"
247;11600153582;"Community Development";journal;"15575330, 19447485";"Routledge";No;No;0,530;Q2;34;38;121;1932;194;106;1,33;50,84;45,37;4;United Kingdom;Western Europe;"Routledge";"2009-2026";"Geography, Planning and Development (Q2); Sociology and Political Science (Q2)";"Social Sciences"
248;18463;"Africa";journal;"00019720, 17500184";"Cambridge University Press";No;No;0,527;Q2;57;43;130;2383;191;130;1,44;55,42;50,00;0;United Kingdom;Western Europe;"Cambridge University Press";"1928-1940, 1943-2025";"Anthropology (Q1); Arts and Humanities (miscellaneous) (Q1); Geography, Planning and Development (Q2)";"Arts and Humanities; Social Sciences"
249;21100464902;"Journal of Environmental Studies and Sciences";journal;"21906491, 21906483";"Springer";No;No;0,527;Q2;45;65;150;4108;271;146;2,02;63,20;50,28;8;United States;Northern America;"Springer";"2011-2026";"Environmental Science (miscellaneous) (Q2); Geography, Planning and Development (Q2)";"Environmental Science; Social Sciences"
250;21100455415;"Regional Statistics";journal;"20648243, 20639538";"Hungarian Central Statistical Office";No;No;0,526;Q2;22;32;73;1548;244;73;3,46;48,38;31,75;0;Hungary;Eastern Europe;"Hungarian Central Statistical Office";"2015-2026";"Economics and Econometrics (Q2); Geography, Planning and Development (Q2); Statistics and Probability (Q3)";"Economics, Econometrics and Finance; Mathematics; Social Sciences"
251;26602;"Evaluation and Program Planning";journal;"01497189, 18737870";"Elsevier Ltd";No;No;0,525;Q2;77;118;292;5846;662;292;1,82;49,54;58,16;14;United Kingdom;Western Europe;"Elsevier Ltd";"1978-2026";"Business and International Management (Q2); Geography, Planning and Development (Q2); Public Health, Environmental and Occupational Health (Q2); Social Psychology (Q2); Strategy and Management (Q2)";"Business, Management and Accounting; Medicine; Psychology; Social Sciences"
252;29791;"Moravian Geographical Reports";journal;"12108812";"Academy of Sciences of the Czech Republic";Yes;Yes;0,520;Q2;31;21;66;1656;170;66;2,63;78,86;33,33;2;Czech Republic;Eastern Europe;"Academy of Sciences of the Czech Republic";"1993-2025";"Earth and Planetary Sciences (miscellaneous) (Q2); Geography, Planning and Development (Q2)";"Earth and Planetary Sciences; Social Sciences"
253;19400158591;"Applied Geomatics";journal;"1866928X, 18669298";"Springer Verlag";No;No;0,515;Q2;41;66;149;2966;449;147;3,17;44,94;25,59;0;Germany;Western Europe;"Springer Verlag";"2009-2026";"Earth and Planetary Sciences (miscellaneous) (Q2); Engineering (miscellaneous) (Q2); Environmental Science (miscellaneous) (Q2); Geography, Planning and Development (Q2)";"Earth and Planetary Sciences; Engineering; Environmental Science; Social Sciences"
254;25162;"Global Society";journal;"1469798X, 13600826";"Taylor and Francis Ltd.";No;No;0,513;Q2;46;29;91;2281;163;87;1,98;78,66;36,11;7;United Kingdom;Western Europe;"Taylor and Francis Ltd.";"1996-2026";"Geography, Planning and Development (Q2); Global and Planetary Change (Q3)";"Environmental Science; Social Sciences"
255;11600153918;"Environmental Justice";journal;"19394071, 19375174";"Mary Ann Liebert Inc.";No;No;0,510;Q2;39;45;100;1820;176;97;1,84;40,44;64,62;12;United States;Northern America;"Mary Ann Liebert Inc.";"2008-2026";"Geography, Planning and Development (Q2); Management, Monitoring, Policy and Law (Q2); Health, Toxicology and Mutagenesis (Q3)";"Environmental Science; Social Sciences"
256;27574;"Regional and Federal Studies";journal;"13597566, 17439434";"Routledge";No;No;0,510;Q2;48;32;93;1708;149;90;1,73;53,38;20,00;1;United Kingdom;Western Europe;"Routledge";"1995-2026";"Political Science and International Relations (Q1); Geography, Planning and Development (Q2)";"Social Sciences"
257;20500195207;"European Journal of Tourism Research";journal;"13140817, 19947658";"International University College";Yes;Yes;0,508;Q2;37;55;123;4111;327;111;2,81;74,75;46,40;1;Bulgaria;Eastern Europe;"International University College";"2008-2026";"Geography, Planning and Development (Q2); Tourism, Leisure and Hospitality Management (Q2)";"Business, Management and Accounting; Social Sciences"
258;26891;"Mathematical Population Studies";journal;"08898480, 1547724X";"Taylor and Francis Ltd.";No;No;0,506;Q2;26;12;41;317;76;38;1,92;26,42;30,00;0;United Kingdom;Western Europe;"Taylor and Francis Ltd.";"1988-2001, 2003-2026";"Agricultural and Biological Sciences (miscellaneous) (Q2); Demography (Q2); Geography, Planning and Development (Q2); Mathematics (miscellaneous) (Q2)";"Agricultural and Biological Sciences; Mathematics; Social Sciences"
259;21101076323;"Digital Geography and Society";journal;"26663783";"Elsevier Ltd";Yes;No;0,505;Q2;17;21;18;1456;49;17;2,72;69,33;42,86;5;United Kingdom;Western Europe;"Elsevier Ltd";"2020-2026";"Computer Science Applications (Q2); Development (Q2); Geography, Planning and Development (Q2); Information Systems (Q2); Social Sciences (miscellaneous) (Q2)";"Computer Science; Social Sciences"
260;17400154814;"Applied Spatial Analysis and Policy";journal;"18744621, 1874463X";"Springer Netherlands";No;No;0,504;Q2;36;63;139;3345;314;135;2,27;53,10;34,34;10;Netherlands;Western Europe;"Springer Netherlands";"2009-2026";"Geography, Planning and Development (Q2)";"Social Sciences"
261;14979;"ACME";journal;"14929732";"Okanagan University College";Yes;Yes;0,503;Q2;51;43;130;2744;181;129;0,90;63,81;53,25;0;Canada;Northern America;"Okanagan University College";"2002-2004, 2006-2025";"Geography, Planning and Development (Q2)";"Social Sciences"
262;21100855506;"International Journal of E-Planning Research";journal;"21609926, 21609918";"IGI Global Publishing";No;No;0,503;Q2;18;8;63;319;200;63;3,43;39,88;47,62;0;United States;Northern America;"IGI Global Publishing";"2017-2025";"Computer Science Applications (Q2); Geography, Planning and Development (Q2); Urban Studies (Q2)";"Computer Science; Social Sciences"
263;21100200653;"Information Polity";journal;"18758754, 15701255";"SAGE Publications Ltd";No;No;0,501;Q2;50;35;84;1581;177;74;1,90;45,17;44,83;0;United Kingdom;Western Europe;"SAGE Publications Ltd";"2002-2025";"Communication (Q2); Geography, Planning and Development (Q2); Information Systems (Q2); Public Administration (Q2); Sociology and Political Science (Q2)";"Computer Science; Social Sciences"
264;20871;"Transportation Planning and Technology";journal;"10290354, 03081060";"Taylor and Francis Ltd.";No;No;0,500;Q2;54;33;148;1519;305;146;1,99;46,03;27,10;1;United Kingdom;Western Europe;"Taylor and Francis Ltd.";"1972-2026";"Geography, Planning and Development (Q2); Transportation (Q3)";"Social Sciences"
265;21101039693;"Journal of Population Ageing";journal;"18747876, 18747884";"Springer Science and Business Media B.V.";No;No;0,498;Q2;22;54;78;2611;180;70;2,66;48,35;46,15;9;Netherlands;Western Europe;"Springer Science and Business Media B.V.";"2013-2016, 2018-2026";"Demography (Q2); Geography, Planning and Development (Q2); Sociology and Political Science (Q2)";"Social Sciences"
266;15400;"Review of Development Economics";journal;"14679361, 13636669";"Wiley-Blackwell Publishing Ltd";No;No;0,497;Q2;69;100;274;5067;463;273;1,56;50,67;24,55;32;United Kingdom;Western Europe;"Wiley-Blackwell Publishing Ltd";"1997-2026";"Development (Q2); Geography, Planning and Development (Q2)";"Social Sciences"
267;21101079132;"Wellbeing, Space and Society";journal;"26665581";"Elsevier B.V.";Yes;No;0,494;Q2;21;43;53;2881;110;53;2,08;67,00;60,00;11;Netherlands;Western Europe;"Elsevier B.V.";"2020-2026";"Geography, Planning and Development (Q2); Health (social science) (Q2); Social Sciences (miscellaneous) (Q2)";"Social Sciences"
268;21100448230;"Regions and Cohesion";journal;"2152906X, 21529078";"Berghahn Journals";Yes;Yes;0,493;Q2;11;16;65;346;83;61;1,36;21,63;48,65;0;United Kingdom;Western Europe;"Berghahn Journals";"2014-2024";"Political Science and International Relations (Q1); Geography, Planning and Development (Q2); Global and Planetary Change (Q3)";"Environmental Science; Social Sciences"
269;23634;"Gender and Development";journal;"13552074, 13649221";"Routledge";No;No;0,492;Q2;58;40;94;1628;229;88;1,63;40,70;77,03;22;United Kingdom;Western Europe;"Routledge";"1993-2025";"Development (Q2); Gender Studies (Q2); Geography, Planning and Development (Q2)";"Social Sciences"
270;21100827893;"Sustainable Development of Mountain Territories";journal;"19984502, 2499975X";"North Caucasian Institute of Mining and Metallurgy, State Technological University";Yes;No;0,492;Q2;22;70;179;1744;220;177;1,39;24,91;43,09;0;Russian Federation;Eastern Europe;"North Caucasian Institute of Mining and Metallurgy, State Technological University";"2011-2025";"Earth and Planetary Sciences (miscellaneous) (Q2); Geography, Planning and Development (Q2); Management, Monitoring, Policy and Law (Q2); Mechanical Engineering (Q2); Sociology and Political Science (Q2); Renewable Energy, Sustainability and the Environment (Q3)";"Earth and Planetary Sciences; Energy; Engineering; Environmental Science; Social Sciences"
271;14850;"Journal of International Development";journal;"10991328, 09541748";"John Wiley and Sons Ltd";No;No;0,489;Q2;86;81;163;4404;330;162;1,74;54,37;44,34;40;United Kingdom;Western Europe;"John Wiley and Sons Ltd";"1989-2026";"Development (Q2); Geography, Planning and Development (Q2)";"Social Sciences"
272;21100454953;"Mineral Economics";journal;"21912203, 21912211";"Springer Science and Business Media Deutschland GmbH";No;No;0,488;Q2;34;50;95;2797;240;87;2,54;55,94;19,82;16;Germany;Western Europe;"Springer Science and Business Media Deutschland GmbH";"2011-2026";"Economic Geology (Q2); Economics, Econometrics and Finance (miscellaneous) (Q2); Geography, Planning and Development (Q2); Social Sciences (miscellaneous) (Q2)";"Earth and Planetary Sciences; Economics, Econometrics and Finance; Social Sciences"
273;21100853663;"Urban Rail Transit";journal;"21996679, 21996687";"Springer Science and Business Media Deutschland GmbH";Yes;Yes;0,487;Q2;29;19;63;659;141;63;1,66;34,68;37,50;3;Germany;Western Europe;"Springer Science and Business Media Deutschland GmbH";"2015-2026";"Automotive Engineering (Q2); Civil and Structural Engineering (Q2); Electrical and Electronic Engineering (Q2); Geography, Planning and Development (Q2); Urban Studies (Q2); Transportation (Q3)";"Engineering; Social Sciences"
274;13518;"Contemporary South Asia";journal;"09584935, 1469364X";"Routledge";No;No;0,485;Q2;35;47;118;2293;152;92;1,20;48,79;44,19;1;United Kingdom;Western Europe;"Routledge";"1992-2006, 2008-2026";"Political Science and International Relations (Q1); Development (Q2); Geography, Planning and Development (Q2)";"Social Sciences"
275;30006;"Global Social Policy";journal;"17412803, 14680181";"SAGE Publications Ltd";No;No;0,484;Q2;46;42;101;1720;151;78;1,68;40,95;58,33;11;United Kingdom;Western Europe;"SAGE Publications Ltd";"2001-2026";"Geography, Planning and Development (Q2); Management, Monitoring, Policy and Law (Q2); Sociology and Political Science (Q2)";"Environmental Science; Social Sciences"
276;14683;"Planning Practice and Research";journal;"13600583, 02697459";"Routledge";No;No;0,482;Q2;58;51;101;2507;154;97;1,47;49,16;50,82;11;United Kingdom;Western Europe;"Routledge";"1986-2026";"Geography, Planning and Development (Q2)";"Social Sciences"
277;21100332424;"Journal of Spatial Information Science";journal;"1948660X";"University of Maine";Yes;Yes;0,480;Q2;27;9;54;568;90;50;1,82;63,11;48,48;0;United States;Northern America;"University of Maine";"2010-2026";"Computers in Earth Sciences (Q2); Geography, Planning and Development (Q2); Information Systems (Q2)";"Computer Science; Earth and Planetary Sciences; Social Sciences"
278;90549;"Landscape Research";journal;"14699710, 01426397";"Routledge";No;No;0,480;Q2;67;71;216;3459;426;208;2,03;48,72;47,10;5;United Kingdom;Western Europe;"Routledge";"1970, 1972-2026";"Environmental Science (miscellaneous) (Q2); Geography, Planning and Development (Q2); Management, Monitoring, Policy and Law (Q2); Nature and Landscape Conservation (Q2)";"Environmental Science; Social Sciences"
279;22869;"Journal of Forest Economics";journal;"11046899, 16181530";"Now Publishers Inc";No;No;0,476;Q2;47;17;46;765;74;45;1,00;45,00;21,57;2;United States;Northern America;"Now Publishers Inc";"1995-2025";"Ecology (Q2); Forestry (Q2); Geography, Planning and Development (Q2)";"Agricultural and Biological Sciences; Environmental Science; Social Sciences"
280;21100792094;"Diaspora Studies";journal;"09763457, 09739572";"Brill Academic Publishers";No;No;0,471;Q2;13;18;31;1138;51;31;1,50;63,22;62,07;0;United Kingdom;Western Europe;"Brill Academic Publishers";"2009-2010, 2015-2026";"History (Q1); Political Science and International Relations (Q1); Demography (Q2); Geography, Planning and Development (Q2)";"Arts and Humanities; Social Sciences"
281;21100242603;"Journal of Place Management and Development";journal;"17538343, 17538335";"Emerald Group Publishing Ltd.";No;No;0,471;Q2;46;29;88;2167;189;84;2,03;74,72;43,10;0;United Kingdom;Western Europe;"Emerald Group Publishing Ltd.";"2008-2026";"Business and International Management (Q2); Geography, Planning and Development (Q2); Marketing (Q2); Strategy and Management (Q2); Tourism, Leisure and Hospitality Management (Q2); Urban Studies (Q2)";"Business, Management and Accounting; Social Sciences"
282;26288;"Journal of Latin American Studies";journal;"0022216X, 1469767X";"Cambridge University Press";No;No;0,470;Q2;56;24;81;1507;108;81;1,25;62,79;14,81;0;United Kingdom;Western Europe;"Cambridge University Press";"1969-2026";"Arts and Humanities (miscellaneous) (Q2); Geography, Planning and Development (Q2); Sociology and Political Science (Q2)";"Arts and Humanities; Social Sciences"
283;16824;"Central Asian Survey";journal;"02634937, 14653354";"Routledge";No;No;0,469;Q2;45;41;91;2553;210;85;1,19;62,27;56,72;6;United Kingdom;Western Europe;"Routledge";"1982-2026";"Development (Q2); Earth-Surface Processes (Q2); Geography, Planning and Development (Q2)";"Earth and Planetary Sciences; Social Sciences"
284;21000195021;"Migration Letters (discontinued)";journal;"17418992, 17418984";"";No;No;0,468;Q2;24;77;192;3007;314;189;1,85;39,05;56,55;1;United Kingdom;Western Europe;"";"2006, 2008-2009, 2011-2022";"Demography (Q2); Geography, Planning and Development (Q2)";"Social Sciences"
285;19600161831;"African Geographical Review";journal;"19376812";"Taylor and Francis Ltd.";No;No;0,467;Q2;28;32;83;1896;208;82;2,55;59,25;29,21;5;United Kingdom;Western Europe;"Taylor and Francis Ltd.";"2009-2026";"Earth-Surface Processes (Q2); Geography, Planning and Development (Q2)";"Earth and Planetary Sciences; Social Sciences"
286;26648;"Journal of the Indian Society of Remote Sensing";journal;"09743006, 0255660X";"Springer";No;No;0,467;Q2;65;166;540;8212;1535;537;2,86;49,47;24,04;10;India;Asiatic Region;"Springer";"1973-2026";"Earth and Planetary Sciences (miscellaneous) (Q2); Geography, Planning and Development (Q2)";"Earth and Planetary Sciences; Social Sciences"
287;28630;"Geografiska Annaler, Series A: Physical Geography";journal;"04353676, 14680459";"Taylor and Francis Ltd.";No;No;0,466;Q2;64;16;66;1256;106;61;1,64;78,50;19,15;0;United Kingdom;Western Europe;"Taylor and Francis Ltd.";"1965, 1979-2026";"Geography, Planning and Development (Q2); Geology (Q2)";"Earth and Planetary Sciences; Social Sciences"
288;13097;"South African Geographical Journal";journal;"03736245, 21512418";"Routledge";No;No;0,465;Q2;36;30;77;1877;182;74;1,95;62,57;33,90;3;United Kingdom;Western Europe;"Routledge";"1931-1932, 1934-1936, 1938-2026";"Earth and Planetary Sciences (miscellaneous) (Q2); Geography, Planning and Development (Q2)";"Earth and Planetary Sciences; Social Sciences"
289;19700188305;"Journal of Agricultural Education and Extension";journal;"1389224X, 17508622";"Taylor and Francis Ltd.";No;No;0,464;Q2;44;33;102;1987;266;86;2,63;60,21;42,06;0;United Kingdom;Western Europe;"Taylor and Francis Ltd.";"2010-2026";"Agricultural and Biological Sciences (miscellaneous) (Q2); Education (Q2); Geography, Planning and Development (Q2)";"Agricultural and Biological Sciences; Social Sciences"
290;19900188083;"Island Studies Journal";journal;"17152593";"";Yes;Yes;0,457;Q2;35;30;96;1776;178;94;1,77;59,20;48,98;1;Hong Kong;Asiatic Region;"";"2010-2025";"Political Science and International Relations (Q1); Geography, Planning and Development (Q2); Sociology and Political Science (Q2)";"Social Sciences"
291;21100873340;"City, Territory and Architecture";journal;"21952701";"SpringerOpen";Yes;No;0,456;Q2;25;39;45;2079;111;45;2,58;53,31;46,99;5;United Kingdom;Western Europe;"SpringerOpen";"2014-2026";"Architecture (Q1); Geography, Planning and Development (Q2); Urban Studies (Q2)";"Engineering; Social Sciences"
292;28629;"Geografisk Tidsskrift - Danish Journal of Geography";journal;"00167223";"Routledge";No;No;0,452;Q2;35;10;37;555;89;33;2,91;55,50;39,13;1;United Kingdom;Western Europe;"Routledge";"1972-2026";"Earth and Planetary Sciences (miscellaneous) (Q2); Geography, Planning and Development (Q2)";"Earth and Planetary Sciences; Social Sciences"
293;22681;"Impact Assessment and Project Appraisal";journal;"14615517, 14715465";"Taylor and Francis Ltd.";No;No;0,451;Q2;66;53;153;2323;340;122;2,22;43,83;38,20;13;United Kingdom;Western Europe;"Taylor and Francis Ltd.";"1998-2026";"Geography, Planning and Development (Q2); Management, Monitoring, Policy and Law (Q3)";"Environmental Science; Social Sciences"
294;21100940340;"Forest and Society";journal;"25494333, 25494724";"Hasanuddin University";Yes;No;0,448;Q2;25;39;91;2223;231;91;2,35;57,00;39,72;3;Indonesia;Asiatic Region;"Hasanuddin University";"2017-2025";"Forestry (Q2); Geography, Planning and Development (Q2); Nature and Landscape Conservation (Q2); Plant Science (Q2)";"Agricultural and Biological Sciences; Environmental Science; Social Sciences"
295;21101022415;"Spatial Information Research";journal;"23663286, 23663294";"Korean Spatial Information Society";No;No;0,448;Q2;34;64;196;2678;529;196;2,97;41,84;28,64;0;South Korea;Asiatic Region;"Korean Spatial Information Society";"2016-2026";"Computers in Earth Sciences (Q2); Geography, Planning and Development (Q2); Artificial Intelligence (Q3); Computer Science Applications (Q3)";"Computer Science; Earth and Planetary Sciences; Social Sciences"
296;13499;"Asian Development Review";journal;"01161105, 19967241";"World Scientific";Yes;Yes;0,447;Q2;32;18;52;761;82;51;1,63;42,28;28,07;0;Singapore;Asiatic Region;"World Scientific";"1983-2000, 2002-2025";"Development (Q2); Geography, Planning and Development (Q2)";"Social Sciences"
297;23749;"Ancient Mesoamerica";journal;"14691787, 09565361";"Cambridge University Press";No;No;0,446;Q2;47;32;108;3268;103;101;0,88;102,13;33,33;0;United Kingdom;Western Europe;"Cambridge University Press";"1989-2026";"Arts and Humanities (miscellaneous) (Q2); Geography, Planning and Development (Q2)";"Arts and Humanities; Social Sciences"
298;24747;"Modern Asian Studies";journal;"0026749X, 14698099";"Cambridge University Press";No;No;0,444;Q2;57;65;174;4117;171;174;0,95;63,34;36,00;0;United Kingdom;Western Europe;"Cambridge University Press";"1967-2026";"History (Q1); Geography, Planning and Development (Q2); Sociology and Political Science (Q2)";"Arts and Humanities; Social Sciences"
299;20329;"Journal of Political Ideologies";journal;"13569317, 14699613";"Taylor and Francis Ltd.";No;No;0,443;Q2;48;20;56;0;91;52;1,89;0,00;5,00;2;United Kingdom;Western Europe;"Taylor and Francis Ltd.";"1996-2026";"Geography, Planning and Development (Q2); Political Science and International Relations (Q2)";"Social Sciences"
300;22877;"Journal of Sustainable Forestry";journal;"1540756X, 10549811";"Taylor and Francis Ltd.";No;No;0,442;Q2;42;56;154;3284;307;154;2,00;58,64;26,05;5;United Kingdom;Western Europe;"Taylor and Francis Ltd.";"1992-2026";"Food Science (Q2); Forestry (Q2); Geography, Planning and Development (Q2); Management, Monitoring, Policy and Law (Q3); Renewable Energy, Sustainability and the Environment (Q3)";"Agricultural and Biological Sciences; Energy; Environmental Science; Social Sciences"
301;21101055932;"Applied Mobilities";journal;"23800127, 23800135";"Routledge";No;No;0,440;Q2;19;26;61;1282;98;57;1,71;49,31;37,50;2;United Kingdom;Western Europe;"Routledge";"2016-2026";"Geography, Planning and Development (Q2); Urban Studies (Q2); Transportation (Q3)";"Social Sciences"
302;21100793924;"TRaNS: Trans-Regional and -National Studies of Southeast Asia";journal;"2051364X, 20513658";"Cambridge University Press";No;No;0,440;Q2;20;15;42;727;61;41;1,48;48,47;46,67;0;United Kingdom;Western Europe;"Cambridge University Press";"2013-2026";"Anthropology (Q1); Cultural Studies (Q1); History (Q1); Geography, Planning and Development (Q2); Sociology and Political Science (Q2)";"Arts and Humanities; Social Sciences"
303;19700200870;"Intelligent Buildings International";journal;"17566932, 17508975";"Taylor and Francis Ltd.";No;No;0,440;-;34;49;67;2227;155;51;2,20;45,45;40,63;3;United Kingdom;Western Europe;"Taylor and Francis Ltd.";"2009-2026";"Building and Construction (Q2); Computer Science Applications (Q3)";"Computer Science; Engineering"
304;12400154713;"Geospatial Health";journal;"19707096, 18271987";"Page Press Publications";Yes;No;0,438;Q2;46;65;134;2524;259;128;1,91;38,83;40,36;3;Italy;Western Europe;"Page Press Publications";"2006-2026";"Geography, Planning and Development (Q2); Health (social science) (Q2); Health Policy (Q3); Medicine (miscellaneous) (Q3)";"Medicine; Social Sciences"
305;25587;"Pacific Economic Review";journal;"1361374X, 14680106";"Wiley-Blackwell Publishing Ltd";No;No;0,436;Q2;39;21;91;790;122;89;1,60;37,62;30,43;0;United Kingdom;Western Europe;"Wiley-Blackwell Publishing Ltd";"1996-2026";"Aerospace Engineering (Q2); Development (Q2); Economics and Econometrics (Q2); Geography, Planning and Development (Q2)";"Economics, Econometrics and Finance; Engineering; Social Sciences"
306;18783;"Water Policy";journal;"19969759, 13667017";"IWA Publishing";Yes;No;0,436;Q2;73;107;269;5252;522;267;1,90;49,08;32,34;11;United Kingdom;Western Europe;"IWA Publishing";"1998, 2000-2026";"Geography, Planning and Development (Q2); Water Science and Technology (Q2); Management, Monitoring, Policy and Law (Q3)";"Environmental Science; Social Sciences"
307;21100207610;"Journal of Development Effectiveness";journal;"19439407, 19439342";"Taylor and Francis Ltd.";No;No;0,435;Q2;36;22;61;863;63;61;1,18;39,23;51,72;9;United Kingdom;Western Europe;"Taylor and Francis Ltd.";"2009-2026";"Development (Q2); Geography, Planning and Development (Q2)";"Social Sciences"
308;21101061456;"Journal of Tourism, Heritage and Services Marketing";journal;"25291947";"International Hellenic University";Yes;Yes;0,434;Q2;17;6;44;358;96;37;2,58;59,67;26,67;0;Greece;Western Europe;"International Hellenic University";"2019-2025";"Geography, Planning and Development (Q2); Marketing (Q3); Tourism, Leisure and Hospitality Management (Q3)";"Business, Management and Accounting; Social Sciences"
309;19700201456;"Journal of Urbanism";journal;"17549175, 17549183";"Taylor and Francis Ltd.";No;No;0,434;Q2;39;22;76;1196;159;74;1,98;54,36;47,92;3;United Kingdom;Western Europe;"Taylor and Francis Ltd.";"2008-2026";"Geography, Planning and Development (Q2); Urban Studies (Q2)";"Social Sciences"
310;21101064943;"Nordic Journal of Migration Research";journal;"1799649X";"Helsinki University Press";Yes;Yes;0,434;Q2;12;28;84;1292;97;84;1,00;46,14;75,68;4;Finland;Western Europe;"Helsinki University Press";"2019-2026";"Anthropology (Q1); Law (Q1); Demography (Q2); Geography, Planning and Development (Q2); Sociology and Political Science (Q2)";"Social Sciences"
311;19700182634;"Geographical Research Letters";journal;"02116820, 16979540";"University of La Rioja";Yes;Yes;0,433;Q2;31;19;82;1289;152;82;1,61;67,84;21,67;0;Spain;Western Europe;"University of La Rioja";"2009-2026";"Earth and Planetary Sciences (miscellaneous) (Q2); Environmental Science (miscellaneous) (Q2); Geography, Planning and Development (Q2)";"Earth and Planetary Sciences; Environmental Science; Social Sciences"
312;90456;"Journal of Mediterranean Archaeology";journal;"17431700, 09527648";"Equinox Publishing Ltd";No;No;0,433;Q2;38;12;29;861;30;28;0,95;71,75;21,05;1;United Kingdom;Western Europe;"Equinox Publishing Ltd";"1988-2025";"Archeology (arts and humanities) (Q1); Arts and Humanities (miscellaneous) (Q2); Geography, Planning and Development (Q2)";"Arts and Humanities; Social Sciences"
313;21530;"Space and Polity";journal;"14701235, 13562576";"Routledge";No;No;0,427;Q2;49;17;76;753;139;63;1,98;44,29;43,48;1;United Kingdom;Western Europe;"Routledge";"1997-2026";"Geography, Planning and Development (Q2); Political Science and International Relations (Q2)";"Social Sciences"
314;29929;"Norsk Geografisk Tidsskrift";journal;"15025292, 00291951";"Taylor and Francis A.S.";No;No;0,425;Q2;45;22;84;1359;119;72;1,19;61,77;29,51;2;United Kingdom;Western Europe;"Taylor and Francis A.S.";"1926-1928, 1930, 1932-1933, 1935-1936, 1938, 1940-1946, 1948, 1951, 1954, 1956-1957, 1959, 1961, 1963, 1965, 1967-2025";"Earth and Planetary Sciences (miscellaneous) (Q2); Geography, Planning and Development (Q2)";"Earth and Planetary Sciences; Social Sciences"
315;21100305226;"Hungarian Geographical Bulletin";journal;"20645147, 20645031";"Hungarian Academy of Sciences, Geographical Research Institute";Yes;Yes;0,424;Q2;24;22;66;1202;133;66;1,80;54,64;35,29;1;Hungary;Eastern Europe;"Hungarian Academy of Sciences, Geographical Research Institute";"2014-2025";"Cultural Studies (Q1); Agronomy and Crop Science (Q2); Earth and Planetary Sciences (miscellaneous) (Q2); Geography, Planning and Development (Q2)";"Agricultural and Biological Sciences; Earth and Planetary Sciences; Social Sciences"
316;5600155048;"Space and Culture";journal;"15528308, 12063312";"SAGE Publications Inc.";No;No;0,424;Q2;53;53;130;2346;197;128;1,46;44,26;62,96;4;United States;Northern America;"SAGE Publications Inc.";"1997-2026";"Cultural Studies (Q1); Arts and Humanities (miscellaneous) (Q2); Geography, Planning and Development (Q2); Urban Studies (Q2); Tourism, Leisure and Hospitality Management (Q3)";"Arts and Humanities; Business, Management and Accounting; Social Sciences"
317;21101042147;"Progress in Geography";journal;"10076301";"";No;No;0,423;Q2;32;185;518;10235;1454;518;2,92;55,32;45,45;0;China;Asiatic Region;"";"2019-2026";"Earth and Planetary Sciences (miscellaneous) (Q2); Ecology (Q2); Geography, Planning and Development (Q2); Nature and Landscape Conservation (Q2)";"Earth and Planetary Sciences; Environmental Science; Social Sciences"
318;21100932526;"Challenges in Sustainability";journal;"22976477";"Acadlore Publishing Services Limited";Yes;No;0,422;Q2;11;7;10;570;26;9;2,71;81,43;50,00;0;Hong Kong;Asiatic Region;"Acadlore Publishing Services Limited";"2019-2025";"Ecology (Q2); Geography, Planning and Development (Q2); Nature and Landscape Conservation (Q2); Global and Planetary Change (Q3); Management, Monitoring, Policy and Law (Q3)";"Environmental Science; Social Sciences"
319;21100832225;"Geo: Geography and Environment";journal;"20544049";"Wiley-Blackwell Publishing Ltd";Yes;No;0,421;Q2;25;9;22;710;47;20;2,45;78,89;56,52;4;United Kingdom;Western Europe;"Wiley-Blackwell Publishing Ltd";"2014-2026";"Geography, Planning and Development (Q2); Atmospheric Science (Q3); Global and Planetary Change (Q3); Management, Monitoring, Policy and Law (Q3)";"Earth and Planetary Sciences; Environmental Science; Social Sciences"
320;14100;"Development in Practice";journal;"13649213, 09614524";"Routledge";No;No;0,414;Q2;59;102;288;2806;458;253;1,35;27,51;40,11;18;United Kingdom;Western Europe;"Routledge";"1991-2026";"Development (Q2); Geography, Planning and Development (Q2)";"Social Sciences"
321;19700190342;"Australian Planner";journal;"21506841, 07293682";"Taylor and Francis Ltd.";No;No;0,413;Q2;33;15;46;726;56;46;1,22;48,40;40,54;2;United Kingdom;Western Europe;"Taylor and Francis Ltd.";"1982-2018, 2020-2026";"Geography, Planning and Development (Q2); Urban Studies (Q2)";"Social Sciences"
322;21100220389;"Geographica Pannonica";journal;"03548724, 18207138";"Department of Geography, Tourism and Hotel Management";Yes;Yes;0,409;Q2;23;30;89;1368;182;89;2,02;45,60;30,70;0;Serbia;Eastern Europe;"Department of Geography, Tourism and Hotel Management";"2010, 2012-2026";"Earth-Surface Processes (Q2); Geography, Planning and Development (Q2); Geology (Q2); Atmospheric Science (Q3); Tourism, Leisure and Hospitality Management (Q3)";"Business, Management and Accounting; Earth and Planetary Sciences; Social Sciences"
323;21100248003;"National Remote Sensing Bulletin";journal;"10074619";"Science Press";No;No;0,409;Q2;44;195;407;9154;1035;407;2,51;46,94;38,07;0;China;Asiatic Region;"Science Press";"1999-2001, 2013-2026";"Earth and Planetary Sciences (miscellaneous) (Q2); Geography, Planning and Development (Q2); Instrumentation (Q3)";"Earth and Planetary Sciences; Physics and Astronomy; Social Sciences"
324;21100932523;"Future Cities and Environment";journal;"23639075";"Cerebration Science Publishing";Yes;No;0,408;Q2;13;13;42;455;91;42;2,11;35,00;50,00;0;Hong Kong;Asiatic Region;"Cerebration Science Publishing";"2019-2025";"Architecture (Q1); Geography, Planning and Development (Q2); Urban Studies (Q2); Management, Monitoring, Policy and Law (Q3)";"Engineering; Environmental Science; Social Sciences"
325;19096;"Journal of North African Studies";journal;"17439345, 13629387";"Routledge";No;No;0,405;Q2;35;52;164;2711;168;138;0,92;52,13;46,77;7;United Kingdom;Western Europe;"Routledge";"1996-2026";"Development (Q2); Geography, Planning and Development (Q2); Political Science and International Relations (Q2)";"Social Sciences"
326;62444;"Journal of Spatial Science";journal;"14498596, 18365655";"Mapping Sciences Institute Australia";No;No;0,405;Q2;37;29;97;1046;219;86;2,58;36,07;15,05;0;Australia;Pacific Region;"Mapping Sciences Institute Australia";"2004-2025";"Geography, Planning and Development (Q2); Atmospheric Science (Q3); Energy (miscellaneous) (Q3)";"Earth and Planetary Sciences; Energy; Social Sciences"
327;28407;"Asian Economic Journal";journal;"13513958, 14678381";"Wiley-Blackwell Publishing Ltd";No;No;0,402;Q2;37;20;52;555;76;52;1,00;27,75;20,59;2;United Kingdom;Western Europe;"Wiley-Blackwell Publishing Ltd";"1987-2025";"Development (Q2); Geography, Planning and Development (Q2); Economics and Econometrics (Q3)";"Economics, Econometrics and Finance; Social Sciences"
328;21100299413;"Journal of Cultural Heritage Management and Sustainable Development";journal;"20441274, 20441266";"Emerald Group Publishing Ltd.";No;No;0,402;Q2;31;37;102;1720;186;100;1,44;46,49;41,33;0;United Kingdom;Western Europe;"Emerald Group Publishing Ltd.";"2011-2026";"Conservation (Q1); Business, Management and Accounting (miscellaneous) (Q2); Geography, Planning and Development (Q2); Urban Studies (Q2)";"Arts and Humanities; Business, Management and Accounting; Social Sciences"
329;92738;"International Journal of Historical Archaeology";journal;"10927697, 15737748";"Springer New York";No;No;0,397;Q2;34;42;130;3797;119;130;1,01;90,40;48,39;4;United States;Northern America;"Springer New York";"1997-2026";"Archeology (arts and humanities) (Q1); History (Q1); Arts and Humanities (miscellaneous) (Q2); Geography, Planning and Development (Q2)";"Arts and Humanities; Social Sciences"
330;28256;"Nationalities Papers";journal;"14653923, 00905992";"Cambridge University Press";No;No;0,396;Q2;42;75;213;4934;247;209;1,21;65,79;38,04;6;United Kingdom;Western Europe;"Cambridge University Press";"1972-1985, 1987-2026";"History (Q1); Geography, Planning and Development (Q2); Political Science and International Relations (Q2)";"Arts and Humanities; Social Sciences"
331;53958;"Agrekon";journal;"03031853, 20780400";"Taylor and Francis Ltd.";No;No;0,394;Q2;38;28;93;1226;146;87;1,23;43,79;34,38;8;United Kingdom;Western Europe;"Taylor and Francis Ltd.";"1962-2026";"Agronomy and Crop Science (Q2); Geography, Planning and Development (Q2); Economics and Econometrics (Q3)";"Agricultural and Biological Sciences; Economics, Econometrics and Finance; Social Sciences"
332;23098;"Review of Regional Research";journal;"01737600, 16139836";"Springer Verlag";No;No;0,391;Q2;27;15;29;586;41;26;1,30;39,07;33,33;5;Germany;Western Europe;"Springer Verlag";"1998-2026";"Geography, Planning and Development (Q2); Social Sciences (miscellaneous) (Q2); Economics and Econometrics (Q3)";"Economics, Econometrics and Finance; Social Sciences"
333;21100901135;"Journal of Sustainable Real Estate";journal;"19498276, 19498284";"Taylor and Francis Ltd.";Yes;No;0,389;Q2;8;7;19;361;26;18;0,75;51,57;21,43;3;United States;Northern America;"Taylor and Francis Ltd.";"2010, 2013-2015, 2017-2024";"Geography, Planning and Development (Q2); Nature and Landscape Conservation (Q2); Urban Studies (Q2); Management, Monitoring, Policy and Law (Q3)";"Environmental Science; Social Sciences"
334;29276;"Journal of Historical Geography";journal;"10958614, 03057488";"Academic Press";No;No;0,388;Q2;52;36;98;0;138;91;1,35;0,00;37,93;0;United States;Northern America;"Academic Press";"1975-2026";"Archeology (Q1); History (Q1); Geography, Planning and Development (Q2)";"Arts and Humanities; Social Sciences"
335;100888;"Built Environment";journal;"02637960";"Alexandrine Press";No;No;0,387;Q2;53;34;119;1486;159;119;1,30;43,71;46,55;0;United Kingdom;Western Europe;"Alexandrine Press";"1981-2025";"Geography, Planning and Development (Q2); Urban Studies (Q2)";"Social Sciences"
336;24965;"Empirica";journal;"15736911, 03408744";"Springer Netherlands";No;No;0,387;Q2;38;40;113;2007;154;107;1,36;50,18;31,76;12;Netherlands;Western Europe;"Springer Netherlands";"1974-2026";"Development (Q2); Geography, Planning and Development (Q2); Economics and Econometrics (Q3)";"Economics, Econometrics and Finance; Social Sciences"
337;16518;"Planning Perspectives";journal;"02665433, 14664518";"Routledge";No;No;0,386;Q2;39;58;158;3574;132;156;0,77;61,62;42,03;2;United Kingdom;Western Europe;"Routledge";"1986-2026";"Geography, Planning and Development (Q2)";"Social Sciences"
338;12892;"Refugee Survey Quarterly";journal;"1471695X, 10204067";"Oxford University Press";No;No;0,386;Q2;39;31;75;2781;106;75;1,09;89,71;63,83;9;United Kingdom;Western Europe;"Oxford University Press";"1982, 1985, 1988-1990, 1992, 1994-1995, 1997, 2000-2025";"Geography, Planning and Development (Q2); Political Science and International Relations (Q2)";"Social Sciences"
339;21100217205;"Journal of Borderlands Studies";journal;"21591229, 08865655";"Taylor and Francis Ltd.";No;No;0,385;Q2;33;49;145;2707;215;135;1,64;55,24;35,71;13;United Kingdom;Western Europe;"Taylor and Francis Ltd.";"1986-2026";"Law (Q1); Geography, Planning and Development (Q2); Political Science and International Relations (Q2); Sociology and Political Science (Q2)";"Social Sciences"
340;39159;"Oxford Journal of Archaeology";journal;"02625253, 14680092";"Wiley-Blackwell Publishing Ltd";No;No;0,381;Q2;41;20;66;1312;46;66;0,70;65,60;44,74;0;United Kingdom;Western Europe;"Wiley-Blackwell Publishing Ltd";"1982-2026";"Archeology (arts and humanities) (Q1); Arts and Humanities (miscellaneous) (Q2); Geography, Planning and Development (Q2)";"Arts and Humanities; Social Sciences"
341;29879;"New Zealand Geographer";journal;"17457939, 00288144";"Wiley-Blackwell";No;No;0,380;Q2;33;17;71;593;78;52;0,82;34,88;51,61;6;United States;Northern America;"Wiley-Blackwell";"1945-1967, 1969-2025";"Earth and Planetary Sciences (miscellaneous) (Q2); Geography, Planning and Development (Q2)";"Earth and Planetary Sciences; Social Sciences"
342;21100456855;"International Review for Spatial Planning and Sustainable Development";journal;"21873666";"SPSD Press";No;No;0,378;Q2;19;58;106;2579;164;98;1,61;44,47;42,34;2;Japan;Asiatic Region;"SPSD Press";"2013-2026";"Geography, Planning and Development (Q2); Urban Studies (Q2); Management, Monitoring, Policy and Law (Q3)";"Environmental Science; Social Sciences"
343;21101039227;"Arktika: Ekologia i Ekonomika";journal;"22234594";"Nuclear Safety Institute of the Russian Academy of Sciences";Yes;Yes;0,377;Q2;12;48;92;1076;151;92;1,64;22,42;37,69;0;Russian Federation;Eastern Europe;"Nuclear Safety Institute of the Russian Academy of Sciences";"2020-2025";"Earth and Planetary Sciences (miscellaneous) (Q2); Earth-Surface Processes (Q2); Ecology (Q2); Geography, Planning and Development (Q2); Social Sciences (miscellaneous) (Q2); Environmental Science (miscellaneous) (Q3)";"Earth and Planetary Sciences; Environmental Science; Social Sciences"
344;5700160329;"Migraciones Internacionales";journal;"16658906, 25940279";"El Colegio de la Frontera Norte";Yes;Yes;0,372;Q2;17;25;64;1241;48;64;0,63;49,64;53,70;1;Mexico;Latin America;"El Colegio de la Frontera Norte";"2009-2026";"Demography (Q2); Geography, Planning and Development (Q2)";"Social Sciences"
345;21100413836;"European Countryside";journal;"18038417";"de Gruyter";Yes;No;0,371;Q2;28;39;113;2464;220;113;1,71;63,18;50,00;5;Germany;Western Europe;"de Gruyter";"2012-2025";"Geography, Planning and Development (Q2); Management, Monitoring, Policy and Law (Q3); Nature and Landscape Conservation (Q3)";"Environmental Science; Social Sciences"
346;21100972601;"Process Integration and Optimization for Sustainability";journal;"25094246, 25094238";"Springer International Publishing";No;No;0,371;Q2;27;76;136;3416;319;130;2,54;44,95;26,18;1;Singapore;Asiatic Region;"Springer International Publishing";"2017-2026";"Chemical Engineering (miscellaneous) (Q2); Geography, Planning and Development (Q2); Control and Systems Engineering (Q3); Management, Monitoring, Policy and Law (Q3); Pollution (Q3); Renewable Energy, Sustainability and the Environment (Q3); Waste Management and Disposal (Q3)";"Chemical Engineering; Energy; Engineering; Environmental Science; Social Sciences"
347;19900192143;"Theoretical and Empirical Researches in Urban Management";journal;"20653913, 20653921";"Research Centre in Public Administration and Public Services,cademy of Economic Studies, Bucharest, Romania";Yes;No;0,370;Q2;23;20;62;789;104;62;1,73;39,45;51,06;0;Romania;Eastern Europe;"Research Centre in Public Administration and Public Services,cademy of Economic Studies, Bucharest, Romania";"2010-2025";"Geography, Planning and Development (Q2); Urban Studies (Q2)";"Social Sciences"
348;29554;"Journal of Bioeconomics";journal;"13876996, 15736989";"Springer";No;No;0,369;Q2;34;9;32;573;46;24;1,70;63,67;23,08;2;United States;Northern America;"Springer";"1999-2023";"Geography, Planning and Development (Q2); Economics and Econometrics (Q3)";"Economics, Econometrics and Finance; Social Sciences"
349;21100917133;"Rural Landscapes";journal;"20020104";"Stockholm University Press";Yes;No;0,369;Q2;7;3;10;169;18;10;2,00;56,33;44,44;1;Sweden;Western Europe;"Stockholm University Press";"2019-2026";"History (Q1); Geography, Planning and Development (Q2); Nature and Landscape Conservation (Q3)";"Arts and Humanities; Environmental Science; Social Sciences"
350;27099;"Acta Geographica Slovenica";journal;"15816613, 15818314";"Zalozba ZRC";Yes;Yes;0,367;Q2;30;23;70;1064;96;70;1,34;46,26;44,44;0;Slovenia;Eastern Europe;"Zalozba ZRC";"2003-2025";"Earth and Planetary Sciences (miscellaneous) (Q2); Geography, Planning and Development (Q2)";"Earth and Planetary Sciences; Social Sciences"
351;22822;"International Forestry Review";journal;"14655489";"Commonwealth Forestry Association";No;No;0,367;Q2;62;47;99;3600;157;99;1,40;76,60;36,11;6;United Kingdom;Western Europe;"Commonwealth Forestry Association";"1999-2025";"Ecology (Q2); Forestry (Q2); Geography, Planning and Development (Q2)";"Agricultural and Biological Sciences; Environmental Science; Social Sciences"
352;21100915995;"GeoScape";journal;"18021115";"Sciendo";Yes;No;0,366;Q2;11;13;44;599;64;43;1,67;46,08;32,00;2;Poland;Eastern Europe;"Sciendo";"2019-2025";"Ecology (Q2); Geography, Planning and Development (Q2); Urban Studies (Q2); Nature and Landscape Conservation (Q3)";"Environmental Science; Social Sciences"
353;110000;"International Journal of Environmental Studies";journal;"00207233, 10290400";"Taylor and Francis Ltd.";No;No;0,366;Q2;49;68;201;2865;422;197;2,26;42,13;35,42;3;United Kingdom;Western Europe;"Taylor and Francis Ltd.";"1970-2026";"Computers in Earth Sciences (Q2); Ecology (Q2); Geography, Planning and Development (Q2); Pollution (Q3); Waste Management and Disposal (Q3)";"Earth and Planetary Sciences; Environmental Science; Social Sciences"
354;9100153110;"Boletin de la Asociacion de Geografos Espanoles";journal;"26053322, 02129426";"Radcliffe Cardiology";Yes;No;0,364;Q2;30;53;171;3344;219;170;0,99;63,09;35,34;3;Spain;Western Europe;"Radcliffe Cardiology";"2006-2026";"Earth-Surface Processes (Q2); Geography, Planning and Development (Q2); Urban Studies (Q2); Environmental Science (miscellaneous) (Q3)";"Earth and Planetary Sciences; Environmental Science; Social Sciences"
355;13203;"Contemporary Pacific";journal;"1043898X, 15279464";"University of Hawaii Press";No;No;0,364;Q2;39;22;89;1002;48;66;0,54;45,55;41,38;1;United States;Northern America;"University of Hawaii Press";"1992, 1996-2025";"Geography, Planning and Development (Q2); Sociology and Political Science (Q2)";"Social Sciences"
356;85530;"City and Society";journal;"08930465, 1548744X";"John Wiley and Sons Inc";No;No;0,362;Q2;36;16;162;496;157;135;0,91;31,00;63,64;1;United States;Northern America;"John Wiley and Sons Inc";"1987-1992, 1994, 1997, 1999, 2001-2026";"Geography, Planning and Development (Q2); Urban Studies (Q2)";"Social Sciences"
357;27489;"Asian Geographer";journal;"10225706, 21581762";"Routledge";No;No;0,358;Q2;17;11;30;697;70;28;2,10;63,36;28,57;2;United Kingdom;Western Europe;"Routledge";"1982-1987, 1991-1995, 2015-2026";"Geography, Planning and Development (Q2)";"Social Sciences"
358;28972;"Journal of East-West Business";journal;"10669868, 15286959";"Routledge";No;No;0,356;Q2;24;17;46;1191;79;46;1,50;70,06;36,84;0;United States;Northern America;"Routledge";"1994-2026";"Development (Q2); Geography, Planning and Development (Q2); Business and International Management (Q3)";"Business, Management and Accounting; Social Sciences"
359;21101076085;"Public Administration and Policy";journal;"2517679X, 17272645";"Emerald Group Publishing Ltd.";Yes;Yes;0,355;Q2;18;29;66;861;116;58;1,78;29,69;45,71;0;United Kingdom;Western Europe;"Emerald Group Publishing Ltd.";"2018-2025";"Geography, Planning and Development (Q2); Sociology and Political Science (Q2); Health (social science) (Q3); Public Administration (Q3)";"Social Sciences"
360;23224;"Australian Journal of International Affairs";journal;"10357718, 1465332X";"Taylor and Francis Ltd.";No;No;0,351;Q2;43;46;136;2555;201;121;1,45;55,54;43,06;9;United Kingdom;Western Europe;"Taylor and Francis Ltd.";"1990-2026";"Geography, Planning and Development (Q2); Political Science and International Relations (Q2)";"Social Sciences"
361;24150;"International Journal of Middle East Studies";journal;"14716380, 00207438";"Cambridge University Press";No;No;0,351;Q2;60;59;146;1778;109;120;0,79;30,14;51,56;0;United Kingdom;Western Europe;"Cambridge University Press";"1970-2026";"History (Q1); Geography, Planning and Development (Q2); Sociology and Political Science (Q2)";"Arts and Humanities; Social Sciences"
362;25834;"International Politics";journal;"17403898, 13845748";"Palgrave Macmillan Ltd.";No;No;0,349;Q2;47;71;152;5152;230;148;1,79;72,56;30,68;25;United Kingdom;Western Europe;"Palgrave Macmillan Ltd.";"1996-2026";"Geography, Planning and Development (Q2); Political Science and International Relations (Q2)";"Social Sciences"
363;21101100205;"Journal of Sustainability Research";journal;"26326582";"";No;No;0,349;Q2;17;15;77;803;119;75;1,16;53,53;36,96;1;United Kingdom;Western Europe;"";"2019-2026";"Geography, Planning and Development (Q2); Urban Studies (Q2); Environmental Science (miscellaneous) (Q3); Renewable Energy, Sustainability and the Environment (Q3)";"Energy; Environmental Science; Social Sciences"
364;21100933830;"Estudios Fronterizos";journal;"23959134";"Universidad Autonoma de Baja California";Yes;Yes;0,347;Q2;10;28;63;1413;79;63;1,52;50,46;42,59;1;Mexico;Latin America;"Universidad Autonoma de Baja California";"2019-2025";"History (Q1); Anthropology (Q2); Demography (Q2); Geography, Planning and Development (Q2); Political Science and International Relations (Q2); Sociology and Political Science (Q2); Economics and Econometrics (Q3)";"Arts and Humanities; Economics, Econometrics and Finance; Social Sciences"
365;25322;"Bulletin of Latin American Research";journal;"14709856, 02613050";"Wiley-Blackwell Publishing Ltd";No;No;0,344;Q2;42;50;172;2481;168;161;1,07;49,62;45,59;10;United Kingdom;Western Europe;"Wiley-Blackwell Publishing Ltd";"1982-2026";"Geography, Planning and Development (Q2); Development (Q3)";"Social Sciences"
366;18901;"Journal of Transport History";journal;"00225266, 17593999";"SAGE Publications Inc.";No;No;0,344;Q2;23;24;64;1524;42;58;0,79;63,50;12,50;1;United Kingdom;Western Europe;"SAGE Publications Inc.";"1979, 1981-2026";"History (Q1); Arts and Humanities (miscellaneous) (Q2); Geography, Planning and Development (Q2); Transportation (Q3)";"Arts and Humanities; Social Sciences"
367;21100370022;"Regional Research of Russia";journal;"20799713, 20799705";"Pleiades Publishing";No;No;0,344;Q2;20;66;170;2336;248;170;1,34;35,39;47,95;0;United States;Northern America;"Pleiades Publishing";"2011-2025";"Cultural Studies (Q1); Economics, Econometrics and Finance (miscellaneous) (Q2); Geography, Planning and Development (Q2); Urban Studies (Q2); Earth and Planetary Sciences (miscellaneous) (Q3); Environmental Science (miscellaneous) (Q3); Public Administration (Q3)";"Earth and Planetary Sciences; Economics, Econometrics and Finance; Environmental Science; Social Sciences"
368;20318;"Journal of Modern African Studies";journal;"14697777, 0022278X";"Cambridge University Press";No;No;0,343;Q2;75;27;84;1832;103;83;1,02;67,85;40,00;0;United Kingdom;Western Europe;"Cambridge University Press";"1963-2025";"Geography, Planning and Development (Q2); Sociology and Political Science (Q2)";"Social Sciences"
369;21101075645;"World Water Policy";journal;"2639541X";"John Wiley &amp; Sons Inc.";No;No;0,341;Q2;12;15;60;497;66;48;1,23;33,13;14,71;2;United States;Northern America;"John Wiley &amp; Sons Inc.";"2019-2026";"Geography, Planning and Development (Q2); Ecology (Q3); Management, Monitoring, Policy and Law (Q3); Public Administration (Q3); Water Science and Technology (Q3)";"Environmental Science; Social Sciences"
370;27789;"International Journal of Marine and Coastal Law";journal;"09273522, 15718085";"Martinus Nijhoff Publishers";No;No;0,340;Q2;42;28;98;1417;146;96;1,33;50,61;37,21;9;Netherlands;Western Europe;"Martinus Nijhoff Publishers";"1986-2025";"Geography, Planning and Development (Q2); Law (Q2); Environmental Science (miscellaneous) (Q3); Management, Monitoring, Policy and Law (Q3); Oceanography (Q3)";"Earth and Planetary Sciences; Environmental Science; Social Sciences"
371;11900154315;"Letters in Spatial and Resource Sciences";journal;"18644031, 1864404X";"Springer Verlag";No;No;0,340;Q2;25;40;60;1520;94;59;1,73;38,00;21,21;2;Germany;Western Europe;"Springer Verlag";"2008-2026";"Demography (Q2); Geography, Planning and Development (Q2); Urban Studies (Q2); Economics and Econometrics (Q3)";"Economics, Econometrics and Finance; Social Sciences"
372;5600156484;"Tourism and Hospitality Management";journal;"13307533, 18473377";"University of Rijeka";Yes;Yes;0,340;Q2;27;39;95;2052;150;92;1,28;52,62;43,75;0;Croatia;Eastern Europe;"University of Rijeka";"2013-2025";"Geography, Planning and Development (Q2); Tourism, Leisure and Hospitality Management (Q3)";"Business, Management and Accounting; Social Sciences"
373;100147301;"CESifo Economic Studies";journal;"1610241X, 16127501";"Oxford University Press";No;No;0,338;Q2;38;16;55;790;81;54;1,79;49,38;28,13;5;United Kingdom;Western Europe;"Oxford University Press";"2005-2024";"Geography, Planning and Development (Q2); Economics and Econometrics (Q3)";"Economics, Econometrics and Finance; Social Sciences"
374;55289;"Journal of Developing Societies";journal;"0169796X, 17452546";"SAGE Publications Ltd";No;No;0,337;Q2;35;22;69;871;111;68;1,40;39,59;33,33;0;United Kingdom;Western Europe;"SAGE Publications Ltd";"1985-2026";"Geography, Planning and Development (Q2); Development (Q3)";"Social Sciences"
375;15561;"Demokratizatsiya";journal;"10746846";"Institute for European Russian and Eurasian Studies, The George Washington University";No;No;0,336;Q2;34;28;65;1383;67;65;0,84;49,39;44,12;0;United States;Northern America;"Institute for European Russian and Eurasian Studies, The George Washington University";"1996-2025";"Geography, Planning and Development (Q2); Political Science and International Relations (Q2)";"Social Sciences"
376;15593;"Journal of Asian and African Studies";journal;"00219096, 17452538";"SAGE Publications Ltd";No;No;0,336;Q2;39;96;275;5218;347;266;1,15;54,35;35,10;17;United Kingdom;Western Europe;"SAGE Publications Ltd";"1966-2026";"Geography, Planning and Development (Q2); Development (Q3)";"Social Sciences"
377;16383;"Comparative Studies of South Asia, Africa and the Middle East";journal;"1548226X, 1089201X";"Duke University Press";No;No;0,334;Q2;41;62;173;2422;99;121;0,41;39,06;49,12;0;United States;Northern America;"Duke University Press";"1996-2025";"Geography, Planning and Development (Q2); Political Science and International Relations (Q2); Development (Q3)";"Social Sciences"
378;21100874350;"Baltic Region";journal;"23100524, 20798555";"Immanuel Kant Baltic Federal University";Yes;Yes;0,333;Q2;12;37;111;1304;132;110;1,14;35,24;36,36;1;Russian Federation;Eastern Europe;"Immanuel Kant Baltic Federal University";"2018-2025";"Cultural Studies (Q1); History (Q1); Economics, Econometrics and Finance (miscellaneous) (Q2); Geography, Planning and Development (Q2); Social Sciences (miscellaneous) (Q2); Sociology and Political Science (Q2)";"Arts and Humanities; Economics, Econometrics and Finance; Social Sciences"
379;21568;"Monthly Review";journal;"00270520";"Monthly Review Press";No;No;0,331;Q2;46;18;94;381;123;73;1,85;21,17;33,33;0;United States;Northern America;"Monthly Review Press";"1977, 1980-1982, 1984, 1987, 1996-2020, 2022-2026";"Gender Studies (Q2); Geography, Planning and Development (Q2); Sociology and Political Science (Q2); Management, Monitoring, Policy and Law (Q3)";"Environmental Science; Social Sciences"
380;23275;"International Journal of Sustainable Development";journal;"09601406, 17415268";"Inderscience Publishers";No;No;0,330;Q2;34;13;39;720;82;39;2,62;55,38;54,29;0;United Kingdom;Western Europe;"Inderscience Publishers";"1998-2026";"Geography, Planning and Development (Q2); Management, Monitoring, Policy and Law (Q3)";"Environmental Science; Social Sciences"
381;16902;"Labour";journal;"11217081, 14679914";"John Wiley and Sons Inc";No;No;0,329;Q2;43;20;62;817;57;62;0,68;40,85;51,35;4;United Kingdom;Western Europe;"John Wiley and Sons Inc";"1987-2026";"History (Q1); Demography (Q2); Geography, Planning and Development (Q2); Industrial Relations (Q3); Organizational Behavior and Human Resource Management (Q3)";"Arts and Humanities; Business, Management and Accounting; Social Sciences"
382;21101016783;"Journal of Tourism Analysis";journal;"22540644, 18852564";"";Yes;Yes;0,327;Q2;14;12;32;985;57;32;1,67;82,08;69,70;0;United Kingdom;Western Europe;"";"2018-2025";"Anthropology (Q2); Geography, Planning and Development (Q2); Urban Studies (Q2); Tourism, Leisure and Hospitality Management (Q3)";"Business, Management and Accounting; Social Sciences"
383;15713;"Asian Survey";journal;"00044687, 1533838X";"University of California Press";No;No;0,324;Q2;59;48;192;2282;160;190;0,92;47,54;24,19;9;United States;Northern America;"University of California Press";"1970-2026";"Geography, Planning and Development (Q2); Sociology and Political Science (Q2)";"Social Sciences"
384;21100405571;"Austrian Journal of South-East Asian Studies";journal;"19992521, 1999253X";"Society for South-East Asian Studies";Yes;Yes;0,323;Q2;0;0;0;0;0;0;0,00;0,00;0,00;0;Austria;Western Europe;"Society for South-East Asian Studies";"2015-2022";"Anthropology (Q2); Communication (Q2); Geography, Planning and Development (Q2); Social Sciences (miscellaneous) (Q2); Development (Q3); Tourism, Leisure and Hospitality Management (Q3)";"Business, Management and Accounting; Social Sciences"
385;91066;"APA Planning Advisory Service Reports";journal;"01608266";"American Planning Association";No;No;0,322;Q2;9;0;1;0;1;1;1,00;0,00;0,00;0;United States;Northern America;"American Planning Association";"1987-2017, 2020";"Geography, Planning and Development (Q2)";"Social Sciences"
386;19955;"Economic Affairs";journal;"02650665, 14680270";"Wiley-Blackwell Publishing Ltd";No;No;0,322;Q2;26;39;113;1455;80;82;0,68;37,31;8,82;3;United Kingdom;Western Europe;"Wiley-Blackwell Publishing Ltd";"1980-2026";"Geography, Planning and Development (Q2); Aerospace Engineering (Q3); Development (Q3)";"Engineering; Social Sciences"
387;21100841770;"Global Journal of Emerging Market Economies";journal;"09749101, 09752730";"SAGE Publications Inc.";No;No;0,322;Q2;18;22;55;1245;85;53;1,26;56,59;35,71;0;United Kingdom;Western Europe;"SAGE Publications Inc.";"2009-2026";"Economics, Econometrics and Finance (miscellaneous) (Q2); Geography, Planning and Development (Q2); Business and International Management (Q3); Development (Q3); Global and Planetary Change (Q3)";"Business, Management and Accounting; Economics, Econometrics and Finance; Environmental Science; Social Sciences"
388;19900191484;"China Perspectives";journal;"19964617, 20703449";"French Centre for Research on Contemporary China";No;No;0,321;Q2;33;31;103;1085;101;97;1,02;35,00;59,38;0;Hong Kong;Asiatic Region;"French Centre for Research on Contemporary China";"2007-2025";"Cultural Studies (Q1); Geography, Planning and Development (Q2); Political Science and International Relations (Q2)";"Social Sciences"
389;28105;"Erdkunde";journal;"00140015, 27025985";"Erdkunde";No;No;0,321;Q2;44;21;56;1303;85;55;1,36;62,05;41,18;1;Germany;Western Europe;"Erdkunde";"1976, 1978-2025";"Geography, Planning and Development (Q2); Earth and Planetary Sciences (miscellaneous) (Q3); Ecology (Q3)";"Earth and Planetary Sciences; Environmental Science; Social Sciences"
390;29241;"Irish Geography";journal;"19394055, 00750778";"Geographical Society of Ireland";No;No;0,321;Q2;26;7;39;363;29;37;0,91;51,86;45,45;0;United Kingdom;Western Europe;"Geographical Society of Ireland";"1954-1965, 1969-2024";"Geography, Planning and Development (Q2); Earth and Planetary Sciences (miscellaneous) (Q3)";"Earth and Planetary Sciences; Social Sciences"
391;21100889432;"Journal of Water Management Modeling";journal;"22926062";"Computational Hydraulics Int.";Yes;No;0,321;Q2;10;16;17;465;21;17;1,10;29,06;19,30;0;Canada;Northern America;"Computational Hydraulics Int.";"2018-2026";"Geography, Planning and Development (Q2); Civil and Structural Engineering (Q3); Water Science and Technology (Q3)";"Engineering; Environmental Science; Social Sciences"
392;12542;"Berkeley Planning Journal";journal;"10475192";"University of California, Berkeley";Yes;No;0,317;Q3;19;5;6;165;3;5;0,50;33,00;45,45;0;United States;Northern America;"University of California, Berkeley";"1992-1997, 1999-2002, 2004-2014, 2016-2018, 2020, 2022";"Geography, Planning and Development (Q3)";"Social Sciences"
393;19900195042;"European Spatial Research and Policy";journal;"12311952, 18961525";"Lodz University Press";Yes;Yes;0,317;Q3;19;24;79;1138;66;77;0,80;47,42;42,86;3;Poland;Eastern Europe;"Lodz University Press";"2009-2025";"Geography, Planning and Development (Q3)";"Social Sciences"
394;21100220499;"Field Actions Science Report";journal;"1867139X, 18678521";"Institut Veolia Environnement";Yes;Yes;0,316;Q3;21;25;113;46;169;95;0,34;1,84;43,75;0;France;Western Europe;"Institut Veolia Environnement";"2012-2025";"Sociology and Political Science (Q2); Development (Q3); Education (Q3); Geography, Planning and Development (Q3); Health (social science) (Q3)";"Social Sciences"
395;27390;"Pacific Affairs";journal;"0030851X, 17153379";"University of British Columbia";No;No;0,316;Q3;49;22;65;104;87;63;1,31;4,73;34,62;1;Canada;Northern America;"University of British Columbia";"1979, 1981-1982, 1984, 1991-2025";"Sociology and Political Science (Q2); Geography, Planning and Development (Q3)";"Social Sciences"
396;19700174722;"Housing, Care and Support";journal;"14608790";"Emerald Group Publishing Ltd.";No;No;0,315;Q3;16;19;40;766;52;38;1,09;40,32;60,34;0;United Kingdom;Western Europe;"Emerald Group Publishing Ltd.";"1999-2025";"Sociology and Political Science (Q2); Geography, Planning and Development (Q3)";"Social Sciences"
397;19900191745;"Indian Growth and Development Review";journal;"17538254, 17538262";"Emerald Group Publishing Ltd.";No;No;0,315;Q3;19;10;61;447;82;58;1,56;44,70;31,58;0;United Kingdom;Western Europe;"Emerald Group Publishing Ltd.";"2008-2026";"Business and International Management (Q3); Economics and Econometrics (Q3); Geography, Planning and Development (Q3)";"Business, Management and Accounting; Economics, Econometrics and Finance; Social Sciences"
398;16996;"Modern China";journal;"15526836, 00977004";"SAGE Publications Inc.";No;No;0,315;Q3;53;41;72;2962;83;72;1,10;72,24;44,44;1;United States;Northern America;"SAGE Publications Inc.";"1975-2026";"History (Q1); Sociology and Political Science (Q2); Geography, Planning and Development (Q3)";"Arts and Humanities; Social Sciences"
399;21101082056;"China Economic Quarterly International";journal;"26669331";"KeAi Communications Co.";Yes;No;0,314;Q3;13;25;26;859;37;26;1,42;34,36;29,63;2;China;Asiatic Region;"KeAi Communications Co.";"2021-2025";"Economics, Econometrics and Finance (miscellaneous) (Q2); Social Sciences (miscellaneous) (Q2); Sociology and Political Science (Q2); Geography, Planning and Development (Q3)";"Economics, Econometrics and Finance; Social Sciences"
400;21100840951;"Geography, Environment, Sustainability";journal;"25421565, 20719388";"Lomonosov Moscow State University, Faculty of Geography";Yes;Yes;0,314;Q3;22;62;211;2664;284;210;1,32;42,97;38,10;0;Russian Federation;Eastern Europe;"Lomonosov Moscow State University, Faculty of Geography";"2015-2025";"Environmental Science (miscellaneous) (Q3); Geography, Planning and Development (Q3)";"Environmental Science; Social Sciences"
401;19700170838;"International Journal of Rural Management";journal;"09730680, 09730052";"Sage Publications India Pvt. Ltd";No;No;0,314;Q3;19;20;44;795;50;43;1,10;39,75;18,42;4;India;Asiatic Region;"Sage Publications India Pvt. Ltd";"2005-2026";"Geography, Planning and Development (Q3); Management, Monitoring, Policy and Law (Q3); Strategy and Management (Q3)";"Business, Management and Accounting; Environmental Science; Social Sciences"
402;21100851350;"IZA Journal of Development and Migration";journal;"25201786";"Laborwide";Yes;No;0,313;Q3;33;9;52;570;48;52;0,82;63,33;26,32;3;Germany;Western Europe;"Laborwide";"2018-2024";"Anthropology (Q2); Demography (Q2); Economics, Econometrics and Finance (miscellaneous) (Q2); Sociology and Political Science (Q2); Development (Q3); Geography, Planning and Development (Q3); Organizational Behavior and Human Resource Management (Q3)";"Business, Management and Accounting; Economics, Econometrics and Finance; Social Sciences"
403;19700174747;"Journal of Green Building";journal;"19434618, 15526100";"College Publishing";No;No;0,312;Q3;35;49;139;2625;228;139;1,60;53,57;47,29;0;United States;Northern America;"College Publishing";"2006-2026";"Architecture (Q1); Building and Construction (Q3); Civil and Structural Engineering (Q3); Environmental Engineering (Q3); Environmental Science (miscellaneous) (Q3); Geography, Planning and Development (Q3); Management, Monitoring, Policy and Law (Q3); Nature and Landscape Conservation (Q3); Public Health, Environmental and Occupational Health (Q3)";"Engineering; Environmental Science; Medicine; Social Sciences"
404;21517;"South East Asia Research";journal;"0967828X";"Taylor and Francis Ltd.";No;No;0,312;Q3;31;27;80;1208;80;75;0,93;44,74;35,29;0;United Kingdom;Western Europe;"Taylor and Francis Ltd.";"1995-2026";"Political Science and International Relations (Q2); Development (Q3); Geography, Planning and Development (Q3)";"Social Sciences"
405;21100286463;"Geojournal of Tourism and Geosites";journal;"20651198, 20650817";"Editura Universitatii din Oradea";Yes;No;0,311;Q3;32;198;438;9336;865;438;2,14;47,15;46,60;1;Romania;Eastern Europe;"Editura Universitatii din Oradea";"2013-2026";"Earth and Planetary Sciences (miscellaneous) (Q3); Geography, Planning and Development (Q3)";"Earth and Planetary Sciences; Social Sciences"
406;16904;"International Finance";journal;"13670271, 14682362";"Wiley-Blackwell Publishing Ltd";No;No;0,311;Q3;45;20;64;990;76;63;1,24;49,50;25,00;2;United Kingdom;Western Europe;"Wiley-Blackwell Publishing Ltd";"1998-2026";"Development (Q3); Finance (Q3); Geography, Planning and Development (Q3)";"Economics, Econometrics and Finance; Social Sciences"
407;66304;"Revista de Geografia Norte Grande";journal;"07183402, 03798682";"Revista de Geografia Norte Grande";Yes;Yes;0,311;Q3;30;55;131;2870;106;123;0,73;52,18;37,40;0;Chile;Latin America;"Revista de Geografia Norte Grande";"1981, 1983, 2000, 2004-2025";"Earth-Surface Processes (Q3); Geography, Planning and Development (Q3)";"Earth and Planetary Sciences; Social Sciences"
408;19500157111;"New Medit";journal;"26111128, 15945685";"Bononia University Press";Yes;Yes;0,308;Q3;27;47;120;2220;155;113;1,13;47,23;44,44;3;Italy;Western Europe;"Bononia University Press";"2008-2025";"Agricultural and Biological Sciences (miscellaneous) (Q2); Agronomy and Crop Science (Q3); Economics and Econometrics (Q3); Geography, Planning and Development (Q3)";"Agricultural and Biological Sciences; Economics, Econometrics and Finance; Social Sciences"
409;21100204121;"Agris On-line Papers in Economics and Informatics";journal;"18041930";"Faculty of Economics and Management";Yes;No;0,306;Q3;24;40;119;1619;168;119;1,51;40,48;33,09;0;Czech Republic;Eastern Europe;"Faculty of Economics and Management";"2011-2025";"Agricultural and Biological Sciences (miscellaneous) (Q2); Economics, Econometrics and Finance (miscellaneous) (Q2); Geography, Planning and Development (Q3); Management, Monitoring, Policy and Law (Q3)";"Agricultural and Biological Sciences; Economics, Econometrics and Finance; Environmental Science; Social Sciences"
410;21101034002;"Izvestiya Rossiiskaya Akademii Nauk, Seriya Geograficheskaya";journal;"03732444";"Russian Academy of Sciences";No;No;0,305;Q3;0;0;0;0;0;0;0,00;0,00;0,00;0;Russian Federation;Eastern Europe;"Russian Academy of Sciences";"1978-1992, 1995-2011, 2018";"Cultural Studies (Q1); Urban Studies (Q2); Earth and Planetary Sciences (miscellaneous) (Q3); Geography, Planning and Development (Q3)";"Earth and Planetary Sciences; Social Sciences"
411;14192;"Forum for Development Studies";journal;"08039410, 18911765";"Routledge";No;No;0,302;Q3;33;20;73;1282;70;73;0,92;64,10;22,86;6;United Kingdom;Western Europe;"Routledge";"1992-2026";"Development (Q3); Geography, Planning and Development (Q3)";"Social Sciences"
412;21100782393;"Innovation and Development";journal;"2157930X, 21579318";"Taylor and Francis Ltd.";No;No;0,302;Q3;23;36;62;1467;84;60;1,49;40,75;43,94;0;United Kingdom;Western Europe;"Taylor and Francis Ltd.";"2015-2026";"Cultural Studies (Q1); Political Science and International Relations (Q2); Sociology and Political Science (Q2); Development (Q3); Education (Q3); Geography, Planning and Development (Q3)";"Social Sciences"
413;28670;"Geographica Helvetica";journal;"00167312, 21948798";"Copernicus Publications";Yes;Yes;0,301;Q3;29;40;92;2714;104;91;1,14;67,85;42,47;3;Germany;Western Europe;"Copernicus Publications";"1946-2026";"Anthropology (Q2); Earth-Surface Processes (Q3); Geography, Planning and Development (Q3); Global and Planetary Change (Q3)";"Earth and Planetary Sciences; Environmental Science; Social Sciences"
414;16446;"Indonesia and the Malay World";journal;"13639811, 14698382";"Routledge";No;No;0,301;Q3;25;19;53;1034;52;49;0,97;54,42;15,79;2;United Kingdom;Western Europe;"Routledge";"2000-2025";"Anthropology (Q2); Arts and Humanities (miscellaneous) (Q2); Geography, Planning and Development (Q3)";"Arts and Humanities; Social Sciences"
415;21101020023;"International Journal of Cartography";journal;"23729341";"Taylor and Francis Ltd.";No;No;0,299;Q3;18;26;79;723;87;71;0,66;27,81;38,64;1;United Kingdom;Western Europe;"Taylor and Francis Ltd.";"2015-2026";"Computers in Earth Sciences (Q3); Earth and Planetary Sciences (miscellaneous) (Q3); Geography, Planning and Development (Q3)";"Earth and Planetary Sciences; Social Sciences"
416;26677;"International Journal of Energy Technology and Policy";journal;"1741508X, 14728923";"Inderscience Publishers";No;No;0,299;Q3;21;9;84;263;77;83;0,78;29,22;26,09;0;United Kingdom;Western Europe;"Inderscience Publishers";"2002-2025";"Energy Engineering and Power Technology (Q3); Fuel Technology (Q3); Geography, Planning and Development (Q3)";"Energy; Social Sciences"
417;23891;"China Report";journal;"00094455, 0973063X";"Sage Publications India Pvt. Ltd";No;No;0,296;Q3;21;21;64;1072;65;62;1,13;51,05;21,74;1;India;Asiatic Region;"Sage Publications India Pvt. Ltd";"1971, 1979, 1989-2026";"Political Science and International Relations (Q2); Development (Q3); Geography, Planning and Development (Q3)";"Social Sciences"
418;12008;"Teruleti Statisztika";journal;"20648251, 00187828";"Hungarian Central Statistical Office";No;No;0,295;Q3;15;26;91;1551;136;90;1,71;59,65;27,08;0;Hungary;Eastern Europe;"Hungarian Central Statistical Office";"1980, 1982-1983, 1985, 2016-2026";"Economics and Econometrics (Q3); Geography, Planning and Development (Q3); Statistics and Probability (Q3)";"Economics, Econometrics and Finance; Mathematics; Social Sciences"
419;20362;"Electronic Green Journal";journal;"10767975";"University of California, Berkeley";Yes;Yes;0,294;Q3;16;9;15;355;21;13;0,18;39,44;46,67;0;United States;Northern America;"University of California, Berkeley";"2001-2025";"Geography, Planning and Development (Q3)";"Social Sciences"
420;21100887441;"Folia Geographica";journal;"24541001, 13366157";"University of Presov";Yes;Yes;0,294;Q3;14;11;51;660;102;51;2,03;60,00;42,11;0;Slovakia;Eastern Europe;"University of Presov";"2018-2025";"Geography, Planning and Development (Q3)";"Social Sciences"
421;22754;"Journal of the Asia Pacific Economy";journal;"13547860, 14699648";"Routledge";No;No;0,294;Q3;45;33;109;1598;192;107;2,04;48,42;36,49;4;United Kingdom;Western Europe;"Routledge";"1996-2026";"Political Science and International Relations (Q2); Development (Q3); Geography, Planning and Development (Q3)";"Social Sciences"
422;25590;"British Journal of Middle Eastern Studies";journal;"14693542, 13530194";"Routledge";No;No;0,293;Q3;35;52;152;84;206;143;1,16;1,62;46,03;8;United Kingdom;Western Europe;"Routledge";"1992-2026";"History (Q1); Earth-Surface Processes (Q3); Geography, Planning and Development (Q3)";"Arts and Humanities; Earth and Planetary Sciences; Social Sciences"
423;6300153139;"Scripta Nova";journal;"11389788";"Universitat de Barcelona";Yes;Yes;0,293;Q3;15;31;85;1461;56;81;0,68;47,13;41,18;2;Spain;Western Europe;"Universitat de Barcelona";"2006-2025";"Geography, Planning and Development (Q3)";"Social Sciences"
424;18000156709;"Bulletin of Geography. Socio-economic Series";journal;"17324254, 20838298";"";Yes;Yes;0,291;Q3;27;42;116;1950;193;116;1,47;46,43;43,12;1;Germany;Western Europe;"";"2003-2025";"Cultural Studies (Q1); Demography (Q2); Urban Studies (Q2); Geography, Planning and Development (Q3)";"Social Sciences"
425;21101071896;"Environmental Economics";journal;"19986041, 1998605X";"LLC CPC Business Perspectives";Yes;No;0,291;Q3;14;14;30;671;44;29;1,56;47,93;45,45;0;Ukraine;Eastern Europe;"LLC CPC Business Perspectives";"2017-2026";"Economics and Econometrics (Q3); Environmental Science (miscellaneous) (Q3); Geography, Planning and Development (Q3); Global and Planetary Change (Q3); Management, Monitoring, Policy and Law (Q3); Public Administration (Q3); Renewable Energy, Sustainability and the Environment (Q3)";"Economics, Econometrics and Finance; Energy; Environmental Science; Social Sciences"
426;9500153928;"Scottish Geographical Journal";journal;"14702541, 1751665X";"Taylor and Francis Ltd.";No;No;0,291;Q3;37;19;56;989;52;47;0,97;52,05;25,93;1;United Kingdom;Western Europe;"Taylor and Francis Ltd.";"1999-2026";"Earth-Surface Processes (Q3); Geography, Planning and Development (Q3)";"Earth and Planetary Sciences; Social Sciences"
427;21101049623;"ANAS Transactions, Earth Sciences";journal;"26630419, 22188754";"Geology and Geophysics Institute at Azerbaijan National Academy of Sciences (ANAS)";No;No;0,289;Q3;8;19;47;601;40;47;1,19;31,63;27,08;0;Azerbaijan;Eastern Europe;"Geology and Geophysics Institute at Azerbaijan National Academy of Sciences (ANAS)";"2019-2025";"Earth and Planetary Sciences (miscellaneous) (Q3); Geography, Planning and Development (Q3)";"Earth and Planetary Sciences; Social Sciences"
428;18500168400;"Asian Affairs";journal;"03068374, 14771500";"Routledge";No;No;0,289;Q3;22;45;109;0;173;96;1,06;0,00;30,00;8;United Kingdom;Western Europe;"Routledge";"1995-2026";"Law (Q2); Political Science and International Relations (Q2); Economics and Econometrics (Q3); Geography, Planning and Development (Q3)";"Economics, Econometrics and Finance; Social Sciences"
429;15159;"Review of Regional Studies";journal;"0048749X, 15530892";"E-Journal of Geotechnical Engineering";Yes;No;0,289;Q3;24;17;56;647;46;56;0,69;38,06;25,00;2;United States;Northern America;"E-Journal of Geotechnical Engineering";"1974-1975, 1977-1982, 1984, 1987-2025";"Earth-Surface Processes (Q3); Geography, Planning and Development (Q3)";"Earth and Planetary Sciences; Social Sciences"
430;5200153101;"International Journal of Sustainable Development and Planning";journal;"1743761X, 17437601";"International Information and Engineering Technology Association";No;No;0,286;Q3;31;280;332;10725;485;332;1,46;38,30;43,19;3;United Kingdom;Western Europe;"International Information and Engineering Technology Association";"2006-2025";"Geography, Planning and Development (Q3); Management, Monitoring, Policy and Law (Q3); Renewable Energy, Sustainability and the Environment (Q3)";"Energy; Environmental Science; Social Sciences"
431;55750;"Human Ecology Review";journal;"10744827, 22040919";"Society for Human Ecology";Yes;Yes;0,285;Q3;52;8;47;327;36;45;0,67;40,88;42,86;0;United States;Northern America;"Society for Human Ecology";"1998-2022, 2024";"Geography, Planning and Development (Q3); Management, Monitoring, Policy and Law (Q3)";"Environmental Science; Social Sciences"
432;26917;"Nationalism and Ethnic Politics";journal;"15572986, 13537113";"Routledge";No;No;0,285;Q3;36;26;73;210;104;73;0,73;8,08;15,63;3;United Kingdom;Western Europe;"Routledge";"1995-2026";"Political Science and International Relations (Q2); Geography, Planning and Development (Q3)";"Social Sciences"
433;7700153202;"Investigaciones Regionales";journal;"23402717, 16957253";"Asociacion Espanola de Ciencia Regional";Yes;Yes;0,284;Q3;26;19;82;976;74;79;0,96;51,37;27,45;16;Spain;Western Europe;"Asociacion Espanola de Ciencia Regional";"2007-2025";"Economics, Econometrics and Finance (miscellaneous) (Q2); Development (Q3); Geography, Planning and Development (Q3)";"Economics, Econometrics and Finance; Social Sciences"
434;16523;"Tourism";journal;"18491545, 13327461";"Institute for Tourism";Yes;No;0,284;Q3;35;38;121;2312;219;118;1,79;60,84;41,57;1;Croatia;Eastern Europe;"Institute for Tourism";"2002-2025";"Geography, Planning and Development (Q3); Tourism, Leisure and Hospitality Management (Q3)";"Business, Management and Accounting; Social Sciences"
435;21100211748;"Scienze Regionali";journal;"17203929, 2035603X";"Societa Editrice Il Mulino";No;No;0,283;Q3;18;24;94;1228;94;78;0,96;51,17;49,09;1;Italy;Western Europe;"Societa Editrice Il Mulino";"2012-2025";"Urban Studies (Q2); Economics and Econometrics (Q3); Food Animals (Q3); Geography, Planning and Development (Q3); Public Administration (Q3)";"Economics, Econometrics and Finance; Social Sciences; Veterinary"
436;27398;"Zeitschrift fur Geomorphologie";journal;"18641687, 03728854";"Schweizerbart Science Publishers";No;No;0,283;Q3;44;20;58;1203;58;56;1,00;60,15;35,19;0;Germany;Western Europe;"Schweizerbart Science Publishers";"1979-2019, 2021-2022, 2024-2025";"Earth and Planetary Sciences (miscellaneous) (Q3); Geography, Planning and Development (Q3)";"Earth and Planetary Sciences; Social Sciences"
437;21100912225;"Journal of the Geographical Institute Jovan Cvijic SASA";journal;"03507599, 18212808";"Geographical Institute "Jovan Cviji" of the Serbian Academy of Sciences and Arts";Yes;Yes;0,282;Q3;13;24;72;1023;108;70;1,38;42,63;42,19;0;Serbia;Eastern Europe;"Geographical Institute "Jovan Cviji" of the Serbian Academy of Sciences and Arts";"2019-2026";"Demography (Q2); Earth-Surface Processes (Q3); Geography, Planning and Development (Q3); Geology (Q3); Tourism, Leisure and Hospitality Management (Q3)";"Business, Management and Accounting; Earth and Planetary Sciences; Social Sciences"
438;21100381612;"Ciudad y Territorio Estudios Territoriales";journal;"11334762, 26593254";"Ministerio de Fomento";Yes;No;0,281;Q3;13;61;198;2573;138;182;0,64;42,18;29,01;0;Spain;Western Europe;"Ministerio de Fomento";"2014-2025";"Urban Studies (Q2); Geography, Planning and Development (Q3)";"Social Sciences"
439;19600162167;"Journal of Water and Land Development";journal;"14297426, 20834535";"Institute of Technology and Life Sciences - National Research Institute";Yes;No;0,281;Q3;30;147;288;5659;410;288;1,46;38,50;37,64;2;Poland;Eastern Europe;"Institute of Technology and Life Sciences - National Research Institute";"2006-2026";"Agricultural and Biological Sciences (miscellaneous) (Q2); Development (Q3); Environmental Engineering (Q3); Geography, Planning and Development (Q3); Water Science and Technology (Q3)";"Agricultural and Biological Sciences; Environmental Science; Social Sciences"
440;25845;"International Studies";journal;"09730702, 00208817";"Sage Publications India Pvt. Ltd";No;No;0,280;Q3;23;19;63;1219;62;60;0,94;64,16;40,91;3;India;Asiatic Region;"Sage Publications India Pvt. Ltd";"1959-1969, 1973-1982, 1985-2025";"Political Science and International Relations (Q2); Geography, Planning and Development (Q3)";"Social Sciences"
441;21100872806;"Environmental and Socio-Economic Studies";journal;"23540079";"De Gruyter Open Ltd";Yes;Yes;0,278;Q3;15;25;77;1220;96;76;1,33;48,80;31,03;3;Germany;Western Europe;"De Gruyter Open Ltd";"2018-2025";"Urban Studies (Q2); Geography, Planning and Development (Q3); Management, Monitoring, Policy and Law (Q3); Nature and Landscape Conservation (Q3); Pollution (Q3)";"Environmental Science; Social Sciences"
442;21100788265;"Housing and Society";journal;"23760923, 08882746";"Taylor and Francis Ltd.";No;No;0,278;Q3;13;17;38;1152;40;37;1,04;67,76;72,92;4;United Kingdom;Western Europe;"Taylor and Francis Ltd.";"2015-2026";"Sociology and Political Science (Q2); Urban Studies (Q2); Geography, Planning and Development (Q3)";"Social Sciences"
443;14746;"IDS Bulletin";journal;"02655012, 17595436";"Institute of Development Studies";Yes;No;0,278;Q3;62;31;83;1136;87;79;0,66;36,65;55,43;31;United Kingdom;Western Europe;"Institute of Development Studies";"1976-2025";"Development (Q3); Geography, Planning and Development (Q3)";"Social Sciences"
444;19700182024;"Proceedings of the Institution of Civil Engineers: Urban Design and Planning";journal;"17550807, 17550793";"ICE Publishing";No;No;0,278;Q3;26;17;62;1017;60;58;0,97;59,82;30,95;1;United Kingdom;Western Europe;"ICE Publishing";"2009-2025";"Architecture (Q2); Urban Studies (Q2); Civil and Structural Engineering (Q3); Geography, Planning and Development (Q3)";"Engineering; Social Sciences"
445;4000148818;"DISP";journal;"02513625, 21668604";"Taylor and Francis Ltd.";No;No;0,277;Q3;31;32;105;1052;97;90;0,96;32,88;45,00;0;United Kingdom;Western Europe;"Taylor and Francis Ltd.";"1980-2002, 2005-2025";"Geography, Planning and Development (Q3)";"Social Sciences"
446;145648;"Refuge";journal;"19207336, 02295113";"York University Libraries";Yes;Yes;0,277;Q3;37;23;53;1112;73;51;0,89;48,35;79,59;3;Canada;Northern America;"York University Libraries";"1996-2025";"Cultural Studies (Q1); Demography (Q2); Political Science and International Relations (Q2); Sociology and Political Science (Q2); Geography, Planning and Development (Q3)";"Social Sciences"
447;21100201540;"Economia Agraria y Recursos Naturales";journal;"15780732, 21747350";"Universidad Politecnica de Valencia";Yes;Yes;0,276;Q3;16;11;45;487;41;45;0,46;44,27;41,67;1;Spain;Western Europe;"Universidad Politecnica de Valencia";"2001, 2004, 2011-2025";"Agricultural and Biological Sciences (miscellaneous) (Q3); Environmental Science (miscellaneous) (Q3); Geography, Planning and Development (Q3)";"Agricultural and Biological Sciences; Environmental Science; Social Sciences"
448;21101032776;"Rural Sustainability Research";journal;"22560939";"Sciendo";Yes;No;0,276;Q3;10;19;49;589;40;49;0,88;31,00;60,00;0;Germany;Western Europe;"Sciendo";"2019-2025";"Agricultural and Biological Sciences (miscellaneous) (Q3); Ecology (Q3); Geography, Planning and Development (Q3); Global and Planetary Change (Q4)";"Agricultural and Biological Sciences; Environmental Science; Social Sciences"
449;28757;"Geographische Zeitschrift";journal;"23653124, 00167479";"Franz Steiner Verlag GmbH";No;No;0,275;Q3;23;20;45;784;43;41;1,16;39,20;36,36;0;Germany;Western Europe;"Franz Steiner Verlag GmbH";"1978-1994, 1996-2025";"Earth-Surface Processes (Q3); Geography, Planning and Development (Q3)";"Earth and Planetary Sciences; Social Sciences"
450;21100833840;"Shima";journal;"18346049, 18346057";"Shima Publications (Australia)";Yes;Yes;0,274;Q3;11;44;76;2494;62;75;0,60;56,68;34,55;1;Australia;Pacific Region;"Shima Publications (Australia)";"2017-2025";"Cultural Studies (Q1); History (Q1); Anthropology (Q2); Geography, Planning and Development (Q3)";"Arts and Humanities; Social Sciences"
451;21101019741;"Studies in Agricultural Economics";journal;"14182106, 20630476";"";Yes;Yes;0,274;Q3;22;15;56;550;80;56;1,22;36,67;43,75;1;Hungary;Eastern Europe;"";"2011-2025";"Agricultural and Biological Sciences (miscellaneous) (Q3); Development (Q3); Economics and Econometrics (Q3); Geography, Planning and Development (Q3)";"Agricultural and Biological Sciences; Economics, Econometrics and Finance; Social Sciences"
452;24405;"Journal of Regional Analysis and Policy";journal;"10904999";"University of Nebraska-Lincoln";No;No;0,273;Q3;30;7;27;317;22;25;0,63;45,29;30,77;0;United States;Northern America;"University of Nebraska-Lincoln";"1996-2025";"Political Science and International Relations (Q2); Geography, Planning and Development (Q3); Management, Monitoring, Policy and Law (Q3)";"Environmental Science; Social Sciences"
453;28154;"Fennia";journal;"00150010, 17985617";"Geographical Society of Finland";Yes;Yes;0,272;Q3;30;17;68;715;81;68;1,00;42,06;53,85;3;Finland;Western Europe;"Geographical Society of Finland";"1976, 1979-2009, 2011-2025";"Ecology (Q3); Forestry (Q3); Geography, Planning and Development (Q3)";"Agricultural and Biological Sciences; Environmental Science; Social Sciences"
454;19700188161;"Leisure/ Loisir";journal;"14927713, 21512221";"Routledge";No;No;0,272;Q3;33;25;75;1621;71;72;0,90;64,84;66,13;2;United States;Northern America;"Routledge";"1999-2003, 2005-2026";"Geography, Planning and Development (Q3); Tourism, Leisure and Hospitality Management (Q3)";"Business, Management and Accounting; Social Sciences"
455;20500195076;"Urbani Izziv";journal;"18558399, 03536483";"Urban Planning Institute of the Republic of Slovenia";Yes;Yes;0,272;Q3;24;22;92;1345;101;87;0,82;61,14;53,85;0;Slovenia;Eastern Europe;"Urban Planning Institute of the Republic of Slovenia";"1994-1995, 1997-2025";"Cultural Studies (Q1); Architecture (Q2); Urban Studies (Q2); Geography, Planning and Development (Q3)";"Engineering; Social Sciences"
456;21101059922;"Russian Peasant Studies";journal;"25001809, 29492564";"Russian Presidental Academy of National Economy and Public Administration";Yes;Yes;0,271;Q3;6;37;112;798;28;97;0,26;21,57;29,27;0;Russian Federation;Eastern Europe;"Russian Presidental Academy of National Economy and Public Administration";"2019-2025";"Cultural Studies (Q1); History (Q1); Anthropology (Q2); Archeology (Q2); Economics, Econometrics and Finance (miscellaneous) (Q2); Agricultural and Biological Sciences (miscellaneous) (Q3); Geography, Planning and Development (Q3)";"Agricultural and Biological Sciences; Arts and Humanities; Economics, Econometrics and Finance; Social Sciences"
457;28168;"Finisterra";journal;"04305027";"Universidade de Lisboa";Yes;Yes;0,270;Q3;17;31;141;1239;139;140;1,10;39,97;52,38;0;Portugal;Western Europe;"Universidade de Lisboa";"1978-1990, 1992-2002, 2007, 2012-2026";"Earth and Planetary Sciences (miscellaneous) (Q3); Geography, Planning and Development (Q3)";"Earth and Planetary Sciences; Social Sciences"
458;21100894848;"sub\urban";journal;"21972567";"suburban eV";Yes;Yes;0,269;Q3;14;50;118;1199;67;92;0,60;23,98;49,06;1;Germany;Western Europe;"suburban eV";"2013-2025";"Urban Studies (Q2); Geography, Planning and Development (Q3)";"Social Sciences"
459;19900192151;"Architecture, City and Environment";journal;"18864805, 18877052";"Universitat Politecnica de Catalunya";Yes;No;0,267;Q3;13;39;145;1953;90;143;0,65;50,08;49,48;0;Spain;Western Europe;"Universitat Politecnica de Catalunya";"2011-2025";"Architecture (Q2); Urban Studies (Q2); Geography, Planning and Development (Q3)";"Engineering; Social Sciences"
460;5800173391;"Tourism in Marine Environments";journal;"1544273X";"Cognizant Communication Corporation";No;No;0,267;Q3;28;12;58;694;53;54;0,90;57,83;50,00;0;United States;Northern America;"Cognizant Communication Corporation";"2006-2008, 2010-2025";"Geography, Planning and Development (Q3); Tourism, Leisure and Hospitality Management (Q3)";"Business, Management and Accounting; Social Sciences"
461;21100842666;"Caucasus Survey";journal;"23761199, 23761202";"Brill Academic Publishers";No;No;0,265;Q3;15;17;51;1040;52;47;0,89;61,18;44,44;0;Netherlands;Western Europe;"Brill Academic Publishers";"2013-2026";"Cultural Studies (Q1); History (Q1); Anthropology (Q2); Sociology and Political Science (Q2); Demography (Q3); Geography, Planning and Development (Q3)";"Arts and Humanities; Social Sciences"
462;12397;"Polar Record";journal;"00322474, 14753057";"Cambridge University Press";No;No;0,265;Q3;43;38;127;2232;137;124;1,01;58,74;53,76;0;United Kingdom;Western Europe;"Cambridge University Press";"1931-2026";"Earth and Planetary Sciences (miscellaneous) (Q3); Ecology (Q3); Geography, Planning and Development (Q3)";"Earth and Planetary Sciences; Environmental Science; Social Sciences"
463;21100817647;"Landscape Architecture and Art";journal;"22558640, 22558632";"Latvia University of Life Sciences and Technologies";Yes;No;0,264;Q3;9;19;65;426;48;65;0,78;22,42;67,39;0;Latvia;Eastern Europe;"Latvia University of Life Sciences and Technologies";"2016-2025";"Visual Arts and Performing Arts (Q1); Agricultural and Biological Sciences (miscellaneous) (Q3); Geography, Planning and Development (Q3); Nature and Landscape Conservation (Q3)";"Agricultural and Biological Sciences; Arts and Humanities; Environmental Science; Social Sciences"
464;27979;"Round Table";journal;"00358533, 1474029X";"Routledge";No;No;0,264;Q3;34;86;260;1883;144;121;0,66;21,90;28,85;1;United Kingdom;Western Europe;"Routledge";"1910-1981, 1983-2026";"Geography, Planning and Development (Q3)";"Social Sciences"
465;25354;"Canadian Journal of African Studies";journal;"19233051, 00083968";"Taylor and Francis Ltd.";No;No;0,263;Q3;20;29;90;1777;101;79;1,27;61,28;30,56;5;United Kingdom;Western Europe;"Taylor and Francis Ltd.";"1976, 1980, 1982-1996, 1999, 2001, 2011-2012, 2014-2026";"Cultural Studies (Q1); History (Q1); Anthropology (Q2); Demography (Q3); Development (Q3); Geography, Planning and Development (Q3); Sociology and Political Science (Q3)";"Arts and Humanities; Social Sciences"
466;21100942908;"Revista Notas Historicas y Geograficas";journal;"07194404, 0717036X";"Universidad de Playa Ancha -Departamento De Historia";Yes;Yes;0,263;Q3;6;49;75;1478;45;73;0,80;30,16;37,74;0;Chile;Latin America;"Universidad de Playa Ancha -Departamento De Historia";"2019-2025";"History (Q1); Geography, Planning and Development (Q3)";"Arts and Humanities; Social Sciences"
467;22455;"Urban History";journal;"09639268, 14698706";"Cambridge University Press";No;No;0,262;Q3;31;41;108;1740;88;107;0,80;42,44;31,48;0;United Kingdom;Western Europe;"Cambridge University Press";"1974-2026";"History (Q1); Arts and Humanities (miscellaneous) (Q2); Urban Studies (Q2); Geography, Planning and Development (Q3)";"Arts and Humanities; Social Sciences"
468;27665;"Journal of Contemporary African Studies";journal;"14699397, 02589001";"Routledge";No;No;0,261;Q3;44;34;111;1672;105;103;1,02;49,18;26,92;5;United Kingdom;Western Europe;"Routledge";"1981-1984, 1986-2025";"Political Science and International Relations (Q2); Development (Q3); Geography, Planning and Development (Q3)";"Social Sciences"
469;21101049548;"Remittances Review (discontinued)";journal;"20596588, 20596596";"Transnational Press London Ltd";No;No;0,260;Q3;8;17;20;521;39;16;3,00;30,65;40,00;0;United Kingdom;Western Europe;"Transnational Press London Ltd";"2019, 2021-2023";"Political Science and International Relations (Q2); Development (Q3); Geography, Planning and Development (Q3); Sociology and Political Science (Q3)";"Social Sciences"
470;13800154708;"World Review of Intermodal Transportation Research";journal;"17494737, 17494729";"Inderscience Enterprises Ltd";No;No;0,260;Q3;21;9;59;684;54;57;0,92;76,00;37,93;0;United Kingdom;Western Europe;"Inderscience Enterprises Ltd";"2006-2011, 2013-2025";"Geography, Planning and Development (Q3); Transportation (Q3)";"Social Sciences"
471;21100208022;"Ethics, Policy and Environment";journal;"21550093, 21550085";"Taylor and Francis Ltd.";No;No;0,259;Q3;29;33;65;1084;53;58;1,00;32,85;27,50;4;United Kingdom;Western Europe;"Taylor and Francis Ltd.";"2011-2026";"Philosophy (Q2); Geography, Planning and Development (Q3); Management, Monitoring, Policy and Law (Q3)";"Arts and Humanities; Environmental Science; Social Sciences"
472;5100155098;"Tourism, Culture and Communication";journal;"1098304X";"Cognizant Communication Corporation";No;No;0,258;Q3;24;26;68;1684;46;67;0,60;64,77;57,14;0;United States;Northern America;"Cognizant Communication Corporation";"2006-2025";"Cultural Studies (Q1); Communication (Q3); Geography, Planning and Development (Q3); Tourism, Leisure and Hospitality Management (Q3)";"Business, Management and Accounting; Social Sciences"
473;56455;"Hrvatski Geografski Glasnik";journal;"13315854";"Croatian Geographical Society";Yes;Yes;0,257;Q3;15;10;28;649;29;27;0,80;64,90;25,00;0;Croatia;Eastern Europe;"Croatian Geographical Society";"1998-2001, 2003-2025";"Earth-Surface Processes (Q3); Geography, Planning and Development (Q3)";"Earth and Planetary Sciences; Social Sciences"
474;12603;"Revue de Geographie Alpine";journal;"00351121";"Armand Colin Editeur";Yes;Yes;0,257;Q3;21;37;104;1393;50;98;0,29;37,65;49,25;1;France;Western Europe;"Armand Colin Editeur";"1977, 1979, 1982-1988, 1994-2025";"Earth-Surface Processes (Q3); Geography, Planning and Development (Q3)";"Earth and Planetary Sciences; Social Sciences"
475;22988;"Revista Venezolana de Gerencia";journal;"13159984";"Universidad del Zulia";Yes;Yes;0,256;Q3;19;201;533;8027;527;507;1,08;39,94;40,50;3;Venezuela;Latin America;"Universidad del Zulia";"1996-2026";"Business, Management and Accounting (miscellaneous) (Q3); Geography, Planning and Development (Q3)";"Business, Management and Accounting; Social Sciences"
476;28667;"Geographia Polonica";journal;"00167282, 23007362";"Polska Akademia Nauk";Yes;No;0,254;Q3;27;18;91;1263;113;91;1,22;70,17;40,85;0;Poland;Eastern Europe;"Polska Akademia Nauk";"1972, 1975-1986, 1988-1989, 1992-2025";"Cultural Studies (Q1); Urban Studies (Q2); Earth and Planetary Sciences (miscellaneous) (Q3); Geography, Planning and Development (Q3)";"Earth and Planetary Sciences; Social Sciences"
477;28015;"Cuadernos Geograficos";journal;"23400129, 02105462";"University of Granada";Yes;Yes;0,253;Q3;18;30;143;1493;106;139;0,72;49,77;31,33;1;Spain;Western Europe;"University of Granada";"1983, 1992-1993, 1995, 1997-2000, 2002-2026";"Earth-Surface Processes (Q3); Geography, Planning and Development (Q3)";"Earth and Planetary Sciences; Social Sciences"
478;21100908514;"Papers in Applied Geography";journal;"2375494X, 23754931";"Routledge";No;No;0,253;Q3;20;29;75;1547;66;72;0,89;53,34;30,00;2;United States;Northern America;"Routledge";"2015-2026";"Earth and Planetary Sciences (miscellaneous) (Q3); Geography, Planning and Development (Q3); Urban Studies (Q3)";"Earth and Planetary Sciences; Social Sciences"
479;19700169301;"Revista de Economia Mundial";journal;"23404264, 15760162";"Universidad de Huelva";Yes;Yes;0,253;Q3;17;34;85;1376;51;75;0,55;40,47;35,82;4;Spain;Western Europe;"Universidad de Huelva";"2003-2025";"History (Q1); Political Science and International Relations (Q2); Economics and Econometrics (Q3); Geography, Planning and Development (Q3); Social Sciences (miscellaneous) (Q3); Transportation (Q3)";"Arts and Humanities; Economics, Econometrics and Finance; Social Sciences"
480;22752;"International Journal of Environment and Sustainable Development";journal;"14787466, 14746778";"Inderscience Publishers";No;No;0,251;Q3;26;33;70;1651;89;67;0,94;50,03;29,47;0;United Kingdom;Western Europe;"Inderscience Publishers";"2002-2025";"Geography, Planning and Development (Q3); Management, Monitoring, Policy and Law (Q3); Renewable Energy, Sustainability and the Environment (Q4)";"Energy; Environmental Science; Social Sciences"
481;21100456788;"International Journal on Food System Dynamics";journal;"18696945";"CentMa GmbH";Yes;Yes;0,251;Q3;23;33;89;1616;93;89;0,90;48,97;48,00;0;Germany;Western Europe;"CentMa GmbH";"2010-2025";"Business and International Management (Q3); Economics, Econometrics and Finance (miscellaneous) (Q3); Environmental Science (miscellaneous) (Q3); Food Science (Q3); Geography, Planning and Development (Q3); Management Science and Operations Research (Q4); Transportation (Q4)";"Agricultural and Biological Sciences; Business, Management and Accounting; Decision Sciences; Economics, Econometrics and Finance; Environmental Science; Social Sciences"
482;21100855500;"Journal of Population and Social Studies";journal;"24654418";"Mahidol University, Institute for Population and Social Research";No;No;0,251;Q3;15;53;92;2489;78;91;0,89;46,96;44,53;0;Thailand;Asiatic Region;"Mahidol University, Institute for Population and Social Research";"2017-2027";"Anthropology (Q2); Demography (Q3); Geography, Planning and Development (Q3); Health (social science) (Q3); Social Sciences (miscellaneous) (Q3); Sociology and Political Science (Q3)";"Social Sciences"
483;21100979305;"Journal of Digital Landscape Architecture";journal;"2511624X, 23674253";"V D E Verlag GmbH";Yes;No;0,250;Q3;14;67;149;1393;124;149;0,80;20,79;34,84;0;Germany;Western Europe;"V D E Verlag GmbH";"2016-2025";"Architecture (Q2); Geography, Planning and Development (Q3); Nature and Landscape Conservation (Q3); Computer Science Applications (Q4)";"Computer Science; Engineering; Environmental Science; Social Sciences"
484;21100829564;"DETUROPE";journal;"18212506";"Regional Science Association of Subotica (Drustvo za Regionalne Nauke)";Yes;Yes;0,249;Q3;13;27;86;1203;85;85;0,90;44,56;49,25;0;Serbia;Eastern Europe;"Regional Science Association of Subotica (Drustvo za Regionalne Nauke)";"2017-2025";"Geography, Planning and Development (Q3); Tourism, Leisure and Hospitality Management (Q4)";"Business, Management and Accounting; Social Sciences"
485;19900194907;"Planning Malaysia";journal;"16756215, 01280945";"Malaysian Institute Of Planners";No;No;0,249;Q3;20;133;293;3713;306;293;1,03;27,92;49,55;1;Malaysia;Asiatic Region;"Malaysian Institute Of Planners";"2003-2025";"Geography, Planning and Development (Q3); Urban Studies (Q3)";"Social Sciences"
486;21100197733;"Ager";journal;"23404655, 15787168";"CEDDAR";No;Yes;0,248;Q3;17;21;58;1032;62;55;1,26;49,14;36,96;0;Spain;Western Europe;"CEDDAR";"2009-2025";"Demography (Q3); Development (Q3); Geography, Planning and Development (Q3)";"Social Sciences"
487;21100945161;"Bulletin of Geography, Physical Geography Series";journal;"23008490, 20807686";"Sciendo";Yes;Yes;0,248;Q3;8;11;34;412;42;34;1,67;37,45;23,81;0;Poland;Eastern Europe;"Sciendo";"2019-2025";"Geography, Planning and Development (Q3); Geophysics (Q3)";"Earth and Planetary Sciences; Social Sciences"
488;50047;"Journal of Southeast Asian Studies";journal;"14740680, 00224634";"Cambridge University Press";No;No;0,248;Q3;41;40;98;2440;88;86;0,43;61,00;36,59;0;United Kingdom;Western Europe;"Cambridge University Press";"1970-2025";"History (Q1); Geography, Planning and Development (Q3); Sociology and Political Science (Q3)";"Arts and Humanities; Social Sciences"
489;27649;"Geografie-Sbornik CGS";journal;"12120014";"Czech Geographical Society";No;No;0,246;Q3;29;16;58;939;67;58;1,21;58,69;29,41;0;Czech Republic;Eastern Europe;"Czech Geographical Society";"1992-2025";"Earth-Surface Processes (Q3); Geography, Planning and Development (Q3)";"Earth and Planetary Sciences; Social Sciences"
490;21100218040;"Human Geographies";journal;"18436587, 20672284";"Universitatea din Bucuresti";Yes;Yes;0,245;Q3;19;13;43;702;34;43;0,61;54,00;66,67;0;Romania;Eastern Europe;"Universitatea din Bucuresti";"2012-2025";"Geography, Planning and Development (Q3)";"Social Sciences"
491;24257;"Asian-Pacific Economic Literature";journal;"08189935, 14678411";"Wiley-Blackwell Publishing Ltd";No;No;0,244;Q3;27;15;51;755;47;51;0,76;50,33;35,48;5;United Kingdom;Western Europe;"Wiley-Blackwell Publishing Ltd";"1987-2026";"Development (Q3); Economics and Econometrics (Q3); Geography, Planning and Development (Q3)";"Economics, Econometrics and Finance; Social Sciences"
492;21101021535;"GI_Forum";journal;"23081708";"Austrian Acedemy of Sciences Press";Yes;No;0,243;Q3;11;18;100;502;59;100;0,44;27,89;40,00;0;Austria;Western Europe;"Austrian Acedemy of Sciences Press";"2018-2024";"Computers in Earth Sciences (Q3); Education (Q3); Geography, Planning and Development (Q3); Computer Science Applications (Q4)";"Computer Science; Earth and Planetary Sciences; Social Sciences"
493;27696;"Journal of Southern African Studies";journal;"03057070, 14653893";"Routledge";No;No;0,243;Q3;64;59;189;0;160;167;0,72;0,00;36,76;5;United Kingdom;Western Europe;"Routledge";"1974-2026";"Arts and Humanities (miscellaneous) (Q2); Geography, Planning and Development (Q3); Sociology and Political Science (Q3)";"Arts and Humanities; Social Sciences"
494;11000153705;"Journal of Transnational Management";journal;"15475778, 15475786";"Taylor and Francis Ltd.";No;No;0,243;Q3;22;12;55;563;55;43;0,86;46,92;12,50;0;United Kingdom;Western Europe;"Taylor and Francis Ltd.";"2005-2023";"Development (Q3); Geography, Planning and Development (Q3); Management, Monitoring, Policy and Law (Q3)";"Environmental Science; Social Sciences"
495;21101063015;"Agua y Territorio";journal;"23408472, 23407743";"Universidad de Jaen Campus Las Lagunillas";No;No;0,241;Q3;7;14;62;603;27;59;0,18;43,07;28,57;0;Spain;Western Europe;"Universidad de Jaen Campus Las Lagunillas";"2019-2026";"History (Q1); Arts and Humanities (miscellaneous) (Q2); Economics, Econometrics and Finance (miscellaneous) (Q3); Geography, Planning and Development (Q3)";"Arts and Humanities; Economics, Econometrics and Finance; Social Sciences"
496;21101041815;"Journal of ASEAN Studies";journal;"23381361, 23381353";"Bina Nusantara University";Yes;No;0,241;Q3;9;16;41;841;45;37;1,29;52,56;33,33;0;Indonesia;Asiatic Region;"Bina Nusantara University";"2019-2025";"Cultural Studies (Q2); Geography, Planning and Development (Q3); Social Sciences (miscellaneous) (Q3); Sociology and Political Science (Q3)";"Social Sciences"
497;28124;"Estudios Geograficos";journal;"00141496, 19888546";"CSIC Consejo Superior de Investigaciones Cientificas";Yes;Yes;0,240;Q3;17;30;81;1447;51;78;0,67;48,23;38,46;8;Spain;Western Europe;"CSIC Consejo Superior de Investigaciones Cientificas";"1979-2024";"Earth-Surface Processes (Q3); Geography, Planning and Development (Q3)";"Earth and Planetary Sciences; Social Sciences"
498;21100228533;"Regional Science Inquiry";journal;"17917735, 17915961";"Hellenic Association of Regional Scientists";No;No;0,239;Q3;13;12;102;555;83;101;0,93;46,25;30,00;0;Greece;Western Europe;"Hellenic Association of Regional Scientists";"2012-2024";"Development (Q3); Economics and Econometrics (Q3); Geography, Planning and Development (Q3); Sociology and Political Science (Q3)";"Economics, Econometrics and Finance; Social Sciences"
499;21100945721;"Journal of Globalization Studies";journal;"20758103";"Uchitel Publishing House";No;No;0,237;Q3;9;23;59;946;65;56;0,88;41,13;32,35;0;Russian Federation;Eastern Europe;"Uchitel Publishing House";"2019-2025";"Geography, Planning and Development (Q3); Political Science and International Relations (Q3); Global and Planetary Change (Q4)";"Environmental Science; Social Sciences"
500;5600153133;"Sociedade e Estado";journal;"19805462, 01026992";"Universidade de Brasilia";Yes;Yes;0,236;Q3;23;43;119;1763;57;109;0,41;41,00;42,86;0;Brazil;Latin America;"Universidade de Brasilia";"2007-2025";"Geography, Planning and Development (Q3); Sociology and Political Science (Q3)";"Social Sciences"
501;21100421902;"Iberoamerican Journal of Development Studies";journal;"22542035";"University of Zaragoza";Yes;Yes;0,235;Q3;11;25;64;1194;51;64;0,60;47,76;62,22;1;Spain;Western Europe;"University of Zaragoza";"2012-2025";"History (Q1); Law (Q2); Development (Q3); Geography, Planning and Development (Q3); Sociology and Political Science (Q3)";"Arts and Humanities; Social Sciences"
502;21100937446;"On the W@terfront";journal;"11397365";"Universitat de Barcelona";Yes;Yes;0,235;Q3;5;12;41;756;20;41;0,38;63,00;55,00;0;Spain;Western Europe;"Universitat de Barcelona";"2019-2025";"Visual Arts and Performing Arts (Q1); Geography, Planning and Development (Q3); Urban Studies (Q3)";"Arts and Humanities; Social Sciences"
503;130176;"Environmental Practice";journal;"14660474, 14660466";"Taylor and Francis Ltd.";No;No;0,234;Q3;31;0;23;0;19;19;0,00;0,00;0,00;0;United Kingdom;Western Europe;"Taylor and Francis Ltd.";"1999-2019";"Geography, Planning and Development (Q3); Management, Monitoring, Policy and Law (Q3)";"Environmental Science; Social Sciences"
504;19200156806;"Geographia Technica";journal;"20654421, 18425135";"Asociatia Geographia Technica";No;No;0,234;Q3;20;31;150;1124;153;149;1,12;36,26;35,53;0;Romania;Eastern Europe;"Asociatia Geographia Technica";"2009-2025";"Computers in Earth Sciences (Q3); Earth-Surface Processes (Q3); Geography, Planning and Development (Q3)";"Earth and Planetary Sciences; Social Sciences"
505;20000195046;"Journal of Landscape Architecture";journal;"2164604X, 18626033";"Routledge";No;No;0,234;Q3;21;24;72;0;46;52;0,33;0,00;45,16;1;United Kingdom;Western Europe;"Routledge";"2006-2025";"Geography, Planning and Development (Q3)";"Social Sciences"
506;25616;"Perspektiven der Wirtschaftspolitik";journal;"14656493, 14682516";"Walter de Gruyter GmbH";No;No;0,234;Q3;17;28;110;953;51;84;0,47;34,04;26,67;10;Germany;Western Europe;"Walter de Gruyter GmbH";"2000-2025";"Geography, Planning and Development (Q3); Political Science and International Relations (Q3)";"Social Sciences"
507;27082;"Acta Geographica Lodziensia";journal;"00651249, 24510319";"Lodzkie Towarzystwo Naukowe";No;No;0,231;Q3;10;11;46;673;30;46;0,66;61,18;37,50;0;Poland;Eastern Europe;"Lodzkie Towarzystwo Naukowe";"1979-1980, 1982, 1985-1990, 1993-1998, 2002-2009, 2019-2025";"Geography, Planning and Development (Q3); Geology (Q3)";"Earth and Planetary Sciences; Social Sciences"
508;26245;"Asian and Pacific Migration Journal";journal;"01171968";"SAGE Publications Inc.";No;No;0,231;Q3;40;24;71;1303;73;68;0,80;54,29;63,41;2;Philippines;Asiatic Region;"SAGE Publications Inc.";"1992-2026";"Demography (Q3); Geography, Planning and Development (Q3)";"Social Sciences"
509;21101048345;"Journal of Territorial and Maritime Studies";journal;"22886834";"McFarland and Company, Inc";No;No;0,231;Q3;6;12;32;475;15;26;0,50;39,58;55,56;0;United States;Northern America;"McFarland and Company, Inc";"2019-2025";"Law (Q2); Geography, Planning and Development (Q3); Political Science and International Relations (Q3)";"Social Sciences"
510;10300153374;"WSEAS Transactions on Environment and Development";journal;"17905079, 22243496";"World Scientific and Engineering Academy and Society";No;No;0,230;Q3;29;132;278;4488;333;276;1,37;34,00;48,97;0;Greece;Western Europe;"World Scientific and Engineering Academy and Society";"2007-2015, 2017-2026";"Development (Q3); Energy (miscellaneous) (Q3); Environmental Engineering (Q3); Environmental Science (miscellaneous) (Q3); Geography, Planning and Development (Q3); Management, Monitoring, Policy and Law (Q3); Ecological Modeling (Q4); Environmental Chemistry (Q4); Waste Management and Disposal (Q4)";"Energy; Environmental Science; Social Sciences"
511;18217;"Acta Oeconomica";journal;"00016373, 15882659";"Akademiai Kiado ZRt.";No;No;0,230;-;22;35;120;1852;101;119;0,85;52,91;40,26;0;Hungary;Eastern Europe;"Akademiai Kiado ZRt.";"1995-2000, 2002-2025";"Economics and Econometrics (Q3)";"Economics, Econometrics and Finance"
512;29186;"Indonesian Journal of Geography";journal;"00249521";"Gadjah Mada University";Yes;No;0,228;Q3;16;49;151;2108;130;151;0,76;43,02;34,00;0;Indonesia;Asiatic Region;"Gadjah Mada University";"1976-1984, 1986-1987, 1990-1992, 1994-1997, 2015-2025";"Computers in Earth Sciences (Q3); Geography, Planning and Development (Q3)";"Earth and Planetary Sciences; Social Sciences"
513;26787;"Boletin de Investigaciones Marinas y Costeras";journal;"25904671, 01229761";"INVEMAR";Yes;Yes;0,228;-;18;20;88;1110;50;88;0,49;55,50;35,14;1;Colombia;Latin America;"INVEMAR";"1998, 2001-2025";"Animal Science and Zoology (Q3); Aquatic Science (Q4); Oceanography (Q4); Water Science and Technology (Q4)";"Agricultural and Biological Sciences; Earth and Planetary Sciences; Environmental Science"
514;21101090838;"Revista Interdisciplinar da Mobilidade Humana";journal;"19808585, 22379843";"Scalabrini Migration Study Centers";Yes;Yes;0,227;Q3;10;45;131;1313;73;122;0,49;29,18;63,16;2;Italy;Western Europe;"Scalabrini Migration Study Centers";"2019-2025";"Demography (Q3); Geography, Planning and Development (Q3); Social Sciences (miscellaneous) (Q3); Sociology and Political Science (Q3)";"Social Sciences"
515;21100223521;"Journal of Architecture and Urbanism";journal;"20297947, 20297955";"Vilnius Gediminas Technical University";Yes;Yes;0,226;Q3;15;17;55;694;56;55;0,90;40,82;44,19;0;Lithuania;Eastern Europe;"Vilnius Gediminas Technical University";"2012-2026";"Architecture (Q2); Geography, Planning and Development (Q3); Urban Studies (Q3)";"Engineering; Social Sciences"
516;26800;"Pomorstvo";journal;"13320718";"University of Rijeka, Faculty of Maritime Studies Rijeka";Yes;Yes;0,226;Q3;18;41;117;1115;116;117;0,87;27,20;29,52;1;Croatia;Eastern Europe;"University of Rijeka, Faculty of Maritime Studies Rijeka";"2001-2026";"Engineering (miscellaneous) (Q3); Geography, Planning and Development (Q3); Ocean Engineering (Q3); Social Sciences (miscellaneous) (Q3)";"Engineering; Social Sciences"
517;19400157013;"Problemy Ekorozwoju";journal;"18956912, 20801971";"Politechnika Lubelska";Yes;Yes;0,226;Q3;26;54;137;2130;151;137;1,17;39,44;50,60;1;Poland;Eastern Europe;"Politechnika Lubelska";"2008-2026";"Geography, Planning and Development (Q3); Management, Monitoring, Policy and Law (Q3); Renewable Energy, Sustainability and the Environment (Q4)";"Energy; Environmental Science; Social Sciences"
518;15024;"Africa Today";journal;"15271978, 00019887";"Indiana University Press";No;No;0,225;Q3;42;25;78;1246;61;73;0,78;49,84;39,29;1;United States;Northern America;"Indiana University Press";"1981, 1984, 1993, 1996-2025";"Geography, Planning and Development (Q3); Sociology and Political Science (Q3)";"Social Sciences"
519;16405;"East Asia";journal;"18746284, 10966838";"Springer Netherlands";No;No;0,225;Q3;27;23;60;1566;50;60;0,55;68,09;26,47;2;Netherlands;Western Europe;"Springer Netherlands";"1996-2026";"Development (Q3); Geography, Planning and Development (Q3); Political Science and International Relations (Q3)";"Social Sciences"
520;21101050033;"Sustainability and Climate Change";journal;"26922924, 26922932";"Mary Ann Liebert Inc.";No;No;0,225;Q3;28;47;117;1633;124;97;1,05;34,74;57,14;2;United States;Northern America;"Mary Ann Liebert Inc.";"2021-2025";"Education (Q3); Geography, Planning and Development (Q3); Management, Monitoring, Policy and Law (Q3); Global and Planetary Change (Q4); Renewable Energy, Sustainability and the Environment (Q4)";"Energy; Environmental Science; Social Sciences"
521;21101017027;"Ciudades";journal;"24453943";"Instituto Universitario de Urbanistica de la Universidad de Valladolid";Yes;Yes;0,224;Q3;6;11;31;412;21;31;0,39;37,45;54,17;2;Spain;Western Europe;"Instituto Universitario de Urbanistica de la Universidad de Valladolid";"2019-2025";"Conservation (Q2); Geography, Planning and Development (Q3); Urban Studies (Q3)";"Arts and Humanities; Social Sciences"
522;83082;"Historia Agraria";journal;"11391472, 23403659";"Universidad de Murcia";Yes;Yes;0,224;Q3;23;28;70;1899;37;70;0,51;67,82;30,00;1;Spain;Western Europe;"Universidad de Murcia";"1998-2025";"History (Q1); Arts and Humanities (miscellaneous) (Q2); Multidisciplinary (Q2); Agricultural and Biological Sciences (miscellaneous) (Q3); Geography, Planning and Development (Q3)";"Agricultural and Biological Sciences; Arts and Humanities; Multidisciplinary; Social Sciences"
523;21101023625;"Chinese Journal of Urban and Environmental Studies";journal;"2345752X, 23457481";"World Scientific";Yes;Yes;0,223;Q3;12;28;94;843;101;85;1,30;30,11;44,44;0;United States;Northern America;"World Scientific";"2019-2025";"Economics and Econometrics (Q3); Geography, Planning and Development (Q3); Management, Monitoring, Policy and Law (Q3); Urban Studies (Q3); Global and Planetary Change (Q4)";"Economics, Econometrics and Finance; Environmental Science; Social Sciences"
524;21101046627;"Tropical Geography";journal;"10015221";"Editorial Committee of Tropical Geography";Yes;No;0,223;Q3;14;175;311;7855;344;311;1,11;44,89;38,46;0;China;Asiatic Region;"Editorial Committee of Tropical Geography";"2017-2026";"Earth-Surface Processes (Q3); Economic Geology (Q3); Geography, Planning and Development (Q3); Atmospheric Science (Q4); Paleontology (Q4)";"Earth and Planetary Sciences; Social Sciences"
525;21100979353;"Journal of Degraded and Mining Lands Management";journal;"25022458, 2339076X";"Brawijaya University";Yes;No;0,222;Q3;14;76;172;3352;160;172;0,93;44,11;39,22;2;Indonesia;Asiatic Region;"Brawijaya University";"2019-2026";"Geography, Planning and Development (Q3); Management, Monitoring, Policy and Law (Q3); Nature and Landscape Conservation (Q3); Pollution (Q4)";"Environmental Science; Social Sciences"
526;21101048945;"Journal of Geography (Chigaku Zasshi)";journal;"0022135X, 18840884";"Tokyo Geographical Society";No;No;0,222;Q3;8;43;164;1916;64;164;0,44;44,56;17,86;1;Japan;Asiatic Region;"Tokyo Geographical Society";"2019-2025";"Earth-Surface Processes (Q3); Geography, Planning and Development (Q3); Geophysics (Q3); Geology (Q4); Global and Planetary Change (Q4)";"Earth and Planetary Sciences; Environmental Science; Social Sciences"
527;5700166917;"Journal of Planning History";journal;"15526585, 15385132";"SAGE Publications Inc.";No;No;0,222;Q3;26;14;42;0;27;41;0,61;0,00;52,00;1;United States;Northern America;"SAGE Publications Inc.";"2002-2026";"Geography, Planning and Development (Q3)";"Social Sciences"
528;21101039668;"Vegueta";journal;"1133598X, 23411112";"University of Las Palmas de Gran Canaria, Faculty of Geography and History";No;Yes;0,221;Q3;6;35;83;1382;36;82;0,44;39,49;31,48;0;Spain;Western Europe;"University of Las Palmas de Gran Canaria, Faculty of Geography and History";"2019-2026";"History (Q1); Arts and Humanities (miscellaneous) (Q2); Geography, Planning and Development (Q3)";"Arts and Humanities; Social Sciences"
529;14394;"Etudes Rurales";journal;"00142182";"Editions EHESS: Ecole des Hautes Etudes en Sciences Sociales";No;No;0,220;Q3;16;31;47;462;19;46;0,36;14,90;38,89;0;France;Western Europe;"Editions EHESS: Ecole des Hautes Etudes en Sciences Sociales";"1973, 1978-1984, 1989-1990, 1992-1996, 1999-2023";"History (Q1); Agricultural and Biological Sciences (miscellaneous) (Q3); Economics and Econometrics (Q3); Geography, Planning and Development (Q3)";"Agricultural and Biological Sciences; Arts and Humanities; Economics, Econometrics and Finance; Social Sciences"
530;17700156532;"Journal of Sustainability Science and Management";journal;"26727226, 18238556";"Universiti Malaysia Terengganu";Yes;No;0,220;Q3;27;199;378;8836;375;371;0,89;44,40;46,54;4;Malaysia;Asiatic Region;"Universiti Malaysia Terengganu";"2009-2025";"Geography, Planning and Development (Q3); Management, Monitoring, Policy and Law (Q4); Pollution (Q4)";"Environmental Science; Social Sciences"
531;28087;"Documents d'Analisi Geografica";journal;"20144512, 02121573";"Universitat Autonoma de Barcelona";Yes;Yes;0,219;Q3;27;28;73;1377;54;69;0,71;49,18;29,17;0;Spain;Western Europe;"Universitat Autonoma de Barcelona";"1988-2025";"Earth-Surface Processes (Q3); Geography, Planning and Development (Q3)";"Earth and Planetary Sciences; Social Sciences"
532;21100856013;"Forum Geografic";journal;"15831523, 20674635";"University of Craiova, Faculty of Social Sciences, Department of Geography";Yes;Yes;0,219;Q3;7;19;57;850;31;57;0,49;44,74;38,46;0;Romania;Eastern Europe;"University of Craiova, Faculty of Social Sciences, Department of Geography";"2017-2025";"Earth-Surface Processes (Q3); Geography, Planning and Development (Q3); Global and Planetary Change (Q4)";"Earth and Planetary Sciences; Environmental Science; Social Sciences"
533;20500195092;"International Journal of Sustainable Society";journal;"17562546, 17562538";"Inderscience Enterprises Ltd";No;No;0,219;Q3;21;19;60;1076;32;57;0,43;56,63;38,10;0;United Kingdom;Western Europe;"Inderscience Enterprises Ltd";"2008-2025";"Environmental Science (miscellaneous) (Q3); Geography, Planning and Development (Q3); Sociology and Political Science (Q3); Management, Monitoring, Policy and Law (Q4)";"Environmental Science; Social Sciences"
534;21100889410;"Journal of Regional and City Planning";journal;"25026429";"ITB Journal Publisher";Yes;No;0,219;Q3;12;21;51;1166;50;50;1,09;55,52;40,74;0;Indonesia;Asiatic Region;"ITB Journal Publisher";"2017-2025";"Development (Q3); Geography, Planning and Development (Q3); Urban Studies (Q3)";"Social Sciences"
535;21100829917;"African Journal of Hospitality, Tourism and Leisure";journal;"2223814X";"Africa Journals";Yes;Yes;0,216;Q3;30;134;715;8312;734;715;1,24;62,03;38,58;0;South Africa;Africa;"Africa Journals";"2017-2025";"Geography, Planning and Development (Q3); Tourism, Leisure and Hospitality Management (Q4)";"Business, Management and Accounting; Social Sciences"
536;21101049545;"Infrastructure Asset Management";journal;"20530250, 20530242";"ICE Publishing";No;No;0,216;Q3;9;16;27;796;29;23;1,09;49,75;13,33;0;United Kingdom;Western Europe;"ICE Publishing";"2016, 2018-2025";"Geography, Planning and Development (Q3); Public Administration (Q3); Safety Research (Q3); Building and Construction (Q4); Transportation (Q4)";"Engineering; Social Sciences"
537;17505;"Social Change";journal;"00490857, 09763538";"SAGE Publications Ltd";No;No;0,216;Q3;20;30;114;980;65;102;0,49;32,67;50,00;2;United Kingdom;Western Europe;"SAGE Publications Ltd";"1971-2026";"Development (Q3); Geography, Planning and Development (Q3); Social Sciences (miscellaneous) (Q3); Sociology and Political Science (Q3)";"Social Sciences"
538;21100940509;"Geomatics and Environmental Engineering";journal;"23007095, 18981135";"AGH University of Science and Technology Press";Yes;Yes;0,215;Q3;13;35;83;1327;72;83;1,09;37,91;36,36;2;Poland;Eastern Europe;"AGH University of Science and Technology Press";"2019-2026";"Computers in Earth Sciences (Q3); Earth-Surface Processes (Q3); Geography, Planning and Development (Q3); Computer Science (miscellaneous) (Q4); Environmental Engineering (Q4)";"Computer Science; Earth and Planetary Sciences; Environmental Science; Social Sciences"
539;144824;"Standort";journal;"1432220X, 01743635";"Springer Science and Business Media Deutschland GmbH";No;No;0,215;Q3;8;23;82;331;28;69;0,44;14,39;36,67;1;Germany;Western Europe;"Springer Science and Business Media Deutschland GmbH";"2005-2026";"Development (Q3); Earth and Planetary Sciences (miscellaneous) (Q3); Environmental Science (miscellaneous) (Q3); Geography, Planning and Development (Q3); Social Sciences (miscellaneous) (Q3); Urban Studies (Q3); Management, Monitoring, Policy and Law (Q4)";"Earth and Planetary Sciences; Environmental Science; Social Sciences"
540;144784;"International Journal of Water";journal;"17415322, 14656620";"Inderscience Enterprises Ltd";No;No;0,214;Q3;20;13;32;447;29;32;0,36;34,38;37,50;0;United Kingdom;Western Europe;"Inderscience Enterprises Ltd";"2000-2005, 2007-2025";"Geography, Planning and Development (Q3); Management, Monitoring, Policy and Law (Q4); Water Science and Technology (Q4)";"Environmental Science; Social Sciences"
541;3300147410;"Journal of Asian Pacific Communication";journal;"15699838, 09576851";"John Benjamins Publishing Company";No;No;0,214;Q3;25;15;41;567;24;39;0,56;37,80;47,06;0;Netherlands;Western Europe;"John Benjamins Publishing Company";"2000-2026";"Business, Management and Accounting (miscellaneous) (Q3); Communication (Q3); Geography, Planning and Development (Q3); Economics and Econometrics (Q4)";"Business, Management and Accounting; Economics, Econometrics and Finance; Social Sciences"
542;21100241674;"Revista de Teledeteccion";journal;"11330953, 19888740";"Universidad Politecnica de Valencia";Yes;Yes;0,214;Q3;15;11;52;601;49;48;0,83;54,64;22,73;0;Spain;Western Europe;"Universidad Politecnica de Valencia";"2012-2026";"Earth and Planetary Sciences (miscellaneous) (Q3); Geography, Planning and Development (Q3)";"Earth and Planetary Sciences; Social Sciences"
543;21100893188;"Revista de Urbanismo";journal;"07175051";"Universidad de Chile";Yes;Yes;0,213;Q3;9;22;69;1104;35;65;0,51;50,18;55,56;0;Chile;Latin America;"Universidad de Chile";"2010, 2018-2025";"Geography, Planning and Development (Q3); Nature and Landscape Conservation (Q3); Urban Studies (Q3)";"Environmental Science; Social Sciences"
544;21100909464;"Acta Scientiarum Polonorum, Administratio Locorum";journal;"24500771, 16440749";"Publisher of the University of Warmia and Mazury in Olsztyn";Yes;Yes;0,212;Q3;10;38;77;1578;66;77;1,22;41,53;62,82;0;Poland;Eastern Europe;"Publisher of the University of Warmia and Mazury in Olsztyn";"2019-2025";"Geography, Planning and Development (Q3); Nature and Landscape Conservation (Q3); Urban Studies (Q3); Transportation (Q4)";"Environmental Science; Social Sciences"
545;21100246540;"International Journal of Technology Management and Sustainable Development";journal;"14742748, 20400551";"Intellect Ltd.";No;No;0,212;Q3;17;15;50;986;48;47;1,12;65,73;27,27;2;United Kingdom;Western Europe;"Intellect Ltd.";"2013-2025";"Geography, Planning and Development (Q3); Management, Monitoring, Policy and Law (Q4); Management of Technology and Innovation (Q4)";"Business, Management and Accounting; Environmental Science; Social Sciences"
546;21100865012;"Economia Agro-Alimentare";journal;"19724802, 11261668";"FrancoAngeli";Yes;No;0,211;Q3;14;24;97;1120;74;87;0,69;46,67;43,06;2;Italy;Western Europe;"FrancoAngeli";"2012-2025";"Agricultural and Biological Sciences (miscellaneous) (Q3); Agronomy and Crop Science (Q3); Business, Management and Accounting (miscellaneous) (Q3); Food Science (Q3); Geography, Planning and Development (Q3); Social Sciences (miscellaneous) (Q3); Economics and Econometrics (Q4); Food Animals (Q4); Management, Monitoring, Policy and Law (Q4)";"Agricultural and Biological Sciences; Business, Management and Accounting; Economics, Econometrics and Finance; Environmental Science; Social Sciences; Veterinary"
547;21100301417;"European Journal of Geography";journal;"24107433, 17921341";"European Association of Geographers";Yes;Yes;0,211;Q3;17;35;107;1588;75;106;0,69;45,37;38,98;2;Belgium;Western Europe;"European Association of Geographers";"2010-2012, 2014-2026";"Geography, Planning and Development (Q3)";"Social Sciences"
548;21100400182;"Journal of Settlements and Spatial Planning";journal;"20693419, 22482199";"Centre for Research on Settlements and Urbanism, Faculty of Geography, Babes-Bolyai University";No;No;0,211;Q3;12;23;64;1203;54;62;0,88;52,30;46,43;0;Romania;Eastern Europe;"Centre for Research on Settlements and Urbanism, Faculty of Geography, Babes-Bolyai University";"2015-2025";"Geography, Planning and Development (Q3)";"Social Sciences"
549;19200156920;"Biotechnology, Agronomy, Society and Environment";journal;"13706233, 17804507";"University of Liege Faculty of Gembloux Agro-Bio Tech";Yes;Yes;0,210;Q3;50;27;71;1087;73;70;0,83;40,26;32,00;1;Belgium;Western Europe;"University of Liege Faculty of Gembloux Agro-Bio Tech";"1997-2026";"Agronomy and Crop Science (Q3); Forestry (Q3); Geography, Planning and Development (Q3); Biotechnology (Q4); Plant Science (Q4)";"Agricultural and Biological Sciences; Biochemistry, Genetics and Molecular Biology; Social Sciences"
550;28627;"Geograficky Casopis";journal;"24538787, 00167193";"Institute of Geography of the Slovak Academy of Science";No;No;0,210;Q3;17;18;60;870;51;60;0,78;48,33;24,24;0;Slovakia;Eastern Europe;"Institute of Geography of the Slovak Academy of Science";"1976, 1979-1995, 2007-2025";"Earth-Surface Processes (Q3); Geography, Planning and Development (Q3); Geology (Q4)";"Earth and Planetary Sciences; Social Sciences"
551;144792;"Geographie Economie Societe";journal;"1295926X";"Lavoisier";No;No;0,210;Q3;20;16;48;905;25;48;0,36;56,56;44,44;0;France;Western Europe;"Lavoisier";"2004-2025";"Geography, Planning and Development (Q3); Economics and Econometrics (Q4)";"Economics, Econometrics and Finance; Social Sciences"
552;4700152223;"Journal of Agriculture and Rural Development in the Tropics and Subtropics";journal;"16129830";"Kassel University Press GmbH";Yes;Yes;0,210;Q3;26;21;72;1052;65;72;0,94;50,10;32,43;1;Germany;Western Europe;"Kassel University Press GmbH";"2002-2026";"Agronomy and Crop Science (Q3); Development (Q3); Forestry (Q3); Geography, Planning and Development (Q3); Animal Science and Zoology (Q4)";"Agricultural and Biological Sciences; Social Sciences"
553;200147129;"Cato Journal";journal;"02733072, 19433468";"Cato Institute";Yes;No;0,209;Q3;36;0;108;0;43;106;0,37;0,00;0,00;0;United States;Northern America;"Cato Institute";"1985, 1996-2002, 2004-2021";"Economics, Econometrics and Finance (miscellaneous) (Q3); Geography, Planning and Development (Q3); Public Administration (Q4)";"Economics, Econometrics and Finance; Social Sciences"
554;21100829177;"Journal of the Korean Society for Railway";journal;"17386225, 22882235";"Korean Society for Railway";No;No;0,209;Q3;8;87;332;1265;104;332;0,36;14,54;24,53;0;South Korea;Asiatic Region;"Korean Society for Railway";"2017-2025";"Automotive Engineering (Q3); Geography, Planning and Development (Q3); Civil and Structural Engineering (Q4); Energy Engineering and Power Technology (Q4); Strategy and Management (Q4); Transportation (Q4)";"Business, Management and Accounting; Energy; Engineering; Social Sciences"
555;12609;"Rivista Geografica Italiana";journal;"2499748X, 00356697";"FrancoAngeli Edizioni";No;No;0,208;Q3;8;24;72;1148;20;63;0,32;47,83;52,50;1;Italy;Western Europe;"FrancoAngeli Edizioni";"1980, 1982-1983, 1986, 1989, 1992, 1995, 2013-2025";"Earth-Surface Processes (Q3); Geography, Planning and Development (Q3)";"Earth and Planetary Sciences; Social Sciences"
556;13104;"Southeastern Geographer";journal;"15496929, 0038366X";"University of North Carolina Press";No;No;0,208;Q3;27;32;76;815;38;54;0,51;25,47;44,44;0;United States;Northern America;"University of North Carolina Press";"1979-1994, 1996-2025";"Earth and Planetary Sciences (miscellaneous) (Q3); Geography, Planning and Development (Q3)";"Earth and Planetary Sciences; Social Sciences"
557;21100205110;"e-Review of Tourism Research";journal;"19415842";"Texas A and M University";No;No;0,207;Q3;18;11;180;582;136;180;0,72;52,91;30,00;0;United States;Northern America;"Texas A and M University";"2011-2012, 2014-2023";"Geography, Planning and Development (Q3); Nature and Landscape Conservation (Q3); Tourism, Leisure and Hospitality Management (Q4)";"Business, Management and Accounting; Environmental Science; Social Sciences"
558;21101066394;"Central Eurasia Studies";journal;"20080867, 23453117";"University of Tehran";No;No;0,206;Q3;6;16;60;613;18;60;0,30;38,31;22,22;0;Iran;Middle East;"University of Tehran";"2020-2026";"History (Q1); Cultural Studies (Q2); Geography, Planning and Development (Q3); Political Science and International Relations (Q3)";"Arts and Humanities; Social Sciences"
559;23953;"Rural History: Economy, Society, Culture";journal;"09567933, 14740656";"Cambridge University Press";No;No;0,206;Q3;23;15;47;890;20;46;0,44;59,33;40,00;0;United Kingdom;Western Europe;"Cambridge University Press";"1990-2026";"History (Q1); Arts and Humanities (miscellaneous) (Q2); Geography, Planning and Development (Q3); Urban Studies (Q3)";"Arts and Humanities; Social Sciences"
560;27464;"Annales de Geographie";journal;"17775884, 00034010";"Armand Colin";No;No;0,205;Q3;23;28;86;1769;37;80;0,38;63,18;48,89;0;France;Western Europe;"Armand Colin";"1979-2025";"Geography, Planning and Development (Q3); Earth-Surface Processes (Q4)";"Earth and Planetary Sciences; Social Sciences"
561;21100898979;"Environmental Law Review";journal;"17405564, 14614529";"SAGE Publications Ltd";No;No;0,205;Q3;11;22;71;0;42;62;0,57;0,00;66,67;3;United Kingdom;Western Europe;"SAGE Publications Ltd";"2018-2026";"Law (Q2); Geography, Planning and Development (Q3); Management, Monitoring, Policy and Law (Q4)";"Environmental Science; Social Sciences"
562;21100815425;"Geographia Cassoviensis";journal;"13376748, 24540005";"Pavol Jozef Safarik University";No;No;0,205;Q3;8;9;42;453;22;42;0,46;50,33;30,77;0;Slovakia;Eastern Europe;"Pavol Jozef Safarik University";"2016-2025";"Earth and Planetary Sciences (miscellaneous) (Q3); Geography, Planning and Development (Q3)";"Earth and Planetary Sciences; Social Sciences"
563;19400158636;"Sociologija i Prostor";journal;"18465226";"INST SOCIAL RES ZAGREB";Yes;No;0,205;Q3;12;27;75;1074;33;63;0,44;39,78;53,19;0;Croatia;Eastern Europe;"INST SOCIAL RES ZAGREB";"2009-2025";"Geography, Planning and Development (Q3); Sociology and Political Science (Q3); Urban Studies (Q3); Education (Q4)";"Social Sciences"
564;12637;"Canadian Journal of Urban Research";journal;"11883774";"Institute of Urban Studies";Yes;No;0,204;Q3;25;0;34;0;17;34;0,30;0,00;0,00;0;Canada;Northern America;"Institute of Urban Studies";"1992-2021";"Geography, Planning and Development (Q3); Urban Studies (Q3)";"Social Sciences"
565;21100903458;"International Journal of Geospatial and Environmental Research";journal;"23322047";"Korea-America Association for Geospatial and Environmental Sciences";Yes;No;0,204;Q3;5;4;27;187;17;27;0,70;46,75;50,00;0;United States;Northern America;"Korea-America Association for Geospatial and Environmental Sciences";"2019-2025";"Earth and Planetary Sciences (miscellaneous) (Q3); Environmental Science (miscellaneous) (Q3); Geography, Planning and Development (Q3); Information Systems (Q4)";"Computer Science; Earth and Planetary Sciences; Environmental Science; Social Sciences"
566;19700170481;"Bitacora Urbano Territorial";journal;"01247913, 2027145X";"Universidad Nacional de Colombia";Yes;Yes;0,203;Q3;12;59;173;1524;64;168;0,33;25,83;53,23;1;Colombia;Latin America;"Universidad Nacional de Colombia";"2009-2026";"Arts and Humanities (miscellaneous) (Q2); Geography, Planning and Development (Q3); Urban Studies (Q3)";"Arts and Humanities; Social Sciences"
567;21100853599;"Vestnik of Saint Petersburg University. Earth Sciences";journal;"2587585X, 25419668";"St. Petersburg University Press";No;No;0,203;Q3;11;35;117;1514;80;117;0,68;43,26;44,14;0;Russian Federation;Eastern Europe;"St. Petersburg University Press";"2017-2025";"Earth and Planetary Sciences (miscellaneous) (Q3); Environmental Science (miscellaneous) (Q3); Geography, Planning and Development (Q3); Geology (Q4)";"Earth and Planetary Sciences; Environmental Science; Social Sciences"
568;21100872774;"Desenvolvimento e Meio Ambiente";journal;"21769109, 1518952X";"Universidade Federal do Parana";Yes;Yes;0,202;Q3;12;66;212;3193;85;209;0,43;48,38;51,60;0;Brazil;Latin America;"Universidade Federal do Parana";"2018-2025";"Environmental Science (miscellaneous) (Q3); Geography, Planning and Development (Q3)";"Environmental Science; Social Sciences"
569;21100824458;"Sustainability in Debate";journal;"21777675, 21799067";"Universidade de Brasilia";Yes;Yes;0,202;Q3;10;36;112;1587;73;103;0,69;44,08;59,49;0;Brazil;Latin America;"Universidade de Brasilia";"2013, 2017-2025";"Geography, Planning and Development (Q3); Development (Q4); Management, Monitoring, Policy and Law (Q4)";"Environmental Science; Social Sciences"
570;23268;"International Journal of Global Environmental Issues";journal;"14666650, 17415136";"Inderscience Publishers";No;No;0,201;Q3;31;21;57;1088;74;57;1,72;51,81;45,12;0;United Kingdom;Western Europe;"Inderscience Publishers";"2001-2025";"Geography, Planning and Development (Q3); Management, Monitoring, Policy and Law (Q4)";"Environmental Science; Social Sciences"
571;21101026989;"International Real Estate Review";journal;"21548919";"Global Social Science Institute";No;No;0,201;Q3;20;21;60;886;34;60;0,53;42,19;37,21;0;United States;Northern America;"Global Social Science Institute";"1998-2025";"Demography (Q3); Geography, Planning and Development (Q3); Urban Studies (Q3); Accounting (Q4); Economics and Econometrics (Q4); Finance (Q4)";"Business, Management and Accounting; Economics, Econometrics and Finance; Social Sciences"
572;21100897203;"Investigaciones Geograficas";journal;"19899890, 02134691";"Interuniversity Institute of Geography and University of Alicante";Yes;Yes;0,201;Q3;12;31;77;1697;54;77;0,75;54,74;41,10;0;Spain;Western Europe;"Interuniversity Institute of Geography and University of Alicante";"2018-2026";"Earth and Planetary Sciences (miscellaneous) (Q3); Geography, Planning and Development (Q3)";"Earth and Planetary Sciences; Social Sciences"
573;21100905026;"Ukrainian Geographical Journal";journal;"15614980";"Publishing House Akademperiodyka";No;No;0,201;Q3;9;30;84;619;42;84;0,54;20,63;48,98;0;Ukraine;Eastern Europe;"Publishing House Akademperiodyka";"2018-2025";"Earth and Planetary Sciences (miscellaneous) (Q3); Geography, Planning and Development (Q3); History and Philosophy of Science (Q3); Earth-Surface Processes (Q4); Management of Technology and Innovation (Q4)";"Arts and Humanities; Business, Management and Accounting; Earth and Planetary Sciences; Social Sciences"
574;21101072517;"International Journal of Social Quality (United States)";journal;"17570352, 17570344";"Berghahn Journals";Yes;Yes;0,200;Q3;6;11;30;626;23;22;0,95;56,91;44,00;0;United Kingdom;Western Europe;"Berghahn Journals";"2019, 2021-2024";"Geography, Planning and Development (Q3); Sociology and Political Science (Q3); Health (social science) (Q4)";"Social Sciences"
575;19900191475;"Journal of Globalization and Development";journal;"19481837, 21946353";"Walter de Gruyter GmbH";No;No;0,200;Q3;12;14;22;1029;24;22;0,88;73,50;38,46;11;Germany;Western Europe;"Walter de Gruyter GmbH";"2016-2026";"Economics, Econometrics and Finance (miscellaneous) (Q3); Geography, Planning and Development (Q3); Development (Q4)";"Economics, Econometrics and Finance; Social Sciences"
576;12607;"Romanian Journal of Geography";journal;"12205311, 22859675";"Publishing House of the Romanian Academy";Yes;Yes;0,200;Q3;7;14;46;668;28;45;0,38;47,71;51,28;0;Romania;Eastern Europe;"Publishing House of the Romanian Academy";"1996, 2016-2025";"Geography, Planning and Development (Q3)";"Social Sciences"
577;19700188329;"Geography Teacher";journal;"17526884, 19338341";"Routledge";No;No;0,198;Q3;11;33;92;570;54;55;0,70;17,27;39,13;0;United States;Northern America;"Routledge";"2010-2026";"Earth and Planetary Sciences (miscellaneous) (Q3); Geography, Planning and Development (Q3); Education (Q4)";"Earth and Planetary Sciences; Social Sciences"
578;39895;"Miscellanea Geographica";journal;"08676046, 20846118";"de Gruyter";Yes;Yes;0,198;Q3;19;25;84;1258;74;84;0,88;50,32;42,31;0;Germany;Western Europe;"de Gruyter";"1984, 1986, 1988, 1990, 1992, 1994, 1996, 1998, 2000, 2002, 2006, 2008, 2010-2026";"Earth and Planetary Sciences (miscellaneous) (Q3); Geography, Planning and Development (Q3)";"Earth and Planetary Sciences; Social Sciences"
579;29797;"Vestnik Moskovskogo Universiteta, Seriya Geografiya";journal;"05799414";"Moskovskij Universitet";Yes;No;0,197;Q3;19;75;209;2171;133;209;0,60;28,95;46,98;0;Russian Federation;Eastern Europe;"Moskovskij Universitet";"1978-1993, 1995-2025";"Agricultural and Biological Sciences (miscellaneous) (Q3); Earth and Planetary Sciences (miscellaneous) (Q3); Geography, Planning and Development (Q3)";"Agricultural and Biological Sciences; Earth and Planetary Sciences; Social Sciences"
580;28656;"Geografski Vestnik";journal;"1580335X, 03503895";"Zveza geografov Slovenije";No;No;0,196;Q3;14;14;39;663;22;38;0,58;47,36;36,11;0;Slovenia;Eastern Europe;"Zveza geografov Slovenije";"1992-2024";"Geography, Planning and Development (Q3); Earth-Surface Processes (Q4)";"Earth and Planetary Sciences; Social Sciences"
581;21101021770;"International Journal of Management and Sustainability";journal;"23069856, 23060662";"Conscientia Beam";No;No;0,196;Q3;11;20;45;924;54;45;1,21;46,20;46,77;0;United States;Northern America;"Conscientia Beam";"2019-2025";"Business, Management and Accounting (miscellaneous) (Q3); Geography, Planning and Development (Q3); Economics and Econometrics (Q4); Management, Monitoring, Policy and Law (Q4); Management Science and Operations Research (Q4)";"Business, Management and Accounting; Decision Sciences; Economics, Econometrics and Finance; Environmental Science; Social Sciences"
582;21100869498;"South of Russia: Ecology, Development";journal;"24130958, 19921098";"Kamerton";Yes;No;0,196;Q3;10;67;187;2917;86;187;0,41;43,54;55,16;1;Russian Federation;Eastern Europe;"Kamerton";"2018-2025";"Geography, Planning and Development (Q3); Ecology (Q4); Ecology, Evolution, Behavior and Systematics (Q4)";"Agricultural and Biological Sciences; Environmental Science; Social Sciences"
583;21100370020;"Geopolitics Quarterly";journal;"17354331, 25383698";"Iranian Association of Geopolitics";Yes;No;0,195;Q3;9;44;101;2092;42;97;0,36;47,55;15,22;0;Iran;Middle East;"Iranian Association of Geopolitics";"2014-2025";"Geography, Planning and Development (Q3); Political Science and International Relations (Q3)";"Social Sciences"
584;13018;"Pirineos";journal;"19884281, 03732568";"CSIC Consejo Superior de Investigaciones Cientificas";Yes;Yes;0,192;Q3;18;8;28;699;19;28;0,67;87,38;34,48;1;Spain;Western Europe;"CSIC Consejo Superior de Investigaciones Cientificas";"1973, 1981-2002, 2004-2024";"Geography, Planning and Development (Q3); Earth and Planetary Sciences (miscellaneous) (Q4); Ecology (Q4); Ecology, Evolution, Behavior and Systematics (Q4); Environmental Science (miscellaneous) (Q4); Nature and Landscape Conservation (Q4)";"Agricultural and Biological Sciences; Earth and Planetary Sciences; Environmental Science; Social Sciences"
585;21100856516;"Region";journal;"24095370";"European Regional Science Association";Yes;Yes;0,190;Q4;16;23;45;1234;46;42;1,15;53,65;48,15;1;Belgium;Western Europe;"European Regional Science Association";"2014-2025";"Economics and Econometrics (Q4); Geography, Planning and Development (Q4)";"Economics, Econometrics and Finance; Social Sciences"
586;27100;"Acta Universitatis Carolinae, Geographica";journal;"03005402, 23361980";"Karolinum - Nakladatelstvi Univerzity Karlovy";Yes;Yes;0,189;Q4;19;17;60;741;45;60;0,63;43,59;34,29;1;Czech Republic;Eastern Europe;"Karolinum - Nakladatelstvi Univerzity Karlovy";"1975-2026";"Earth and Planetary Sciences (miscellaneous) (Q4); Geography, Planning and Development (Q4)";"Earth and Planetary Sciences; Social Sciences"
587;19700186953;"Enterprise Development and Microfinance";journal;"17551978, 17551986";"Practical Action Publishing";No;No;0,189;Q4;22;25;64;791;22;55;0,21;31,64;43,40;3;United Kingdom;Western Europe;"Practical Action Publishing";"2007-2022, 2024-2025";"Development (Q4); Geography, Planning and Development (Q4)";"Social Sciences"
588;15493;"Finance and Development";journal;"01451707, 15645142";"International Monetary Fund";Yes;No;0,189;Q4;41;55;179;59;132;53;0,72;1,07;0,00;0;United States;Northern America;"International Monetary Fund";"1973, 1975-1976, 1978-2025";"Development (Q4); Finance (Q4); Geography, Planning and Development (Q4)";"Economics, Econometrics and Finance; Social Sciences"
589;29128;"Historical Geography";journal;"10916458, 23317523";"University of Nebraska Press";No;No;0,189;Q4;21;4;19;60;5;16;0,11;15,00;40,00;0;United States;Northern America;"University of Nebraska Press";"1995, 1997-2003, 2005-2012, 2017-2023";"Arts and Humanities (miscellaneous) (Q2); History (Q2); Geography, Planning and Development (Q4)";"Arts and Humanities; Social Sciences"
590;30239;"Japanese Journal of Human Geography";journal;"00187216, 18834086";"Human Geographical Society of Japan";No;No;0,189;Q4;8;30;35;1177;34;34;1,62;39,23;25,00;0;Japan;Asiatic Region;"Human Geographical Society of Japan";"1950-2025";"Geography, Planning and Development (Q4)";"Social Sciences"
591;23416;"Journal of International Wildlife Law and Policy";journal;"15481476, 13880292";"Taylor and Francis Ltd.";No;No;0,189;Q4;24;15;46;0;33;45;0,68;0,00;20,45;1;United Kingdom;Western Europe;"Taylor and Francis Ltd.";"1998-2026";"Law (Q3); Ecology (Q4); Geography, Planning and Development (Q4); Management, Monitoring, Policy and Law (Q4)";"Environmental Science; Social Sciences"
592;13800154701;"Open House International";journal;"26339838, 01682601";"Emerald Group Publishing Ltd.";No;No;0,188;Q4;21;41;100;2199;93;97;1,16;53,63;48,84;0;United Kingdom;Western Europe;"Emerald Group Publishing Ltd.";"2005-2026";"Architecture (Q2); Urban Studies (Q3); Geography, Planning and Development (Q4)";"Engineering; Social Sciences"
593;12460;"Przeglad Geograficzny";journal;"00332143";"Polska Akademia Nauk";Yes;Yes;0,187;Q4;18;22;83;1070;47;81;0,50;48,64;36,67;0;Poland;Eastern Europe;"Polska Akademia Nauk";"1976-1989, 1993-2025";"Earth and Planetary Sciences (miscellaneous) (Q4); Geography, Planning and Development (Q4)";"Earth and Planetary Sciences; Social Sciences"
594;19700177700;"European Energy and Environmental Law Review";journal;"18793886, 25890387";"Kluwer Law International";No;No;0,186;Q4;20;26;57;812;27;53;0,49;31,23;38,64;3;Netherlands;Western Europe;"Kluwer Law International";"2008-2025";"Law (Q3); Geography, Planning and Development (Q4); Management, Monitoring, Policy and Law (Q4); Renewable Energy, Sustainability and the Environment (Q4)";"Energy; Environmental Science; Social Sciences"
595;21100786315;"Australasian Journal of Regional Studies";journal;"10307923";"Australia New Zealand Regional Science Association International Inc. (ANZRSAI)";No;No;0,185;Q4;11;7;42;179;23;40;0,61;25,57;20,00;0;Australia;Pacific Region;"Australia New Zealand Regional Science Association International Inc. (ANZRSAI)";"2014, 2016-2024";"Economics, Econometrics and Finance (miscellaneous) (Q3); Urban Studies (Q3); Geography, Planning and Development (Q4); Management, Monitoring, Policy and Law (Q4)";"Economics, Econometrics and Finance; Environmental Science; Social Sciences"
596;21100897722;"Cuadernos de Geografia: Revista Colombiana de Geografia";journal;"0121215X, 22565442";"Universidad Nacional de Colombia";Yes;Yes;0,185;Q4;10;30;83;1391;69;78;0,39;46,37;39,51;0;Colombia;Latin America;"Universidad Nacional de Colombia";"2018-2025";"Earth and Planetary Sciences (miscellaneous) (Q4); Environmental Science (miscellaneous) (Q4); Geography, Planning and Development (Q4)";"Earth and Planetary Sciences; Environmental Science; Social Sciences"
597;65206;"Geographical Review of Japan, Series B";journal;"02896001";"Association of Japanese Geographers";No;No;0,185;Q4;12;3;19;108;19;19;1,27;36,00;0,00;0;Japan;Asiatic Region;"Association of Japanese Geographers";"1984-2003, 2009, 2011-2025";"Geography, Planning and Development (Q4)";"Social Sciences"
598;26853;"Middle East Journal";journal;"19403461, 00263141";"Middle East Institute";No;No;0,185;Q4;51;22;76;459;48;56;0,41;20,86;44,00;2;United States;Northern America;"Middle East Institute";"1976, 1979-1980, 1983-1986, 1996-2026";"Sociology and Political Science (Q3); Geography, Planning and Development (Q4)";"Social Sciences"
599;21100851818;"Anales de Geografia de la Universidad Complutense";journal;"19882378, 02119803";"Universidad Complutense Madrid";Yes;Yes;0,184;Q4;14;24;63;1097;31;63;0,37;45,71;23,33;1;Spain;Western Europe;"Universidad Complutense Madrid";"2011-2025";"Urban Studies (Q3); Geography, Planning and Development (Q4)";"Social Sciences"
600;12100155635;"Anuario do Instituto de Geociencias";journal;"19823908, 01019759";"Universidade Federal do Rio de Janeiro - UFRJ";Yes;Yes;0,184;Q4;19;56;468;2372;191;465;0,29;42,36;41,21;0;Brazil;Latin America;"Universidade Federal do Rio de Janeiro - UFRJ";"2004-2026";"Development (Q4); Economic Geology (Q4); Environmental Science (miscellaneous) (Q4); Geography, Planning and Development (Q4); Geology (Q4)";"Earth and Planetary Sciences; Environmental Science; Social Sciences"
601;21100225849;"Geo-Eco-Marina";journal;"12246808, 22482776";"National Research and Development Institute for Marine Geology and Geoecology";Yes;No;0,184;Q4;13;16;43;541;18;42;0,04;33,81;42,50;0;Romania;Eastern Europe;"National Research and Development Institute for Marine Geology and Geoecology";"2011-2024";"Aquatic Science (Q4); Earth and Planetary Sciences (miscellaneous) (Q4); Ecology (Q4); Ecology, Evolution, Behavior and Systematics (Q4); Geography, Planning and Development (Q4)";"Agricultural and Biological Sciences; Earth and Planetary Sciences; Environmental Science; Social Sciences"
602;21276;"European Review";journal;"10627987, 14740575";"Cambridge University Press";No;No;0,183;Q4;39;65;189;2382;110;184;0,57;36,65;43,02;0;United Kingdom;Western Europe;"Cambridge University Press";"1993-2026";"Political Science and International Relations (Q3); Geography, Planning and Development (Q4)";"Social Sciences"
603;21101056563;"Geoplanning";journal;"23556544";"Diponegoro University";Yes;Yes;0,183;Q4;6;10;31;437;15;31;0,53;43,70;48,15;0;Indonesia;Asiatic Region;"Diponegoro University";"2019-2025";"Computers in Earth Sciences (Q4); Earth and Planetary Sciences (miscellaneous) (Q4); Geography, Planning and Development (Q4); Global and Planetary Change (Q4)";"Earth and Planetary Sciences; Environmental Science; Social Sciences"
604;13236;"Investigaciones Geograficas";journal;"24487279, 01884611";"Instituto de Geografia";Yes;Yes;0,183;Q4;23;61;117;1546;67;107;0,46;25,34;28,70;1;Mexico;Latin America;"Instituto de Geografia";"1969, 1984, 1990-1993, 1995-1996, 2001, 2003-2025";"Earth and Planetary Sciences (miscellaneous) (Q4); Geography, Planning and Development (Q4)";"Earth and Planetary Sciences; Social Sciences"
605;21101102056;"J-Reading";journal;"22814310, 22815694";"Edizioni Nuova Cultura";No;No;0,183;Q4;6;8;45;195;23;42;0,51;24,38;22,22;0;Italy;Western Europe;"Edizioni Nuova Cultura";"2020-2025";"Social Sciences (miscellaneous) (Q3); Urban Studies (Q3); Computers in Earth Sciences (Q4); Demography (Q4); Education (Q4); Geography, Planning and Development (Q4)";"Earth and Planetary Sciences; Social Sciences"
606;15401;"Review of Urban and Regional Development Studies";journal;"09170553, 1467940X";"Wiley-Blackwell Publishing Ltd";No;No;0,183;Q4;27;0;12;0;5;12;0,00;0,00;0,00;0;United Kingdom;Western Europe;"Wiley-Blackwell Publishing Ltd";"1989-2019";"Development (Q4); Geography, Planning and Development (Q4)";"Social Sciences"
607;21100778849;"Southeast Asian Studies";journal;"21867275, 24238686";"Center for Southeast Asian Studies";Yes;No;0,182;Q4;15;18;46;1018;27;45;0,61;56,56;33,33;0;Japan;Asiatic Region;"Center for Southeast Asian Studies";"2012-2025";"Political Science and International Relations (Q3); Development (Q4); Geography, Planning and Development (Q4)";"Social Sciences"
608;145016;"Defense and Security Analysis";journal;"14751798, 14751801";"Routledge";No;No;0,181;Q4;20;26;85;0;81;82;0,74;0,00;9,68;7;United Kingdom;Western Europe;"Routledge";"2003-2004, 2006-2026";"Political Science and International Relations (Q3); Geography, Planning and Development (Q4)";"Social Sciences"
609;26079;"Journal of Palestine Studies";journal;"0377919X, 15338614";"Routledge";No;No;0,181;Q4;41;30;104;0;78;84;0,68;0,00;56,00;0;United States;Northern America;"Routledge";"1971-2025";"Sociology and Political Science (Q3); Geography, Planning and Development (Q4)";"Social Sciences"
610;21100198528;"International Journal of Geoinformatics";journal;"16866576, 26730014";"Association for Geoinformation Technology";No;No;0,180;Q4;18;50;136;1265;69;134;0,53;25,30;38,10;0;Thailand;Asiatic Region;"Association for Geoinformation Technology";"2008-2026";"Earth and Planetary Sciences (miscellaneous) (Q4); Geography, Planning and Development (Q4); Instrumentation (Q4)";"Earth and Planetary Sciences; Physics and Astronomy; Social Sciences"
611;21100881506;"Przestrzen Spoleczna (discontinued)";journal;"20841558, 20847696";"";Yes;No;0,180;Q4;8;54;44;2238;67;36;2,23;41,44;27,73;0;Poland;Eastern Europe;"";"2018-2022";"Cultural Studies (Q2); Economics, Econometrics and Finance (miscellaneous) (Q3); Social Sciences (miscellaneous) (Q3); Sociology and Political Science (Q3); Urban Studies (Q3); Demography (Q4); Geography, Planning and Development (Q4); Social Psychology (Q4)";"Economics, Econometrics and Finance; Psychology; Social Sciences"
612;21100813768;"Ecological Questions";journal;"16447298, 20835469";"";No;No;0,179;Q4;18;36;105;1487;84;104;0,87;41,31;29,10;0;Germany;Western Europe;"";"2002-2004, 2008-2025";"Ecological Modeling (Q4); Ecology (Q4); Ecology, Evolution, Behavior and Systematics (Q4); Geography, Planning and Development (Q4)";"Agricultural and Biological Sciences; Environmental Science; Social Sciences"
613;24934;"Colonial Latin American Review";journal;"10609164";"Taylor and Francis Ltd.";No;No;0,178;Q4;20;32;85;1653;28;73;0,31;51,66;70,00;0;United Kingdom;Western Europe;"Taylor and Francis Ltd.";"1992-1996, 2001, 2003-2025";"Arts and Humanities (miscellaneous) (Q3); Geography, Planning and Development (Q4)";"Arts and Humanities; Social Sciences"
614;8500153124;"Environmental and Planning Law Journal";journal;"0813300X";"Thomson Reuters (Professional) Australia Ltd";No;No;0,177;Q4;22;0;81;0;43;77;0,67;0,00;0,00;0;Australia;Pacific Region;"Thomson Reuters (Professional) Australia Ltd";"1984-2020";"Law (Q3); Geography, Planning and Development (Q4); Management, Monitoring, Policy and Law (Q4)";"Environmental Science; Social Sciences"
615;21101018933;"Habitat Sustentable";journal;"07190700";"Universidad del Bio Bio";Yes;Yes;0,177;Q4;7;18;46;590;33;39;0,77;32,78;44,44;0;Chile;Latin America;"Universidad del Bio Bio";"2019-2025";"Architecture (Q3); Urban Studies (Q3); Building and Construction (Q4); Experimental and Cognitive Psychology (Q4); Geography, Planning and Development (Q4); Materials Science (miscellaneous) (Q4); Renewable Energy, Sustainability and the Environment (Q4)";"Energy; Engineering; Materials Science; Psychology; Social Sciences"
616;21100450368;"Urbe";journal;"21753369";"Pontificia Universidade Catolica do Parana";Yes;Yes;0,177;Q4;13;57;239;2268;113;239;0,40;39,79;56,38;1;Brazil;Latin America;"Pontificia Universidade Catolica do Parana";"2015-2026";"Architecture (Q2); Urban Studies (Q3); Geography, Planning and Development (Q4)";"Engineering; Social Sciences"
617;25377;"Working Paper - Chr. Michelsen Institute";journal;"08043639";"Chr. Michelsen Institute";No;No;0,176;Q4;7;4;14;134;7;14;0,33;33,50;42,86;0;Norway;Western Europe;"Chr. Michelsen Institute";"1980, 1990-2023, 2025";"Development (Q4); Geography, Planning and Development (Q4)";"Social Sciences"
618;17300154814;"Worldviews: Environment, Culture, Religion";journal;"13635247, 15685357";"Brill Academic Publishers";No;No;0,176;Q4;22;16;45;595;22;41;0,31;37,19;40,91;0;Netherlands;Western Europe;"Brill Academic Publishers";"1997-2025";"Cultural Studies (Q2); Philosophy (Q2); Religious Studies (Q2); Ecology (Q4); Geography, Planning and Development (Q4); Management, Monitoring, Policy and Law (Q4)";"Arts and Humanities; Environmental Science; Social Sciences"
619;5600155211;"Historia Critica";journal;"19006152, 01211617";"Universidad de los Andes, Colombia";Yes;Yes;0,175;Q4;15;20;73;1198;52;72;0,57;59,90;54,17;0;Colombia;Latin America;"Universidad de los Andes, Colombia";"2002-2025";"Cultural Studies (Q2); History (Q2); Social Sciences (miscellaneous) (Q3); Geography, Planning and Development (Q4)";"Arts and Humanities; Social Sciences"
620;26143;"Middle Eastern Studies";journal;"17437881, 00263206";"Routledge";No;No;0,175;Q4;49;57;190;0;108;189;0,45;0,00;24,14;2;United Kingdom;Western Europe;"Routledge";"1964-2026";"Cultural Studies (Q2); History (Q2); Sociology and Political Science (Q3); Geography, Planning and Development (Q4)";"Arts and Humanities; Social Sciences"
621;21101068584;"R-Economy";journal;"24120731";"Ural Federal University";Yes;Yes;0,174;Q4;9;29;70;1006;55;70;0,92;34,69;52,94;0;Russian Federation;Eastern Europe;"Ural Federal University";"2019-2025";"Economics, Econometrics and Finance (miscellaneous) (Q3); Geography, Planning and Development (Q4); Public Administration (Q4)";"Economics, Econometrics and Finance; Social Sciences"
622;11700154716;"Geography and Natural Resources";journal;"1875371X, 18753728";"Pleiades Publishing";Yes;No;0,173;Q4;18;67;144;1683;68;144;0,36;25,12;53,02;0;United States;Northern America;"Pleiades Publishing";"2008-2025";"Earth-Surface Processes (Q4); Geography, Planning and Development (Q4); Management, Monitoring, Policy and Law (Q4)";"Earth and Planetary Sciences; Environmental Science; Social Sciences"
623;21100913137;"Asian Journal of Agriculture and Rural Development";journal;"22244433, 23041455";"Asian Economic and Social Society";Yes;No;0,172;Q4;12;34;124;1283;84;124;0,57;37,74;38,38;2;Pakistan;Asiatic Region;"Asian Economic and Social Society";"2018-2025";"Agronomy and Crop Science (Q4); Geography, Planning and Development (Q4); Plant Science (Q4); Soil Science (Q4)";"Agricultural and Biological Sciences; Social Sciences"
624;21101100272;"PASOS Revista de Turismo y Patrimonio Cultural";journal;"16957121, 2529959X";"University of La Laguna";Yes;Yes;0,172;Q4;12;84;193;3728;98;192;0,46;44,38;48,63;2;Spain;Western Europe;"University of La Laguna";"2019-2026";"Cultural Studies (Q2); Anthropology (Q3); Social Sciences (miscellaneous) (Q3); Geography, Planning and Development (Q4)";"Social Sciences"
625;21100981177;"Silva Gabreta";journal;"12117420";"Sprava Narodniho parku sumava";No;No;0,172;Q4;5;6;20;337;14;20;0,75;56,17;26,32;0;Czech Republic;Eastern Europe;"Sprava Narodniho parku sumava";"2019-2024";"Earth-Surface Processes (Q4); Forestry (Q4); Geography, Planning and Development (Q4); Geology (Q4); Management, Monitoring, Policy and Law (Q4); Nature and Landscape Conservation (Q4)";"Agricultural and Biological Sciences; Earth and Planetary Sciences; Environmental Science; Social Sciences"
626;57806;"Socijalna Ekologija";journal;"13300113";"Croatian Sociological Association";Yes;Yes;0,172;Q4;13;14;45;635;17;44;0,28;45,36;46,15;0;Croatia;Eastern Europe;"Croatian Sociological Association";"1994-2025";"Geography, Planning and Development (Q4); Management, Monitoring, Policy and Law (Q4)";"Environmental Science; Social Sciences"
627;14691;"Environment and History";journal;"09673407, 17527023";"White Horse Press";No;No;0,171;Q4;38;40;104;669;49;88;0,57;16,73;47,37;0;United Kingdom;Western Europe;"White Horse Press";"1995-2026";"History (Q2); Arts and Humanities (miscellaneous) (Q3); Environmental Science (miscellaneous) (Q4); Geography, Planning and Development (Q4)";"Arts and Humanities; Environmental Science; Social Sciences"
628;25234;"Perspectives on Global Development and Technology";journal;"15691497, 15691500";"Brill Academic Publishers";No;No;0,171;Q4;24;20;93;689;31;90;0,35;34,45;25,00;2;Netherlands;Western Europe;"Brill Academic Publishers";"2002-2025";"Political Science and International Relations (Q3); Social Sciences (miscellaneous) (Q3); Development (Q4); Education (Q4); Geography, Planning and Development (Q4); Health (social science) (Q4)";"Social Sciences"
629;21100933997;"Journal of Tourism and Development";journal;"16459261, 21821453";"Universidade de Aveiro";No;No;0,170;Q4;13;53;161;2506;117;154;0,75;47,28;36,89;0;Portugal;Western Europe;"Universidade de Aveiro";"2019-2025";"Geography, Planning and Development (Q4); Tourism, Leisure and Hospitality Management (Q4)";"Business, Management and Accounting; Social Sciences"
630;13162;"Terra";journal;"00403741";"Geographical Society of Finland";Yes;Yes;0,170;Q4;9;25;65;842;20;39;0,35;33,68;71,05;2;Finland;Western Europe;"Geographical Society of Finland";"1978-2015, 2017-2025";"Agricultural and Biological Sciences (miscellaneous) (Q4); Earth and Planetary Sciences (miscellaneous) (Q4); Geography, Planning and Development (Q4); Water Science and Technology (Q4)";"Agricultural and Biological Sciences; Earth and Planetary Sciences; Environmental Science; Social Sciences"
631;21101034113;"Revista Brasileira de Geografia Fisica";journal;"19842295";"Universidade Federal de Pernambuco";Yes;No;0,168;Q4;12;203;666;10767;380;661;0,61;53,04;40,67;2;Brazil;Latin America;"Universidade Federal de Pernambuco";"2019-2026";"Atmospheric Science (Q4); Computers in Earth Sciences (Q4); Earth-Surface Processes (Q4); Environmental Science (miscellaneous) (Q4); Geography, Planning and Development (Q4); Geophysics (Q4)";"Earth and Planetary Sciences; Environmental Science; Social Sciences"
632;21101037317;"Acta Geographica Universitatis Comenianae";journal;"13386034";"Comenius University in Bratislava";Yes;Yes;0,167;Q4;5;11;30;507;15;30;0,52;46,09;40,00;0;Slovakia;Eastern Europe;"Comenius University in Bratislava";"2019-2025";"Urban Studies (Q3); Computers in Earth Sciences (Q4); Earth and Planetary Sciences (miscellaneous) (Q4); Geography, Planning and Development (Q4); Management, Monitoring, Policy and Law (Q4); Nature and Landscape Conservation (Q4)";"Earth and Planetary Sciences; Environmental Science; Social Sciences"
633;21100943503;"Sustainable Mediterranean Construction";journal;"24208213, 23851546";"Luciano Editore";Yes;No;0,166;Q4;5;35;323;532;34;307;0,16;15,20;64,29;0;Italy;Western Europe;"Luciano Editore";"2000, 2019-2025";"Conservation (Q2); Architecture (Q3); Urban Studies (Q3); Building and Construction (Q4); Geography, Planning and Development (Q4); Nature and Landscape Conservation (Q4)";"Arts and Humanities; Engineering; Environmental Science; Social Sciences"
634;25272;"International Journal on Minority and Group Rights";journal;"15718115, 13854879";"Brill Academic Publishers";No;No;0,165;Q4;24;32;119;1426;57;119;0,52;44,56;52,08;2;Netherlands;Western Europe;"Brill Academic Publishers";"1993-1997, 1999-2026";"Political Science and International Relations (Q3); Geography, Planning and Development (Q4)";"Social Sciences"
635;14831;"Journal fur Entwicklungspolitik";journal;"02582384, 24143197";"Mattersburger Kreis fur Entwicklungspolitik";No;No;0,165;Q4;15;17;46;742;17;42;0,21;43,65;76,19;0;Austria;Western Europe;"Mattersburger Kreis fur Entwicklungspolitik";"1991-1995, 1997-2025";"Development (Q4); Geography, Planning and Development (Q4)";"Social Sciences"
636;21100913566;"Revista de Gestao Ambiental e Sustentabilidade";journal;"23169834";"Universidade Nove de Julho-UNINOVE";Yes;No;0,165;Q4;6;14;64;714;34;62;0,57;51,00;47,92;0;Brazil;Latin America;"Universidade Nove de Julho-UNINOVE";"2019-2025";"Urban Studies (Q3); Geography, Planning and Development (Q4); Management, Monitoring, Policy and Law (Q4)";"Environmental Science; Social Sciences"
637;22632;"Geomatica";journal;"19254296, 11951036";"Elsevier B.V.";Yes;No;0,164;Q4;27;11;28;375;21;26;0,76;34,09;27,50;1;Netherlands;Western Europe;"Elsevier B.V.";"1993-2022, 2024-2026";"Earth-Surface Processes (Q4); Geography, Planning and Development (Q4)";"Earth and Planetary Sciences; Social Sciences"
638;19500157818;"Cuadernos de Desarrollo Rural";journal;"01221450, 22157727";"Pontificia Universidad Javeriana";Yes;Yes;0,163;Q4;16;13;37;717;13;37;0,40;55,15;37,93;0;Colombia;Latin America;"Pontificia Universidad Javeriana";"2008-2025";"Agronomy and Crop Science (Q4); Economics and Econometrics (Q4); Geography, Planning and Development (Q4)";"Agricultural and Biological Sciences; Economics, Econometrics and Finance; Social Sciences"
639;21100842804;"Sociologia Urbana e Rurale";journal;"03924939, 19718403";"FrancoAngeli Edizioni";No;No;0,163;Q4;7;33;88;1310;33;84;0,25;39,70;58,14;0;Italy;Western Europe;"FrancoAngeli Edizioni";"2017-2025";"Sociology and Political Science (Q3); Urban Studies (Q3); Demography (Q4); Geography, Planning and Development (Q4); Nature and Landscape Conservation (Q4)";"Environmental Science; Social Sciences"
640;21100286889;"Cuadernos de Turismo";journal;"19894635, 11397861";"Universidad de Murcia";Yes;Yes;0,162;Q4;15;28;111;452;70;110;0,66;16,14;44,29;0;Spain;Western Europe;"Universidad de Murcia";"2013-2025";"Geography, Planning and Development (Q4); Nature and Landscape Conservation (Q4); Tourism, Leisure and Hospitality Management (Q4)";"Business, Management and Accounting; Environmental Science; Social Sciences"
641;21100207607;"International Journal of Applied Geospatial Research";journal;"19479662, 19479654";"IGI Global Publishing";No;No;0,162;Q4;15;5;48;241;28;48;0,51;48,20;11,11;0;United States;Northern America;"IGI Global Publishing";"2010-2025";"Earth and Planetary Sciences (miscellaneous) (Q4); Geography, Planning and Development (Q4)";"Earth and Planetary Sciences; Social Sciences"
642;20224;"Prometheus: Critical Studies in Innovation";journal;"08109028, 14701030";"Pluto Journals";Yes;Yes;0,162;Q4;31;21;36;1136;11;28;0,31;54,10;29,03;0;United Kingdom;Western Europe;"Pluto Journals";"1983-2017, 2020-2025";"Earth-Surface Processes (Q4); Geography, Planning and Development (Q4); Management of Technology and Innovation (Q4); Research and Theory (Q4); Strategy and Management (Q4)";"Business, Management and Accounting; Earth and Planetary Sciences; Nursing; Social Sciences"
643;73467;"RA'E GA - O Espaco Geografico em Analise";journal;"21772738, 15164136";"Universidade Federal do Parana";Yes;Yes;0,162;Q4;12;29;101;1073;38;91;0,34;37,00;34,07;0;Brazil;Latin America;"Universidade Federal do Parana";"2002-2006, 2008-2025";"Geography, Planning and Development (Q4)";"Social Sciences"
644;21101089035;"Journal of Global Innovations in Agricultural Sciences";journal;"27884538, 27884546";"Society for Innovative Agriculture, University of Agriculture";Yes;No;0,161;Q4;8;34;26;1288;13;26;0,50;37,88;28,57;0;Pakistan;Asiatic Region;"Society for Innovative Agriculture, University of Agriculture";"2021-2026";"Agricultural and Biological Sciences (miscellaneous) (Q4); Agronomy and Crop Science (Q4); Geography, Planning and Development (Q4); Insect Science (Q4)";"Agricultural and Biological Sciences; Social Sciences"
645;21100223134;"Cuaternario y Geomorfologia";journal;"02141744";"Asociacion Espanola para el Estudio del Cuaternario (AEQUA)";Yes;No;0,160;Q4;13;26;41;1235;20;36;0,53;47,50;36,21;1;Spain;Western Europe;"Asociacion Espanola para el Estudio del Cuaternario (AEQUA)";"2012-2025";"Earth-Surface Processes (Q4); Geography, Planning and Development (Q4); Geology (Q4); Paleontology (Q4)";"Earth and Planetary Sciences; Social Sciences"
646;21100886374;"Alam Cipta";journal;"18237231, 22893687";"Universiti Putra Malaysia Press";No;No;0,159;Q4;8;20;75;678;41;69;0,38;33,90;41,30;0;Malaysia;Asiatic Region;"Universiti Putra Malaysia Press";"2018-2025";"Urban Studies (Q3); Geography, Planning and Development (Q4); Management, Monitoring, Policy and Law (Q4); Nature and Landscape Conservation (Q4)";"Environmental Science; Social Sciences"
647;21100923619;"Economic Research Guardian";journal;"22478531";"";Yes;Yes;0,159;Q4;6;8;35;360;20;35;0,38;45,00;29,41;0;Romania;Eastern Europe;"";"2019-2025";"Sociology and Political Science (Q3); Economics and Econometrics (Q4); Economics, Econometrics and Finance (miscellaneous) (Q4); Geography, Planning and Development (Q4)";"Economics, Econometrics and Finance; Social Sciences"
648;15158;"Inner Asia";journal;"22105018, 14648172";"Brill Academic Publishers";No;No;0,159;Q4;23;15;40;636;17;34;0,45;42,40;47,37;0;Netherlands;Western Europe;"Brill Academic Publishers";"1999-2025";"Anthropology (Q3); Arts and Humanities (miscellaneous) (Q3); Development (Q4); Geography, Planning and Development (Q4)";"Arts and Humanities; Social Sciences"
649;21323;"Flux";journal;"11542721";"Association Metropolis";No;No;0,158;Q4;17;16;77;423;27;64;0,43;26,44;38,10;0;France;Western Europe;"Association Metropolis";"1996-1998, 2002-2024";"Geography, Planning and Development (Q4)";"Social Sciences"
650;69279;"Geography Research Forum";journal;"03335275, 24148725";"Ben Gurion University of the Negev";No;No;0,158;Q4;17;15;18;751;7;17;0,10;50,07;43,48;0;Israel;Middle East;"Ben Gurion University of the Negev";"1990-1993, 1995-2013, 2015-2016, 2019-2020, 2022, 2024-2025";"Earth-Surface Processes (Q4); Geography, Planning and Development (Q4)";"Earth and Planetary Sciences; Social Sciences"
651;21100902662;"Project Baikal";journal;"23093072, 23074485";"Russian Academy of Architecture and Construction Sciences, Vostoksibacademcenter";Yes;No;0,158;Q4;5;113;346;1250;81;295;0,26;11,06;55,14;0;Russian Federation;Eastern Europe;"Russian Academy of Architecture and Construction Sciences, Vostoksibacademcenter";"2018-2025";"Visual Arts and Performing Arts (Q2); Architecture (Q3); Urban Studies (Q3); Geography, Planning and Development (Q4)";"Arts and Humanities; Engineering; Social Sciences"
652;24735;"American Review of Canadian Studies";journal;"02722011, 19439954";"Routledge";No;No;0,157;Q4;20;26;101;1451;43;93;0,32;55,81;52,50;2;United Kingdom;Western Europe;"Routledge";"1971-2025";"Earth-Surface Processes (Q4); Geography, Planning and Development (Q4)";"Earth and Planetary Sciences; Social Sciences"
653;21100874193;"Berichte Geographie und Landeskunde";journal;"21966184";"Franz Steiner Verlag GmbH";No;No;0,157;Q4;13;20;39;1416;6;36;0,15;70,80;53,13;0;Germany;Western Europe;"Franz Steiner Verlag GmbH";"2013-2018, 2020-2026";"Earth and Planetary Sciences (miscellaneous) (Q4); Geography, Planning and Development (Q4)";"Earth and Planetary Sciences; Social Sciences"
654;21860;"Great Plains Research";journal;"10525165";"Center for Great Plains Studies";No;No;0,157;Q4;24;11;43;591;12;39;0,30;53,73;39,29;1;United States;Northern America;"Center for Great Plains Studies";"1991, 1993-2024";"Ecology, Evolution, Behavior and Systematics (Q4); Geography, Planning and Development (Q4)";"Agricultural and Biological Sciences; Social Sciences"
655;19700175287;"Disaster Advances";journal;"22784543, 0974262X";"World Researchers Associations";No;No;0,156;Q4;22;78;272;2349;100;272;0,33;30,12;26,90;0;India;Asiatic Region;"World Researchers Associations";"2009-2026";"Earth and Planetary Sciences (miscellaneous) (Q4); Environmental Science (miscellaneous) (Q4); Geography, Planning and Development (Q4); Safety, Risk, Reliability and Quality (Q4)";"Earth and Planetary Sciences; Engineering; Environmental Science; Social Sciences"
656;21101061050;"Europa XXI";journal;"14297132, 23008547";"Insitute of Geography and Spatial Organization Polish Academy of Sciences";No;No;0,155;Q4;9;13;46;810;45;42;0,77;62,31;37,50;0;Poland;Eastern Europe;"Insitute of Geography and Spatial Organization Polish Academy of Sciences";"2019-2025";"Political Science and International Relations (Q3); Urban Studies (Q3); Development (Q4); Geography, Planning and Development (Q4)";"Social Sciences"
657;21100870844;"Acta Turistica";journal;"18486061, 03534316";"University of Zagreb Faculty of Economics and Business";No;No;0,153;Q4;7;7;25;394;13;24;0,56;56,29;54,55;0;Croatia;Eastern Europe;"University of Zagreb Faculty of Economics and Business";"2018-2025";"Economics, Econometrics and Finance (miscellaneous) (Q4); Geography, Planning and Development (Q4); Tourism, Leisure and Hospitality Management (Q4)";"Business, Management and Accounting; Economics, Econometrics and Finance; Social Sciences"
658;80799;"Revista Geografica Venezolana";journal;"22448853, 10121617";"Universidad de los Andes";Yes;No;0,153;Q4;11;33;103;1084;16;93;0,16;32,85;30,30;0;Venezuela;Latin America;"Universidad de los Andes";"1981, 1985-2025";"Earth-Surface Processes (Q4); Geography, Planning and Development (Q4)";"Earth and Planetary Sciences; Social Sciences"
659;12570;"BELGEO";journal;"13772368, 22949135";"Societe Royale Belge de Geographie";Yes;Yes;0,151;Q4;20;25;107;898;39;100;0,37;35,92;53,13;3;Belgium;Western Europe;"Societe Royale Belge de Geographie";"2002-2026";"Earth-Surface Processes (Q4); Geography, Planning and Development (Q4)";"Earth and Planetary Sciences; Social Sciences"
660;21101039167;"Geocarrefour";journal;"1960601X, 16274873";"Association des amis de la revue de geographie de Lyon";No;No;0,151;Q4;7;55;100;2557;29;100;0,24;46,49;53,33;2;France;Western Europe;"Association des amis de la revue de geographie de Lyon";"2018-2025";"Urban Studies (Q3); Geography, Planning and Development (Q4); Global and Planetary Change (Q4)";"Environmental Science; Social Sciences"
661;21100833040;"Geopolitica(s)";journal;"21727155, 21723958";"Universidad Complutense Madrid";Yes;Yes;0,150;Q4;14;20;78;991;36;77;0,47;49,55;26,67;0;Spain;Western Europe;"Universidad Complutense Madrid";"2010-2025";"Political Science and International Relations (Q3); Sociology and Political Science (Q3); Geography, Planning and Development (Q4)";"Social Sciences"
662;51335;"Indian Journal of Agricultural Economics";journal;"00195014";"Indian Society of Agricultural Economics";No;No;0,150;Q4;30;37;92;872;30;92;0,29;23,57;23,64;2;India;Asiatic Region;"Indian Society of Agricultural Economics";"1978-2025";"Development (Q4); Geography, Planning and Development (Q4)";"Social Sciences"
663;31912;"International Journal of Transport Economics";journal;"03035247, 17242185";"Fabrizio Serra Editore Srl";No;No;0,150;Q4;27;19;62;886;24;59;0,38;46,63;27,66;0;Italy;Western Europe;"Fabrizio Serra Editore Srl";"1979-1981, 1987, 1989-2026";"Geography, Planning and Development (Q4); Transportation (Q4)";"Social Sciences"
664;15183;"Duke Environmental Law and Policy Forum";journal;"23289686, 10643958";"Duke Law Publications";Yes;No;0,148;Q4;24;7;22;0;7;19;0,27;0,00;28,57;0;United States;Northern America;"Duke Law Publications";"1996-2000, 2002-2026";"Law (Q3); Geography, Planning and Development (Q4); Management, Monitoring, Policy and Law (Q4)";"Environmental Science; Social Sciences"
665;34418;"Geoadria";journal;"18489710, 13312294";"Croatian Geographical Society";Yes;Yes;0,147;Q4;7;8;23;293;9;23;0,41;36,63;23,08;0;Croatia;Eastern Europe;"Croatian Geographical Society";"1996, 1998, 2016-2025";"Atmospheric Science (Q4); Demography (Q4); Earth-Surface Processes (Q4); Geography, Planning and Development (Q4)";"Earth and Planetary Sciences; Social Sciences"
666;21100274247;"International Journal of Sustainability Policy and Practice";journal;"23251166, 23251182";"Common Ground Research Networks";No;No;0,147;Q4;7;7;26;246;8;26;0,28;35,14;61,54;0;United States;Northern America;"Common Ground Research Networks";"2013-2025";"Sociology and Political Science (Q3); Geography, Planning and Development (Q4); Management, Monitoring, Policy and Law (Q4); Renewable Energy, Sustainability and the Environment (Q4)";"Energy; Environmental Science; Social Sciences"
667;21101034436;"Revista Brasileira de Cartografia";journal;"05604613, 18080936";"Sociedade Brasileira de Cartografia, Geodesia, Fotogrametria e Sensoriamento Remoto";Yes;Yes;0,147;Q4;8;45;165;2112;59;164;0,36;46,93;28,15;1;Brazil;Latin America;"Sociedade Brasileira de Cartografia, Geodesia, Fotogrametria e Sensoriamento Remoto";"2019-2026";"Computers in Earth Sciences (Q4); Earth and Planetary Sciences (miscellaneous) (Q4); Earth-Surface Processes (Q4); Geography, Planning and Development (Q4)";"Earth and Planetary Sciences; Social Sciences"
668;21100861870;"Asia-Pacific Journal of Innovation in Hospitality and Tourism";journal;"22891471";"Taylor's University Sdn Bhd";No;No;0,146;Q4;12;29;69;1842;32;69;0,51;63,52;37,84;0;Malaysia;Asiatic Region;"Taylor's University Sdn Bhd";"2017-2025";"Geography, Planning and Development (Q4); Management, Monitoring, Policy and Law (Q4); Nature and Landscape Conservation (Q4); Tourism, Leisure and Hospitality Management (Q4)";"Business, Management and Accounting; Environmental Science; Social Sciences"
669;4900153503;"Projections";journal;"2638342X, 15356191";"MIT Department of Urban Studies and Planning";No;No;0,145;Q4;9;0;10;0;1;8;0,20;0,00;0,00;0;United States;Northern America;"MIT Department of Urban Studies and Planning";"2004, 2006-2008, 2010-2011, 2014, 2016-2017, 2019-2020, 2023-2024";"Cultural Studies (Q2); Visual Arts and Performing Arts (Q2); Geography, Planning and Development (Q4); Urban Studies (Q4)";"Arts and Humanities; Social Sciences"
670;8100153108;"Revista Brasileira de Historia";journal;"01020188, 18069347";"Associacao Nacional de Historia";Yes;Yes;0,145;Q4;13;57;134;2417;46;128;0,32;42,40;34,33;1;Brazil;Latin America;"Associacao Nacional de Historia";"1999, 2001, 2007-2025";"Cultural Studies (Q2); History (Q2); Geography, Planning and Development (Q4); Sociology and Political Science (Q4)";"Arts and Humanities; Social Sciences"
671;35961;"Glasnik - Srpskog Geografskog Drustva";journal;"2406078X, 03503593";"Geografsko Drustvo";Yes;Yes;0,142;Q4;8;29;36;817;13;36;0,44;28,17;40,00;0;Serbia;Eastern Europe;"Geografsko Drustvo";"1981-1984, 2019-2025";"Atmospheric Science (Q4); Education (Q4); Geography, Planning and Development (Q4); Geology (Q4); Global and Planetary Change (Q4)";"Earth and Planetary Sciences; Environmental Science; Social Sciences"
672;21100258751;"International Journal of Sustainability in Economic, Social, and Cultural Context";journal;"2325114X, 23251115";"Common Ground Research Networks";No;No;0,142;Q4;8;13;29;760;15;29;0,40;58,46;42,86;0;United States;Northern America;"Common Ground Research Networks";"2013-2025";"Environmental Science (miscellaneous) (Q4); Geography, Planning and Development (Q4); Sociology and Political Science (Q4)";"Environmental Science; Social Sciences"
673;21100206248;"Territorio";journal;"18258689, 22396330";"FrancoAngeli";No;No;0,142;Q4;14;93;302;2277;79;294;0,19;24,48;57,60;0;Italy;Western Europe;"FrancoAngeli";"2012-2024";"Visual Arts and Performing Arts (Q2); Geography, Planning and Development (Q4); Urban Studies (Q4)";"Arts and Humanities; Social Sciences"
674;21100932723;"Documenti Geografici";journal;"22817549";"Universita degli Studi di Roma Tor Vergata";Yes;No;0,141;Q4;6;74;167;1749;38;165;0,25;23,64;42,17;0;Italy;Western Europe;"Universita degli Studi di Roma Tor Vergata";"2019-2025";"History (Q2); Economics, Econometrics and Finance (miscellaneous) (Q4); Geography, Planning and Development (Q4)";"Arts and Humanities; Economics, Econometrics and Finance; Social Sciences"
675;7200153148;"Revista Brasileira de Gestao e Desenvolvimento Regional";journal;"1809239X";"Universidade de Taubate";Yes;No;0,141;Q4;10;50;132;1700;45;124;0,30;34,00;42,77;0;Brazil;Latin America;"Universidade de Taubate";"2007-2026";"Environmental Science (miscellaneous) (Q4); Geography, Planning and Development (Q4); Sociology and Political Science (Q4); Urban Studies (Q4)";"Environmental Science; Social Sciences"
676;21100868396;"Urbanism. Architecture. Constructions";journal;"20696469, 20690509";"NIRD URBAN-INCERC";Yes;Yes;0,141;Q4;7;16;30;558;15;30;0,62;34,88;47,83;0;Romania;Eastern Europe;"NIRD URBAN-INCERC";"2018-2025";"Architecture (Q3); Building and Construction (Q4); Geography, Planning and Development (Q4); Urban Studies (Q4)";"Engineering; Social Sciences"
677;21101085533;"Socio-Ecological Practice Research";journal;"25245279, 25245287";"Springer";No;No;0,140;Q4;23;32;94;1955;281;86;3,03;61,09;61,86;4;Germany;Western Europe;"Springer";"2019-2026";"Geography, Planning and Development (Q4); Nature and Landscape Conservation (Q4); Urban Studies (Q4)";"Environmental Science; Social Sciences"
678;33154;"Journal of Architectural and Planning Research";journal;"07380895";"Locke Science Publishing Company Inc.";No;No;0,139;Q4;36;6;22;269;5;22;0,00;44,83;36,36;0;United States;Northern America;"Locke Science Publishing Company Inc.";"1984-2019, 2022";"Architecture (Q3); Environmental Science (miscellaneous) (Q4); Geography, Planning and Development (Q4); Urban Studies (Q4)";"Engineering; Environmental Science; Social Sciences"
679;21100201988;"Journal of Tourism History";journal;"17551838, 1755182X";"Taylor and Francis Ltd.";No;No;0,138;Q4;16;12;43;0;19;39;0,37;0,00;35,29;0;United Kingdom;Western Europe;"Taylor and Francis Ltd.";"2009-2026";"History (Q2); Cultural Studies (Q3); Geography, Planning and Development (Q4); Tourism, Leisure and Hospitality Management (Q4); Transportation (Q4)";"Arts and Humanities; Business, Management and Accounting; Social Sciences"
680;21100940511;"Territorios";journal;"01238418, 22157484";"Universidad del Rosario";Yes;Yes;0,137;Q4;6;23;96;792;23;95;0,16;34,43;43,75;0;Colombia;Latin America;"Universidad del Rosario";"2019-2025";"Geography, Planning and Development (Q4); Urban Studies (Q4)";"Social Sciences"
681;21101040605;"Turyzm/Tourism";journal;"08675856, 20806922";"Lodz University Press";Yes;Yes;0,135;Q4;13;20;97;1330;41;93;0,42;66,50;50,00;0;Poland;Eastern Europe;"Lodz University Press";"2001-2025";"Economics, Econometrics and Finance (miscellaneous) (Q4); Geography, Planning and Development (Q4); Social Sciences (miscellaneous) (Q4); Sociology and Political Science (Q4)";"Economics, Econometrics and Finance; Social Sciences"
682;14472;"AVN Allgemeine Vermessungs-Nachrichten";journal;"00025968";"V D E Verlag GmbH";No;No;0,134;Q4;9;29;99;354;12;76;0,16;12,21;12,96;0;Germany;Western Europe;"V D E Verlag GmbH";"1979-1980, 1988-1994, 2014-2026";"Civil and Structural Engineering (Q4); Earth and Planetary Sciences (miscellaneous) (Q4); Geography, Planning and Development (Q4)";"Earth and Planetary Sciences; Engineering; Social Sciences"
683;26804;"Espace-Populations-Societes";journal;"07557809";"Universite des Sciences et Technologiques de Lille";Yes;Yes;0,134;Q4;17;24;97;892;29;96;0,26;37,17;43,90;5;France;Western Europe;"Universite des Sciences et Technologiques de Lille";"1983-2024, 2026";"Demography (Q4); Geography, Planning and Development (Q4)";"Social Sciences"
684;21101053567;"Indian Journal of Economics and Development";journal;"22775412, 23220430";"The Society of Economics and Development";No;No;0,134;Q4;8;114;284;2657;60;284;0,24;23,31;35,24;0;India;Asiatic Region;"The Society of Economics and Development";"2019-2025";"Business, Management and Accounting (miscellaneous) (Q4); Economics and Econometrics (Q4); Finance (Q4); Geography, Planning and Development (Q4)";"Business, Management and Accounting; Economics, Econometrics and Finance; Social Sciences"
685;27890;"Studi Emigrazione";journal;"00392936";"Centro Studi Emigrazione";No;No;0,134;Q4;13;34;113;1216;16;101;0,17;35,76;45,45;0;Italy;Western Europe;"Centro Studi Emigrazione";"1977-2025";"Arts and Humanities (miscellaneous) (Q3); Demography (Q4); Geography, Planning and Development (Q4)";"Arts and Humanities; Social Sciences"
686;21100899299;"VLC Arquitectura";journal;"23413050, 23412747";"Universidad Politecnica de Valencia";Yes;Yes;0,134;Q4;4;24;42;699;7;42;0,14;29,13;40,00;0;Spain;Western Europe;"Universidad Politecnica de Valencia";"2018-2025";"History (Q2); Visual Arts and Performing Arts (Q2); Architecture (Q3); Geography, Planning and Development (Q4); Urban Studies (Q4)";"Arts and Humanities; Engineering; Social Sciences"
687;23496;"Copenhagen Journal of Asian Studies";journal;"13954199";"Copenhagen Business School";Yes;Yes;0,133;Q4;19;8;20;323;12;17;0,60;40,38;50,00;0;Denmark;Western Europe;"Copenhagen Business School";"1995-1998, 2000-2007, 2009-2018, 2020-2024";"Development (Q4); Geography, Planning and Development (Q4); Political Science and International Relations (Q4)";"Social Sciences"
688;21100449118;"International Journal of Islamic Architecture";journal;"20455895, 20455909";"Intellect Ltd.";No;No;0,133;Q4;10;20;59;844;37;56;0,76;42,20;60,87;0;United Kingdom;Western Europe;"Intellect Ltd.";"2012-2026";"Visual Arts and Performing Arts (Q2); Architecture (Q3); Geography, Planning and Development (Q4); Urban Studies (Q4)";"Arts and Humanities; Engineering; Social Sciences"
689;29932;"Mitteilungen der Osterreichischen Geographischen Gesellschaft";journal;"00299138";"Austrian Geographical Society";No;No;0,133;Q4;13;15;58;869;21;58;0,36;57,93;31,71;0;Austria;Western Europe;"Austrian Geographical Society";"1978-2008, 2011-2018, 2020-2024";"Earth-Surface Processes (Q4); Geography, Planning and Development (Q4)";"Earth and Planetary Sciences; Social Sciences"
690;21100229170;"Revista Portuguesa de Estudos Regionais";journal;"1645586X";"APEQ - Associacao Portuguesa para o Estudo do Quaternario";Yes;Yes;0,133;Q4;10;31;87;1461;38;83;0,25;47,13;40,45;0;Portugal;Western Europe;"APEQ - Associacao Portuguesa para o Estudo do Quaternario";"2012-2025";"Geography, Planning and Development (Q4); Sociology and Political Science (Q4); Urban Studies (Q4)";"Social Sciences"
691;55037;"Asian Affairs (United Kingdom)";journal;"00927678, 19401590";"Taylor and Francis Ltd.";No;No;0,132;Q4;16;8;21;7;9;21;0,35;0,88;36,36;2;United Kingdom;Western Europe;"Taylor and Francis Ltd.";"1973-2005, 2010-2026";"Law (Q3); Economics and Econometrics (Q4); Economics, Econometrics and Finance (miscellaneous) (Q4); Geography, Planning and Development (Q4); Political Science and International Relations (Q4); Sociology and Political Science (Q4)";"Economics, Econometrics and Finance; Social Sciences"
692;24423;"Canadian Journal of Latin American and Caribbean Studies";journal;"23331461, 08263663";"Taylor and Francis Ltd.";No;No;0,131;Q4;16;25;63;1266;14;60;0,24;50,64;46,51;0;United Kingdom;Western Europe;"Taylor and Francis Ltd.";"1984-2011, 2014-2026";"Development (Q4); Geography, Planning and Development (Q4); Political Science and International Relations (Q4)";"Social Sciences"
693;21100790721;"Italian Journal of Planning Practice";journal;"2239267X";"University of Rome La Sapienza";Yes;Yes;0,131;Q4;10;5;14;170;6;14;0,33;34,00;45,45;0;Italy;Western Europe;"University of Rome La Sapienza";"2011-2025";"Architecture (Q3); Geography, Planning and Development (Q4); Urban Studies (Q4)";"Engineering; Social Sciences"
694;21280;"London Journal";journal;"17496322, 03058034";"Maney Publishing";No;No;0,131;Q4;18;17;44;0;21;42;0,47;0,00;50,00;0;United Kingdom;Western Europe;"Maney Publishing";"1975-1987, 1989-2026";"Geography, Planning and Development (Q4); Urban Studies (Q4)";"Social Sciences"
695;21101026994;"Architecture and Urban Planning";journal;"22558764, 16914333";"Walter de Gruyter GmbH";No;No;0,130;Q4;7;16;47;527;18;47;0,62;32,94;58,82;0;Poland;Eastern Europe;"Walter de Gruyter GmbH";"2019-2026";"History (Q2); Architecture (Q3); Conservation (Q3); Geography, Planning and Development (Q4); Nature and Landscape Conservation (Q4); Urban Studies (Q4)";"Arts and Humanities; Engineering; Environmental Science; Social Sciences"
696;5700166475;"European Journal of East Asian Studies";journal;"15700615, 15680584";"Brill Academic Publishers";No;No;0,130;Q4;18;11;47;630;14;41;0,24;57,27;41,67;0;Netherlands;Western Europe;"Brill Academic Publishers";"2001, 2003, 2007-2026";"History (Q2); Cultural Studies (Q3); Development (Q4); Geography, Planning and Development (Q4); Political Science and International Relations (Q4); Social Sciences (miscellaneous) (Q4); Sociology and Political Science (Q4)";"Arts and Humanities; Social Sciences"
697;14724;"Gender and History";journal;"09535233, 14680424";"Wiley-Blackwell Publishing Ltd";No;No;0,130;Q4;42;50;115;1;59;113;0,51;0,02;82,76;0;United Kingdom;Western Europe;"Wiley-Blackwell Publishing Ltd";"1989-2026";"History (Q2); Arts and Humanities (miscellaneous) (Q3); Gender Studies (Q4); Geography, Planning and Development (Q4)";"Arts and Humanities; Social Sciences"
698;34725;"Geografija v Soli";journal;"13184717";"Geografija v Soli";No;No;0,130;Q4;4;34;89;253;3;73;0,02;7,44;46,43;0;Slovenia;Eastern Europe;"Geografija v Soli";"1993, 1995-1998, 2000-2014, 2016-2024";"Earth-Surface Processes (Q4); Geography, Planning and Development (Q4)";"Earth and Planetary Sciences; Social Sciences"
699;28756;"Geographische Rundschau";journal;"00167460";"Westermann Schulbuchverlag GmbH";No;No;0,128;Q4;14;113;382;829;23;278;0,05;7,34;35,29;0;Germany;Western Europe;"Westermann Schulbuchverlag GmbH";"1975, 1977-2014, 2018-2025";"Atmospheric Science (Q4); Energy (miscellaneous) (Q4); Geography, Planning and Development (Q4); Water Science and Technology (Q4)";"Earth and Planetary Sciences; Energy; Environmental Science; Social Sciences"
700;25227;"Harvard International Review";journal;"07391854";"Harvard International Review";No;No;0,128;Q4;19;0;65;0;24;51;0,26;0,00;0,00;0;United States;Northern America;"Harvard International Review";"1986, 1994-2020";"Geography, Planning and Development (Q4); Industrial Relations (Q4); Political Science and International Relations (Q4)";"Business, Management and Accounting; Social Sciences"
701;21100842861;"International Journal of Agricultural Management";journal;"20473710";"Institute of Agricultural Management";Yes;No;0,128;Q4;8;0;41;0;15;41;0,32;0,00;0,00;0;United Kingdom;Western Europe;"Institute of Agricultural Management";"2017-2020";"Agricultural and Biological Sciences (miscellaneous) (Q4); Business, Management and Accounting (miscellaneous) (Q4); Economics and Econometrics (Q4); Geography, Planning and Development (Q4); Management, Monitoring, Policy and Law (Q4)";"Agricultural and Biological Sciences; Business, Management and Accounting; Economics, Econometrics and Finance; Environmental Science; Social Sciences"
702;24268;"Korean Studies";journal;"0145840X, 15291529";"University of Hawaii Press";No;No;0,128;Q4;7;15;24;522;12;23;0,50;34,80;76,92;0;United States;Northern America;"University of Hawaii Press";"1991-1998, 2017-2025";"History (Q2); Literature and Literary Theory (Q2); Visual Arts and Performing Arts (Q2); Arts and Humanities (miscellaneous) (Q3); Cultural Studies (Q3); Anthropology (Q4); Geography, Planning and Development (Q4); Social Sciences (miscellaneous) (Q4); Sociology and Political Science (Q4)";"Arts and Humanities; Social Sciences"
703;22932;"Pakistan Development Review";journal;"00309729";"Pakistan Institute of Development Economics";No;No;0,127;Q4;38;39;68;1134;27;62;0,41;29,08;26,67;0;Pakistan;Asiatic Region;"Pakistan Institute of Development Economics";"1964, 1966, 1969, 1973-2012, 2014-2025";"Development (Q4); Geography, Planning and Development (Q4)";"Social Sciences"
704;28038;"Czasopismo Geograficzne";journal;"00459453";"Polish Geographical Society";No;No;0,125;Q4;10;23;19;1278;8;18;0,42;55,57;35,56;0;Poland;Eastern Europe;"Polish Geographical Society";"1978-2013, 2015-2018, 2020-2025";"Earth and Planetary Sciences (miscellaneous) (Q4); Geography, Planning and Development (Q4)";"Earth and Planetary Sciences; Social Sciences"
705;12600154786;"European Journal of Spatial Development";journal;"16509544";"Politecnico di Torino";Yes;Yes;0,124;Q4;15;13;3;924;1;3;0,50;71,08;40,74;2;Italy;Western Europe;"Politecnico di Torino";"2008-2020, 2022-2026";"Geography, Planning and Development (Q4); Management, Monitoring, Policy and Law (Q4); Urban Studies (Q4)";"Environmental Science; Social Sciences"
706;27634;"Caribbean Geography";journal;"02529939";"University of the West Indies";No;No;0,122;Q4;10;0;4;0;3;4;0,00;0,00;0,00;0;Jamaica;Latin America;"University of the West Indies";"1983-1986, 1988, 1991-1999, 2003, 2005, 2008, 2011-2014, 2016-2019";"Earth and Planetary Sciences (miscellaneous) (Q4); Geography, Planning and Development (Q4)";"Earth and Planetary Sciences; Social Sciences"
707;21101034122;"Espaces et Societes";journal;"00140481, 19618700";"ERES";No;No;0,122;Q4;4;35;80;868;15;74;0,22;24,80;46,15;0;France;Western Europe;"ERES";"1991, 2019-2024";"Demography (Q4); Geography, Planning and Development (Q4); Social Sciences (miscellaneous) (Q4); Urban Studies (Q4)";"Social Sciences"
708;13098;"BSGLg";journal;"07707576, 25070711";"Societe Geographique de Liege";Yes;Yes;0,121;Q4;8;33;57;1305;11;57;0,24;39,55;30,91;0;Belgium;Western Europe;"Societe Geographique de Liege";"1979, 1981-1986, 1988-1994, 2012-2025";"Earth and Planetary Sciences (miscellaneous) (Q4); Geography, Planning and Development (Q4)";"Earth and Planetary Sciences; Social Sciences"
709;25121;"Geopolitics of Energy";journal;"02731371";"Canadian Energy Research Institute";No;No;0,121;Q4;7;0;14;0;5;9;0,00;0,00;0,00;0;Canada;Northern America;"Canadian Energy Research Institute";"1984, 1989-1993, 1997-1998, 2003-2020";"Fuel Technology (Q4); Geography, Planning and Development (Q4)";"Energy; Social Sciences"
710;12100155657;"Mundo Agrario";journal;"15155994";"Universidad Nacional de La Plata";Yes;Yes;0,121;Q4;12;19;74;694;14;73;0,17;36,53;44,00;0;Argentina;Latin America;"Universidad Nacional de La Plata";"2008-2025";"History (Q3); Agricultural and Biological Sciences (miscellaneous) (Q4); Geography, Planning and Development (Q4); Industrial Relations (Q4); Urban Studies (Q4)";"Agricultural and Biological Sciences; Arts and Humanities; Business, Management and Accounting; Social Sciences"
711;21100927903;"Atelie Geografico";journal;"19821956";"Universidade Federal De Goias (UFG)";Yes;Yes;0,120;Q4;4;43;120;1474;21;120;0,16;34,28;39,76;1;Brazil;Latin America;"Universidade Federal De Goias (UFG)";"2019-2025";"Geography, Planning and Development (Q4); Management, Monitoring, Policy and Law (Q4); Nature and Landscape Conservation (Q4); Tourism, Leisure and Hospitality Management (Q4); Urban Studies (Q4)";"Business, Management and Accounting; Environmental Science; Social Sciences"
712;21100902912;"European Yearbook of Minority Issues";journal;"15707865, 22116117";"Brill Academic Publishers";No;No;0,120;Q4;14;15;42;1308;11;38;0,25;87,20;50,00;0;Netherlands;Western Europe;"Brill Academic Publishers";"2001, 2003-2005, 2008, 2010-2024";"Cultural Studies (Q3); Anthropology (Q4); Geography, Planning and Development (Q4); Law (Q4); Sociology and Political Science (Q4)";"Social Sciences"
713;26510;"Japanese Journal of Southeast Asian Studies";journal;"24241377, 05638682";"Center for Southeast Asian Studies";Yes;No;0,119;Q4;21;9;21;282;4;21;0,22;31,33;11,11;0;Japan;Asiatic Region;"Center for Southeast Asian Studies";"1978-2010, 2012-2026";"Development (Q4); Geography, Planning and Development (Q4); Political Science and International Relations (Q4)";"Social Sciences"
714;23370;"Journal of Environmental Law and Litigation";journal;"10490280";"University of Oregon";No;No;0,119;Q4;14;0;30;0;9;27;0,32;0,00;0,00;0;United States;Northern America;"University of Oregon";"1996-2021, 2023-2025";"Geography, Planning and Development (Q4); Law (Q4); Management, Monitoring, Policy and Law (Q4)";"Environmental Science; Social Sciences"
715;21101021441;"European Journal of American Studies";journal;"19919336";"";Yes;Yes;0,117;Q4;6;49;96;1521;28;94;0,14;31,04;65,31;1;France;Western Europe;"";"2018-2025";"Literature and Literary Theory (Q2); Cultural Studies (Q3); History (Q3); Geography, Planning and Development (Q4); Social Sciences (miscellaneous) (Q4); Sociology and Political Science (Q4)";"Arts and Humanities; Social Sciences"
716;21101055893;"Geosfernye Issledovaniya";journal;"25419943, 25421379";"Faculty of Geology and Geography, Tomsk State University";No;No;0,117;Q4;5;41;66;1542;19;65;0,25;37,61;41,54;0;Russian Federation;Eastern Europe;"Faculty of Geology and Geography, Tomsk State University";"2019-2025";"Earth and Planetary Sciences (miscellaneous) (Q4); Ecology (Q4); Geography, Planning and Development (Q4)";"Earth and Planetary Sciences; Environmental Science; Social Sciences"
717;21101032112;"Vestnik Sankt-Peterburgskogo Universiteta Vostokovedenie i Afrikanistika";journal;"25875892, 20741227";"Saint Petersburg State University";No;No;0,117;Q4;3;47;114;1215;8;114;0,08;25,85;54,55;0;Russian Federation;Eastern Europe;"Saint Petersburg State University";"2019-2025";"Literature and Literary Theory (Q2); History (Q3); Linguistics and Language (Q3); Geography, Planning and Development (Q4); Political Science and International Relations (Q4)";"Arts and Humanities; Social Sciences"
718;30588;"Cahiers de Geographie du Quebec";journal;"00079766, 17088968";"Consortium Erudit";No;No;0,116;Q4;14;13;66;560;8;64;0,06;43,08;46,88;0;Canada;Northern America;"Consortium Erudit";"1978-2022";"Geography, Planning and Development (Q4)";"Social Sciences"
719;21100881665;"Journal of Land and Development";journal;"23340053, 23340045";"University of Baltimore School of Law";No;No;0,116;Q4;3;0;3;0;0;2;0,00;0,00;0,00;0;United States;Northern America;"University of Baltimore School of Law";"2012-2019";"Environmental Science (miscellaneous) (Q4); Geography, Planning and Development (Q4); Law (Q4); Management, Monitoring, Policy and Law (Q4)";"Environmental Science; Social Sciences"
720;12431;"Prace i Studia Geograficzne";journal;"25437313, 02084589";"Sciendo";Yes;No;0,116;Q4;13;27;107;1412;18;105;0,18;52,30;42,00;0;Poland;Eastern Europe;"Sciendo";"1979, 1983-1985, 1988, 1992, 1994-2005, 2008-2025";"Cultural Studies (Q3); Earth and Planetary Sciences (miscellaneous) (Q4); Geography, Planning and Development (Q4); Sociology and Political Science (Q4); Tourism, Leisure and Hospitality Management (Q4); Urban Studies (Q4)";"Business, Management and Accounting; Earth and Planetary Sciences; Social Sciences"
721;21474;"Early Medieval Europe";journal;"09639462, 14680254";"Wiley-Blackwell Publishing Ltd";No;No;0,115;Q4;35;22;66;0;38;62;0,58;0,00;31,82;0;United Kingdom;Western Europe;"Wiley-Blackwell Publishing Ltd";"1992-2003, 2005-2026";"History (Q3); Arts and Humanities (miscellaneous) (Q4); Geography, Planning and Development (Q4)";"Arts and Humanities; Social Sciences"
722;29105;"Herodote";journal;"0338487X";"Elsevier Masson s.r.l.";No;No;0,114;Q4;13;0;22;0;13;21;0,00;0,00;0,00;0;France;Western Europe;"Elsevier Masson s.r.l.";"1979, 1984, 1986, 1988, 2006-2019";"Geography, Planning and Development (Q4)";"Social Sciences"
723;21100268407;"Revista de Gestao Social e Ambiental (discontinued)";journal;"1981982X";"ANPAD - Associacao Nacional de Pos-Graduacao e Pesquisa em Administracao";Yes;No;0,114;Q4;14;60;61;2540;25;56;0,46;42,33;53,05;0;Brazil;Latin America;"ANPAD - Associacao Nacional de Pos-Graduacao e Pesquisa em Administracao";"2013-2024";"Geography, Planning and Development (Q4); Management, Monitoring, Policy and Law (Q4)";"Environmental Science; Social Sciences"
724;21101067386;"Revista U.D.C.A Actualidad and Divulgacion Cientifica";journal;"26192551, 01234226";"Universidad de Ciencias Aplicadas y Ambientales U.D.C.A";Yes;Yes;0,114;Q4;8;60;168;2068;64;163;0,31;34,47;41,62;0;Colombia;Latin America;"Universidad de Ciencias Aplicadas y Ambientales U.D.C.A";"2019-2025";"Agricultural and Biological Sciences (miscellaneous) (Q4); Biochemistry, Genetics and Molecular Biology (miscellaneous) (Q4); Environmental Science (miscellaneous) (Q4); Geography, Planning and Development (Q4)";"Agricultural and Biological Sciences; Biochemistry, Genetics and Molecular Biology; Environmental Science; Social Sciences"
725;29215;"Transactions of the Institute of Indian Geographers";journal;"09709851";"Institute of Indian Geographers";No;No;0,113;Q4;8;21;68;574;6;67;0,07;27,33;41,67;0;India;Asiatic Region;"Institute of Indian Geographers";"1980-2025";"Geography, Planning and Development (Q4); Ocean Engineering (Q4); Water Science and Technology (Q4)";"Engineering; Environmental Science; Social Sciences"
726;21101043578;"Transmodernity";journal;"21541361";"University of California, Merced";Yes;Yes;0,113;Q4;6;18;58;632;20;55;0,36;35,11;8,33;0;United States;Northern America;"University of California, Merced";"2018-2026";"Literature and Literary Theory (Q2); Cultural Studies (Q3); Anthropology (Q4); Geography, Planning and Development (Q4); Social Sciences (miscellaneous) (Q4)";"Arts and Humanities; Social Sciences"
727;21100386857;"Landscapes (United Kingdom)";journal;"14662035, 20408153";"Maney Publishing";No;No;0,112;Q4;9;7;22;321;5;19;0,08;45,86;35,71;0;United Kingdom;Western Europe;"Maney Publishing";"2002-2026";"Archeology (arts and humanities) (Q3); History (Q3); Archeology (Q4); Geography, Planning and Development (Q4); Nature and Landscape Conservation (Q4)";"Arts and Humanities; Environmental Science; Social Sciences"
728;7200153147;"Territoire en Mouvement";journal;"19505698, 19544863";"Universite des Sciences et Technologiques de Lille";Yes;Yes;0,111;Q4;9;29;66;868;4;59;0,04;29,93;58,00;1;France;Western Europe;"Universite des Sciences et Technologiques de Lille";"2006-2008, 2011-2025";"Geography, Planning and Development (Q4); Urban Studies (Q4)";"Social Sciences"
729;17600155119;"Histoire Urbaine";journal;"16280482";"Societe Francaise d'Histoire Urbaine";Yes;No;0,110;Q4;10;36;77;938;12;70;0,19;26,06;51,22;0;France;Western Europe;"Societe Francaise d'Histoire Urbaine";"2000-2024";"History (Q3); Geography, Planning and Development (Q4); Urban Studies (Q4)";"Arts and Humanities; Social Sciences"
730;21101061829;"Law, Environment and Development Journal";journal;"17465893";"University of London";Yes;Yes;0,110;Q4;5;1;33;114;22;32;0,36;114,00;0,00;0;United Kingdom;Western Europe;"University of London";"2019-2025";"Geography, Planning and Development (Q4); Law (Q4); Management, Monitoring, Policy and Law (Q4)";"Environmental Science; Social Sciences"
731;16841;"Podravina";journal;"13335286";"Hrvatski Zemljopis";No;No;0,110;Q4;8;21;69;325;11;68;0,20;15,48;44,44;0;Croatia;Eastern Europe;"Hrvatski Zemljopis";"2003-2025";"Geography, Planning and Development (Q4)";"Social Sciences"
732;21100890940;"Rural China";journal;"22136746, 22136738";"Brill Academic Publishers";No;No;0,110;Q4;9;13;38;300;3;38;0,08;23,08;17,65;0;Netherlands;Western Europe;"Brill Academic Publishers";"2013-2025";"Cultural Studies (Q3); History (Q3); Anthropology (Q4); Geography, Planning and Development (Q4)";"Arts and Humanities; Social Sciences"
733;28693;"Geographical Bulletin - Gamma Theta Upsilon";journal;"07313292";"";No;No;0,109;Q4;12;18;47;605;9;27;0,08;33,61;41,38;0;United States;Northern America;"";"1988-2006, 2008-2022, 2024";"Earth and Planetary Sciences (miscellaneous) (Q4); Geography, Planning and Development (Q4)";"Earth and Planetary Sciences; Social Sciences"
734;27931;"Ymer";journal;"00440477";"University of Stockholm";No;No;0,109;Q4;5;11;30;429;8;30;0,30;39,00;64,71;0;Sweden;Western Europe;"University of Stockholm";"1980, 1984-1986, 1988-2000, 2002-2024";"Geography, Planning and Development (Q4); Management, Monitoring, Policy and Law (Q4)";"Environmental Science; Social Sciences"
735;21101021924;"Translocal Chinese: East Asian Perspectives";journal;"24522007, 24522015";"Brill Academic Publishers";No;No;0,108;Q4;4;12;42;487;6;35;0,14;40,58;42,86;0;Netherlands;Western Europe;"Brill Academic Publishers";"2016-2025";"Cultural Studies (Q3); History (Q3); Anthropology (Q4); Geography, Planning and Development (Q4); Sociology and Political Science (Q4)";"Arts and Humanities; Social Sciences"
736;14868;"Labour, Capital and Society";journal;"07061706";"Labour, Capital and Society";No;No;0,107;Q4;17;0;13;0;5;11;0,00;0,00;0,00;0;Canada;Northern America;"Labour, Capital and Society";"1980, 1982-1986, 1989-2013, 2015, 2019";"Development (Q4); Geography, Planning and Development (Q4)";"Social Sciences"
737;6000164419;"Landscapes";journal;"14929600";"American Society of Landscape Architects";No;No;0,107;Q4;5;0;54;0;3;19;0,33;0,00;0,00;0;United States;Northern America;"American Society of Landscape Architects";"2003, 2011, 2014-2021";"History (Q3); Visual Arts and Performing Arts (Q3); Archeology (Q4); Archeology (arts and humanities) (Q4); Architecture (Q4); Geography, Planning and Development (Q4); Nature and Landscape Conservation (Q4)";"Arts and Humanities; Engineering; Environmental Science; Social Sciences"
738;14660;"Plan Canada";journal;"00320544";"Canadian Institute of Planners";No;No;0,107;Q4;10;33;27;132;1;25;0,04;4,00;55,56;0;Canada;Northern America;"Canadian Institute of Planners";"1981-1987, 1996-2012, 2021-2022";"Geography, Planning and Development (Q4)";"Social Sciences"
739;21100396277;"Journal of International and Global Studies";journal;"21580669";"Lindenwood University";Yes;No;0,106;Q4;7;0;11;0;1;5;0,00;0,00;0,00;0;United States;Northern America;"Lindenwood University";"2010-2012, 2015-2017, 2019";"Cultural Studies (Q4); Geography, Planning and Development (Q4); Political Science and International Relations (Q4); Sociology and Political Science (Q4)";"Social Sciences"
740;21100920053;"Spool";journal;"22150900, 22150897";"TU Delft";Yes;Yes;0,106;Q4;4;22;61;394;10;53;0,23;17,91;54,90;0;Netherlands;Western Europe;"TU Delft";"2019-2025";"Architecture (Q4); Geography, Planning and Development (Q4); Renewable Energy, Sustainability and the Environment (Q4); Urban Studies (Q4)";"Energy; Engineering; Social Sciences"
741;36166;"Cahiers d'Etudes Africaines";journal;"00080055, 17775353";"Cairn France";Yes;No;0,105;Q4;24;62;155;1726;21;152;0,11;27,84;34,33;4;France;Western Europe;"Cairn France";"1975, 1977, 1980, 1983-2024";"History (Q3); Development (Q4); Geography, Planning and Development (Q4)";"Arts and Humanities; Social Sciences"
742;79134;"Histoire et Societes Rurales";journal;"1254728X, 1950666X";"Association d'Histoire des Societes Rurales";No;No;0,105;Q4;9;12;20;476;5;19;0,27;39,67;30,77;0;France;Western Europe;"Association d'Histoire des Societes Rurales";"1995, 1999, 2001-2020, 2022-2024";"Anthropology (Q4); Cultural Studies (Q4); Geography, Planning and Development (Q4); History (Q4)";"Arts and Humanities; Social Sciences"
743;14661;"Planning";journal;"00012610";"American Planning Association";No;No;0,105;Q4;13;32;323;0;5;155;0,01;0,00;61,90;0;United States;Northern America;"American Planning Association";"1979-1982, 1984, 1998-2025";"Geography, Planning and Development (Q4)";"Social Sciences"
744;51712;"Bogazici Journal";journal;"2717896X, 13009583";"Bogazici Universitesi";No;No;0,104;Q4;8;2;29;128;4;29;0,05;64,00;0,00;0;Turkey;Middle East;"Bogazici Universitesi";"1993-1995, 2005-2023";"Geography, Planning and Development (Q4); Social Sciences (miscellaneous) (Q4)";"Social Sciences"
745;21100897143;"Brussels Studies";journal;"20310293";"Universite Saint-Louis Bruxelles";Yes;Yes;0,104;Q4;4;9;37;295;6;37;0,14;32,78;31,25;0;Belgium;Western Europe;"Universite Saint-Louis Bruxelles";"2018-2026";"Cultural Studies (Q4); Geography, Planning and Development (Q4); Urban Studies (Q4)";"Social Sciences"
746;22413;"Northern Scotland";journal;"03065278, 20422717";"Edinburgh University Press";No;No;0,104;Q4;10;7;30;471;5;25;0,14;67,29;14,29;0;United Kingdom;Western Europe;"Edinburgh University Press";"1979, 1981, 1996-2004, 2007, 2010-2025";"Anthropology (Q4); Cultural Studies (Q4); Economics, Econometrics and Finance (miscellaneous) (Q4); Geography, Planning and Development (Q4); History (Q4); Sociology and Political Science (Q4)";"Arts and Humanities; Economics, Econometrics and Finance; Social Sciences"
747;12569;"Revista Geografica de Chile Terra Australis";journal;"07199562, 03788482";"Universidad Bernardo O'Higgins";No;Yes;0,104;Q4;4;20;41;522;6;38;0,13;26,10;48,08;0;Chile;Latin America;"Universidad Bernardo O'Higgins";"1983-1984, 1986-1987, 1989-1990, 2003, 2007, 2019-2025";"Earth and Planetary Sciences (miscellaneous) (Q4); Geography, Planning and Development (Q4)";"Earth and Planetary Sciences; Social Sciences"
748;4100151601;"Arab World Geographer";journal;"14806800";"University of Akron";No;No;0,103;Q4;14;18;60;636;7;60;0,12;35,33;44,12;0;United States;Northern America;"University of Akron";"2001, 2005-2014, 2016-2025";"Earth-Surface Processes (Q4); Geography, Planning and Development (Q4)";"Earth and Planetary Sciences; Social Sciences"
749;17054;"Journal of the Malaysian Branch of the Royal Asiatic Society";journal;"21804338, 01267353";"Malaysian Branch of the Royal Asiatic Society";No;No;0,103;Q4;9;15;71;426;6;63;0,06;28,40;11,11;0;Malaysia;Asiatic Region;"Malaysian Branch of the Royal Asiatic Society";"1972-1973, 1975-1976, 1988, 2010-2025";"Cultural Studies (Q4); Geography, Planning and Development (Q4); History (Q4)";"Arts and Humanities; Social Sciences"
750;29988;"Pennsylvania Geographer";journal;"05535980";"Pennsylvania Geographical Society";No;No;0,103;Q4;6;7;31;188;3;24;0,10;26,86;40,00;0;United States;Northern America;"Pennsylvania Geographical Society";"1979-2024";"Earth and Planetary Sciences (miscellaneous) (Q4); Geography, Planning and Development (Q4)";"Earth and Planetary Sciences; Social Sciences"
751;21101064976;"Acta Universitatis Carolinae Studia Territorialia";journal;"12134449, 23363231";"Karolinum - Nakladatelstvi Univerzity Karlovy";Yes;Yes;0,102;Q4;3;9;18;448;1;14;0,00;49,78;88,89;1;Czech Republic;Eastern Europe;"Karolinum - Nakladatelstvi Univerzity Karlovy";"2019, 2021-2025";"Cultural Studies (Q4); Geography, Planning and Development (Q4); History (Q4); Political Science and International Relations (Q4); Sociology and Political Science (Q4)";"Arts and Humanities; Social Sciences"
752;21101089622;"Agri Centuriati";journal;"18251277, 1724904X";"Fabrizio Serra Editore Srl";No;No;0,102;Q4;2;4;22;304;1;22;0,00;76,00;42,86;0;Italy;Western Europe;"Fabrizio Serra Editore Srl";"2019-2025";"Archeology (Q4); Earth and Planetary Sciences (miscellaneous) (Q4); Geography, Planning and Development (Q4)";"Earth and Planetary Sciences; Social Sciences"
753;24796;"Asia Pacific Issues";journal;"15220966";"East-West Center";No;No;0,102;Q4;17;5;14;71;1;13;0,11;14,20;25,00;0;United States;Northern America;"East-West Center";"1994-2007, 2009-2025";"Geography, Planning and Development (Q4); Political Science and International Relations (Q4)";"Social Sciences"
754;19700169801;"Bulletin de Liaison des Membres de la Societe de Geographie";journal;"19648995";"Societe de Geographie";No;No;0,102;Q4;1;8;19;2;1;13;0,00;0,25;0,00;0;France;Western Europe;"Societe de Geographie";"2008-2025";"Earth-Surface Processes (Q4); Geography, Planning and Development (Q4)";"Earth and Planetary Sciences; Social Sciences"
755;5600152983;"Orient";journal;"00305227";"GIGA German Institute of Global and Area Studies";No;No;0,102;Q4;8;30;80;614;16;72;0,29;20,47;36,67;0;Germany;Western Europe;"GIGA German Institute of Global and Area Studies";"1982, 1990-2006, 2008-2024";"Development (Q4); Geography, Planning and Development (Q4)";"Social Sciences"
756;21100902868;"Punjab Geographer";journal;"09733485";"Institute For Spatial Planning And Environment Research";No;No;0,102;Q4;3;10;38;156;0;27;0,00;15,60;33,33;0;India;Asiatic Region;"Institute For Spatial Planning And Environment Research";"2018-2025";"Geography, Planning and Development (Q4); Sociology and Political Science (Q4)";"Social Sciences"
757;24160;"The OECD observer. Organisation for Economic Co-operation and Development";journal;"00297054";"OECD";No;No;0,102;Q4;14;0;26;0;2;14;0,00;0,00;0,00;0;France;Western Europe;"OECD";"1970, 1973-2019";"Geography, Planning and Development (Q4)";"Social Sciences"
758;31602;"Working Paper of the Helen Kellogg Institute for International Studies";journal;"-";"Helen Kellogg Institute";No;No;0,102;Q4;10;3;18;248;1;18;0,07;82,67;100,00;0;United States;Northern America;"Helen Kellogg Institute";"1987-2022, 2024";"Development (Q4); Geography, Planning and Development (Q4)";"Social Sciences"
759;18736;"Cuadernos del Cendes";journal;"10122508";"Universidad Central de Venezuela";Yes;No;0,101;Q4;9;30;73;719;8;65;0,09;23,97;35,48;0;Venezuela;Latin America;"Universidad Central de Venezuela";"1989-1991, 2008-2023";"Geography, Planning and Development (Q4); Political Science and International Relations (Q4); Sociology and Political Science (Q4)";"Social Sciences"
760;15802;"Environmental Law and Management";journal;"10676058";"Lawtext Publishing Ltd.";No;No;0,101;Q4;10;1;79;0;0;43;0,00;0,00;0,00;0;United Kingdom;Western Europe;"Lawtext Publishing Ltd.";"1993-2022";"Geography, Planning and Development (Q4); Management, Monitoring, Policy and Law (Q4)";"Environmental Science; Social Sciences"
761;28609;"Geodezia es Kartografia";journal;"00167118";"Hungarian Society of Surveying, Mapping and Remote sensing";No;No;0,101;Q4;8;28;76;274;2;68;0,02;9,79;21,43;0;Hungary;Eastern Europe;"Hungarian Society of Surveying, Mapping and Remote sensing";"1979-1981, 1988-1989, 1991-1992, 1995-2025";"Computers in Earth Sciences (Q4); Earth-Surface Processes (Q4); Geography, Planning and Development (Q4); Geophysics (Q4)";"Earth and Planetary Sciences; Social Sciences"
762;28655;"Geografski Obzornik";journal;"00167274";"Mojca Dolgan Petric University of Ljubljana";No;No;0,101;Q4;6;14;32;280;1;32;0,05;20,00;83,33;0;Slovenia;Eastern Europe;"Mojca Dolgan Petric University of Ljubljana";"1993-2025";"Earth-Surface Processes (Q4); Geography, Planning and Development (Q4)";"Earth and Planetary Sciences; Social Sciences"
763;21101044944;"Journal of Austrian-American History";journal;"24750913, 24750905";"Penn State University Press";Yes;Yes;0,101;Q4;3;9;25;580;3;21;0,10;64,44;44,44;0;United States;Northern America;"Penn State University Press";"2017-2025";"Cultural Studies (Q4); Geography, Planning and Development (Q4); History (Q4); Political Science and International Relations (Q4); Sociology and Political Science (Q4)";"Arts and Humanities; Social Sciences"
764;5200152823;"Journal of Punjab Studies";journal;"09715223";"University of California, Los Angeles";No;No;0,101;Q4;4;14;45;568;3;43;0,07;40,57;21,43;0;United States;Northern America;"University of California, Los Angeles";"1999, 2001-2002, 2016-2023, 2025";"Cultural Studies (Q4); Development (Q4); Geography, Planning and Development (Q4); History (Q4); Political Science and International Relations (Q4)";"Arts and Humanities; Social Sciences"
765;39166;"Local Population Studies";journal;"01432974";"Local Population Studies Society";No;No;0,101;Q4;11;13;41;25;3;35;0,11;1,92;70,00;0;United Kingdom;Western Europe;"Local Population Studies Society";"1969, 1972, 1974, 1976-2024";"Arts and Humanities (miscellaneous) (Q4); Demography (Q4); Geography, Planning and Development (Q4)";"Arts and Humanities; Social Sciences"
766;21100230900;"Mediterranee";journal;"00258296, 17608538";"Presses Universitaires de Provence";No;No;0,101;Q4;13;12;31;426;2;28;0,06;35,50;56,25;0;France;Western Europe;"Presses Universitaires de Provence";"2011, 2013-2018, 2020-2022, 2025";"Earth and Planetary Sciences (miscellaneous) (Q4); Geography, Planning and Development (Q4); Urban Studies (Q4)";"Earth and Planetary Sciences; Social Sciences"
767;6500153249;"PIDE Working Papers";journal;"00788228";"Pakistan Institute of Development Economics";No;No;0,101;Q4;8;14;25;451;2;25;0,08;32,21;35,71;0;Pakistan;Asiatic Region;"Pakistan Institute of Development Economics";"2000-2001, 2003, 2005-2025";"Development (Q4); Geography, Planning and Development (Q4)";"Social Sciences"
768;21101066733;"Yillik: Annual of Istanbul Studies";journal;"26875012, 26875691";"Istanbul Research Institute";No;No;0,101;Q4;5;12;42;510;13;39;0,20;42,50;61,54;0;Turkey;Middle East;"Istanbul Research Institute";"2019-2025";"Anthropology (Q4); Archeology (arts and humanities) (Q4); Arts and Humanities (miscellaneous) (Q4); Geography, Planning and Development (Q4); History (Q4); Social Sciences (miscellaneous) (Q4); Urban Studies (Q4); Visual Arts and Performing Arts (Q4)";"Arts and Humanities; Social Sciences"
769;21100236216;"Forum Stadt";journal;"01709364";"BAG - Verlag";No;No;0,100;Q4;3;20;88;402;3;76;0,04;20,10;44,00;0;Germany;Western Europe;"BAG - Verlag";"2011, 2013-2025";"Geography, Planning and Development (Q4); History (Q4); Urban Studies (Q4)";"Arts and Humanities; Social Sciences"
770;16293;"Journal of Planning and Environment Law";journal;"03074870";"Sweet &amp; Maxwell Ltd.";No;No;0,100;Q4;9;36;70;339;2;66;0,02;9,42;31,91;0;United Kingdom;Western Europe;"Sweet &amp; Maxwell Ltd.";"1970, 1979-1989, 1996-2026";"Geography, Planning and Development (Q4); Law (Q4); Management, Monitoring, Policy and Law (Q4)";"Environmental Science; Social Sciences"
771;3200147827;"National Interest";journal;"08849382";"National Interest";No;No;0,100;Q4;19;0;87;0;4;80;0,09;0,00;0,00;0;United States;Northern America;"National Interest";"2004-2021";"Geography, Planning and Development (Q4); Political Science and International Relations (Q4)";"Social Sciences"
772;21101141528;"Advances in Southeast Asian Studies";journal;"2791531X";"SEAS - Society for South-East Asian Studies";Yes;Yes;;-;18;17;49;839;69;44;1,36;49,35;47,83;0;Austria;Western Europe;"SEAS - Society for South-East Asian Studies";"2022-2025";"Anthropology; Communication; Cultural Studies; Development; Geography, Planning and Development; Law; Sociology and Political Science";"Social Sciences"
773;21101188796;"African Review (Tanzania)";journal;"1821889X, 08560056";"Brill Academic Publishers";No;No;;-;5;32;62;1653;18;62;0,29;51,66;35,90;0;Netherlands;Western Europe;"Brill Academic Publishers";"2020-2026";"Geography, Planning and Development; History; Political Science and International Relations; Public Administration";"Arts and Humanities; Social Sciences"
774;21101107571;"Anales de Investigacion en Arquitectura";journal;"23011505, 23011513";"Universidad ORT Uruguay";Yes;Yes;;-;3;28;34;625;3;29;0,06;22,32;62,50;1;Uruguay;Latin America;"Universidad ORT Uruguay";"2019-2026";"Architecture; Geography, Planning and Development; Urban Studies";"Engineering; Social Sciences"
775;21101392371;"ASEAN Journal of Education";journal;"2465437X";"Research and Development Institute Suan Dusit University";No;No;;-;1;14;0;378;0;0;0,00;27,00;52,94;0;Thailand;Asiatic Region;"Research and Development Institute Suan Dusit University";"2022-2025";"Computer Science Applications; Education; Geography, Planning and Development; Health (social science); Public Administration";"Computer Science; Social Sciences"
776;21101171884;"Astragalo";journal;"11343672, 24690503";"Universidad de Sevilla";Yes;Yes;;-;3;17;47;274;1;42;0,03;16,12;28,57;1;Spain;Western Europe;"Universidad de Sevilla";"2019-2025";"Architecture; Geography, Planning and Development; History; Philosophy; Urban Studies; Visual Arts and Performing Arts";"Arts and Humanities; Engineering; Social Sciences"
777;21101107314;"Buildings and Cities";journal;"26326655";"Ubiquity Press";Yes;No;;-;26;63;96;3471;380;91;3,96;55,10;48,91;13;United Kingdom;Western Europe;"Ubiquity Press";"2020-2026";"Architecture; Building and Construction; Environmental Science (miscellaneous); Geography, Planning and Development; Management, Monitoring, Policy and Law; Urban Studies";"Engineering; Environmental Science; Social Sciences"
778;21101305714;"Cadernos do Arquivo Municipal";journal;"21833176";"Lisbon City Council";No;No;;-;2;22;44;512;3;33;0,07;23,27;46,67;0;Portugal;Western Europe;"Lisbon City Council";"2020-2025";"Anthropology; Arts and Humanities (miscellaneous); Geography, Planning and Development; History; Urban Studies";"Arts and Humanities; Social Sciences"
779;28431;"Canadian Journal of Regional Science";journal;"19252218, 07054580";"Canadian Regional Science Association";No;No;;-;5;17;19;862;6;17;0,32;50,71;23,33;3;Canada;Northern America;"Canadian Regional Science Association";"1978, 1983, 1986, 1988, 2021-2025";"Demography; Geography, Planning and Development; Social Sciences (miscellaneous); Urban Studies";"Social Sciences"
780;21101218124;"Coastal Studies and Society";journal;"26349817";"SAGE Publications Ltd";No;No;;-;6;11;0;16;0;0;0,00;1,45;38,46;1;United Kingdom;Western Europe;"SAGE Publications Ltd";"2022-2026";"Geography, Planning and Development; Sociology and Political Science";"Social Sciences"
781;21101131421;"Consumer Behavior in Tourism and Hospitality";journal;"27526674, 27526666";"Emerald Publishing";No;No;;-;56;61;121;3779;421;116;3,26;61,95;47,50;0;United Kingdom;Western Europe;"Emerald Publishing";"2022-2026";"Geography, Planning and Development; Tourism, Leisure and Hospitality Management";"Business, Management and Accounting; Social Sciences"
782;21101136809;"Current Research in Ecological and Social Psychology";journal;"26666227";"Elsevier B.V.";Yes;No;;-;17;49;20;3172;41;19;2,05;64,73;48,17;6;Netherlands;Western Europe;"Elsevier B.V.";"2020-2026";"Geography, Planning and Development; Human Factors and Ergonomics; Psychology (miscellaneous); Social Psychology";"Psychology; Social Sciences"
783;21101120351;"Dearq";journal;"20113188, 2215969X";"Universidad de los Andes, Colombia";Yes;Yes;;-;5;27;85;367;18;82;0,20;13,59;33,33;1;Colombia;Latin America;"Universidad de los Andes, Colombia";"2019-2025";"Architecture; Geography, Planning and Development; Urban Studies";"Engineering; Social Sciences"
784;21101393930;"Demographic Review";journal;"24092274";"National Research University Higher School of Economics (HSE University)";No;No;;-;6;26;0;798;0;0;0,00;30,69;63,16;0;Russian Federation;Eastern Europe;"National Research University Higher School of Economics (HSE University)";"2024-2025";"Demography; Geography, Planning and Development; Social Sciences (miscellaneous)";"Social Sciences"
785;21101141803;"Dili Yanjiu";journal;"10000585";"Science China Press";No;No;;-;22;207;13;10572;18;12;1,57;51,07;39,84;0;China;Asiatic Region;"Science China Press";"2019-2025";"Geography, Planning and Development";"Social Sciences"
786;21101138720;"Discover Sustainability";journal;"26629984";"Springer Nature";Yes;No;;-;33;44;64;2668;205;63;3,20;60,64;39,57;9;Switzerland;Western Europe;"Springer Nature";"2020-2026";"Energy (miscellaneous); Environmental Science (miscellaneous); Geography, Planning and Development; Renewable Energy, Sustainability and the Environment";"Energy; Environmental Science; Social Sciences"
787;21101095657;"Economia, Sociedad y Territorio";journal;"14058421, 24486183";"El Colegio Mexiquense AC";Yes;Yes;;-;7;35;91;1626;29;90;0,34;46,46;55,81;2;Mexico;Latin America;"El Colegio Mexiquense AC";"2019-2025";"Demography; Geography, Planning and Development; Social Sciences (miscellaneous); Urban Studies";"Social Sciences"
788;21101306832;"Economic and Regional Studies / Studia Ekonomiczne i Regionalne";journal;"20833725, 2451182X";"Walter de Gruyter";Yes;No;;-;5;37;0;1000;0;0;0,00;27,03;51,16;1;Germany;Western Europe;"Walter de Gruyter";"2019, 2022-2025";"Economics, Econometrics and Finance (miscellaneous); Geography, Planning and Development; Marketing; Social Sciences (miscellaneous)";"Business, Management and Accounting; Economics, Econometrics and Finance; Social Sciences"
789;21101164611;"Environment, Space, Place";journal;"20689616, 20665377";"University of Minnesota Press";No;No;;-;4;12;30;543;8;30;0,20;45,25;46,15;0;United States;Northern America;"University of Minnesota Press";"2019-2024";"Arts and Humanities (miscellaneous); Demography; Environmental Science (miscellaneous); Geography, Planning and Development; Sociology and Political Science";"Arts and Humanities; Environmental Science; Social Sciences"
790;21101194987;"Environmental Research: Infrastructure and Sustainability";journal;"26344505";"Institute of Physics";Yes;No;;-;22;57;37;3733;72;35;1,95;65,49;39,46;10;United Kingdom;Western Europe;"Institute of Physics";"2021-2026";"Environmental Engineering; Environmental Science (miscellaneous); Geography, Planning and Development; Renewable Energy, Sustainability and the Environment";"Energy; Environmental Science; Social Sciences"
791;21101271729;"European Journal of Sustainable Development Research";journal;"25424742";"Modestum";No;No;;-;9;29;0;1224;0;0;0,00;42,21;29,41;1;Serbia;Eastern Europe;"Modestum";"2022-2026";"Environmental Science (miscellaneous); Geography, Planning and Development; Management, Monitoring, Policy and Law; Pollution; Renewable Energy, Sustainability and the Environment";"Energy; Environmental Science; Social Sciences"
792;21101147343;"Geoconservation Research";journal;"25887343, 26454661";"OICC Press";Yes;Yes;;-;9;20;84;964;46;78;0,51;48,20;25,64;0;United Kingdom;Western Europe;"OICC Press";"2019-2025";"Education; Geography, Planning and Development; Geology; Paleontology";"Earth and Planetary Sciences; Social Sciences"
793;21101176024;"GeoFocus";journal;"15785157";"";Yes;Yes;;-;4;13;48;356;11;44;0,17;27,38;38,46;0;Spain;Western Europe;"";"2019-2025";"Environmental Engineering; Geography, Planning and Development; Nature and Landscape Conservation";"Environmental Science; Social Sciences"
794;21100675628;"Geographical Sciences";journal;"02864886, 2432096X";"Japanese Society for Geographical Sciences";No;No;;-;4;15;44;221;17;43;0,50;14,73;12,50;0;Japan;Asiatic Region;"Japanese Society for Geographical Sciences";"1982, 2019-2025";"Earth and Planetary Sciences (miscellaneous); Geography, Planning and Development";"Earth and Planetary Sciences; Social Sciences"
795;21101196048;"Geographies";journal;"26737086";"Multidisciplinary Digital Publishing Institute (MDPI)";Yes;No;;-;14;46;21;2608;25;20;1,19;56,70;29,10;2;Switzerland;Western Europe;"Multidisciplinary Digital Publishing Institute (MDPI)";"2021-2025";"Agricultural and Biological Sciences (miscellaneous); Environmental Science (miscellaneous); Geography, Planning and Development; Social Sciences (miscellaneous)";"Agricultural and Biological Sciences; Environmental Science; Social Sciences"
796;28758;"Geography";journal;"20436564, 00167487";"";No;No;;-;33;20;69;733;53;60;0,93;36,65;48,84;0;United Kingdom;Western Europe;"";"1979-2026";"Earth-Surface Processes; Geography, Planning and Development";"Earth and Planetary Sciences; Social Sciences"
797;21101108507;"Geohumanities";journal;"2373566X, 23735678";"Informa UK Limited";No;No;;-;12;38;102;1780;96;99;0,85;46,84;61,05;0;United Kingdom;Western Europe;"Informa UK Limited";"2015, 2018-2026";"Arts and Humanities (miscellaneous); Geography, Planning and Development; Social Sciences (miscellaneous)";"Arts and Humanities; Social Sciences"
798;6000195384;"gis.Science - Die Zeitschrift fur Geoinformatik";journal;"26984571, 18699391";"V D E Verlag GmbH";No;No;;-;7;25;63;568;10;44;0,15;22,72;32,43;0;Germany;Western Europe;"V D E Verlag GmbH";"2006-2009, 2011-2025";"Geography, Planning and Development; Information Systems";"Computer Science; Social Sciences"
799;21101298327;"Global Social Challenges Journal";journal;"27523349";"Policy Press";Yes;No;;-;11;9;0;440;0;0;0,00;48,89;29,41;0;United Kingdom;Western Europe;"Policy Press";"2022-2025";"Development; Geography, Planning and Development; Political Science and International Relations; Sociology and Political Science";"Social Sciences"
800;21101173090;"International Journal of Community Well-Being";journal;"25245309, 25245295";"Springer Nature";No;No;;-;20;41;99;2032;190;79;1,92;49,56;57,41;3;Switzerland;Western Europe;"Springer Nature";"2018-2026";"Geography, Planning and Development; Psychology (miscellaneous); Social Sciences (miscellaneous)";"Psychology; Social Sciences"
801;21101152867;"International Journal of Environmental Impacts";journal;"23982640, 23982659";"International Information and Engineering Technology Association";Yes;No;;-;9;28;84;834;60;84;0,71;29,79;41,24;0;Canada;Northern America;"International Information and Engineering Technology Association";"2019-2025";"Environmental Science (miscellaneous); Geography, Planning and Development; Materials Science (miscellaneous); Social Sciences (miscellaneous)";"Environmental Science; Materials Science; Social Sciences"
802;21101183613;"International Journal of Maps in Mathematics";journal;"26367467";"";No;No;;-;5;11;34;239;12;34;0,45;21,73;36,36;0;Turkey;Middle East;"";"2019-2025";"Applied Mathematics; Earth and Planetary Sciences (miscellaneous); Geography, Planning and Development; Geometry and Topology";"Earth and Planetary Sciences; Mathematics; Social Sciences"
803;21101267542;"Iranian Journal of Remote Sensing and GIS";journal;"25886185, 20085966";"Shahid Beheshti University";No;No;;-;3;30;51;1005;3;51;0,06;33,50;22,50;0;Iran;Middle East;"Shahid Beheshti University";"2020-2025";"Computers in Earth Sciences; Earth and Planetary Sciences (miscellaneous); Geography, Planning and Development; Instrumentation";"Earth and Planetary Sciences; Physics and Astronomy; Social Sciences"
804;21101265944;"Iraqi Journal of Architecture and Planning";journal;"26179555, 26179547";"University of Technology - Iraq";Yes;Yes;;-;3;18;13;546;3;13;0,23;30,33;50,00;0;Iraq;Middle East;"University of Technology - Iraq";"2020-2026";"Computer Graphics and Computer-Aided Design; Cultural Studies; Environmental Science (miscellaneous); Urban Studies";"Computer Science; Environmental Science; Social Sciences"
805;21101196721;"ISPRS Open Journal of Photogrammetry and Remote Sensing";journal;"26673932";"Elsevier B.V.";Yes;No;;-;18;15;9;830;45;9;5,00;55,33;16,95;1;Netherlands;Western Europe;"Elsevier B.V.";"2021-2026";"Atomic and Molecular Physics, and Optics; Computers in Earth Sciences; Earth and Planetary Sciences (miscellaneous); Geography, Planning and Development";"Earth and Planetary Sciences; Physics and Astronomy; Social Sciences"
806;78505;"Italian Review of Agricultural Economics";journal;"22811559, 00356190";"Firenze University Press";No;No;;-;9;18;56;879;69;51;1,26;48,83;36,17;3;Italy;Western Europe;"Firenze University Press";"1978-1979, 2019-2026";"Agronomy and Crop Science; Animal Science and Zoology; Development; Economics, Econometrics and Finance (miscellaneous); Food Science; Geography, Planning and Development; Social Sciences (miscellaneous)";"Agricultural and Biological Sciences; Economics, Econometrics and Finance; Social Sciences"
807;21101276716;"Izvestiya Rossiiskoi Akademii Nauk. Seriya Geograficheskaya";journal;"25875566, 26586975";"Russian Academy of Sciences";No;No;;-;16;73;219;2927;159;218;0,68;40,10;52,15;0;Russian Federation;Eastern Europe;"Russian Academy of Sciences";"2016-2025";"Cultural Studies; Earth and Planetary Sciences (miscellaneous); Environmental Science (miscellaneous); Geography, Planning and Development; Social Sciences (miscellaneous); Urban Studies";"Earth and Planetary Sciences; Environmental Science; Social Sciences"
808;5300152608;"Journal of Agriculture and Rural Development in the Tropics and Subtropics, Supplement";journal;"16138422, 23636033";"Journal of Agriculture and Rural Development in the Tropics and Subtropics (JARTS)";No;No;;-;6;3;5;122;2;5;0,40;40,67;25,00;0;Germany;Western Europe;"Journal of Agriculture and Rural Development in the Tropics and Subtropics (JARTS)";"2003-2006, 2021-2025";"Agronomy and Crop Science; Animal Science and Zoology; Development; Forestry; Geography, Planning and Development";"Agricultural and Biological Sciences; Social Sciences"
809;21101170632;"Journal of Agriculture, Food Systems, and Community Development";journal;"21520801";"Thomas A. Lyson Center for Civic Agriculture and Food Systems";Yes;No;;-;20;67;328;2963;561;270;1,87;44,22;68,84;12;United States;Northern America;"Thomas A. Lyson Center for Civic Agriculture and Food Systems";"2012, 2015-2026";"Development; Geography, Planning and Development; Health (social science); Social Sciences (miscellaneous)";"Social Sciences"
810;21101122745;"Journal of Applied Bioanalysis (discontinued)";journal;"2405710X";"";Yes;No;;-;6;2;25;21;15;18;0,33;10,50;0,00;0;India;Asiatic Region;"";"2017, 2019-2025";"Analytical Chemistry; Chemistry (miscellaneous)";"Chemistry"
811;21101194302;"Journal of Architectural/Planning Research and Studies";journal;"27738868";"Faculty of Architecture and Planning Thammasat University";No;No;;-;6;18;69;413;11;69;0,06;22,94;61,11;0;Thailand;Asiatic Region;"Faculty of Architecture and Planning Thammasat University";"2019-2025";"Architecture; Geography, Planning and Development";"Engineering; Social Sciences"
812;21101268974;"Journal of Disaster and Risk";journal;"26368390";"Ankara University";No;No;;-;9;50;43;1846;9;43;0,21;36,92;46,39;1;Turkey;Middle East;"Ankara University";"2020-2026";"Environmental Engineering; Geography, Planning and Development; Safety, Risk, Reliability and Quality";"Engineering; Environmental Science; Social Sciences"
813;21101291268;"Journal of Environmental Science and Sustainable Development";journal;"26556847";"School of Environmental Science, Universitas Indonesia";No;No;;-;6;26;0;1032;0;0;0,00;39,69;50,85;0;Indonesia;Asiatic Region;"School of Environmental Science, Universitas Indonesia";"2022-2025";"Cultural Studies; Earth and Planetary Sciences (miscellaneous); Environmental Science (miscellaneous); Geography, Planning and Development; Law; Management, Monitoring, Policy and Law; Religious Studies; Waste Management and Disposal";"Arts and Humanities; Earth and Planetary Sciences; Environmental Science; Social Sciences"
814;21101193867;"Journal of Finnish Studies";journal;"12066516, 28315081";"University of Illinois Press";No;No;;-;5;12;37;499;7;30;0,12;41,58;64,29;0;United States;Northern America;"University of Illinois Press";"2019-2025";"Cultural Studies; Geography, Planning and Development; History; Sociology and Political Science";"Arts and Humanities; Social Sciences"
815;21101339663;"Journal of Natural Resources";journal;"10003037";"Science Press (China)";Yes;No;;-;35;220;226;8774;737;223;3,26;39,88;38,34;0;China;Asiatic Region;"Science Press (China)";"2021-2025";"Energy (miscellaneous); Environmental Science (miscellaneous); Geography, Planning and Development";"Energy; Environmental Science; Social Sciences"
816;21101347033;"Journal of Public Space";journal;"22069658";"City Space Architecture";Yes;No;;-;6;57;15;1618;3;13;0,20;28,39;58,82;1;Italy;Western Europe;"City Space Architecture";"2021-2025";"Arts and Humanities (miscellaneous); Geography, Planning and Development; Social Sciences (miscellaneous); Urban Studies";"Arts and Humanities; Social Sciences"
817;21101185683;"Journal of Race Ethnicity and the City";journal;"26884674, 26884682";"Routledge";No;No;;-;10;11;19;725;59;14;3,11;65,91;52,63;1;United States;Northern America;"Routledge";"2020-2026";"Anthropology; Geography, Planning and Development; Political Science and International Relations; Public Administration; Sociology and Political Science; Urban Studies";"Social Sciences"
818;21101182032;"Journal of Remote Sensing (United States)";journal;"26941589, 20970064";"American Association for the Advancement of Science";Yes;Yes;;-;29;24;22;1429;192;21;8,73;59,54;26,32;2;United States;Northern America;"American Association for the Advancement of Science";"2021-2026";"Earth and Planetary Sciences (miscellaneous); Geography, Planning and Development; Instrumentation";"Earth and Planetary Sciences; Physics and Astronomy; Social Sciences"
819;12281;"Journal of Social Development in Africa";journal;"10121080";"School of Social Work";No;No;;-;16;12;13;449;0;11;0,00;37,42;36,84;0;Zimbabwe;Africa;"School of Social Work";"1986-2018, 2020-2025";"Development; Geography, Planning and Development";"Social Sciences"
820;21101152136;"Journal of the Bulgarian Geographical Society";journal;"27388115, 27388107";"Bulgarian Geographical Society";Yes;Yes;;-;10;14;87;382;47;85;0,82;27,29;52,17;0;Bulgaria;Eastern Europe;"Bulgarian Geographical Society";"2021-2026";"Earth and Planetary Sciences (miscellaneous); Ecological Modeling; Geography, Planning and Development; Nature and Landscape Conservation";"Earth and Planetary Sciences; Environmental Science; Social Sciences"
821;21101293999;"Journal of Tropical Biology and Conservation";journal;"18233902, 25501909";"Universiti Malaysia Sabah, Institute for Tropical Biology and Conservation";No;No;;-;4;11;27;383;6;25;0,22;34,82;34,38;0;Malaysia;Asiatic Region;"Universiti Malaysia Sabah, Institute for Tropical Biology and Conservation";"2021-2025";"Conservation; Ecology, Evolution, Behavior and Systematics; Environmental Science (miscellaneous); Geography, Planning and Development; Plant Science";"Agricultural and Biological Sciences; Arts and Humanities; Environmental Science; Social Sciences"
822;21101190429;"Journal of Urban Mobility";journal;"26670917";"Elsevier Ltd";Yes;No;;-;21;27;10;1530;27;10;2,70;56,67;34,04;7;United Kingdom;Western Europe;"Elsevier Ltd";"2021-2026";"Geography, Planning and Development; Transportation";"Social Sciences"
823;21101160648;"Journal on Migration and Human Security";journal;"23302488, 23315024";"SAGE Publications Inc.";No;No;;-;34;13;47;634;129;47;2,60;48,77;46,67;9;United States;Northern America;"SAGE Publications Inc.";"2013-2026";"Demography; Geography, Planning and Development";"Social Sciences"
824;21101134570;"Jurnal Sylva Lestari";journal;"23390913, 25495747";"University of Lampung Faculty of Agriculture";Yes;No;;-;10;33;20;1362;36;20;0,75;41,27;49,49;1;Indonesia;Asiatic Region;"University of Lampung Faculty of Agriculture";"2019-2020, 2022-2026";"Ecology; Forestry; Geography, Planning and Development; Nature and Landscape Conservation";"Agricultural and Biological Sciences; Environmental Science; Social Sciences"
825;21101277810;"Landscape Architecture Frontiers";journal;"2096336X";"Higher Education Press Limited Company";No;No;;-;9;41;65;1188;32;65;0,49;28,98;43,59;0;China;Asiatic Region;"Higher Education Press Limited Company";"2018, 2021-2026";"Geography, Planning and Development";"Social Sciences"
826;21101183727;"Local Development and Society";journal;"26883600";"Taylor and Francis Ltd.";No;No;;-;11;20;43;877;42;39;0,98;43,85;64,86;0;United Kingdom;Western Europe;"Taylor and Francis Ltd.";"2020-2026";"Geography, Planning and Development; Urban Studies";"Social Sciences"
827;21101387913;"Management of Sustainable Development";journal;"22470220, 20669380";"Lucian Blaga University of Sibiu";Yes;No;;-;5;22;0;468;0;0;0,00;21,27;54,55;1;Romania;Eastern Europe;"Lucian Blaga University of Sibiu";"2022-2025";"Economics and Econometrics; Environmental Science (miscellaneous); Geography, Planning and Development; Management, Monitoring, Policy and Law; Renewable Energy, Sustainability and the Environment; Strategy and Management";"Business, Management and Accounting; Economics, Econometrics and Finance; Energy; Environmental Science; Social Sciences"
828;4700153601;"Mapping and Image Science";journal;"16518705";"Swedish Cartographic Society";No;No;;-;5;26;77;22;0;48;0,00;0,85;36,00;0;Sweden;Western Europe;"Swedish Cartographic Society";"2005-2006, 2009-2025";"Earth-Surface Processes; Geography, Planning and Development";"Earth and Planetary Sciences; Social Sciences"
829;21101128291;"Migration and Society";journal;"25741306, 25741314";"Berghahn Journals";Yes;Yes;;-;14;12;57;424;119;54;2,09;35,33;68,18;2;United Kingdom;Western Europe;"Berghahn Journals";"2018-2025";"Anthropology; Geography, Planning and Development";"Social Sciences"
830;21101283120;"Millars. Espai i Historia";journal;"11329823, 23404809";"Universitat Jaume I";Yes;No;;-;2;17;17;564;0;15;0,00;33,18;36,84;0;Spain;Western Europe;"Universitat Jaume I";"2021-2025";"Geography, Planning and Development";"Social Sciences"
831;21101257960;"Mobility Humanities";journal;"27998118, 27998509";"";No;No;;-;5;20;0;820;0;0;0,00;41,00;53,33;0;South Korea;Asiatic Region;"";"2022-2026";"Arts and Humanities (miscellaneous); Geography, Planning and Development; Social Sciences (miscellaneous)";"Arts and Humanities; Social Sciences"
832;21101170034;"Multimodal Transportation";journal;"27725871, 27725863";"Elsevier B.V.";Yes;No;;-;23;30;0;1507;0;0;0,00;50,23;31,03;3;Netherlands;Western Europe;"Elsevier B.V.";"2022-2026";"Geography, Planning and Development; Transportation";"Social Sciences"
833;21101186481;"Natural Hazards Research";journal;"26665921";"KeAi Communications Co.";Yes;No;;-;26;39;24;1917;69;22;2,88;49,15;31,34;3;China;Asiatic Region;"KeAi Communications Co.";"2021-2026";"Earth and Planetary Sciences (miscellaneous); Environmental Science (miscellaneous); Geography, Planning and Development";"Earth and Planetary Sciences; Environmental Science; Social Sciences"
834;21101260637;"OIDA International Journal of Sustainable Development";journal;"19236662, 19236654";"";Yes;No;;-;3;31;53;1251;2;53;0,04;40,35;34,09;0;Canada;Northern America;"";"2020-2025";"Development; Gender Studies; Geography, Planning and Development; Health (social science)";"Social Sciences"
835;21101277848;"plaNext-Next Generation Planning";journal;"24680648";"Association of European Schools of Planning";Yes;Yes;;-;4;8;10;305;6;10;0,60;38,13;70,00;0;Italy;Western Europe;"Association of European Schools of Planning";"2021-2026";"Geography, Planning and Development; Urban Studies";"Social Sciences"
836;14645;"Planning Advisory Service Memo";journal;"21691908, 10407340";"American Planning Association";No;No;;-;4;5;0;144;0;0;0,00;28,80;42,86;0;United States;Northern America;"American Planning Association";"1989-1990, 1992-2018, 2022-2025";"Geography, Planning and Development";"Social Sciences"
837;21101244193;"Present Environment and Sustainable Development";journal;"22847820, 18435971";"Alexandru Ioan Cuza University of Iasi";Yes;Yes;;-;7;41;79;1433;47;79;0,59;34,95;45,28;0;Romania;Eastern Europe;"Alexandru Ioan Cuza University of Iasi";"2020-2025";"Geography, Planning and Development";"Social Sciences"
838;12452;"Raumforschung und Raumordnung";journal;"18694179, 00340111";"Oekom - Gesellschaft fuer Oekologische Kommunikation mbH";Yes;No;;-;25;48;106;2636;77;101;0,72;54,92;42,40;8;Germany;Western Europe;"Oekom - Gesellschaft fuer Oekologische Kommunikation mbH";"1977-1987, 1990-1991, 1993-2025";"Earth and Planetary Sciences (miscellaneous); Environmental Science (miscellaneous); Geography, Planning and Development; Urban Studies";"Earth and Planetary Sciences; Environmental Science; Social Sciences"
839;21101107953;"Remote Sensing in Earth Systems Sciences";journal;"25208209, 25208195";"Springer Nature";No;No;;-;20;19;50;1026;144;50;1,87;54,00;19,12;1;Switzerland;Western Europe;"Springer Nature";"2018-2026";"Atmospheric Science; Computers in Earth Sciences; Earth and Planetary Sciences (miscellaneous); Geography, Planning and Development; Oceanography; Space and Planetary Science";"Earth and Planetary Sciences; Social Sciences"
840;21101210852;"Revista Brasileira de Pesquisa em Turismo";journal;"19826125";"Associacao Nacional de Pesquisa e Pos-Graduacao em Turismo - ANPTUR";Yes;Yes;;-;6;61;32;3699;35;32;1,09;60,64;46,40;3;Brazil;Latin America;"Associacao Nacional de Pesquisa e Pos-Graduacao em Turismo - ANPTUR";"2021-2025";"Geography, Planning and Development; Social Sciences (miscellaneous); Tourism, Leisure and Hospitality Management";"Business, Management and Accounting; Social Sciences"
841;21101274418;"Revista do Instituto Historico e Geografico do Rio Grande do Sul";journal;"25957031, 16783484";"Historical and Geographical Institute of Rio Grande do Sul";No;No;;-;1;29;79;697;4;66;0,05;24,03;38,89;0;Brazil;Latin America;"Historical and Geographical Institute of Rio Grande do Sul";"2020-2025";"Cultural Studies; Geography, Planning and Development; History; Law; Sociology and Political Science";"Arts and Humanities; Social Sciences"
842;27440;"Revue Europeenne des Migrations Internationales";journal;"07650752, 17775418";"University of Poitiers";Yes;Yes;;-;10;26;98;1273;50;75;0,41;48,96;65,52;0;France;Western Europe;"University of Poitiers";"1985-1998, 2003, 2019-2025";"Medicine (miscellaneous)";"Medicine"
843;21101312749;"Romanian Journal of Regional Science";journal;"18438520";"ROMANIAN REGIONAL SCIENCE ASSOCIATION";Yes;No;;-;2;5;0;204;0;0;0,00;40,80;75,00;0;Romania;Eastern Europe;"ROMANIAN REGIONAL SCIENCE ASSOCIATION";"2022-2025";"Economics and Econometrics; Geography, Planning and Development; Urban Studies";"Economics, Econometrics and Finance; Social Sciences"
844;21101339542;"Southeast Asia: A Multidisciplinary Journal";journal;"29480426, 18195091";"Emerald Publishing";Yes;No;;-;7;18;28;0;10;27;0,36;0,00;35,00;0;United Kingdom;Western Europe;"Emerald Publishing";"2020-2025";"Communication; Geography, Planning and Development; Linguistics and Language";"Social Sciences"
845;21101123414;"Town and Regional Planning";journal;"1012280X, 24150495";"University of the Free State";Yes;Yes;;-;9;20;51;1050;25;45;0,41;52,50;24,14;2;South Africa;Africa;"University of the Free State";"2019-2025";"Geography, Planning and Development; Management, Monitoring, Policy and Law; Urban Studies";"Environmental Science; Social Sciences"
846;21101173096;"Transactions of the Association of European Schools of Planning";journal;"25662147";"Association of European Schools of Planning";Yes;Yes;;-;7;6;41;288;14;35;0,41;48,00;28,57;0;Italy;Western Europe;"Association of European Schools of Planning";"2019-2025";"Education; Geography, Planning and Development; Urban Studies";"Social Sciences"
847;21101216647;"Turismo y Sociedad";journal;"2346206X, 01207555";"Universidad Externado de Colombia";Yes;Yes;;-;7;24;46;1459;24;45;0,52;60,79;34,88;0;Colombia;Latin America;"Universidad Externado de Colombia";"2020-2026";"Geography, Planning and Development; Tourism, Leisure and Hospitality Management";"Business, Management and Accounting; Social Sciences"
848;21101300357;"UCL Open Environment";journal;"26320886";"UCL Press";Yes;No;;-;11;31;17;1277;37;16;2,18;41,19;48,15;6;United Kingdom;Western Europe;"UCL Press";"2021-2026";"Environmental Engineering; Geography, Planning and Development; Global and Planetary Change; Public Health, Environmental and Occupational Health";"Environmental Science; Medicine; Social Sciences"
849;24302;"Unasylva";journal;"00416436";"Food and Agriculture Organization of the United Nations";Yes;No;;-;38;26;23;144;22;21;0,53;5,54;50,00;0;Italy;Western Europe;"Food and Agriculture Organization of the United Nations";"1977-1988, 1990, 1995-2020, 2022-2024";"Ecology; Forestry; Geography, Planning and Development";"Agricultural and Biological Sciences; Environmental Science; Social Sciences"
850;21101177606;"Urban Governance";journal;"26643286";"Elsevier B.V.";Yes;No;;-;17;23;15;1365;33;13;2,20;59,35;57,89;8;Netherlands;Western Europe;"Elsevier B.V.";"2021-2026";"Development; Geography, Planning and Development; Management, Monitoring, Policy and Law; Urban Studies";"Environmental Science; Social Sciences"
851;21101162822;"Urban, Planning and Transport Research";journal;"21650020";"Taylor and Francis Ltd.";Yes;No;;-;15;27;40;1426;81;40;1,69;52,81;36,07;3;United Kingdom;Western Europe;"Taylor and Francis Ltd.";"2019-2026";"Geography, Planning and Development; Transportation; Urban Studies";"Social Sciences"
852;21101141748;"Urban Science";journal;"24138851";"Multidisciplinary Digital Publishing Institute (MDPI)";Yes;No;;-;36;94;283;6045;718;276;2,34;64,31;37,59;14;Switzerland;Western Europe;"Multidisciplinary Digital Publishing Institute (MDPI)";"2017, 2019-2026";"Environmental Science (miscellaneous); Geography, Planning and Development; Pollution; Urban Studies; Waste Management and Disposal";"Environmental Science; Social Sciences"
853;21101266842;"Visnyk of V. N. Karazin Kharkiv National University, series 'Geology. Geography. Ecology'";journal;"24113913, 24107360";"V N Karazin Kharkiv National University";Yes;Yes;;-;5;44;48;1341;6;48;0,13;30,48;49,61;0;Ukraine;Eastern Europe;"V N Karazin Kharkiv National University";"2021-2025";"Ecology; Geochemistry and Petrology; Geography, Planning and Development; Geology";"Earth and Planetary Sciences; Environmental Science; Social Sciences"
854;21101298383;"Watershed Engineering and Management";journal;"22519300, 2322536X";"Soil Conservation and Watershed Management Research Institute";No;No;;-;4;46;73;1493;7;73;0,10;32,46;19,17;0;Iran;Middle East;"Soil Conservation and Watershed Management Research Institute";"2021-2026";"Earth-Surface Processes; Environmental Science (miscellaneous); Geography, Planning and Development; Management, Monitoring, Policy and Law";"Earth and Planetary Sciences; Environmental Science; Social Sciences"
855;21101226899;"World Development Sustainability";journal;"2772655X";"Elsevier B.V.";Yes;No;;-;20;32;0;2231;0;0;0,00;69,72;36,90;8;Netherlands;Western Europe;"Elsevier B.V.";"2022-2026";"Geography, Planning and Development; Social Sciences (miscellaneous)";"Social Sciences"
856;21101185482;"World Regional Studies";journal;"10049479";"";No;No;;-;16;109;350;3888;367;350;1,07;35,67;43,05;0;China;Asiatic Region;"";"2019-2025";"Earth-Surface Processes; Geography, Planning and Development; Political Science and International Relations; Urban Studies";"Earth and Planetary Sciences; Social Sciences"
857;21101178123;"ZFW - Advances in Economic Geography";journal;"27481956, 27481964";"Walter de Gruyter GmbH";No;No;;-;24;17;38;1283;99;37;2,42;75,47;25,81;3;Germany;Western Europe;"Walter de Gruyter GmbH";"2022-2025";"Economics and Econometrics; Geography, Planning and Development";"Economics, Econometrics and Finance; Social Sciences"
