Rank;Sourceid;Title;Type;Issn;Publisher;Open Access;Open Access Diamond;SJR;SJR Quartile;H index;Total Docs. (2023);Total Docs. (3years);Total Refs.;Total Citations (3years);Citable Docs. (3years);Citations / Doc. (2years);Ref. / Doc.;%Female;Overton;Country;Region;Publisher;Coverage;Categories;Areas
1;21100873499;"Nature Sustainability";journal;"23989629";"Nature Publishing Group";Yes;No;7,366;Q1;174;251;511;9291;10779;375;18,61;37,02;34,29;98;United Kingdom;Western Europe;"Nature Publishing Group";"2018-2026";"Ecology (Q1); Food Science (Q1); Geography, Planning and Development (Q1); Global and Planetary Change (Q1); Management, Monitoring, Policy and Law (Q1); Nature and Landscape Conservation (Q1); Renewable Energy, Sustainability and the Environment (Q1); Urban Studies (Q1)";"Agricultural and Biological Sciences; Energy; Environmental Science; Social Sciences"
2;29161;"ISPRS Journal of Photogrammetry and Remote Sensing";journal;"09242716";"Elsevier B.V.";No;No;3,760;Q1;221;287;777;21251;10990;772;12,07;74,05;28,51;12;Netherlands;Western Europe;"Elsevier B.V.";"1989-2026";"Atomic and Molecular Physics, and Optics (Q1); Computer Science Applications (Q1); Computers in Earth Sciences (Q1); Engineering (miscellaneous) (Q1); Geography, Planning and Development (Q1)";"Computer Science; Earth and Planetary Sciences; Engineering; Physics and Astronomy; Social Sciences"
3;23406;"Business Strategy and the Environment";journal;"10990836, 09644733";"John Wiley and Sons Ltd";No;No;3,666;Q1;199;354;718;33258;11878;712;15,76;93,95;36,31;47;United Kingdom;Western Europe;"John Wiley and Sons Ltd";"1992-2026";"Business and International Management (Q1); Geography, Planning and Development (Q1); Management, Monitoring, Policy and Law (Q1); Strategy and Management (Q1)";"Business, Management and Accounting; Environmental Science; Social Sciences"
4;14813;"Journal of Travel Research";journal;"15526763, 00472875";"SAGE Publications Ltd";No;No;3,408;Q1;193;104;319;9437;3619;310;10,74;90,74;40,86;6;United Kingdom;Western Europe;"SAGE Publications Ltd";"1969-2026";"Geography, Planning and Development (Q1); Tourism, Leisure and Hospitality Management (Q1); Transportation (Q1)";"Business, Management and Accounting; Social Sciences"
5;12442;"Progress in Human Geography";journal;"14770288, 03091325";"SAGE Publications Ltd";No;No;3,357;Q1;195;54;245;5941;2197;242;7,46;110,02;45,78;7;United Kingdom;Western Europe;"SAGE Publications Ltd";"1977-2026";"Geography, Planning and Development (Q1)";"Social Sciences"
6;19900191605;"Wiley Interdisciplinary Reviews: Climate Change";journal;"17577799, 17577780";"John Wiley &amp; Sons Inc.";No;No;3,236;Q1;142;49;164;4934;2062;160;11,67;100,69;45,80;29;United States;Northern America;"John Wiley &amp; Sons Inc.";"2010-2026";"Atmospheric Science (Q1); Geography, Planning and Development (Q1); Global and Planetary Change (Q1)";"Earth and Planetary Sciences; Environmental Science; Social Sciences"
7;36483;"Global Environmental Change";journal;"09593780, 18729495";"Elsevier Ltd";No;No;2,996;Q1;255;111;435;10235;4552;424;9,06;92,21;43,19;65;United Kingdom;Western Europe;"Elsevier Ltd";"1990-2026";"Ecology (Q1); Geography, Planning and Development (Q1); Global and Planetary Change (Q1); Management, Monitoring, Policy and Law (Q1)";"Environmental Science; Social Sciences"
8;21203;"Long Range Planning";journal;"00246301, 18731872";"Elsevier Ltd";No;No;2,928;Q1;142;55;175;6323;1539;167;7,26;114,96;36,77;3;United Kingdom;Western Europe;"Elsevier Ltd";"1968-2026";"Finance (Q1); Geography, Planning and Development (Q1); Strategy and Management (Q1)";"Business, Management and Accounting; Economics, Econometrics and Finance; Social Sciences"
9;14811;"Journal of Sustainable Tourism";journal;"09669582, 17477646";"Taylor and Francis Ltd.";No;No;2,822;Q1;168;145;366;11751;4470;365;8,88;81,04;40,40;31;United Kingdom;Western Europe;"Taylor and Francis Ltd.";"1993-2026";"Geography, Planning and Development (Q1); Tourism, Leisure and Hospitality Management (Q1)";"Business, Management and Accounting; Social Sciences"
10;16544;"Tourism Geographies";journal;"14701340, 14616688";"Routledge";No;No;2,617;Q1;105;96;172;6256;2267;163;5,20;65,17;44,30;8;United Kingdom;Western Europe;"Routledge";"1999-2026";"Geography, Planning and Development (Q1); Tourism, Leisure and Hospitality Management (Q1)";"Business, Management and Accounting; Social Sciences"
11;19700194105;"Sustainable Cities and Society";journal;"22106715, 22106707";"Elsevier Ltd";No;No;2,545;Q1;184;722;2347;51813;29115;2344;11,96;71,76;32,97;52;United Kingdom;Western Europe;"Elsevier Ltd";"2011-2026";"Civil and Structural Engineering (Q1); Geography, Planning and Development (Q1); Renewable Energy, Sustainability and the Environment (Q1); Transportation (Q1)";"Energy; Engineering; Social Sciences"
12;27470;"Antipode";journal;"00664812, 14678330";"Wiley-Blackwell Publishing Ltd";No;No;2,263;Q1;136;95;265;6946;1493;264;4,89;73,12;54,69;12;United Kingdom;Western Europe;"Wiley-Blackwell Publishing Ltd";"1969-2026";"Earth-Surface Processes (Q1); Geography, Planning and Development (Q1)";"Earth and Planetary Sciences; Social Sciences"
13;30060;"World Development";journal;"0305750X, 18735991";"Elsevier B.V.";No;No;2,253;Q1;249;212;1109;16211;7398;1002;6,29;76,47;45,66;134;United Kingdom;Western Europe;"Elsevier B.V.";"1973-2026";"Development (Q1); Economics and Econometrics (Q1); Geography, Planning and Development (Q1); Sociology and Political Science (Q1)";"Economics, Econometrics and Finance; Social Sciences"
14;13934;"Journal of the American Planning Association";journal;"01944363";"Taylor and Francis Ltd.";No;No;2,228;Q1;125;46;168;3038;753;117;2,90;66,04;54,46;10;United Kingdom;Western Europe;"Taylor and Francis Ltd.";"1935-2026";"Development (Q1); Geography, Planning and Development (Q1); Urban Studies (Q1)";"Social Sciences"
15;29032;"New Political Economy";journal;"14699923, 13563467";"Routledge";No;No;2,141;Q1;85;60;203;4866;1239;202;5,30;81,10;43,48;20;United Kingdom;Western Europe;"Routledge";"1996-2026";"Development (Q1); Geography, Planning and Development (Q1); Political Science and International Relations (Q1)";"Social Sciences"
16;28092;"Economic Geography";journal;"00130095, 19448287";"Routledge";No;No;2,106;Q1;106;20;61;1567;425;60;6,15;78,35;27,08;7;United Kingdom;Western Europe;"Routledge";"1972, 1974, 1978-1985, 1987-2026";"Economics and Econometrics (Q1); Geography, Planning and Development (Q1)";"Economics, Econometrics and Finance; Social Sciences"
17;21100218523;"Ecosystem Services";journal;"22120416";"Elsevier B.V.";No;No;2,106;Q1;136;74;431;5927;3264;423;6,48;80,09;46,13;25;Netherlands;Western Europe;"Elsevier B.V.";"2012-2026";"Agricultural and Biological Sciences (miscellaneous) (Q1); Ecology (Q1); Geography, Planning and Development (Q1); Global and Planetary Change (Q1); Management, Monitoring, Policy and Law (Q1); Nature and Landscape Conservation (Q1)";"Agricultural and Biological Sciences; Environmental Science; Social Sciences"
18;13272;"Environment and Planning A";journal;"14723409, 0308518X";"SAGE Publications Ltd";No;No;2,084;Q1;171;120;328;8079;1793;318;4,91;67,33;39,69;0;United Kingdom;Western Europe;"SAGE Publications Ltd";"1973-2026";"Environmental Science (miscellaneous) (Q1); Geography, Planning and Development (Q1)";"Environmental Science; Social Sciences"
19;21100265617;"Weather and Climate Extremes";journal;"22120947";"Elsevier B.V.";Yes;No;2,049;Q1;79;102;256;6987;1935;254;6,47;68,50;35,42;23;Netherlands;Western Europe;"Elsevier B.V.";"2013-2026";"Atmospheric Science (Q1); Geography, Planning and Development (Q1); Management, Monitoring, Policy and Law (Q1)";"Earth and Planetary Sciences; Environmental Science; Social Sciences"
20;14424;"European Societies";journal;"14616696, 14698307";"Routledge";Yes;No;1,964;Q1;64;32;143;1707;1017;137;8,45;53,34;54,72;7;United Kingdom;Western Europe;"Routledge";"2001, 2005-2025";"Demography (Q1); Geography, Planning and Development (Q1)";"Social Sciences"
21;21004;"Environmental Impact Assessment Review";journal;"01959255";"Elsevier Inc.";No;No;1,963;Q1;134;319;464;22407;4791;464;10,59;70,24;41,18;31;United States;Northern America;"Elsevier Inc.";"1980-1983, 1985-2026";"Ecology (Q1); Geography, Planning and Development (Q1); Management, Monitoring, Policy and Law (Q1)";"Environmental Science; Social Sciences"
22;21101170034;"Multimodal Transportation";journal;"27725871, 27725863";"Elsevier B.V.";Yes;No;1,938;Q1;23;29;30;1557;230;23;7,67;53,69;23,33;1;Netherlands;Western Europe;"Elsevier B.V.";"2022-2026";"Geography, Planning and Development (Q1); Transportation (Q1)";"Social Sciences"
23;28324;"Current Issues in Tourism";journal;"17477603, 13683500";"Routledge";No;No;1,916;Q1;135;272;758;16515;6559;577;8,73;60,72;41,73;9;United Kingdom;Western Europe;"Routledge";"1998-2026";"Geography, Planning and Development (Q1); Tourism, Leisure and Hospitality Management (Q1)";"Business, Management and Accounting; Social Sciences"
24;23269;"Computers, Environment and Urban Systems";journal;"01989715";"Elsevier Ltd";No;No;1,861;Q1;128;90;306;5976;2579;306;8,50;66,40;32,76;8;United Kingdom;Western Europe;"Elsevier Ltd";"1980-1986, 1988-2026";"Ecological Modeling (Q1); Environmental Science (miscellaneous) (Q1); Geography, Planning and Development (Q1); Urban Studies (Q1)";"Environmental Science; Social Sciences"
25;14500;"Land Use Policy";journal;"02648377";"Elsevier Ltd";No;No;1,847;Q1;186;434;1919;31742;14171;1912;6,80;73,14;39,56;89;United Kingdom;Western Europe;"Elsevier Ltd";"1984-2026";"Forestry (Q1); Geography, Planning and Development (Q1); Management, Monitoring, Policy and Law (Q1); Nature and Landscape Conservation (Q1)";"Agricultural and Biological Sciences; Environmental Science; Social Sciences"
26;13930;"Journal of Planning Literature";journal;"08854122, 15526593";"SAGE Publications Inc.";No;No;1,812;Q1;77;21;54;2174;356;51;5,35;103,52;57,89;9;United States;Northern America;"SAGE Publications Inc.";"1985-2026";"Geography, Planning and Development (Q1)";"Social Sciences"
27;21101034454;"Geography and Sustainability";journal;"20967438, 26666839";"Beijing Normal University Press";Yes;No;1,800;Q1;44;40;109;2851;1106;105;9,53;71,28;36,62;5;China;Asiatic Region;"Beijing Normal University Press";"2020-2026";"Earth-Surface Processes (Q1); Ecology (Q1); Geography, Planning and Development (Q1); Nature and Landscape Conservation (Q1)";"Earth and Planetary Sciences; Environmental Science; Social Sciences"
28;29295;"Journal of Transport Geography";journal;"09666923";"Elsevier B.V.";No;No;1,791;Q1;165;199;720;12806;4776;718;5,93;64,35;31,29;40;United Kingdom;Western Europe;"Elsevier B.V.";"1993-2026";"Environmental Science (miscellaneous) (Q1); Geography, Planning and Development (Q1); Transportation (Q1)";"Environmental Science; Social Sciences"
29;22704;"Ambio";journal;"16547209, 00447447";"Springer Science and Business Media B.V.";No;No;1,786;Q1;171;144;552;10442;3681;492;6,25;72,51;46,00;51;Netherlands;Western Europe;"Springer Science and Business Media B.V.";"1973-2026";"Ecology (Q1); Environmental Chemistry (Q1); Geography, Planning and Development (Q1); Medicine (miscellaneous) (Q1)";"Environmental Science; Medicine; Social Sciences"
30;13274;"Environment and Planning D: Society and Space";journal;"02637758, 14723433";"SAGE Publications Inc.";No;No;1,780;Q1;140;57;191;4388;848;184;3,14;76,98;61,43;2;United Kingdom;Western Europe;"SAGE Publications Inc.";"1983-2026";"Environmental Science (miscellaneous) (Q1); Geography, Planning and Development (Q1)";"Environmental Science; Social Sciences"
31;21100248909;"Tourism Review";journal;"17598451, 16605373";"Emerald Group Publishing Ltd.";No;No;1,763;Q1;82;84;269;5701;2280;267;8,99;67,87;44,63;0;United Kingdom;Western Europe;"Emerald Group Publishing Ltd.";"2001-2026";"Geography, Planning and Development (Q1); Tourism, Leisure and Hospitality Management (Q1)";"Business, Management and Accounting; Social Sciences"
32;20838;"Transport Policy";journal;"1879310X, 0967070X";"Elsevier Ltd";No;No;1,742;Q1;144;218;710;13950;5106;698;7,17;63,99;30,37;36;United Kingdom;Western Europe;"Elsevier Ltd";"1993-2026";"Geography, Planning and Development (Q1); Law (Q1); Transportation (Q1)";"Social Sciences"
33;21101063742;"Earth System Governance";journal;"25898116";"Elsevier B.V.";Yes;No;1,699;Q1;29;32;90;2405;541;74;5,56;75,16;46,24;11;Netherlands;Western Europe;"Elsevier B.V.";"2019-2026";"Geography, Planning and Development (Q1); Global and Planetary Change (Q1); Management, Monitoring, Policy and Law (Q1); Political Science and International Relations (Q1); Social Sciences (miscellaneous) (Q1)";"Environmental Science; Social Sciences"
34;21100465422;"Dialogues in Human Geography";journal;"20438206, 20438214";"SAGE Publications Inc.";No;No;1,650;Q1;60;65;206;1988;827;69;1,74;30,58;50,00;5;United Kingdom;Western Europe;"SAGE Publications Inc.";"2011-2026";"Geography, Planning and Development (Q1)";"Social Sciences"
35;26874;"Building and Environment";journal;"03601323";"Elsevier B.V.";No;No;1,647;Q1;237;1028;2714;67844;22528;2705;8,17;66,00;35,68;40;United Kingdom;Western Europe;"Elsevier B.V.";"1976-2026";"Building and Construction (Q1); Civil and Structural Engineering (Q1); Environmental Engineering (Q1); Geography, Planning and Development (Q1)";"Engineering; Environmental Science; Social Sciences"
36;21536;"Environmental Science and Policy";journal;"18736416, 14629011";"Elsevier Ltd";No;No;1,602;Q1;173;236;837;17994;5251;821;5,62;76,25;47,52;62;United Kingdom;Western Europe;"Elsevier Ltd";"1998-2026";"Geography, Planning and Development (Q1); Management, Monitoring, Policy and Law (Q1)";"Environmental Science; Social Sciences"
37;29214;"Transactions of the Institute of British Geographers";journal;"00202754, 14755661";"Wiley-Blackwell Publishing Ltd";No;No;1,600;Q1;141;59;221;4219;929;218;3,82;71,51;49,04;4;United Kingdom;Western Europe;"Wiley-Blackwell Publishing Ltd";"1976-2026";"Earth-Surface Processes (Q1); Geography, Planning and Development (Q1)";"Earth and Planetary Sciences; Social Sciences"
38;29655;"Urban Geography";journal;"02723638, 19382847";"Routledge";No;No;1,591;Q1;100;125;267;7951;1180;258;3,82;63,61;48,05;13;United Kingdom;Western Europe;"Routledge";"1980-2026";"Geography, Planning and Development (Q1); Urban Studies (Q1)";"Social Sciences"
39;18400156711;"Cambridge Journal of Regions, Economy and Society";journal;"17521386, 17521378";"Oxford University Press";No;No;1,581;Q1;83;42;111;3266;514;100;3,62;77,76;25,27;10;United Kingdom;Western Europe;"Oxford University Press";"2008-2026";"Economics and Econometrics (Q1); Geography, Planning and Development (Q1); Sociology and Political Science (Q1)";"Economics, Econometrics and Finance; Social Sciences"
40;21100316002;"Travel Behaviour and Society";journal;"2214367X";"Elsevier B.V.";No;No;1,570;Q1;67;136;290;8815;1745;285;5,59;64,82;35,21;19;Netherlands;Western Europe;"Elsevier B.V.";"2014-2026";"Geography, Planning and Development (Q1); Transportation (Q1)";"Social Sciences"
41;24034;"Democratization";journal;"13510347, 1743890X";"Taylor and Francis Ltd.";No;No;1,565;Q1;83;72;228;4924;1063;225;4,38;68,39;25,00;17;United Kingdom;Western Europe;"Taylor and Francis Ltd.";"1994-2026";"Geography, Planning and Development (Q1); Political Science and International Relations (Q1)";"Social Sciences"
42;15673;"Journal of Rural Studies";journal;"07430167";"Elsevier Ltd";No;No;1,542;Q1;156;233;867;17651;5232;863;5,81;75,76;50,71;61;United Kingdom;Western Europe;"Elsevier Ltd";"1985-2026";"Development (Q1); Forestry (Q1); Geography, Planning and Development (Q1); Sociology and Political Science (Q1)";"Agricultural and Biological Sciences; Social Sciences"
43;15111;"Progress in Planning";journal;"03059006";"Elsevier Ltd";No;No;1,534;Q1;64;12;32;2423;187;32;5,79;201,92;34,38;1;United Kingdom;Western Europe;"Elsevier Ltd";"1973-2026";"Geography, Planning and Development (Q1)";"Social Sciences"
44;21100463801;"Annals of the American Association of Geographers";journal;"24694460, 24694452";"Taylor and Francis Ltd.";No;No;1,510;Q1;156;141;402;10693;1879;397;4,24;75,84;39,30;12;United Kingdom;Western Europe;"Taylor and Francis Ltd.";"2016-2026";"Earth-Surface Processes (Q1); Geography, Planning and Development (Q1)";"Earth and Planetary Sciences; Social Sciences"
45;21100943534;"Transportation Research Interdisciplinary Perspectives";journal;"25901982";"Elsevier Ltd";Yes;No;1,484;Q1;68;228;596;13828;4363;592;4,88;60,65;36,06;33;United Kingdom;Western Europe;"Elsevier Ltd";"2019-2026";"Automotive Engineering (Q1); Civil and Structural Engineering (Q1); Environmental Science (miscellaneous) (Q1); Geography, Planning and Development (Q1); Management Science and Operations Research (Q1); Transportation (Q1); Urban Studies (Q1)";"Decision Sciences; Engineering; Environmental Science; Social Sciences"
46;5700168527;"Sustainability: Science, Practice, and Policy";journal;"15487733";"Taylor and Francis Ltd.";Yes;No;1,472;Q1;46;37;121;2639;857;120;4,57;71,32;47,13;7;United States;Northern America;"Taylor and Francis Ltd.";"2009-2026";"Environmental Science (miscellaneous) (Q1); Geography, Planning and Development (Q1)";"Environmental Science; Social Sciences"
47;5400152621;"Sustainability Science";journal;"18624065, 18624057";"Springer";No;No;1,462;Q1;109;184;433;13813;2807;413;5,48;75,07;47,60;73;Japan;Asiatic Region;"Springer";"2006-2026";"Ecology (Q1); Geography, Planning and Development (Q1); Global and Planetary Change (Q1); Health (social science) (Q1); Management, Monitoring, Policy and Law (Q1); Nature and Landscape Conservation (Q1); Sociology and Political Science (Q1)";"Environmental Science; Social Sciences"
48;28040;"International Journal of Geographical Information Science";journal;"13658816, 13658824";"Taylor and Francis Ltd.";No;No;1,436;Q1;149;98;318;5560;1977;309;5,90;56,73;31,73;4;United Kingdom;Western Europe;"Taylor and Francis Ltd.";"1997-2026";"Geography, Planning and Development (Q1); Information Systems (Q1); Library and Information Sciences (Q1)";"Computer Science; Social Sciences"
49;4400151522;"Planning Theory";journal;"17413052, 14730952";"SAGE Publications Ltd";No;No;1,371;Q1;74;23;71;1738;280;57;3,43;75,57;53,33;3;United Kingdom;Western Europe;"SAGE Publications Ltd";"2002-2026";"Geography, Planning and Development (Q1)";"Social Sciences"
50;22857;"Political Geography";journal;"09626298";"Elsevier B.V.";No;No;1,371;Q1;127;126;493;9724;1915;447;3,40;77,17;45,87;17;United Kingdom;Western Europe;"Elsevier B.V.";"1983, 1992-2026";"Geography, Planning and Development (Q1); History (Q1); Sociology and Political Science (Q1)";"Arts and Humanities; Social Sciences"
51;23347;"Journal of Environmental Assessment Policy and Management";journal;"17575605, 14643332";"World Scientific Publishing Co. Pte Ltd";No;No;1,362;Q1;39;21;40;1265;321;40;8,50;60,24;45,16;0;Singapore;Asiatic Region;"World Scientific Publishing Co. Pte Ltd";"2003-2026";"Geography, Planning and Development (Q1); Management, Monitoring, Policy and Law (Q1)";"Environmental Science; Social Sciences"
52;23972;"Landscape Ecology";journal;"15729761, 09212973";"Springer Science and Business Media B.V.";No;No;1,357;Q1;162;259;572;19746;3064;561;4,91;76,24;37,87;28;Netherlands;Western Europe;"Springer Science and Business Media B.V.";"1987-2026";"Ecology (Q1); Geography, Planning and Development (Q1); Nature and Landscape Conservation (Q1)";"Environmental Science; Social Sciences"
53;22750;"Journal of Economic Geography";journal;"14682702, 14682710";"Oxford University Press";No;No;1,330;Q1;132;49;121;2876;386;120;2,96;58,69;26,27;29;United Kingdom;Western Europe;"Oxford University Press";"2001-2025";"Economics and Econometrics (Q1); Geography, Planning and Development (Q1)";"Economics, Econometrics and Finance; Social Sciences"
54;21100220478;"Urban Climate";journal;"22120955";"Elsevier B.V.";No;No;1,318;Q1;102;408;754;29065;5194;752;6,61;71,24;34,55;17;Netherlands;Western Europe;"Elsevier B.V.";"2012-2026";"Atmospheric Science (Q1); Environmental Science (miscellaneous) (Q1); Geography, Planning and Development (Q1); Urban Studies (Q1)";"Earth and Planetary Sciences; Environmental Science; Social Sciences"
55;18291;"Socio-Economic Planning Sciences";journal;"00380121";"Elsevier Ltd";No;No;1,315;Q1;83;268;545;17429;3460;537;6,52;65,03;36,43;28;United Kingdom;Western Europe;"Elsevier Ltd";"1967-2026";"Economics and Econometrics (Q1); Geography, Planning and Development (Q1); Management Science and Operations Research (Q1); Statistics, Probability and Uncertainty (Q1); Strategy and Management (Q1)";"Business, Management and Accounting; Decision Sciences; Economics, Econometrics and Finance; Social Sciences"
56;21101093005;"Environment and Planning E: Nature and Space";journal;"25148486, 25148494";"SAGE Publications Inc.";No;No;1,285;Q1;42;130;242;11691;1022;239;4,24;89,93;50,67;20;United States;Northern America;"SAGE Publications Inc.";"2018-2026";"Development (Q1); Geography, Planning and Development (Q1); Management, Monitoring, Policy and Law (Q1); Nature and Landscape Conservation (Q1)";"Environmental Science; Social Sciences"
57;21100202110;"Environmental Development";journal;"22114645";"Elsevier B.V.";No;No;1,285;Q1;66;125;214;9862;1271;198;4,92;78,90;38,76;21;Netherlands;Western Europe;"Elsevier B.V.";"2012-2026";"Geography, Planning and Development (Q1); Management, Monitoring, Policy and Law (Q1)";"Environmental Science; Social Sciences"
58;29102;"Health and Place";journal;"18732054, 13538292";"Elsevier Ltd";No;No;1,276;Q1;153;170;538;11526;2448;531;4,10;67,80;55,75;24;United Kingdom;Western Europe;"Elsevier Ltd";"1995-2026";"Geography, Planning and Development (Q1); Health (social science) (Q1); Life-span and Life-course Studies (Q1); Public Health, Environmental and Occupational Health (Q1); Sociology and Political Science (Q1)";"Medicine; Social Sciences"
59;21100312211;"Climate Risk Management";journal;"22120963";"Elsevier B.V.";Yes;No;1,266;Q1;66;97;250;7322;1362;248;5,15;75,48;35,97;36;Netherlands;Western Europe;"Elsevier B.V.";"2014-2026";"Atmospheric Science (Q1); Geography, Planning and Development (Q1); Global and Planetary Change (Q1); Management, Monitoring, Policy and Law (Q1)";"Earth and Planetary Sciences; Environmental Science; Social Sciences"
60;21100244407;"East European Politics";journal;"21599165, 21599173";"Taylor and Francis Ltd.";No;No;1,262;Q1;38;33;99;2139;455;97;2,75;64,82;54,17;2;United Kingdom;Western Europe;"Taylor and Francis Ltd.";"2012-2026";"Development (Q1); Geography, Planning and Development (Q1); Political Science and International Relations (Q1)";"Social Sciences"
61;16543;"Tourism Economics";journal;"20440375, 13548166";"SAGE Publications Inc.";No;No;1,257;Q1;83;111;296;6186;1711;281;4,94;55,73;22,53;8;United Kingdom;Western Europe;"SAGE Publications Inc.";"1995-2026";"Geography, Planning and Development (Q1); Tourism, Leisure and Hospitality Management (Q1)";"Business, Management and Accounting; Social Sciences"
62;25849;"International Studies Review";journal;"15219488, 14682486";"Oxford University Press";No;No;1,241;Q1;83;41;181;3834;773;179;3,55;93,51;49,17;12;United States;Northern America;"Oxford University Press";"1999-2026";"Geography, Planning and Development (Q1); Political Science and International Relations (Q1)";"Social Sciences"
63;21100826425;"Environment and Planning C: Politics and Space";journal;"23996552, 23996544";"SAGE Publications Ltd";No;No;1,231;Q1;93;91;282;6110;959;269;3,36;67,14;47,28;10;United Kingdom;Western Europe;"SAGE Publications Ltd";"2017-2026";"Environmental Science (miscellaneous) (Q1); Geography, Planning and Development (Q1); Management, Monitoring, Policy and Law (Q1); Public Administration (Q1)";"Environmental Science; Social Sciences"
64;19400158456;"International Journal of Sustainable Transportation";journal;"15568334, 15568318";"Taylor and Francis Ltd.";No;No;1,222;Q1;72;96;223;6334;1135;223;4,45;65,98;32,06;24;United Kingdom;Western Europe;"Taylor and Francis Ltd.";"2007-2026";"Automotive Engineering (Q1); Civil and Structural Engineering (Q1); Environmental Engineering (Q1); Geography, Planning and Development (Q1); Transportation (Q1); Renewable Energy, Sustainability and the Environment (Q2)";"Energy; Engineering; Environmental Science; Social Sciences"
65;25118;"Geopolitics";journal;"14650045, 15573028";"Routledge";No;No;1,211;Q1;77;92;208;7777;883;188;4,16;84,53;40,59;13;United Kingdom;Western Europe;"Routledge";"1986, 1998-2026";"Geography, Planning and Development (Q1); Political Science and International Relations (Q1)";"Social Sciences"
66;17600155126;"Energy for Sustainable Development";journal;"23524669, 09730826";"Elsevier B.V.";No;No;1,208;Q1;96;180;382;10463;2172;382;5,23;58,13;28,59;16;Netherlands;Western Europe;"Elsevier B.V.";"1994-1997, 2000-2026";"Geography, Planning and Development (Q1); Management, Monitoring, Policy and Law (Q1); Renewable Energy, Sustainability and the Environment (Q2)";"Energy; Environmental Science; Social Sciences"
67;27471;"Applied Geography";journal;"01436228";"Elsevier B.V.";No;No;1,204;Q1;143;230;422;15800;2224;422;4,49;68,70;38,90;23;Netherlands;Western Europe;"Elsevier B.V.";"1981-2026";"Environmental Science (miscellaneous) (Q1); Forestry (Q1); Geography, Planning and Development (Q1); Tourism, Leisure and Hospitality Management (Q1)";"Agricultural and Biological Sciences; Business, Management and Accounting; Environmental Science; Social Sciences"
68;13176;"Tijdschrift Voor Economische en Sociale Geografie";journal;"0040747X, 14679663";"Wiley-Blackwell Publishing Ltd";No;No;1,191;Q1;77;43;128;1809;621;123;2,54;42,07;32,79;4;United Kingdom;Western Europe;"Wiley-Blackwell Publishing Ltd";"1967-2026";"Economics and Econometrics (Q1); Geography, Planning and Development (Q1)";"Economics, Econometrics and Finance; Social Sciences"
69;12300154722;"International Journal of Tourism Research";journal;"10992340, 15221970";"John Wiley and Sons Ltd";No;No;1,183;Q1;96;39;217;3144;1046;216;4,54;80,62;39,52;0;United Kingdom;Western Europe;"John Wiley and Sons Ltd";"2008-2026";"Geography, Planning and Development (Q1); Nature and Landscape Conservation (Q1); Tourism, Leisure and Hospitality Management (Q1); Transportation (Q2)";"Business, Management and Accounting; Environmental Science; Social Sciences"
70;21100899442;"Comparative Migration Studies";journal;"2214594X";"SpringerOpen";Yes;No;1,168;Q1;45;31;151;1737;651;133;4,39;56,03;54,29;8;Switzerland;Western Europe;"SpringerOpen";"2013-2026";"Demography (Q1); Geography, Planning and Development (Q1); Law (Q1); Sociology and Political Science (Q1); Statistics, Probability and Uncertainty (Q1)";"Decision Sciences; Social Sciences"
71;21101039477;"City and Environment Interactions";journal;"25902520";"Elsevier B.V.";Yes;No;1,166;Q1;28;35;52;2286;270;52;4,88;65,31;27,27;2;Netherlands;Western Europe;"Elsevier B.V.";"2019-2026";"Environmental Science (miscellaneous) (Q1); Geography, Planning and Development (Q1); Management, Monitoring, Policy and Law (Q1); Urban Studies (Q1)";"Environmental Science; Social Sciences"
72;17700156312;"Environmental Policy and Governance";journal;"1756932X, 17569338";"John Wiley and Sons Ltd";No;No;1,152;Q1;67;46;120;3370;488;112;4,32;73,26;53,28;17;United Kingdom;Western Europe;"John Wiley and Sons Ltd";"2009-2026";"Geography, Planning and Development (Q1); Management, Monitoring, Policy and Law (Q1)";"Environmental Science; Social Sciences"
73;21100198541;"Climate and Development";journal;"17565529, 17565537";"Taylor and Francis Ltd.";No;No;1,149;Q1;72;74;230;5317;1129;217;4,77;71,85;39,57;33;United Kingdom;Western Europe;"Taylor and Francis Ltd.";"2009-2026";"Development (Q1); Geography, Planning and Development (Q1); Global and Planetary Change (Q2)";"Environmental Science; Social Sciences"
74;21100872187;"Journal of Tourism Futures";journal;"20555911, 2055592X";"Emarald Group Publishing Ltd";Yes;Yes;1,146;Q1;49;38;118;2062;742;108;5,91;54,26;33,33;0;United Kingdom;Western Europe;"Emarald Group Publishing Ltd";"2015-2026";"Geography, Planning and Development (Q1); Management, Monitoring, Policy and Law (Q1); Nature and Landscape Conservation (Q1); Tourism, Leisure and Hospitality Management (Q1)";"Business, Management and Accounting; Environmental Science; Social Sciences"
75;5900153310;"Mobilities";journal;"17450101, 1745011X";"Routledge";No;No;1,101;Q1;79;62;175;4014;712;167;4,36;64,74;59,02;6;United Kingdom;Western Europe;"Routledge";"2006-2026";"Demography (Q1); Geography, Planning and Development (Q1); Sociology and Political Science (Q1)";"Social Sciences"
76;15081;"Agriculture and Human Values";journal;"15728366, 0889048X";"Springer Science and Business Media B.V.";No;No;1,100;Q1;105;104;315;8238;1252;243;4,41;79,21;56,47;21;Netherlands;Western Europe;"Springer Science and Business Media B.V.";"1984-2026";"Agronomy and Crop Science (Q1); Geography, Planning and Development (Q1); Sociology and Political Science (Q1)";"Agricultural and Biological Sciences; Social Sciences"
77;144618;"Geo-Spatial Information Science";journal;"10095020";"Taylor and Francis Ltd.";Yes;No;1,098;Q1;52;47;123;2553;733;121;5,90;54,32;29,89;3;United Kingdom;Western Europe;"Taylor and Francis Ltd.";"1998-2026";"Computers in Earth Sciences (Q1); Geography, Planning and Development (Q1)";"Earth and Planetary Sciences; Social Sciences"
78;25967;"Social and Cultural Geography";journal;"14701197, 14649365";"Routledge";No;No;1,077;Q1;99;106;201;6388;667;190;3,36;60,26;70,18;13;United Kingdom;Western Europe;"Routledge";"2000-2026";"Cultural Studies (Q1); Geography, Planning and Development (Q1)";"Social Sciences"
79;28671;"Geographical Analysis";journal;"15384632, 00167363";"Wiley-Blackwell";No;No;1,075;Q1;84;39;113;1884;436;107;3,99;48,31;22,97;5;United States;Northern America;"Wiley-Blackwell";"1969-2026";"Earth-Surface Processes (Q1); Geography, Planning and Development (Q1)";"Earth and Planetary Sciences; Social Sciences"
80;28148;"Eurasian Geography and Economics";journal;"15387216";"Taylor and Francis Ltd.";No;No;1,065;Q1;62;31;101;2412;474;99;2,85;77,81;37,29;4;United Kingdom;Western Europe;"Taylor and Francis Ltd.";"2002-2026";"Economics and Econometrics (Q1); Geography, Planning and Development (Q1)";"Economics, Econometrics and Finance; Social Sciences"
81;21101074921;"Annals of Tourism Research Empirical Insights";journal;"26669579";"Elsevier B.V.";Yes;No;1,063;Q1;25;34;74;1939;350;73;4,64;57,03;41,30;4;Netherlands;Western Europe;"Elsevier B.V.";"2020-2026";"Geography, Planning and Development (Q1); Sociology and Political Science (Q1); Tourism, Leisure and Hospitality Management (Q1); Marketing (Q2)";"Business, Management and Accounting; Social Sciences"
82;16886;"Citizenship Studies";journal;"14693593, 13621025";"Routledge";No;No;1,059;Q1;83;60;210;4125;449;198;1,36;68,75;45,95;4;United Kingdom;Western Europe;"Routledge";"1997-2026";"Geography, Planning and Development (Q1); Political Science and International Relations (Q1)";"Social Sciences"
83;12117;"Asia Pacific Journal of Tourism Research";journal;"10941665, 17416507";"Taylor and Francis Ltd.";No;No;1,051;Q1;75;84;262;7109;1302;255;4,49;84,63;36,98;1;United Kingdom;Western Europe;"Taylor and Francis Ltd.";"2003-2026";"Geography, Planning and Development (Q1); Tourism, Leisure and Hospitality Management (Q1)";"Business, Management and Accounting; Social Sciences"
84;21100463093;"Groundwater for Sustainable Development";journal;"2352801X";"Elsevier B.V.";No;No;1,051;Q1;78;188;569;14794;3644;559;5,60;78,69;25,29;8;Netherlands;Western Europe;"Elsevier B.V.";"2015-2026";"Environmental Engineering (Q1); Geography, Planning and Development (Q1); Water Science and Technology (Q1); Environmental Chemistry (Q2)";"Environmental Science; Social Sciences"
85;21100907127;"Journal of Urban Management";journal;"25890360, 22265856";"Elsevier B.V.";Yes;No;1,049;Q1;44;34;122;1826;678;106;4,66;53,71;37,63;1;Netherlands;Western Europe;"Elsevier B.V.";"2012-2026";"Geography, Planning and Development (Q1); Public Administration (Q1); Urban Studies (Q1)";"Social Sciences"
86;28066;"Dili Xuebao/Acta Geographica Sinica";journal;"03755444";"Science Press";No;No;1,031;Q1;94;188;587;10451;2833;587;4,59;55,59;39,79;0;China;Asiatic Region;"Science Press";"1978-2025";"Earth and Planetary Sciences (miscellaneous) (Q1); Geography, Planning and Development (Q1)";"Earth and Planetary Sciences; Social Sciences"
87;29421;"Aquaculture Economics and Management";journal;"13657305, 13657313";"Taylor and Francis Ltd.";No;No;1,029;Q1;48;35;75;1993;328;71;4,79;56,94;23,15;4;United Kingdom;Western Europe;"Taylor and Francis Ltd.";"1997-2026";"Aquatic Science (Q1); Ecology (Q1); Geography, Planning and Development (Q1)";"Agricultural and Biological Sciences; Environmental Science; Social Sciences"
88;21101041845;"Journal of Geovisualization and Spatial Analysis";journal;"25098829, 25098810";"Springer Nature";No;No;1,029;Q1;31;32;85;1630;406;84;4,67;50,94;17,54;0;United Kingdom;Western Europe;"Springer Nature";"2017-2026";"Computers in Earth Sciences (Q1); Earth and Planetary Sciences (miscellaneous) (Q1); Geography, Planning and Development (Q1)";"Earth and Planetary Sciences; Social Sciences"
89;13279;"European Planning Studies";journal;"09654313, 14695944";"Routledge";No;No;1,019;Q1;116;133;374;8344;1436;365;3,34;62,74;45,29;22;United Kingdom;Western Europe;"Routledge";"1993-2026";"Geography, Planning and Development (Q1)";"Social Sciences"
90;21100205751;"Journal of Public Transportation";journal;"1077291X, 23750901";"Elsevier B.V.";Yes;No;1,014;Q1;41;39;45;2014;219;45;1,85;51,64;28,46;3;Netherlands;Western Europe;"Elsevier B.V.";"1996, 2006-2007, 2009-2018, 2020-2026";"Geography, Planning and Development (Q1); Urban Studies (Q1); Transportation (Q2)";"Social Sciences"
91;23464;"China Journal";journal;"18358535, 13249347";"University of Chicago Press";No;No;1,005;Q1;64;11;33;0;140;26;4,18;0,00;42,11;3;Australia;Pacific Region;"University of Chicago Press";"1995-2026";"Geography, Planning and Development (Q1); Sociology and Political Science (Q1)";"Social Sciences"
92;25751;"Earth Surface Processes and Landforms";journal;"01979337, 10969837";"John Wiley and Sons Ltd";No;No;0,976;Q1;163;205;693;15333;2216;672;2,89;74,80;27,15;16;United Kingdom;Western Europe;"John Wiley and Sons Ltd";"1981-2026";"Earth and Planetary Sciences (miscellaneous) (Q1); Earth-Surface Processes (Q1); Geography, Planning and Development (Q1)";"Earth and Planetary Sciences; Social Sciences"
93;26363;"Journal of Refugee Studies";journal;"09516328, 14716925";"Oxford University Press";No;No;0,974;Q1;82;48;338;2611;827;336;2,29;54,40;58,89;9;United Kingdom;Western Europe;"Oxford University Press";"1988-2025";"Geography, Planning and Development (Q1); Political Science and International Relations (Q1)";"Social Sciences"
94;29275;"Journal of Geography in Higher Education";journal;"03098265, 14661845";"Routledge";No;No;0,971;Q1;65;49;109;2454;370;104;2,89;50,08;52,20;1;United Kingdom;Western Europe;"Routledge";"1977-2026";"Education (Q1); Geography, Planning and Development (Q1)";"Social Sciences"
95;21100900344;"Geoenvironmental Disasters";journal;"21978670";"SpringerOpen";Yes;No;0,969;Q1;43;30;91;1572;517;88;4,39;52,40;29,82;0;United Kingdom;Western Europe;"SpringerOpen";"2014-2026";"Environmental Science (miscellaneous) (Q1); Geography, Planning and Development (Q1); Geotechnical Engineering and Engineering Geology (Q1); Management, Monitoring, Policy and Law (Q1); Safety, Risk, Reliability and Quality (Q1)";"Earth and Planetary Sciences; Engineering; Environmental Science; Social Sciences"
96;23292;"International Journal of Sustainable Development and World Ecology";journal;"17452627, 13504509";"Taylor and Francis Ltd.";No;No;0,967;Q1;73;64;198;4301;1210;195;6,56;67,20;31,17;5;United Kingdom;Western Europe;"Taylor and Francis Ltd.";"1994-2026";"Geography, Planning and Development (Q1); Management, Monitoring, Policy and Law (Q1)";"Environmental Science; Social Sciences"
97;21100886530;"Area Development and Policy";journal;"23792957";"Routledge";No;No;0,966;Q1;28;26;76;1637;290;69;3,00;62,96;31,43;6;United Kingdom;Western Europe;"Routledge";"2016-2026";"Geography, Planning and Development (Q1); Nature and Landscape Conservation (Q1); Public Administration (Q1); Sociology and Political Science (Q1); Urban Studies (Q1)";"Environmental Science; Social Sciences"
98;23373;"Journal of Environmental Planning and Management";journal;"13600559, 09640568";"Routledge";No;No;0,960;Q1;100;120;371;8534;1778;369;4,97;71,12;42,14;18;United Kingdom;Western Europe;"Routledge";"1992-2026";"Environmental Science (miscellaneous) (Q1); Fluid Flow and Transfer Processes (Q1); Geography, Planning and Development (Q1); Management, Monitoring, Policy and Law (Q1); Water Science and Technology (Q1)";"Chemical Engineering; Environmental Science; Social Sciences"
99;14685;"Planning Theory and Practice";journal;"14649357, 1470000X";"Routledge";No;No;0,953;Q1;65;35;129;1823;405;82;2,14;52,09;44,44;2;United Kingdom;Western Europe;"Routledge";"2000-2026";"Geography, Planning and Development (Q1)";"Social Sciences"
100;27391;"Population, Space and Place";journal;"15448444, 15448452";"John Wiley and Sons Ltd";No;No;0,953;Q1;101;96;306;6417;961;301;2,93;66,84;49,36;18;United Kingdom;Western Europe;"John Wiley and Sons Ltd";"2004-2026";"Demography (Q1); Geography, Planning and Development (Q1)";"Social Sciences"
101;21101021580;"Progress in Disaster Science";journal;"25900617";"Elsevier Ltd";Yes;No;0,931;Q1;43;33;197;1989;1141;197;3,22;60,27;38,05;2;United Kingdom;Western Europe;"Elsevier Ltd";"2019-2026";"Earth and Planetary Sciences (miscellaneous) (Q1); Environmental Science (miscellaneous) (Q1); Geography, Planning and Development (Q1); Safety Research (Q1)";"Earth and Planetary Sciences; Environmental Science; Social Sciences"
102;21101021196;"Environment and Planning B: Urban Analytics and City Science";journal;"23998083, 23998091";"SAGE Publications Ltd";No;No;0,929;Q1;123;173;448;7285;1490;407;3,22;42,11;34,44;17;United Kingdom;Western Europe;"SAGE Publications Ltd";"2017-2026";"Architecture (Q1); Geography, Planning and Development (Q1); Management, Monitoring, Policy and Law (Q1); Nature and Landscape Conservation (Q1); Urban Studies (Q1)";"Engineering; Environmental Science; Social Sciences"
103;26252;"Maritime Policy and Management";journal;"03088839, 14645254";"Routledge";No;No;0,926;Q1;80;61;192;2593;894;186;4,48;42,51;32,12;4;United Kingdom;Western Europe;"Routledge";"1976-2026";"Geography, Planning and Development (Q1); Management, Monitoring, Policy and Law (Q1); Ocean Engineering (Q1); Transportation (Q2)";"Engineering; Environmental Science; Social Sciences"
104;16563;"Tourism Recreation Research";journal;"02508281, 23200308";"Taylor and Francis Ltd.";No;No;0,921;Q1;76;75;143;6233;884;138;6,62;83,11;44,57;2;United Kingdom;Western Europe;"Taylor and Francis Ltd.";"1976-2026";"Cultural Studies (Q1); Geography, Planning and Development (Q1); Management, Monitoring, Policy and Law (Q1); Tourism, Leisure and Hospitality Management (Q2)";"Business, Management and Accounting; Environmental Science; Social Sciences"
105;90456;"Journal of Mediterranean Archaeology";journal;"17431700, 09527648";"Equinox Publishing Ltd";No;No;0,911;Q1;38;10;32;788;48;29;1,23;78,80;43,75;0;United Kingdom;Western Europe;"Equinox Publishing Ltd";"1988-2025";"Archeology (arts and humanities) (Q1); Arts and Humanities (miscellaneous) (Q1); Geography, Planning and Development (Q1)";"Arts and Humanities; Social Sciences"
106;27486;"Area";journal;"14754762, 00040894";"Wiley-Blackwell Publishing Ltd";No;No;0,901;Q1;106;67;264;2634;653;250;2,10;39,31;52,99;1;United Kingdom;Western Europe;"Wiley-Blackwell Publishing Ltd";"1976, 1978-2026";"Geography, Planning and Development (Q1)";"Social Sciences"
107;15725;"Voluntas";journal;"09578765, 15737888";"Cambridge University Press";No;No;0,901;Q1;77;105;295;5729;952;291;2,78;54,56;50,22;7;United States;Northern America;"Cambridge University Press";"1990-2025";"Business and International Management (Q1); Geography, Planning and Development (Q1); Public Administration (Q1); Sociology and Political Science (Q1); Strategy and Management (Q2)";"Business, Management and Accounting; Social Sciences"
108;21100416071;"Remote Sensing Applications: Society and Environment";journal;"23529385";"Elsevier B.V.";No;No;0,892;Q1;72;206;557;13957;2799;557;4,45;67,75;27,80;6;Netherlands;Western Europe;"Elsevier B.V.";"2015-2026";"Computers in Earth Sciences (Q1); Geography, Planning and Development (Q1)";"Earth and Planetary Sciences; Social Sciences"
109;20902;"Environment, Development and Sustainability";journal;"1387585X, 15732975";"Springer Science and Business Media B.V.";No;No;0,889;Q1;112;590;1799;41303;9878;1794;5,47;70,01;33,21;55;Netherlands;Western Europe;"Springer Science and Business Media B.V.";"1999-2026";"Geography, Planning and Development (Q1); Economics and Econometrics (Q2); Management, Monitoring, Policy and Law (Q2)";"Economics, Econometrics and Finance; Environmental Science; Social Sciences"
110;16777;"Capitalism, Nature, Socialism";journal;"10455752, 15483290";"Taylor and Francis Ltd.";No;No;0,883;Q1;47;42;106;1462;265;80;1,75;34,81;28,13;2;United Kingdom;Western Europe;"Taylor and Francis Ltd.";"1988-2026";"Geography, Planning and Development (Q1); Political Science and International Relations (Q1); Management, Monitoring, Policy and Law (Q2)";"Environmental Science; Social Sciences"
111;21100305261;"Extractive Industries and Society";journal;"22147918, 2214790X";"Elsevier Ltd";No;No;0,883;Q1;67;153;504;10787;2037;466;3,92;70,50;43,73;34;United Kingdom;Western Europe;"Elsevier Ltd";"2014-2026";"Development (Q1); Geography, Planning and Development (Q1); Economic Geology (Q2); Management, Monitoring, Policy and Law (Q2)";"Earth and Planetary Sciences; Environmental Science; Social Sciences"
112;21100870585;"Environmental Sociology";journal;"23251042";"Taylor and Francis Ltd.";No;No;0,881;Q1;38;45;110;3072;346;106;3,07;68,27;44,71;9;United Kingdom;Western Europe;"Taylor and Francis Ltd.";"2015-2026";"Ecology (Q1); Geography, Planning and Development (Q1); Sociology and Political Science (Q1); Management, Monitoring, Policy and Law (Q2)";"Environmental Science; Social Sciences"
113;12457;"Progress in Physical Geography";journal;"14770296, 03091333";"SAGE Publications Ltd";No;No;0,861;Q1;129;49;160;4155;537;153;3,19;84,80;39,90;1;United Kingdom;Western Europe;"SAGE Publications Ltd";"1977-2026";"Earth and Planetary Sciences (miscellaneous) (Q1); Geography, Planning and Development (Q1)";"Earth and Planetary Sciences; Social Sciences"
114;18700156719;"Journal of Flood Risk Management";journal;"1753318X";"John Wiley and Sons Inc";Yes;No;0,855;Q1;66;63;257;3658;995;238;3,46;58,06;31,47;6;United States;Northern America;"John Wiley and Sons Inc";"2009-2026";"Environmental Engineering (Q1); Geography, Planning and Development (Q1); Safety, Risk, Reliability and Quality (Q1); Water Science and Technology (Q1)";"Engineering; Environmental Science; Social Sciences"
115;85667;"EuroChoices";journal;"14780917, 1746692X";"John Wiley and Sons Inc";No;No;0,849;Q1;28;33;105;351;252;74;1,79;10,64;40,35;0;United States;Northern America;"John Wiley and Sons Inc";"2002-2026";"Economics, Econometrics and Finance (miscellaneous) (Q1); Geography, Planning and Development (Q1)";"Economics, Econometrics and Finance; Social Sciences"
116;13278;"International Journal of Housing Policy";journal;"19491247, 19491255";"Taylor and Francis Ltd.";No;No;0,849;Q1;49;41;89;2501;283;75;2,31;61,00;55,21;17;United Kingdom;Western Europe;"Taylor and Francis Ltd.";"2014-2026";"Geography, Planning and Development (Q1); Management, Monitoring, Policy and Law (Q2)";"Environmental Science; Social Sciences"
117;21101160648;"Journal on Migration and Human Security";journal;"23302488, 23315024";"SAGE Publications Inc.";No;No;0,848;Q1;34;20;48;1161;150;48;2,73;58,05;57,14;6;United States;Northern America;"SAGE Publications Inc.";"2013-2026";"Demography (Q1); Geography, Planning and Development (Q1)";"Social Sciences"
118;19700187804;"Children's Geographies";journal;"14733277, 14733285";"Carfax Publishing Ltd.";No;No;0,845;Q1;74;89;204;5100;640;197;2,72;57,30;69,75;8;United Kingdom;Western Europe;"Carfax Publishing Ltd.";"2003-2026";"Geography, Planning and Development (Q1); Sociology and Political Science (Q1); Social Psychology (Q2)";"Psychology; Social Sciences"
119;18700156722;"Agribusiness";journal;"07424477, 15206297";"Wiley-VCH Verlag";No;No;0,843;Q1;60;77;140;4379;528;138;3,91;56,87;40,47;16;United States;Northern America;"Wiley-VCH Verlag";"1985-2026";"Agronomy and Crop Science (Q1); Animal Science and Zoology (Q1); Food Science (Q1); Geography, Planning and Development (Q1); Economics and Econometrics (Q2)";"Agricultural and Biological Sciences; Economics, Econometrics and Finance; Social Sciences"
120;25205;"Papers in Regional Science";journal;"14355957, 10568190";"Elsevier B.V.";Yes;No;0,842;Q1;85;47;201;3033;532;199;2,43;64,53;31,25;8;Netherlands;Western Europe;"Elsevier B.V.";"1955-2026";"Environmental Science (miscellaneous) (Q1); Geography, Planning and Development (Q1)";"Environmental Science; Social Sciences"
121;23346;"Journal of Environment and Development";journal;"15525465, 10704965";"SAGE Publications Inc.";No;No;0,841;Q1;56;20;50;1339;194;49;3,94;66,95;36,54;2;United States;Northern America;"SAGE Publications Inc.";"1992-2026";"Development (Q1); Geography, Planning and Development (Q1); Management, Monitoring, Policy and Law (Q2)";"Environmental Science; Social Sciences"
122;6500153241;"City";journal;"13604813, 14703629";"Taylor and Francis Ltd.";No;No;0,839;Q1;73;55;163;3064;376;144;1,98;55,71;52,11;4;United Kingdom;Western Europe;"Taylor and Francis Ltd.";"2005-2026";"Geography, Planning and Development (Q1); Urban Studies (Q1)";"Social Sciences"
123;19900188083;"Island Studies Journal";journal;"17152593";"";Yes;Yes;0,838;Q1;35;27;105;1613;251;102;2,24;59,74;53,70;1;Hong Kong;Asiatic Region;"";"2010-2025";"Geography, Planning and Development (Q1); Political Science and International Relations (Q1); Sociology and Political Science (Q1)";"Social Sciences"
124;21100207601;"International Journal of Climate Change Strategies and Management";journal;"17568692";"Emerald Group Publishing Ltd.";Yes;No;0,835;Q1;46;42;103;2481;536;101;4,54;59,07;35,61;0;United Kingdom;Western Europe;"Emerald Group Publishing Ltd.";"2009-2026";"Development (Q1); Geography, Planning and Development (Q1); Global and Planetary Change (Q2); Management, Monitoring, Policy and Law (Q2)";"Environmental Science; Social Sciences"
125;17700156755;"Tourism and Hospitality Research";journal;"14673584, 17429692";"SAGE Publications Inc.";No;No;0,833;Q1;64;46;113;3085;544;111;4,97;67,07;47,83;3;United Kingdom;Western Europe;"SAGE Publications Inc.";"2004-2026";"Geography, Planning and Development (Q1); Tourism, Leisure and Hospitality Management (Q2)";"Business, Management and Accounting; Social Sciences"
126;20960;"Science and Public Policy";journal;"03023427, 14715430";"Oxford University Press";No;No;0,823;Q1;91;84;224;5882;678;224;2,95;70,02;44,08;28;United Kingdom;Western Europe;"Oxford University Press";"1974, 1976-1982, 1984-2026";"Geography, Planning and Development (Q1); Public Administration (Q1); Management, Monitoring, Policy and Law (Q2)";"Environmental Science; Social Sciences"
127;29238;"International Research in Geographical and Environmental Education";journal;"17477611, 10382046";"Taylor and Francis Ltd.";No;No;0,818;Q1;42;23;73;979;184;61;1,92;42,57;51,11;1;United Kingdom;Western Europe;"Taylor and Francis Ltd.";"1992-2025";"Education (Q1); Geography, Planning and Development (Q1); Management, Monitoring, Policy and Law (Q2)";"Environmental Science; Social Sciences"
128;21101107314;"Buildings and Cities";journal;"26326655";"Ubiquity Press";Yes;No;0,817;Q1;26;57;159;3292;564;151;2,95;57,75;43,92;9;United Kingdom;Western Europe;"Ubiquity Press";"2020-2026";"Architecture (Q1); Building and Construction (Q1); Environmental Science (miscellaneous) (Q1); Geography, Planning and Development (Q1); Urban Studies (Q1); Management, Monitoring, Policy and Law (Q2)";"Engineering; Environmental Science; Social Sciences"
129;11600154613;"Environmental Hazards";journal;"17477891, 18780059";"Taylor and Francis Ltd.";No;No;0,816;Q1;67;25;84;1686;362;79;3,24;67,44;36,05;5;United Kingdom;Western Europe;"Taylor and Francis Ltd.";"1983, 1999-2003, 2005, 2007, 2009-2026";"Development (Q1); Environmental Science (miscellaneous) (Q1); Geography, Planning and Development (Q1); Sociology and Political Science (Q1); Global and Planetary Change (Q2)";"Environmental Science; Social Sciences"
130;21101063838;"Regional Sustainability";journal;"2666660X, 20970129";"KeAi Communications Co.";Yes;Yes;0,816;Q1;27;36;69;2199;334;69;4,77;61,08;38,66;3;China;Asiatic Region;"KeAi Communications Co.";"2020-2025";"Development (Q1); Geography, Planning and Development (Q1); Urban Studies (Q1); Renewable Energy, Sustainability and the Environment (Q2)";"Energy; Social Sciences"
131;50054;"Journal of Water Resources Planning and Management - ASCE";journal;"07339496";"American Society of Civil Engineers (ASCE)";No;No;0,814;Q1;122;120;481;6081;1485;451;2,91;50,68;29,88;0;United States;Northern America;"American Society of Civil Engineers (ASCE)";"1980-2026";"Civil and Structural Engineering (Q1); Geography, Planning and Development (Q1); Water Science and Technology (Q1); Management, Monitoring, Policy and Law (Q2)";"Engineering; Environmental Science; Social Sciences"
132;21101060166;"Research in Globalization";journal;"2590051X";"Elsevier B.V.";Yes;No;0,813;Q1;29;72;91;4444;567;91;4,49;61,72;28,50;11;Netherlands;Western Europe;"Elsevier B.V.";"2019-2026";"Development (Q1); Economics, Econometrics and Finance (miscellaneous) (Q1); Geography, Planning and Development (Q1); Urban Studies (Q1); Environmental Science (miscellaneous) (Q2); Global and Planetary Change (Q2)";"Economics, Econometrics and Finance; Environmental Science; Social Sciences"
133;13928;"Journal of Planning Education and Research";journal;"0739456X, 15526577";"SAGE Publications Inc.";No;No;0,797;Q1;94;82;138;3979;377;113;2,69;48,52;36,96;0;United States;Northern America;"SAGE Publications Inc.";"1981-2026";"Development (Q1); Geography, Planning and Development (Q1); Urban Studies (Q1)";"Social Sciences"
134;14506;"Local Environment";journal;"14696711, 13549839";"Routledge";No;No;0,796;Q1;90;94;250;6505;800;232;3,06;69,20;47,37;12;United Kingdom;Western Europe;"Routledge";"1996-2026";"Geography, Planning and Development (Q1); Management, Monitoring, Policy and Law (Q2)";"Environmental Science; Social Sciences"
135;21100970323;"Sustainable and Resilient Infrastructure";journal;"23789689, 23789697";"Taylor and Francis Ltd.";No;No;0,794;Q1;34;64;108;3626;476;105;3,52;56,66;30,96;4;United States;Northern America;"Taylor and Francis Ltd.";"2016-2026";"Building and Construction (Q1); Civil and Structural Engineering (Q1); Geography, Planning and Development (Q1); Safety, Risk, Reliability and Quality (Q1)";"Engineering; Social Sciences"
136;18300156732;"International Perspectives on Sexual and Reproductive Health";journal;"19440405, 19440391";"Alan Guttmacher Institute";No;No;0,793;Q1;41;0;34;0;150;32;0,00;0,00;0,00;0;United States;Northern America;"Alan Guttmacher Institute";"2009-2020";"Demography (Q1); Geography, Planning and Development (Q1); Public Health, Environmental and Occupational Health (Q2)";"Medicine; Social Sciences"
137;21100870078;"PFG - Journal of Photogrammetry, Remote Sensing and Geoinformation Science";journal;"25122819, 25122789";"Springer International Publishing AG";No;No;0,790;Q1;39;30;88;1514;339;78;2,25;50,47;16,96;0;Switzerland;Western Europe;"Springer International Publishing AG";"2017-2026";"Earth and Planetary Sciences (miscellaneous) (Q1); Geography, Planning and Development (Q1); Instrumentation (Q1)";"Earth and Planetary Sciences; Physics and Astronomy; Social Sciences"
138;29274;"Journal of Geography";journal;"17526868, 00221341";"Taylor and Francis Ltd.";No;No;0,789;Q1;43;14;64;802;168;57;1,80;57,29;50,00;0;United Kingdom;Western Europe;"Taylor and Francis Ltd.";"1902-2026";"Earth-Surface Processes (Q1); Education (Q1); Geography, Planning and Development (Q1)";"Earth and Planetary Sciences; Social Sciences"
139;21100463834;"Territory, Politics, Governance";journal;"2162268X, 21622671";"Routledge";No;No;0,789;Q1;42;96;138;7238;407;122;2,33;75,40;37,70;25;United States;Northern America;"Routledge";"2013-2026";"Geography, Planning and Development (Q1); Political Science and International Relations (Q1)";"Social Sciences"
140;28911;"Leisure Studies";journal;"14664496, 02614367";"Routledge";No;No;0,787;Q1;86;67;182;3951;549;172;2,62;58,97;51,45;3;United Kingdom;Western Europe;"Routledge";"1981-2026";"Geography, Planning and Development (Q1); Tourism, Leisure and Hospitality Management (Q2)";"Business, Management and Accounting; Social Sciences"
141;4400151417;"Integrated Environmental Assessment and Management";journal;"15513793, 15513777";"Oxford University Press";No;No;0,781;Q1;83;146;382;7651;1176;335;3,30;52,40;45,26;19;United States;Northern America;"Oxford University Press";"2005-2026";"Geography, Planning and Development (Q1); Environmental Science (miscellaneous) (Q2); Medicine (miscellaneous) (Q2)";"Environmental Science; Medicine; Social Sciences"
142;21101076323;"Digital Geography and Society";journal;"26663783";"Elsevier Ltd";Yes;No;0,777;Q1;17;26;39;1849;138;38;3,55;71,12;60,71;2;United Kingdom;Western Europe;"Elsevier Ltd";"2020-2026";"Development (Q1); Geography, Planning and Development (Q1); Social Sciences (miscellaneous) (Q1); Computer Science Applications (Q2); Information Systems (Q2)";"Computer Science; Social Sciences"
143;13936;"Journal of Urban Affairs";journal;"07352166, 14679906";"Taylor and Francis Ltd.";No;No;0,775;Q1;78;91;220;6494;553;205;1,94;71,36;31,40;14;United Kingdom;Western Europe;"Taylor and Francis Ltd.";"1979-2026";"Geography, Planning and Development (Q1); Sociology and Political Science (Q1); Urban Studies (Q1)";"Social Sciences"
144;25202;"Chinese Geographical Science";journal;"10020063, 1993064X";"Science Press";No;No;0,774;Q1;60;74;228;4341;839;228;3,54;58,66;39,29;1;China;Asiatic Region;"Science Press";"1991-2026";"Earth and Planetary Sciences (miscellaneous) (Q1); Geography, Planning and Development (Q1)";"Earth and Planetary Sciences; Social Sciences"
145;21100844181;"International Journal of Tourism Cities";journal;"20565615, 20565607";"Emerald Group Publishing Ltd.";No;No;0,770;Q1;41;61;182;4575;675;177;3,48;75,00;48,03;0;United Kingdom;Western Europe;"Emerald Group Publishing Ltd.";"2015-2024";"Geography, Planning and Development (Q1); Management, Monitoring, Policy and Law (Q2); Tourism, Leisure and Hospitality Management (Q2)";"Business, Management and Accounting; Environmental Science; Social Sciences"
146;28694;"Geographical Journal";journal;"00167398, 14754959";"Wiley-Blackwell Publishing Ltd";No;No;0,758;Q1;84;61;115;3310;419;93;3,79;54,26;45,06;12;United Kingdom;Western Europe;"Wiley-Blackwell Publishing Ltd";"1973, 1975-1976, 1978-1994, 1996-2026";"Earth-Surface Processes (Q1); Geography, Planning and Development (Q1)";"Earth and Planetary Sciences; Social Sciences"
147;19700201157;"Urban Research and Practice";journal;"17535069, 17535077";"Taylor and Francis Ltd.";No;No;0,757;Q1;39;42;98;2277;274;95;2,58;54,21;36,05;6;United Kingdom;Western Europe;"Taylor and Francis Ltd.";"2008-2026";"Geography, Planning and Development (Q1); Urban Studies (Q1)";"Social Sciences"
148;21100409410;"International Journal of Disaster Risk Science";journal;"21926395, 20950055";"Beijing Normal University Press";Yes;Yes;0,754;Q1;63;72;206;3998;826;199;3,15;55,53;31,93;5;China;Asiatic Region;"Beijing Normal University Press";"2010-2026";"Geography, Planning and Development (Q1); Safety Research (Q1); Management, Monitoring, Policy and Law (Q2); Global and Planetary Change (Q3)";"Environmental Science; Social Sciences"
149;12000154485;"Journal of Land Use Science";journal;"1747423X, 17474248";"Taylor and Francis Ltd.";Yes;No;0,753;Q1;50;21;109;1417;334;102;2,98;67,48;32,94;0;United Kingdom;Western Europe;"Taylor and Francis Ltd.";"2006-2026";"Earth-Surface Processes (Q1); Geography, Planning and Development (Q1); Management, Monitoring, Policy and Law (Q2)";"Earth and Planetary Sciences; Environmental Science; Social Sciences"
150;23552;"Cultural geographies";journal;"14744740, 14770881";"SAGE Publications Ltd";No;No;0,751;Q1;75;42;135;0;288;132;2,10;0,00;61,11;0;United Kingdom;Western Europe;"SAGE Publications Ltd";"1994-1998, 2002-2026";"Cultural Studies (Q1); Geography, Planning and Development (Q1); Environmental Science (miscellaneous) (Q2)";"Environmental Science; Social Sciences"
151;21101064807;"Cleaner and Responsible Consumption";journal;"26667843";"Elsevier B.V.";Yes;No;0,750;Q1;33;64;87;4349;382;87;4,34;67,95;37,57;6;United Kingdom;Western Europe;"Elsevier B.V.";"2020-2026";"Geography, Planning and Development (Q1); Social Sciences (miscellaneous) (Q1); Economics and Econometrics (Q2); Environmental Engineering (Q2); Environmental Science (miscellaneous) (Q2); Management, Monitoring, Policy and Law (Q2); Renewable Energy, Sustainability and the Environment (Q2)";"Economics, Econometrics and Finance; Energy; Environmental Science; Social Sciences"
152;21101136809;"Current Research in Ecological and Social Psychology";journal;"26666227";"Elsevier B.V.";Yes;No;0,747;Q1;17;90;69;6415;160;68;2,39;71,28;50,34;5;Netherlands;Western Europe;"Elsevier B.V.";"2020-2026";"Geography, Planning and Development (Q1); Human Factors and Ergonomics (Q2); Psychology (miscellaneous) (Q2); Social Psychology (Q2)";"Psychology; Social Sciences"
153;13893;"International Planning Studies";journal;"14699265, 13563475";"Routledge";No;No;0,742;Q1;55;23;79;1458;198;76;2,27;63,39;31,11;2;United Kingdom;Western Europe;"Routledge";"1996-2026";"Geography, Planning and Development (Q1)";"Social Sciences"
154;21100854471;"Migration Studies";journal;"20495838, 20495846";"Oxford University Press";No;No;0,732;Q1;30;33;145;1873;388;142;2,52;56,76;64,63;12;United Kingdom;Western Europe;"Oxford University Press";"2016-2026";"Demography (Q1); Geography, Planning and Development (Q1)";"Social Sciences"
155;21617;"Nations and Nationalism";journal;"14698129, 13545078";"Wiley-Blackwell Publishing Ltd";No;No;0,731;Q1;64;92;238;5966;539;232;1,75;64,85;36,84;7;United Kingdom;Western Europe;"Wiley-Blackwell Publishing Ltd";"1995-2026";"Arts and Humanities (miscellaneous) (Q1); Geography, Planning and Development (Q1); Political Science and International Relations (Q1)";"Arts and Humanities; Social Sciences"
156;21100208039;"International Journal of Urban Sustainable Development";journal;"19463138, 19463146";"Taylor and Francis Ltd.";Yes;No;0,728;Q1;33;19;98;1408;253;96;2,25;74,11;26,09;2;United Kingdom;Western Europe;"Taylor and Francis Ltd.";"2010-2026";"Development (Q1); Geography, Planning and Development (Q1); Urban Studies (Q1); Management, Monitoring, Policy and Law (Q2)";"Environmental Science; Social Sciences"
157;5700162683;"Globalizations";journal;"1474774X, 14747731";"Taylor and Francis Ltd.";No;No;0,727;Q1;66;111;312;7251;981;302;3,15;65,32;46,75;16;United Kingdom;Western Europe;"Taylor and Francis Ltd.";"2004-2026";"Economics, Econometrics and Finance (miscellaneous) (Q1); Geography, Planning and Development (Q1); Public Administration (Q1); Sociology and Political Science (Q1); Management, Monitoring, Policy and Law (Q2)";"Economics, Econometrics and Finance; Environmental Science; Social Sciences"
158;110302;"Geografiska Annaler, Series B: Human Geography";journal;"04353684, 14680467";"Taylor and Francis Ltd.";No;No;0,726;Q1;75;25;71;1911;138;66;1,67;76,44;55,00;1;United Kingdom;Western Europe;"Taylor and Francis Ltd.";"1976, 1978-1979, 1982-2026";"Geography, Planning and Development (Q1)";"Social Sciences"
159;5700164337;"Journal of Tourism and Cultural Change";journal;"14766825, 17477654";"Routledge";No;No;0,725;Q1;46;41;136;2511;409;134;2,99;61,24;51,85;0;United Kingdom;Western Europe;"Routledge";"2003-2026";"Cultural Studies (Q1); Geography, Planning and Development (Q1); Nature and Landscape Conservation (Q1); Tourism, Leisure and Hospitality Management (Q2); Transportation (Q2)";"Business, Management and Accounting; Environmental Science; Social Sciences"
160;21100255400;"Water (Switzerland)";journal;"20734441";"Multidisciplinary Digital Publishing Institute (MDPI)";Yes;No;0,724;Q1;145;4294;11322;247435;41205;11096;3,33;57,62;35,78;141;Switzerland;Western Europe;"Multidisciplinary Digital Publishing Institute (MDPI)";"2009-2026";"Aquatic Science (Q1); Geography, Planning and Development (Q1); Water Science and Technology (Q1); Biochemistry (Q2)";"Agricultural and Biological Sciences; Biochemistry, Genetics and Molecular Biology; Environmental Science; Social Sciences"
161;11600153918;"Environmental Justice";journal;"19394071, 19375174";"Mary Ann Liebert Inc.";No;No;0,719;Q1;39;47;115;2374;268;111;2,04;50,51;60,84;11;United States;Northern America;"Mary Ann Liebert Inc.";"2008-2026";"Geography, Planning and Development (Q1); Health, Toxicology and Mutagenesis (Q2); Management, Monitoring, Policy and Law (Q2)";"Environmental Science; Social Sciences"
162;21100803393;"Journal of Palaeogeography";journal;"20953836, 25244507";"Elsevier B.V.";Yes;No;0,718;Q1;36;30;92;3002;253;92;2,38;100,07;21,23;0;Netherlands;Western Europe;"Elsevier B.V.";"2012-2026";"Earth-Surface Processes (Q1); Geography, Planning and Development (Q1); Paleontology (Q1)";"Earth and Planetary Sciences; Social Sciences"
163;23465;"China Quarterly";journal;"03057410, 14682648";"Cambridge University Press";No;No;0,716;Q1;109;58;154;2657;359;154;2,27;45,81;39,00;0;United Kingdom;Western Europe;"Cambridge University Press";"1960-2026";"Development (Q1); Geography, Planning and Development (Q1); Political Science and International Relations (Q1)";"Social Sciences"
164;37958;"Geographical Review";journal;"00167428, 19310846";"Taylor and Francis Inc.";Yes;No;0,713;Q1;60;32;102;1949;271;97;2,47;60,91;33,33;6;United States;Northern America;"Taylor and Francis Inc.";"1969, 1973, 1976, 1979-2026";"Earth-Surface Processes (Q1); Geography, Planning and Development (Q1)";"Earth and Planetary Sciences; Social Sciences"
165;21100427639;"ISPRS International Journal of Geo-Information";journal;"22209964";"Multidisciplinary Digital Publishing Institute (MDPI)";Yes;No;0,712;Q1;97;504;2200;28215;8070;2185;3,38;55,98;35,48;11;Switzerland;Western Europe;"Multidisciplinary Digital Publishing Institute (MDPI)";"2012-2026";"Earth and Planetary Sciences (miscellaneous) (Q1); Geography, Planning and Development (Q1); Computers in Earth Sciences (Q2)";"Earth and Planetary Sciences; Social Sciences"
166;17500155125;"Emotion, Space and Society";journal;"17554586, 18780040";"Elsevier B.V.";No;No;0,711;-;58;29;147;1865;344;143;2,01;64,31;73,44;1;Netherlands;Western Europe;"Elsevier B.V.";"2008-2026";"Experimental and Cognitive Psychology (Q2); Social Psychology (Q2)";"Psychology"
167;80321;"Pacific Review";journal;"09512748, 14701332";"Taylor and Francis Ltd.";No;No;0,708;Q1;63;52;123;4569;329;122;2,78;87,87;46,97;25;United Kingdom;Western Europe;"Taylor and Francis Ltd.";"1988-2026";"Geography, Planning and Development (Q1); Sociology and Political Science (Q1)";"Social Sciences"
168;16474;"Journal of Contemporary China";journal;"10670564, 14699400";"Routledge";No;No;0,707;Q1;73;62;178;0;564;178;2,73;0,00;32,00;19;United Kingdom;Western Europe;"Routledge";"1992-2026";"Development (Q1); Geography, Planning and Development (Q1); Political Science and International Relations (Q1)";"Social Sciences"
169;20053;"International Journal of Public Sector Management";journal;"09513558";"Emerald Group Publishing Ltd.";No;No;0,706;Q1;74;35;131;2210;430;129;2,47;63,14;53,47;0;United Kingdom;Western Europe;"Emerald Group Publishing Ltd.";"1970, 1988-2026";"Geography, Planning and Development (Q1); Political Science and International Relations (Q1); Management, Monitoring, Policy and Law (Q2); Public Administration (Q2)";"Environmental Science; Social Sciences"
170;16800154727;"Water Alternatives";journal;"19650175";"Water Alternatives Association";Yes;Yes;0,706;Q1;59;42;116;3947;350;116;3,09;93,98;54,24;0;France;Western Europe;"Water Alternatives Association";"2008-2025";"Geography, Planning and Development (Q1); Political Science and International Relations (Q1); Water Science and Technology (Q1); Management, Monitoring, Policy and Law (Q2)";"Environmental Science; Social Sciences"
171;14175;"European Journal of Development Research";journal;"17439728, 09578811";"Palgrave Macmillan Ltd.";No;No;0,705;Q1;70;58;278;3276;817;261;2,44;56,48;48,89;32;United Kingdom;Western Europe;"Palgrave Macmillan Ltd.";"1989-2026";"Development (Q1); Geography, Planning and Development (Q1)";"Social Sciences"
172;25847;"International Studies Perspectives";journal;"15283577, 15283585";"Oxford University Press";No;No;0,704;Q1;61;21;64;1418;139;64;1,93;67,52;54,29;2;United Kingdom;Western Europe;"Oxford University Press";"2000-2026";"Geography, Planning and Development (Q1); Political Science and International Relations (Q1)";"Social Sciences"
173;26459;"Latin American Politics and Society";journal;"15482456, 1531426X";"Cambridge University Press";No;No;0,704;Q1;58;29;88;1759;152;80;1,23;60,66;23,08;5;United States;Northern America;"Cambridge University Press";"2001-2026";"Geography, Planning and Development (Q1); Political Science and International Relations (Q1); Sociology and Political Science (Q1)";"Social Sciences"
174;13953;"Journal of Urban Design";journal;"14699664, 13574809";"Routledge";No;No;0,701;Q1;68;32;134;1796;308;108;1,65;56,13;43,59;1;United Kingdom;Western Europe;"Routledge";"1996-2026";"Arts and Humanities (miscellaneous) (Q1); Geography, Planning and Development (Q1); Urban Studies (Q1)";"Arts and Humanities; Social Sciences"
175;29568;"Town Planning Review";journal;"1478341X, 00410020";"Liverpool University Press";No;No;0,701;Q1;54;36;141;1863;258;138;1,55;51,75;37,66;1;United Kingdom;Western Europe;"Liverpool University Press";"1977-2026";"Geography, Planning and Development (Q1); Urban Studies (Q1)";"Social Sciences"
176;50039;"Review of Policy Research";journal;"1541132X, 15411338";"Wiley-Blackwell Publishing Ltd";No;No;0,699;Q1;63;50;108;3506;259;99;2,31;70,12;42,50;16;United Kingdom;Western Europe;"Wiley-Blackwell Publishing Ltd";"1981-1995, 1998-2026";"Geography, Planning and Development (Q1); Political Science and International Relations (Q1); Sociology and Political Science (Q1); Management, Monitoring, Policy and Law (Q2); Public Administration (Q2)";"Environmental Science; Social Sciences"
177;27639;"Cartography and Geographic Information Science";journal;"15230406";"Taylor and Francis Ltd.";No;No;0,697;Q1;73;37;104;2175;317;101;3,27;58,78;37,23;0;United Kingdom;Western Europe;"Taylor and Francis Ltd.";"1997-2026";"Geography, Planning and Development (Q1); Civil and Structural Engineering (Q2); Management of Technology and Innovation (Q2)";"Business, Management and Accounting; Engineering; Social Sciences"
178;21100229269;"International Journal of Urban Sciences";journal;"12265934, 21616779";"Taylor and Francis Ltd.";No;No;0,697;Q1;38;43;107;2772;386;103;3,47;64,47;32,17;4;United Kingdom;Western Europe;"Taylor and Francis Ltd.";"1998-2026";"Geography, Planning and Development (Q1); Urban Studies (Q1)";"Social Sciences"
179;24506;"GeoInformatica";journal;"15737624, 13846175";"Kluwer Academic Publishers";No;No;0,695;Q1;67;30;94;1386;254;88;2,54;46,20;34,75;0;Netherlands;Western Europe;"Kluwer Academic Publishers";"1997-2026";"Geography, Planning and Development (Q1); Information Systems (Q2)";"Computer Science; Social Sciences"
180;26359;"Journal of International Relations and Development";journal;"14086980, 15811980";"Palgrave Macmillan Ltd.";No;No;0,690;Q1;49;39;133;2781;262;130;1,88;71,31;47,54;11;United Kingdom;Western Europe;"Palgrave Macmillan Ltd.";"1998-2026";"Development (Q1); Geography, Planning and Development (Q1); Political Science and International Relations (Q1)";"Social Sciences"
181;21100254652;"Water Resources and Industry";journal;"22123717";"Elsevier B.V.";Yes;No;0,690;Q1;56;35;69;2565;351;69;4,96;73,29;33,57;2;Netherlands;Western Europe;"Elsevier B.V.";"2013-2026";"Geography, Planning and Development (Q1); Water Science and Technology (Q1)";"Environmental Science; Social Sciences"
182;21100283790;"Case Studies on Transport Policy";journal;"22136258, 2213624X";"Elsevier B.V.";No;No;0,687;Q1;50;147;559;7873;1671;558;2,84;53,56;29,60;17;Netherlands;Western Europe;"Elsevier B.V.";"2013-2026";"Geography, Planning and Development (Q1); Urban Studies (Q1); Transportation (Q2)";"Social Sciences"
183;15039;"African Affairs";journal;"00019909, 14682621";"Oxford University Press";No;No;0,686;Q1;93;25;87;1510;215;86;2,12;60,40;35,14;3;United Kingdom;Western Europe;"Oxford University Press";"1901-2025";"Geography, Planning and Development (Q1); Sociology and Political Science (Q1)";"Social Sciences"
184;5700154545;"International Journal of Heritage Studies";journal;"14703610, 13527258";"Taylor and Francis Ltd.";No;No;0,686;Q1;72;80;237;5010;633;231;2,61;62,63;51,05;1;United Kingdom;Western Europe;"Taylor and Francis Ltd.";"1994-2026";"Conservation (Q1); Cultural Studies (Q1); Geography, Planning and Development (Q1); History (Q1); Museology (Q1); Tourism, Leisure and Hospitality Management (Q2)";"Arts and Humanities; Business, Management and Accounting; Social Sciences"
185;27511;"Australian Geographer";journal;"14653311, 00049182";"Routledge";No;No;0,682;Q1;58;36;78;1833;194;77;1,79;50,92;56,25;3;United Kingdom;Western Europe;"Routledge";"1928-1929, 1931-1943, 1945-1948, 1950-2026";"Earth-Surface Processes (Q1); Geography, Planning and Development (Q1)";"Earth and Planetary Sciences; Social Sciences"
186;7100153133;"Spatial Economic Analysis";journal;"17421780, 17421772";"Routledge";No;No;0,682;Q1;44;32;91;1433;188;76;1,97;44,78;22,54;6;United Kingdom;Western Europe;"Routledge";"2006-2026";"Earth and Planetary Sciences (miscellaneous) (Q1); Economics, Econometrics and Finance (miscellaneous) (Q1); Geography, Planning and Development (Q1); Statistics, Probability and Uncertainty (Q2)";"Decision Sciences; Earth and Planetary Sciences; Economics, Econometrics and Finance; Social Sciences"
187;19700188305;"Journal of Agricultural Education and Extension";journal;"1389224X, 17508622";"Taylor and Francis Ltd.";No;No;0,680;Q1;44;31;104;1804;310;90;2,96;58,19;44,80;0;United Kingdom;Western Europe;"Taylor and Francis Ltd.";"2010-2026";"Agricultural and Biological Sciences (miscellaneous) (Q1); Geography, Planning and Development (Q1); Education (Q2)";"Agricultural and Biological Sciences; Social Sciences"
188;28216;"Geocarto International";journal;"17520762, 10106049";"Taylor and Francis Ltd.";Yes;No;0,675;Q1;75;179;1099;11589;3881;1097;3,52;64,74;27,26;6;United Kingdom;Western Europe;"Taylor and Francis Ltd.";"1986-2026";"Geography, Planning and Development (Q1); Water Science and Technology (Q2)";"Environmental Science; Social Sciences"
189;130140;"Geographical Research";journal;"17455863, 17455871";"Wiley-Blackwell Publishing Ltd";No;No;0,675;Q1;61;47;134;2423;341;107;2,49;51,55;40,00;5;United Kingdom;Western Europe;"Wiley-Blackwell Publishing Ltd";"2005-2026";"Geography, Planning and Development (Q1); Earth-Surface Processes (Q2)";"Earth and Planetary Sciences; Social Sciences"
190;19900193691;"Journal of Political Ecology";journal;"10730451";"University of Arizona Libraries";Yes;Yes;0,675;Q1;48;51;146;4788;386;145;2,18;93,88;52,46;1;United States;Northern America;"University of Arizona Libraries";"1999, 2001-2002, 2004, 2011-2026";"Geography, Planning and Development (Q1); Political Science and International Relations (Q1); Ecology (Q2)";"Environmental Science; Social Sciences"
191;21100240100;"Sustainability (Switzerland)";journal;"20711050";"Multidisciplinary Digital Publishing Institute (MDPI)";Yes;No;0,672;Q1;242;16596;41600;1032593;180502;41251;3,95;62,22;37,40;687;Switzerland;Western Europe;"Multidisciplinary Digital Publishing Institute (MDPI)";"2009-2026";"Geography, Planning and Development (Q1); Computer Networks and Communications (Q2); Energy Engineering and Power Technology (Q2); Environmental Science (miscellaneous) (Q2); Hardware and Architecture (Q2); Management, Monitoring, Policy and Law (Q2); Renewable Energy, Sustainability and the Environment (Q2)";"Computer Science; Energy; Environmental Science; Social Sciences"
192;19700167025;"Spatial and Spatio-temporal Epidemiology";journal;"18775845, 18775853";"Elsevier Ltd";No;No;0,667;Q1;38;44;148;2130;403;147;2,35;48,41;40,86;3;United Kingdom;Western Europe;"Elsevier Ltd";"2009-2026";"Geography, Planning and Development (Q1); Epidemiology (Q2); Health, Toxicology and Mutagenesis (Q2); Infectious Diseases (Q2)";"Environmental Science; Medicine; Social Sciences"
193;21101131421;"Consumer Behavior in Tourism and Hospitality";journal;"27526674, 27526666";"Emerald Publishing";No;No;0,664;Q1;56;37;145;2561;493;140;2,74;69,22;40,82;0;United Kingdom;Western Europe;"Emerald Publishing";"2022-2026";"Geography, Planning and Development (Q1); Tourism, Leisure and Hospitality Management (Q2)";"Business, Management and Accounting; Social Sciences"
194;28042;"Journal of Geographical Systems";journal;"14355949, 14355930";"Springer Verlag";No;No;0,663;Q1;67;30;77;1451;217;67;3,22;48,37;30,99;2;Germany;Western Europe;"Springer Verlag";"1999-2026";"Geography, Planning and Development (Q1); Earth-Surface Processes (Q2); Economics and Econometrics (Q2)";"Earth and Planetary Sciences; Economics, Econometrics and Finance; Social Sciences"
195;14851;"Journal of International Trade and Economic Development";journal;"09638199, 14699559";"Routledge";No;No;0,659;Q1;50;57;172;3021;446;171;2,64;53,00;29,75;8;United Kingdom;Western Europe;"Routledge";"1992-2026";"Development (Q1); Geography, Planning and Development (Q1); Aerospace Engineering (Q2)";"Engineering; Social Sciences"
196;21101079132;"Wellbeing, Space and Society";journal;"26665581";"Elsevier B.V.";Yes;No;0,659;Q1;21;61;96;3965;270;96;2,82;65,00;67,53;10;Netherlands;Western Europe;"Elsevier B.V.";"2020-2026";"Geography, Planning and Development (Q1); Social Sciences (miscellaneous) (Q1); Health (social science) (Q2)";"Social Sciences"
197;18463;"Africa";journal;"00019720, 17500184";"Cambridge University Press";No;No;0,658;Q1;57;32;128;1895;184;127;1,25;59,22;48,57;0;United Kingdom;Western Europe;"Cambridge University Press";"1928-1940, 1943-2025";"Anthropology (Q1); Arts and Humanities (miscellaneous) (Q1); Geography, Planning and Development (Q1)";"Arts and Humanities; Social Sciences"
198;21101038730;"International Journal of Geoheritage and Parks";journal;"25774441, 2577445X";"KeAi Communications Co.";Yes;Yes;0,658;Q1;32;41;101;2608;469;99;5,08;63,61;39,67;1;China;Asiatic Region;"KeAi Communications Co.";"2018-2026";"Development (Q1); Geography, Planning and Development (Q1); Social Sciences (miscellaneous) (Q1); Urban Studies (Q1); Geology (Q2); Nature and Landscape Conservation (Q2)";"Earth and Planetary Sciences; Environmental Science; Social Sciences"
199;12575;"Food and Nutrition Bulletin";journal;"03795721, 15648265";"SAGE Publications Inc.";No;No;0,657;Q1;94;48;141;1955;359;134;2,07;40,73;50,23;14;United States;Northern America;"SAGE Publications Inc.";"1982-2026";"Geography, Planning and Development (Q1); Food Science (Q2); Nutrition and Dietetics (Q2)";"Agricultural and Biological Sciences; Nursing; Social Sciences"
200;21100780469;"World Development Perspectives";journal;"24680532, 24522929";"Elsevier Ltd";No;No;0,657;Q1;31;47;200;2815;527;191;2,24;59,89;42,65;18;United Kingdom;Western Europe;"Elsevier Ltd";"2016-2026";"Geography, Planning and Development (Q1); Sociology and Political Science (Q1); Development (Q2); Economics and Econometrics (Q2)";"Economics, Econometrics and Finance; Social Sciences"
201;21100455415;"Regional Statistics";journal;"20648243, 20639538";"Hungarian Central Statistical Office";No;No;0,654;Q1;22;48;84;2374;303;84;3,53;49,46;27,10;0;Hungary;Eastern Europe;"Hungarian Central Statistical Office";"2015-2026";"Cultural Studies (Q1); Geography, Planning and Development (Q1); Economics and Econometrics (Q2); Public Administration (Q2); Statistics and Probability (Q2)";"Economics, Econometrics and Finance; Mathematics; Social Sciences"
202;14103;"Development Policy Review";journal;"09506764, 14677679";"Wiley-Blackwell Publishing Ltd";No;No;0,652;Q2;80;83;195;5070;450;193;2,16;61,08;44,16;32;United Kingdom;Western Europe;"Wiley-Blackwell Publishing Ltd";"1966, 1968-1970, 1972-2026";"Development (Q2); Geography, Planning and Development (Q2); Management, Monitoring, Policy and Law (Q2)";"Environmental Science; Social Sciences"
203;12395;"Polar Geography";journal;"19390513, 1088937X";"Taylor and Francis Ltd.";No;No;0,652;Q2;39;14;51;834;126;49;2,45;59,57;55,88;0;United Kingdom;Western Europe;"Taylor and Francis Ltd.";"1977-1979, 1995-2005, 2007-2026";"Agricultural and Biological Sciences (miscellaneous) (Q1); Earth and Planetary Sciences (miscellaneous) (Q1); Geography, Planning and Development (Q2)";"Agricultural and Biological Sciences; Earth and Planetary Sciences; Social Sciences"
204;13490;"Asia Pacific Viewpoint";journal;"14678373, 13607456";"Wiley-Blackwell Publishing Ltd";No;No;0,647;Q2;51;31;102;1942;205;98;1,71;62,65;59,70;1;United Kingdom;Western Europe;"Wiley-Blackwell Publishing Ltd";"1996-2026";"Development (Q2); Geography, Planning and Development (Q2)";"Social Sciences"
205;21100855506;"International Journal of E-Planning Research";journal;"21609926, 21609918";"IGI Global Publishing";No;No;0,646;Q2;18;10;55;574;128;55;2,79;57,40;30,00;0;United States;Northern America;"IGI Global Publishing";"2017-2025";"Urban Studies (Q1); Computer Science Applications (Q2); Geography, Planning and Development (Q2)";"Computer Science; Social Sciences"
206;21100793924;"TRaNS: Trans-Regional and -National Studies of Southeast Asia";journal;"2051364X, 20513658";"Cambridge University Press";No;No;0,646;Q2;20;13;44;1027;79;42;1,23;79,00;33,33;0;United Kingdom;Western Europe;"Cambridge University Press";"2013-2026";"Anthropology (Q1); Cultural Studies (Q1); History (Q1); Sociology and Political Science (Q1); Geography, Planning and Development (Q2)";"Arts and Humanities; Social Sciences"
207;21101128291;"Migration and Society";journal;"25741306, 25741314";"Berghahn Journals";Yes;Yes;0,644;Q2;14;13;58;540;140;55;0,83;41,54;73,68;0;United Kingdom;Western Europe;"Berghahn Journals";"2018-2025";"Anthropology (Q1); Geography, Planning and Development (Q2)";"Social Sciences"
208;39159;"Oxford Journal of Archaeology";journal;"02625253, 14680092";"Wiley-Blackwell Publishing Ltd";No;No;0,642;Q2;41;19;64;1195;70;64;1,05;62,89;45,45;0;United Kingdom;Western Europe;"Wiley-Blackwell Publishing Ltd";"1982-2026";"Archeology (arts and humanities) (Q1); Arts and Humanities (miscellaneous) (Q1); Geography, Planning and Development (Q2)";"Arts and Humanities; Social Sciences"
209;92738;"International Journal of Historical Archaeology";journal;"10927697, 15737748";"Springer New York";No;No;0,638;Q2;34;52;128;3805;167;128;1,15;73,17;45,87;1;United States;Northern America;"Springer New York";"1997-2026";"Archeology (arts and humanities) (Q1); Arts and Humanities (miscellaneous) (Q1); History (Q1); Geography, Planning and Development (Q2)";"Arts and Humanities; Social Sciences"
210;15400;"Review of Development Economics";journal;"14679361, 13636669";"Wiley-Blackwell Publishing Ltd";No;No;0,638;Q2;69;104;287;5401;646;286;1,93;51,93;31,28;28;United Kingdom;Western Europe;"Wiley-Blackwell Publishing Ltd";"1997-2026";"Development (Q2); Geography, Planning and Development (Q2)";"Social Sciences"
211;23224;"Australian Journal of International Affairs";journal;"10357718, 1465332X";"Taylor and Francis Ltd.";No;No;0,636;Q2;43;58;134;2400;273;132;2,09;41,38;21,43;10;United Kingdom;Western Europe;"Taylor and Francis Ltd.";"1990-2026";"Political Science and International Relations (Q1); Geography, Planning and Development (Q2)";"Social Sciences"
212;19700188255;"Journal of Policy Research in Tourism, Leisure and Events";journal;"19407963, 19407971";"Routledge";No;No;0,634;Q2;41;30;74;1667;307;70;4,31;55,57;45,00;3;United States;Northern America;"Routledge";"2009-2026";"Geography, Planning and Development (Q2); Tourism, Leisure and Hospitality Management (Q2)";"Business, Management and Accounting; Social Sciences"
213;27938;"Review of African Political Economy";journal;"03056244, 17401720";"Routledge";No;No;0,631;Q2;65;41;133;1686;209;93;1,51;41,12;24,32;9;United Kingdom;Western Europe;"Routledge";"1974-2025";"Political Science and International Relations (Q1); Development (Q2); Geography, Planning and Development (Q2)";"Social Sciences"
214;28772;"GeoJournal";journal;"15729893, 03432521";"Springer Science and Business Media Deutschland GmbH";No;No;0,629;Q2;92;377;645;24357;2146;644;3,29;64,61;30,65;30;Germany;Western Europe;"Springer Science and Business Media Deutschland GmbH";"1977-2002, 2004-2026";"Geography, Planning and Development (Q2)";"Social Sciences"
215;21100456777;"Journal of Demographic Economics";journal;"20540892, 20540906";"Cambridge University Press";No;No;0,619;Q2;20;25;56;1007;83;54;1,79;40,28;40,38;4;United Kingdom;Western Europe;"Cambridge University Press";"2015-2026";"Demography (Q1); Economics and Econometrics (Q2); Geography, Planning and Development (Q2)";"Economics, Econometrics and Finance; Social Sciences"
216;21100904410;"South Asian Journal of Business Studies";journal;"2398628X, 23986298";"Emerald Group Publishing Ltd.";No;No;0,619;Q2;33;29;70;2531;277;66;2,05;87,28;36,99;0;United Kingdom;Western Europe;"Emerald Group Publishing Ltd.";"2017-2026";"Cultural Studies (Q1); Economics, Econometrics and Finance (miscellaneous) (Q1); Business and International Management (Q2); Geography, Planning and Development (Q2); Marketing (Q2); Strategy and Management (Q2)";"Business, Management and Accounting; Economics, Econometrics and Finance; Social Sciences"
217;20500195207;"European Journal of Tourism Research";journal;"13140817, 19947658";"International University College";Yes;Yes;0,614;Q2;37;36;135;3098;411;127;3,14;86,06;49,44;0;Bulgaria;Eastern Europe;"International University College";"2008-2026";"Geography, Planning and Development (Q2); Tourism, Leisure and Hospitality Management (Q2)";"Business, Management and Accounting; Social Sciences"
218;21568;"Monthly Review";journal;"00270520";"Monthly Review Press";No;No;0,611;Q2;46;70;52;2322;74;42;0,67;33,17;16,67;0;United States;Northern America;"Monthly Review Press";"1977, 1980-1982, 1984, 1987, 1996-2020, 2022-2026";"Gender Studies (Q1); Sociology and Political Science (Q1); Geography, Planning and Development (Q2); Management, Monitoring, Policy and Law (Q2)";"Environmental Science; Social Sciences"
219;21100466229;"Environment and Society: Advances in Research";journal;"21506779, 21506787";"Berghahn Journals";Yes;Yes;0,610;Q2;28;9;32;799;66;32;2,17;88,78;31,25;1;United States;Northern America;"Berghahn Journals";"2015-2024";"Anthropology (Q1); Geography, Planning and Development (Q2); Nature and Landscape Conservation (Q2); Global and Planetary Change (Q3)";"Environmental Science; Social Sciences"
220;21100851350;"IZA Journal of Development and Migration";journal;"25201786";"Laborwide";Yes;No;0,609;Q2;33;7;47;350;56;47;1,48;50,00;33,33;3;Germany;Western Europe;"Laborwide";"2018-2024";"Anthropology (Q1); Demography (Q1); Economics, Econometrics and Finance (miscellaneous) (Q1); Sociology and Political Science (Q1); Development (Q2); Geography, Planning and Development (Q2); Organizational Behavior and Human Resource Management (Q2)";"Business, Management and Accounting; Economics, Econometrics and Finance; Social Sciences"
221;21100236217;"Review of European, Comparative and International Environmental Law";journal;"20500386, 20500394";"John Wiley and Sons Ltd";No;No;0,609;Q2;36;43;118;0;310;112;2,43;0,00;55,17;11;United Kingdom;Western Europe;"John Wiley and Sons Ltd";"2013-2026";"Law (Q1); Geography, Planning and Development (Q2); Management, Monitoring, Policy and Law (Q2)";"Environmental Science; Social Sciences"
222;28256;"Nationalities Papers";journal;"14653923, 00905992";"Cambridge University Press";No;No;0,608;Q2;42;94;217;6443;427;213;1,79;68,54;41,46;5;United Kingdom;Western Europe;"Cambridge University Press";"1972-1985, 1987-2026";"History (Q1); Political Science and International Relations (Q1); Geography, Planning and Development (Q2)";"Arts and Humanities; Social Sciences"
223;21100256972;"Water Resources and Economics";journal;"22124284";"Elsevier B.V.";No;No;0,608;Q2;33;22;65;1406;175;64;2,62;63,91;37,29;3;Netherlands;Western Europe;"Elsevier B.V.";"2013-2025";"Economics and Econometrics (Q2); Geography, Planning and Development (Q2); Water Science and Technology (Q2)";"Economics, Econometrics and Finance; Environmental Science; Social Sciences"
224;58724;"Archaeological Dialogues";journal;"13802038, 14782294";"Cambridge University Press";No;No;0,607;Q2;43;18;55;930;73;32;0,97;51,67;51,43;0;United Kingdom;Western Europe;"Cambridge University Press";"1994-2026";"Archeology (Q1); Arts and Humanities (miscellaneous) (Q1); Geography, Planning and Development (Q2)";"Arts and Humanities; Social Sciences"
225;4500151528;"Urban Water Journal";journal;"17449006, 1573062X";"Taylor and Francis Ltd.";No;No;0,605;Q2;64;137;259;7168;721;253;2,16;52,32;31,74;0;United Kingdom;Western Europe;"Taylor and Francis Ltd.";"2004-2026";"Geography, Planning and Development (Q2); Water Science and Technology (Q2)";"Environmental Science; Social Sciences"
226;10100153322;"Journal of Immigrant and Refugee Studies";journal;"15562956, 15562948";"Routledge";No;No;0,603;Q2;43;44;113;2527;285;112;2,47;57,43;60,20;10;United States;Northern America;"Routledge";"2006-2026";"Demography (Q2); Geography, Planning and Development (Q2); Health (social science) (Q2)";"Social Sciences"
227;17400154814;"Applied Spatial Analysis and Policy";journal;"18744621, 1874463X";"Springer Netherlands";No;No;0,598;Q2;36;74;157;3917;363;155;2,28;52,93;33,18;8;Netherlands;Western Europe;"Springer Netherlands";"2009-2026";"Geography, Planning and Development (Q2)";"Social Sciences"
228;21101082056;"China Economic Quarterly International";journal;"26669331";"KeAi Communications Co.";Yes;No;0,595;Q2;13;22;51;652;103;51;2,02;29,64;33,33;1;China;Asiatic Region;"KeAi Communications Co.";"2021-2025";"Economics, Econometrics and Finance (miscellaneous) (Q1); Social Sciences (miscellaneous) (Q1); Sociology and Political Science (Q1); Geography, Planning and Development (Q2)";"Economics, Econometrics and Finance; Social Sciences"
229;24227;"Review of International Economics";journal;"09657576, 14679396";"Wiley-Blackwell Publishing Ltd";No;No;0,593;Q2;75;66;160;2744;201;158;1,31;41,58;26,97;19;United Kingdom;Western Europe;"Wiley-Blackwell Publishing Ltd";"1992-2026";"Development (Q2); Geography, Planning and Development (Q2)";"Social Sciences"
230;12440;"Professional Geographer";journal;"14679272, 00330124";"Taylor and Francis Ltd.";No;No;0,591;Q2;97;84;192;4804;367;185;1,71;57,19;40,31;4;United Kingdom;Western Europe;"Taylor and Francis Ltd.";"1949-2026";"Earth-Surface Processes (Q2); Geography, Planning and Development (Q2)";"Earth and Planetary Sciences; Social Sciences"
231;29791;"Moravian Geographical Reports";journal;"12108812";"Academy of Sciences of the Czech Republic";Yes;Yes;0,589;Q2;31;20;67;1340;170;67;2,07;67,00;30,43;0;Czech Republic;Eastern Europe;"Academy of Sciences of the Czech Republic";"1993-2025";"Earth and Planetary Sciences (miscellaneous) (Q2); Geography, Planning and Development (Q2)";"Earth and Planetary Sciences; Social Sciences"
232;12652;"Singapore Journal of Tropical Geography";journal;"14679493, 01297619";"Wiley-Blackwell Publishing Ltd";No;No;0,589;Q2;56;30;86;1427;150;61;1,78;47,57;29,09;3;United Kingdom;Western Europe;"Wiley-Blackwell Publishing Ltd";"1980-1986, 1988-2026";"Earth-Surface Processes (Q2); Geography, Planning and Development (Q2)";"Earth and Planetary Sciences; Social Sciences"
233;20727;"Europe-Asia Studies";journal;"09668136, 14653427";"Routledge";No;No;0,588;Q2;73;71;231;4344;408;218;1,53;61,18;52,68;12;United Kingdom;Western Europe;"Routledge";"1993-2026";"History (Q1); Sociology and Political Science (Q1); Economics and Econometrics (Q2); Geography, Planning and Development (Q2)";"Arts and Humanities; Economics, Econometrics and Finance; Social Sciences"
234;25162;"Global Society";journal;"1469798X, 13600826";"Taylor and Francis Ltd.";No;No;0,587;Q2;46;29;89;2390;190;84;2,24;82,41;46,30;3;United Kingdom;Western Europe;"Taylor and Francis Ltd.";"1996-2026";"Geography, Planning and Development (Q2); Global and Planetary Change (Q3)";"Environmental Science; Social Sciences"
235;21101141748;"Urban Science";journal;"24138851";"Multidisciplinary Digital Publishing Institute (MDPI)";Yes;No;0,587;Q2;36;124;265;7756;758;261;2,59;62,55;34,26;4;Switzerland;Western Europe;"Multidisciplinary Digital Publishing Institute (MDPI)";"2017, 2019-2026";"Urban Studies (Q1); Environmental Science (miscellaneous) (Q2); Geography, Planning and Development (Q2); Pollution (Q2); Waste Management and Disposal (Q2)";"Environmental Science; Social Sciences"
236;19600157344;"Geoheritage";journal;"18672477, 18672485";"Springer";No;No;0,586;Q2;52;132;332;9250;1037;330;2,84;70,08;33,41;2;United States;Northern America;"Springer";"2009-2026";"Earth and Planetary Sciences (miscellaneous) (Q2); Geography, Planning and Development (Q2); Nature and Landscape Conservation (Q2)";"Earth and Planetary Sciences; Environmental Science; Social Sciences"
237;21101081510;"Journal of Palaeogeography (Chinese Edition)";journal;"16711505";"Science Press";No;No;0,585;Q2;24;86;238;5247;440;238;1,54;61,01;38,06;0;China;Asiatic Region;"Science Press";"2019-2025";"Earth and Planetary Sciences (miscellaneous) (Q2); Earth-Surface Processes (Q2); Geography, Planning and Development (Q2); Paleontology (Q2)";"Earth and Planetary Sciences; Social Sciences"
238;21100435556;"Regional Science Policy and Practice";journal;"17577802";"Elsevier B.V.";Yes;No;0,585;Q2;33;121;278;6263;577;259;1,67;51,76;43,43;17;Netherlands;Western Europe;"Elsevier B.V.";"2008-2026";"Development (Q2); Geography, Planning and Development (Q2); Management, Monitoring, Policy and Law (Q2)";"Environmental Science; Social Sciences"
239;21100332424;"Journal of Spatial Information Science";journal;"1948660X";"University of Maine";Yes;Yes;0,582;Q2;27;14;54;726;147;51;2,16;51,86;27,27;0;United States;Northern America;"University of Maine";"2010-2026";"Computers in Earth Sciences (Q2); Geography, Planning and Development (Q2); Information Systems (Q2)";"Computer Science; Earth and Planetary Sciences; Social Sciences"
240;27852;"Marine Resource Economics";journal;"23345985, 07381360";"University of Chicago Press";No;No;0,579;Q2;54;22;66;1172;168;66;1,98;53,27;29,58;6;United States;Northern America;"University of Chicago Press";"1987, 1989, 1993-2026";"Economics and Econometrics (Q2); Geography, Planning and Development (Q2); Management, Monitoring, Policy and Law (Q2); Oceanography (Q2)";"Earth and Planetary Sciences; Economics, Econometrics and Finance; Environmental Science; Social Sciences"
241;21100228568;"Maritime Studies";journal;"22129790, 18727859";"Springer Science and Business Media Deutschland GmbH";Yes;No;0,578;Q2;36;47;127;3110;327;106;2,47;66,17;51,72;14;Germany;Western Europe;"Springer Science and Business Media Deutschland GmbH";"2012-2026";"Aquatic Science (Q2); Development (Q2); Geography, Planning and Development (Q2); Management, Monitoring, Policy and Law (Q2); Water Science and Technology (Q2)";"Agricultural and Biological Sciences; Environmental Science; Social Sciences"
242;29645;"Urban Design International";journal;"13575317, 14684519";"Palgrave Macmillan Ltd.";No;No;0,578;Q2;47;27;82;1436;191;69;2,46;53,19;53,57;3;United Kingdom;Western Europe;"Palgrave Macmillan Ltd.";"1996-2026";"Urban Studies (Q1); Geography, Planning and Development (Q2)";"Social Sciences"
243;22681;"Impact Assessment and Project Appraisal";journal;"14615517, 14715465";"Taylor and Francis Ltd.";No;No;0,576;Q2;66;51;158;2439;337;127;2,06;47,82;41,07;6;United Kingdom;Western Europe;"Taylor and Francis Ltd.";"1998-2026";"Geography, Planning and Development (Q2); Management, Monitoring, Policy and Law (Q2)";"Environmental Science; Social Sciences"
244;26522;"Mediterranean Politics";journal;"17439418, 13629395";"Routledge";No;No;0,575;Q2;45;35;100;2436;216;82;1,97;69,60;24,53;6;United Kingdom;Western Europe;"Routledge";"1996-2026";"Political Science and International Relations (Q1); Geography, Planning and Development (Q2)";"Social Sciences"
245;27574;"Regional and Federal Studies";journal;"13597566, 17439434";"Routledge";No;No;0,574;Q2;48;32;95;1746;163;93;1,73;54,56;28,57;2;United Kingdom;Western Europe;"Routledge";"1995-2026";"Political Science and International Relations (Q1); Geography, Planning and Development (Q2)";"Social Sciences"
246;21100940340;"Forest and Society";journal;"25494333, 25494724";"Hasanuddin University";Yes;No;0,571;Q2;25;24;108;1421;292;108;2,67;59,21;34,57;1;Indonesia;Asiatic Region;"Hasanuddin University";"2017-2025";"Forestry (Q1); Political Science and International Relations (Q1); Sociology and Political Science (Q1); Geography, Planning and Development (Q2); Nature and Landscape Conservation (Q2); Plant Science (Q2)";"Agricultural and Biological Sciences; Environmental Science; Social Sciences"
247;19900193635;"Journal of Maps";journal;"17445647";"Taylor and Francis Ltd.";Yes;No;0,570;Q2;55;131;307;6229;726;295;2,37;47,55;34,63;2;United Kingdom;Western Europe;"Taylor and Francis Ltd.";"2005-2026";"Earth and Planetary Sciences (miscellaneous) (Q2); Geography, Planning and Development (Q2)";"Earth and Planetary Sciences; Social Sciences"
248;21100897005;"Frontiers in Built Environment";journal;"22973362";"Frontiers Media SA";Yes;No;0,564;Q2;52;235;688;12330;2035;640;2,47;52,47;30,91;4;Switzerland;Western Europe;"Frontiers Media SA";"2015-2026";"Urban Studies (Q1); Building and Construction (Q2); Geography, Planning and Development (Q2)";"Engineering; Social Sciences"
249;13913;"Journal of Housing and the Built Environment";journal;"15737772, 15664910";"Springer Netherlands";No;No;0,564;Q2;63;95;245;5976;571;243;2,05;62,91;48,29;5;Netherlands;Western Europe;"Springer Netherlands";"1997-2026";"Urban Studies (Q1); Geography, Planning and Development (Q2)";"Social Sciences"
250;14809;"Journal of Ecotourism";journal;"14724049, 17477638";"Taylor and Francis Ltd.";No;No;0,561;Q2;56;32;69;2456;212;55;3,10;76,75;38,05;2;United Kingdom;Western Europe;"Taylor and Francis Ltd.";"2002-2026";"Geography, Planning and Development (Q2); Tourism, Leisure and Hospitality Management (Q2)";"Business, Management and Accounting; Social Sciences"
251;100147301;"CESifo Economic Studies";journal;"1610241X, 16127501";"Oxford University Press";No;No;0,556;Q2;38;12;49;423;63;48;0,71;35,25;22,22;2;United Kingdom;Western Europe;"Oxford University Press";"2005-2024";"Economics and Econometrics (Q2); Geography, Planning and Development (Q2)";"Economics, Econometrics and Finance; Social Sciences"
252;21101138720;"Discover Sustainability";journal;"26629984";"Springer Nature";Yes;No;0,556;Q2;33;52;108;3581;356;104;3,37;68,87;32,99;8;Switzerland;Western Europe;"Springer Nature";"2020-2026";"Energy (miscellaneous) (Q2); Environmental Science (miscellaneous) (Q2); Geography, Planning and Development (Q2); Renewable Energy, Sustainability and the Environment (Q3)";"Energy; Environmental Science; Social Sciences"
253;25834;"International Politics";journal;"17403898, 13845748";"Palgrave Macmillan Ltd.";No;No;0,556;Q2;47;104;175;6121;376;173;2,09;58,86;36,96;21;United Kingdom;Western Europe;"Palgrave Macmillan Ltd.";"1996-2026";"Political Science and International Relations (Q1); Geography, Planning and Development (Q2)";"Social Sciences"
254;26891;"Mathematical Population Studies";journal;"08898480, 1547724X";"Taylor and Francis Ltd.";No;No;0,556;Q2;26;12;38;324;68;37;2,67;27,00;26,47;0;United Kingdom;Western Europe;"Taylor and Francis Ltd.";"1988-2001, 2003-2026";"Agricultural and Biological Sciences (miscellaneous) (Q2); Demography (Q2); Geography, Planning and Development (Q2); Mathematics (miscellaneous) (Q2)";"Agricultural and Biological Sciences; Mathematics; Social Sciences"
255;5400152709;"Journal of Mountain Science";journal;"19930321, 16726316";"Science Press";No;No;0,555;Q2;64;240;688;13762;1788;687;2,34;57,34;31,90;1;China;Asiatic Region;"Science Press";"2007-2026";"Earth-Surface Processes (Q2); Geography, Planning and Development (Q2); Geology (Q2); Nature and Landscape Conservation (Q2); Global and Planetary Change (Q3)";"Earth and Planetary Sciences; Environmental Science; Social Sciences"
256;21101046224;"Human Geography (United Kingdom)";journal;"19427786, 2633674X";"SAGE Publications Inc.";No;No;0,554;Q2;30;41;109;1884;228;103;1,00;45,95;27,08;3;United States;Northern America;"SAGE Publications Inc.";"2008-2026";"Philosophy (Q1); Geography, Planning and Development (Q2)";"Arts and Humanities; Social Sciences"
257;21100331602;"Annals of Leisure Research";journal;"11745398, 21596816";"Routledge";No;No;0,552;Q2;41;45;114;2858;245;98;2,11;63,51;51,06;2;United States;Northern America;"Routledge";"2008-2026";"Cultural Studies (Q1); Geography, Planning and Development (Q2); Social Psychology (Q2); Tourism, Leisure and Hospitality Management (Q2)";"Business, Management and Accounting; Psychology; Social Sciences"
258;21100784443;"International Journal of Sustainable Energy Planning and Management";journal;"22462929";"Aalborg University press";Yes;Yes;0,551;Q2;32;22;98;1176;261;94;2,51;53,45;28,74;2;Denmark;Western Europe;"Aalborg University press";"2014-2025";"Energy Engineering and Power Technology (Q2); Geography, Planning and Development (Q2); Renewable Energy, Sustainability and the Environment (Q3)";"Energy; Social Sciences"
259;21100223534;"Journal of Transport and Land Use";journal;"19387849";"University of Minnesota";Yes;No;0,549;Q2;50;20;127;1398;235;127;1,57;69,90;36,73;7;United States;Northern America;"University of Minnesota";"2012-2026";"Urban Studies (Q1); Geography, Planning and Development (Q2); Transportation (Q2)";"Social Sciences"
260;21100828738;"Critical Housing Analysis";journal;"23362839";"Academy of Sciences of the Czech Republic, Institute of Sociology";Yes;Yes;0,548;Q2;19;11;49;308;76;48;0,90;28,00;20,83;2;Czech Republic;Eastern Europe;"Academy of Sciences of the Czech Republic, Institute of Sociology";"2014-2025";"Urban Studies (Q1); Geography, Planning and Development (Q2); Sociology and Political Science (Q2)";"Social Sciences"
261;21101042147;"Progress in Geography";journal;"10076301";"";No;No;0,548;Q2;32;182;537;9705;1440;537;2,51;53,32;41,01;0;China;Asiatic Region;"";"2019-2026";"Earth and Planetary Sciences (miscellaneous) (Q2); Ecology (Q2); Geography, Planning and Development (Q2); Nature and Landscape Conservation (Q2)";"Earth and Planetary Sciences; Environmental Science; Social Sciences"
262;25322;"Bulletin of Latin American Research";journal;"14709856, 02613050";"Wiley-Blackwell Publishing Ltd";No;No;0,546;Q2;42;48;162;2312;231;152;1,30;48,17;49,25;1;United Kingdom;Western Europe;"Wiley-Blackwell Publishing Ltd";"1982-2026";"Development (Q2); Geography, Planning and Development (Q2)";"Social Sciences"
263;21100242603;"Journal of Place Management and Development";journal;"17538343, 17538335";"Emerald Group Publishing Ltd.";No;No;0,545;Q2;46;28;88;1877;226;84;1,84;67,04;40,00;0;United Kingdom;Western Europe;"Emerald Group Publishing Ltd.";"2008-2026";"Business and International Management (Q2); Geography, Planning and Development (Q2); Marketing (Q2); Strategy and Management (Q2); Tourism, Leisure and Hospitality Management (Q2); Urban Studies (Q2)";"Business, Management and Accounting; Social Sciences"
264;19096;"Journal of North African Studies";journal;"17439345, 13629387";"Routledge";No;No;0,543;Q2;35;68;166;3599;223;143;1,34;52,93;56,16;9;United Kingdom;Western Europe;"Routledge";"1996-2026";"Political Science and International Relations (Q1); Development (Q2); Geography, Planning and Development (Q2)";"Social Sciences"
265;19400158591;"Applied Geomatics";journal;"1866928X, 18669298";"Springer Verlag";No;No;0,536;Q2;41;65;183;3315;528;180;2,45;51,00;28,44;0;Germany;Western Europe;"Springer Verlag";"2009-2026";"Earth and Planetary Sciences (miscellaneous) (Q2); Engineering (miscellaneous) (Q2); Environmental Science (miscellaneous) (Q2); Geography, Planning and Development (Q2)";"Earth and Planetary Sciences; Engineering; Environmental Science; Social Sciences"
266;21100463803;"Regional Studies, Regional Science";journal;"21681376";"Taylor and Francis Ltd.";Yes;No;0,533;Q2;36;53;141;2745;283;140;1,81;51,79;41,98;11;United Kingdom;Western Europe;"Taylor and Francis Ltd.";"2014-2026";"Economics and Econometrics (Q2); Geography, Planning and Development (Q2); Sociology and Political Science (Q2)";"Economics, Econometrics and Finance; Social Sciences"
267;21530;"Space and Polity";journal;"14701235, 13562576";"Routledge";No;No;0,533;Q2;49;20;72;1154;153;59;1,56;57,70;55,56;4;United Kingdom;Western Europe;"Routledge";"1997-2026";"Political Science and International Relations (Q1); Geography, Planning and Development (Q2)";"Social Sciences"
268;15349;"Oxford Development Studies";journal;"14699966, 13600818";"Routledge";No;No;0,528;Q2;63;28;77;1625;157;75;2,06;58,04;30,23;10;United Kingdom;Western Europe;"Routledge";"1996-2026";"Development (Q2); Geography, Planning and Development (Q2)";"Social Sciences"
269;13499;"Asian Development Review";journal;"01161105, 19967241";"World Scientific";Yes;Yes;0,525;Q2;32;23;53;926;90;52;1,75;40,26;36,84;0;Singapore;Asiatic Region;"World Scientific";"1983-2000, 2002-2025";"Development (Q2); Economics and Econometrics (Q2); Geography, Planning and Development (Q2)";"Economics, Econometrics and Finance; Social Sciences"
270;21101177606;"Urban Governance";journal;"26643286";"Elsevier B.V.";Yes;No;0,525;Q2;17;32;38;2295;119;34;3,13;71,72;36,59;5;Netherlands;Western Europe;"Elsevier B.V.";"2021-2026";"Development (Q2); Geography, Planning and Development (Q2); Management, Monitoring, Policy and Law (Q2); Urban Studies (Q2)";"Environmental Science; Social Sciences"
271;21100248003;"National Remote Sensing Bulletin";journal;"10074619";"Science Press";No;No;0,521;Q2;44;215;495;8869;1274;495;2,49;41,25;36,80;0;China;Asiatic Region;"Science Press";"1999-2001, 2013-2026";"Earth and Planetary Sciences (miscellaneous) (Q2); Geography, Planning and Development (Q2); Instrumentation (Q2)";"Earth and Planetary Sciences; Physics and Astronomy; Social Sciences"
272;16904;"International Finance";journal;"13670271, 14682362";"Wiley-Blackwell Publishing Ltd";No;No;0,519;Q2;45;17;61;673;100;60;1,76;39,59;25,71;4;United Kingdom;Western Europe;"Wiley-Blackwell Publishing Ltd";"1998-2026";"Development (Q2); Finance (Q2); Geography, Planning and Development (Q2)";"Economics, Econometrics and Finance; Social Sciences"
273;21101085533;"Socio-Ecological Practice Research";journal;"25245279, 25245287";"Springer";No;No;0,519;Q2;23;33;94;1978;218;83;2,16;59,94;47,75;4;Germany;Western Europe;"Springer";"2019-2026";"Geography, Planning and Development (Q2); Nature and Landscape Conservation (Q2); Urban Studies (Q2)";"Environmental Science; Social Sciences"
274;21100464902;"Journal of Environmental Studies and Sciences";journal;"21906491, 21906483";"Springer";No;No;0,517;Q2;45;51;171;3180;399;169;2,36;62,35;48,43;8;United States;Northern America;"Springer";"2011-2026";"Environmental Science (miscellaneous) (Q2); Geography, Planning and Development (Q2)";"Environmental Science; Social Sciences"
275;14850;"Journal of International Development";journal;"10991328, 09541748";"John Wiley and Sons Ltd";No;No;0,516;Q2;86;123;206;7769;411;203;1,91;63,16;35,02;31;United Kingdom;Western Europe;"John Wiley and Sons Ltd";"1989-2026";"Development (Q2); Geography, Planning and Development (Q2)";"Social Sciences"
276;21101141803;"Dili Yanjiu";journal;"10000585";"Science China Press";No;No;0,515;Q2;22;192;214;10069;611;213;2,87;52,44;39,64;0;China;Asiatic Region;"Science China Press";"2019-2025";"Geography, Planning and Development (Q2)";"Social Sciences"
277;11900154359;"European Journal of Transport and Infrastructure Research";journal;"15677141, 15677133";"TU Delft";Yes;Yes;0,515;Q2;38;8;72;396;149;70;2,20;49,50;31,58;1;Netherlands;Western Europe;"TU Delft";"2002, 2008-2025";"Geography, Planning and Development (Q2); Urban Studies (Q2); Transportation (Q3)";"Social Sciences"
278;21100932523;"Future Cities and Environment";journal;"23639075";"Cerebration Science Publishing";Yes;No;0,515;Q2;13;21;41;819;103;41;1,89;39,00;40,00;2;Hong Kong;Asiatic Region;"Cerebration Science Publishing";"2019-2025";"Architecture (Q1); Geography, Planning and Development (Q2); Management, Monitoring, Policy and Law (Q2); Urban Studies (Q2)";"Engineering; Environmental Science; Social Sciences"
279;12095;"Anatolia";journal;"13032917, 21566909";"Routledge";No;No;0,514;Q2;50;58;195;2639;601;151;2,38;45,50;46,67;0;United Kingdom;Western Europe;"Routledge";"1999-2026";"Earth-Surface Processes (Q2); Geography, Planning and Development (Q2)";"Earth and Planetary Sciences; Social Sciences"
280;21100200653;"Information Polity";journal;"18758754, 15701255";"SAGE Publications Ltd";No;No;0,512;Q2;50;32;97;1678;205;85;1,34;52,44;29,09;0;United Kingdom;Western Europe;"SAGE Publications Ltd";"2002-2025";"Communication (Q2); Geography, Planning and Development (Q2); Information Systems (Q2); Public Administration (Q2); Sociology and Political Science (Q2)";"Computer Science; Social Sciences"
281;29461;"Scandinavian Economic History Review";journal;"03585522, 17502837";"Taylor and Francis Ltd.";No;No;0,512;Q2;21;16;49;1141;47;48;0,63;71,31;25,00;3;United Kingdom;Western Europe;"Taylor and Francis Ltd.";"1953-2026";"Arts and Humanities (miscellaneous) (Q1); History (Q1); Aerospace Engineering (Q2); Geography, Planning and Development (Q2)";"Arts and Humanities; Engineering; Social Sciences"
282;26648;"Journal of the Indian Society of Remote Sensing";journal;"09743006, 0255660X";"Springer";No;No;0,511;Q2;65;179;529;8185;1542;525;2,78;45,73;27,50;7;India;Asiatic Region;"Springer";"1973-2026";"Earth and Planetary Sciences (miscellaneous) (Q2); Geography, Planning and Development (Q2)";"Earth and Planetary Sciences; Social Sciences"
283;21100454953;"Mineral Economics";journal;"21912203, 21912211";"Springer Science and Business Media Deutschland GmbH";No;No;0,511;Q2;34;47;119;2867;337;107;2,66;61,00;26,96;9;Germany;Western Europe;"Springer Science and Business Media Deutschland GmbH";"2011-2026";"Economic Geology (Q2); Economics, Econometrics and Finance (miscellaneous) (Q2); Geography, Planning and Development (Q2); Social Sciences (miscellaneous) (Q2)";"Earth and Planetary Sciences; Economics, Econometrics and Finance; Social Sciences"
284;25587;"Pacific Economic Review";journal;"1361374X, 14680106";"Wiley-Blackwell Publishing Ltd";No;No;0,511;Q2;39;28;78;1019;127;76;1,29;36,39;32,14;4;United Kingdom;Western Europe;"Wiley-Blackwell Publishing Ltd";"1996-2026";"Aerospace Engineering (Q2); Development (Q2); Economics and Econometrics (Q2); Geography, Planning and Development (Q2)";"Economics, Econometrics and Finance; Engineering; Social Sciences"
285;145676;"Thunderbird International Business Review";journal;"10964762, 15206874";"John Wiley and Sons Inc";No;No;0,507;Q2;59;54;170;3603;418;139;2,06;66,72;32,63;2;United States;Northern America;"John Wiley and Sons Inc";"1998-1999, 2005-2026";"Political Science and International Relations (Q1); Business and International Management (Q2); Geography, Planning and Development (Q2)";"Business, Management and Accounting; Social Sciences"
286;13954;"Journal of the Urban Planning and Development Division, ASCE";journal;"07339488";"American Society of Civil Engineers (ASCE)";No;No;0,506;Q2;63;123;347;7230;799;347;1,96;58,78;40,98;0;United States;Northern America;"American Society of Civil Engineers (ASCE)";"1979-2026";"Civil and Structural Engineering (Q2); Development (Q2); Geography, Planning and Development (Q2); Urban Studies (Q2)";"Engineering; Social Sciences"
287;90549;"Landscape Research";journal;"14699710, 01426397";"Routledge";No;No;0,506;Q2;67;70;214;3604;419;206;1,70;51,49;50,31;6;United Kingdom;Western Europe;"Routledge";"1970, 1972-2026";"Environmental Science (miscellaneous) (Q2); Geography, Planning and Development (Q2); Management, Monitoring, Policy and Law (Q2); Nature and Landscape Conservation (Q2)";"Environmental Science; Social Sciences"
288;27159;"Innovation: The European Journal of Social Science Research";journal;"13511610, 14698412";"Routledge";No;No;0,503;Q2;50;52;115;2799;299;101;2,41;53,83;50,00;4;United Kingdom;Western Europe;"Routledge";"1988-2026";"Cultural Studies (Q1); Geography, Planning and Development (Q2); Management of Technology and Innovation (Q2); Organizational Behavior and Human Resource Management (Q2); Social Sciences (miscellaneous) (Q2); Sociology and Political Science (Q2); Strategy and Management (Q2)";"Business, Management and Accounting; Social Sciences"
289;19700170462;"Urban Policy and Research";journal;"14767244, 08111146";"Routledge";No;No;0,500;Q2;54;28;76;1759;135;66;1,45;62,82;50,63;3;United Kingdom;Western Europe;"Routledge";"1982-2026";"Geography, Planning and Development (Q2); Urban Studies (Q2)";"Social Sciences"
290;21100832225;"Geo: Geography and Environment";journal;"20544049";"Wiley-Blackwell Publishing Ltd";Yes;No;0,499;Q2;25;15;20;931;62;20;2,15;62,07;29,27;1;United Kingdom;Western Europe;"Wiley-Blackwell Publishing Ltd";"2014-2026";"Geography, Planning and Development (Q2); Management, Monitoring, Policy and Law (Q2); Atmospheric Science (Q3); Global and Planetary Change (Q3)";"Earth and Planetary Sciences; Environmental Science; Social Sciences"
291;14683;"Planning Practice and Research";journal;"13600583, 02697459";"Routledge";No;No;0,496;Q2;58;48;119;2869;249;108;1,95;59,77;51,04;3;United Kingdom;Western Europe;"Routledge";"1986-2026";"Geography, Planning and Development (Q2)";"Social Sciences"
292;15713;"Asian Survey";journal;"00044687, 1533838X";"University of California Press";No;No;0,490;Q2;59;45;174;2170;227;171;1,42;48,22;32,14;2;United States;Northern America;"University of California Press";"1970-2026";"Geography, Planning and Development (Q2); Sociology and Political Science (Q2)";"Social Sciences"
293;23971;"Critical Asian Studies";journal;"14672715, 14726033";"Routledge";No;No;0,490;Q2;51;29;88;2076;239;85;2,09;71,59;43,14;2;United Kingdom;Western Europe;"Routledge";"1968-1993, 1995-2026";"Geography, Planning and Development (Q2); Sociology and Political Science (Q2)";"Social Sciences"
294;21101039693;"Journal of Population Ageing";journal;"18747876, 18747884";"Springer Science and Business Media B.V.";No;No;0,488;Q2;22;49;113;2561;233;101;1,51;52,27;48,72;7;Netherlands;Western Europe;"Springer Science and Business Media B.V.";"2013-2016, 2018-2026";"Demography (Q2); Geography, Planning and Development (Q2); Sociology and Political Science (Q2)";"Social Sciences"
295;14090;"Development";journal;"10116370, 14617072";"Palgrave Macmillan Ltd.";No;No;0,485;Q2;50;36;117;722;211;105;1,45;20,06;51,72;3;United Kingdom;Western Europe;"Palgrave Macmillan Ltd.";"1984-1985, 1988-2026";"Development (Q2); Geography, Planning and Development (Q2)";"Social Sciences"
296;14118;"Development Southern Africa";journal;"14703637, 0376835X";"Routledge";No;No;0,484;Q2;59;77;184;3713;482;181;2,44;48,22;36,94;0;United Kingdom;Western Europe;"Routledge";"1984-2026";"Development (Q2); Geography, Planning and Development (Q2)";"Social Sciences"
297;21101022415;"Spatial Information Research";journal;"23663286, 23663294";"Korean Spatial Information Society";No;No;0,484;Q2;34;58;200;2221;499;200;2,33;38,29;24,84;0;South Korea;Asiatic Region;"Korean Spatial Information Society";"2016-2026";"Computers in Earth Sciences (Q2); Geography, Planning and Development (Q2); Artificial Intelligence (Q3); Computer Science Applications (Q3)";"Computer Science; Earth and Planetary Sciences; Social Sciences"
298;5600155048;"Space and Culture";journal;"15528308, 12063312";"SAGE Publications Inc.";No;No;0,482;Q2;53;46;147;1990;220;144;1,44;43,26;56,79;3;United States;Northern America;"SAGE Publications Inc.";"1997-2026";"Arts and Humanities (miscellaneous) (Q1); Cultural Studies (Q1); Geography, Planning and Development (Q2); Urban Studies (Q2); Tourism, Leisure and Hospitality Management (Q3)";"Arts and Humanities; Business, Management and Accounting; Social Sciences"
299;23817;"Journal of African Business";journal;"15228916, 15229076";"Routledge";No;No;0,478;Q2;45;33;117;2208;297;115;2,42;66,91;23,08;4;United States;Northern America;"Routledge";"2000-2026";"Development (Q2); Geography, Planning and Development (Q2)";"Social Sciences"
300;20871;"Transportation Planning and Technology";journal;"10290354, 03081060";"Taylor and Francis Ltd.";No;No;0,472;Q2;54;47;132;2263;248;129;1,77;48,15;27,21;0;United Kingdom;Western Europe;"Taylor and Francis Ltd.";"1972-2026";"Geography, Planning and Development (Q2); Transportation (Q3)";"Social Sciences"
301;23634;"Gender and Development";journal;"13552074, 13649221";"Routledge";No;No;0,466;Q2;58;50;104;1436;170;96;1,40;28,72;84,00;3;United Kingdom;Western Europe;"Routledge";"1993-2025";"Development (Q2); Gender Studies (Q2); Geography, Planning and Development (Q2)";"Social Sciences"
302;30006;"Global Social Policy";journal;"17412803, 14680181";"SAGE Publications Ltd";No;No;0,466;Q2;46;40;119;1289;222;95;2,16;32,23;60,00;10;United Kingdom;Western Europe;"SAGE Publications Ltd";"2001-2026";"Geography, Planning and Development (Q2); Sociology and Political Science (Q2); Management, Monitoring, Policy and Law (Q3)";"Environmental Science; Social Sciences"
303;21101049545;"Infrastructure Asset Management";journal;"20530250, 20530242";"ICE Publishing";No;No;0,462;Q2;9;23;39;749;65;31;1,66;32,57;26,79;1;United Kingdom;Western Europe;"ICE Publishing";"2016, 2018-2025";"Building and Construction (Q2); Geography, Planning and Development (Q2); Public Administration (Q2); Safety Research (Q2); Transportation (Q3)";"Engineering; Social Sciences"
304;62444;"Journal of Spatial Science";journal;"14498596, 18365655";"Mapping Sciences Institute Australia";No;No;0,460;Q2;37;48;95;1954;200;84;1,47;40,71;29,75;0;Australia;Pacific Region;"Mapping Sciences Institute Australia";"2004-2025";"Geography, Planning and Development (Q2); Atmospheric Science (Q3); Energy (miscellaneous) (Q3)";"Earth and Planetary Sciences; Energy; Social Sciences"
305;21100208022;"Ethics, Policy and Environment";journal;"21550093, 21550085";"Taylor and Francis Ltd.";No;No;0,457;Q2;29;33;69;1943;128;64;1,90;58,88;18,37;3;United Kingdom;Western Europe;"Taylor and Francis Ltd.";"2011-2026";"Philosophy (Q1); Geography, Planning and Development (Q2); Management, Monitoring, Policy and Law (Q3)";"Arts and Humanities; Environmental Science; Social Sciences"
306;26602;"Evaluation and Program Planning";journal;"01497189, 18737870";"Elsevier Ltd";No;No;0,457;Q2;77;146;297;7062;609;297;2,03;48,37;62,23;19;United Kingdom;Western Europe;"Elsevier Ltd";"1978-2026";"Business and International Management (Q2); Geography, Planning and Development (Q2); Strategy and Management (Q2); Public Health, Environmental and Occupational Health (Q3); Social Psychology (Q3)";"Business, Management and Accounting; Medicine; Psychology; Social Sciences"
307;50171;"International Development Planning Review";journal;"14783401, 14746743";"Liverpool University Press";No;No;0,456;Q2;45;22;70;1304;104;69;1,48;59,27;33,33;6;United Kingdom;Western Europe;"Liverpool University Press";"2002-2025";"Development (Q2); Geography, Planning and Development (Q2)";"Social Sciences"
308;27731;"Latin American Perspectives";journal;"0094582X, 1552678X";"SAGE Publications Ltd";No;No;0,456;Q2;55;95;236;4344;261;209;0,99;45,73;44,68;0;United Kingdom;Western Europe;"SAGE Publications Ltd";"1977, 1981, 1984, 1986-2026";"Geography, Planning and Development (Q2); Sociology and Political Science (Q2)";"Social Sciences"
309;21100933830;"Estudios Fronterizos";journal;"23959134";"Universidad Autonoma de Baja California";Yes;Yes;0,455;Q2;10;26;70;1511;74;69;0,88;58,12;50,00;1;Mexico;Latin America;"Universidad Autonoma de Baja California";"2019-2025";"Anthropology (Q1); History (Q1); Demography (Q2); Economics and Econometrics (Q2); Geography, Planning and Development (Q2); Political Science and International Relations (Q2); Sociology and Political Science (Q2)";"Arts and Humanities; Economics, Econometrics and Finance; Social Sciences"
310;27949;"Zeitschrift fur Wirtschaftsgeographie";journal;"00443751";"De Gruyter Open Ltd";No;No;0,455;Q2;0;0;0;0;0;0;0,00;0,00;0,00;0;Germany;Western Europe;"De Gruyter Open Ltd";"1978-1981, 1984, 1988-2021";"Economics and Econometrics (Q2); Geography, Planning and Development (Q2)";"Economics, Econometrics and Finance; Social Sciences"
311;21101108507;"Geohumanities";journal;"2373566X, 23735678";"Informa UK Limited";No;No;0,453;Q2;12;29;104;1735;86;101;0,92;59,83;61,67;0;United Kingdom;Western Europe;"Informa UK Limited";"2015, 2018-2026";"Arts and Humanities (miscellaneous) (Q2); Geography, Planning and Development (Q2); Social Sciences (miscellaneous) (Q2)";"Arts and Humanities; Social Sciences"
312;21100873340;"City, Territory and Architecture";journal;"21952701";"SpringerOpen";Yes;No;0,446;Q2;25;33;75;1792;164;75;1,57;54,30;51,28;2;United Kingdom;Western Europe;"SpringerOpen";"2014-2026";"Architecture (Q1); Geography, Planning and Development (Q2); Urban Studies (Q2)";"Engineering; Social Sciences"
313;21100972601;"Process Integration and Optimization for Sustainability";journal;"25094246, 25094238";"Springer International Publishing";No;No;0,445;Q2;27;74;172;4357;459;167;2,62;58,88;26,63;1;Singapore;Asiatic Region;"Springer International Publishing";"2017-2026";"Chemical Engineering (miscellaneous) (Q2); Control and Systems Engineering (Q2); Geography, Planning and Development (Q2); Management, Monitoring, Policy and Law (Q3); Pollution (Q3); Renewable Energy, Sustainability and the Environment (Q3); Waste Management and Disposal (Q3)";"Chemical Engineering; Energy; Engineering; Environmental Science; Social Sciences"
314;18783;"Water Policy";journal;"19969759, 13667017";"IWA Publishing";Yes;No;0,445;Q2;73;67;293;2983;542;291;1,63;44,52;40,34;5;United Kingdom;Western Europe;"IWA Publishing";"1998, 2000-2026";"Geography, Planning and Development (Q2); Water Science and Technology (Q2); Management, Monitoring, Policy and Law (Q3)";"Environmental Science; Social Sciences"
315;24747;"Modern Asian Studies";journal;"0026749X, 14698099";"Cambridge University Press";No;No;0,443;Q2;57;75;172;5681;195;172;1,09;75,75;43,53;0;United Kingdom;Western Europe;"Cambridge University Press";"1967-2026";"History (Q1); Geography, Planning and Development (Q2); Sociology and Political Science (Q2)";"Arts and Humanities; Social Sciences"
316;5700161063;"Urban Forum";journal;"18746330, 10153802";"Springer Science and Business Media B.V.";No;No;0,442;Q2;47;28;85;1246;132;85;1,44;44,50;44,23;5;Netherlands;Western Europe;"Springer Science and Business Media B.V.";"1990-2026";"Geography, Planning and Development (Q2); Urban Studies (Q2)";"Social Sciences"
317;21100211748;"Scienze Regionali";journal;"17203929, 2035603X";"Societa Editrice Il Mulino";No;No;0,440;Q2;18;18;81;993;60;66;0,62;55,17;54,29;0;Italy;Western Europe;"Societa Editrice Il Mulino";"2012-2025";"Food Animals (Q2); Geography, Planning and Development (Q2); Public Administration (Q2); Urban Studies (Q2); Economics and Econometrics (Q3)";"Economics, Econometrics and Finance; Social Sciences; Veterinary"
318;22877;"Journal of Sustainable Forestry";journal;"1540756X, 10549811";"Taylor and Francis Ltd.";No;No;0,439;Q2;42;58;159;3529;300;159;1,67;60,84;28,05;6;United Kingdom;Western Europe;"Taylor and Francis Ltd.";"1992-2026";"Food Science (Q2); Forestry (Q2); Geography, Planning and Development (Q2); Management, Monitoring, Policy and Law (Q3); Renewable Energy, Sustainability and the Environment (Q3)";"Agricultural and Biological Sciences; Energy; Environmental Science; Social Sciences"
319;21100827893;"Sustainable Development of Mountain Territories";journal;"19984502, 2499975X";"North Caucasian Institute of Mining and Metallurgy, State Technological University";Yes;No;0,439;Q2;22;101;195;3188;267;194;1,54;31,56;41,45;0;Russian Federation;Eastern Europe;"North Caucasian Institute of Mining and Metallurgy, State Technological University";"2011-2025";"Earth and Planetary Sciences (miscellaneous) (Q2); Geography, Planning and Development (Q2); Mechanical Engineering (Q2); Sociology and Political Science (Q2); Management, Monitoring, Policy and Law (Q3); Renewable Energy, Sustainability and the Environment (Q3)";"Earth and Planetary Sciences; Energy; Engineering; Environmental Science; Social Sciences"
320;21100788265;"Housing and Society";journal;"23760923, 08882746";"Taylor and Francis Ltd.";No;No;0,432;Q2;13;17;45;958;67;45;1,55;56,35;55,56;3;United Kingdom;Western Europe;"Taylor and Francis Ltd.";"2015-2026";"Geography, Planning and Development (Q2); Sociology and Political Science (Q2); Urban Studies (Q2)";"Social Sciences"
321;11600153582;"Community Development";journal;"15575330, 19447485";"Routledge";No;No;0,431;Q2;34;57;121;2916;185;107;1,39;51,16;54,47;3;United Kingdom;Western Europe;"Routledge";"2009-2026";"Geography, Planning and Development (Q2); Sociology and Political Science (Q2)";"Social Sciences"
322;21100305226;"Hungarian Geographical Bulletin";journal;"20645147, 20645031";"Hungarian Academy of Sciences, Geographical Research Institute";Yes;Yes;0,430;Q2;24;21;66;1206;138;66;1,70;57,43;44,44;0;Hungary;Eastern Europe;"Hungarian Academy of Sciences, Geographical Research Institute";"2014-2025";"Cultural Studies (Q1); Agronomy and Crop Science (Q2); Earth and Planetary Sciences (miscellaneous) (Q2); Geography, Planning and Development (Q2)";"Agricultural and Biological Sciences; Earth and Planetary Sciences; Social Sciences"
323;19600161831;"African Geographical Review";journal;"19376812";"Taylor and Francis Ltd.";No;No;0,428;Q2;28;38;87;2039;177;87;1,83;53,66;19,30;6;United Kingdom;Western Europe;"Taylor and Francis Ltd.";"2009-2026";"Earth-Surface Processes (Q2); Geography, Planning and Development (Q2)";"Earth and Planetary Sciences; Social Sciences"
324;24965;"Empirica";journal;"15736911, 03408744";"Springer Netherlands";No;No;0,426;Q2;38;37;118;1843;204;114;1,79;49,81;27,40;9;Netherlands;Western Europe;"Springer Netherlands";"1974-2026";"Development (Q2); Geography, Planning and Development (Q2); Economics and Econometrics (Q3)";"Economics, Econometrics and Finance; Social Sciences"
325;14979;"ACME";journal;"14929732";"Okanagan University College";Yes;Yes;0,422;Q2;51;37;111;2275;131;111;1,12;61,49;66,22;0;Canada;Northern America;"Okanagan University College";"2002-2004, 2006-2025";"Geography, Planning and Development (Q2)";"Social Sciences"
326;21100782393;"Innovation and Development";journal;"2157930X, 21579318";"Taylor and Francis Ltd.";No;No;0,422;Q2;23;28;81;1904;159;73;1,93;68,00;35,94;0;United Kingdom;Western Europe;"Taylor and Francis Ltd.";"2015-2026";"Cultural Studies (Q1); Development (Q2); Education (Q2); Geography, Planning and Development (Q2); Political Science and International Relations (Q2); Sociology and Political Science (Q2)";"Social Sciences"
327;28629;"Geografisk Tidsskrift - Danish Journal of Geography";journal;"00167223";"Routledge";No;No;0,421;Q2;35;8;32;517;75;28;1,25;64,63;35,29;0;United Kingdom;Western Europe;"Routledge";"1972-2026";"Earth and Planetary Sciences (miscellaneous) (Q2); Geography, Planning and Development (Q2)";"Earth and Planetary Sciences; Social Sciences"
328;85530;"City and Society";journal;"08930465, 1548744X";"John Wiley and Sons Inc";No;No;0,418;Q2;36;21;151;949;115;124;0,43;45,19;66,67;0;United States;Northern America;"John Wiley and Sons Inc";"1987-1992, 1994, 1997, 1999, 2001-2026";"Geography, Planning and Development (Q2); Urban Studies (Q2)";"Social Sciences"
329;20318;"Journal of Modern African Studies";journal;"14697777, 0022278X";"Cambridge University Press";No;No;0,418;Q2;75;30;91;1825;125;91;1,14;60,83;45,65;0;United Kingdom;Western Europe;"Cambridge University Press";"1963-2025";"Geography, Planning and Development (Q2); Sociology and Political Science (Q2)";"Social Sciences"
330;28670;"Geographica Helvetica";journal;"00167312, 21948798";"Copernicus Publications";Yes;Yes;0,417;Q2;29;42;109;2947;132;108;1,18;70,17;51,47;4;Germany;Western Europe;"Copernicus Publications";"1946-2026";"Anthropology (Q1); Earth-Surface Processes (Q2); Geography, Planning and Development (Q2); Global and Planetary Change (Q3)";"Earth and Planetary Sciences; Environmental Science; Social Sciences"
331;21101107953;"Remote Sensing in Earth Systems Sciences";journal;"25208209, 25208195";"Springer Nature";No;No;0,417;Q2;20;21;49;916;95;49;1,71;43,62;27,42;0;Switzerland;Western Europe;"Springer Nature";"2018-2026";"Computers in Earth Sciences (Q2); Earth and Planetary Sciences (miscellaneous) (Q2); Geography, Planning and Development (Q2); Atmospheric Science (Q3); Oceanography (Q3); Space and Planetary Science (Q3)";"Earth and Planetary Sciences; Social Sciences"
332;19900195042;"European Spatial Research and Policy";journal;"12311952, 18961525";"Lodz University Press";Yes;Yes;0,416;Q2;19;20;85;886;70;81;0,60;44,30;41,86;0;Poland;Eastern Europe;"Lodz University Press";"2009-2025";"Geography, Planning and Development (Q2)";"Social Sciences"
333;22455;"Urban History";journal;"09639268, 14698706";"Cambridge University Press";No;No;0,416;Q2;31;44;115;3601;90;114;0,55;81,84;35,19;0;United Kingdom;Western Europe;"Cambridge University Press";"1974-2026";"History (Q1); Arts and Humanities (miscellaneous) (Q2); Geography, Planning and Development (Q2); Urban Studies (Q2)";"Arts and Humanities; Social Sciences"
334;19700190342;"Australian Planner";journal;"21506841, 07293682";"Taylor and Francis Ltd.";No;No;0,415;Q2;33;22;61;1265;87;60;1,34;57,50;37,50;3;United Kingdom;Western Europe;"Taylor and Francis Ltd.";"1982-2018, 2020-2026";"Geography, Planning and Development (Q2); Urban Studies (Q2)";"Social Sciences"
335;21100413836;"European Countryside";journal;"18038417";"de Gruyter";Yes;No;0,415;Q2;28;34;116;1793;234;116;1,54;52,74;55,34;3;Germany;Western Europe;"de Gruyter";"2012-2025";"Geography, Planning and Development (Q2); Nature and Landscape Conservation (Q2); Management, Monitoring, Policy and Law (Q3)";"Environmental Science; Social Sciences"
336;28154;"Fennia";journal;"00150010, 17985617";"Geographical Society of Finland";Yes;Yes;0,414;Q2;30;24;56;1042;84;56;1,25;43,42;67,50;0;Finland;Western Europe;"Geographical Society of Finland";"1976, 1979-2009, 2011-2025";"Ecology (Q2); Forestry (Q2); Geography, Planning and Development (Q2)";"Agricultural and Biological Sciences; Environmental Science; Social Sciences"
337;21100456855;"International Review for Spatial Planning and Sustainable Development";journal;"21873666";"SPSD Press";No;No;0,412;Q2;19;61;124;2499;205;119;1,53;40,97;39,62;1;Japan;Asiatic Region;"SPSD Press";"2013-2026";"Geography, Planning and Development (Q2); Urban Studies (Q2); Management, Monitoring, Policy and Law (Q3)";"Environmental Science; Social Sciences"
338;21100887441;"Folia Geographica";journal;"24541001, 13366157";"University of Presov";Yes;Yes;0,410;Q2;14;9;43;635;105;43;2,77;70,56;41,18;0;Slovakia;Eastern Europe;"University of Presov";"2018-2025";"Geography, Planning and Development (Q2)";"Social Sciences"
339;12892;"Refugee Survey Quarterly";journal;"1471695X, 10204067";"Oxford University Press";No;No;0,409;Q2;39;21;87;2607;119;86;1,13;124,14;53,85;5;United Kingdom;Western Europe;"Oxford University Press";"1982, 1985, 1988-1990, 1992, 1994-1995, 1997, 2000-2025";"Geography, Planning and Development (Q2); Political Science and International Relations (Q2)";"Social Sciences"
340;100888;"Built Environment";journal;"02637960";"Alexandrine Press";No;No;0,408;Q2;53;28;105;1563;148;105;1,10;55,82;48,00;2;United Kingdom;Western Europe;"Alexandrine Press";"1981-2025";"Geography, Planning and Development (Q2); Urban Studies (Q2)";"Social Sciences"
341;21100381612;"Ciudad y Territorio Estudios Territoriales";journal;"11334762, 26593254";"Ministerio de Fomento";Yes;No;0,407;Q2;13;69;206;2679;173;193;0,79;38,83;37,93;0;Spain;Western Europe;"Ministerio de Fomento";"2014-2025";"Geography, Planning and Development (Q2); Urban Studies (Q2)";"Social Sciences"
342;21101071896;"Environmental Economics";journal;"19986041, 1998605X";"LLC CPC Business Perspectives";Yes;No;0,407;Q2;14;20;39;1019;127;38;3,74;50,95;40,68;0;Ukraine;Eastern Europe;"LLC CPC Business Perspectives";"2017-2026";"Environmental Science (miscellaneous) (Q2); Geography, Planning and Development (Q2); Public Administration (Q2); Economics and Econometrics (Q3); Global and Planetary Change (Q3); Management, Monitoring, Policy and Law (Q3); Renewable Energy, Sustainability and the Environment (Q3)";"Economics, Econometrics and Finance; Energy; Environmental Science; Social Sciences"
343;21100217205;"Journal of Borderlands Studies";journal;"21591229, 08865655";"Taylor and Francis Ltd.";No;No;0,407;Q2;33;57;149;3214;259;137;1,89;56,39;52,50;9;United Kingdom;Western Europe;"Taylor and Francis Ltd.";"1986-2026";"Law (Q1); Geography, Planning and Development (Q2); Political Science and International Relations (Q2); Sociology and Political Science (Q2)";"Social Sciences"
344;19700200870;"Intelligent Buildings International";journal;"17566932, 17508975";"Taylor and Francis Ltd.";No;No;0,405;Q2;34;21;100;755;201;81;1,92;35,95;32,43;1;United Kingdom;Western Europe;"Taylor and Francis Ltd.";"2009-2026";"Building and Construction (Q2); Geography, Planning and Development (Q2); Civil and Structural Engineering (Q3); Computer Science Applications (Q3)";"Computer Science; Engineering; Social Sciences"
345;19700201456;"Journal of Urbanism";journal;"17549175, 17549183";"Taylor and Francis Ltd.";No;No;0,405;Q2;39;36;72;2220;130;69;1,43;61,67;48,75;2;United Kingdom;Western Europe;"Taylor and Francis Ltd.";"2008-2026";"Geography, Planning and Development (Q2); Urban Studies (Q2)";"Social Sciences"
346;13097;"South African Geographical Journal";journal;"03736245, 21512418";"Routledge";No;No;0,404;Q2;36;26;85;1524;155;83;1,88;58,62;44,07;2;United Kingdom;Western Europe;"Routledge";"1931-1932, 1934-1936, 1938-2026";"Earth and Planetary Sciences (miscellaneous) (Q2); Geography, Planning and Development (Q2)";"Earth and Planetary Sciences; Social Sciences"
347;27489;"Asian Geographer";journal;"10225706, 21581762";"Routledge";No;No;0,400;Q2;17;10;31;656;54;29;1,00;65,60;47,37;1;United Kingdom;Western Europe;"Routledge";"1982-1987, 1991-1995, 2015-2026";"Geography, Planning and Development (Q2)";"Social Sciences"
348;5700166917;"Journal of Planning History";journal;"15526585, 15385132";"SAGE Publications Inc.";No;No;0,400;Q2;26;14;42;61;33;42;0,81;4,36;66,67;0;United States;Northern America;"SAGE Publications Inc.";"2002-2026";"Geography, Planning and Development (Q2)";"Social Sciences"
349;21101061456;"Journal of Tourism, Heritage and Services Marketing";journal;"25291947";"International Hellenic University";Yes;Yes;0,400;Q2;17;15;37;1123;101;32;2,83;74,87;40,00;0;Greece;Western Europe;"International Hellenic University";"2019-2025";"Geography, Planning and Development (Q2); Marketing (Q3); Tourism, Leisure and Hospitality Management (Q3)";"Business, Management and Accounting; Social Sciences"
350;22754;"Journal of the Asia Pacific Economy";journal;"13547860, 14699648";"Routledge";No;No;0,399;Q2;45;69;107;3662;201;105;1,84;53,07;28,48;9;United Kingdom;Western Europe;"Routledge";"1996-2026";"Development (Q2); Geography, Planning and Development (Q2); Political Science and International Relations (Q2)";"Social Sciences"
351;19700182024;"Proceedings of the Institution of Civil Engineers: Urban Design and Planning";journal;"17550807, 17550793";"ICE Publishing";No;No;0,398;Q2;26;18;54;757;89;51;1,55;42,06;40,63;0;United Kingdom;Western Europe;"ICE Publishing";"2009-2025";"Architecture (Q1); Geography, Planning and Development (Q2); Urban Studies (Q2); Civil and Structural Engineering (Q3)";"Engineering; Social Sciences"
352;28630;"Geografiska Annaler, Series A: Physical Geography";journal;"04353676, 14680459";"Taylor and Francis Ltd.";No;No;0,397;Q2;64;13;61;879;101;58;1,75;67,62;15,52;0;United Kingdom;Western Europe;"Taylor and Francis Ltd.";"1965, 1979-2026";"Geography, Planning and Development (Q2); Geology (Q2)";"Earth and Planetary Sciences; Social Sciences"
353;27733;"Latin American Research Review";journal;"00238791, 15424278";"Cambridge University Press";Yes;Yes;0,386;Q2;62;46;156;2381;122;147;0,58;51,76;37,14;3;United States;Northern America;"Cambridge University Press";"1965-2026";"Cultural Studies (Q1); History (Q1); Literature and Literary Theory (Q1); Anthropology (Q2); Arts and Humanities (miscellaneous) (Q2); Development (Q2); Economics, Econometrics and Finance (miscellaneous) (Q2); Geography, Planning and Development (Q2); Multidisciplinary (Q2); Political Science and International Relations (Q2); Sociology and Political Science (Q2)";"Arts and Humanities; Economics, Econometrics and Finance; Multidisciplinary; Social Sciences"
354;12397;"Polar Record";journal;"00322474, 14753057";"Cambridge University Press";No;No;0,382;Q2;43;35;106;1905;139;103;1,22;54,43;62,90;0;United Kingdom;Western Europe;"Cambridge University Press";"1931-2026";"Earth and Planetary Sciences (miscellaneous) (Q2); Ecology (Q2); Geography, Planning and Development (Q2)";"Earth and Planetary Sciences; Environmental Science; Social Sciences"
355;21101055932;"Applied Mobilities";journal;"23800127, 23800135";"Routledge";No;No;0,381;Q2;19;20;68;1218;100;63;1,23;60,90;42,86;4;United Kingdom;Western Europe;"Routledge";"2016-2026";"Geography, Planning and Development (Q2); Urban Studies (Q2); Transportation (Q3)";"Social Sciences"
356;16446;"Indonesia and the Malay World";journal;"13639811, 14698382";"Routledge";No;No;0,381;Q2;25;17;53;1014;75;50;1,48;59,65;44,83;0;United Kingdom;Western Europe;"Routledge";"2000-2025";"Anthropology (Q2); Arts and Humanities (miscellaneous) (Q2); Geography, Planning and Development (Q2)";"Arts and Humanities; Social Sciences"
357;21100917133;"Rural Landscapes";journal;"20020104";"Stockholm University Press";Yes;No;0,381;Q2;7;3;11;141;21;11;1,75;47,00;0,00;0;Sweden;Western Europe;"Stockholm University Press";"2019-2026";"History (Q1); Geography, Planning and Development (Q2); Nature and Landscape Conservation (Q2)";"Arts and Humanities; Environmental Science; Social Sciences"
358;22822;"International Forestry Review";journal;"14655489";"Commonwealth Forestry Association";No;No;0,380;Q2;62;34;110;2536;175;110;1,38;74,59;32,14;7;United Kingdom;Western Europe;"Commonwealth Forestry Association";"1999-2025";"Ecology (Q2); Forestry (Q2); Geography, Planning and Development (Q2)";"Agricultural and Biological Sciences; Environmental Science; Social Sciences"
359;15593;"Journal of Asian and African Studies";journal;"00219096, 17452538";"SAGE Publications Ltd";No;No;0,378;Q2;39;93;300;5327;507;290;1,63;57,28;32,54;10;United Kingdom;Western Europe;"SAGE Publications Ltd";"1966-2026";"Development (Q2); Geography, Planning and Development (Q2)";"Social Sciences"
360;29272;"Journal of Cultural Geography";journal;"08873631";"Taylor and Francis Ltd.";No;No;0,377;Q2;31;10;52;577;55;50;0,97;57,70;50,00;0;United Kingdom;Western Europe;"Taylor and Francis Ltd.";"1980-1999, 2001-2026";"Cultural Studies (Q1); Geography, Planning and Development (Q2)";"Social Sciences"
361;19700188161;"Leisure/ Loisir";journal;"14927713, 21512221";"Routledge";No;No;0,377;Q2;33;33;75;1901;111;74;1,18;57,61;67,92;1;United States;Northern America;"Routledge";"1999-2003, 2005-2026";"Geography, Planning and Development (Q2); Tourism, Leisure and Hospitality Management (Q3)";"Business, Management and Accounting; Social Sciences"
362;16518;"Planning Perspectives";journal;"02665433, 14664518";"Routledge";No;No;0,377;Q2;39;63;165;3637;122;162;0,63;57,73;42,72;3;United Kingdom;Western Europe;"Routledge";"1986-2026";"Geography, Planning and Development (Q2)";"Social Sciences"
363;13518;"Contemporary South Asia";journal;"09584935, 1469364X";"Routledge";No;No;0,376;Q2;35;42;126;2168;162;102;0,74;51,62;40,43;4;United Kingdom;Western Europe;"Routledge";"1992-2006, 2008-2026";"Development (Q2); Geography, Planning and Development (Q2); Political Science and International Relations (Q2)";"Social Sciences"
364;21101162822;"Urban, Planning and Transport Research";journal;"21650020";"Taylor and Francis Ltd.";Yes;No;0,376;Q2;15;59;63;3084;109;63;1,43;52,27;28,24;4;United Kingdom;Western Europe;"Taylor and Francis Ltd.";"2019-2026";"Geography, Planning and Development (Q2); Urban Studies (Q2); Transportation (Q3)";"Social Sciences"
365;19700182634;"Geographical Research Letters";journal;"02116820, 16979540";"University of La Rioja";Yes;Yes;0,373;Q2;31;21;70;1208;103;70;1,61;57,52;30,86;0;Spain;Western Europe;"University of La Rioja";"2009-2026";"Earth and Planetary Sciences (miscellaneous) (Q2); Geography, Planning and Development (Q2); Environmental Science (miscellaneous) (Q3)";"Earth and Planetary Sciences; Environmental Science; Social Sciences"
366;29929;"Norsk Geografisk Tidsskrift";journal;"15025292, 00291951";"Taylor and Francis A.S.";No;No;0,373;Q2;45;25;79;1402;92;71;0,77;56,08;43,75;2;United Kingdom;Western Europe;"Taylor and Francis A.S.";"1926-1928, 1930, 1932-1933, 1935-1936, 1938, 1940-1946, 1948, 1951, 1954, 1956-1957, 1959, 1961, 1963, 1965, 1967-2025";"Earth and Planetary Sciences (miscellaneous) (Q2); Geography, Planning and Development (Q2)";"Earth and Planetary Sciences; Social Sciences"
367;21100853663;"Urban Rail Transit";journal;"21996679, 21996687";"Springer Science and Business Media Deutschland GmbH";Yes;Yes;0,370;Q2;29;24;60;832;107;60;1,64;34,67;34,69;0;Germany;Western Europe;"Springer Science and Business Media Deutschland GmbH";"2015-2026";"Automotive Engineering (Q2); Geography, Planning and Development (Q2); Urban Studies (Q2); Civil and Structural Engineering (Q3); Electrical and Electronic Engineering (Q3); Transportation (Q3)";"Engineering; Social Sciences"
368;21101173090;"International Journal of Community Well-Being";journal;"25245309, 25245295";"Springer Nature";No;No;0,368;Q2;20;22;112;1103;173;92;1,62;50,14;62,32;3;Switzerland;Western Europe;"Springer Nature";"2018-2026";"Geography, Planning and Development (Q2); Social Sciences (miscellaneous) (Q2); Psychology (miscellaneous) (Q3)";"Psychology; Social Sciences"
369;13931;"Journal of Property Research";journal;"14664453, 09599916";"Routledge";No;No;0,364;Q2;43;16;49;929;117;49;2,97;58,06;35,00;0;United Kingdom;Western Europe;"Routledge";"1991-2026";"Geography, Planning and Development (Q2); Urban Studies (Q2)";"Social Sciences"
370;16824;"Central Asian Survey";journal;"02634937, 14653354";"Routledge";No;No;0,363;Q2;45;38;103;2287;139;99;1,25;60,18;39,13;9;United Kingdom;Western Europe;"Routledge";"1982-2026";"Development (Q2); Earth-Surface Processes (Q2); Geography, Planning and Development (Q2)";"Earth and Planetary Sciences; Social Sciences"
371;19700170838;"International Journal of Rural Management";journal;"09730680, 09730052";"Sage Publications India Pvt. Ltd";No;No;0,362;Q2;19;24;50;1021;82;49;1,82;42,54;33,33;2;India;Asiatic Region;"Sage Publications India Pvt. Ltd";"2005-2026";"Geography, Planning and Development (Q2); Management, Monitoring, Policy and Law (Q3); Strategy and Management (Q3)";"Business, Management and Accounting; Environmental Science; Social Sciences"
372;21100299413;"Journal of Cultural Heritage Management and Sustainable Development";journal;"20441274, 20441266";"Emerald Group Publishing Ltd.";No;No;0,362;Q2;31;67;109;3355;204;105;1,55;50,07;46,20;0;United Kingdom;Western Europe;"Emerald Group Publishing Ltd.";"2011-2026";"Conservation (Q1); Geography, Planning and Development (Q2); Urban Studies (Q2); Business, Management and Accounting (miscellaneous) (Q3)";"Arts and Humanities; Business, Management and Accounting; Social Sciences"
373;16523;"Tourism";journal;"18491545, 13327461";"Institute for Tourism";Yes;No;0,362;Q2;35;52;125;3599;274;122;2,03;69,21;38,14;0;Croatia;Eastern Europe;"Institute for Tourism";"2002-2025";"Geography, Planning and Development (Q2); Tourism, Leisure and Hospitality Management (Q3)";"Business, Management and Accounting; Social Sciences"
374;27665;"Journal of Contemporary African Studies";journal;"14699397, 02589001";"Routledge";No;No;0,361;Q2;44;34;119;1394;170;115;0,88;41,00;46,67;4;United Kingdom;Western Europe;"Routledge";"1981-1984, 1986-2025";"Development (Q2); Geography, Planning and Development (Q2); Political Science and International Relations (Q2)";"Social Sciences"
375;21101064943;"Nordic Journal of Migration Research";journal;"1799649X";"Helsinki University Press";Yes;Yes;0,360;Q2;12;28;84;1499;98;82;0,82;53,54;74,00;3;Finland;Western Europe;"Helsinki University Press";"2019-2026";"Anthropology (Q2); Demography (Q2); Geography, Planning and Development (Q2); Law (Q2); Sociology and Political Science (Q2)";"Social Sciences"
376;21100889432;"Journal of Water Management Modeling";journal;"22926062";"Computational Hydraulics Int.";Yes;No;0,359;Q2;10;16;26;688;38;26;1,45;43,00;30,23;0;Canada;Northern America;"Computational Hydraulics Int.";"2018-2026";"Geography, Planning and Development (Q2); Civil and Structural Engineering (Q3); Water Science and Technology (Q3)";"Engineering; Environmental Science; Social Sciences"
377;21100932526;"Challenges in Sustainability";journal;"22976477";"Acadlore Publishing Services Limited";Yes;No;0,357;Q2;11;4;14;243;23;13;1,73;60,75;0,00;0;Hong Kong;Asiatic Region;"Acadlore Publishing Services Limited";"2019-2025";"Ecology (Q2); Geography, Planning and Development (Q2); Nature and Landscape Conservation (Q2); Global and Planetary Change (Q3); Management, Monitoring, Policy and Law (Q3)";"Environmental Science; Social Sciences"
378;11900154315;"Letters in Spatial and Resource Sciences";journal;"18644031, 1864404X";"Springer Verlag";No;No;0,357;Q2;25;42;81;1688;147;81;1,90;40,19;24,75;4;Germany;Western Europe;"Springer Verlag";"2008-2026";"Demography (Q2); Geography, Planning and Development (Q2); Urban Studies (Q2); Economics and Econometrics (Q3)";"Economics, Econometrics and Finance; Social Sciences"
379;53958;"Agrekon";journal;"03031853, 20780400";"Taylor and Francis Ltd.";No;No;0,355;Q2;38;22;88;1098;139;82;1,47;49,91;30,65;4;United Kingdom;Western Europe;"Taylor and Francis Ltd.";"1962-2026";"Agronomy and Crop Science (Q2); Geography, Planning and Development (Q2); Economics and Econometrics (Q3)";"Agricultural and Biological Sciences; Economics, Econometrics and Finance; Social Sciences"
380;21100893188;"Revista de Urbanismo";journal;"07175051";"Universidad de Chile";Yes;Yes;0,353;Q2;9;20;67;1177;47;64;0,61;58,85;40,91;1;Chile;Latin America;"Universidad de Chile";"2010, 2018-2025";"Geography, Planning and Development (Q2); Urban Studies (Q2); Nature and Landscape Conservation (Q3)";"Environmental Science; Social Sciences"
381;14100;"Development in Practice";journal;"13649213, 09614524";"Routledge";No;No;0,351;Q2;59;92;293;3173;398;243;1,26;34,49;47,76;28;United Kingdom;Western Europe;"Routledge";"1991-2026";"Development (Q2); Geography, Planning and Development (Q2)";"Social Sciences"
382;28758;"Geography";journal;"20436564, 00167487";"";No;No;0,350;Q2;33;23;65;646;76;56;1,05;28,09;46,67;0;United Kingdom;Western Europe;"";"1979-2026";"Earth-Surface Processes (Q2); Geography, Planning and Development (Q2)";"Earth and Planetary Sciences; Social Sciences"
383;21100840951;"Geography, Environment, Sustainability";journal;"25421565, 20719388";"Lomonosov Moscow State University, Faculty of Geography";Yes;Yes;0,349;Q2;22;63;207;2807;292;205;1,32;44,56;42,74;0;Russian Federation;Eastern Europe;"Lomonosov Moscow State University, Faculty of Geography";"2015-2025";"Agricultural and Biological Sciences (miscellaneous) (Q2); Geography, Planning and Development (Q2); Environmental Science (miscellaneous) (Q3)";"Agricultural and Biological Sciences; Environmental Science; Social Sciences"
384;21101170632;"Journal of Agriculture, Food Systems, and Community Development";journal;"21520801";"Thomas A. Lyson Center for Civic Agriculture and Food Systems";Yes;No;0,347;Q2;20;71;297;3209;390;246;1,12;45,20;68,29;3;United States;Northern America;"Thomas A. Lyson Center for Civic Agriculture and Food Systems";"2012, 2015-2026";"Geography, Planning and Development (Q2); Social Sciences (miscellaneous) (Q2); Development (Q3); Health (social science) (Q3)";"Social Sciences"
385;5800179628;"Australasian Journal of Environmental Management";journal;"14486563, 21595356";"Taylor and Francis Ltd.";No;No;0,346;Q2;37;21;77;1361;108;65;0,96;64,81;37,50;3;United Kingdom;Western Europe;"Taylor and Francis Ltd.";"1996-2026";"Geography, Planning and Development (Q2); Management, Monitoring, Policy and Law (Q3)";"Environmental Science; Social Sciences"
386;14192;"Forum for Development Studies";journal;"08039410, 18911765";"Routledge";No;No;0,346;Q2;33;23;70;1602;100;70;1,35;69,65;48,65;3;United Kingdom;Western Europe;"Routledge";"1992-2026";"Geography, Planning and Development (Q2); Development (Q3)";"Social Sciences"
387;21100841770;"Global Journal of Emerging Market Economies";journal;"09749101, 09752730";"SAGE Publications Inc.";No;No;0,343;Q2;18;22;60;1107;113;57;1,74;50,32;42,86;0;United Kingdom;Western Europe;"SAGE Publications Inc.";"2009-2026";"Economics, Econometrics and Finance (miscellaneous) (Q2); Geography, Planning and Development (Q2); Business and International Management (Q3); Development (Q3); Global and Planetary Change (Q4)";"Business, Management and Accounting; Economics, Econometrics and Finance; Environmental Science; Social Sciences"
388;20329;"Journal of Political Ideologies";journal;"13569317, 14699613";"Taylor and Francis Ltd.";No;No;0,343;Q2;48;23;58;0;108;54;1,43;0,00;35,71;4;United Kingdom;Western Europe;"Taylor and Francis Ltd.";"1996-2026";"Geography, Planning and Development (Q2); Political Science and International Relations (Q2)";"Social Sciences"
389;4000148818;"DISP";journal;"02513625, 21668604";"Taylor and Francis Ltd.";No;No;0,342;Q2;31;29;105;1171;105;90;0,55;40,38;40,38;0;United Kingdom;Western Europe;"Taylor and Francis Ltd.";"1980-2002, 2005-2025";"Geography, Planning and Development (Q2)";"Social Sciences"
390;23098;"Review of Regional Research";journal;"01737600, 16139836";"Springer Verlag";No;No;0,341;Q2;27;18;35;1170;51;30;1,12;65,00;20,00;3;Germany;Western Europe;"Springer Verlag";"1998-2026";"Geography, Planning and Development (Q2); Social Sciences (miscellaneous) (Q2); Economics and Econometrics (Q3)";"Economics, Econometrics and Finance; Social Sciences"
391;19900191475;"Journal of Globalization and Development";journal;"19481837, 21946353";"Walter de Gruyter GmbH";No;No;0,339;Q2;12;13;31;513;31;31;0,65;39,46;37,93;5;Germany;Western Europe;"Walter de Gruyter GmbH";"2016-2026";"Economics, Econometrics and Finance (miscellaneous) (Q2); Geography, Planning and Development (Q2); Development (Q3)";"Economics, Econometrics and Finance; Social Sciences"
392;23749;"Ancient Mesoamerica";journal;"14691787, 09565361";"Cambridge University Press";No;No;0,338;Q2;47;53;92;4894;57;88;0,64;92,34;39,82;0;United Kingdom;Western Europe;"Cambridge University Press";"1989-2026";"Arts and Humanities (miscellaneous) (Q2); Geography, Planning and Development (Q2)";"Arts and Humanities; Social Sciences"
393;21101023625;"Chinese Journal of Urban and Environmental Studies";journal;"2345752X, 23457481";"World Scientific";Yes;Yes;0,338;Q2;12;24;85;1076;118;84;1,44;44,83;35,90;0;United States;Northern America;"World Scientific";"2019-2025";"Geography, Planning and Development (Q2); Urban Studies (Q2); Economics and Econometrics (Q3); Management, Monitoring, Policy and Law (Q3); Global and Planetary Change (Q4)";"Economics, Econometrics and Finance; Environmental Science; Social Sciences"
394;21101100205;"Journal of Sustainability Research";journal;"26326582";"";No;No;0,338;Q2;17;16;72;1101;108;70;1,03;68,81;40,91;2;United Kingdom;Western Europe;"";"2019-2026";"Geography, Planning and Development (Q2); Urban Studies (Q2); Environmental Science (miscellaneous) (Q3); Renewable Energy, Sustainability and the Environment (Q3)";"Energy; Environmental Science; Social Sciences"
395;12008;"Teruleti Statisztika";journal;"20648251, 00187828";"Hungarian Central Statistical Office";No;No;0,333;Q2;15;29;91;1524;128;90;1,66;52,55;31,58;0;Hungary;Eastern Europe;"Hungarian Central Statistical Office";"1980, 1982-1983, 1985, 2016-2026";"Cultural Studies (Q1); Geography, Planning and Development (Q2); Economics and Econometrics (Q3); Public Administration (Q3); Statistics and Probability (Q3)";"Economics, Econometrics and Finance; Mathematics; Social Sciences"
396;18901;"Journal of Transport History";journal;"00225266, 17593999";"SAGE Publications Inc.";No;No;0,332;Q2;23;21;66;1374;43;59;0,60;65,43;40,74;1;United Kingdom;Western Europe;"SAGE Publications Inc.";"1979, 1981-2026";"History (Q1); Arts and Humanities (miscellaneous) (Q2); Geography, Planning and Development (Q2); Transportation (Q3)";"Arts and Humanities; Social Sciences"
397;28105;"Erdkunde";journal;"00140015, 27025985";"Erdkunde";No;No;0,331;Q2;44;20;57;1271;67;55;0,98;63,55;49,15;0;Germany;Western Europe;"Erdkunde";"1976, 1978-2025";"Geography, Planning and Development (Q2); Earth and Planetary Sciences (miscellaneous) (Q3); Ecology (Q3)";"Earth and Planetary Sciences; Environmental Science; Social Sciences"
398;21100370022;"Regional Research of Russia";journal;"20799713, 20799705";"Pleiades Publishing";No;No;0,331;Q2;20;73;196;2076;177;196;0,79;28,44;50,48;0;United States;Northern America;"Pleiades Publishing";"2011-2025";"Cultural Studies (Q1); Economics, Econometrics and Finance (miscellaneous) (Q2); Geography, Planning and Development (Q2); Urban Studies (Q2); Earth and Planetary Sciences (miscellaneous) (Q3); Environmental Science (miscellaneous) (Q3); Public Administration (Q3)";"Earth and Planetary Sciences; Economics, Econometrics and Finance; Environmental Science; Social Sciences"
399;21101038575;"Agrarian South";journal;"23210281, 22779760";"SAGE Publications Inc.";No;No;0,329;Q2;22;21;58;798;63;53;0,95;38,00;35,71;2;United States;Northern America;"SAGE Publications Inc.";"2012-2026";"Cultural Studies (Q1); Geography, Planning and Development (Q2); Social Sciences (miscellaneous) (Q2); Ecology (Q3)";"Environmental Science; Social Sciences"
400;66304;"Revista de Geografia Norte Grande";journal;"07183402, 03798682";"Revista de Geografia Norte Grande";Yes;Yes;0,328;Q2;30;49;154;2690;97;145;0,46;54,90;38,21;0;Chile;Latin America;"Revista de Geografia Norte Grande";"1981, 1983, 2000, 2004-2025";"Geography, Planning and Development (Q2); Earth-Surface Processes (Q3)";"Earth and Planetary Sciences; Social Sciences"
401;21100207610;"Journal of Development Effectiveness";journal;"19439407, 19439342";"Taylor and Francis Ltd.";No;No;0,327;Q3;36;28;61;981;62;60;0,86;35,04;55,56;12;United Kingdom;Western Europe;"Taylor and Francis Ltd.";"2009-2026";"Development (Q3); Geography, Planning and Development (Q3)";"Social Sciences"
402;21100220389;"Geographica Pannonica";journal;"03548724, 18207138";"Department of Geography, Tourism and Hotel Management";Yes;Yes;0,326;Q3;23;22;84;1098;128;84;1,45;49,91;43,33;0;Serbia;Eastern Europe;"Department of Geography, Tourism and Hotel Management";"2010, 2012-2026";"Atmospheric Science (Q3); Earth-Surface Processes (Q3); Geography, Planning and Development (Q3); Geology (Q3); Tourism, Leisure and Hospitality Management (Q3)";"Business, Management and Accounting; Earth and Planetary Sciences; Social Sciences"
403;12400154713;"Geospatial Health";journal;"19707096, 18271987";"Page Press Publications";Yes;No;0,326;Q3;46;44;158;1587;188;152;1,09;36,07;38,73;0;Italy;Western Europe;"Page Press Publications";"2006-2026";"Geography, Planning and Development (Q3); Health Policy (Q3); Health (social science) (Q3); Medicine (miscellaneous) (Q3)";"Medicine; Social Sciences"
404;29879;"New Zealand Geographer";journal;"17457939, 00288144";"Wiley-Blackwell";No;No;0,325;Q3;33;22;68;1001;77;47;1,29;45,50;65,00;2;United States;Northern America;"Wiley-Blackwell";"1945-1967, 1969-2025";"Earth and Planetary Sciences (miscellaneous) (Q3); Geography, Planning and Development (Q3)";"Earth and Planetary Sciences; Social Sciences"
405;21100286463;"Geojournal of Tourism and Geosites";journal;"20651198, 20650817";"Editura Universitatii din Oradea";Yes;No;0,323;Q3;32;180;546;9177;1178;546;1,95;50,98;40,74;0;Romania;Eastern Europe;"Editura Universitatii din Oradea";"2013-2026";"Cultural Studies (Q1); Earth and Planetary Sciences (miscellaneous) (Q3); Geography, Planning and Development (Q3)";"Earth and Planetary Sciences; Social Sciences"
406;5700160329;"Migraciones Internacionales";journal;"16658906, 25940279";"El Colegio de la Frontera Norte";Yes;Yes;0,323;Q3;17;25;68;1529;53;67;0,78;61,16;56,82;2;Mexico;Latin America;"El Colegio de la Frontera Norte";"2009-2026";"Demography (Q2); Geography, Planning and Development (Q3)";"Social Sciences"
407;55289;"Journal of Developing Societies";journal;"0169796X, 17452546";"SAGE Publications Ltd";No;No;0,320;Q3;35;22;67;1062;94;64;1,11;48,27;48,57;0;United Kingdom;Western Europe;"SAGE Publications Ltd";"1985-2026";"Development (Q3); Geography, Planning and Development (Q3)";"Social Sciences"
408;28972;"Journal of East-West Business";journal;"10669868, 15286959";"Routledge";No;No;0,320;Q3;24;17;49;1320;69;49;1,36;77,65;38,89;0;United States;Northern America;"Routledge";"1994-2026";"Business and International Management (Q3); Development (Q3); Geography, Planning and Development (Q3)";"Business, Management and Accounting; Social Sciences"
409;21101039227;"Arktika: Ekologia i Ekonomika";journal;"22234594";"Nuclear Safety Institute of the Russian Academy of Sciences";Yes;Yes;0,318;Q3;12;51;140;1301;148;140;1,08;25,51;39,58;1;Russian Federation;Eastern Europe;"Nuclear Safety Institute of the Russian Academy of Sciences";"2020-2025";"Social Sciences (miscellaneous) (Q2); Earth and Planetary Sciences (miscellaneous) (Q3); Earth-Surface Processes (Q3); Ecology (Q3); Environmental Science (miscellaneous) (Q3); Geography, Planning and Development (Q3)";"Earth and Planetary Sciences; Environmental Science; Social Sciences"
410;21101017027;"Ciudades";journal;"24453943";"Instituto Universitario de Urbanistica de la Universidad de Valladolid";Yes;Yes;0,317;Q3;6;10;34;357;31;34;0,74;35,70;56,25;3;Spain;Western Europe;"Instituto Universitario de Urbanistica de la Universidad de Valladolid";"2019-2025";"Conservation (Q1); Urban Studies (Q2); Geography, Planning and Development (Q3)";"Arts and Humanities; Social Sciences"
411;16996;"Modern China";journal;"15526836, 00977004";"SAGE Publications Inc.";No;No;0,315;Q3;53;25;93;1717;109;93;1,19;68,68;32,14;0;United States;Northern America;"SAGE Publications Inc.";"1975-2026";"History (Q1); Sociology and Political Science (Q2); Geography, Planning and Development (Q3)";"Arts and Humanities; Social Sciences"
412;27082;"Acta Geographica Lodziensia";journal;"00651249, 24510319";"Lodzkie Towarzystwo Naukowe";No;No;0,314;Q3;10;11;40;591;27;40;0,38;53,73;44,44;0;Poland;Eastern Europe;"Lodzkie Towarzystwo Naukowe";"1979-1980, 1982, 1985-1990, 1993-1998, 2002-2009, 2019-2025";"Geography, Planning and Development (Q3); Geology (Q3)";"Earth and Planetary Sciences; Social Sciences"
413;14746;"IDS Bulletin";journal;"02655012, 17595436";"Institute of Development Studies";Yes;No;0,314;Q3;62;32;81;908;79;79;1,00;28,38;41,86;31;United Kingdom;Western Europe;"Institute of Development Studies";"1976-2025";"Development (Q3); Geography, Planning and Development (Q3)";"Social Sciences"
414;9100153110;"Boletin de la Asociacion de Geografos Espanoles";journal;"26053322, 02129426";"Radcliffe Cardiology";Yes;No;0,313;Q3;30;54;164;3152;175;164;1,19;58,37;31,03;4;Spain;Western Europe;"Radcliffe Cardiology";"2006-2026";"Urban Studies (Q2); Earth-Surface Processes (Q3); Environmental Science (miscellaneous) (Q3); Geography, Planning and Development (Q3)";"Earth and Planetary Sciences; Environmental Science; Social Sciences"
415;13800154701;"Open House International";journal;"26339838, 01682601";"Emerald Group Publishing Ltd.";No;No;0,313;Q3;21;40;105;2496;150;103;1,68;62,40;52,87;0;United Kingdom;Western Europe;"Emerald Group Publishing Ltd.";"2005-2026";"Architecture (Q2); Urban Studies (Q2); Geography, Planning and Development (Q3)";"Engineering; Social Sciences"
416;21100901135;"Journal of Sustainable Real Estate";journal;"19498276, 19498284";"Taylor and Francis Ltd.";Yes;No;0,307;Q3;8;8;15;470;16;15;1,25;58,75;6,67;2;United States;Northern America;"Taylor and Francis Ltd.";"2010, 2013-2015, 2017-2024";"Urban Studies (Q2); Geography, Planning and Development (Q3); Management, Monitoring, Policy and Law (Q3); Nature and Landscape Conservation (Q3)";"Environmental Science; Social Sciences"
417;25590;"British Journal of Middle Eastern Studies";journal;"14693542, 13530194";"Routledge";No;No;0,306;Q3;35;69;159;84;188;155;0,99;1,22;32,97;3;United Kingdom;Western Europe;"Routledge";"1992-2026";"History (Q1); Earth-Surface Processes (Q3); Geography, Planning and Development (Q3)";"Arts and Humanities; Earth and Planetary Sciences; Social Sciences"
418;28015;"Cuadernos Geograficos";journal;"23400129, 02105462";"University of Granada";Yes;Yes;0,304;Q3;18;32;125;1973;142;123;1,13;61,66;58,57;0;Spain;Western Europe;"University of Granada";"1983, 1992-1993, 1995, 1997-2000, 2002-2026";"Earth-Surface Processes (Q3); Geography, Planning and Development (Q3)";"Earth and Planetary Sciences; Social Sciences"
419;21101141528;"Advances in Southeast Asian Studies";journal;"2791531X";"SEAS - Society for South-East Asian Studies";Yes;Yes;0,303;Q3;18;17;50;957;75;46;0,91;56,29;50,00;0;Austria;Western Europe;"SEAS - Society for South-East Asian Studies";"2022-2025";"Cultural Studies (Q1); Anthropology (Q2); Communication (Q2); Law (Q2); Sociology and Political Science (Q2); Development (Q3); Geography, Planning and Development (Q3)";"Social Sciences"
420;29276;"Journal of Historical Geography";journal;"10958614, 03057488";"Academic Press";No;No;0,303;Q3;52;52;98;0;112;93;1,15;0,00;30,77;1;United States;Northern America;"Academic Press";"1975-2026";"History (Q1); Archeology (Q2); Geography, Planning and Development (Q3)";"Arts and Humanities; Social Sciences"
421;144792;"Geographie Economie Societe";journal;"1295926X";"Lavoisier";No;No;0,302;Q3;20;26;52;1305;22;50;0,27;50,19;58,82;1;France;Western Europe;"Lavoisier";"2004-2025";"Economics and Econometrics (Q3); Geography, Planning and Development (Q3)";"Economics, Econometrics and Finance; Social Sciences"
422;21100979305;"Journal of Digital Landscape Architecture";journal;"2511624X, 23674253";"V D E Verlag GmbH";Yes;No;0,298;Q3;14;69;177;1201;211;174;0,97;17,41;35,23;0;Germany;Western Europe;"V D E Verlag GmbH";"2016-2025";"Architecture (Q2); Computer Science Applications (Q3); Geography, Planning and Development (Q3); Nature and Landscape Conservation (Q3)";"Computer Science; Engineering; Environmental Science; Social Sciences"
423;26245;"Asian and Pacific Migration Journal";journal;"01171968";"SAGE Publications Inc.";No;No;0,297;Q3;40;37;74;1843;85;71;1,19;49,81;57,14;0;Philippines;Asiatic Region;"SAGE Publications Inc.";"1992-2026";"Demography (Q2); Geography, Planning and Development (Q3)";"Social Sciences"
424;145016;"Defense and Security Analysis";journal;"14751798, 14751801";"Routledge";No;No;0,296;Q3;20;35;83;73;86;81;1,00;2,09;15,22;11;United Kingdom;Western Europe;"Routledge";"2003-2004, 2006-2026";"Political Science and International Relations (Q2); Geography, Planning and Development (Q3)";"Social Sciences"
425;21100792094;"Diaspora Studies";journal;"09763457, 09739572";"Brill Academic Publishers";No;No;0,296;Q3;13;17;38;1019;33;38;0,78;59,94;40,00;1;United Kingdom;Western Europe;"Brill Academic Publishers";"2009-2010, 2015-2026";"History (Q1); Demography (Q2); Political Science and International Relations (Q2); Geography, Planning and Development (Q3)";"Arts and Humanities; Social Sciences"
426;19400157013;"Problemy Ekorozwoju";journal;"18956912, 20801971";"Politechnika Lubelska";Yes;Yes;0,296;Q3;26;50;152;1953;219;152;1,67;39,06;54,47;1;Poland;Eastern Europe;"Politechnika Lubelska";"2008-2026";"Geography, Planning and Development (Q3); Management, Monitoring, Policy and Law (Q3); Renewable Energy, Sustainability and the Environment (Q3)";"Energy; Environmental Science; Social Sciences"
427;27099;"Acta Geographica Slovenica";journal;"15816613, 15818314";"Zalozba ZRC";Yes;Yes;0,295;Q3;30;20;70;1079;86;70;1,35;53,95;50,00;0;Slovenia;Eastern Europe;"Zalozba ZRC";"2003-2025";"Cultural Studies (Q1); Earth and Planetary Sciences (miscellaneous) (Q3); Geography, Planning and Development (Q3)";"Earth and Planetary Sciences; Social Sciences"
428;21100874350;"Baltic Region";journal;"23100524, 20798555";"Immanuel Kant Baltic Federal University";Yes;Yes;0,295;Q3;12;34;111;1230;99;111;0,97;36,18;48,33;0;Russian Federation;Eastern Europe;"Immanuel Kant Baltic Federal University";"2018-2025";"Cultural Studies (Q1); History (Q1); Economics, Econometrics and Finance (miscellaneous) (Q2); Social Sciences (miscellaneous) (Q2); Sociology and Political Science (Q2); Geography, Planning and Development (Q3)";"Arts and Humanities; Economics, Econometrics and Finance; Social Sciences"
429;21100872806;"Environmental and Socio-Economic Studies";journal;"23540079";"De Gruyter Open Ltd";Yes;Yes;0,295;Q3;15;25;77;1298;103;76;1,21;51,92;57,89;0;Germany;Western Europe;"De Gruyter Open Ltd";"2018-2025";"Urban Studies (Q2); Geography, Planning and Development (Q3); Management, Monitoring, Policy and Law (Q3); Nature and Landscape Conservation (Q3); Pollution (Q3)";"Environmental Science; Social Sciences"
430;19700174722;"Housing, Care and Support";journal;"14608790";"Emerald Group Publishing Ltd.";No;No;0,295;Q3;16;12;41;690;44;39;0,86;57,50;75,00;0;United Kingdom;Western Europe;"Emerald Group Publishing Ltd.";"1999-2025";"Sociology and Political Science (Q2); Geography, Planning and Development (Q3)";"Social Sciences"
431;19900191745;"Indian Growth and Development Review";journal;"17538254, 17538262";"Emerald Group Publishing Ltd.";No;No;0,295;Q3;19;13;53;552;79;51;1,56;42,46;33,33;0;United Kingdom;Western Europe;"Emerald Group Publishing Ltd.";"2008-2026";"Business and International Management (Q3); Economics and Econometrics (Q3); Geography, Planning and Development (Q3)";"Business, Management and Accounting; Economics, Econometrics and Finance; Social Sciences"
432;21100897203;"Investigaciones Geograficas";journal;"19899890, 02134691";"Interuniversity Institute of Geography and University of Alicante";Yes;Yes;0,295;Q3;12;22;87;1503;102;87;0,90;68,32;27,42;0;Spain;Western Europe;"Interuniversity Institute of Geography and University of Alicante";"2018-2026";"Earth and Planetary Sciences (miscellaneous) (Q3); Geography, Planning and Development (Q3)";"Earth and Planetary Sciences; Social Sciences"
433;24257;"Asian-Pacific Economic Literature";journal;"08189935, 14678411";"Wiley-Blackwell Publishing Ltd";No;No;0,294;Q3;27;13;49;647;67;49;1,41;49,77;28,00;0;United Kingdom;Western Europe;"Wiley-Blackwell Publishing Ltd";"1987-2026";"Development (Q3); Economics and Econometrics (Q3); Geography, Planning and Development (Q3)";"Economics, Econometrics and Finance; Social Sciences"
434;16383;"Comparative Studies of South Asia, Africa and the Middle East";journal;"1548226X, 1089201X";"Duke University Press";No;No;0,292;Q3;41;36;180;2122;107;129;0,50;58,94;48,39;0;United States;Northern America;"Duke University Press";"1996-2025";"Political Science and International Relations (Q2); Development (Q3); Geography, Planning and Development (Q3)";"Social Sciences"
435;16902;"Labour";journal;"11217081, 14679914";"John Wiley and Sons Inc";No;No;0,292;Q3;43;20;60;1005;48;60;0,65;50,25;31,71;9;United Kingdom;Western Europe;"John Wiley and Sons Inc";"1987-2026";"History (Q1); Demography (Q2); Geography, Planning and Development (Q3); Industrial Relations (Q3); Organizational Behavior and Human Resource Management (Q3)";"Arts and Humanities; Business, Management and Accounting; Social Sciences"
436;21101019741;"Studies in Agricultural Economics";journal;"14182106, 20630476";"";Yes;Yes;0,291;Q3;22;16;51;657;60;51;1,29;41,06;44,68;1;Hungary;Eastern Europe;"";"2011-2025";"Agricultural and Biological Sciences (miscellaneous) (Q2); Development (Q3); Economics and Econometrics (Q3); Geography, Planning and Development (Q3)";"Agricultural and Biological Sciences; Economics, Econometrics and Finance; Social Sciences"
437;83082;"Historia Agraria";journal;"11391472, 23403659";"Universidad de Murcia";Yes;Yes;0,289;Q3;23;26;77;1692;49;76;0,48;65,08;23,91;2;Spain;Western Europe;"Universidad de Murcia";"1998-2025";"History (Q1); Agricultural and Biological Sciences (miscellaneous) (Q2); Arts and Humanities (miscellaneous) (Q2); Multidisciplinary (Q2); Geography, Planning and Development (Q3)";"Agricultural and Biological Sciences; Arts and Humanities; Multidisciplinary; Social Sciences"
438;110000;"International Journal of Environmental Studies";journal;"00207233, 10290400";"Taylor and Francis Ltd.";No;No;0,289;Q3;49;144;204;5767;353;201;1,78;40,05;42,16;6;United Kingdom;Western Europe;"Taylor and Francis Ltd.";"1970-2026";"Computers in Earth Sciences (Q3); Ecology (Q3); Geography, Planning and Development (Q3); Pollution (Q3); Waste Management and Disposal (Q3)";"Earth and Planetary Sciences; Environmental Science; Social Sciences"
439;19500157111;"New Medit";journal;"26111128, 15945685";"Bononia University Press";Yes;Yes;0,289;Q3;27;35;131;1890;163;125;1,22;54,00;32,26;2;Italy;Western Europe;"Bononia University Press";"2008-2025";"Agricultural and Biological Sciences (miscellaneous) (Q2); Agronomy and Crop Science (Q3); Development (Q3); Economics and Econometrics (Q3); Geography, Planning and Development (Q3)";"Agricultural and Biological Sciences; Economics, Econometrics and Finance; Social Sciences"
440;21101076085;"Public Administration and Policy";journal;"2517679X, 17272645";"Emerald Group Publishing Ltd.";Yes;Yes;0,288;Q3;18;29;79;1131;116;68;1,38;39,00;45,45;0;United Kingdom;Western Europe;"Emerald Group Publishing Ltd.";"2018-2025";"Sociology and Political Science (Q2); Geography, Planning and Development (Q3); Health (social science) (Q3); Public Administration (Q3)";"Social Sciences"
441;21101090838;"Revista Interdisciplinar da Mobilidade Humana";journal;"19808585, 22379843";"Scalabrini Migration Study Centers";Yes;Yes;0,287;Q3;10;49;132;1929;62;120;0,40;39,37;58,67;1;Italy;Western Europe;"Scalabrini Migration Study Centers";"2019-2025";"Demography (Q2); Social Sciences (miscellaneous) (Q2); Sociology and Political Science (Q2); Geography, Planning and Development (Q3)";"Social Sciences"
442;26917;"Nationalism and Ethnic Politics";journal;"15572986, 13537113";"Routledge";No;No;0,286;Q3;36;24;75;0;62;75;0,57;0,00;32,26;2;United Kingdom;Western Europe;"Routledge";"1995-2026";"Political Science and International Relations (Q2); Geography, Planning and Development (Q3)";"Social Sciences"
443;27398;"Zeitschrift fur Geomorphologie";journal;"18641687, 03728854";"Schweizerbart Science Publishers";No;No;0,286;Q3;44;0;49;0;48;47;0,98;0,00;0,00;0;Germany;Western Europe;"Schweizerbart Science Publishers";"1979-2019, 2021-2022, 2024-2025";"Earth and Planetary Sciences (miscellaneous) (Q3); Earth-Surface Processes (Q3); Geography, Planning and Development (Q3)";"Earth and Planetary Sciences; Social Sciences"
444;28407;"Asian Economic Journal";journal;"13513958, 14678381";"Wiley-Blackwell Publishing Ltd";No;No;0,284;Q3;37;20;56;679;56;56;0,87;33,95;30,23;2;United Kingdom;Western Europe;"Wiley-Blackwell Publishing Ltd";"1987-2025";"Development (Q3); Economics and Econometrics (Q3); Geography, Planning and Development (Q3)";"Economics, Econometrics and Finance; Social Sciences"
445;23891;"China Report";journal;"00094455, 0973063X";"Sage Publications India Pvt. Ltd";No;No;0,284;Q3;21;23;67;1111;76;66;0,75;48,30;38,24;1;India;Asiatic Region;"Sage Publications India Pvt. Ltd";"1971, 1979, 1989-2026";"Political Science and International Relations (Q2); Development (Q3); Geography, Planning and Development (Q3)";"Social Sciences"
446;27789;"International Journal of Marine and Coastal Law";journal;"09273522, 15718085";"Martinus Nijhoff Publishers";No;No;0,283;Q3;42;38;91;3302;116;91;1,14;86,89;62,82;7;Netherlands;Western Europe;"Martinus Nijhoff Publishers";"1986-2025";"Law (Q2); Environmental Science (miscellaneous) (Q3); Geography, Planning and Development (Q3); Management, Monitoring, Policy and Law (Q3); Oceanography (Q3)";"Earth and Planetary Sciences; Environmental Science; Social Sciences"
447;19900192151;"Architecture, City and Environment";journal;"18864805, 18877052";"Universitat Politecnica de Catalunya";Yes;No;0,282;Q3;13;37;149;1788;117;147;0,70;48,32;39,76;1;Spain;Western Europe;"Universitat Politecnica de Catalunya";"2011-2025";"Architecture (Q2); Urban Studies (Q2); Geography, Planning and Development (Q3)";"Engineering; Social Sciences"
448;19700177700;"European Energy and Environmental Law Review";journal;"18793886, 25890387";"Kluwer Law International";No;No;0,282;Q3;20;19;67;259;59;65;0,89;13,63;48,84;1;Netherlands;Western Europe;"Kluwer Law International";"2008-2025";"Law (Q2); Geography, Planning and Development (Q3); Management, Monitoring, Policy and Law (Q3); Renewable Energy, Sustainability and the Environment (Q4)";"Energy; Environmental Science; Social Sciences"
449;21100889410;"Journal of Regional and City Planning";journal;"25026429";"ITB Journal Publisher";Yes;No;0,282;Q3;12;18;55;817;70;54;0,95;45,39;34,15;0;Indonesia;Asiatic Region;"ITB Journal Publisher";"2017-2025";"Urban Studies (Q2); Development (Q3); Geography, Planning and Development (Q3)";"Social Sciences"
450;21100912225;"Journal of the Geographical Institute Jovan Cvijic SASA";journal;"03507599, 18212808";"Geographical Institute "Jovan Cviji" of the Serbian Academy of Sciences and Arts";Yes;Yes;0,282;Q3;13;28;71;1231;100;69;1,40;43,96;43,69;0;Serbia;Eastern Europe;"Geographical Institute "Jovan Cviji" of the Serbian Academy of Sciences and Arts";"2019-2026";"Demography (Q3); Earth-Surface Processes (Q3); Geography, Planning and Development (Q3); Geology (Q3); Tourism, Leisure and Hospitality Management (Q3)";"Business, Management and Accounting; Earth and Planetary Sciences; Social Sciences"
451;11000153705;"Journal of Transnational Management";journal;"15475778, 15475786";"Taylor and Francis Ltd.";No;No;0,282;Q3;22;12;49;892;58;38;0,70;74,33;28,57;0;United Kingdom;Western Europe;"Taylor and Francis Ltd.";"2005-2023";"Development (Q3); Geography, Planning and Development (Q3); Management, Monitoring, Policy and Law (Q3)";"Environmental Science; Social Sciences"
452;19600162167;"Journal of Water and Land Development";journal;"14297426, 20834535";"Institute of Technology and Life Sciences - National Research Institute";Yes;No;0,282;Q3;30;116;360;4853;502;360;1,46;41,84;38,66;0;Poland;Eastern Europe;"Institute of Technology and Life Sciences - National Research Institute";"2006-2026";"Agricultural and Biological Sciences (miscellaneous) (Q2); Development (Q3); Environmental Engineering (Q3); Geography, Planning and Development (Q3); Water Science and Technology (Q3)";"Agricultural and Biological Sciences; Environmental Science; Social Sciences"
453;78505;"Italian Review of Agricultural Economics";journal;"22811559, 00356190";"Firenze University Press";No;No;0,281;Q3;9;26;57;1447;65;52;0,95;55,65;39,08;12;Italy;Western Europe;"Firenze University Press";"1978-1979, 2019-2026";"Economics, Econometrics and Finance (miscellaneous) (Q2); Social Sciences (miscellaneous) (Q2); Agronomy and Crop Science (Q3); Animal Science and Zoology (Q3); Development (Q3); Food Science (Q3); Geography, Planning and Development (Q3)";"Agricultural and Biological Sciences; Economics, Econometrics and Finance; Social Sciences"
454;19700174747;"Journal of Green Building";journal;"19434618, 15526100";"College Publishing";No;No;0,281;Q3;35;45;143;2262;174;143;0,95;50,27;41,50;0;United States;Northern America;"College Publishing";"2006-2026";"Architecture (Q2); Building and Construction (Q3); Civil and Structural Engineering (Q3); Environmental Engineering (Q3); Environmental Science (miscellaneous) (Q3); Geography, Planning and Development (Q3); Management, Monitoring, Policy and Law (Q3); Nature and Landscape Conservation (Q3); Public Health, Environmental and Occupational Health (Q3)";"Engineering; Environmental Science; Medicine; Social Sciences"
455;21100908514;"Papers in Applied Geography";journal;"2375494X, 23754931";"Routledge";No;No;0,280;Q3;20;25;86;1425;119;83;1,28;57,00;16,18;2;United States;Northern America;"Routledge";"2015-2026";"Urban Studies (Q2); Earth and Planetary Sciences (miscellaneous) (Q3); Geography, Planning and Development (Q3)";"Earth and Planetary Sciences; Social Sciences"
456;27649;"Geografie-Sbornik CGS";journal;"12120014";"Czech Geographical Society";No;No;0,279;Q3;29;20;54;1365;61;54;1,06;68,25;29,79;0;Czech Republic;Eastern Europe;"Czech Geographical Society";"1992-2025";"Earth-Surface Processes (Q3); Geography, Planning and Development (Q3)";"Earth and Planetary Sciences; Social Sciences"
457;12452;"Raumforschung und Raumordnung";journal;"18694179, 00340111";"Oekom - Gesellschaft fuer Oekologische Kommunikation mbH";Yes;No;0,279;Q3;25;42;119;2269;109;113;1,00;54,02;26,67;4;Germany;Western Europe;"Oekom - Gesellschaft fuer Oekologische Kommunikation mbH";"1977-1987, 1990-1991, 1993-2025";"Urban Studies (Q2); Earth and Planetary Sciences (miscellaneous) (Q3); Environmental Science (miscellaneous) (Q3); Geography, Planning and Development (Q3)";"Earth and Planetary Sciences; Environmental Science; Social Sciences"
458;19900192143;"Theoretical and Empirical Researches in Urban Management";journal;"20653913, 20653921";"Research Centre in Public Administration and Public Services,cademy of Economic Studies, Bucharest, Romania";Yes;No;0,279;Q3;23;19;61;821;66;58;0,40;43,21;33,33;0;Romania;Eastern Europe;"Research Centre in Public Administration and Public Services,cademy of Economic Studies, Bucharest, Romania";"2010-2025";"Urban Studies (Q2); Geography, Planning and Development (Q3)";"Social Sciences"
459;16405;"East Asia";journal;"18746284, 10966838";"Springer Netherlands";No;No;0,278;Q3;27;21;63;1457;85;63;1,53;69,38;21,21;3;Netherlands;Western Europe;"Springer Netherlands";"1996-2026";"Political Science and International Relations (Q2); Development (Q3); Geography, Planning and Development (Q3)";"Social Sciences"
460;21100898979;"Environmental Law Review";journal;"17405564, 14614529";"SAGE Publications Ltd";No;No;0,278;Q3;11;23;68;0;60;58;0,73;0,00;45,00;5;United Kingdom;Western Europe;"SAGE Publications Ltd";"2018-2026";"Law (Q2); Geography, Planning and Development (Q3); Management, Monitoring, Policy and Law (Q3)";"Environmental Science; Social Sciences"
461;21100945721;"Journal of Globalization Studies";journal;"20758103";"Uchitel Publishing House";No;No;0,277;Q3;9;23;63;1297;91;60;1,35;56,39;16,07;1;Russian Federation;Eastern Europe;"Uchitel Publishing House";"2019-2025";"Political Science and International Relations (Q2); Geography, Planning and Development (Q3); Global and Planetary Change (Q4)";"Environmental Science; Social Sciences"
462;21101016783;"Journal of Tourism Analysis";journal;"22540644, 18852564";"";Yes;Yes;0,277;Q3;14;10;36;574;47;36;0,18;57,40;56,52;0;United Kingdom;Western Europe;"";"2018-2025";"Anthropology (Q2); Urban Studies (Q2); Geography, Planning and Development (Q3); Tourism, Leisure and Hospitality Management (Q3)";"Business, Management and Accounting; Social Sciences"
463;27390;"Pacific Affairs";journal;"0030851X, 17153379";"University of British Columbia";No;No;0,276;Q3;49;19;64;149;79;62;1,28;7,84;19,23;0;Canada;Northern America;"University of British Columbia";"1979, 1981-1982, 1984, 1991-2025";"Sociology and Political Science (Q2); Geography, Planning and Development (Q3)";"Social Sciences"
464;21100981177;"Silva Gabreta";journal;"12117420";"Sprava Narodniho parku sumava";No;No;0,274;Q3;5;8;22;269;14;22;0,60;33,63;6,90;0;Czech Republic;Eastern Europe;"Sprava Narodniho parku sumava";"2019-2024";"Forestry (Q2); Earth-Surface Processes (Q3); Geography, Planning and Development (Q3); Geology (Q3); Management, Monitoring, Policy and Law (Q3); Nature and Landscape Conservation (Q3)";"Agricultural and Biological Sciences; Earth and Planetary Sciences; Environmental Science; Social Sciences"
465;21100813768;"Ecological Questions";journal;"16447298, 20835469";"";No;No;0,273;Q3;18;50;111;1968;127;110;1,11;39,36;36,22;0;Germany;Western Europe;"";"2002-2004, 2008-2025";"Ecological Modeling (Q3); Ecology (Q3); Ecology, Evolution, Behavior and Systematics (Q3); Geography, Planning and Development (Q3)";"Agricultural and Biological Sciences; Environmental Science; Social Sciences"
466;28667;"Geographia Polonica";journal;"00167282, 23007362";"Polska Akademia Nauk";Yes;No;0,273;Q3;27;23;82;1530;101;82;1,33;66,52;34,33;0;Poland;Eastern Europe;"Polska Akademia Nauk";"1972, 1975-1986, 1988-1989, 1992-2025";"Cultural Studies (Q1); Urban Studies (Q2); Earth and Planetary Sciences (miscellaneous) (Q3); Geography, Planning and Development (Q3)";"Earth and Planetary Sciences; Social Sciences"
467;55750;"Human Ecology Review";journal;"10744827, 22040919";"Society for Human Ecology";Yes;Yes;0,273;Q3;52;0;35;0;38;34;0,63;0,00;0,00;0;United States;Northern America;"Society for Human Ecology";"1998-2022, 2024";"Geography, Planning and Development (Q3); Management, Monitoring, Policy and Law (Q3)";"Environmental Science; Social Sciences"
468;21100241674;"Revista de Teledeteccion";journal;"11330953, 19888740";"Universidad Politecnica de Valencia";Yes;Yes;0,273;Q3;15;13;51;536;55;47;0,52;41,23;32,69;0;Spain;Western Europe;"Universidad Politecnica de Valencia";"2012-2026";"Earth and Planetary Sciences (miscellaneous) (Q3); Geography, Planning and Development (Q3)";"Earth and Planetary Sciences; Social Sciences"
469;24150;"International Journal of Middle East Studies";journal;"14716380, 00207438";"Cambridge University Press";No;No;0,272;Q3;60;57;163;2027;103;146;0,50;35,56;44,23;0;United Kingdom;Western Europe;"Cambridge University Press";"1970-2026";"History (Q1); Sociology and Political Science (Q2); Geography, Planning and Development (Q3)";"Arts and Humanities; Social Sciences"
470;21100829917;"African Journal of Hospitality, Tourism and Leisure";journal;"2223814X";"Africa Journals";Yes;Yes;0,271;Q3;30;125;488;7752;786;488;1,91;62,02;40,00;0;South Africa;Africa;"Africa Journals";"2017-2025";"Geography, Planning and Development (Q3); Tourism, Leisure and Hospitality Management (Q4)";"Business, Management and Accounting; Social Sciences"
471;21100448230;"Regions and Cohesion";journal;"2152906X, 21529078";"Berghahn Journals";Yes;Yes;0,271;Q3;11;18;61;442;59;56;0,86;24,56;52,17;1;United Kingdom;Western Europe;"Berghahn Journals";"2014-2024";"Political Science and International Relations (Q2); Geography, Planning and Development (Q3); Global and Planetary Change (Q4)";"Environmental Science; Social Sciences"
472;18000156709;"Bulletin of Geography. Socio-economic Series";journal;"17324254, 20838298";"";Yes;Yes;0,270;Q3;27;40;118;2375;127;118;0,90;59,38;36,19;0;Germany;Western Europe;"";"2003-2025";"Cultural Studies (Q1); Demography (Q3); Geography, Planning and Development (Q3); Urban Studies (Q3)";"Social Sciences"
473;5200153101;"International Journal of Sustainable Development and Planning";journal;"1743761X, 17437601";"International Information and Engineering Technology Association";No;No;0,270;Q3;31;420;583;17847;1027;583;1,85;42,49;42,39;4;United Kingdom;Western Europe;"International Information and Engineering Technology Association";"2006-2025";"Geography, Planning and Development (Q3); Management, Monitoring, Policy and Law (Q3); Renewable Energy, Sustainability and the Environment (Q4)";"Energy; Environmental Science; Social Sciences"
474;21100905026;"Ukrainian Geographical Journal";journal;"15614980";"Publishing House Akademperiodyka";No;No;0,270;Q3;9;28;86;637;77;86;0,95;22,75;54,90;0;Ukraine;Eastern Europe;"Publishing House Akademperiodyka";"2018-2025";"History and Philosophy of Science (Q2); Earth and Planetary Sciences (miscellaneous) (Q3); Earth-Surface Processes (Q3); Geography, Planning and Development (Q3); Management of Technology and Innovation (Q3)";"Arts and Humanities; Business, Management and Accounting; Earth and Planetary Sciences; Social Sciences"
475;21100197733;"Ager";journal;"23404655, 15787168";"CEDDAR";No;Yes;0,269;Q3;17;11;63;568;74;60;1,19;51,64;40,00;1;Spain;Western Europe;"CEDDAR";"2009-2025";"Demography (Q3); Development (Q3); Geography, Planning and Development (Q3)";"Social Sciences"
476;21100456788;"International Journal on Food System Dynamics";journal;"18696945";"CentMa GmbH";Yes;Yes;0,269;Q3;23;34;93;1595;95;93;1,02;46,91;45,05;0;Germany;Western Europe;"CentMa GmbH";"2010-2025";"Business and International Management (Q3); Economics, Econometrics and Finance (miscellaneous) (Q3); Environmental Science (miscellaneous) (Q3); Food Science (Q3); Geography, Planning and Development (Q3); Transportation (Q3); Management Science and Operations Research (Q4)";"Agricultural and Biological Sciences; Business, Management and Accounting; Decision Sciences; Economics, Econometrics and Finance; Environmental Science; Social Sciences"
477;29241;"Irish Geography";journal;"19394055, 00750778";"Geographical Society of Ireland";No;No;0,269;Q3;26;8;30;454;20;28;0,14;56,75;50,00;0;United Kingdom;Western Europe;"Geographical Society of Ireland";"1954-1965, 1969-2024";"Earth and Planetary Sciences (miscellaneous) (Q3); Geography, Planning and Development (Q3)";"Earth and Planetary Sciences; Social Sciences"
478;22869;"Journal of Forest Economics";journal;"11046899, 16181530";"Now Publishers Inc";No;No;0,269;Q3;47;8;49;385;41;47;1,00;48,13;18,18;1;United States;Northern America;"Now Publishers Inc";"1995-2025";"Ecology (Q3); Forestry (Q3); Geography, Planning and Development (Q3)";"Agricultural and Biological Sciences; Environmental Science; Social Sciences"
479;21100829564;"DETUROPE";journal;"18212506";"Regional Science Association of Subotica (Drustvo za Regionalne Nauke)";Yes;Yes;0,266;Q3;13;18;76;932;59;74;0,88;51,78;44,74;0;Serbia;Eastern Europe;"Regional Science Association of Subotica (Drustvo za Regionalne Nauke)";"2017-2025";"Geography, Planning and Development (Q3); Tourism, Leisure and Hospitality Management (Q4)";"Business, Management and Accounting; Social Sciences"
480;21100940509;"Geomatics and Environmental Engineering";journal;"23007095, 18981135";"AGH University of Science and Technology Press";Yes;Yes;0,266;Q3;13;32;90;1676;124;90;1,52;52,38;34,31;0;Poland;Eastern Europe;"AGH University of Science and Technology Press";"2019-2026";"Computer Science (miscellaneous) (Q3); Computers in Earth Sciences (Q3); Earth-Surface Processes (Q3); Environmental Engineering (Q3); Geography, Planning and Development (Q3)";"Computer Science; Earth and Planetary Sciences; Environmental Science; Social Sciences"
481;21100855500;"Journal of Population and Social Studies";journal;"24654418";"Mahidol University, Institute for Population and Social Research";No;No;0,264;Q3;15;53;124;2749;129;123;1,04;51,87;43,48;0;Thailand;Asiatic Region;"Mahidol University, Institute for Population and Social Research";"2017-2027";"Anthropology (Q2); Social Sciences (miscellaneous) (Q2); Sociology and Political Science (Q2); Demography (Q3); Geography, Planning and Development (Q3); Health (social science) (Q3)";"Social Sciences"
482;21101050033;"Sustainability and Climate Change";journal;"26922924, 26922932";"Mary Ann Liebert Inc.";No;No;0,264;Q3;28;43;124;1611;136;96;0,78;37,47;47,89;1;United States;Northern America;"Mary Ann Liebert Inc.";"2021-2025";"Education (Q3); Geography, Planning and Development (Q3); Management, Monitoring, Policy and Law (Q3); Global and Planetary Change (Q4); Renewable Energy, Sustainability and the Environment (Q4)";"Energy; Environmental Science; Social Sciences"
483;21100856516;"Region";journal;"24095370";"European Regional Science Association";Yes;Yes;0,262;Q3;16;19;56;1112;65;53;1,14;58,53;31,71;0;Belgium;Western Europe;"European Regional Science Association";"2014-2025";"Economics and Econometrics (Q3); Geography, Planning and Development (Q3)";"Economics, Econometrics and Finance; Social Sciences"
484;15159;"Review of Regional Studies";journal;"0048749X, 15530892";"E-Journal of Geotechnical Engineering";Yes;No;0,262;Q3;24;14;52;566;44;52;0,59;40,43;17,86;1;United States;Northern America;"E-Journal of Geotechnical Engineering";"1974-1975, 1977-1982, 1984, 1987-2025";"Earth-Surface Processes (Q3); Geography, Planning and Development (Q3)";"Earth and Planetary Sciences; Social Sciences"
485;145648;"Refuge";journal;"19207336, 02295113";"York University Libraries";Yes;Yes;0,260;Q3;37;26;58;1494;62;52;0,70;57,46;80,77;1;Canada;Northern America;"York University Libraries";"1996-2025";"Cultural Studies (Q1); Political Science and International Relations (Q2); Demography (Q3); Geography, Planning and Development (Q3); Sociology and Political Science (Q3)";"Social Sciences"
486;5600156484;"Tourism and Hospitality Management";journal;"13307533, 18473377";"University of Rijeka";Yes;Yes;0,260;Q3;27;52;107;3120;141;105;1,10;60,00;48,78;1;Croatia;Eastern Europe;"University of Rijeka";"2013-2025";"Geography, Planning and Development (Q3); Tourism, Leisure and Hospitality Management (Q4)";"Business, Management and Accounting; Social Sciences"
487;29797;"Vestnik Moskovskogo Universiteta, Seriya Geografiya";journal;"05799414";"Moskovskij Universitet";Yes;No;0,258;Q3;19;65;208;1864;139;208;0,71;28,68;47,50;0;Russian Federation;Eastern Europe;"Moskovskij Universitet";"1978-1993, 1995-2025";"Agricultural and Biological Sciences (miscellaneous) (Q3); Earth and Planetary Sciences (miscellaneous) (Q3); Geography, Planning and Development (Q3)";"Agricultural and Biological Sciences; Earth and Planetary Sciences; Social Sciences"
488;27979;"Round Table";journal;"00358533, 1474029X";"Routledge";No;No;0,257;Q3;34;79;279;1189;145;123;0,43;15,05;25,00;5;United Kingdom;Western Europe;"Routledge";"1910-1981, 1983-2026";"Geography, Planning and Development (Q3)";"Social Sciences"
489;26288;"Journal of Latin American Studies";journal;"0022216X, 1469767X";"Cambridge University Press";No;No;0,255;Q3;56;24;77;2021;68;77;0,72;84,21;27,03;0;United Kingdom;Western Europe;"Cambridge University Press";"1969-2026";"Arts and Humanities (miscellaneous) (Q2); Geography, Planning and Development (Q3); Sociology and Political Science (Q3)";"Arts and Humanities; Social Sciences"
490;19955;"Economic Affairs";journal;"02650665, 14680270";"Wiley-Blackwell Publishing Ltd";No;No;0,254;Q3;26;33;118;788;89;87;0,71;23,88;14,81;4;United Kingdom;Western Europe;"Wiley-Blackwell Publishing Ltd";"1980-2026";"Aerospace Engineering (Q3); Development (Q3); Geography, Planning and Development (Q3)";"Engineering; Social Sciences"
491;21100915995;"GeoScape";journal;"18021115";"Sciendo";Yes;No;0,254;Q3;11;13;40;673;82;40;1,52;51,77;30,77;0;Poland;Eastern Europe;"Sciendo";"2019-2025";"Ecology (Q3); Geography, Planning and Development (Q3); Nature and Landscape Conservation (Q3); Urban Studies (Q3)";"Environmental Science; Social Sciences"
492;19200156806;"Geographia Technica";journal;"20654421, 18425135";"Asociatia Geographia Technica";No;No;0,253;Q3;20;32;130;1173;135;129;1,08;36,66;30,43;0;Romania;Eastern Europe;"Asociatia Geographia Technica";"2009-2025";"Computers in Earth Sciences (Q3); Earth-Surface Processes (Q3); Geography, Planning and Development (Q3)";"Earth and Planetary Sciences; Social Sciences"
493;26079;"Journal of Palestine Studies";journal;"0377919X, 15338614";"Routledge";No;No;0,253;Q3;41;32;101;0;76;80;0,69;0,00;48,28;0;United States;Northern America;"Routledge";"1971-2025";"Geography, Planning and Development (Q3); Sociology and Political Science (Q3)";"Social Sciences"
494;5600153133;"Sociedade e Estado";journal;"19805462, 01026992";"Universidade de Brasilia";Yes;Yes;0,253;Q3;23;31;130;1232;72;121;0,67;39,74;53,33;1;Brazil;Latin America;"Universidade de Brasilia";"2007-2025";"Geography, Planning and Development (Q3); Sociology and Political Science (Q3)";"Social Sciences"
495;21100945161;"Bulletin of Geography, Physical Geography Series";journal;"23008490, 20807686";"Sciendo";Yes;Yes;0,252;Q3;8;10;29;490;35;29;1,25;49,00;29,17;0;Poland;Eastern Europe;"Sciendo";"2019-2025";"Geography, Planning and Development (Q3); Geophysics (Q3)";"Earth and Planetary Sciences; Social Sciences"
496;21101063015;"Agua y Territorio";journal;"23408472, 23407743";"Universidad de Jaen Campus Las Lagunillas";No;No;0,250;Q3;7;39;52;1402;33;50;0,77;35,95;43,24;1;Spain;Western Europe;"Universidad de Jaen Campus Las Lagunillas";"2019-2026";"History (Q1); Arts and Humanities (miscellaneous) (Q2); Economics, Econometrics and Finance (miscellaneous) (Q3); Geography, Planning and Development (Q3)";"Arts and Humanities; Economics, Econometrics and Finance; Social Sciences"
497;28168;"Finisterra";journal;"04305027";"Universidade de Lisboa";Yes;Yes;0,250;Q3;17;30;136;1421;80;135;0,42;47,37;45,61;0;Portugal;Western Europe;"Universidade de Lisboa";"1978-1990, 1992-2002, 2007, 2012-2026";"Earth and Planetary Sciences (miscellaneous) (Q3); Geography, Planning and Development (Q3)";"Earth and Planetary Sciences; Social Sciences"
498;3300147410;"Journal of Asian Pacific Communication";journal;"15699838, 09576851";"John Benjamins Publishing Company";No;No;0,250;Q3;25;12;42;621;36;39;0,66;51,75;47,62;0;Netherlands;Western Europe;"John Benjamins Publishing Company";"2000-2026";"Business, Management and Accounting (miscellaneous) (Q3); Communication (Q3); Economics and Econometrics (Q3); Geography, Planning and Development (Q3)";"Business, Management and Accounting; Economics, Econometrics and Finance; Social Sciences"
499;21323;"Flux";journal;"11542721";"Association Metropolis";No;No;0,249;Q3;17;11;76;360;44;67;0,25;32,73;58,33;0;France;Western Europe;"Association Metropolis";"1996-1998, 2002-2024";"Geography, Planning and Development (Q3)";"Social Sciences"
500;5600155211;"Historia Critica";journal;"19006152, 01211617";"Universidad de los Andes, Colombia";Yes;Yes;0,249;Q3;15;27;67;1959;33;66;0,45;72,56;25,81;0;Colombia;Latin America;"Universidad de los Andes, Colombia";"2002-2025";"Cultural Studies (Q1); History (Q1); Geography, Planning and Development (Q3); Social Sciences (miscellaneous) (Q3)";"Arts and Humanities; Social Sciences"
501;22632;"Geomatica";journal;"19254296, 11951036";"Elsevier B.V.";Yes;No;0,248;Q3;27;0;32;0;25;30;0,95;0,00;0,00;0;Netherlands;Western Europe;"Elsevier B.V.";"1993-2022, 2024-2026";"Earth-Surface Processes (Q3); Geography, Planning and Development (Q3)";"Earth and Planetary Sciences; Social Sciences"
502;21101018933;"Habitat Sustentable";journal;"07190700";"Universidad del Bio Bio";Yes;Yes;0,248;Q3;7;19;49;541;38;41;0,53;28,47;48,15;0;Chile;Latin America;"Universidad del Bio Bio";"2019-2025";"Architecture (Q2); Building and Construction (Q3); Geography, Planning and Development (Q3); Materials Science (miscellaneous) (Q3); Urban Studies (Q3); Experimental and Cognitive Psychology (Q4); Renewable Energy, Sustainability and the Environment (Q4)";"Energy; Engineering; Materials Science; Psychology; Social Sciences"
503;21101075645;"World Water Policy";journal;"2639541X";"John Wiley &amp; Sons Inc.";No;No;0,248;Q3;12;60;58;2147;65;45;1,41;35,78;35,04;6;United States;Northern America;"John Wiley &amp; Sons Inc.";"2019-2026";"Ecology (Q3); Geography, Planning and Development (Q3); Management, Monitoring, Policy and Law (Q3); Public Administration (Q3); Water Science and Technology (Q3)";"Environmental Science; Social Sciences"
504;15183;"Duke Environmental Law and Policy Forum";journal;"23289686, 10643958";"Duke Law Publications";Yes;No;0,247;Q3;24;6;22;837;15;17;0,67;139,50;40,00;0;United States;Northern America;"Duke Law Publications";"1996-2000, 2002-2026";"Law (Q2); Geography, Planning and Development (Q3); Management, Monitoring, Policy and Law (Q3)";"Environmental Science; Social Sciences"
505;21101056563;"Geoplanning";journal;"23556544";"Diponegoro University";Yes;Yes;0,245;Q3;6;15;29;595;33;29;1,60;39,67;34,48;0;Indonesia;Asiatic Region;"Diponegoro University";"2019-2025";"Computers in Earth Sciences (Q3); Earth and Planetary Sciences (miscellaneous) (Q3); Geography, Planning and Development (Q3); Global and Planetary Change (Q4)";"Earth and Planetary Sciences; Environmental Science; Social Sciences"
506;21101068584;"R-Economy";journal;"24120731";"Ural Federal University";Yes;Yes;0,245;Q3;9;27;79;1075;77;78;0,79;39,81;63,79;0;Russian Federation;Eastern Europe;"Ural Federal University";"2019-2025";"Economics, Econometrics and Finance (miscellaneous) (Q3); Geography, Planning and Development (Q3); Public Administration (Q3)";"Economics, Econometrics and Finance; Social Sciences"
507;21101173096;"Transactions of the Association of European Schools of Planning";journal;"25662147";"Association of European Schools of Planning";Yes;Yes;0,245;Q3;7;6;33;136;19;28;0,44;22,67;66,67;0;Italy;Western Europe;"Association of European Schools of Planning";"2019-2025";"Education (Q3); Geography, Planning and Development (Q3); Urban Studies (Q3)";"Social Sciences"
508;28038;"Czasopismo Geograficzne";journal;"00459453";"Polish Geographical Society";No;No;0,244;Q3;10;41;42;2124;68;40;1,60;51,80;44,16;0;Poland;Eastern Europe;"Polish Geographical Society";"1978-2013, 2015-2018, 2020-2025";"Earth and Planetary Sciences (miscellaneous) (Q3); Geography, Planning and Development (Q3)";"Earth and Planetary Sciences; Social Sciences"
509;29186;"Indonesian Journal of Geography";journal;"00249521";"Gadjah Mada University";Yes;No;0,244;Q3;16;54;146;2470;148;146;1,05;45,74;35,86;1;Indonesia;Asiatic Region;"Gadjah Mada University";"1976-1984, 1986-1987, 1990-1992, 1994-1997, 2015-2025";"Computers in Earth Sciences (Q3); Geography, Planning and Development (Q3)";"Earth and Planetary Sciences; Social Sciences"
510;21101021770;"International Journal of Management and Sustainability";journal;"23069856, 23060662";"Conscientia Beam";No;No;0,244;Q3;11;45;48;2459;79;48;1,13;54,64;44,26;0;United States;Northern America;"Conscientia Beam";"2019-2025";"Business, Management and Accounting (miscellaneous) (Q3); Economics and Econometrics (Q3); Geography, Planning and Development (Q3); Management, Monitoring, Policy and Law (Q3); Management Science and Operations Research (Q4)";"Business, Management and Accounting; Decision Sciences; Economics, Econometrics and Finance; Environmental Science; Social Sciences"
511;15561;"Demokratizatsiya";journal;"10746846";"Institute for European Russian and Eurasian Studies, The George Washington University";No;No;0,243;Q3;34;18;71;1444;70;70;0,73;80,22;51,72;0;United States;Northern America;"Institute for European Russian and Eurasian Studies, The George Washington University";"1996-2025";"Geography, Planning and Development (Q3); Political Science and International Relations (Q3)";"Social Sciences"
512;28124;"Estudios Geograficos";journal;"00141496, 19888546";"CSIC Consejo Superior de Investigaciones Cientificas";Yes;Yes;0,243;Q3;17;23;85;948;75;82;0,74;41,22;33,33;0;Spain;Western Europe;"CSIC Consejo Superior de Investigaciones Cientificas";"1979-2024";"Earth-Surface Processes (Q3); Geography, Planning and Development (Q3)";"Earth and Planetary Sciences; Social Sciences"
513;21517;"South East Asia Research";journal;"0967828X";"Taylor and Francis Ltd.";No;No;0,243;Q3;31;26;81;1178;95;75;0,89;45,31;29,17;0;United Kingdom;Western Europe;"Taylor and Francis Ltd.";"1995-2026";"Development (Q3); Geography, Planning and Development (Q3); Political Science and International Relations (Q3)";"Social Sciences"
514;200147129;"Cato Journal";journal;"02733072, 19433468";"Cato Institute";Yes;No;0,242;Q3;36;0;84;0;56;83;0,58;0,00;0,00;0;United States;Northern America;"Cato Institute";"1985, 1996-2002, 2004-2021";"Economics, Econometrics and Finance (miscellaneous) (Q3); Geography, Planning and Development (Q3); Public Administration (Q3)";"Economics, Econometrics and Finance; Social Sciences"
515;28757;"Geographische Zeitschrift";journal;"23653124, 00167479";"Franz Steiner Verlag GmbH";No;No;0,241;Q3;23;14;51;743;23;45;0,42;53,07;52,94;0;Germany;Western Europe;"Franz Steiner Verlag GmbH";"1978-1994, 1996-2025";"Earth-Surface Processes (Q3); Geography, Planning and Development (Q3)";"Earth and Planetary Sciences; Social Sciences"
516;12637;"Canadian Journal of Urban Research";journal;"11883774";"Institute of Urban Studies";Yes;No;0,239;Q3;25;0;23;0;24;23;1,13;0,00;0,00;0;Canada;Northern America;"Institute of Urban Studies";"1992-2021";"Geography, Planning and Development (Q3); Urban Studies (Q3)";"Social Sciences"
517;24934;"Colonial Latin American Review";journal;"10609164";"Taylor and Francis Ltd.";No;No;0,239;Q3;20;30;90;1487;37;78;0,33;49,57;30,00;1;United Kingdom;Western Europe;"Taylor and Francis Ltd.";"1992-1996, 2001, 2003-2025";"Arts and Humanities (miscellaneous) (Q2); Geography, Planning and Development (Q3)";"Arts and Humanities; Social Sciences"
518;21100246540;"International Journal of Technology Management and Sustainable Development";journal;"14742748, 20400551";"Intellect Ltd.";No;No;0,239;Q3;17;13;49;651;69;47;0,68;50,08;41,38;0;United Kingdom;Western Europe;"Intellect Ltd.";"2013-2025";"Geography, Planning and Development (Q3); Management, Monitoring, Policy and Law (Q3); Management of Technology and Innovation (Q3)";"Business, Management and Accounting; Environmental Science; Social Sciences"
519;4700152223;"Journal of Agriculture and Rural Development in the Tropics and Subtropics";journal;"16129830";"Kassel University Press GmbH";Yes;Yes;0,239;Q3;26;9;71;372;75;71;1,02;41,33;33,33;1;Germany;Western Europe;"Kassel University Press GmbH";"2002-2026";"Agronomy and Crop Science (Q3); Animal Science and Zoology (Q3); Development (Q3); Forestry (Q3); Geography, Planning and Development (Q3)";"Agricultural and Biological Sciences; Social Sciences"
520;29554;"Journal of Bioeconomics";journal;"13876996, 15736989";"Springer";No;No;0,239;Q3;34;12;32;807;70;23;2,26;67,25;40,00;0;United States;Northern America;"Springer";"1999-2023";"Economics and Econometrics (Q3); Geography, Planning and Development (Q3)";"Economics, Econometrics and Finance; Social Sciences"
521;21100205110;"e-Review of Tourism Research";journal;"19415842";"Texas A and M University";No;No;0,238;Q3;18;11;98;773;72;98;0,44;70,27;41,38;0;United States;Northern America;"Texas A and M University";"2011-2012, 2014-2023";"Geography, Planning and Development (Q3); Nature and Landscape Conservation (Q3); Tourism, Leisure and Hospitality Management (Q4)";"Business, Management and Accounting; Environmental Science; Social Sciences"
522;21101021535;"GI_Forum";journal;"23081708";"Austrian Acedemy of Sciences Press";Yes;No;0,238;Q3;11;20;90;590;78;90;0,88;29,50;37,88;0;Austria;Western Europe;"Austrian Acedemy of Sciences Press";"2018-2024";"Computers in Earth Sciences (Q3); Education (Q3); Geography, Planning and Development (Q3); Computer Science Applications (Q4)";"Computer Science; Earth and Planetary Sciences; Social Sciences"
523;5100155098;"Tourism, Culture and Communication";journal;"1098304X";"Cognizant Communication Corporation";No;No;0,237;Q3;24;28;69;1522;60;68;0,69;54,36;53,73;0;United States;Northern America;"Cognizant Communication Corporation";"2006-2025";"Cultural Studies (Q2); Communication (Q3); Geography, Planning and Development (Q3); Tourism, Leisure and Hospitality Management (Q4)";"Business, Management and Accounting; Social Sciences"
524;21100228533;"Regional Science Inquiry";journal;"17917735, 17915961";"Hellenic Association of Regional Scientists";No;No;0,236;Q3;13;13;79;614;77;77;1,11;47,23;40,74;1;Greece;Western Europe;"Hellenic Association of Regional Scientists";"2012-2024";"Development (Q3); Economics and Econometrics (Q3); Geography, Planning and Development (Q3); Sociology and Political Science (Q3)";"Economics, Econometrics and Finance; Social Sciences"
525;27440;"Revue Europeenne des Migrations Internationales";journal;"07650752, 17775418";"University of Poitiers";Yes;Yes;0,235;-;10;37;95;1662;46;74;0,40;44,92;67,92;2;France;Western Europe;"University of Poitiers";"1985-1998, 2003, 2019-2025";"Medicine (miscellaneous) (Q4)";"Medicine"
526;19200156920;"Biotechnology, Agronomy, Society and Environment";journal;"13706233, 17804507";"University of Liege Faculty of Gembloux Agro-Bio Tech";Yes;Yes;0,234;Q3;50;25;73;1020;79;73;0,84;40,80;34,17;2;Belgium;Western Europe;"University of Liege Faculty of Gembloux Agro-Bio Tech";"1997-2026";"Agronomy and Crop Science (Q3); Biotechnology (Q3); Forestry (Q3); Geography, Planning and Development (Q3); Plant Science (Q3)";"Agricultural and Biological Sciences; Biochemistry, Genetics and Molecular Biology; Social Sciences"
527;21100204121;"Agris On-line Papers in Economics and Informatics";journal;"18041930";"Faculty of Economics and Management";Yes;No;0,232;Q3;24;40;119;1595;149;119;1,23;39,88;36,22;0;Czech Republic;Eastern Europe;"Faculty of Economics and Management";"2011-2025";"Agricultural and Biological Sciences (miscellaneous) (Q3); Economics, Econometrics and Finance (miscellaneous) (Q3); Geography, Planning and Development (Q3); Management, Monitoring, Policy and Law (Q3)";"Agricultural and Biological Sciences; Economics, Econometrics and Finance; Environmental Science; Social Sciences"
528;23275;"International Journal of Sustainable Development";journal;"09601406, 17415268";"Inderscience Publishers";No;No;0,232;Q3;34;22;42;901;51;42;0,25;40,95;39,53;0;United Kingdom;Western Europe;"Inderscience Publishers";"1998-2026";"Geography, Planning and Development (Q3); Management, Monitoring, Policy and Law (Q3)";"Environmental Science; Social Sciences"
529;24796;"Asia Pacific Issues";journal;"15220966";"East-West Center";No;No;0,231;Q3;17;4;14;65;5;14;0,56;16,25;0,00;0;United States;Northern America;"East-West Center";"1994-2007, 2009-2025";"Geography, Planning and Development (Q3); Political Science and International Relations (Q3)";"Social Sciences"
530;22988;"Revista Venezolana de Gerencia";journal;"13159984";"Universidad del Zulia";Yes;Yes;0,231;Q3;19;208;606;8782;833;581;1,54;42,22;36,52;2;Venezuela;Latin America;"Universidad del Zulia";"1996-2026";"Business, Management and Accounting (miscellaneous) (Q3); Geography, Planning and Development (Q3)";"Business, Management and Accounting; Social Sciences"
531;18500168400;"Asian Affairs";journal;"03068374, 14771500";"Routledge";No;No;0,230;Q3;22;35;122;12;115;113;0,78;0,34;33,33;4;United Kingdom;Western Europe;"Routledge";"1995-2026";"Law (Q2); Economics and Econometrics (Q3); Geography, Planning and Development (Q3); Political Science and International Relations (Q3)";"Economics, Econometrics and Finance; Social Sciences"
532;13203;"Contemporary Pacific";journal;"1043898X, 15279464";"University of Hawaii Press";No;No;0,230;Q3;39;28;91;837;51;66;0,42;29,89;35,00;0;United States;Northern America;"University of Hawaii Press";"1992, 1996-2025";"Geography, Planning and Development (Q3); Sociology and Political Science (Q3)";"Social Sciences"
533;17505;"Social Change";journal;"00490857, 09763538";"SAGE Publications Ltd";No;No;0,230;Q3;20;37;101;940;67;90;0,50;25,41;37,50;1;United Kingdom;Western Europe;"SAGE Publications Ltd";"1971-2026";"Development (Q3); Geography, Planning and Development (Q3); Social Sciences (miscellaneous) (Q3); Sociology and Political Science (Q3)";"Social Sciences"
534;21101049623;"ANAS Transactions, Earth Sciences";journal;"26630419, 22188754";"Geology and Geophysics Institute at Azerbaijan National Academy of Sciences (ANAS)";No;No;0,229;Q3;8;58;50;690;45;50;1,35;11,90;24,62;0;Azerbaijan;Eastern Europe;"Geology and Geophysics Institute at Azerbaijan National Academy of Sciences (ANAS)";"2019-2025";"Earth and Planetary Sciences (miscellaneous) (Q3); Geography, Planning and Development (Q3)";"Earth and Planetary Sciences; Social Sciences"
535;21101041815;"Journal of ASEAN Studies";journal;"23381361, 23381353";"Bina Nusantara University";Yes;No;0,229;Q3;9;22;44;1436;48;41;0,87;65,27;35,14;1;Indonesia;Asiatic Region;"Bina Nusantara University";"2019-2025";"Cultural Studies (Q2); Geography, Planning and Development (Q3); Social Sciences (miscellaneous) (Q3); Sociology and Political Science (Q3)";"Social Sciences"
536;13018;"Pirineos";journal;"19884281, 03732568";"CSIC Consejo Superior de Investigaciones Cientificas";Yes;Yes;0,229;Q3;18;8;26;592;19;26;0,43;74,00;17,50;0;Spain;Western Europe;"CSIC Consejo Superior de Investigaciones Cientificas";"1973, 1981-2002, 2004-2024";"Earth and Planetary Sciences (miscellaneous) (Q3); Ecology (Q3); Environmental Science (miscellaneous) (Q3); Geography, Planning and Development (Q3); Nature and Landscape Conservation (Q3); Ecology, Evolution, Behavior and Systematics (Q4)";"Agricultural and Biological Sciences; Earth and Planetary Sciences; Environmental Science; Social Sciences"
537;19900194907;"Planning Malaysia";journal;"16756215, 01280945";"Malaysian Institute Of Planners";No;No;0,228;Q3;20;195;357;5716;339;357;0,95;29,31;48,58;0;Malaysia;Asiatic Region;"Malaysian Institute Of Planners";"2003-2025";"Geography, Planning and Development (Q3); Urban Studies (Q3)";"Social Sciences"
538;9500153928;"Scottish Geographical Journal";journal;"14702541, 1751665X";"Taylor and Francis Ltd.";No;No;0,228;Q3;37;42;53;1504;76;43;1,28;35,81;27,59;1;United Kingdom;Western Europe;"Taylor and Francis Ltd.";"1999-2026";"Earth-Surface Processes (Q3); Geography, Planning and Development (Q3)";"Earth and Planetary Sciences; Social Sciences"
539;23496;"Copenhagen Journal of Asian Studies";journal;"13954199";"Copenhagen Business School";Yes;Yes;0,226;Q3;19;9;28;281;30;25;0,72;31,22;42,86;0;Denmark;Western Europe;"Copenhagen Business School";"1995-1998, 2000-2007, 2009-2018, 2020-2024";"Development (Q3); Geography, Planning and Development (Q3); Political Science and International Relations (Q3)";"Social Sciences"
540;23268;"International Journal of Global Environmental Issues";journal;"14666650, 17415136";"Inderscience Publishers";No;No;0,226;Q3;31;24;60;1272;59;60;0,41;53,00;39,02;0;United Kingdom;Western Europe;"Inderscience Publishers";"2001-2025";"Geography, Planning and Development (Q3); Management, Monitoring, Policy and Law (Q4)";"Environmental Science; Social Sciences"
541;21100979353;"Journal of Degraded and Mining Lands Management";journal;"25022458, 2339076X";"Brawijaya University";Yes;No;0,226;Q3;14;96;202;3969;197;202;0,94;41,34;31,62;1;Indonesia;Asiatic Region;"Brawijaya University";"2019-2026";"Geography, Planning and Development (Q3); Nature and Landscape Conservation (Q3); Management, Monitoring, Policy and Law (Q4); Pollution (Q4)";"Environmental Science; Social Sciences"
542;28087;"Documents d'Analisi Geografica";journal;"20144512, 02121573";"Universitat Autonoma de Barcelona";Yes;Yes;0,225;Q3;27;24;76;1219;63;71;0,68;50,79;32,00;0;Spain;Western Europe;"Universitat Autonoma de Barcelona";"1988-2025";"Earth-Surface Processes (Q3); Geography, Planning and Development (Q3)";"Earth and Planetary Sciences; Social Sciences"
543;21101046627;"Tropical Geography";journal;"10015221";"Editorial Committee of Tropical Geography";Yes;No;0,225;Q3;14;190;392;8706;382;392;0,86;45,82;41,24;0;China;Asiatic Region;"Editorial Committee of Tropical Geography";"2017-2026";"Earth-Surface Processes (Q3); Economic Geology (Q3); Geography, Planning and Development (Q3); Atmospheric Science (Q4); Paleontology (Q4)";"Earth and Planetary Sciences; Social Sciences"
544;21276;"European Review";journal;"10627987, 14740575";"Cambridge University Press";No;No;0,224;Q3;39;50;210;1898;175;202;0,79;37,96;40,00;0;United Kingdom;Western Europe;"Cambridge University Press";"1993-2026";"Geography, Planning and Development (Q3); Political Science and International Relations (Q3)";"Social Sciences"
545;5300152608;"Journal of Agriculture and Rural Development in the Tropics and Subtropics, Supplement";journal;"16138422, 23636033";"Journal of Agriculture and Rural Development in the Tropics and Subtropics (JARTS)";No;No;0,224;Q3;6;10;8;412;10;8;1,25;41,20;32,14;0;Germany;Western Europe;"Journal of Agriculture and Rural Development in the Tropics and Subtropics (JARTS)";"2003-2006, 2021-2025";"Agronomy and Crop Science (Q3); Development (Q3); Forestry (Q3); Geography, Planning and Development (Q3); Animal Science and Zoology (Q4)";"Agricultural and Biological Sciences; Social Sciences"
546;39895;"Miscellanea Geographica";journal;"08676046, 20846118";"de Gruyter";Yes;Yes;0,224;Q3;19;20;76;931;65;76;0,58;46,55;40,30;0;Germany;Western Europe;"de Gruyter";"1984, 1986, 1988, 1990, 1992, 1994, 1996, 1998, 2000, 2002, 2006, 2008, 2010-2026";"Earth and Planetary Sciences (miscellaneous) (Q3); Geography, Planning and Development (Q3)";"Earth and Planetary Sciences; Social Sciences"
547;21101123414;"Town and Regional Planning";journal;"1012280X, 24150495";"University of the Free State";Yes;Yes;0,224;Q3;9;17;52;854;38;45;0,64;50,24;38,71;0;South Africa;Africa;"University of the Free State";"2019-2025";"Geography, Planning and Development (Q3); Urban Studies (Q3); Management, Monitoring, Policy and Law (Q4)";"Environmental Science; Social Sciences"
548;19700170481;"Bitacora Urbano Territorial";journal;"01247913, 2027145X";"Universidad Nacional de Colombia";Yes;Yes;0,223;Q3;12;53;169;1354;87;164;0,46;25,55;56,96;0;Colombia;Latin America;"Universidad Nacional de Colombia";"2009-2026";"Arts and Humanities (miscellaneous) (Q2); Geography, Planning and Development (Q3); Urban Studies (Q3)";"Arts and Humanities; Social Sciences"
549;21100301417;"European Journal of Geography";journal;"24107433, 17921341";"European Association of Geographers";Yes;Yes;0,223;Q3;17;24;97;1527;91;97;0,98;63,63;41,38;0;Belgium;Western Europe;"European Association of Geographers";"2010-2012, 2014-2026";"Cultural Studies (Q2); Demography (Q3); Geography, Planning and Development (Q3); Urban Studies (Q3)";"Social Sciences"
550;28627;"Geograficky Casopis";journal;"24538787, 00167193";"Institute of Geography of the Slovak Academy of Science";No;No;0,223;Q3;17;21;58;1120;31;58;0,42;53,33;27,45;1;Slovakia;Eastern Europe;"Institute of Geography of the Slovak Academy of Science";"1976, 1979-1995, 2007-2025";"Earth-Surface Processes (Q3); Geography, Planning and Development (Q3); Geology (Q3)";"Earth and Planetary Sciences; Social Sciences"
551;5800173391;"Tourism in Marine Environments";journal;"1544273X";"Cognizant Communication Corporation";No;No;0,223;Q3;28;18;51;1252;49;48;0,81;69,56;45,71;0;United States;Northern America;"Cognizant Communication Corporation";"2006-2008, 2010-2025";"Geography, Planning and Development (Q3); Tourism, Leisure and Hospitality Management (Q4)";"Business, Management and Accounting; Social Sciences"
552;21100218040;"Human Geographies";journal;"18436587, 20672284";"Universitatea din Bucuresti";Yes;Yes;0,222;Q3;19;12;44;559;36;44;0,54;46,58;50,00;0;Romania;Eastern Europe;"Universitatea din Bucuresti";"2012-2025";"Geography, Planning and Development (Q3)";"Social Sciences"
553;27464;"Annales de Geographie";journal;"17775884, 00034010";"Armand Colin";No;No;0,221;Q3;23;24;92;1049;38;87;0,38;43,71;38,10;0;France;Western Europe;"Armand Colin";"1979-2025";"Earth-Surface Processes (Q3); Geography, Planning and Development (Q3)";"Earth and Planetary Sciences; Social Sciences"
554;21100913137;"Asian Journal of Agriculture and Rural Development";journal;"22244433, 23041455";"Asian Economic and Social Society";Yes;No;0,221;Q3;12;31;134;1105;112;134;0,87;35,65;38,10;2;Pakistan;Asiatic Region;"Asian Economic and Social Society";"2018-2025";"Agronomy and Crop Science (Q3); Geography, Planning and Development (Q3); Soil Science (Q3); Plant Science (Q4)";"Agricultural and Biological Sciences; Social Sciences"
555;6300153139;"Scripta Nova";journal;"11389788";"Universitat de Barcelona";Yes;Yes;0,220;Q3;15;31;93;1913;51;88;0,42;61,71;32,14;4;Spain;Western Europe;"Universitat de Barcelona";"2006-2025";"Geography, Planning and Development (Q3)";"Social Sciences"
556;18217;"Acta Oeconomica";journal;"00016373, 15882659";"Akademiai Kiado ZRt.";No;No;0,218;-;22;35;115;1332;99;115;0,79;38,06;39,73;0;Hungary;Eastern Europe;"Akademiai Kiado ZRt.";"1995-2000, 2002-2025";"Economics and Econometrics (Q4)";"Economics, Econometrics and Finance"
557;21100198528;"International Journal of Geoinformatics";journal;"16866576, 26730014";"Association for Geoinformation Technology";No;No;0,217;Q3;18;83;152;2506;138;150;1,03;30,19;29,07;1;Thailand;Asiatic Region;"Association for Geoinformation Technology";"2008-2026";"Earth and Planetary Sciences (miscellaneous) (Q3); Geography, Planning and Development (Q3); Instrumentation (Q4)";"Earth and Planetary Sciences; Physics and Astronomy; Social Sciences"
558;21101034002;"Izvestiya Rossiiskaya Akademii Nauk, Seriya Geograficheskaya";journal;"03732444";"Russian Academy of Sciences";No;No;0,217;Q3;0;0;0;0;0;0;0,00;0,00;0,00;0;Russian Federation;Eastern Europe;"Russian Academy of Sciences";"1978-1992, 1995-2011, 2018";"Cultural Studies (Q2); Earth and Planetary Sciences (miscellaneous) (Q3); Geography, Planning and Development (Q3); Urban Studies (Q3)";"Earth and Planetary Sciences; Social Sciences"
559;21100400182;"Journal of Settlements and Spatial Planning";journal;"20693419, 22482199";"Centre for Research on Settlements and Urbanism, Faculty of Geography, Babes-Bolyai University";No;No;0,217;Q3;12;9;72;480;58;68;0,61;53,33;37,50;0;Romania;Eastern Europe;"Centre for Research on Settlements and Urbanism, Faculty of Geography, Babes-Bolyai University";"2015-2025";"Geography, Planning and Development (Q3)";"Social Sciences"
560;21101020023;"International Journal of Cartography";journal;"23729341";"Taylor and Francis Ltd.";No;No;0,216;Q3;18;36;85;1735;42;76;0,37;48,19;40,54;2;United Kingdom;Western Europe;"Taylor and Francis Ltd.";"2015-2026";"Earth and Planetary Sciences (miscellaneous) (Q3); Geography, Planning and Development (Q3); Computers in Earth Sciences (Q4)";"Earth and Planetary Sciences; Social Sciences"
561;27696;"Journal of Southern African Studies";journal;"03057070, 14653893";"Routledge";No;No;0,214;Q3;64;56;186;0;142;166;0,63;0,00;26,23;7;United Kingdom;Western Europe;"Routledge";"1974-2026";"Arts and Humanities (miscellaneous) (Q2); Geography, Planning and Development (Q3); Sociology and Political Science (Q3)";"Arts and Humanities; Social Sciences"
562;12609;"Rivista Geografica Italiana";journal;"2499748X, 00356697";"FrancoAngeli Edizioni";No;No;0,213;Q3;8;37;71;1218;34;62;0,42;32,92;48,48;1;Italy;Western Europe;"FrancoAngeli Edizioni";"1980, 1982-1983, 1986, 1989, 1992, 1995, 2013-2025";"Earth-Surface Processes (Q3); Geography, Planning and Development (Q3)";"Earth and Planetary Sciences; Social Sciences"
563;13104;"Southeastern Geographer";journal;"15496929, 0038366X";"University of North Carolina Press";No;No;0,213;Q3;27;27;81;985;41;54;0,40;36,48;37,74;1;United States;Northern America;"University of North Carolina Press";"1979-1994, 1996-2025";"Earth and Planetary Sciences (miscellaneous) (Q3); Geography, Planning and Development (Q3)";"Earth and Planetary Sciences; Social Sciences"
564;13800154708;"World Review of Intermodal Transportation Research";journal;"17494737, 17494729";"Inderscience Enterprises Ltd";No;No;0,211;Q3;21;10;48;407;48;47;0,96;40,70;40,74;0;United Kingdom;Western Europe;"Inderscience Enterprises Ltd";"2006-2011, 2013-2025";"Geography, Planning and Development (Q3); Transportation (Q4)";"Social Sciences"
565;17700156532;"Journal of Sustainability Science and Management";journal;"26727226, 18238556";"Universiti Malaysia Terengganu";Yes;No;0,210;Q3;27;171;487;7889;478;480;0,79;46,13;43,44;2;Malaysia;Asiatic Region;"Universiti Malaysia Terengganu";"2009-2025";"Geography, Planning and Development (Q3); Management, Monitoring, Policy and Law (Q4); Pollution (Q4)";"Environmental Science; Social Sciences"
566;21100829177;"Journal of the Korean Society for Railway";journal;"17386225, 22882235";"Korean Society for Railway";No;No;0,210;Q3;8;85;315;1336;87;315;0,28;15,72;21,15;0;South Korea;Asiatic Region;"Korean Society for Railway";"2017-2025";"Automotive Engineering (Q3); Geography, Planning and Development (Q3); Civil and Structural Engineering (Q4); Energy Engineering and Power Technology (Q4); Strategy and Management (Q4); Transportation (Q4)";"Business, Management and Accounting; Energy; Engineering; Social Sciences"
567;21101066394;"Central Eurasia Studies";journal;"20080867, 23453117";"University of Tehran";No;No;0,208;Q3;6;32;76;1259;37;76;0,55;39,34;23,53;0;Iran;Middle East;"University of Tehran";"2020-2026";"History (Q1); Cultural Studies (Q2); Geography, Planning and Development (Q3); Political Science and International Relations (Q3)";"Arts and Humanities; Social Sciences"
568;21100851818;"Anales de Geografia de la Universidad Complutense";journal;"19882378, 02119803";"Universidad Complutense Madrid";Yes;Yes;0,206;Q3;14;24;67;992;40;67;0,44;41,33;32,69;0;Spain;Western Europe;"Universidad Complutense Madrid";"2011-2025";"Geography, Planning and Development (Q3); Urban Studies (Q3)";"Social Sciences"
569;11700154716;"Geography and Natural Resources";journal;"1875371X, 18753728";"Pleiades Publishing";Yes;No;0,206;Q3;18;67;163;1769;62;163;0,33;26,40;42,62;0;United States;Northern America;"Pleiades Publishing";"2008-2025";"Earth-Surface Processes (Q3); Geography, Planning and Development (Q3); Management, Monitoring, Policy and Law (Q4)";"Earth and Planetary Sciences; Environmental Science; Social Sciences"
570;21100223521;"Journal of Architecture and Urbanism";journal;"20297947, 20297955";"Vilnius Gediminas Technical University";Yes;Yes;0,206;Q3;15;19;56;682;47;56;0,84;35,89;62,16;0;Lithuania;Eastern Europe;"Vilnius Gediminas Technical University";"2012-2026";"Architecture (Q2); Geography, Planning and Development (Q3); Urban Studies (Q3)";"Engineering; Social Sciences"
571;25616;"Perspektiven der Wirtschaftspolitik";journal;"14656493, 14682516";"Walter de Gruyter GmbH";No;No;0,206;Q3;17;42;102;1466;41;73;0,31;34,90;27,42;11;Germany;Western Europe;"Walter de Gruyter GmbH";"2000-2025";"Geography, Planning and Development (Q3); Political Science and International Relations (Q3)";"Social Sciences"
572;21100786315;"Australasian Journal of Regional Studies";journal;"10307923";"Australia New Zealand Regional Science Association International Inc. (ANZRSAI)";No;No;0,204;Q3;11;13;43;493;26;41;0,43;37,92;38,46;0;Australia;Pacific Region;"Australia New Zealand Regional Science Association International Inc. (ANZRSAI)";"2014, 2016-2024";"Economics, Econometrics and Finance (miscellaneous) (Q3); Geography, Planning and Development (Q3); Urban Studies (Q3); Management, Monitoring, Policy and Law (Q4)";"Economics, Econometrics and Finance; Environmental Science; Social Sciences"
573;21100842666;"Caucasus Survey";journal;"23761199, 23761202";"Brill Academic Publishers";No;No;0,204;Q3;15;17;55;987;38;51;0,60;58,06;35,00;2;Netherlands;Western Europe;"Brill Academic Publishers";"2013-2026";"History (Q1); Anthropology (Q2); Cultural Studies (Q2); Demography (Q3); Geography, Planning and Development (Q3); Sociology and Political Science (Q3)";"Arts and Humanities; Social Sciences"
574;20500195076;"Urbani Izziv";journal;"18558399, 03536483";"Urban Planning Institute of the Republic of Slovenia";Yes;Yes;0,204;Q3;24;16;73;879;48;71;0,67;54,94;61,11;0;Slovenia;Eastern Europe;"Urban Planning Institute of the Republic of Slovenia";"1994-1995, 1997-2025";"Architecture (Q2); Cultural Studies (Q2); Geography, Planning and Development (Q3); Urban Studies (Q3)";"Engineering; Social Sciences"
575;25234;"Perspectives on Global Development and Technology";journal;"15691497, 15691500";"Brill Academic Publishers";No;No;0,202;Q3;24;36;86;2007;52;83;0,67;55,75;57,41;2;Netherlands;Western Europe;"Brill Academic Publishers";"2002-2025";"Development (Q3); Geography, Planning and Development (Q3); Political Science and International Relations (Q3); Social Sciences (miscellaneous) (Q3); Education (Q4); Health (social science) (Q4)";"Social Sciences"
576;21100833840;"Shima";journal;"18346049, 18346057";"Shima Publications (Australia)";Yes;Yes;0,202;Q3;11;29;97;1412;59;96;0,45;48,69;44,19;0;Australia;Pacific Region;"Shima Publications (Australia)";"2017-2025";"History (Q1); Cultural Studies (Q2); Anthropology (Q3); Geography, Planning and Development (Q3)";"Arts and Humanities; Social Sciences"
577;22752;"International Journal of Environment and Sustainable Development";journal;"14787466, 14746778";"Inderscience Publishers";No;No;0,201;Q3;26;25;82;1357;72;79;0,79;54,28;30,12;0;United Kingdom;Western Europe;"Inderscience Publishers";"2002-2025";"Geography, Planning and Development (Q3); Management, Monitoring, Policy and Law (Q4); Renewable Energy, Sustainability and the Environment (Q4)";"Energy; Environmental Science; Social Sciences"
578;26800;"Pomorstvo";journal;"13320718";"University of Rijeka, Faculty of Maritime Studies Rijeka";Yes;Yes;0,201;Q3;18;26;127;976;109;127;0,67;37,54;26,87;0;Croatia;Eastern Europe;"University of Rijeka, Faculty of Maritime Studies Rijeka";"2001-2026";"Engineering (miscellaneous) (Q3); Geography, Planning and Development (Q3); Social Sciences (miscellaneous) (Q3); Ocean Engineering (Q4)";"Engineering; Social Sciences"
579;21100869498;"South of Russia: Ecology, Development";journal;"24130958, 19921098";"Kamerton";Yes;No;0,201;Q3;10;71;193;1977;103;193;0,52;27,85;56,41;0;Russian Federation;Eastern Europe;"Kamerton";"2018-2025";"Geography, Planning and Development (Q3); Ecology (Q4); Ecology, Evolution, Behavior and Systematics (Q4)";"Agricultural and Biological Sciences; Environmental Science; Social Sciences"
580;21101032776;"Rural Sustainability Research";journal;"22560939";"Sciendo";Yes;No;0,200;Q3;10;20;60;681;67;60;1,14;34,05;70,15;0;Germany;Western Europe;"Sciendo";"2019-2025";"Agricultural and Biological Sciences (miscellaneous) (Q3); Geography, Planning and Development (Q3); Ecology (Q4); Global and Planetary Change (Q4)";"Agricultural and Biological Sciences; Environmental Science; Social Sciences"
581;21101059922;"Russian Peasant Studies";journal;"25001809, 29492564";"Russian Presidental Academy of National Economy and Public Administration";Yes;Yes;0,200;Q3;6;42;114;832;40;101;0,45;19,81;40,38;0;Russian Federation;Eastern Europe;"Russian Presidental Academy of National Economy and Public Administration";"2019-2025";"History (Q1); Archeology (Q2); Cultural Studies (Q2); Agricultural and Biological Sciences (miscellaneous) (Q3); Anthropology (Q3); Economics, Econometrics and Finance (miscellaneous) (Q3); Geography, Planning and Development (Q3)";"Agricultural and Biological Sciences; Arts and Humanities; Economics, Econometrics and Finance; Social Sciences"
582;26804;"Espace-Populations-Societes";journal;"07557809";"Universite des Sciences et Technologiques de Lille";Yes;Yes;0,199;Q3;17;18;89;613;24;88;0,21;34,06;42,11;0;France;Western Europe;"Universite des Sciences et Technologiques de Lille";"1983-2024, 2026";"Demography (Q3); Geography, Planning and Development (Q3)";"Social Sciences"
583;21100933997;"Journal of Tourism and Development";journal;"16459261, 21821453";"Universidade de Aveiro";No;No;0,198;Q3;13;101;190;6054;220;182;1,17;59,94;51,05;0;Portugal;Western Europe;"Universidade de Aveiro";"2019-2025";"Geography, Planning and Development (Q3); Tourism, Leisure and Hospitality Management (Q4)";"Business, Management and Accounting; Social Sciences"
584;21100450368;"Urbe";journal;"21753369";"Pontificia Universidade Catolica do Parana";Yes;Yes;0,198;Q3;13;43;192;1868;70;192;0,35;43,44;39,36;0;Brazil;Latin America;"Pontificia Universidade Catolica do Parana";"2015-2026";"Architecture (Q2); Geography, Planning and Development (Q3); Urban Studies (Q3)";"Engineering; Social Sciences"
585;21100370020;"Geopolitics Quarterly";journal;"17354331, 25383698";"Iranian Association of Geopolitics";Yes;No;0,197;Q3;9;64;125;2978;88;121;0,63;46,53;13,24;0;Iran;Middle East;"Iranian Association of Geopolitics";"2014-2025";"Geography, Planning and Development (Q3); Political Science and International Relations (Q3)";"Social Sciences"
586;21100268407;"Revista de Gestao Social e Ambiental (discontinued)";journal;"1981982X";"ANPAD - Associacao Nacional de Pos-Graduacao e Pesquisa em Administracao";Yes;No;0,197;Q3;14;356;101;12766;286;99;3,25;35,86;41,56;3;Brazil;Latin America;"ANPAD - Associacao Nacional de Pos-Graduacao e Pesquisa em Administracao";"2013-2024";"Geography, Planning and Development (Q3); Management, Monitoring, Policy and Law (Q4)";"Environmental Science; Social Sciences"
587;21100220499;"Field Actions Science Report";journal;"1867139X, 18678521";"Institut Veolia Environnement";Yes;Yes;0,195;Q3;21;24;95;45;53;68;0,47;1,88;57,58;0;France;Western Europe;"Institut Veolia Environnement";"2012-2025";"Development (Q3); Geography, Planning and Development (Q3); Sociology and Political Science (Q3); Education (Q4); Health (social science) (Q4)";"Social Sciences"
588;21101102056;"J-Reading";journal;"22814310, 22815694";"Edizioni Nuova Cultura";No;No;0,195;Q3;6;16;53;666;36;50;0,31;41,63;50,00;1;Italy;Western Europe;"Edizioni Nuova Cultura";"2020-2025";"Demography (Q3); Geography, Planning and Development (Q3); Social Sciences (miscellaneous) (Q3); Urban Studies (Q3); Computers in Earth Sciences (Q4); Education (Q4)";"Earth and Planetary Sciences; Social Sciences"
589;26143;"Middle Eastern Studies";journal;"17437881, 00263206";"Routledge";No;No;0,195;Q3;49;62;187;87;105;185;0,48;1,40;17,65;1;United Kingdom;Western Europe;"Routledge";"1964-2026";"History (Q1); Cultural Studies (Q2); Geography, Planning and Development (Q3); Sociology and Political Science (Q3)";"Arts and Humanities; Social Sciences"
590;19500157818;"Cuadernos de Desarrollo Rural";journal;"01221450, 22157727";"Pontificia Universidad Javeriana";Yes;Yes;0,194;Q3;16;6;38;327;24;38;0,37;54,50;35,00;0;Colombia;Latin America;"Pontificia Universidad Javeriana";"2008-2025";"Geography, Planning and Development (Q3); Agronomy and Crop Science (Q4); Economics and Econometrics (Q4)";"Agricultural and Biological Sciences; Economics, Econometrics and Finance; Social Sciences"
591;21101152136;"Journal of the Bulgarian Geographical Society";journal;"27388115, 27388107";"Bulgarian Geographical Society";Yes;Yes;0,194;Q3;10;18;71;808;33;69;0,97;44,89;52,63;0;Bulgaria;Eastern Europe;"Bulgarian Geographical Society";"2021-2026";"Earth and Planetary Sciences (miscellaneous) (Q3); Geography, Planning and Development (Q3); Ecological Modeling (Q4); Nature and Landscape Conservation (Q4)";"Earth and Planetary Sciences; Environmental Science; Social Sciences"
592;12607;"Romanian Journal of Geography";journal;"12205311, 22859675";"Publishing House of the Romanian Academy";Yes;Yes;0,194;Q3;7;16;46;620;25;44;0,75;38,75;44,44;0;Romania;Eastern Europe;"Publishing House of the Romanian Academy";"1996, 2016-2025";"Geography, Planning and Development (Q3)";"Social Sciences"
593;15024;"Africa Today";journal;"15271978, 00019887";"Indiana University Press";No;No;0,193;Q3;42;24;70;1201;54;67;0,70;50,04;29,03;1;United States;Northern America;"Indiana University Press";"1981, 1984, 1993, 1996-2025";"Geography, Planning and Development (Q3); Sociology and Political Science (Q3)";"Social Sciences"
594;25354;"Canadian Journal of African Studies";journal;"19233051, 00083968";"Taylor and Francis Ltd.";No;No;0,193;Q3;20;32;92;1883;103;85;0,82;58,84;35,00;3;United Kingdom;Western Europe;"Taylor and Francis Ltd.";"1976, 1980, 1982-1996, 1999, 2001, 2011-2012, 2014-2026";"Cultural Studies (Q2); History (Q2); Anthropology (Q3); Demography (Q3); Development (Q3); Geography, Planning and Development (Q3); Sociology and Political Science (Q3)";"Arts and Humanities; Social Sciences"
595;25272;"International Journal on Minority and Group Rights";journal;"15718115, 13854879";"Brill Academic Publishers";No;No;0,192;Q3;24;37;127;2525;79;127;0,30;68,24;36,84;2;Netherlands;Western Europe;"Brill Academic Publishers";"1993-1997, 1999-2026";"Geography, Planning and Development (Q3); Political Science and International Relations (Q3)";"Social Sciences"
596;25845;"International Studies";journal;"09730702, 00208817";"Sage Publications India Pvt. Ltd";No;No;0,192;Q3;23;23;67;1415;64;64;0,87;61,52;34,48;0;India;Asiatic Region;"Sage Publications India Pvt. Ltd";"1959-1969, 1973-1982, 1985-2025";"Geography, Planning and Development (Q3); Political Science and International Relations (Q3)";"Social Sciences"
597;7700153202;"Investigaciones Regionales";journal;"23402717, 16957253";"Asociacion Espanola de Ciencia Regional";Yes;Yes;0,192;Q3;26;21;66;1029;70;65;0,79;49,00;37,50;21;Spain;Western Europe;"Asociacion Espanola de Ciencia Regional";"2007-2025";"Development (Q3); Economics, Econometrics and Finance (miscellaneous) (Q3); Geography, Planning and Development (Q3)";"Economics, Econometrics and Finance; Social Sciences"
598;10300153374;"WSEAS Transactions on Environment and Development";journal;"17905079, 22243496";"World Scientific and Engineering Academy and Society";No;No;0,192;Q3;29;132;348;4282;327;346;0,97;32,44;48,23;1;Greece;Western Europe;"World Scientific and Engineering Academy and Society";"2007-2015, 2017-2026";"Geography, Planning and Development (Q3); Development (Q4); Ecological Modeling (Q4); Energy (miscellaneous) (Q4); Environmental Chemistry (Q4); Environmental Engineering (Q4); Environmental Science (miscellaneous) (Q4); Management, Monitoring, Policy and Law (Q4); Waste Management and Disposal (Q4)";"Energy; Environmental Science; Social Sciences"
599;14724;"Gender and History";journal;"09535233, 14680424";"Wiley-Blackwell Publishing Ltd";No;No;0,191;Q3;42;59;127;3;72;127;0,47;0,05;77,59;1;United Kingdom;Western Europe;"Wiley-Blackwell Publishing Ltd";"1989-2026";"Arts and Humanities (miscellaneous) (Q2); History (Q2); Gender Studies (Q3); Geography, Planning and Development (Q3)";"Arts and Humanities; Social Sciences"
600;21101120351;"Dearq";journal;"20113188, 2215969X";"Universidad de los Andes, Colombia";Yes;Yes;0,190;Q3;5;28;88;347;21;82;0,20;12,39;50,00;0;Colombia;Latin America;"Universidad de los Andes, Colombia";"2019-2025";"Architecture (Q2); Geography, Planning and Development (Q3); Urban Studies (Q3)";"Engineering; Social Sciences"
601;21100778849;"Southeast Asian Studies";journal;"21867275, 24238686";"Center for Southeast Asian Studies";Yes;No;0,190;Q3;15;18;49;949;31;48;0,46;52,72;27,78;0;Japan;Asiatic Region;"Center for Southeast Asian Studies";"2012-2025";"Geography, Planning and Development (Q3); Political Science and International Relations (Q3); Development (Q4)";"Social Sciences"
602;19900191484;"China Perspectives";journal;"19964617, 20703449";"French Centre for Research on Contemporary China";No;No;0,190;Q4;33;31;93;1193;100;86;1,00;38,48;48,84;0;Hong Kong;Asiatic Region;"French Centre for Research on Contemporary China";"2007-2025";"Cultural Studies (Q2); Political Science and International Relations (Q3); Geography, Planning and Development (Q4)";"Social Sciences"
603;65206;"Geographical Review of Japan, Series B";journal;"02896001";"Association of Japanese Geographers";No;No;0,190;Q4;12;3;18;90;14;18;1,00;30,00;50,00;0;Japan;Asiatic Region;"Association of Japanese Geographers";"1984-2003, 2009, 2011-2025";"Earth-Surface Processes (Q4); Geography, Planning and Development (Q4)";"Earth and Planetary Sciences; Social Sciences"
604;21101026989;"International Real Estate Review";journal;"21548919";"Global Social Science Institute";No;No;0,190;Q4;20;21;61;837;33;60;0,51;39,86;43,48;0;United States;Northern America;"Global Social Science Institute";"1998-2025";"Demography (Q3); Urban Studies (Q3); Accounting (Q4); Economics and Econometrics (Q4); Finance (Q4); Geography, Planning and Development (Q4)";"Business, Management and Accounting; Economics, Econometrics and Finance; Social Sciences"
605;21100902662;"Project Baikal";journal;"23093072, 23074485";"Russian Academy of Architecture and Construction Sciences, Vostoksibacademcenter";Yes;No;0,190;Q4;5;122;338;1207;54;292;0,21;9,89;44,27;0;Russian Federation;Eastern Europe;"Russian Academy of Architecture and Construction Sciences, Vostoksibacademcenter";"2018-2025";"Visual Arts and Performing Arts (Q1); Architecture (Q2); Urban Studies (Q3); Geography, Planning and Development (Q4)";"Arts and Humanities; Engineering; Social Sciences"
606;21101061050;"Europa XXI";journal;"14297132, 23008547";"Insitute of Geography and Spatial Organization Polish Academy of Sciences";No;No;0,189;Q4;9;19;44;905;27;41;0,34;47,63;39,29;0;Poland;Eastern Europe;"Insitute of Geography and Spatial Organization Polish Academy of Sciences";"2019-2025";"Political Science and International Relations (Q3); Urban Studies (Q3); Development (Q4); Geography, Planning and Development (Q4)";"Social Sciences"
607;30239;"Japanese Journal of Human Geography";journal;"00187216, 18834086";"Human Geographical Society of Japan";No;No;0,189;Q4;8;30;51;1212;30;50;0,63;40,40;32,14;0;Japan;Asiatic Region;"Human Geographical Society of Japan";"1950-2025";"Geography, Planning and Development (Q4)";"Social Sciences"
608;4900153503;"Projections";journal;"2638342X, 15356191";"MIT Department of Urban Studies and Planning";No;No;0,189;Q4;9;1;5;18;2;4;0,00;18,00;0,00;0;United States;Northern America;"MIT Department of Urban Studies and Planning";"2004, 2006-2008, 2010-2011, 2014, 2016-2017, 2019-2020, 2023-2024";"Visual Arts and Performing Arts (Q1); Cultural Studies (Q2); Urban Studies (Q3); Geography, Planning and Development (Q4)";"Arts and Humanities; Social Sciences"
609;21101034113;"Revista Brasileira de Geografia Fisica";journal;"19842295";"Universidade Federal de Pernambuco";Yes;No;0,189;Q4;12;216;689;11276;437;681;0,59;52,20;34,07;4;Brazil;Latin America;"Universidade Federal de Pernambuco";"2019-2026";"Atmospheric Science (Q4); Computers in Earth Sciences (Q4); Earth-Surface Processes (Q4); Environmental Science (miscellaneous) (Q4); Geography, Planning and Development (Q4); Geophysics (Q4)";"Earth and Planetary Sciences; Environmental Science; Social Sciences"
610;21100942908;"Revista Notas Historicas y Geograficas";journal;"07194404, 0717036X";"Universidad de Playa Ancha -Departamento De Historia";Yes;Yes;0,189;Q4;6;22;103;920;55;102;0,71;41,82;27,78;0;Chile;Latin America;"Universidad de Playa Ancha -Departamento De Historia";"2019-2025";"History (Q2); Geography, Planning and Development (Q4)";"Arts and Humanities; Social Sciences"
611;21100894848;"sub\urban";journal;"21972567";"suburban eV";Yes;Yes;0,189;Q4;14;49;135;1818;53;113;0,38;37,10;49,21;0;Germany;Western Europe;"suburban eV";"2013-2025";"Urban Studies (Q3); Geography, Planning and Development (Q4)";"Social Sciences"
612;21100923619;"Economic Research Guardian";journal;"22478531";"";Yes;Yes;0,188;Q4;6;8;37;276;29;37;0,86;34,50;41,67;0;Romania;Eastern Europe;"";"2019-2025";"Economics, Econometrics and Finance (miscellaneous) (Q3); Sociology and Political Science (Q3); Economics and Econometrics (Q4); Geography, Planning and Development (Q4)";"Economics, Econometrics and Finance; Social Sciences"
613;14691;"Environment and History";journal;"09673407, 17527023";"White Horse Press";No;No;0,188;Q4;38;35;114;199;58;94;0,40;5,69;36,17;0;United Kingdom;Western Europe;"White Horse Press";"1995-2026";"Arts and Humanities (miscellaneous) (Q2); History (Q2); Environmental Science (miscellaneous) (Q4); Geography, Planning and Development (Q4)";"Arts and Humanities; Environmental Science; Social Sciences"
614;21101072517;"International Journal of Social Quality (United States)";journal;"17570352, 17570344";"Berghahn Journals";Yes;Yes;0,188;Q4;6;8;30;427;23;23;0,77;53,38;54,55;0;United Kingdom;Western Europe;"Berghahn Journals";"2019, 2021-2024";"Sociology and Political Science (Q3); Geography, Planning and Development (Q4); Health (social science) (Q4)";"Social Sciences"
615;19700169301;"Revista de Economia Mundial";journal;"23404264, 15760162";"Universidad de Huelva";Yes;Yes;0,188;Q4;17;23;87;1004;37;75;0,27;43,65;55,10;0;Spain;Western Europe;"Universidad de Huelva";"2003-2025";"History (Q2); Political Science and International Relations (Q3); Social Sciences (miscellaneous) (Q3); Economics and Econometrics (Q4); Geography, Planning and Development (Q4); Transportation (Q4)";"Arts and Humanities; Economics, Econometrics and Finance; Social Sciences"
616;21100909464;"Acta Scientiarum Polonorum, Administratio Locorum";journal;"24500771, 16440749";"Publisher of the University of Warmia and Mazury in Olsztyn";Yes;Yes;0,187;Q4;10;36;84;1605;64;84;0,87;44,58;47,57;0;Poland;Eastern Europe;"Publisher of the University of Warmia and Mazury in Olsztyn";"2019-2025";"Urban Studies (Q3); Geography, Planning and Development (Q4); Nature and Landscape Conservation (Q4); Transportation (Q4)";"Environmental Science; Social Sciences"
617;56455;"Hrvatski Geografski Glasnik";journal;"13315854";"Croatian Geographical Society";Yes;Yes;0,187;Q4;15;11;30;699;21;29;0,48;63,55;43,75;0;Croatia;Eastern Europe;"Croatian Geographical Society";"1998-2001, 2003-2025";"Earth-Surface Processes (Q4); Geography, Planning and Development (Q4)";"Earth and Planetary Sciences; Social Sciences"
618;21100817647;"Landscape Architecture and Art";journal;"22558640, 22558632";"Latvia University of Life Sciences and Technologies";Yes;No;0,187;Q4;9;31;64;981;33;64;0,32;31,65;75,00;0;Latvia;Eastern Europe;"Latvia University of Life Sciences and Technologies";"2016-2025";"Visual Arts and Performing Arts (Q1); Agricultural and Biological Sciences (miscellaneous) (Q3); Geography, Planning and Development (Q4); Nature and Landscape Conservation (Q4)";"Agricultural and Biological Sciences; Arts and Humanities; Environmental Science; Social Sciences"
619;21101100272;"PASOS Revista de Turismo y Patrimonio Cultural";journal;"16957121, 2529959X";"University of La Laguna";Yes;Yes;0,187;Q4;12;58;193;2488;101;192;0,43;42,90;41,82;1;Spain;Western Europe;"University of La Laguna";"2019-2026";"Cultural Studies (Q2); Anthropology (Q3); Social Sciences (miscellaneous) (Q3); Geography, Planning and Development (Q4)";"Social Sciences"
620;21100913566;"Revista de Gestao Ambiental e Sustentabilidade";journal;"23169834";"Universidade Nove de Julho-UNINOVE";Yes;No;0,187;Q4;6;18;49;999;33;48;0,63;55,50;32,61;0;Brazil;Latin America;"Universidade Nove de Julho-UNINOVE";"2019-2025";"Urban Studies (Q3); Geography, Planning and Development (Q4); Management, Monitoring, Policy and Law (Q4)";"Environmental Science; Social Sciences"
621;20000195046;"Journal of Landscape Architecture";journal;"2164604X, 18626033";"Routledge";No;No;0,186;Q4;21;21;67;0;29;51;0,25;0,00;33,33;0;United Kingdom;Western Europe;"Routledge";"2006-2025";"Geography, Planning and Development (Q4)";"Social Sciences"
622;21101134570;"Jurnal Sylva Lestari";journal;"23390913, 25495747";"University of Lampung Faculty of Agriculture";Yes;No;0,186;Q4;10;36;37;1860;35;37;1,03;51,67;49,50;0;Indonesia;Asiatic Region;"University of Lampung Faculty of Agriculture";"2019-2020, 2022-2026";"Forestry (Q3); Ecology (Q4); Geography, Planning and Development (Q4); Nature and Landscape Conservation (Q4)";"Agricultural and Biological Sciences; Environmental Science; Social Sciences"
623;13162;"Terra";journal;"00403741";"Geographical Society of Finland";Yes;Yes;0,186;Q4;9;22;68;708;32;42;0,44;32,18;44,44;2;Finland;Western Europe;"Geographical Society of Finland";"1978-2015, 2017-2025";"Agricultural and Biological Sciences (miscellaneous) (Q3); Earth and Planetary Sciences (miscellaneous) (Q4); Geography, Planning and Development (Q4); Water Science and Technology (Q4)";"Agricultural and Biological Sciences; Earth and Planetary Sciences; Environmental Science; Social Sciences"
624;21101048945;"Journal of Geography (Chigaku Zasshi)";journal;"0022135X, 18840884";"Tokyo Geographical Society";No;No;0,184;Q4;8;40;149;1305;48;149;0,34;32,63;22,50;0;Japan;Asiatic Region;"Tokyo Geographical Society";"2019-2025";"Earth-Surface Processes (Q4); Geography, Planning and Development (Q4); Geology (Q4); Geophysics (Q4); Global and Planetary Change (Q4)";"Earth and Planetary Sciences; Environmental Science; Social Sciences"
625;27890;"Studi Emigrazione";journal;"00392936";"Centro Studi Emigrazione";No;No;0,184;Q4;13;41;110;1314;14;95;0,14;32,05;51,11;0;Italy;Western Europe;"Centro Studi Emigrazione";"1977-2025";"Arts and Humanities (miscellaneous) (Q2); Demography (Q3); Geography, Planning and Development (Q4)";"Arts and Humanities; Social Sciences"
626;50047;"Journal of Southeast Asian Studies";journal;"14740680, 00224634";"Cambridge University Press";No;No;0,183;Q4;41;36;103;2986;44;91;0,32;82,94;29,41;0;United Kingdom;Western Europe;"Cambridge University Press";"1970-2025";"History (Q2); Sociology and Political Science (Q3); Geography, Planning and Development (Q4)";"Arts and Humanities; Social Sciences"
627;21100853599;"Vestnik of Saint Petersburg University. Earth Sciences";journal;"2587585X, 25419668";"St. Petersburg University Press";No;No;0,183;Q4;11;40;117;1490;72;117;0,51;37,25;49,17;0;Russian Federation;Eastern Europe;"St. Petersburg University Press";"2017-2025";"Earth and Planetary Sciences (miscellaneous) (Q4); Environmental Science (miscellaneous) (Q4); Geography, Planning and Development (Q4); Geology (Q4)";"Earth and Planetary Sciences; Environmental Science; Social Sciences"
628;21100865012;"Economia Agro-Alimentare";journal;"19724802, 11261668";"FrancoAngeli";Yes;No;0,182;Q4;14;27;79;1352;62;70;0,88;50,07;35,48;0;Italy;Western Europe;"FrancoAngeli";"2012-2025";"Agricultural and Biological Sciences (miscellaneous) (Q3); Social Sciences (miscellaneous) (Q3); Agronomy and Crop Science (Q4); Business, Management and Accounting (miscellaneous) (Q4); Economics and Econometrics (Q4); Food Animals (Q4); Food Science (Q4); Geography, Planning and Development (Q4); Management, Monitoring, Policy and Law (Q4)";"Agricultural and Biological Sciences; Business, Management and Accounting; Economics, Econometrics and Finance; Environmental Science; Social Sciences; Veterinary"
629;20500195092;"International Journal of Sustainable Society";journal;"17562546, 17562538";"Inderscience Enterprises Ltd";No;No;0,181;Q4;21;21;59;1333;35;57;0,28;63,48;59,26;0;United Kingdom;Western Europe;"Inderscience Enterprises Ltd";"2008-2025";"Sociology and Political Science (Q3); Environmental Science (miscellaneous) (Q4); Geography, Planning and Development (Q4); Management, Monitoring, Policy and Law (Q4)";"Environmental Science; Social Sciences"
630;20224;"Prometheus: Critical Studies in Innovation";journal;"08109028, 14701030";"Pluto Journals";Yes;Yes;0,178;Q4;31;18;57;790;31;46;0,53;43,89;35,29;1;United Kingdom;Western Europe;"Pluto Journals";"1983-2017, 2020-2025";"Earth-Surface Processes (Q4); Geography, Planning and Development (Q4); Management of Technology and Innovation (Q4); Research and Theory (Q4); Strategy and Management (Q4)";"Business, Management and Accounting; Earth and Planetary Sciences; Nursing; Social Sciences"
631;24423;"Canadian Journal of Latin American and Caribbean Studies";journal;"23331461, 08263663";"Taylor and Francis Ltd.";No;No;0,177;Q4;16;22;71;1286;29;67;0,40;58,45;48,57;1;United Kingdom;Western Europe;"Taylor and Francis Ltd.";"1984-2011, 2014-2026";"Political Science and International Relations (Q3); Development (Q4); Geography, Planning and Development (Q4)";"Social Sciences"
632;21100286889;"Cuadernos de Turismo";journal;"19894635, 11397861";"Universidad de Murcia";Yes;Yes;0,177;Q4;15;27;99;963;75;98;0,62;35,67;45,61;2;Spain;Western Europe;"Universidad de Murcia";"2013-2025";"Geography, Planning and Development (Q4); Nature and Landscape Conservation (Q4); Tourism, Leisure and Hospitality Management (Q4)";"Business, Management and Accounting; Environmental Science; Social Sciences"
633;21101152867;"International Journal of Environmental Impacts";journal;"23982640, 23982659";"International Information and Engineering Technology Association";Yes;No;0,176;Q4;9;25;84;918;56;84;0,77;36,72;39,66;0;Canada;Northern America;"International Information and Engineering Technology Association";"2019-2025";"Social Sciences (miscellaneous) (Q3); Environmental Science (miscellaneous) (Q4); Geography, Planning and Development (Q4); Materials Science (miscellaneous) (Q4)";"Environmental Science; Materials Science; Social Sciences"
634;21101061829;"Law, Environment and Development Journal";journal;"17465893";"University of London";Yes;Yes;0,176;Q4;5;9;23;910;6;22;0,09;101,11;35,71;0;United Kingdom;Western Europe;"University of London";"2019-2025";"Law (Q3); Geography, Planning and Development (Q4); Management, Monitoring, Policy and Law (Q4)";"Environmental Science; Social Sciences"
635;31912;"International Journal of Transport Economics";journal;"03035247, 17242185";"Fabrizio Serra Editore Srl";No;No;0,175;Q4;27;9;58;678;26;55;0,31;75,33;35,00;0;Italy;Western Europe;"Fabrizio Serra Editore Srl";"1979-1981, 1987, 1989-2026";"Geography, Planning and Development (Q4); Transportation (Q4)";"Social Sciences"
636;27100;"Acta Universitatis Carolinae, Geographica";journal;"03005402, 23361980";"Karolinum - Nakladatelstvi Univerzity Karlovy";Yes;Yes;0,174;Q4;19;18;57;891;46;56;0,62;49,50;28,30;0;Czech Republic;Eastern Europe;"Karolinum - Nakladatelstvi Univerzity Karlovy";"1975-2026";"Earth and Planetary Sciences (miscellaneous) (Q4); Geography, Planning and Development (Q4)";"Earth and Planetary Sciences; Social Sciences"
637;21100927903;"Atelie Geografico";journal;"19821956";"Universidade Federal De Goias (UFG)";Yes;Yes;0,174;Q4;4;44;122;1592;25;122;0,19;36,18;33,33;0;Brazil;Latin America;"Universidade Federal De Goias (UFG)";"2019-2025";"Urban Studies (Q3); Geography, Planning and Development (Q4); Management, Monitoring, Policy and Law (Q4); Nature and Landscape Conservation (Q4); Tourism, Leisure and Hospitality Management (Q4)";"Business, Management and Accounting; Environmental Science; Social Sciences"
638;21100872774;"Desenvolvimento e Meio Ambiente";journal;"21769109, 1518952X";"Universidade Federal do Parana";Yes;Yes;0,174;Q4;12;104;222;4888;100;219;0,35;47,00;52,11;3;Brazil;Latin America;"Universidade Federal do Parana";"2018-2025";"Environmental Science (miscellaneous) (Q4); Geography, Planning and Development (Q4)";"Environmental Science; Social Sciences"
639;21101095657;"Economia, Sociedad y Territorio";journal;"14058421, 24486183";"El Colegio Mexiquense AC";Yes;Yes;0,174;Q4;7;36;96;1568;36;96;0,33;43,56;43,90;0;Mexico;Latin America;"El Colegio Mexiquense AC";"2019-2025";"Demography (Q3); Social Sciences (miscellaneous) (Q3); Urban Studies (Q3); Geography, Planning and Development (Q4)";"Social Sciences"
640;13236;"Investigaciones Geograficas";journal;"24487279, 01884611";"Instituto de Geografia";Yes;Yes;0,172;Q4;23;55;140;1204;65;126;0,35;21,89;40,63;0;Mexico;Latin America;"Instituto de Geografia";"1969, 1984, 1990-1993, 1995-1996, 2001, 2003-2025";"Earth and Planetary Sciences (miscellaneous) (Q4); Geography, Planning and Development (Q4)";"Earth and Planetary Sciences; Social Sciences"
641;51335;"Indian Journal of Agricultural Economics";journal;"00195014";"Indian Society of Agricultural Economics";No;No;0,171;Q4;30;41;107;932;43;106;0,31;22,73;28,38;0;India;Asiatic Region;"Indian Society of Agricultural Economics";"1978-2025";"Development (Q4); Geography, Planning and Development (Q4)";"Social Sciences"
642;6000164419;"Landscapes";journal;"14929600";"American Society of Landscape Architects";No;No;0,171;Q4;5;0;9;0;8;6;0,67;0,00;0,00;0;United States;Northern America;"American Society of Landscape Architects";"2003, 2011, 2014-2021";"Visual Arts and Performing Arts (Q1); Archeology (arts and humanities) (Q2); History (Q2); Archeology (Q3); Architecture (Q3); Geography, Planning and Development (Q4); Nature and Landscape Conservation (Q4)";"Arts and Humanities; Engineering; Environmental Science; Social Sciences"
643;21100824458;"Sustainability in Debate";journal;"21777675, 21799067";"Universidade de Brasilia";Yes;Yes;0,171;Q4;10;33;113;1263;57;104;0,37;38,27;52,94;0;Brazil;Latin America;"Universidade de Brasilia";"2013, 2017-2025";"Development (Q4); Geography, Planning and Development (Q4); Management, Monitoring, Policy and Law (Q4)";"Environmental Science; Social Sciences"
644;21100940511;"Territorios";journal;"01238418, 22157484";"Universidad del Rosario";Yes;Yes;0,170;Q4;6;38;98;1560;32;95;0,28;41,05;39,66;2;Colombia;Latin America;"Universidad del Rosario";"2019-2025";"Urban Studies (Q3); Geography, Planning and Development (Q4)";"Social Sciences"
645;20362;"Electronic Green Journal";journal;"10767975";"University of California, Berkeley";Yes;Yes;0,169;Q4;16;3;20;167;8;18;0,23;55,67;25,00;0;United States;Northern America;"University of California, Berkeley";"2001-2025";"Geography, Planning and Development (Q4)";"Social Sciences"
646;23416;"Journal of International Wildlife Law and Policy";journal;"15481476, 13880292";"Taylor and Francis Ltd.";No;No;0,169;Q4;24;12;46;0;25;45;0,47;0,00;40,00;1;United Kingdom;Western Europe;"Taylor and Francis Ltd.";"1998-2026";"Law (Q3); Ecology (Q4); Geography, Planning and Development (Q4); Management, Monitoring, Policy and Law (Q4)";"Environmental Science; Social Sciences"
647;21100874193;"Berichte Geographie und Landeskunde";journal;"21966184";"Franz Steiner Verlag GmbH";No;No;0,168;Q4;13;25;59;1242;21;56;0,41;49,68;44,44;0;Germany;Western Europe;"Franz Steiner Verlag GmbH";"2013-2018, 2020-2026";"Earth and Planetary Sciences (miscellaneous) (Q4); Geography, Planning and Development (Q4)";"Earth and Planetary Sciences; Social Sciences"
648;19700175287;"Disaster Advances";journal;"22784543, 0974262X";"World Researchers Associations";No;No;0,166;Q4;22;80;269;2597;114;269;0,56;32,46;22,38;0;India;Asiatic Region;"World Researchers Associations";"2009-2026";"Earth and Planetary Sciences (miscellaneous) (Q4); Environmental Science (miscellaneous) (Q4); Geography, Planning and Development (Q4); Safety, Risk, Reliability and Quality (Q4)";"Earth and Planetary Sciences; Engineering; Environmental Science; Social Sciences"
649;21100274247;"International Journal of Sustainability Policy and Practice";journal;"23251166, 23251182";"Common Ground Research Networks";No;No;0,166;Q4;7;6;25;420;9;25;0,21;70,00;33,33;0;United States;Northern America;"Common Ground Research Networks";"2013-2025";"Sociology and Political Science (Q3); Geography, Planning and Development (Q4); Management, Monitoring, Policy and Law (Q4); Renewable Energy, Sustainability and the Environment (Q4)";"Energy; Environmental Science; Social Sciences"
650;21100833040;"Geopolitica(s)";journal;"21727155, 21723958";"Universidad Complutense Madrid";Yes;Yes;0,165;Q4;14;19;82;742;42;81;0,42;39,05;16,00;0;Spain;Western Europe;"Universidad Complutense Madrid";"2010-2025";"Political Science and International Relations (Q3); Sociology and Political Science (Q3); Geography, Planning and Development (Q4)";"Social Sciences"
651;8500153124;"Environmental and Planning Law Journal";journal;"0813300X";"Thomson Reuters (Professional) Australia Ltd";No;No;0,164;Q4;22;0;36;0;17;35;0,00;0,00;0,00;0;Australia;Pacific Region;"Thomson Reuters (Professional) Australia Ltd";"1984-2020";"Law (Q3); Geography, Planning and Development (Q4); Management, Monitoring, Policy and Law (Q4)";"Environmental Science; Social Sciences"
652;21101039167;"Geocarrefour";journal;"1960601X, 16274873";"Association des amis de la revue de geographie de Lyon";No;No;0,164;Q4;7;36;129;1151;47;129;0,34;31,97;42,55;1;France;Western Europe;"Association des amis de la revue de geographie de Lyon";"2018-2025";"Urban Studies (Q3); Geography, Planning and Development (Q4); Global and Planetary Change (Q4)";"Environmental Science; Social Sciences"
653;14831;"Journal fur Entwicklungspolitik";journal;"02582384, 24143197";"Mattersburger Kreis fur Entwicklungspolitik";No;No;0,164;Q4;15;16;45;746;11;41;0,21;46,63;62,96;0;Austria;Western Europe;"Mattersburger Kreis fur Entwicklungspolitik";"1991-1995, 1997-2025";"Development (Q4); Geography, Planning and Development (Q4)";"Social Sciences"
654;12600154786;"European Journal of Spatial Development";journal;"16509544";"Politecnico di Torino";Yes;Yes;0,163;Q4;15;12;15;542;10;15;0,62;45,17;54,17;0;Italy;Western Europe;"Politecnico di Torino";"2008-2020, 2022-2026";"Urban Studies (Q3); Geography, Planning and Development (Q4); Management, Monitoring, Policy and Law (Q4)";"Environmental Science; Social Sciences"
655;21101026994;"Architecture and Urban Planning";journal;"22558764, 16914333";"Walter de Gruyter GmbH";No;No;0,161;Q4;7;20;45;806;26;45;0,59;40,30;71,05;0;Poland;Eastern Europe;"Walter de Gruyter GmbH";"2019-2026";"Conservation (Q2); History (Q2); Architecture (Q3); Urban Studies (Q3); Geography, Planning and Development (Q4); Nature and Landscape Conservation (Q4)";"Arts and Humanities; Engineering; Environmental Science; Social Sciences"
656;5700166475;"European Journal of East Asian Studies";journal;"15700615, 15680584";"Brill Academic Publishers";No;No;0,161;Q4;18;13;49;762;28;44;0,45;58,62;57,14;0;Netherlands;Western Europe;"Brill Academic Publishers";"2001, 2003, 2007-2026";"Cultural Studies (Q2); History (Q2); Political Science and International Relations (Q3); Social Sciences (miscellaneous) (Q3); Sociology and Political Science (Q3); Development (Q4); Geography, Planning and Development (Q4)";"Arts and Humanities; Social Sciences"
657;21101040605;"Turyzm/Tourism";journal;"08675856, 20806922";"Lodz University Press";Yes;Yes;0,161;Q4;13;25;96;1543;51;92;0,71;61,72;36,73;0;Poland;Eastern Europe;"Lodz University Press";"2001-2025";"Social Sciences (miscellaneous) (Q3); Sociology and Political Science (Q3); Economics, Econometrics and Finance (miscellaneous) (Q4); Geography, Planning and Development (Q4); Tourism, Leisure and Hospitality Management (Q4)";"Business, Management and Accounting; Economics, Econometrics and Finance; Social Sciences"
658;21100897143;"Brussels Studies";journal;"20310293";"Universite Saint-Louis Bruxelles";Yes;Yes;0,160;Q4;4;15;31;411;4;31;0,10;27,40;55,88;1;Belgium;Western Europe;"Universite Saint-Louis Bruxelles";"2018-2026";"Cultural Studies (Q2); Urban Studies (Q3); Geography, Planning and Development (Q4)";"Social Sciences"
659;21100897722;"Cuadernos de Geografia: Revista Colombiana de Geografia";journal;"0121215X, 22565442";"Universidad Nacional de Colombia";Yes;Yes;0,160;Q4;10;28;87;1315;45;82;0,51;46,96;51,85;0;Colombia;Latin America;"Universidad Nacional de Colombia";"2018-2025";"Earth and Planetary Sciences (miscellaneous) (Q4); Environmental Science (miscellaneous) (Q4); Geography, Planning and Development (Q4)";"Earth and Planetary Sciences; Environmental Science; Social Sciences"
660;35961;"Glasnik - Srpskog Geografskog Drustva";journal;"2406078X, 03503593";"Geografsko Drustvo";Yes;Yes;0,160;Q4;8;41;54;1431;28;54;0,43;34,90;48,68;0;Serbia;Eastern Europe;"Geografsko Drustvo";"1981-1984, 2019-2025";"Atmospheric Science (Q4); Education (Q4); Geography, Planning and Development (Q4); Geology (Q4); Global and Planetary Change (Q4)";"Earth and Planetary Sciences; Environmental Science; Social Sciences"
661;14394;"Etudes Rurales";journal;"00142182";"Editions EHESS: Ecole des Hautes Etudes en Sciences Sociales";No;No;0,159;Q4;16;25;59;390;16;58;0,29;15,60;43,24;1;France;Western Europe;"Editions EHESS: Ecole des Hautes Etudes en Sciences Sociales";"1973, 1978-1984, 1989-1990, 1992-1996, 1999-2023";"History (Q2); Agricultural and Biological Sciences (miscellaneous) (Q4); Economics and Econometrics (Q4); Geography, Planning and Development (Q4)";"Agricultural and Biological Sciences; Arts and Humanities; Economics, Econometrics and Finance; Social Sciences"
662;24405;"Journal of Regional Analysis and Policy";journal;"10904999";"University of Nebraska-Lincoln";No;No;0,159;Q4;30;12;26;563;12;24;0,33;46,92;34,78;0;United States;Northern America;"University of Nebraska-Lincoln";"1996-2025";"Political Science and International Relations (Q3); Geography, Planning and Development (Q4); Management, Monitoring, Policy and Law (Q4)";"Environmental Science; Social Sciences"
663;19400158636;"Sociologija i Prostor";journal;"18465226";"INST SOCIAL RES ZAGREB";Yes;No;0,159;Q4;12;25;89;1073;40;78;0,49;42,92;56,45;0;Croatia;Eastern Europe;"INST SOCIAL RES ZAGREB";"2009-2025";"Sociology and Political Science (Q3); Urban Studies (Q3); Education (Q4); Geography, Planning and Development (Q4)";"Social Sciences"
664;12100155635;"Anuario do Instituto de Geociencias";journal;"19823908, 01019759";"Universidade Federal do Rio de Janeiro - UFRJ";Yes;Yes;0,158;Q4;19;80;331;2903;130;327;0,37;36,29;36,14;0;Brazil;Latin America;"Universidade Federal do Rio de Janeiro - UFRJ";"2004-2026";"Development (Q4); Economic Geology (Q4); Environmental Science (miscellaneous) (Q4); Geography, Planning and Development (Q4); Geology (Q4)";"Earth and Planetary Sciences; Environmental Science; Social Sciences"
665;21100815425;"Geographia Cassoviensis";journal;"13376748, 24540005";"Pavol Jozef Safarik University";No;No;0,158;Q4;8;9;37;463;17;37;0,52;51,44;37,84;0;Slovakia;Eastern Europe;"Pavol Jozef Safarik University";"2016-2025";"Earth and Planetary Sciences (miscellaneous) (Q4); Geography, Planning and Development (Q4)";"Earth and Planetary Sciences; Social Sciences"
666;26677;"International Journal of Energy Technology and Policy";journal;"1741508X, 14728923";"Inderscience Publishers";No;No;0,158;Q4;21;17;68;412;43;68;0,41;24,24;36,11;0;United Kingdom;Western Europe;"Inderscience Publishers";"2002-2025";"Energy Engineering and Power Technology (Q4); Fuel Technology (Q4); Geography, Planning and Development (Q4)";"Energy; Social Sciences"
667;21860;"Great Plains Research";journal;"10525165";"Center for Great Plains Studies";No;No;0,157;Q4;24;9;41;249;16;38;0,46;27,67;66,67;0;United States;Northern America;"Center for Great Plains Studies";"1991, 1993-2024";"Ecology, Evolution, Behavior and Systematics (Q4); Geography, Planning and Development (Q4)";"Agricultural and Biological Sciences; Social Sciences"
668;80799;"Revista Geografica Venezolana";journal;"22448853, 10121617";"Universidad de los Andes";Yes;No;0,157;Q4;11;31;103;926;17;92;0,18;29,87;43,08;0;Venezuela;Latin America;"Universidad de los Andes";"1981, 1985-2025";"Earth-Surface Processes (Q4); Geography, Planning and Development (Q4)";"Earth and Planetary Sciences; Social Sciences"
669;36166;"Cahiers d'Etudes Africaines";journal;"00080055, 17775353";"Cairn France";Yes;No;0,156;Q4;24;52;157;1247;42;154;0,19;23,98;66,04;0;France;Western Europe;"Cairn France";"1975, 1977, 1980, 1983-2024";"History (Q2); Development (Q4); Geography, Planning and Development (Q4)";"Arts and Humanities; Social Sciences"
670;12460;"Przeglad Geograficzny";journal;"00332143";"Polska Akademia Nauk";Yes;Yes;0,156;Q4;18;19;76;1147;36;72;0,49;60,37;21,43;0;Poland;Eastern Europe;"Polska Akademia Nauk";"1976-1989, 1993-2025";"Earth and Planetary Sciences (miscellaneous) (Q4); Geography, Planning and Development (Q4)";"Earth and Planetary Sciences; Social Sciences"
671;21100861870;"Asia-Pacific Journal of Innovation in Hospitality and Tourism";journal;"22891471";"Taylor's University Sdn Bhd";No;No;0,155;Q4;12;25;80;1408;51;79;0,54;56,32;42,86;0;Malaysia;Asiatic Region;"Taylor's University Sdn Bhd";"2017-2025";"Geography, Planning and Development (Q4); Management, Monitoring, Policy and Law (Q4); Nature and Landscape Conservation (Q4); Tourism, Leisure and Hospitality Management (Q4)";"Business, Management and Accounting; Environmental Science; Social Sciences"
672;21100421902;"Iberoamerican Journal of Development Studies";journal;"22542035";"University of Zaragoza";Yes;Yes;0,155;Q4;11;22;70;1343;31;70;0,31;61,05;54,55;9;Spain;Western Europe;"University of Zaragoza";"2012-2025";"History (Q2); Law (Q3); Sociology and Political Science (Q3); Development (Q4); Geography, Planning and Development (Q4)";"Arts and Humanities; Social Sciences"
673;21101089035;"Journal of Global Innovations in Agricultural Sciences";journal;"27884538, 27884546";"Society for Innovative Agriculture, University of Agriculture";Yes;No;0,155;Q4;8;80;60;2895;30;60;0,50;36,19;34,35;0;Pakistan;Asiatic Region;"Society for Innovative Agriculture, University of Agriculture";"2021-2026";"Agricultural and Biological Sciences (miscellaneous) (Q4); Agronomy and Crop Science (Q4); Geography, Planning and Development (Q4); Insect Science (Q4)";"Agricultural and Biological Sciences; Social Sciences"
674;21100937446;"On the W@terfront";journal;"11397365";"Universitat de Barcelona";Yes;Yes;0,155;Q4;5;8;44;445;7;44;0,15;55,63;50,00;0;Spain;Western Europe;"Universitat de Barcelona";"2019-2025";"Visual Arts and Performing Arts (Q2); Urban Studies (Q3); Geography, Planning and Development (Q4)";"Arts and Humanities; Social Sciences"
675;144824;"Standort";journal;"1432220X, 01743635";"Springer Science and Business Media Deutschland GmbH";No;No;0,155;Q4;8;45;78;713;22;64;0,26;15,84;41,27;1;Germany;Western Europe;"Springer Science and Business Media Deutschland GmbH";"2005-2026";"Urban Studies (Q3); Development (Q4); Earth and Planetary Sciences (miscellaneous) (Q4); Environmental Science (miscellaneous) (Q4); Geography, Planning and Development (Q4); Management, Monitoring, Policy and Law (Q4); Social Sciences (miscellaneous) (Q4)";"Earth and Planetary Sciences; Environmental Science; Social Sciences"
676;21101053567;"Indian Journal of Economics and Development";journal;"22775412, 23220430";"The Society of Economics and Development";No;No;0,154;Q4;8;103;316;2625;94;316;0,31;25,49;33,33;0;India;Asiatic Region;"The Society of Economics and Development";"2019-2025";"Business, Management and Accounting (miscellaneous) (Q4); Economics and Econometrics (Q4); Finance (Q4); Geography, Planning and Development (Q4)";"Business, Management and Accounting; Economics, Econometrics and Finance; Social Sciences"
677;15158;"Inner Asia";journal;"22105018, 14648172";"Brill Academic Publishers";No;No;0,154;Q4;23;21;44;628;24;38;0,31;29,90;33,33;4;Netherlands;Western Europe;"Brill Academic Publishers";"1999-2025";"Anthropology (Q3); Arts and Humanities (miscellaneous) (Q3); Development (Q4); Geography, Planning and Development (Q4)";"Arts and Humanities; Social Sciences"
678;26787;"Boletin de Investigaciones Marinas y Costeras";journal;"25904671, 01229761";"INVEMAR";Yes;Yes;0,154;-;18;24;91;1025;35;91;0,40;42,71;39,71;0;Colombia;Latin America;"INVEMAR";"1998, 2001-2025";"Animal Science and Zoology (Q4); Aquatic Science (Q4); Oceanography (Q4); Water Science and Technology (Q4)";"Agricultural and Biological Sciences; Earth and Planetary Sciences; Environmental Science"
679;15493;"Finance and Development";journal;"01451707, 15645142";"International Monetary Fund";Yes;No;0,153;Q4;41;67;185;67;87;59;0,28;1,00;27,27;0;United States;Northern America;"International Monetary Fund";"1973, 1975-1976, 1978-2025";"Development (Q4); Finance (Q4); Geography, Planning and Development (Q4)";"Economics, Econometrics and Finance; Social Sciences"
680;21101055893;"Geosfernye Issledovaniya";journal;"25419943, 25421379";"Faculty of Geology and Geography, Tomsk State University";No;No;0,153;Q4;5;41;81;1398;29;80;0,36;34,10;40,46;0;Russian Federation;Eastern Europe;"Faculty of Geology and Geography, Tomsk State University";"2019-2025";"Earth and Planetary Sciences (miscellaneous) (Q4); Ecology (Q4); Geography, Planning and Development (Q4)";"Earth and Planetary Sciences; Environmental Science; Social Sciences"
681;12603;"Revue de Geographie Alpine";journal;"00351121";"Armand Colin Editeur";Yes;Yes;0,152;Q4;21;20;115;775;53;110;0,44;38,75;25,45;0;France;Western Europe;"Armand Colin Editeur";"1977, 1979, 1982-1988, 1994-2025";"Earth-Surface Processes (Q4); Geography, Planning and Development (Q4)";"Earth and Planetary Sciences; Social Sciences"
682;21100856013;"Forum Geografic";journal;"15831523, 20674635";"University of Craiova, Faculty of Social Sciences, Department of Geography";Yes;Yes;0,151;Q4;7;17;60;668;26;60;0,44;39,29;35,85;0;Romania;Eastern Europe;"University of Craiova, Faculty of Social Sciences, Department of Geography";"2017-2025";"Earth-Surface Processes (Q4); Geography, Planning and Development (Q4); Global and Planetary Change (Q4)";"Earth and Planetary Sciences; Environmental Science; Social Sciences"
683;12100155657;"Mundo Agrario";journal;"15155994";"Universidad Nacional de La Plata";Yes;Yes;0,151;Q4;12;30;77;1309;21;76;0,18;43,63;50,00;0;Argentina;Latin America;"Universidad Nacional de La Plata";"2008-2025";"History (Q2); Urban Studies (Q3); Agricultural and Biological Sciences (miscellaneous) (Q4); Geography, Planning and Development (Q4); Industrial Relations (Q4)";"Agricultural and Biological Sciences; Arts and Humanities; Business, Management and Accounting; Social Sciences"
684;21101034436;"Revista Brasileira de Cartografia";journal;"05604613, 18080936";"Sociedade Brasileira de Cartografia, Geodesia, Fotogrametria e Sensoriamento Remoto";Yes;Yes;0,151;Q4;8;25;174;1343;58;173;0,28;53,72;31,91;2;Brazil;Latin America;"Sociedade Brasileira de Cartografia, Geodesia, Fotogrametria e Sensoriamento Remoto";"2019-2026";"Computers in Earth Sciences (Q4); Earth and Planetary Sciences (miscellaneous) (Q4); Earth-Surface Processes (Q4); Geography, Planning and Development (Q4)";"Earth and Planetary Sciences; Social Sciences"
685;23953;"Rural History: Economy, Society, Culture";journal;"09567933, 14740656";"Cambridge University Press";No;No;0,151;Q4;23;22;49;1603;22;48;0,35;72,86;28,21;0;United Kingdom;Western Europe;"Cambridge University Press";"1990-2026";"History (Q2); Arts and Humanities (miscellaneous) (Q3); Urban Studies (Q3); Geography, Planning and Development (Q4)";"Arts and Humanities; Social Sciences"
686;24735;"American Review of Canadian Studies";journal;"02722011, 19439954";"Routledge";No;No;0,149;Q4;20;33;97;1329;42;90;0,45;40,27;41,46;1;United Kingdom;Western Europe;"Routledge";"1971-2025";"Earth-Surface Processes (Q4); Geography, Planning and Development (Q4)";"Earth and Planetary Sciences; Social Sciences"
687;14472;"AVN Allgemeine Vermessungs-Nachrichten";journal;"00025968";"V D E Verlag GmbH";No;No;0,149;Q4;9;27;96;441;15;70;0,11;16,33;18,18;0;Germany;Western Europe;"V D E Verlag GmbH";"1979-1980, 1988-1994, 2014-2026";"Civil and Structural Engineering (Q4); Earth and Planetary Sciences (miscellaneous) (Q4); Geography, Planning and Development (Q4)";"Earth and Planetary Sciences; Engineering; Social Sciences"
688;21101164611;"Environment, Space, Place";journal;"20689616, 20665377";"University of Minnesota Press";No;No;0,148;Q4;4;12;32;623;6;31;0,14;51,92;66,67;0;United States;Northern America;"University of Minnesota Press";"2019-2024";"Arts and Humanities (miscellaneous) (Q3); Demography (Q4); Environmental Science (miscellaneous) (Q4); Geography, Planning and Development (Q4); Sociology and Political Science (Q4)";"Arts and Humanities; Environmental Science; Social Sciences"
689;21101067386;"Revista U.D.C.A Actualidad and Divulgacion Cientifica";journal;"26192551, 01234226";"Universidad de Ciencias Aplicadas y Ambientales U.D.C.A";Yes;Yes;0,148;Q4;8;34;172;1136;65;167;0,34;33,41;38,66;1;Colombia;Latin America;"Universidad de Ciencias Aplicadas y Ambientales U.D.C.A";"2019-2025";"Agricultural and Biological Sciences (miscellaneous) (Q4); Biochemistry, Genetics and Molecular Biology (miscellaneous) (Q4); Environmental Science (miscellaneous) (Q4); Geography, Planning and Development (Q4)";"Agricultural and Biological Sciences; Biochemistry, Genetics and Molecular Biology; Environmental Science; Social Sciences"
690;12542;"Berkeley Planning Journal";journal;"10475192";"University of California, Berkeley";Yes;No;0,147;Q4;19;0;11;0;4;9;0,00;0,00;0,00;0;United States;Northern America;"University of California, Berkeley";"1992-1997, 1999-2002, 2004-2014, 2016-2018, 2020, 2022";"Geography, Planning and Development (Q4)";"Social Sciences"
691;19700188329;"Geography Teacher";journal;"17526884, 19338341";"Routledge";No;No;0,147;Q4;11;45;93;421;33;65;0,29;9,36;57,50;0;United States;Northern America;"Routledge";"2010-2026";"Earth and Planetary Sciences (miscellaneous) (Q4); Education (Q4); Geography, Planning and Development (Q4)";"Earth and Planetary Sciences; Social Sciences"
692;21100870844;"Acta Turistica";journal;"18486061, 03534316";"University of Zagreb Faculty of Economics and Business";No;No;0,146;Q4;7;8;23;587;10;21;0,37;73,38;55,00;0;Croatia;Eastern Europe;"University of Zagreb Faculty of Economics and Business";"2018-2025";"Economics, Econometrics and Finance (miscellaneous) (Q4); Geography, Planning and Development (Q4); Tourism, Leisure and Hospitality Management (Q4)";"Business, Management and Accounting; Economics, Econometrics and Finance; Social Sciences"
693;21100881506;"Przestrzen Spoleczna (discontinued)";journal;"20841558, 20847696";"";Yes;No;0,146;Q4;8;0;84;0;34;77;0,44;0,00;0,00;0;Poland;Eastern Europe;"";"2018-2022";"Cultural Studies (Q2); Demography (Q4); Economics, Econometrics and Finance (miscellaneous) (Q4); Geography, Planning and Development (Q4); Social Psychology (Q4); Social Sciences (miscellaneous) (Q4); Sociology and Political Science (Q4); Urban Studies (Q4)";"Economics, Econometrics and Finance; Psychology; Social Sciences"
694;55037;"Asian Affairs (United Kingdom)";journal;"00927678, 19401590";"Taylor and Francis Ltd.";No;No;0,145;Q4;16;14;25;0;20;25;1,00;0,00;34,78;1;United Kingdom;Western Europe;"Taylor and Francis Ltd.";"1973-2005, 2010-2026";"Law (Q3); Political Science and International Relations (Q3); Economics and Econometrics (Q4); Economics, Econometrics and Finance (miscellaneous) (Q4); Geography, Planning and Development (Q4); Sociology and Political Science (Q4)";"Economics, Econometrics and Finance; Social Sciences"
695;21100903458;"International Journal of Geospatial and Environmental Research";journal;"23322047";"Korea-America Association for Geospatial and Environmental Sciences";Yes;No;0,145;Q4;5;2;27;30;17;27;0,33;15,00;40,00;0;United States;Northern America;"Korea-America Association for Geospatial and Environmental Sciences";"2019-2025";"Earth and Planetary Sciences (miscellaneous) (Q4); Environmental Science (miscellaneous) (Q4); Geography, Planning and Development (Q4); Information Systems (Q4)";"Computer Science; Earth and Planetary Sciences; Environmental Science; Social Sciences"
696;57806;"Socijalna Ekologija";journal;"13300113";"Croatian Sociological Association";Yes;Yes;0,145;Q4;13;10;50;523;19;48;0,28;52,30;68,18;0;Croatia;Eastern Europe;"Croatian Sociological Association";"1994-2025";"Geography, Planning and Development (Q4); Management, Monitoring, Policy and Law (Q4)";"Environmental Science; Social Sciences"
697;21101039668;"Vegueta";journal;"1133598X, 23411112";"University of Las Palmas de Gran Canaria, Faculty of Geography and History";No;Yes;0,144;Q4;6;40;87;2275;25;86;0,25;56,88;34,09;2;Spain;Western Europe;"University of Las Palmas de Gran Canaria, Faculty of Geography and History";"2019-2026";"History (Q2); Arts and Humanities (miscellaneous) (Q3); Geography, Planning and Development (Q4)";"Arts and Humanities; Social Sciences"
698;21100223134;"Cuaternario y Geomorfologia";journal;"02141744";"Asociacion Espanola para el Estudio del Cuaternario (AEQUA)";Yes;No;0,142;Q4;13;12;56;655;18;51;0,39;54,58;15,38;0;Spain;Western Europe;"Asociacion Espanola para el Estudio del Cuaternario (AEQUA)";"2012-2025";"Earth-Surface Processes (Q4); Geography, Planning and Development (Q4); Geology (Q4); Paleontology (Q4)";"Earth and Planetary Sciences; Social Sciences"
699;21100868396;"Urbanism. Architecture. Constructions";journal;"20696469, 20690509";"NIRD URBAN-INCERC";Yes;Yes;0,141;Q4;7;17;37;786;21;37;0,59;46,24;56,67;0;Romania;Eastern Europe;"NIRD URBAN-INCERC";"2018-2025";"Architecture (Q3); Building and Construction (Q4); Geography, Planning and Development (Q4); Urban Studies (Q4)";"Engineering; Social Sciences"
700;21100258751;"International Journal of Sustainability in Economic, Social, and Cultural Context";journal;"2325114X, 23251115";"Common Ground Research Networks";No;No;0,140;Q4;8;7;33;352;9;33;0,32;50,29;30,00;0;United States;Northern America;"Common Ground Research Networks";"2013-2025";"Environmental Science (miscellaneous) (Q4); Geography, Planning and Development (Q4); Sociology and Political Science (Q4)";"Environmental Science; Social Sciences"
701;21101048345;"Journal of Territorial and Maritime Studies";journal;"22886834";"McFarland and Company, Inc";No;No;0,140;Q4;6;12;32;714;19;27;0,56;59,50;14,29;0;United States;Northern America;"McFarland and Company, Inc";"2019-2025";"Law (Q3); Geography, Planning and Development (Q4); Political Science and International Relations (Q4)";"Social Sciences"
702;21100842804;"Sociologia Urbana e Rurale";journal;"03924939, 19718403";"FrancoAngeli Edizioni";No;No;0,140;Q4;7;43;88;1063;22;88;0,27;24,72;40,35;0;Italy;Western Europe;"FrancoAngeli Edizioni";"2017-2025";"Demography (Q4); Geography, Planning and Development (Q4); Nature and Landscape Conservation (Q4); Sociology and Political Science (Q4); Urban Studies (Q4)";"Environmental Science; Social Sciences"
703;27931;"Ymer";journal;"00440477";"University of Stockholm";No;No;0,139;Q4;5;10;31;238;10;31;0,33;23,80;37,50;0;Sweden;Western Europe;"University of Stockholm";"1980, 1984-1986, 1988-2000, 2002-2024";"Geography, Planning and Development (Q4); Management, Monitoring, Policy and Law (Q4)";"Environmental Science; Social Sciences"
704;34418;"Geoadria";journal;"18489710, 13312294";"Croatian Geographical Society";Yes;Yes;0,138;Q4;7;11;25;524;14;25;0,63;47,64;31,58;0;Croatia;Eastern Europe;"Croatian Geographical Society";"1996, 1998, 2016-2025";"Atmospheric Science (Q4); Demography (Q4); Earth-Surface Processes (Q4); Geography, Planning and Development (Q4)";"Earth and Planetary Sciences; Social Sciences"
705;28756;"Geographische Rundschau";journal;"00167460";"Westermann Schulbuchverlag GmbH";No;No;0,138;Q4;14;148;376;978;18;284;0,03;6,61;34,00;0;Germany;Western Europe;"Westermann Schulbuchverlag GmbH";"1975, 1977-2014, 2018-2025";"Atmospheric Science (Q4); Energy (miscellaneous) (Q4); Geography, Planning and Development (Q4); Water Science and Technology (Q4)";"Earth and Planetary Sciences; Energy; Environmental Science; Social Sciences"
706;25227;"Harvard International Review";journal;"07391854";"Harvard International Review";No;No;0,138;Q4;19;0;35;0;15;30;0,00;0,00;0,00;0;United States;Northern America;"Harvard International Review";"1986, 1994-2020";"Geography, Planning and Development (Q4); Industrial Relations (Q4); Political Science and International Relations (Q4)";"Business, Management and Accounting; Social Sciences"
707;21101037317;"Acta Geographica Universitatis Comenianae";journal;"13386034";"Comenius University in Bratislava";Yes;Yes;0,137;Q4;5;12;32;754;13;32;0,52;62,83;26,92;0;Slovakia;Eastern Europe;"Comenius University in Bratislava";"2019-2025";"Computers in Earth Sciences (Q4); Earth and Planetary Sciences (miscellaneous) (Q4); Geography, Planning and Development (Q4); Management, Monitoring, Policy and Law (Q4); Nature and Landscape Conservation (Q4); Urban Studies (Q4)";"Earth and Planetary Sciences; Environmental Science; Social Sciences"
708;8100153108;"Revista Brasileira de Historia";journal;"01020188, 18069347";"Associacao Nacional de Historia";Yes;Yes;0,137;Q4;13;58;149;2268;42;144;0,24;39,10;43,33;0;Brazil;Latin America;"Associacao Nacional de Historia";"1999, 2001, 2007-2025";"History (Q2); Cultural Studies (Q3); Geography, Planning and Development (Q4); Sociology and Political Science (Q4)";"Arts and Humanities; Social Sciences"
709;21100201540;"Economia Agraria y Recursos Naturales";journal;"15780732, 21747350";"Universidad Politecnica de Valencia";Yes;Yes;0,136;Q4;16;12;37;804;16;37;0,36;67,00;35,29;0;Spain;Western Europe;"Universidad Politecnica de Valencia";"2001, 2004, 2011-2025";"Agricultural and Biological Sciences (miscellaneous) (Q4); Environmental Science (miscellaneous) (Q4); Geography, Planning and Development (Q4)";"Agricultural and Biological Sciences; Environmental Science; Social Sciences"
710;26853;"Middle East Journal";journal;"19403461, 00263141";"Middle East Institute";No;No;0,135;Q4;51;18;73;465;21;54;0,22;25,83;23,53;0;United States;Northern America;"Middle East Institute";"1976, 1979-1980, 1983-1986, 1996-2026";"Geography, Planning and Development (Q4); Sociology and Political Science (Q4)";"Social Sciences"
711;17300154814;"Worldviews: Environment, Culture, Religion";journal;"13635247, 15685357";"Brill Academic Publishers";No;No;0,135;Q4;22;5;48;220;13;43;0,22;44,00;33,33;0;Netherlands;Western Europe;"Brill Academic Publishers";"1997-2025";"Religious Studies (Q2); Cultural Studies (Q3); Philosophy (Q3); Ecology (Q4); Geography, Planning and Development (Q4); Management, Monitoring, Policy and Law (Q4)";"Arts and Humanities; Environmental Science; Social Sciences"
712;21100229170;"Revista Portuguesa de Estudos Regionais";journal;"1645586X";"APEQ - Associacao Portuguesa para o Estudo do Quaternario";Yes;Yes;0,134;Q4;10;37;94;1709;25;91;0,18;46,19;40,86;0;Portugal;Western Europe;"APEQ - Associacao Portuguesa para o Estudo do Quaternario";"2012-2025";"Geography, Planning and Development (Q4); Sociology and Political Science (Q4); Urban Studies (Q4)";"Social Sciences"
713;21101122745;"Journal of Applied Bioanalysis (discontinued)";journal;"2405710X";"";Yes;No;0,134;-;6;3;23;71;12;17;0,40;23,67;60,00;0;India;Asiatic Region;"";"2017, 2019-2025";"Analytical Chemistry (Q4); Chemistry (miscellaneous) (Q4)";"Chemistry"
714;91066;"APA Planning Advisory Service Reports";journal;"01608266";"American Planning Association";No;No;0,133;Q4;9;0;1;0;0;1;0,00;0,00;0,00;0;United States;Northern America;"American Planning Association";"1987-2017, 2020";"Geography, Planning and Development (Q4)";"Social Sciences"
715;23370;"Journal of Environmental Law and Litigation";journal;"10490280";"University of Oregon";No;No;0,133;Q4;14;8;19;1015;9;18;0,50;126,88;50,00;0;United States;Northern America;"University of Oregon";"1996-2021, 2023-2025";"Law (Q3); Geography, Planning and Development (Q4); Management, Monitoring, Policy and Law (Q4)";"Environmental Science; Social Sciences"
716;21100201988;"Journal of Tourism History";journal;"17551838, 1755182X";"Taylor and Francis Ltd.";No;No;0,133;Q4;16;18;42;0;13;38;0,42;0,00;23,81;0;United Kingdom;Western Europe;"Taylor and Francis Ltd.";"2009-2026";"History (Q2); Cultural Studies (Q3); Geography, Planning and Development (Q4); Tourism, Leisure and Hospitality Management (Q4); Transportation (Q4)";"Arts and Humanities; Business, Management and Accounting; Social Sciences"
717;29215;"Transactions of the Institute of Indian Geographers";journal;"09709851";"Institute of Indian Geographers";No;No;0,133;Q4;8;24;65;636;15;65;0,24;26,50;26,19;0;India;Asiatic Region;"Institute of Indian Geographers";"1980-2025";"Geography, Planning and Development (Q4); Ocean Engineering (Q4); Water Science and Technology (Q4)";"Engineering; Environmental Science; Social Sciences"
718;12431;"Prace i Studia Geograficzne";journal;"25437313, 02084589";"Sciendo";Yes;No;0,132;Q4;13;18;99;842;23;96;0,26;46,78;58,06;0;Poland;Eastern Europe;"Sciendo";"1979, 1983-1985, 1988, 1992, 1994-2005, 2008-2025";"Cultural Studies (Q3); Earth and Planetary Sciences (miscellaneous) (Q4); Geography, Planning and Development (Q4); Sociology and Political Science (Q4); Tourism, Leisure and Hospitality Management (Q4); Urban Studies (Q4)";"Business, Management and Accounting; Earth and Planetary Sciences; Social Sciences"
719;7200153148;"Revista Brasileira de Gestao e Desenvolvimento Regional";journal;"1809239X";"Universidade de Taubate";Yes;No;0,132;Q4;10;61;161;2294;46;149;0,24;37,61;37,11;0;Brazil;Latin America;"Universidade de Taubate";"2007-2026";"Environmental Science (miscellaneous) (Q4); Geography, Planning and Development (Q4); Sociology and Political Science (Q4); Urban Studies (Q4)";"Environmental Science; Social Sciences"
720;21100207607;"International Journal of Applied Geospatial Research";journal;"19479662, 19479654";"IGI Global Publishing";No;No;0,131;Q4;15;8;40;400;15;40;0,38;50,00;31,58;0;United States;Northern America;"IGI Global Publishing";"2010-2025";"Earth and Planetary Sciences (miscellaneous) (Q4); Geography, Planning and Development (Q4)";"Earth and Planetary Sciences; Social Sciences"
721;7200153147;"Territoire en Mouvement";journal;"19505698, 19544863";"Universite des Sciences et Technologiques de Lille";Yes;Yes;0,131;Q4;9;26;78;662;11;73;0,12;25,46;59,52;0;France;Western Europe;"Universite des Sciences et Technologiques de Lille";"2006-2008, 2011-2025";"Geography, Planning and Development (Q4); Urban Studies (Q4)";"Social Sciences"
722;21100886374;"Alam Cipta";journal;"18237231, 22893687";"Universiti Putra Malaysia Press";No;No;0,130;Q4;8;20;65;700;18;60;0,21;35,00;45,65;0;Malaysia;Asiatic Region;"Universiti Putra Malaysia Press";"2018-2025";"Geography, Planning and Development (Q4); Management, Monitoring, Policy and Law (Q4); Nature and Landscape Conservation (Q4); Urban Studies (Q4)";"Environmental Science; Social Sciences"
723;21101176024;"GeoFocus";journal;"15785157";"";Yes;Yes;0,129;Q4;4;13;43;632;11;39;0,26;48,62;22,86;0;Spain;Western Europe;"";"2019-2025";"Environmental Engineering (Q4); Geography, Planning and Development (Q4); Nature and Landscape Conservation (Q4)";"Environmental Science; Social Sciences"
724;21100449118;"International Journal of Islamic Architecture";journal;"20455895, 20455909";"Intellect Ltd.";No;No;0,129;Q4;10;17;61;507;15;58;0,24;29,82;88,24;1;United Kingdom;Western Europe;"Intellect Ltd.";"2012-2026";"Visual Arts and Performing Arts (Q2); Architecture (Q3); Geography, Planning and Development (Q4); Urban Studies (Q4)";"Arts and Humanities; Engineering; Social Sciences"
725;22932;"Pakistan Development Review";journal;"00309729";"Pakistan Institute of Development Economics";No;No;0,129;Q4;38;37;93;1380;32;85;0,10;37,30;29,09;0;Pakistan;Asiatic Region;"Pakistan Institute of Development Economics";"1964, 1966, 1969, 1973-2012, 2014-2025";"Development (Q4); Geography, Planning and Development (Q4)";"Social Sciences"
726;21100206248;"Territorio";journal;"18258689, 22396330";"FrancoAngeli";No;No;0,129;Q4;14;79;288;2746;49;278;0,16;34,76;54,40;0;Italy;Western Europe;"FrancoAngeli";"2012-2024";"Visual Arts and Performing Arts (Q2); Geography, Planning and Development (Q4); Urban Studies (Q4)";"Arts and Humanities; Social Sciences"
727;28656;"Geografski Vestnik";journal;"1580335X, 03503895";"Zveza geografov Slovenije";No;No;0,127;Q4;14;10;38;623;15;37;0,29;62,30;28,00;0;Slovenia;Eastern Europe;"Zveza geografov Slovenije";"1992-2024";"Earth-Surface Processes (Q4); Geography, Planning and Development (Q4)";"Earth and Planetary Sciences; Social Sciences"
728;21100943503;"Sustainable Mediterranean Construction";journal;"24208213, 23851546";"Luciano Editore";Yes;No;0,127;Q4;5;21;194;458;36;182;0,20;21,81;35,71;0;Italy;Western Europe;"Luciano Editore";"2000, 2019-2025";"Architecture (Q3); Conservation (Q3); Building and Construction (Q4); Geography, Planning and Development (Q4); Nature and Landscape Conservation (Q4); Urban Studies (Q4)";"Arts and Humanities; Engineering; Environmental Science; Social Sciences"
729;21101032112;"Vestnik Sankt-Peterburgskogo Universiteta Vostokovedenie i Afrikanistika";journal;"25875892, 20741227";"Saint Petersburg State University";No;No;0,127;Q4;3;48;121;1315;18;121;0,15;27,40;51,61;0;Russian Federation;Eastern Europe;"Saint Petersburg State University";"2019-2025";"Literature and Literary Theory (Q2); History (Q3); Linguistics and Language (Q3); Geography, Planning and Development (Q4); Political Science and International Relations (Q4)";"Arts and Humanities; Social Sciences"
730;12570;"BELGEO";journal;"13772368, 22949135";"Societe Royale Belge de Geographie";Yes;Yes;0,125;Q4;20;28;106;1144;51;101;0,30;40,86;30,95;1;Belgium;Western Europe;"Societe Royale Belge de Geographie";"2002-2026";"Earth-Surface Processes (Q4); Geography, Planning and Development (Q4)";"Earth and Planetary Sciences; Social Sciences"
731;21100920053;"Spool";journal;"22150900, 22150897";"TU Delft";Yes;Yes;0,125;Q4;4;9;66;178;18;57;0,30;19,78;47,37;0;Netherlands;Western Europe;"TU Delft";"2019-2025";"Architecture (Q3); Geography, Planning and Development (Q4); Renewable Energy, Sustainability and the Environment (Q4); Urban Studies (Q4)";"Energy; Engineering; Social Sciences"
732;28609;"Geodezia es Kartografia";journal;"00167118";"Hungarian Society of Surveying, Mapping and Remote sensing";No;No;0,124;Q4;8;24;84;199;8;74;0,12;8,29;21,74;0;Hungary;Eastern Europe;"Hungarian Society of Surveying, Mapping and Remote sensing";"1979-1981, 1988-1989, 1991-1992, 1995-2025";"Computers in Earth Sciences (Q4); Earth-Surface Processes (Q4); Geography, Planning and Development (Q4); Geophysics (Q4)";"Earth and Planetary Sciences; Social Sciences"
733;21100386857;"Landscapes (United Kingdom)";journal;"14662035, 20408153";"Maney Publishing";No;No;0,123;Q4;9;11;19;268;9;18;0,36;24,36;44,44;0;United Kingdom;Western Europe;"Maney Publishing";"2002-2026";"Archeology (Q3); Archeology (arts and humanities) (Q3); History (Q3); Geography, Planning and Development (Q4); Nature and Landscape Conservation (Q4)";"Arts and Humanities; Environmental Science; Social Sciences"
734;12569;"Revista Geografica de Chile Terra Australis";journal;"07199562, 03788482";"Universidad Bernardo O'Higgins";No;Yes;0,123;Q4;4;19;52;385;15;48;0,34;20,26;24,14;0;Chile;Latin America;"Universidad Bernardo O'Higgins";"1983-1984, 1986-1987, 1989-1990, 2003, 2007, 2019-2025";"Earth and Planetary Sciences (miscellaneous) (Q4); Geography, Planning and Development (Q4)";"Earth and Planetary Sciences; Social Sciences"
735;21100899299;"VLC Arquitectura";journal;"23413050, 23412747";"Universidad Politecnica de Valencia";Yes;Yes;0,123;Q4;4;25;53;1017;15;52;0,36;40,68;48,48;0;Spain;Western Europe;"Universidad Politecnica de Valencia";"2018-2025";"Visual Arts and Performing Arts (Q2); Architecture (Q3); History (Q3); Geography, Planning and Development (Q4); Urban Studies (Q4)";"Arts and Humanities; Engineering; Social Sciences"
736;21100932723;"Documenti Geografici";journal;"22817549";"Universita degli Studi di Roma Tor Vergata";Yes;No;0,120;Q4;6;98;223;2563;30;222;0,08;26,15;50,41;0;Italy;Western Europe;"Universita degli Studi di Roma Tor Vergata";"2019-2025";"History (Q3); Economics, Econometrics and Finance (miscellaneous) (Q4); Geography, Planning and Development (Q4)";"Arts and Humanities; Economics, Econometrics and Finance; Social Sciences"
737;21100790721;"Italian Journal of Planning Practice";journal;"2239267X";"University of Rome La Sapienza";Yes;Yes;0,120;Q4;10;5;14;232;5;14;0,30;46,40;36,36;0;Italy;Western Europe;"University of Rome La Sapienza";"2011-2025";"Architecture (Q4); Geography, Planning and Development (Q4); Urban Studies (Q4)";"Engineering; Social Sciences"
738;29932;"Mitteilungen der Osterreichischen Geographischen Gesellschaft";journal;"00299138";"Austrian Geographical Society";No;No;0,120;Q4;13;21;73;808;20;73;0,24;38,48;41,18;0;Austria;Western Europe;"Austrian Geographical Society";"1978-2008, 2011-2018, 2020-2024";"Earth-Surface Processes (Q4); Geography, Planning and Development (Q4)";"Earth and Planetary Sciences; Social Sciences"
739;13098;"BSGLg";journal;"07707576, 25070711";"Societe Geographique de Liege";Yes;Yes;0,119;Q4;8;13;74;458;14;73;0,20;35,23;10,71;0;Belgium;Western Europe;"Societe Geographique de Liege";"1979, 1981-1986, 1988-1994, 2012-2025";"Earth and Planetary Sciences (miscellaneous) (Q4); Geography, Planning and Development (Q4)";"Earth and Planetary Sciences; Social Sciences"
740;33154;"Journal of Architectural and Planning Research";journal;"07380895";"Locke Science Publishing Company Inc.";No;No;0,119;Q4;36;0;6;0;1;6;0,17;0,00;0,00;0;United States;Northern America;"Locke Science Publishing Company Inc.";"1984-2019, 2022";"Architecture (Q4); Environmental Science (miscellaneous) (Q4); Geography, Planning and Development (Q4); Urban Studies (Q4)";"Engineering; Environmental Science; Social Sciences"
741;31602;"Working Paper of the Helen Kellogg Institute for International Studies";journal;"-";"Helen Kellogg Institute";No;No;0,119;Q4;10;0;17;0;1;17;0,11;0,00;0,00;0;United States;Northern America;"Helen Kellogg Institute";"1987-2022, 2024";"Development (Q4); Geography, Planning and Development (Q4)";"Social Sciences"
742;21474;"Early Medieval Europe";journal;"09639462, 14680254";"Wiley-Blackwell Publishing Ltd";No;No;0,118;Q4;35;24;67;0;57;64;0,76;0,00;24,00;0;United Kingdom;Western Europe;"Wiley-Blackwell Publishing Ltd";"1992-2003, 2005-2026";"Arts and Humanities (miscellaneous) (Q3); History (Q3); Geography, Planning and Development (Q4)";"Arts and Humanities; Social Sciences"
743;19700186953;"Enterprise Development and Microfinance";journal;"17551978, 17551986";"Practical Action Publishing";No;No;0,118;Q4;22;0;68;0;16;57;0,17;0,00;0,00;0;United Kingdom;Western Europe;"Practical Action Publishing";"2007-2022, 2024-2025";"Development (Q4); Geography, Planning and Development (Q4)";"Social Sciences"
744;6000195384;"gis.Science - Die Zeitschrift fur Geoinformatik";journal;"26984571, 18699391";"V D E Verlag GmbH";No;No;0,118;Q4;7;23;65;469;16;46;0,29;20,39;24,32;0;Germany;Western Europe;"V D E Verlag GmbH";"2006-2009, 2011-2025";"Geography, Planning and Development (Q4); Information Systems (Q4)";"Computer Science; Social Sciences"
745;24268;"Korean Studies";journal;"0145840X, 15291529";"University of Hawaii Press";No;No;0,118;Q4;7;16;31;706;13;28;0,36;44,13;28,57;0;United States;Northern America;"University of Hawaii Press";"1991-1998, 2017-2025";"Literature and Literary Theory (Q2); Visual Arts and Performing Arts (Q2); Arts and Humanities (miscellaneous) (Q3); Cultural Studies (Q3); History (Q3); Anthropology (Q4); Geography, Planning and Development (Q4); Social Sciences (miscellaneous) (Q4); Sociology and Political Science (Q4)";"Arts and Humanities; Social Sciences"
746;69279;"Geography Research Forum";journal;"03335275, 24148725";"Ben Gurion University of the Negev";No;No;0,117;Q4;17;0;25;0;4;23;0,13;0,00;0,00;0;Israel;Middle East;"Ben Gurion University of the Negev";"1990-1993, 1995-2013, 2015-2016, 2019-2020, 2022, 2024-2025";"Earth-Surface Processes (Q4); Geography, Planning and Development (Q4)";"Earth and Planetary Sciences; Social Sciences"
747;21280;"London Journal";journal;"17496322, 03058034";"Maney Publishing";No;No;0,117;Q4;18;13;49;0;14;46;0,33;0,00;46,67;1;United Kingdom;Western Europe;"Maney Publishing";"1975-1987, 1989-2026";"Geography, Planning and Development (Q4); Urban Studies (Q4)";"Social Sciences"
748;21100230900;"Mediterranee";journal;"00258296, 17608538";"Presses Universitaires de Provence";No;No;0,117;Q4;13;0;43;0;6;40;0,09;0,00;0,00;0;France;Western Europe;"Presses Universitaires de Provence";"2011, 2013-2018, 2020-2022, 2025";"Earth and Planetary Sciences (miscellaneous) (Q4); Geography, Planning and Development (Q4); Urban Studies (Q4)";"Earth and Planetary Sciences; Social Sciences"
749;144784;"International Journal of Water";journal;"17415322, 14656620";"Inderscience Enterprises Ltd";No;No;0,116;Q4;20;5;24;196;5;24;0,05;39,20;16,67;0;United Kingdom;Western Europe;"Inderscience Enterprises Ltd";"2000-2005, 2007-2025";"Geography, Planning and Development (Q4); Management, Monitoring, Policy and Law (Q4); Water Science and Technology (Q4)";"Environmental Science; Social Sciences"
750;16841;"Podravina";journal;"13335286";"Hrvatski Zemljopis";No;No;0,116;Q4;8;16;66;368;14;65;0,19;23,00;50,00;0;Croatia;Eastern Europe;"Hrvatski Zemljopis";"2003-2025";"Geography, Planning and Development (Q4)";"Social Sciences"
751;21101064976;"Acta Universitatis Carolinae Studia Territorialia";journal;"12134449, 23363231";"Karolinum - Nakladatelstvi Univerzity Karlovy";Yes;Yes;0,115;Q4;3;9;18;586;2;14;0,11;65,11;75,00;0;Czech Republic;Eastern Europe;"Karolinum - Nakladatelstvi Univerzity Karlovy";"2019, 2021-2025";"Cultural Studies (Q3); History (Q3); Geography, Planning and Development (Q4); Political Science and International Relations (Q4); Sociology and Political Science (Q4)";"Arts and Humanities; Social Sciences"
752;28693;"Geographical Bulletin - Gamma Theta Upsilon";journal;"07313292";"";No;No;0,115;Q4;12;0;55;0;8;36;0,14;0,00;0,00;0;United States;Northern America;"";"1988-2006, 2008-2022, 2024";"Earth and Planetary Sciences (miscellaneous) (Q4); Geography, Planning and Development (Q4)";"Earth and Planetary Sciences; Social Sciences"
753;14660;"Plan Canada";journal;"00320544";"Canadian Institute of Planners";No;No;0,115;Q4;10;0;60;0;3;50;0,05;0,00;0,00;0;Canada;Northern America;"Canadian Institute of Planners";"1981-1987, 1996-2012, 2021-2022";"Geography, Planning and Development (Q4)";"Social Sciences"
754;73467;"RA'E GA - O Espaco Geografico em Analise";journal;"21772738, 15164136";"Universidade Federal do Parana";Yes;Yes;0,114;Q4;12;27;94;950;20;85;0,27;35,19;34,92;1;Brazil;Latin America;"Universidade Federal do Parana";"2002-2006, 2008-2025";"Geography, Planning and Development (Q4)";"Social Sciences"
755;79134;"Histoire et Societes Rurales";journal;"1254728X, 1950666X";"Association d'Histoire des Societes Rurales";No;No;0,113;Q4;9;7;27;215;2;26;0,00;30,71;57,14;0;France;Western Europe;"Association d'Histoire des Societes Rurales";"1995, 1999, 2001-2020, 2022-2024";"Cultural Studies (Q3); History (Q3); Anthropology (Q4); Geography, Planning and Development (Q4)";"Arts and Humanities; Social Sciences"
756;21101066733;"Yillik: Annual of Istanbul Studies";journal;"26875012, 26875691";"Istanbul Research Institute";No;No;0,113;Q4;5;12;42;454;14;40;0,28;37,83;54,55;0;Turkey;Middle East;"Istanbul Research Institute";"2019-2025";"Archeology (arts and humanities) (Q3); History (Q3); Visual Arts and Performing Arts (Q3); Anthropology (Q4); Arts and Humanities (miscellaneous) (Q4); Geography, Planning and Development (Q4); Social Sciences (miscellaneous) (Q4); Urban Studies (Q4)";"Arts and Humanities; Social Sciences"
757;21101021441;"European Journal of American Studies";journal;"19919336";"";Yes;Yes;0,112;Q4;6;57;115;2206;18;113;0,15;38,70;47,17;0;France;Western Europe;"";"2018-2025";"Cultural Studies (Q3); History (Q3); Literature and Literary Theory (Q3); Geography, Planning and Development (Q4); Social Sciences (miscellaneous) (Q4); Sociology and Political Science (Q4)";"Arts and Humanities; Social Sciences"
758;21100225849;"Geo-Eco-Marina";journal;"12246808, 22482776";"National Research and Development Institute for Marine Geology and Geoecology";Yes;No;0,112;Q4;13;6;40;173;7;40;0,22;28,83;45,00;0;Romania;Eastern Europe;"National Research and Development Institute for Marine Geology and Geoecology";"2011-2024";"Aquatic Science (Q4); Earth and Planetary Sciences (miscellaneous) (Q4); Ecology (Q4); Ecology, Evolution, Behavior and Systematics (Q4); Geography, Planning and Development (Q4)";"Agricultural and Biological Sciences; Earth and Planetary Sciences; Environmental Science; Social Sciences"
759;51712;"Bogazici Journal";journal;"2717896X, 13009583";"Bogazici Universitesi";No;No;0,111;Q4;8;12;21;542;5;21;0,27;45,17;4,55;0;Turkey;Middle East;"Bogazici Universitesi";"1993-1995, 2005-2023";"Geography, Planning and Development (Q4); Social Sciences (miscellaneous) (Q4)";"Social Sciences"
760;22413;"Northern Scotland";journal;"03065278, 20422717";"Edinburgh University Press";No;No;0,111;Q4;10;11;29;809;3;27;0,06;73,55;40,00;0;United Kingdom;Western Europe;"Edinburgh University Press";"1979, 1981, 1996-2004, 2007, 2010-2025";"History (Q3); Anthropology (Q4); Cultural Studies (Q4); Economics, Econometrics and Finance (miscellaneous) (Q4); Geography, Planning and Development (Q4); Sociology and Political Science (Q4)";"Arts and Humanities; Economics, Econometrics and Finance; Social Sciences"
761;21101043578;"Transmodernity";journal;"21541361";"University of California, Merced";Yes;Yes;0,111;Q4;6;22;62;637;9;55;0,14;28,95;33,33;0;United States;Northern America;"University of California, Merced";"2018-2026";"Literature and Literary Theory (Q3); Anthropology (Q4); Cultural Studies (Q4); Geography, Planning and Development (Q4); Social Sciences (miscellaneous) (Q4)";"Arts and Humanities; Social Sciences"
762;4100151601;"Arab World Geographer";journal;"14806800";"University of Akron";No;No;0,110;Q4;14;25;59;787;8;59;0,16;31,48;20,75;0;United States;Northern America;"University of Akron";"2001, 2005-2014, 2016-2025";"Earth-Surface Processes (Q4); Geography, Planning and Development (Q4)";"Earth and Planetary Sciences; Social Sciences"
763;21100902912;"European Yearbook of Minority Issues";journal;"15707865, 22116117";"Brill Academic Publishers";No;No;0,110;Q4;14;26;47;1702;7;44;0,08;65,46;66,67;0;Netherlands;Western Europe;"Brill Academic Publishers";"2001, 2003-2005, 2008, 2010-2024";"Anthropology (Q4); Cultural Studies (Q4); Geography, Planning and Development (Q4); Law (Q4); Sociology and Political Science (Q4)";"Social Sciences"
764;29128;"Historical Geography";journal;"10916458, 23317523";"University of Nebraska Press";No;No;0,109;Q4;21;3;13;66;0;10;0,00;22,00;0,00;0;United States;Northern America;"University of Nebraska Press";"1995, 1997-2003, 2005-2012, 2017-2023";"History (Q3); Arts and Humanities (miscellaneous) (Q4); Geography, Planning and Development (Q4)";"Arts and Humanities; Social Sciences"
765;21100890940;"Rural China";journal;"22136746, 22136738";"Brill Academic Publishers";No;No;0,107;Q4;9;13;38;235;4;38;0,04;18,08;50,00;0;Netherlands;Western Europe;"Brill Academic Publishers";"2013-2025";"History (Q3); Anthropology (Q4); Cultural Studies (Q4); Geography, Planning and Development (Q4)";"Arts and Humanities; Social Sciences"
766;21100842861;"International Journal of Agricultural Management";journal;"20473710";"Institute of Agricultural Management";Yes;No;0,106;Q4;8;0;22;0;3;22;0,00;0,00;0,00;0;United Kingdom;Western Europe;"Institute of Agricultural Management";"2017-2020";"Agricultural and Biological Sciences (miscellaneous) (Q4); Business, Management and Accounting (miscellaneous) (Q4); Economics and Econometrics (Q4); Geography, Planning and Development (Q4); Management, Monitoring, Policy and Law (Q4)";"Agricultural and Biological Sciences; Business, Management and Accounting; Economics, Econometrics and Finance; Environmental Science; Social Sciences"
767;12281;"Journal of Social Development in Africa";journal;"10121080";"School of Social Work";No;No;0,106;Q4;16;11;25;387;2;22;0,05;35,18;40,00;0;Zimbabwe;Africa;"School of Social Work";"1986-2018, 2020-2025";"Development (Q4); Geography, Planning and Development (Q4)";"Social Sciences"
768;5600152983;"Orient";journal;"00305227";"GIGA German Institute of Global and Area Studies";No;No;0,106;Q4;8;33;81;597;1;75;0,02;18,09;18,75;0;Germany;Western Europe;"GIGA German Institute of Global and Area Studies";"1982, 1990-2006, 2008-2024";"Development (Q4); Geography, Planning and Development (Q4)";"Social Sciences"
769;14645;"Planning Advisory Service Memo";journal;"21691908, 10407340";"American Planning Association";No;No;0,106;Q4;4;6;5;125;1;5;0,20;20,83;66,67;0;United States;Northern America;"American Planning Association";"1989-1990, 1992-2018, 2022-2025";"Geography, Planning and Development (Q4)";"Social Sciences"
770;21101107571;"Anales de Investigacion en Arquitectura";journal;"23011505, 23011513";"Universidad ORT Uruguay";Yes;Yes;0,105;Q4;3;18;59;465;5;53;0,07;25,83;33,33;0;Uruguay;Latin America;"Universidad ORT Uruguay";"2019-2026";"Architecture (Q4); Geography, Planning and Development (Q4); Urban Studies (Q4)";"Engineering; Social Sciences"
771;28170;"Florida Geographer";journal;"07390041";"Florida State University";No;No;0,105;Q4;5;10;8;117;0;7;0,00;11,70;18,18;0;United States;Northern America;"Florida State University";"1983-1992, 1996-2018, 2021, 2023-2024";"Earth-Surface Processes (Q4); Geography, Planning and Development (Q4)";"Earth and Planetary Sciences; Social Sciences"
772;30588;"Cahiers de Geographie du Quebec";journal;"00079766, 17088968";"Consortium Erudit";No;No;0,104;Q4;14;0;61;0;3;59;0,00;0,00;0,00;0;Canada;Northern America;"Consortium Erudit";"1978-2022";"Geography, Planning and Development (Q4)";"Social Sciences"
773;18736;"Cuadernos del Cendes";journal;"10122508";"Universidad Central de Venezuela";Yes;No;0,104;Q4;9;23;77;426;5;67;0,03;18,52;62,50;0;Venezuela;Latin America;"Universidad Central de Venezuela";"1989-1991, 2008-2023";"Geography, Planning and Development (Q4); Political Science and International Relations (Q4); Sociology and Political Science (Q4)";"Social Sciences"
774;21101034122;"Espaces et Societes";journal;"00140481, 19618700";"ERES";No;No;0,104;Q4;4;37;85;760;14;78;0,17;20,54;50,00;1;France;Western Europe;"ERES";"1991, 2019-2024";"Demography (Q4); Geography, Planning and Development (Q4); Social Sciences (miscellaneous) (Q4); Urban Studies (Q4)";"Social Sciences"
775;17600155119;"Histoire Urbaine";journal;"16280482";"Societe Francaise d'Histoire Urbaine";Yes;No;0,104;Q4;10;40;84;1345;8;74;0,11;33,63;33,33;0;France;Western Europe;"Societe Francaise d'Histoire Urbaine";"2000-2024";"Geography, Planning and Development (Q4); History (Q4); Urban Studies (Q4)";"Arts and Humanities; Social Sciences"
776;29988;"Pennsylvania Geographer";journal;"05535980";"Pennsylvania Geographical Society";No;No;0,104;Q4;6;7;27;162;3;22;0,12;23,14;62,96;0;United States;Northern America;"Pennsylvania Geographical Society";"1979-2024";"Earth and Planetary Sciences (miscellaneous) (Q4); Geography, Planning and Development (Q4)";"Earth and Planetary Sciences; Social Sciences"
777;21101089622;"Agri Centuriati";journal;"18251277, 1724904X";"Fabrizio Serra Editore Srl";No;No;0,103;Q4;2;7;17;471;1;17;0,00;67,29;33,33;0;Italy;Western Europe;"Fabrizio Serra Editore Srl";"2019-2025";"Archeology (Q4); Earth and Planetary Sciences (miscellaneous) (Q4); Geography, Planning and Development (Q4)";"Earth and Planetary Sciences; Social Sciences"
778;26510;"Japanese Journal of Southeast Asian Studies";journal;"24241377, 05638682";"Center for Southeast Asian Studies";Yes;No;0,103;Q4;21;4;27;83;4;27;0,12;20,75;0,00;0;Japan;Asiatic Region;"Center for Southeast Asian Studies";"1978-2010, 2012-2026";"Development (Q4); Geography, Planning and Development (Q4); Political Science and International Relations (Q4)";"Social Sciences"
779;19700169801;"Bulletin de Liaison des Membres de la Societe de Geographie";journal;"19648995";"Societe de Geographie";No;No;0,102;Q4;1;35;22;28;0;15;0,00;0,80;16,67;0;France;Western Europe;"Societe de Geographie";"2008-2025";"Earth-Surface Processes (Q4); Geography, Planning and Development (Q4)";"Earth and Planetary Sciences; Social Sciences"
780;25377;"Working Paper - Chr. Michelsen Institute";journal;"08043639";"Chr. Michelsen Institute";No;No;0,102;Q4;7;2;16;71;0;15;0,00;35,50;50,00;0;Norway;Western Europe;"Chr. Michelsen Institute";"1980, 1990-2023, 2025";"Development (Q4); Geography, Planning and Development (Q4)";"Social Sciences"
781;21101171884;"Astragalo";journal;"11343672, 24690503";"Universidad de Sevilla";Yes;Yes;0,101;Q4;3;54;54;1463;1;49;0,00;27,09;62,26;0;Spain;Western Europe;"Universidad de Sevilla";"2019-2025";"Architecture (Q4); Geography, Planning and Development (Q4); History (Q4); Philosophy (Q4); Urban Studies (Q4); Visual Arts and Performing Arts (Q4)";"Arts and Humanities; Engineering; Social Sciences"
782;15802;"Environmental Law and Management";journal;"10676058";"Lawtext Publishing Ltd.";No;No;0,101;Q4;10;0;41;0;0;24;0,00;0,00;0,00;0;United Kingdom;Western Europe;"Lawtext Publishing Ltd.";"1993-2022";"Geography, Planning and Development (Q4); Management, Monitoring, Policy and Law (Q4)";"Environmental Science; Social Sciences"
783;28655;"Geografski Obzornik";journal;"00167274";"Mojca Dolgan Petric University of Ljubljana";No;No;0,101;Q4;6;12;34;324;0;34;0,00;27,00;50,00;0;Slovenia;Eastern Europe;"Mojca Dolgan Petric University of Ljubljana";"1993-2025";"Earth-Surface Processes (Q4); Geography, Planning and Development (Q4)";"Earth and Planetary Sciences; Social Sciences"
784;21101044944;"Journal of Austrian-American History";journal;"24750913, 24750905";"Penn State University Press";Yes;Yes;0,101;Q4;3;18;29;712;7;25;0,18;39,56;47,62;1;United States;Northern America;"Penn State University Press";"2017-2025";"Cultural Studies (Q4); Geography, Planning and Development (Q4); History (Q4); Political Science and International Relations (Q4); Sociology and Political Science (Q4)";"Arts and Humanities; Social Sciences"
785;5200152823;"Journal of Punjab Studies";journal;"09715223";"University of California, Los Angeles";No;No;0,101;Q4;4;14;44;650;4;43;0,07;46,43;42,86;0;United States;Northern America;"University of California, Los Angeles";"1999, 2001-2002, 2016-2023, 2025";"Cultural Studies (Q4); Development (Q4); Geography, Planning and Development (Q4); History (Q4); Political Science and International Relations (Q4)";"Arts and Humanities; Social Sciences"
786;39166;"Local Population Studies";journal;"01432974";"Local Population Studies Society";No;No;0,101;Q4;11;12;40;73;1;31;0,04;6,08;25,00;0;United Kingdom;Western Europe;"Local Population Studies Society";"1969, 1972, 1974, 1976-2024";"Arts and Humanities (miscellaneous) (Q4); Demography (Q4); Geography, Planning and Development (Q4)";"Arts and Humanities; Social Sciences"
787;4700153601;"Mapping and Image Science";journal;"16518705";"Swedish Cartographic Society";No;No;0,101;Q4;5;5;70;0;0;47;0,00;0,00;62,50;0;Sweden;Western Europe;"Swedish Cartographic Society";"2005-2006, 2009-2025";"Earth-Surface Processes (Q4); Geography, Planning and Development (Q4)";"Earth and Planetary Sciences; Social Sciences"
788;3200147827;"National Interest";journal;"08849382";"National Interest";No;No;0,101;Q4;19;0;46;0;2;41;0,00;0,00;0,00;0;United States;Northern America;"National Interest";"2004-2021";"Geography, Planning and Development (Q4); Political Science and International Relations (Q4)";"Social Sciences"
789;6500153249;"PIDE Working Papers";journal;"00788228";"Pakistan Institute of Development Economics";No;No;0,101;Q4;8;66;26;659;0;23;0,00;9,98;29,41;0;Pakistan;Asiatic Region;"Pakistan Institute of Development Economics";"2000-2001, 2003, 2005-2025";"Development (Q4); Geography, Planning and Development (Q4)";"Social Sciences"
790;14661;"Planning";journal;"00012610";"American Planning Association";No;No;0,101;Q4;13;39;222;0;4;119;0,01;0,00;29,41;0;United States;Northern America;"American Planning Association";"1979-1982, 1984, 1998-2025";"Geography, Planning and Development (Q4)";"Social Sciences"
791;21100902868;"Punjab Geographer";journal;"09733485";"Institute For Spatial Planning And Environment Research";No;No;0,101;Q4;3;7;38;110;1;27;0,00;15,71;40,00;0;India;Asiatic Region;"Institute For Spatial Planning And Environment Research";"2018-2025";"Geography, Planning and Development (Q4); Sociology and Political Science (Q4)";"Social Sciences"
792;21101021924;"Translocal Chinese: East Asian Perspectives";journal;"24522007, 24522015";"Brill Academic Publishers";No;No;0,101;Q4;4;4;49;134;3;41;0,07;33,50;0,00;0;Netherlands;Western Europe;"Brill Academic Publishers";"2016-2025";"Anthropology (Q4); Cultural Studies (Q4); Geography, Planning and Development (Q4); History (Q4); Sociology and Political Science (Q4)";"Arts and Humanities; Social Sciences"
793;21100236216;"Forum Stadt";journal;"01709364";"BAG - Verlag";No;No;0,100;Q4;3;32;87;488;3;77;0,02;15,25;47,37;0;Germany;Western Europe;"BAG - Verlag";"2011, 2013-2025";"Geography, Planning and Development (Q4); History (Q4); Urban Studies (Q4)";"Arts and Humanities; Social Sciences"
794;34725;"Geografija v Soli";journal;"13184717";"Geografija v Soli";No;No;0,100;Q4;4;21;93;413;1;79;0,02;19,67;65,22;0;Slovenia;Eastern Europe;"Geografija v Soli";"1993, 1995-1998, 2000-2014, 2016-2024";"Earth-Surface Processes (Q4); Geography, Planning and Development (Q4)";"Earth and Planetary Sciences; Social Sciences"
795;16293;"Journal of Planning and Environment Law";journal;"03074870";"Sweet &amp; Maxwell Ltd.";No;No;0,100;Q4;9;34;77;760;1;72;0,02;22,35;36,00;0;United Kingdom;Western Europe;"Sweet &amp; Maxwell Ltd.";"1970, 1979-1989, 1996-2026";"Geography, Planning and Development (Q4); Law (Q4); Management, Monitoring, Policy and Law (Q4)";"Environmental Science; Social Sciences"
796;17054;"Journal of the Malaysian Branch of the Royal Asiatic Society";journal;"21804338, 01267353";"Malaysian Branch of the Royal Asiatic Society";No;No;0,100;Q4;9;16;63;556;3;55;0,05;34,75;7,69;0;Malaysia;Asiatic Region;"Malaysian Branch of the Royal Asiatic Society";"1972-1973, 1975-1976, 1988, 2010-2025";"Cultural Studies (Q4); Geography, Planning and Development (Q4); History (Q4)";"Arts and Humanities; Social Sciences"
797;21101188796;"African Review (Tanzania)";journal;"1821889X, 08560056";"Brill Academic Publishers";No;No;;-;5;27;94;1127;28;94;0,14;41,74;22,22;0;Netherlands;Western Europe;"Brill Academic Publishers";"2020-2026";"Geography, Planning and Development; History; Political Science and International Relations; Public Administration";"Arts and Humanities; Social Sciences"
798;21101318131;"Agricultural and Rural Studies";journal;"29599784";"SCC PRESS";No;No;;-;6;18;0;756;0;0;0,00;42,00;36,36;0;Hong Kong;Asiatic Region;"SCC PRESS";"2023-2026";"Economics, Econometrics and Finance (miscellaneous); Gender Studies; Geography, Planning and Development";"Economics, Econometrics and Finance; Social Sciences"
799;21101392371;"ASEAN Journal of Education";journal;"2465437X";"Research and Development Institute Suan Dusit University";No;No;;-;1;14;14;510;1;14;0,07;36,43;57,89;0;Thailand;Asiatic Region;"Research and Development Institute Suan Dusit University";"2022-2025";"Computer Science Applications; Education; Geography, Planning and Development; Health (social science); Public Administration";"Computer Science; Social Sciences"
800;21101155447;"Budownictwo i Architektura";journal;"25443275, 18990665";"Politechnika Lubelska";Yes;Yes;;-;5;20;0;702;0;0;0,00;35,10;39,58;0;Poland;Eastern Europe;"Politechnika Lubelska";"2023-2025";"Architecture; Building and Construction; Civil and Structural Engineering; Conservation; Geography, Planning and Development";"Arts and Humanities; Engineering; Social Sciences"
801;21101305714;"Cadernos do Arquivo Municipal";journal;"21833176";"Lisbon City Council";No;No;;-;2;17;66;437;4;50;0,02;25,71;50,00;0;Portugal;Western Europe;"Lisbon City Council";"2020-2025";"Anthropology; Arts and Humanities (miscellaneous); Geography, Planning and Development; History; Urban Studies";"Arts and Humanities; Social Sciences"
802;28431;"Canadian Journal of Regional Science";journal;"19252218, 07054580";"Canadian Regional Science Association";No;No;;-;5;21;36;949;11;33;0,31;45,19;39,02;1;Canada;Northern America;"Canadian Regional Science Association";"1978, 1983, 1986, 1988, 2021-2025";"Demography; Geography, Planning and Development; Social Sciences (miscellaneous); Urban Studies";"Social Sciences"
803;21101218124;"Coastal Studies and Society";journal;"26349817";"SAGE Publications Ltd";No;No;;-;6;20;11;0;9;10;0,82;0,00;43,48;0;United Kingdom;Western Europe;"SAGE Publications Ltd";"2022-2026";"Geography, Planning and Development; Sociology and Political Science";"Social Sciences"
804;21101393930;"Demographic Review";journal;"24092274";"National Research University Higher School of Economics (HSE University)";No;No;;-;6;26;26;1000;15;26;0,58;38,46;48,48;1;Russian Federation;Eastern Europe;"National Research University Higher School of Economics (HSE University)";"2024-2025";"Demography; Geography, Planning and Development; Social Sciences (miscellaneous)";"Social Sciences"
805;21101306832;"Economic and Regional Studies / Studia Ekonomiczne i Regionalne";journal;"20833725, 2451182X";"Walter de Gruyter";Yes;No;;-;5;44;37;1120;20;37;0,54;25,45;47,22;1;Germany;Western Europe;"Walter de Gruyter";"2019, 2022-2025";"Economics, Econometrics and Finance (miscellaneous); Geography, Planning and Development; Marketing; Social Sciences (miscellaneous)";"Business, Management and Accounting; Economics, Econometrics and Finance; Social Sciences"
806;21101194987;"Environmental Research: Infrastructure and Sustainability";journal;"26344505";"Institute of Physics";Yes;No;;-;22;62;94;4154;270;91;2,87;67,00;43,32;13;United Kingdom;Western Europe;"Institute of Physics";"2021-2026";"Environmental Engineering; Environmental Science (miscellaneous); Geography, Planning and Development; Renewable Energy, Sustainability and the Environment";"Energy; Environmental Science; Social Sciences"
807;21101271729;"European Journal of Sustainable Development Research";journal;"25424742";"Modestum";No;No;;-;9;38;29;2077;41;29;1,41;54,66;18,42;3;Serbia;Eastern Europe;"Modestum";"2022-2026";"Environmental Science (miscellaneous); Geography, Planning and Development; Management, Monitoring, Policy and Law; Pollution; Renewable Energy, Sustainability and the Environment";"Energy; Environmental Science; Social Sciences"
808;21101176729;"Forum Geografi";journal;"24603945, 08520682";"Muhammadiyah University of Surakarta";Yes;No;;-;9;17;0;814;0;0;0,00;47,88;31,25;0;Indonesia;Asiatic Region;"Muhammadiyah University of Surakarta";"2023-2025";"Environmental Science (miscellaneous); Geography, Planning and Development";"Environmental Science; Social Sciences"
809;21101147343;"Geoconservation Research";journal;"25887343, 26454661";"OICC Press";Yes;Yes;;-;9;25;99;1293;59;94;0,53;51,72;33,87;0;United Kingdom;Western Europe;"OICC Press";"2019-2025";"Education; Geography, Planning and Development; Geology; Paleontology";"Earth and Planetary Sciences; Social Sciences"
810;21100675628;"Geographical Sciences";journal;"02864886, 2432096X";"Japanese Society for Geographical Sciences";No;No;;-;4;11;45;281;38;42;1,37;25,55;20,00;0;Japan;Asiatic Region;"Japanese Society for Geographical Sciences";"1982, 2019-2025";"Earth and Planetary Sciences (miscellaneous); Geography, Planning and Development";"Earth and Planetary Sciences; Social Sciences"
811;21101196048;"Geographies";journal;"26737086";"Multidisciplinary Digital Publishing Institute (MDPI)";Yes;No;;-;14;43;67;2638;111;64;1,66;61,35;27,97;0;Switzerland;Western Europe;"Multidisciplinary Digital Publishing Institute (MDPI)";"2021-2025";"Agricultural and Biological Sciences (miscellaneous); Environmental Science (miscellaneous); Geography, Planning and Development; Social Sciences (miscellaneous)";"Agricultural and Biological Sciences; Environmental Science; Social Sciences"
812;21101298327;"Global Social Challenges Journal";journal;"27523349";"Policy Press";Yes;No;;-;11;19;9;1067;18;8;2,00;56,16;54,39;0;United Kingdom;Western Europe;"Policy Press";"2022-2025";"Development; Geography, Planning and Development; Political Science and International Relations; Sociology and Political Science";"Social Sciences"
813;21101183613;"International Journal of Maps in Mathematics";journal;"26367467";"";No;No;;-;5;10;31;274;18;31;0,71;27,40;31,58;0;Turkey;Middle East;"";"2019-2025";"Applied Mathematics; Earth and Planetary Sciences (miscellaneous); Geography, Planning and Development; Geometry and Topology";"Earth and Planetary Sciences; Mathematics; Social Sciences"
814;21101267542;"Iranian Journal of Remote Sensing and GIS";journal;"25886185, 20085966";"Shahid Beheshti University";No;No;;-;3;30;81;1363;15;81;0,20;45,43;24,32;0;Iran;Middle East;"Shahid Beheshti University";"2020-2025";"Computers in Earth Sciences; Earth and Planetary Sciences (miscellaneous); Geography, Planning and Development; Instrumentation";"Earth and Planetary Sciences; Physics and Astronomy; Social Sciences"
815;21101265944;"Iraqi Journal of Architecture and Planning";journal;"26179555, 26179547";"University of Technology - Iraq";Yes;Yes;;-;3;17;31;541;2;31;0,05;31,82;40,00;0;Iraq;Middle East;"University of Technology - Iraq";"2020-2026";"Computer Graphics and Computer-Aided Design; Cultural Studies; Environmental Science (miscellaneous); Urban Studies";"Computer Science; Environmental Science; Social Sciences"
816;21101196721;"ISPRS Open Journal of Photogrammetry and Remote Sensing";journal;"26673932";"Elsevier B.V.";Yes;No;;-;18;20;24;1144;140;24;5,83;57,20;27,96;0;Netherlands;Western Europe;"Elsevier B.V.";"2021-2026";"Atomic and Molecular Physics, and Optics; Computers in Earth Sciences; Earth and Planetary Sciences (miscellaneous); Geography, Planning and Development";"Earth and Planetary Sciences; Physics and Astronomy; Social Sciences"
817;21101276716;"Izvestiya Rossiiskoi Akademii Nauk. Seriya Geograficheskaya";journal;"25875566, 26586975";"Russian Academy of Sciences";No;No;;-;16;91;227;3101;169;223;0,70;34,08;48,74;0;Russian Federation;Eastern Europe;"Russian Academy of Sciences";"2016-2025";"Cultural Studies; Earth and Planetary Sciences (miscellaneous); Environmental Science (miscellaneous); Geography, Planning and Development; Social Sciences (miscellaneous); Urban Studies";"Earth and Planetary Sciences; Environmental Science; Social Sciences"
818;21101194302;"Journal of Architectural/Planning Research and Studies";journal;"27738868";"Faculty of Architecture and Planning Thammasat University";No;No;;-;6;16;66;615;5;66;0,05;38,44;46,15;0;Thailand;Asiatic Region;"Faculty of Architecture and Planning Thammasat University";"2019-2025";"Architecture; Geography, Planning and Development";"Engineering; Social Sciences"
819;21101268974;"Journal of Disaster and Risk";journal;"26368390";"Ankara University";No;No;;-;9;85;93;3801;61;93;0,67;44,72;48,00;0;Turkey;Middle East;"Ankara University";"2020-2026";"Environmental Engineering; Geography, Planning and Development; Safety, Risk, Reliability and Quality";"Engineering; Environmental Science; Social Sciences"
820;21101291268;"Journal of Environmental Science and Sustainable Development";journal;"26556847";"School of Environmental Science, Universitas Indonesia";No;No;;-;6;26;26;1273;12;24;0,46;48,96;31,91;1;Indonesia;Asiatic Region;"School of Environmental Science, Universitas Indonesia";"2022-2025";"Cultural Studies; Earth and Planetary Sciences (miscellaneous); Environmental Science (miscellaneous); Geography, Planning and Development; Law; Management, Monitoring, Policy and Law; Religious Studies; Waste Management and Disposal";"Arts and Humanities; Earth and Planetary Sciences; Environmental Science; Social Sciences"
821;21101193867;"Journal of Finnish Studies";journal;"12066516, 28315081";"University of Illinois Press";No;No;;-;5;12;29;456;6;25;0,15;38,00;68,75;1;United States;Northern America;"University of Illinois Press";"2019-2025";"Cultural Studies; Geography, Planning and Development; History; Sociology and Political Science";"Arts and Humanities; Social Sciences"
822;21101339663;"Journal of Natural Resources";journal;"10003037";"Science Press (China)";Yes;No;;-;35;194;446;8174;1682;443;3,77;42,13;34,04;1;China;Asiatic Region;"Science Press (China)";"2021-2025";"Energy (miscellaneous); Environmental Science (miscellaneous); Geography, Planning and Development";"Energy; Environmental Science; Social Sciences"
823;21101347033;"Journal of Public Space";journal;"22069658";"City Space Architecture";Yes;No;;-;6;18;72;805;16;64;0,22;44,72;55,17;0;Italy;Western Europe;"City Space Architecture";"2021-2025";"Arts and Humanities (miscellaneous); Geography, Planning and Development; Social Sciences (miscellaneous); Urban Studies";"Arts and Humanities; Social Sciences"
824;21101185683;"Journal of Race Ethnicity and the City";journal;"26884674, 26884682";"Routledge";No;No;;-;10;8;30;562;88;24;3,10;70,25;58,82;0;United States;Northern America;"Routledge";"2020-2026";"Anthropology; Geography, Planning and Development; Political Science and International Relations; Public Administration; Sociology and Political Science; Urban Studies";"Social Sciences"
825;21101182032;"Journal of Remote Sensing (United States)";journal;"26941589, 20970064";"American Association for the Advancement of Science";Yes;Yes;;-;29;31;46;1745;400;45;8,70;56,29;35,56;2;United States;Northern America;"American Association for the Advancement of Science";"2021-2026";"Earth and Planetary Sciences (miscellaneous); Geography, Planning and Development; Instrumentation";"Earth and Planetary Sciences; Physics and Astronomy; Social Sciences"
826;21101293999;"Journal of Tropical Biology and Conservation";journal;"18233902, 25501909";"Universiti Malaysia Sabah, Institute for Tropical Biology and Conservation";No;No;;-;4;18;38;744;17;36;0,45;41,33;36,54;1;Malaysia;Asiatic Region;"Universiti Malaysia Sabah, Institute for Tropical Biology and Conservation";"2021-2025";"Conservation; Ecology, Evolution, Behavior and Systematics; Environmental Science (miscellaneous); Geography, Planning and Development; Plant Science";"Agricultural and Biological Sciences; Arts and Humanities; Environmental Science; Social Sciences"
827;21101190429;"Journal of Urban Mobility";journal;"26670917";"Elsevier Ltd";Yes;No;;-;21;30;37;1905;118;37;3,19;63,50;46,00;4;United Kingdom;Western Europe;"Elsevier Ltd";"2021-2026";"Geography, Planning and Development; Transportation";"Social Sciences"
828;21101277810;"Landscape Architecture Frontiers";journal;"2096336X";"Higher Education Press Limited Company";No;No;;-;9;43;106;1253;57;106;0,54;29,14;39,19;0;China;Asiatic Region;"Higher Education Press Limited Company";"2018, 2021-2026";"Geography, Planning and Development";"Social Sciences"
829;21101183727;"Local Development and Society";journal;"26883600";"Taylor and Francis Ltd.";No;No;;-;11;27;63;1543;62;57;0,33;57,15;38,46;0;United Kingdom;Western Europe;"Taylor and Francis Ltd.";"2020-2026";"Geography, Planning and Development; Urban Studies";"Social Sciences"
830;21101387913;"Management of Sustainable Development";journal;"22470220, 20669380";"Lucian Blaga University of Sibiu";Yes;No;;-;5;20;22;567;10;21;0,45;28,35;30,77;0;Romania;Eastern Europe;"Lucian Blaga University of Sibiu";"2022-2025";"Economics and Econometrics; Environmental Science (miscellaneous); Geography, Planning and Development; Management, Monitoring, Policy and Law; Renewable Energy, Sustainability and the Environment; Strategy and Management";"Business, Management and Accounting; Economics, Econometrics and Finance; Energy; Environmental Science; Social Sciences"
831;21101283120;"Millars. Espai i Historia";journal;"11329823, 23404809";"Universitat Jaume I";Yes;No;;-;2;19;34;874;3;31;0,09;46,00;23,81;0;Spain;Western Europe;"Universitat Jaume I";"2021-2025";"Geography, Planning and Development";"Social Sciences"
832;21101257960;"Mobility Humanities";journal;"27998118, 27998509";"";No;No;;-;5;17;20;915;12;16;0,60;53,82;53,85;0;South Korea;Asiatic Region;"";"2022-2026";"Arts and Humanities (miscellaneous); Geography, Planning and Development; Social Sciences (miscellaneous)";"Arts and Humanities; Social Sciences"
833;21101186481;"Natural Hazards Research";journal;"26665921";"KeAi Communications Co.";Yes;No;;-;26;67;63;3392;314;61;4,98;50,63;30,35;5;China;Asiatic Region;"KeAi Communications Co.";"2021-2026";"Earth and Planetary Sciences (miscellaneous); Environmental Science (miscellaneous); Geography, Planning and Development";"Earth and Planetary Sciences; Environmental Science; Social Sciences"
834;21101260637;"OIDA International Journal of Sustainable Development";journal;"19236662, 19236654";"";Yes;No;;-;3;55;84;2238;5;84;0,10;40,69;40,32;0;Canada;Northern America;"";"2020-2025";"Development; Gender Studies; Geography, Planning and Development; Health (social science)";"Social Sciences"
835;21101277848;"plaNext-Next Generation Planning";journal;"24680648";"Association of European Schools of Planning";Yes;Yes;;-;4;5;18;256;5;16;0,28;51,20;75,00;0;Italy;Western Europe;"Association of European Schools of Planning";"2021-2026";"Geography, Planning and Development; Urban Studies";"Social Sciences"
836;21101244193;"Present Environment and Sustainable Development";journal;"22847820, 18435971";"Alexandru Ioan Cuza University of Iasi";Yes;Yes;;-;7;45;120;1765;56;120;0,48;39,22;42,97;0;Romania;Eastern Europe;"Alexandru Ioan Cuza University of Iasi";"2020-2025";"Geography, Planning and Development";"Social Sciences"
837;21101049548;"Remittances Review (discontinued)";journal;"20596588, 20596596";"Transnational Press London Ltd";No;No;;-;8;1;27;53;12;24;0,44;53,00;0,00;0;United Kingdom;Western Europe;"Transnational Press London Ltd";"2019, 2021-2023";"Development; Geography, Planning and Development; Political Science and International Relations; Sociology and Political Science";"Social Sciences"
838;21101210852;"Revista Brasileira de Pesquisa em Turismo";journal;"19826125";"Associacao Nacional de Pesquisa e Pos-Graduacao em Turismo - ANPTUR";Yes;Yes;;-;6;22;93;1092;34;92;0,37;49,64;52,50;0;Brazil;Latin America;"Associacao Nacional de Pesquisa e Pos-Graduacao em Turismo - ANPTUR";"2021-2025";"Geography, Planning and Development; Social Sciences (miscellaneous); Tourism, Leisure and Hospitality Management";"Business, Management and Accounting; Social Sciences"
839;21101274418;"Revista do Instituto Historico e Geografico do Rio Grande do Sul";journal;"25957031, 16783484";"Historical and Geographical Institute of Rio Grande do Sul";No;No;;-;1;25;108;562;0;90;0,00;22,48;40,00;0;Brazil;Latin America;"Historical and Geographical Institute of Rio Grande do Sul";"2020-2025";"Cultural Studies; Geography, Planning and Development; History; Law; Sociology and Political Science";"Arts and Humanities; Social Sciences"
840;21101312749;"Romanian Journal of Regional Science";journal;"18438520";"ROMANIAN REGIONAL SCIENCE ASSOCIATION";Yes;No;;-;2;7;5;268;0;5;0,00;38,29;56,25;1;Romania;Eastern Europe;"ROMANIAN REGIONAL SCIENCE ASSOCIATION";"2022-2025";"Economics and Econometrics; Geography, Planning and Development; Urban Studies";"Economics, Econometrics and Finance; Social Sciences"
841;21101339542;"Southeast Asia: A Multidisciplinary Journal";journal;"29480426, 18195091";"Emerald Publishing";Yes;No;;-;7;12;46;570;20;45;0,42;47,50;50,00;0;United Kingdom;Western Europe;"Emerald Publishing";"2020-2025";"Communication; Geography, Planning and Development; Linguistics and Language";"Social Sciences"
842;21101185191;"TeMA Journal of Land Use, Mobility and Environment";journal;"19709889, 19709870";"FeDOA - Federico II University Press";Yes;Yes;;-;9;70;0;2552;0;0;0,00;36,46;48,70;0;Italy;Western Europe;"FeDOA - Federico II University Press";"2023-2025";"Environmental Science (miscellaneous); Geography, Planning and Development; Management, Monitoring, Policy and Law";"Environmental Science; Social Sciences"
843;21101216647;"Turismo y Sociedad";journal;"2346206X, 01207555";"Universidad Externado de Colombia";Yes;Yes;;-;7;31;70;1380;18;69;0,22;44,52;48,00;0;Colombia;Latin America;"Universidad Externado de Colombia";"2020-2026";"Geography, Planning and Development; Tourism, Leisure and Hospitality Management";"Business, Management and Accounting; Social Sciences"
844;21101300357;"UCL Open Environment";journal;"26320886";"UCL Press";Yes;No;;-;11;13;48;921;54;39;1,13;70,85;34,78;3;United Kingdom;Western Europe;"UCL Press";"2021-2026";"Environmental Engineering; Geography, Planning and Development; Global and Planetary Change; Public Health, Environmental and Occupational Health";"Environmental Science; Medicine; Social Sciences"
845;24302;"Unasylva";journal;"00416436";"Food and Agriculture Organization of the United Nations";Yes;No;;-;38;25;41;274;14;37;0,08;10,96;35,85;1;Italy;Western Europe;"Food and Agriculture Organization of the United Nations";"1977-1988, 1990, 1995-2020, 2022-2024";"Ecology; Forestry; Geography, Planning and Development";"Agricultural and Biological Sciences; Environmental Science; Social Sciences"
846;21101266842;"Visnyk of V. N. Karazin Kharkiv National University, series 'Geology. Geography. Ecology'";journal;"24113913, 24107360";"V N Karazin Kharkiv National University";Yes;Yes;;-;5;54;92;1824;36;92;0,39;33,78;43,85;0;Ukraine;Eastern Europe;"V N Karazin Kharkiv National University";"2021-2025";"Ecology; Geochemistry and Petrology; Geography, Planning and Development; Geology";"Earth and Planetary Sciences; Environmental Science; Social Sciences"
847;19400158702;"Water History";journal;"18777236, 18777244";"Springer Science and Business Media B.V.";No;No;;-;10;1;0;125;0;0;0,00;125,00;0,00;0;Netherlands;Western Europe;"Springer Science and Business Media B.V.";"2009-2014, 2023";"Geography, Planning and Development; History; Water Science and Technology";"Arts and Humanities; Environmental Science; Social Sciences"
848;21101298383;"Watershed Engineering and Management";journal;"22519300, 2322536X";"Soil Conservation and Watershed Management Research Institute";No;No;;-;4;40;119;1350;23;119;0,19;33,75;20,56;0;Iran;Middle East;"Soil Conservation and Watershed Management Research Institute";"2021-2026";"Earth-Surface Processes; Environmental Science (miscellaneous); Geography, Planning and Development; Management, Monitoring, Policy and Law";"Earth and Planetary Sciences; Environmental Science; Social Sciences"
849;21101226899;"World Development Sustainability";journal;"2772655X";"Elsevier B.V.";Yes;No;;-;20;74;32;5048;146;30;4,56;68,22;35,68;13;Netherlands;Western Europe;"Elsevier B.V.";"2022-2026";"Geography, Planning and Development; Social Sciences (miscellaneous)";"Social Sciences"
850;21101185482;"World Regional Studies";journal;"10049479";"";No;No;;-;16;168;330;6238;365;330;1,02;37,13;43,09;0;China;Asiatic Region;"";"2019-2025";"Earth-Surface Processes; Geography, Planning and Development; Political Science and International Relations; Urban Studies";"Earth and Planetary Sciences; Social Sciences"
851;21101178123;"ZFW - Advances in Economic Geography";journal;"27481956, 27481964";"Walter de Gruyter GmbH";No;No;;-;24;16;48;1117;94;46;1,81;69,81;31,43;2;Germany;Western Europe;"Walter de Gruyter GmbH";"2022-2025";"Economics and Econometrics; Geography, Planning and Development";"Economics, Econometrics and Finance; Social Sciences"
