Rank;Sourceid;Title;Type;Issn;Publisher;Open Access;Open Access Diamond;SJR;SJR Quartile;H index;Total Docs. (2023);Total Docs. (3years);Total Refs.;Total Citations (3years);Citable Docs. (3years);Citations / Doc. (2years);Ref. / Doc.;%Female;Overton;Country;Region;Publisher;Coverage;Categories;Areas
1;21100812579;"Nature Energy";journal;"20587546";"Springer Nature";No;No;17,497;Q1;291;229;608;6622;16655;378;25,93;28,92;29,87;46;United States;Northern America;"Springer Nature";"2016-2026";"Electronic, Optical and Magnetic Materials (Q1); Energy Engineering and Power Technology (Q1); Fuel Technology (Q1); Renewable Energy, Sustainability and the Environment (Q1)";"Energy; Materials Science"
2;21100832985;"ACS Energy Letters";journal;"23808195";"American Chemical Society";No;No;7,202;Q1;252;603;1438;29948;27780;1379;18,15;49,67;30,12;10;United States;Northern America;"American Chemical Society";"2016-2026";"Chemistry (miscellaneous) (Q1); Energy Engineering and Power Technology (Q1); Fuel Technology (Q1); Materials Chemistry (Q1); Renewable Energy, Sustainability and the Environment (Q1)";"Chemistry; Energy; Materials Science"
3;21101046230;"Electrochemical Energy Reviews";journal;"25208136, 25208489";"Springer";No;No;6,791;Q1;94;34;94;8854;2541;94;25,41;260,41;28,57;3;Singapore;Asiatic Region;"Springer";"2018-2026";"Chemical Engineering (miscellaneous) (Q1); Electrochemistry (Q1); Energy Engineering and Power Technology (Q1); Materials Science (miscellaneous) (Q1)";"Chemical Engineering; Chemistry; Energy; Materials Science"
4;27538;"Progress in Energy and Combustion Science";journal;"03601285";"Elsevier B.V.";No;No;6,114;Q1;257;31;98;10672;3398;97;35,00;344,26;27,78;3;United Kingdom;Western Europe;"Elsevier B.V.";"1975-2026";"Chemical Engineering (miscellaneous) (Q1); Energy Engineering and Power Technology (Q1); Fuel Technology (Q1)";"Chemical Engineering; Energy"
5;21100420314;"Energy Storage Materials";journal;"24058297";"Elsevier B.V.";No;No;5,374;Q1;212;572;1637;44698;32091;1630;19,46;78,14;32,59;6;Netherlands;Western Europe;"Elsevier B.V.";"2015-2026";"Energy Engineering and Power Technology (Q1); Materials Science (miscellaneous) (Q1); Renewable Energy, Sustainability and the Environment (Q1)";"Energy; Materials Science"
6;28825;"IEEE Transactions on Power Systems";journal;"08858950, 15580679";"Institute of Electrical and Electronics Engineers Inc.";No;No;3,827;Q1;337;497;1488;17540;13896;1475;8,35;35,29;23,83;0;United States;Northern America;"Institute of Electrical and Electronics Engineers Inc.";"1986-2026";"Electrical and Electronic Engineering (Q1); Energy Engineering and Power Technology (Q1)";"Energy; Engineering"
7;21101074917;"Advances in Applied Energy";journal;"26667924";"Elsevier Ltd";Yes;No;3,788;-;54;42;103;4290;1580;97;15,34;102,14;26,88;8;United Kingdom;Western Europe;"Elsevier Ltd";"2021-2026";"Energy (miscellaneous) (Q1)";"Energy"
8;21100244836;"Journal of Energy Chemistry";journal;"20954956";"Elsevier B.V.";No;No;3,165;Q1;155;648;1883;48948;24810;1815;13,92;75,54;34,69;1;Netherlands;Western Europe;"Elsevier B.V.";"2013-2026";"Electrochemistry (Q1); Energy Engineering and Power Technology (Q1); Energy (miscellaneous) (Q1); Fuel Technology (Q1)";"Chemistry; Energy"
9;21100338359;"IEEE Journal of Emerging and Selected Topics in Power Electronics";journal;"21686785, 21686777";"Institute of Electrical and Electronics Engineers Inc.";No;No;2,985;Q1;136;504;1614;17751;11281;1591;6,11;35,22;23,72;0;United States;Northern America;"Institute of Electrical and Electronics Engineers Inc.";"2013-2026";"Electrical and Electronic Engineering (Q1); Energy Engineering and Power Technology (Q1)";"Energy; Engineering"
10;19457;"Shiyou Kantan Yu Kaifa/Petroleum Exploration and Development";journal;"10000747";"";Yes;No;2,789;Q1;85;118;340;4121;1826;340;5,43;34,92;29,45;0;China;Asiatic Region;"";"1998, 2001-2023, 2025";"Energy Engineering and Power Technology (Q1); Geology (Q1); Geotechnical Engineering and Engineering Geology (Q1)";"Earth and Planetary Sciences; Energy"
11;21100900364;"Protection and Control of Modern Power Systems";journal;"23670983, 23672617";"Institute of Electrical and Electronics Engineers Inc.";Yes;Yes;2,781;Q1;66;64;124;3186;1529;124;12,15;49,78;24,19;0;Singapore;Asiatic Region;"Institute of Electrical and Electronics Engineers Inc.";"2018-2026";"Electrical and Electronic Engineering (Q1); Energy Engineering and Power Technology (Q1); Safety, Risk, Reliability and Quality (Q1)";"Energy; Engineering"
12;21100854649;"IEEE Transactions on Transportation Electrification";journal;"23327782";"Institute of Electrical and Electronics Engineers Inc.";No;No;2,772;Q1;114;410;763;15805;6850;760;8,60;38,55;24,12;0;United States;Northern America;"Institute of Electrical and Electronics Engineers Inc.";"2015-2026";"Automotive Engineering (Q1); Electrical and Electronic Engineering (Q1); Energy Engineering and Power Technology (Q1); Transportation (Q1)";"Energy; Engineering; Social Sciences"
13;21100980165;"China Petroleum Exploration";journal;"16727703";"Petroleum Industry Press";No;No;2,643;Q1;49;78;247;2304;1516;247;5,90;29,54;31,06;0;China;Asiatic Region;"Petroleum Industry Press";"2019-2026";"Energy Engineering and Power Technology (Q1); Fuel Technology (Q1); Geochemistry and Petrology (Q1); Geology (Q1); Geotechnical Engineering and Engineering Geology (Q1)";"Earth and Planetary Sciences; Energy"
14;21100201945;"International Journal of Mining Science and Technology";journal;"20952686";"China University of Mining and Technology";Yes;Yes;2,600;Q1;94;113;332;5011;3611;329;12,05;44,35;24,74;2;China;Asiatic Region;"China University of Mining and Technology";"2012-2026";"Energy Engineering and Power Technology (Q1); Geochemistry and Petrology (Q1); Geotechnical Engineering and Engineering Geology (Q1)";"Earth and Planetary Sciences; Energy"
15;29372;"Energy Conversion and Management";journal;"01968904";"Elsevier Ltd";No;No;2,553;Q1;293;1124;3589;65634;39336;3574;10,49;58,39;24,31;31;United Kingdom;Western Europe;"Elsevier Ltd";"1979-2026";"Energy Engineering and Power Technology (Q1); Fuel Technology (Q1); Nuclear Energy and Engineering (Q1); Renewable Energy, Sustainability and the Environment (Q1)";"Energy"
16;21100826238;"Biofuel Research Journal";journal;"22928782";"Alpha Creation Enterprise";Yes;Yes;2,508;Q1;54;16;49;1538;634;49;14,55;96,13;19,28;0;Malaysia;Asiatic Region;"Alpha Creation Enterprise";"2014-2025";"Biotechnology (Q1); Chemical Engineering (miscellaneous) (Q1); Energy Engineering and Power Technology (Q1); Environmental Engineering (Q1); Fuel Technology (Q1); Renewable Energy, Sustainability and the Environment (Q1); Waste Management and Disposal (Q1)";"Biochemistry, Genetics and Molecular Biology; Chemical Engineering; Energy; Environmental Science"
17;21101021443;"eTransportation";journal;"25901168";"Elsevier B.V.";No;No;2,470;Q1;66;78;134;5507;2009;130;15,15;70,60;28,61;5;Netherlands;Western Europe;"Elsevier B.V.";"2019-2026";"Automotive Engineering (Q1); Electrical and Electronic Engineering (Q1); Energy Engineering and Power Technology (Q1); Transportation (Q1)";"Energy; Engineering; Social Sciences"
18;21100325067;"Energy Research and Social Science";journal;"22146326, 22146296";"Elsevier Ltd";No;No;2,320;Q1;145;368;1276;32128;10676;1276;7,68;87,30;46,78;148;United Kingdom;Western Europe;"Elsevier Ltd";"2014-2026";"Energy Engineering and Power Technology (Q1); Fuel Technology (Q1); Nuclear Energy and Engineering (Q1); Renewable Energy, Sustainability and the Environment (Q1); Social Sciences (miscellaneous) (Q1)";"Energy; Social Sciences"
19;21100420330;"Journal of Modern Power Systems and Clean Energy";journal;"21965420, 21965625";"State Grid Electric Power Research Institute Nanjing Branch";Yes;Yes;2,278;Q1;89;177;442;6631;3629;440;7,40;37,46;29,51;0;China;Asiatic Region;"State Grid Electric Power Research Institute Nanjing Branch";"2013-2026";"Energy Engineering and Power Technology (Q1); Renewable Energy, Sustainability and the Environment (Q1)";"Energy"
20;19462;"Shiyou Xuebao/Acta Petrolei Sinica";journal;"02532697";"Science Press";No;No;2,219;Q1;94;160;425;7463;2359;425;5,74;46,64;30,43;0;China;Asiatic Region;"Science Press";"1985-1988, 1990-1992, 2001-2025";"Chemical Engineering (miscellaneous) (Q1); Energy Engineering and Power Technology (Q1); Fuel Technology (Q1)";"Chemical Engineering; Energy"
21;28824;"IEEE Transactions on Energy Conversion";journal;"08858969, 15580059";"Institute of Electrical and Electronics Engineers Inc.";No;No;2,210;Q1;213;263;823;7869;5456;819;6,32;29,92;20,53;0;United States;Northern America;"Institute of Electrical and Electronics Engineers Inc.";"1986-2026";"Electrical and Electronic Engineering (Q1); Energy Engineering and Power Technology (Q1)";"Energy; Engineering"
22;21101161916;"Superconductivity";journal;"27728307";"Elsevier B.V.";Yes;No;2,181;Q1;21;33;30;1439;167;29;5,57;43,61;26,32;0;Netherlands;Western Europe;"Elsevier B.V.";"2022-2026";"Condensed Matter Physics (Q1); Electrical and Electronic Engineering (Q1); Electronic, Optical and Magnetic Materials (Q1); Energy Engineering and Power Technology (Q1)";"Energy; Engineering; Materials Science; Physics and Astronomy"
23;21100810501;"Materials Today Energy";journal;"24686069";"Elsevier Ltd";No;No;2,116;Q1;95;245;775;16112;6890;774;8,95;65,76;31,09;1;United Kingdom;Western Europe;"Elsevier Ltd";"2016-2026";"Energy Engineering and Power Technology (Q1); Fuel Technology (Q1); Materials Science (miscellaneous) (Q1); Nuclear Energy and Engineering (Q1); Renewable Energy, Sustainability and the Environment (Q1)";"Energy; Materials Science"
24;29348;"Energy";journal;"18736785, 03605442";"Elsevier Ltd";No;No;2,110;Q1;293;4000;8122;208807;81931;8104;10,22;52,20;28,31;77;United Kingdom;Western Europe;"Elsevier Ltd";"1976-2026";"Building and Construction (Q1); Civil and Structural Engineering (Q1); Electrical and Electronic Engineering (Q1); Energy Engineering and Power Technology (Q1); Energy (miscellaneous) (Q1); Fuel Technology (Q1); Industrial and Manufacturing Engineering (Q1); Management, Monitoring, Policy and Law (Q1); Mechanical Engineering (Q1); Modeling and Simulation (Q1); Pollution (Q1); Renewable Energy, Sustainability and the Environment (Q1)";"Energy; Engineering; Environmental Science; Mathematics"
25;17370;"IEEE Transactions on Power Delivery";journal;"19374208, 08858977";"Institute of Electrical and Electronics Engineers Inc.";No;No;2,031;Q1;231;431;1237;13226;6877;1235;5,14;30,69;21,02;0;United States;Northern America;"Institute of Electrical and Electronics Engineers Inc.";"1986-2026";"Electrical and Electronic Engineering (Q1); Energy Engineering and Power Technology (Q1)";"Energy; Engineering"
26;17300154720;"Petroleum Exploration and Development";journal;"20964803, 18763804";"KeAi Communications Co.";Yes;Yes;1,934;Q1;101;118;360;4146;2918;359;7,88;35,14;29,73;0;China;Asiatic Region;"KeAi Communications Co.";"2008-2025";"Economic Geology (Q1); Energy Engineering and Power Technology (Q1); Geochemistry and Petrology (Q1); Geology (Q1); Geotechnical Engineering and Engineering Geology (Q1)";"Earth and Planetary Sciences; Energy"
27;18063;"Journal of Power Sources";journal;"03787753";"Elsevier B.V.";No;No;1,857;Q1;396;1217;3892;69116;34577;3884;8,43;56,79;30,39;9;Netherlands;Western Europe;"Elsevier B.V.";"1976-2026";"Electrical and Electronic Engineering (Q1); Energy Engineering and Power Technology (Q1); Physical and Theoretical Chemistry (Q1); Renewable Energy, Sustainability and the Environment (Q1)";"Chemistry; Energy; Engineering"
28;21100977374;"Solar RRL";journal;"2367198X";"Wiley-VCH Verlag";No;No;1,783;Q1;93;488;1323;30479;8754;1313;6,44;62,46;29,45;3;Germany;Western Europe;"Wiley-VCH Verlag";"2017-2026";"Atomic and Molecular Physics, and Optics (Q1); Electrical and Electronic Engineering (Q1); Electronic, Optical and Magnetic Materials (Q1); Energy Engineering and Power Technology (Q1)";"Energy; Engineering; Materials Science; Physics and Astronomy"
29;19559;"Natural Gas Industry";journal;"10000976";"Science Press";No;No;1,740;Q1;71;193;645;6768;2919;645;5,10;35,07;31,46;0;China;Asiatic Region;"Science Press";"1998-2025";"Energy Engineering and Power Technology (Q1); Geotechnical Engineering and Engineering Geology (Q1)";"Earth and Planetary Sciences; Energy"
30;17985;"International Journal of Electrical Power and Energy Systems";journal;"01420615";"Elsevier Ltd";Yes;No;1,711;Q1;184;851;2731;32270;17674;2730;6,64;37,92;23,59;4;United Kingdom;Western Europe;"Elsevier Ltd";"1970, 1979-2026";"Electrical and Electronic Engineering (Q1); Energy Engineering and Power Technology (Q1)";"Energy; Engineering"
31;28623;"Combustion and Flame";journal;"00102180, 15562921";"Elsevier Inc.";No;No;1,656;Q1;235;511;1591;27202;10029;1586;6,13;53,23;22,96;4;United States;Northern America;"Elsevier Inc.";"1957-2026";"Chemical Engineering (miscellaneous) (Q1); Chemistry (miscellaneous) (Q1); Energy Engineering and Power Technology (Q1); Fuel Technology (Q1); Physics and Astronomy (miscellaneous) (Q1)";"Chemical Engineering; Chemistry; Energy; Physics and Astronomy"
32;21100780794;"Engineering";journal;"20958099";"Elsevier Ltd";Yes;No;1,646;Q1;127;260;610;15060;5842;488;8,40;57,92;34,32;6;United Kingdom;Western Europe;"Elsevier Ltd";"2015-2026";"Chemical Engineering (miscellaneous) (Q1); Computer Science (miscellaneous) (Q1); Energy Engineering and Power Technology (Q1); Engineering (miscellaneous) (Q1); Environmental Engineering (Q1); Materials Science (miscellaneous) (Q1)";"Chemical Engineering; Computer Science; Energy; Engineering; Environmental Science; Materials Science"
33;21101059747;"IEEE Open Access Journal of Power and Energy";journal;"26877910";"Institute of Electrical and Electronics Engineers Inc.";Yes;No;1,610;Q1;33;62;160;2009;762;155;3,74;32,40;22,12;0;United States;Northern America;"Institute of Electrical and Electronics Engineers Inc.";"2020-2026";"Electrical and Electronic Engineering (Q1); Energy Engineering and Power Technology (Q1)";"Energy; Engineering"
34;21100400826;"Journal of Energy Storage";journal;"2352152X";"Elsevier B.V.";No;No;1,595;Q1;166;3147;4491;193337;44970;4487;9,67;61,44;27,98;38;Netherlands;Western Europe;"Elsevier B.V.";"2015-2026";"Electrical and Electronic Engineering (Q1); Energy Engineering and Power Technology (Q1); Renewable Energy, Sustainability and the Environment (Q1)";"Energy; Engineering"
35;21100239262;"Sustainable Energy Technologies and Assessments";journal;"22131388";"Elsevier Ltd";No;No;1,566;Q1;115;624;2059;36095;16878;2058;8,14;57,84;23,90;17;United Kingdom;Western Europe;"Elsevier Ltd";"2013-2026";"Energy Engineering and Power Technology (Q1); Renewable Energy, Sustainability and the Environment (Q1)";"Energy"
36;21101021745;"Advances in Geo-Energy Research";journal;"22079963, 2208598X";"Yandy Scientific Press";Yes;No;1,565;Q1;49;83;140;3434;1131;127;8,17;41,37;27,05;0;Hong Kong;Asiatic Region;"Yandy Scientific Press";"2017-2026";"Energy Engineering and Power Technology (Q1); Geotechnical Engineering and Engineering Geology (Q1); Mechanics of Materials (Q1)";"Earth and Planetary Sciences; Energy; Engineering"
37;21101074923;"Smart Energy";journal;"26669552";"Elsevier Ltd";Yes;No;1,555;Q1;26;32;74;1930;466;72;6,30;60,31;22,48;3;United Kingdom;Western Europe;"Elsevier Ltd";"2021-2026";"Energy Engineering and Power Technology (Q1); Energy (miscellaneous) (Q1); Management, Monitoring, Policy and Law (Q1); Mechanical Engineering (Q1); Renewable Energy, Sustainability and the Environment (Q1)";"Energy; Engineering; Environmental Science"
38;26991;"International Journal of Hydrogen Energy";journal;"03603199";"Elsevier Ltd";No;No;1,513;Q1;313;2911;9354;180637;70861;9256;7,58;62,05;30,84;89;United Kingdom;Western Europe;"Elsevier Ltd";"1976-2026";"Condensed Matter Physics (Q1); Energy Engineering and Power Technology (Q1); Fuel Technology (Q1); Renewable Energy, Sustainability and the Environment (Q1)";"Energy; Physics and Astronomy"
39;13688;"Applied Thermal Engineering";journal;"13594311";"Elsevier Ltd";No;No;1,488;Q1;238;1941;4137;94632;29252;4128;6,93;48,75;26,57;9;United Kingdom;Western Europe;"Elsevier Ltd";"1996-2026";"Energy Engineering and Power Technology (Q1); Fluid Flow and Transfer Processes (Q1); Industrial and Manufacturing Engineering (Q1); Mechanical Engineering (Q1)";"Chemical Engineering; Energy; Engineering"
40;21100896269;"Energy Conversion and Management: X";journal;"25901745";"Elsevier Ltd";Yes;No;1,474;Q1;61;166;297;9317;2285;296;7,54;56,13;18,01;5;United Kingdom;Western Europe;"Elsevier Ltd";"2019-2026";"Energy Engineering and Power Technology (Q1); Fuel Technology (Q1); Nuclear Energy and Engineering (Q1); Renewable Energy, Sustainability and the Environment (Q1)";"Energy"
41;21100904205;"ACS Applied Energy Materials";journal;"25740962";"American Chemical Society";No;No;1,467;Q1;116;1216;4448;64185;26531;4439;5,40;52,78;31,05;2;United States;Northern America;"American Chemical Society";"2018-2026";"Chemical Engineering (miscellaneous) (Q1); Electrical and Electronic Engineering (Q1); Electrochemistry (Q1); Energy Engineering and Power Technology (Q1); Materials Chemistry (Q1)";"Chemical Engineering; Chemistry; Energy; Engineering; Materials Science"
42;16313;"Fuel";journal;"00162361, 18737153";"Elsevier B.V.";No;No;1,451;Q1;289;3429;8537;197022;64583;8523;7,40;57,46;30,15;24;Netherlands;Western Europe;"Elsevier B.V.";"1922, 1970-2026";"Chemical Engineering (miscellaneous) (Q1); Energy Engineering and Power Technology (Q1); Fuel Technology (Q1); Organic Chemistry (Q1)";"Chemical Engineering; Chemistry; Energy"
43;16315;"Fuel Processing Technology";journal;"03783820";"Elsevier B.V.";Yes;No;1,450;Q1;194;357;989;22572;7848;985;7,99;63,23;31,82;0;Netherlands;Western Europe;"Elsevier B.V.";"1977-2026";"Chemical Engineering (miscellaneous) (Q1); Energy Engineering and Power Technology (Q1); Fuel Technology (Q1)";"Chemical Engineering; Energy"
44;21101023387;"Batteries and Supercaps";journal;"25666223";"Wiley-VCH Verlag";No;No;1,438;Q1;52;225;495;14382;2630;470;5,10;63,92;30,96;2;Germany;Western Europe;"Wiley-VCH Verlag";"2018-2026";"Electrical and Electronic Engineering (Q1); Electrochemistry (Q1); Energy Engineering and Power Technology (Q1)";"Chemistry; Energy; Engineering"
45;26542;"Fuel Cells Bulletin (discontinued)";journal;"14642859";"MA Healthcare Ltd";Yes;No;1,314;Q1;27;12;53;28;54;20;0,25;2,33;36,36;0;United Kingdom;Western Europe;"MA Healthcare Ltd";"1998-2024";"Energy Engineering and Power Technology (Q1); Renewable Energy, Sustainability and the Environment (Q1); Strategy and Management (Q1)";"Business, Management and Accounting; Energy"
46;21100931381;"High Voltage";journal;"23977264";"John Wiley &amp; Sons Inc.";Yes;No;1,284;Q1;54;120;301;4610;1763;293;5,56;38,42;27,23;0;United Kingdom;Western Europe;"John Wiley &amp; Sons Inc.";"2016-2026";"Electrical and Electronic Engineering (Q1); Energy Engineering and Power Technology (Q1)";"Energy; Engineering"
47;21100923896;"Wind Energy Science";journal;"23667451, 23667443";"Copernicus Publications";Yes;No;1,283;Q1;49;99;321;4660;1264;320;3,87;47,07;17,94;9;Germany;Western Europe;"Copernicus Publications";"2016-2026";"Energy Engineering and Power Technology (Q1); Renewable Energy, Sustainability and the Environment (Q1)";"Energy"
48;30787;"AAPG Bulletin";journal;"01491423";"American Association of Petroleum Geologists";No;No;1,252;Q1;175;82;295;6439;976;290;3,06;78,52;23,68;0;United States;Northern America;"American Association of Petroleum Geologists";"1943, 1950, 1967-2024";"Earth and Planetary Sciences (miscellaneous) (Q1); Energy Engineering and Power Technology (Q1); Energy (miscellaneous) (Q1); Fuel Technology (Q1); Geochemistry and Petrology (Q1); Geology (Q1)";"Earth and Planetary Sciences; Energy"
49;21100371258;"Sustainable Energy, Grids and Networks";journal;"23524677";"Elsevier Ltd";No;No;1,232;Q1;62;261;439;11860;2629;439;5,96;45,44;19,98;3;United Kingdom;Western Europe;"Elsevier Ltd";"2015-2026";"Control and Systems Engineering (Q1); Electrical and Electronic Engineering (Q1); Energy Engineering and Power Technology (Q1); Renewable Energy, Sustainability and the Environment (Q2)";"Energy; Engineering"
50;21100873858;"Sustainable Energy and Fuels";journal;"23984902";"Royal Society of Chemistry";No;No;1,213;Q1;99;419;1576;26309;8571;1573;4,95;62,79;31,58;7;United Kingdom;Western Europe;"Royal Society of Chemistry";"2017-2026";"Energy Engineering and Power Technology (Q1); Fuel Technology (Q1); Renewable Energy, Sustainability and the Environment (Q2)";"Energy"
51;21101046693;"Journal of Power Sources Advances";journal;"26662485";"Elsevier B.V.";Yes;No;1,185;Q1;24;11;65;354;311;64;5,38;32,18;22,64;0;Netherlands;Western Europe;"Elsevier B.V.";"2020-2026";"Electrochemistry (Q1); Energy Engineering and Power Technology (Q1); Materials Chemistry (Q1)";"Chemistry; Energy; Materials Science"
52;25397;"Dianli Xitong Zidonghua/Automation of Electric Power Systems";journal;"10001026";"Automation of Electric Power Systems Press";No;No;1,171;Q1;121;456;1578;14584;8435;1578;5,92;31,98;33,31;0;China;Asiatic Region;"Automation of Electric Power Systems Press";"1996-2026";"Computer Science Applications (Q1); Control and Systems Engineering (Q1); Electrical and Electronic Engineering (Q1); Energy Engineering and Power Technology (Q1)";"Computer Science; Energy; Engineering"
53;21101018551;"Chinese Journal of Electrical Engineering";journal;"20961529";"Institute of Electrical and Electronics Engineers Inc.";Yes;Yes;1,165;Q1;39;40;118;1703;545;114;3,58;42,58;27,34;0;United States;Northern America;"Institute of Electrical and Electronics Engineers Inc.";"2015-2025";"Control and Systems Engineering (Q1); Electrical and Electronic Engineering (Q1); Energy Engineering and Power Technology (Q1)";"Energy; Engineering"
54;21101176003;"Gas Science and Engineering";journal;"29499097, 29499089";"Elsevier B.V.";No;No;1,161;Q1;132;224;1464;14667;8148;1462;5,26;65,48;26,77;1;Netherlands;Western Europe;"Elsevier B.V.";"2023-2026";"Energy Engineering and Power Technology (Q1); Fuel Technology (Q1); Geotechnical Engineering and Engineering Geology (Q1)";"Earth and Planetary Sciences; Energy"
55;11900154312;"Petroleum Science";journal;"16725107, 19958226";"KeAi Communications Co.";Yes;Yes;1,141;Q1;71;285;499;16173;3082;498;6,52;56,75;29,44;0;China;Asiatic Region;"KeAi Communications Co.";"2008-2026";"Economic Geology (Q1); Energy Engineering and Power Technology (Q1); Fuel Technology (Q1); Geochemistry and Petrology (Q1); Geology (Q1); Geophysics (Q1); Geotechnical Engineering and Engineering Geology (Q1)";"Earth and Planetary Sciences; Energy"
56;58130;"Journal of the Energy Institute";journal;"17460220, 17439671";"Elsevier B.V.";No;No;1,126;Q1;83;242;582;13970;3546;582;5,99;57,73;31,37;3;United Kingdom;Western Europe;"Elsevier B.V.";"2004-2026";"Condensed Matter Physics (Q1); Control and Systems Engineering (Q1); Electrical and Electronic Engineering (Q1); Energy Engineering and Power Technology (Q1); Fuel Technology (Q1); Renewable Energy, Sustainability and the Environment (Q2)";"Energy; Engineering; Physics and Astronomy"
57;16430;"Meitan Xuebao/Journal of the China Coal Society";journal;"02539993";"China Coal Society";Yes;No;1,082;Q1;102;439;1414;17198;5926;1414;4,26;39,18;28,72;0;China;Asiatic Region;"China Coal Society";"1981-1982, 1984-1987, 1994-1995, 1998, 2001-2026";"Electrical and Electronic Engineering (Q1); Energy Engineering and Power Technology (Q1); Fuel Technology (Q1); Geotechnical Engineering and Engineering Geology (Q1); Mechanical Engineering (Q1)";"Earth and Planetary Sciences; Energy; Engineering"
58;28027;"IEEE Power and Energy Magazine";journal;"15407977, 15584216";"Institute of Electrical and Electronics Engineers Inc.";No;No;1,072;Q1;100;69;222;287;517;181;2,41;4,16;14,37;0;United States;Northern America;"Institute of Electrical and Electronics Engineers Inc.";"2003-2026";"Electrical and Electronic Engineering (Q1); Energy Engineering and Power Technology (Q1)";"Energy; Engineering"
59;21100389511;"Energy Reports";journal;"23524847";"Elsevier Ltd";Yes;No;1,072;-;132;1829;4902;67410;28746;4892;5,69;36,86;27,28;39;United Kingdom;Western Europe;"Elsevier Ltd";"2015-2026";"Energy (miscellaneous) (Q2)";"Energy"
60;21100286318;"Energy, Sustainability and Society";journal;"21920567";"Springer Science + Business Media";Yes;No;1,066;Q1;55;48;141;3221;811;137;4,72;67,10;35,06;11;United States;Northern America;"Springer Science + Business Media";"2011-2026";"Development (Q1); Energy Engineering and Power Technology (Q1); Renewable Energy, Sustainability and the Environment (Q2)";"Energy; Social Sciences"
61;21100432519;"International Journal of Coal Science and Technology";journal;"21987823, 20958293";"Springer International Publishing AG";Yes;Yes;1,066;Q1;59;90;270;4713;1719;266;7,10;52,37;27,16;2;Switzerland;Western Europe;"Springer International Publishing AG";"2014-2026";"Energy Engineering and Power Technology (Q1); Geotechnical Engineering and Engineering Geology (Q1)";"Earth and Planetary Sciences; Energy"
62;15300154827;"SPE Journal";journal;"1086055X";"Society of Petroleum Engineers (SPE)";No;No;1,060;Q1;171;451;1209;19961;4115;1209;3,40;44,26;21,04;0;United States;Northern America;"Society of Petroleum Engineers (SPE)";"1969-1973, 1996-2026";"Energy Engineering and Power Technology (Q1); Geotechnical Engineering and Engineering Geology (Q1); Energy (miscellaneous) (Q2)";"Earth and Planetary Sciences; Energy"
63;16044;"Electric Power Systems Research";journal;"03787796";"Elsevier B.V.";No;No;1,029;Q1;162;957;2264;35516;10091;2258;4,30;37,11;22,10;2;Netherlands;Western Europe;"Elsevier B.V.";"1977-2026";"Electrical and Electronic Engineering (Q1); Energy Engineering and Power Technology (Q1)";"Energy; Engineering"
64;21100372101;"Nanotechnology Reviews";journal;"21919097, 21919089";"Walter de Gruyter GmbH";Yes;No;1,024;Q1;80;149;431;15319;3179;431;6,69;102,81;33,29;1;Germany;Western Europe;"Walter de Gruyter GmbH";"2012-2026";"Biotechnology (Q1); Energy Engineering and Power Technology (Q1); Engineering (miscellaneous) (Q1); Materials Science (miscellaneous) (Q1); Medicine (miscellaneous) (Q1); Process Chemistry and Technology (Q1); Surfaces, Coatings and Films (Q1); Biomaterials (Q2)";"Biochemistry, Genetics and Molecular Biology; Chemical Engineering; Energy; Engineering; Materials Science; Medicine"
65;29364;"Energy and Fuels";journal;"08870624, 15205029";"American Chemical Society";No;No;1,018;Q1;242;1502;4352;103949;23661;4322;5,44;69,21;29,16;4;United States;Northern America;"American Chemical Society";"1987-2026";"Chemical Engineering (miscellaneous) (Q1); Energy Engineering and Power Technology (Q1); Fuel Technology (Q1)";"Chemical Engineering; Energy"
66;15530;"Dianwang Jishu/Power System Technology";journal;"10003673";"";No;No;0,975;Q2;103;532;1626;15545;7778;1626;4,75;29,22;32,60;0;China;Asiatic Region;"";"2004-2005, 2010-2025";"Electrical and Electronic Engineering (Q1); Mechanical Engineering (Q1); Energy Engineering and Power Technology (Q2)";"Energy; Engineering"
67;21101170020;"Solar Energy Advances";journal;"26671131";"Elsevier Ltd";Yes;No;0,894;Q2;17;15;29;556;127;29;4,38;37,07;18,52;0;United Kingdom;Western Europe;"Elsevier Ltd";"2021-2026";"Environmental Science (miscellaneous) (Q1); Energy Engineering and Power Technology (Q2); Renewable Energy, Sustainability and the Environment (Q2)";"Energy; Environmental Science"
68;21101039622;"Engineered Science";journal;"2576988X, 25769898";"Engineered Science Publisher";No;No;0,870;Q2;58;123;238;6514;1833;235;7,60;52,96;35,14;0;United States;Northern America;"Engineered Science Publisher";"2018-2026";"Applied Mathematics (Q1); Chemistry (miscellaneous) (Q1); Engineering (miscellaneous) (Q1); Materials Science (miscellaneous) (Q1); Physical and Theoretical Chemistry (Q1); Artificial Intelligence (Q2); Energy Engineering and Power Technology (Q2)";"Chemistry; Computer Science; Energy; Engineering; Materials Science; Mathematics"
69;21100398885;"Carbon Letters";journal;"22334998, 19764251";"";No;No;0,855;Q2;49;178;314;10083;1778;313;6,13;56,65;36,05;0;Singapore;Asiatic Region;"";"2014-2026";"Ceramics and Composites (Q1); Inorganic Chemistry (Q1); Materials Chemistry (Q1); Organic Chemistry (Q1); Energy Engineering and Power Technology (Q2); Process Chemistry and Technology (Q2); Renewable Energy, Sustainability and the Environment (Q2)";"Chemical Engineering; Chemistry; Energy; Materials Science"
70;21100981739;"Petroleum Research";journal;"20962495, 25241729";"KeAi Publishing Communications Ltd.";Yes;No;0,841;Q2;33;60;119;2515;604;119;5,86;41,92;19,54;0;China;Asiatic Region;"KeAi Publishing Communications Ltd.";"2016-2026";"Geology (Q1); Energy Engineering and Power Technology (Q2); Geochemistry and Petrology (Q2)";"Earth and Planetary Sciences; Energy"
71;26676;"International Journal of Energy Research";journal;"1099114X, 0363907X";"John Wiley and Sons Ltd";Yes;No;0,826;Q2;145;327;3796;18110;17964;3771;4,59;55,38;24,09;1;United Kingdom;Western Europe;"John Wiley and Sons Ltd";"1977-2026";"Nuclear Energy and Engineering (Q1); Energy Engineering and Power Technology (Q2); Fuel Technology (Q2); Renewable Energy, Sustainability and the Environment (Q2)";"Energy"
72;21101074928;"MRS Energy and Sustainability - A Review Journal";journal;"23292237, 23292229";"Springer Nature";No;No;0,797;Q2;33;18;78;1099;281;74;2,86;61,06;30,61;2;Switzerland;Western Europe;"Springer Nature";"2014-2026";"Electronic, Optical and Magnetic Materials (Q1); Mechanics of Materials (Q1); Energy Engineering and Power Technology (Q2); Renewable Energy, Sustainability and the Environment (Q2)";"Energy; Engineering; Materials Science"
73;5400152713;"IET Generation, Transmission and Distribution";journal;"17518687, 17518695";"John Wiley &amp; Sons Inc.";Yes;No;0,787;Q2;138;387;1299;14386;4048;1292;2,77;37,17;22,29;0;United Kingdom;Western Europe;"John Wiley &amp; Sons Inc.";"2007-2026";"Control and Systems Engineering (Q2); Electrical and Electronic Engineering (Q2); Energy Engineering and Power Technology (Q2)";"Energy; Engineering"
74;13182;"Progress in Nuclear Energy";journal;"01491970";"Elsevier Ltd";No;No;0,785;Q2;98;395;1031;15945;3571;1030;3,40;40,37;24,09;5;United Kingdom;Western Europe;"Elsevier Ltd";"1977-1988, 1990-1992, 1994-2026";"Nuclear Energy and Engineering (Q1); Safety, Risk, Reliability and Quality (Q1); Energy Engineering and Power Technology (Q2); Waste Management and Disposal (Q2)";"Energy; Engineering; Environmental Science"
75;21101067067;"Lithologic Reservoirs";journal;"16738926";"Science Press";No;No;0,783;Q2;22;64;306;2190;647;306;2,38;34,22;31,72;0;China;Asiatic Region;"Science Press";"2019-2026";"Geology (Q1); Energy Engineering and Power Technology (Q2); Fuel Technology (Q2); Geophysics (Q2); Geotechnical Engineering and Engineering Geology (Q2)";"Earth and Planetary Sciences; Energy"
76;21100853806;"Molecular Systems Design and Engineering";journal;"20589689";"Royal Society of Chemistry";No;No;0,783;Q2;51;107;383;6808;1315;376;3,16;63,63;28,27;1;United Kingdom;Western Europe;"Royal Society of Chemistry";"2016-2026";"Chemical Engineering (miscellaneous) (Q1); Chemistry (miscellaneous) (Q1); Industrial and Manufacturing Engineering (Q1); Materials Chemistry (Q1); Biomedical Engineering (Q2); Energy Engineering and Power Technology (Q2); Process Chemistry and Technology (Q2)";"Chemical Engineering; Chemistry; Energy; Engineering; Materials Science"
77;83986;"Gaodianya Jishu/High Voltage Engineering";journal;"10036520";"Science Press";No;No;0,781;Q2;81;507;1470;16987;5346;1470;3,83;33,50;29,77;0;China;Asiatic Region;"Science Press";"2001-2026";"Electrical and Electronic Engineering (Q2); Energy Engineering and Power Technology (Q2)";"Energy; Engineering"
78;21101048373;"Current Sustainable/Renewable Energy Reports";journal;"21963010";"Springer International Publishing";No;No;0,769;Q2;34;23;59;1873;193;59;3,05;81,43;16,39;6;Switzerland;Western Europe;"Springer International Publishing";"2014-2026";"Engineering (miscellaneous) (Q1); Energy Engineering and Power Technology (Q2); Fuel Technology (Q2); Renewable Energy, Sustainability and the Environment (Q2)";"Energy; Engineering"
79;4800152404;"Dianli Zidonghua Shebei/Electric Power Automation Equipment";journal;"10066047";"Electric Power Automation Equipment Press";No;No;0,746;Q2;62;348;1111;8054;3863;1109;3,69;23,14;32,07;0;China;Asiatic Region;"Electric Power Automation Equipment Press";"2005-2026";"Control and Systems Engineering (Q2); Electrical and Electronic Engineering (Q2); Energy Engineering and Power Technology (Q2)";"Energy; Engineering"
80;21100825187;"ChemNanoMat";journal;"2199692X";"Wiley-VCH Verlag";No;No;0,743;Q2;60;191;585;12739;1802;579;2,99;66,70;34,55;0;Germany;Western Europe;"Wiley-VCH Verlag";"2015-2026";"Biomaterials (Q2); Energy Engineering and Power Technology (Q2); Materials Chemistry (Q2); Renewable Energy, Sustainability and the Environment (Q2)";"Energy; Materials Science"
81;16392;"Chemical Engineering and Processing - Process Intensification";journal;"02552701";"Elsevier B.V.";No;No;0,739;Q2;139;302;1133;15922;4996;1128;4,36;52,72;29,34;0;Netherlands;Western Europe;"Elsevier B.V.";"1984-2026";"Chemical Engineering (miscellaneous) (Q1); Industrial and Manufacturing Engineering (Q1); Chemistry (miscellaneous) (Q2); Energy Engineering and Power Technology (Q2); Process Chemistry and Technology (Q2)";"Chemical Engineering; Chemistry; Energy; Engineering"
82;21101140437;"Energy Advances";journal;"27531457";"Royal Society of Chemistry";Yes;No;0,739;Q2;27;184;89;13791;292;88;3,28;74,95;25,28;2;United Kingdom;Western Europe;"Royal Society of Chemistry";"2022-2026";"Energy Engineering and Power Technology (Q2); Energy (miscellaneous) (Q2); Fuel Technology (Q2); Renewable Energy, Sustainability and the Environment (Q2)";"Energy"
83;4700152713;"Energy Sources, Part B: Economics, Planning and Policy";journal;"15567249, 15567257";"Taylor and Francis Ltd.";No;No;0,733;Q2;60;44;145;2883;586;139;4,01;65,52;27,46;3;United Kingdom;Western Europe;"Taylor and Francis Ltd.";"2006-2026";"Chemical Engineering (miscellaneous) (Q1); Nuclear Energy and Engineering (Q1); Energy Engineering and Power Technology (Q2); Environmental Science (miscellaneous) (Q2); Fuel Technology (Q2); Renewable Energy, Sustainability and the Environment (Q2)";"Chemical Engineering; Energy; Environmental Science"
84;18909;"SPE Reservoir Evaluation and Engineering";journal;"19300212, 10946470";"Society of Petroleum Engineers (SPE)";No;No;0,725;Q2;0;0;0;0;0;0;0,00;0,00;0,00;0;United States;Northern America;"Society of Petroleum Engineers (SPE)";"1999-2023";"Geology (Q1); Energy Engineering and Power Technology (Q2); Energy (miscellaneous) (Q2); Fuel Technology (Q2)";"Earth and Planetary Sciences; Energy"
85;27019;"Journal of Energy Resources Technology";journal;"15288994, 01950738";"American Society of Mechanical Engineers (ASME)";No;No;0,716;Q2;74;189;934;7659;2666;929;3,08;40,52;23,92;0;United States;Northern America;"American Society of Mechanical Engineers (ASME)";"1979-2024";"Mechanical Engineering (Q1); Energy Engineering and Power Technology (Q2); Fuel Technology (Q2); Geochemistry and Petrology (Q2); Renewable Energy, Sustainability and the Environment (Q2)";"Earth and Planetary Sciences; Energy; Engineering"
86;21100897123;"Natural Gas Industry B";journal;"23528559, 23528540";"KeAi Communications Co.";Yes;Yes;0,701;Q2;40;52;192;2471;728;191;4,36;47,52;25,56;0;China;Asiatic Region;"KeAi Communications Co.";"2014-2026";"Geology (Q1); Energy Engineering and Power Technology (Q2); Geotechnical Engineering and Engineering Geology (Q2); Modeling and Simulation (Q2); Process Chemistry and Technology (Q2)";"Chemical Engineering; Earth and Planetary Sciences; Energy; Mathematics"
87;13559;"Journal of Loss Prevention in the Process Industries";journal;"09504230";"Elsevier B.V.";No;No;0,689;Q2;117;223;764;9384;3220;756;4,06;42,08;31,41;4;Netherlands;Western Europe;"Elsevier B.V.";"1988-2026";"Food Science (Q1); Chemical Engineering (miscellaneous) (Q2); Control and Systems Engineering (Q2); Energy Engineering and Power Technology (Q2); Industrial and Manufacturing Engineering (Q2); Management Science and Operations Research (Q2); Safety, Risk, Reliability and Quality (Q2)";"Agricultural and Biological Sciences; Chemical Engineering; Decision Sciences; Energy; Engineering"
88;21100240100;"Sustainability (Switzerland)";journal;"20711050";"Multidisciplinary Digital Publishing Institute (MDPI)";Yes;No;0,672;Q2;242;16596;41600;1032593;180502;41251;3,95;62,22;37,40;687;Switzerland;Western Europe;"Multidisciplinary Digital Publishing Institute (MDPI)";"2009-2026";"Geography, Planning and Development (Q1); Computer Networks and Communications (Q2); Energy Engineering and Power Technology (Q2); Environmental Science (miscellaneous) (Q2); Hardware and Architecture (Q2); Management, Monitoring, Policy and Law (Q2); Renewable Energy, Sustainability and the Environment (Q2)";"Computer Science; Energy; Environmental Science; Social Sciences"
89;21101059924;"IET Energy Systems Integration";journal;"25168401";"John Wiley and Sons Ltd";Yes;No;0,668;Q2;24;34;121;1313;340;116;2,18;38,62;23,94;0;United Kingdom;Western Europe;"John Wiley and Sons Ltd";"2019-2026";"Engineering (miscellaneous) (Q1); Energy Engineering and Power Technology (Q2); Environmental Engineering (Q2); Renewable Energy, Sustainability and the Environment (Q2)";"Energy; Engineering; Environmental Science"
90;21100905390;"Batteries";journal;"23130105";"Multidisciplinary Digital Publishing Institute (MDPI)";Yes;No;0,659;Q2;68;594;433;36496;2150;429;4,92;61,44;29,82;17;Switzerland;Western Europe;"Multidisciplinary Digital Publishing Institute (MDPI)";"2015-2026";"Electrical and Electronic Engineering (Q2); Electrochemistry (Q2); Energy Engineering and Power Technology (Q2)";"Chemistry; Energy; Engineering"
91;21101089141;"Petroleum Science Bulletin";journal;"20961693";"Tsinghua University Press";No;No;0,659;Q2;23;66;156;2853;390;156;2,40;43,23;24,52;0;China;Asiatic Region;"Tsinghua University Press";"2019-2026";"Engineering (miscellaneous) (Q1); Energy Engineering and Power Technology (Q2); Energy (miscellaneous) (Q2); Fuel Technology (Q2)";"Energy; Engineering"
92;62932;"Energies";journal;"19961073";"Multidisciplinary Digital Publishing Institute (MDPI)";Yes;No;0,651;Q2;201;8101;24739;450029;90343;24412;3,57;55,55;25,81;236;Switzerland;Western Europe;"Multidisciplinary Digital Publishing Institute (MDPI)";"2008-2026";"Engineering (miscellaneous) (Q1); Control and Optimization (Q2); Electrical and Electronic Engineering (Q2); Energy Engineering and Power Technology (Q2); Energy (miscellaneous) (Q2); Fuel Technology (Q2); Renewable Energy, Sustainability and the Environment (Q2)";"Energy; Engineering; Mathematics"
93;21101132922;"e-Prime - Advances in Electrical Engineering, Electronics and Energy";journal;"27726711";"Elsevier Ltd";Yes;No;0,649;Q2;34;288;84;12584;382;83;4,55;43,69;20,47;4;United Kingdom;Western Europe;"Elsevier Ltd";"2021-2026";"Engineering (miscellaneous) (Q1); Electrical and Electronic Engineering (Q2); Energy Engineering and Power Technology (Q2)";"Energy; Engineering"
94;29360;"Energy and Environment";journal;"0958305X, 20484070";"SAGE Publications Inc.";No;No;0,644;Q2;55;146;227;10151;948;227;4,72;69,53;27,19;0;United Kingdom;Western Europe;"SAGE Publications Inc.";"1981, 1995-2026";"Energy Engineering and Power Technology (Q2); Energy (miscellaneous) (Q2); Environmental Engineering (Q2); Renewable Energy, Sustainability and the Environment (Q2)";"Energy; Environmental Science"
95;15069;"World Patent Information";journal;"01722190";"Elsevier Ltd";No;No;0,633;Q2;42;48;95;2558;296;88;2,12;53,29;35,43;2;United Kingdom;Western Europe;"Elsevier Ltd";"1979-2026";"Library and Information Sciences (Q1); Bioengineering (Q2); Computer Science Applications (Q2); Energy Engineering and Power Technology (Q2); Fuel Technology (Q2); Process Chemistry and Technology (Q2); Renewable Energy, Sustainability and the Environment (Q2)";"Chemical Engineering; Computer Science; Energy; Social Sciences"
96;21100855744;"Petroleum";journal;"24055816, 24056561";"KeAi Communications Co.";Yes;No;0,625;Q2;53;57;163;2655;696;163;3,38;46,58;25,52;0;China;Asiatic Region;"KeAi Communications Co.";"2015-2026";"Energy Engineering and Power Technology (Q2); Fuel Technology (Q2); Geochemistry and Petrology (Q2); Geology (Q2); Geotechnical Engineering and Engineering Geology (Q2)";"Earth and Planetary Sciences; Energy"
97;19900193870;"Frontiers in Energy";journal;"20951698, 20951701";"Higher Education Press Limited Company";No;No;0,617;Q2;48;46;231;3010;702;220;2,62;65,43;31,71;3;China;Asiatic Region;"Higher Education Press Limited Company";"2011-2025";"Energy Engineering and Power Technology (Q2)";"Energy"
98;21100241220;"International Transactions on Electrical Energy Systems";journal;"20507038";"John Wiley and Sons Inc";Yes;No;0,577;Q2;68;151;1319;6204;3834;1319;2,86;41,09;22,27;1;China;Asiatic Region;"John Wiley and Sons Inc";"2012-2026";"Electrical and Electronic Engineering (Q2); Energy Engineering and Power Technology (Q2); Modeling and Simulation (Q2)";"Energy; Engineering; Mathematics"
99;21101123950;"Journal of Electrochemistry";journal;"10063471, 2993074X";"Chinese Chemical Society";No;No;0,575;Q2;22;53;240;2424;452;232;1,96;45,74;33,73;0;China;Asiatic Region;"Chinese Chemical Society";"2012-2026";"Electrochemistry (Q2); Energy Engineering and Power Technology (Q2); Fuel Technology (Q2); Surfaces, Coatings and Films (Q2)";"Chemistry; Energy; Materials Science"
100;26541;"Fuel Cells";journal;"16156846, 16156854";"John Wiley and Sons Ltd";No;No;0,572;Q2;85;43;162;1723;483;156;2,33;40,07;23,76;0;United Kingdom;Western Europe;"John Wiley and Sons Ltd";"2003-2026";"Energy Engineering and Power Technology (Q2); Renewable Energy, Sustainability and the Environment (Q2)";"Energy"
101;21101048366;"Energy Informatics";journal;"25208942";"SpringerOpen";Yes;No;0,568;Q2;33;43;144;2210;485;138;2,99;51,40;16,95;4;United Kingdom;Western Europe;"SpringerOpen";"2018-2026";"Computer Networks and Communications (Q2); Energy Engineering and Power Technology (Q2); Information Systems (Q2)";"Computer Science; Energy"
102;21100786317;"Frontiers in Energy Research";journal;"2296598X";"Frontiers Media SA";Yes;No;0,560;Q2;87;1427;2995;54858;8624;2874;2,50;38,44;30,79;25;Switzerland;Western Europe;"Frontiers Media SA";"2013-2026";"Economics and Econometrics (Q2); Energy Engineering and Power Technology (Q2); Fuel Technology (Q2); Renewable Energy, Sustainability and the Environment (Q3)";"Economics, Econometrics and Finance; Energy"
103;21100936535;"Clean Energy";journal;"25154230, 2515396X";"Oxford University Press";Yes;Yes;0,559;Q2;35;98;163;5568;572;160;3,57;56,82;23,75;4;United Kingdom;Western Europe;"Oxford University Press";"2017-2026";"Energy Engineering and Power Technology (Q2); Environmental Engineering (Q2); Management, Monitoring, Policy and Law (Q2); Renewable Energy, Sustainability and the Environment (Q3)";"Energy; Environmental Science"
104;21100784443;"International Journal of Sustainable Energy Planning and Management";journal;"22462929";"Aalborg University press";Yes;Yes;0,551;Q2;32;22;98;1176;261;94;2,51;53,45;28,74;2;Denmark;Western Europe;"Aalborg University press";"2014-2025";"Energy Engineering and Power Technology (Q2); Geography, Planning and Development (Q2); Renewable Energy, Sustainability and the Environment (Q3)";"Energy; Social Sciences"
105;21101034519;"Global Energy Interconnection";journal;"25900358, 20965117";"KeAi Publishing Communications Ltd.";Yes;Yes;0,541;Q2;33;60;177;1139;631;177;3,52;18,98;29,67;0;China;Asiatic Region;"KeAi Publishing Communications Ltd.";"2018-2026";"Automotive Engineering (Q2); Control and Systems Engineering (Q2); Electrical and Electronic Engineering (Q2); Energy Engineering and Power Technology (Q2); Renewable Energy, Sustainability and the Environment (Q3)";"Energy; Engineering"
106;4500151514;"Energy Sources, Part A: Recovery, Utilization and Environmental Effects";journal;"15567230, 15567036";"Taylor &amp; Francis Group LLC";No;No;0,517;Q2;75;804;1141;31796;3339;1141;2,84;39,55;25,93;2;United States;Northern America;"Taylor &amp; Francis Group LLC";"2006-2026";"Energy Engineering and Power Technology (Q2); Fuel Technology (Q2); Nuclear Energy and Engineering (Q2); Renewable Energy, Sustainability and the Environment (Q3)";"Energy"
107;13711;"Combustion Theory and Modelling";journal;"13647830, 17413559";"Taylor and Francis Ltd.";No;No;0,513;Q2;72;43;165;1985;298;164;1,82;46,16;25,19;0;United Kingdom;Western Europe;"Taylor and Francis Ltd.";"1997-2026";"Chemical Engineering (miscellaneous) (Q2); Chemistry (miscellaneous) (Q2); Energy Engineering and Power Technology (Q2); Fuel Technology (Q2); Modeling and Simulation (Q2); Physics and Astronomy (miscellaneous) (Q2)";"Chemical Engineering; Chemistry; Energy; Mathematics; Physics and Astronomy"
108;17012;"Journal of Petroleum Geology";journal;"17475457, 01416421";"John Wiley and Sons Inc";No;No;0,513;Q2;60;18;62;1353;108;61;1,90;75,17;16,92;1;United States;Northern America;"John Wiley and Sons Inc";"1978-2026";"Earth and Planetary Sciences (miscellaneous) (Q2); Energy Engineering and Power Technology (Q2); Fuel Technology (Q2); Geology (Q2)";"Earth and Planetary Sciences; Energy"
109;18899;"SPE Drilling and Completion";journal;"10646671";"Society of Petroleum Engineers (SPE)";No;No;0,513;Q2;0;0;0;0;0;0;0,00;0,00;0,00;0;United States;Northern America;"Society of Petroleum Engineers (SPE)";"1993-2023";"Energy Engineering and Power Technology (Q2); Mechanical Engineering (Q2)";"Energy; Engineering"
110;19800188068;"International Journal of Spray and Combustion Dynamics";journal;"17568277, 17568285";"SAGE Publications Inc.";Yes;No;0,510;Q2;26;18;40;786;71;39;1,74;43,67;24,29;1;United Kingdom;Western Europe;"SAGE Publications Inc.";"2011-2026";"Automotive Engineering (Q2); Energy Engineering and Power Technology (Q2); Physics and Astronomy (miscellaneous) (Q2)";"Energy; Engineering; Physics and Astronomy"
111;21100217227;"Iranian Journal of Science and Technology - Transactions of Electrical Engineering";journal;"23641827, 22286179";"Springer Nature";No;No;0,509;Q2;31;108;295;3853;865;295;2,61;35,68;20,88;0;Switzerland;Western Europe;"Springer Nature";"2012-2013, 2016-2026";"Computer Networks and Communications (Q2); Computer Vision and Pattern Recognition (Q2); Electrical and Electronic Engineering (Q2); Energy Engineering and Power Technology (Q2); Signal Processing (Q3)";"Computer Science; Energy; Engineering"
112;25199;"Journal of Solid State Electrochemistry";journal;"14328488, 14330768";"Springer Verlag";No;No;0,509;Q2;105;288;844;14898;2140;831;2,56;51,73;37,85;0;Germany;Western Europe;"Springer Verlag";"1997-2026";"Condensed Matter Physics (Q2); Electrical and Electronic Engineering (Q2); Energy Engineering and Power Technology (Q2); Materials Chemistry (Q2); Materials Science (miscellaneous) (Q2); Electrochemistry (Q3)";"Chemistry; Energy; Engineering; Materials Science; Physics and Astronomy"
113;92266;"Scientific Drilling";journal;"18163459, 18168957";"Copernicus Publications";Yes;Yes;0,507;Q2;32;9;30;549;55;30;1,94;61,00;31,52;0;Germany;Western Europe;"Copernicus Publications";"2005-2026";"Energy Engineering and Power Technology (Q2); Mechanical Engineering (Q2)";"Energy; Engineering"
114;20962;"Journal of Engineering for Gas Turbines and Power";journal;"15288919, 07424795";"American Society of Mechanical Engineers (ASME)";No;No;0,506;Q2;111;241;785;7876;1657;783;2,10;32,68;16,63;3;United States;Northern America;"American Society of Mechanical Engineers (ASME)";"1960-2026";"Aerospace Engineering (Q2); Energy Engineering and Power Technology (Q2); Fuel Technology (Q2); Mechanical Engineering (Q2); Nuclear Energy and Engineering (Q2)";"Energy; Engineering"
115;21100788435;"Journal of Electrochemical Energy Conversion and Storage";journal;"23816910, 23816872";"American Society of Mechanical Engineers (ASME)";No;No;0,488;Q2;30;59;202;2524;528;194;2,63;42,78;28,11;0;United States;Northern America;"American Society of Mechanical Engineers (ASME)";"2016-2026";"Electronic, Optical and Magnetic Materials (Q2); Energy Engineering and Power Technology (Q2); Mechanical Engineering (Q2); Mechanics of Materials (Q2); Renewable Energy, Sustainability and the Environment (Q3)";"Energy; Engineering; Materials Science"
116;13321;"Journal of Solar Energy Engineering";journal;"15288986, 01996231";"American Society of Mechanical Engineers (ASME)";No;No;0,488;Q2;101;76;240;3406;584;238;2,36;44,82;17,03;0;United States;Northern America;"American Society of Mechanical Engineers (ASME)";"1980-2026";"Energy Engineering and Power Technology (Q2); Renewable Energy, Sustainability and the Environment (Q3)";"Energy"
117;21100905391;"International Journal of Renewable Energy Development";journal;"22524940";"Diponegoro university Indonesia - Center of Biomass and Renewable Energy (CBIORE)";Yes;No;0,485;Q2;32;107;233;5580;688;233;2,92;52,15;22,86;2;Indonesia;Asiatic Region;"Diponegoro university Indonesia - Center of Biomass and Renewable Energy (CBIORE)";"2012-2026";"Energy Engineering and Power Technology (Q2); Environmental Engineering (Q2); Energy (miscellaneous) (Q3); Renewable Energy, Sustainability and the Environment (Q3)";"Energy; Environmental Science"
118;29383;"Energy Exploration and Exploitation";journal;"20484054, 01445987";"SAGE Publications Inc.";Yes;No;0,477;Q2;50;106;341;4513;939;339;2,40;42,58;30,10;0;United Kingdom;Western Europe;"SAGE Publications Inc.";"1983-1985, 1987-1988, 1995-2026";"Energy Engineering and Power Technology (Q2); Fuel Technology (Q2); Nuclear Energy and Engineering (Q2); Renewable Energy, Sustainability and the Environment (Q3)";"Energy"
119;21100812570;"Journal of Ocean Engineering and Marine Energy";journal;"21986452, 21986444";"Springer International Publishing AG";No;No;0,472;Q2;38;44;94;1880;239;93;2,25;42,73;20,98;0;Switzerland;Western Europe;"Springer International Publishing AG";"2015-2026";"Energy Engineering and Power Technology (Q2); Ocean Engineering (Q2); Water Science and Technology (Q2); Renewable Energy, Sustainability and the Environment (Q3)";"Energy; Engineering; Environmental Science"
120;21100197173;"International Journal of Energy for a Clean Environment";journal;"2150363X, 21503621";"Begell House Inc.";No;No;0,465;Q2;22;59;117;1841;193;111;1,48;31,20;22,36;0;United States;Northern America;"Begell House Inc.";"2008-2025";"Automotive Engineering (Q2); Energy Engineering and Power Technology (Q2); Pollution (Q3)";"Energy; Engineering; Environmental Science"
121;12400154727;"International Journal of Coal Preparation and Utilization";journal;"19392699, 19392702";"Routledge";No;No;0,455;Q2;41;122;365;4388;816;365;2,18;35,97;27,67;0;United Kingdom;Western Europe;"Routledge";"1999, 2003-2005, 2007-2026";"Chemical Engineering (miscellaneous) (Q2); Energy Engineering and Power Technology (Q2); Fuel Technology (Q2); Geotechnical Engineering and Engineering Geology (Q2); Mechanical Engineering (Q2)";"Chemical Engineering; Earth and Planetary Sciences; Energy; Engineering"
122;16278;"Journal of Energy Engineering";journal;"19437897, 07339402";"American Society of Civil Engineers (ASCE)";No;No;0,446;Q2;43;74;224;2954;493;224;2,21;39,92;27,99;0;United States;Northern America;"American Society of Civil Engineers (ASCE)";"1982-2026";"Civil and Structural Engineering (Q2); Energy Engineering and Power Technology (Q2); Nuclear Energy and Engineering (Q2); Renewable Energy, Sustainability and the Environment (Q3); Waste Management and Disposal (Q3)";"Energy; Engineering; Environmental Science"
123;21100244214;"Journal of Control, Automation and Electrical Systems";journal;"21953880, 21953899";"Springer Science + Business Media";No;No;0,443;Q2;35;102;417;3528;884;416;2,01;34,59;14,56;0;United States;Northern America;"Springer Science + Business Media";"2013-2026";"Electrical and Electronic Engineering (Q2); Energy Engineering and Power Technology (Q2); Computer Science Applications (Q3); Control and Systems Engineering (Q3)";"Computer Science; Energy; Engineering"
124;26332;"Shiyou Diqiu Wuli Kantan/Oil Geophysical Prospecting";journal;"10007210";"";No;No;0,432;Q2;33;151;469;4310;716;469;1,73;28,54;28,19;0;China;Asiatic Region;"";"1998, 2001-2025";"Energy Engineering and Power Technology (Q2); Geology (Q2); Geotechnical Engineering and Engineering Geology (Q2)";"Earth and Planetary Sciences; Energy"
125;13850;"Wind Engineering";journal;"0309524X, 2048402X";"SAGE Publications Inc.";No;No;0,431;Q2;57;68;271;2465;564;271;2,06;36,25;21,29;0;United Kingdom;Western Europe;"SAGE Publications Inc.";"1977-2026";"Energy Engineering and Power Technology (Q2); Renewable Energy, Sustainability and the Environment (Q3)";"Energy"
126;11000153739;"SPE Production and Operations";journal;"19301855";"Society of Petroleum Engineers (SPE)";No;No;0,425;Q2;0;0;0;0;0;0;0,00;0,00;0,00;0;United States;Northern America;"Society of Petroleum Engineers (SPE)";"2001, 2003, 2006-2023";"Energy Engineering and Power Technology (Q2); Fuel Technology (Q2)";"Energy"
127;21101080188;"Science and Technology for Energy Transition (STET)";journal;"28047699";"Editions Technip";Yes;Yes;0,424;Q2;81;43;190;2378;363;186;1,90;55,30;23,64;1;France;Western Europe;"Editions Technip";"2022-2026";"Chemical Engineering (miscellaneous) (Q2); Energy Engineering and Power Technology (Q2); Fuel Technology (Q3)";"Chemical Engineering; Energy"
128;21100810612;"IEEJ Journal of Industry Applications";journal;"21871108, 21871094";"The Institute of Electrical Engineers of Japan";No;No;0,423;Q3;30;130;276;2645;429;276;1,67;20,35;12,37;0;Japan;Asiatic Region;"The Institute of Electrical Engineers of Japan";"2012-2026";"Automotive Engineering (Q2); Electrical and Electronic Engineering (Q2); Industrial and Manufacturing Engineering (Q2); Mechanical Engineering (Q2); Energy Engineering and Power Technology (Q3)";"Energy; Engineering"
129;14393;"International Journal of Computational Fluid Dynamics";journal;"10618562, 10290257";"Taylor and Francis Ltd.";No;No;0,423;Q3;52;40;148;1735;213;140;1,15;43,38;19,08;0;United Kingdom;Western Europe;"Taylor and Francis Ltd.";"1993-2026";"Aerospace Engineering (Q2); Computational Mechanics (Q2); Condensed Matter Physics (Q2); Mechanical Engineering (Q2); Mechanics of Materials (Q2); Energy Engineering and Power Technology (Q3)";"Energy; Engineering; Physics and Astronomy"
130;4400151708;"Zhongguo Shiyou Daxue Xuebao (Ziran Kexue Ban)/Journal of China University of Petroleum (Edition of Natural Science)";journal;"16735005";"University of Petroleum, China";No;No;0,422;Q3;39;125;390;3388;573;390;1,45;27,10;30,20;0;China;Asiatic Region;"University of Petroleum, China";"2006-2025";"Chemical Engineering (miscellaneous) (Q2); Mechanical Engineering (Q2); Control and Systems Engineering (Q3); Energy Engineering and Power Technology (Q3); Fuel Technology (Q3); Geotechnical Engineering and Engineering Geology (Q3)";"Chemical Engineering; Earth and Planetary Sciences; Energy; Engineering"
131;21101029746;"Foundations and Trends in Electric Energy Systems";journal;"23326557, 23326565";"Now Publishers Inc";No;No;0,421;Q3;8;5;4;634;5;4;1,00;126,80;26,67;0;United States;Northern America;"Now Publishers Inc";"2017-2025";"Electrical and Electronic Engineering (Q2); Control and Systems Engineering (Q3); Energy Engineering and Power Technology (Q3)";"Energy; Engineering"
132;26881;"Combustion Science and Technology";journal;"1563521X, 00102202";"Taylor and Francis Ltd.";No;No;0,416;Q3;94;218;467;8282;1059;466;2,32;37,99;25,56;3;United Kingdom;Western Europe;"Taylor and Francis Ltd.";"1969-2026";"Chemical Engineering (miscellaneous) (Q2); Chemistry (miscellaneous) (Q2); Physics and Astronomy (miscellaneous) (Q2); Energy Engineering and Power Technology (Q3); Fuel Technology (Q3)";"Chemical Engineering; Chemistry; Energy; Physics and Astronomy"
133;25014;"Meitiandizhi Yu Kantan/Coal Geology and Exploration";journal;"10011986";"Science China Press";Yes;No;0,414;Q3;30;242;636;9025;1056;636;1,90;37,29;28,66;0;China;Asiatic Region;"Science China Press";"1998, 2001-2003, 2019-2026";"Geology (Q2); Energy Engineering and Power Technology (Q3); Fuel Technology (Q3); Geotechnical Engineering and Engineering Geology (Q3)";"Earth and Planetary Sciences; Energy"
134;21100283367;"International Journal of Prognostics and Health Management";journal;"21532648";"Prognostics and Health Management Society";Yes;Yes;0,408;Q3;31;27;76;832;148;74;1,65;30,81;18,89;0;United States;Northern America;"Prognostics and Health Management Society";"2010-2026";"Computer Science (miscellaneous) (Q2); Mechanical Engineering (Q2); Safety, Risk, Reliability and Quality (Q2); Civil and Structural Engineering (Q3); Energy Engineering and Power Technology (Q3)";"Computer Science; Energy; Engineering"
135;21100836837;"AIMS Energy";journal;"23338326, 23338334";"AIMS Press";Yes;No;0,406;Q3;31;59;177;3059;403;172;2,05;51,85;18,81;2;United States;Northern America;"AIMS Press";"2014, 2016-2026";"Energy Engineering and Power Technology (Q3); Fuel Technology (Q3); Renewable Energy, Sustainability and the Environment (Q3)";"Energy"
136;21101090590;"Energy Storage";journal;"25784862";"John Wiley and Sons Inc";No;No;0,406;Q3;28;118;81;6334;252;81;2,87;53,68;20,98;0;United States;Northern America;"John Wiley and Sons Inc";"2019-2026";"Energy Engineering and Power Technology (Q3); Renewable Energy, Sustainability and the Environment (Q3)";"Energy"
137;20118;"Journal of Southwest Petroleum University(Science &amp; Technology Edition)";journal;"16745086";"Science Press";No;No;0,405;Q3;26;101;348;3137;351;348;1,13;31,06;29,98;0;China;Asiatic Region;"Science Press";"2008-2025";"Geology (Q2); Energy Engineering and Power Technology (Q3); Geotechnical Engineering and Engineering Geology (Q3)";"Earth and Planetary Sciences; Energy"
138;17768;"Ugol";journal;"24128333, 00415790";"Ugol'";No;No;0,387;Q3;19;158;430;2410;397;428;1,04;15,25;47,72;0;Russian Federation;Eastern Europe;"Ugol'";"1970, 1974, 1976-1988, 2001-2005, 2017-2026";"Mechanical Engineering (Q2); Energy Engineering and Power Technology (Q3); Fuel Technology (Q3); Geochemistry and Petrology (Q3); Geotechnical Engineering and Engineering Geology (Q3)";"Earth and Planetary Sciences; Energy; Engineering"
139;21101176039;"Quanqiu Nengyuan Hulianwang";journal;"20965125";"Global Energy Interconnection Development and Cooperation Organization";Yes;Yes;0,386;Q3;23;64;194;1933;433;194;2,26;30,20;34,03;0;China;Asiatic Region;"Global Energy Interconnection Development and Cooperation Organization";"2019-2026";"Electrical and Electronic Engineering (Q3); Energy Engineering and Power Technology (Q3); Renewable Energy, Sustainability and the Environment (Q3)";"Energy; Engineering"
140;19856;"Zhongguo Dianli/Electric Power";journal;"10049649";"Zhongguo Dianli Bianjibu";Yes;No;0,380;Q3;30;270;908;7357;1919;908;2,49;27,25;35,31;0;China;Asiatic Region;"Zhongguo Dianli Bianjibu";"1998, 2001-2003, 2019-2026";"Electrical and Electronic Engineering (Q3); Energy Engineering and Power Technology (Q3); Renewable Energy, Sustainability and the Environment (Q3)";"Energy; Engineering"
141;16031;"Electric Power Components and Systems";journal;"15325016, 15325008";"Taylor and Francis Ltd.";No;No;0,379;Q3;70;279;359;10505;742;358;1,98;37,65;18,95;0;United Kingdom;Western Europe;"Taylor and Francis Ltd.";"2000-2024";"Electrical and Electronic Engineering (Q3); Energy Engineering and Power Technology (Q3); Mechanical Engineering (Q3)";"Energy; Engineering"
142;21100774305;"Journal of Sustainable Development of Energy, Water and Environment Systems";journal;"18489257";"International Centre for Sustainable Development of Energy, Water and Environment Systems SDEWES";Yes;No;0,377;Q3;28;48;150;2551;332;147;2,36;53,15;29,82;1;Croatia;Eastern Europe;"International Centre for Sustainable Development of Energy, Water and Environment Systems SDEWES";"2013-2026";"Environmental Science (miscellaneous) (Q2); Energy Engineering and Power Technology (Q3); Renewable Energy, Sustainability and the Environment (Q3); Water Science and Technology (Q3)";"Energy; Environmental Science"
143;21100837463;"Dianli Jianshe/Electric Power Construction";journal;"10007229";"State Power Economic Research Institute";Yes;Yes;0,369;Q3;28;148;400;4466;965;400;2,80;30,18;32,58;0;China;Asiatic Region;"State Power Economic Research Institute";"2017-2026";"Electrical and Electronic Engineering (Q3); Energy Engineering and Power Technology (Q3); Fuel Technology (Q3); Renewable Energy, Sustainability and the Environment (Q3)";"Energy; Engineering"
144;20405;"Proceedings of the Institution of Mechanical Engineers, Part A: Journal of Power and Energy";journal;"20412967, 09576509";"SAGE Publications Ltd";No;No;0,368;Q3;76;126;328;4730;594;328;1,60;37,54;23,69;0;United Kingdom;Western Europe;"SAGE Publications Ltd";"1983-2026";"Energy Engineering and Power Technology (Q3); Mechanical Engineering (Q3)";"Energy; Engineering"
145;21101018827;"CIGRE Science and Engineering";journal;"24261335";"CIGRE";No;No;0,348;Q3;9;53;135;786;78;122;0,57;14,83;11,03;0;France;Western Europe;"CIGRE";"2019-2025";"Control and Systems Engineering (Q3); Electrical and Electronic Engineering (Q3); Energy Engineering and Power Technology (Q3); Renewable Energy, Sustainability and the Environment (Q3)";"Energy; Engineering"
146;21100943564;"International Journal of Turbomachinery, Propulsion and Power";journal;"2504186X";"Multidisciplinary Digital Publishing Institute (MDPI)";Yes;No;0,340;Q3;21;54;111;1782;170;109;1,37;33,00;9,21;0;Switzerland;Western Europe;"Multidisciplinary Digital Publishing Institute (MDPI)";"2016-2025";"Aerospace Engineering (Q3); Energy Engineering and Power Technology (Q3); Mechanical Engineering (Q3)";"Energy; Engineering"
147;29119;"Physica C: Superconductivity and its Applications";journal;"18732143, 09214534";"Elsevier B.V.";No;No;0,339;Q3;94;138;326;5272;421;326;1,30;38,20;20,82;0;Netherlands;Western Europe;"Elsevier B.V.";"1988-2026";"Condensed Matter Physics (Q3); Electrical and Electronic Engineering (Q3); Electronic, Optical and Magnetic Materials (Q3); Energy Engineering and Power Technology (Q3)";"Energy; Engineering; Materials Science; Physics and Astronomy"
148;54198;"Shuili Fadian Xuebao/Journal of Hydroelectric Engineering";journal;"10031243";"Tsinghua University";No;No;0,333;Q3;31;152;468;5513;934;468;1,99;36,27;29,65;0;China;Asiatic Region;"Tsinghua University";"1998, 2001-2026";"Energy Engineering and Power Technology (Q3); Mechanical Engineering (Q3); Water Science and Technology (Q3)";"Energy; Engineering; Environmental Science"
149;13716;"Petroleum Science and Technology";journal;"15322459, 10916466";"Taylor and Francis Ltd.";No;No;0,325;Q3;68;129;384;4575;639;383;1,53;35,47;26,91;1;United States;Northern America;"Taylor and Francis Ltd.";"1997-2026";"Chemical Engineering (miscellaneous) (Q3); Chemistry (miscellaneous) (Q3); Energy Engineering and Power Technology (Q3); Fuel Technology (Q3); Geotechnical Engineering and Engineering Geology (Q3)";"Chemical Engineering; Chemistry; Earth and Planetary Sciences; Energy"
150;18587;"Shuili Xuebao/Journal of Hydraulic Engineering";journal;"05599350";"International Research and Training Center on Erosion and Sedimentation and China Water and Power Press";No;No;0,321;Q3;48;131;418;1652;838;418;2,00;12,61;34,09;0;China;Asiatic Region;"International Research and Training Center on Erosion and Sedimentation and China Water and Power Press";"1985-1998, 2001-2025";"Energy Engineering and Power Technology (Q3); Mechanical Engineering (Q3); Water Science and Technology (Q3)";"Energy; Engineering; Environmental Science"
151;21101091646;"Electric Power Engineering Technology";journal;"20963203";"";Yes;Yes;0,320;Q3;23;168;527;4619;1043;526;2,21;27,49;32,46;0;China;Asiatic Region;"";"2019-2025";"Electrical and Electronic Engineering (Q3); Energy Engineering and Power Technology (Q3)";"Energy; Engineering"
152;17260;"IEEE Industry Applications Magazine";journal;"15580598, 10772618";"Institute of Electrical and Electronics Engineers Inc.";No;No;0,318;Q3;64;69;229;903;149;168;0,61;13,09;16,67;0;United States;Northern America;"Institute of Electrical and Electronics Engineers Inc.";"1995-2026";"Control and Systems Engineering (Q3); Electrical and Electronic Engineering (Q3); Energy Engineering and Power Technology (Q3); Industrial and Manufacturing Engineering (Q3)";"Energy; Engineering"
153;21100911339;"Energy Harvesting and Systems";journal;"23298774, 23298766";"Walter de Gruyter GmbH";No;No;0,317;Q3;24;33;40;1321;78;40;2,41;40,03;11,84;0;Germany;Western Europe;"Walter de Gruyter GmbH";"2014-2025";"Electrical and Electronic Engineering (Q3); Electrochemistry (Q3); Energy Engineering and Power Technology (Q3); Renewable Energy, Sustainability and the Environment (Q3)";"Chemistry; Energy; Engineering"
154;21100903414;"International Journal of Energy Production and Management";journal;"20563280, 20563272";"International Information and Engineering Technology Association";Yes;No;0,315;Q3;16;29;84;1073;132;84;1,52;37,00;30,67;1;Canada;Northern America;"International Information and Engineering Technology Association";"2016-2025";"Sociology and Political Science (Q2); Energy Engineering and Power Technology (Q3); Renewable Energy, Sustainability and the Environment (Q3); Global and Planetary Change (Q4)";"Energy; Environmental Science; Social Sciences"
155;5800184384;"SOCAR Proceedings";journal;"22186867, 22188622";"Oil Gas Scientific Research Project Institute";No;No;0,315;Q3;33;152;379;4288;759;379;2,13;28,21;33,44;0;Azerbaijan;Eastern Europe;"Oil Gas Scientific Research Project Institute";"2010-2025";"Applied Mathematics (Q3); Chemical Engineering (miscellaneous) (Q3); Chemistry (miscellaneous) (Q3); Energy Engineering and Power Technology (Q3); Energy (miscellaneous) (Q3); Fuel Technology (Q3); Geology (Q3); Geophysics (Q3); Geotechnical Engineering and Engineering Geology (Q3)";"Chemical Engineering; Chemistry; Earth and Planetary Sciences; Energy; Mathematics"
156;21100812137;"New Space";journal;"21680264, 21680256";"Mary Ann Liebert Inc.";No;No;0,311;Q3;20;25;88;670;94;72;1,03;26,80;28,33;3;United States;Northern America;"Mary Ann Liebert Inc.";"2013-2026";"Aerospace Engineering (Q3); Astronomy and Astrophysics (Q3); Energy Engineering and Power Technology (Q3); Safety, Risk, Reliability and Quality (Q3); Tourism, Leisure and Hospitality Management (Q3)";"Business, Management and Accounting; Energy; Engineering; Physics and Astronomy"
157;20144;"Drilling Fluid and Completion Fluid";journal;"10015620";"North China Petroleum Administration Drilling Technology Research Institute";Yes;No;0,309;Q3;20;111;366;2090;336;366;0,90;18,83;30,00;0;China;Asiatic Region;"North China Petroleum Administration Drilling Technology Research Institute";"2002-2026";"Energy Engineering and Power Technology (Q3)";"Energy"
158;21101092814;"Power Generation Technology";journal;"20964528";"";Yes;Yes;0,309;Q3;23;96;278;3062;544;278;2,44;31,90;30,49;0;China;Asiatic Region;"";"2019-2026";"Energy Engineering and Power Technology (Q3); Fuel Technology (Q3); Nuclear Energy and Engineering (Q3); Renewable Energy, Sustainability and the Environment (Q3)";"Energy"
159;21100943513;"Journal of Operation and Automation in Power Engineering";journal;"24234567, 23224576";"University of Mohaghegh Ardabili, Faculty of Electrical Engineering";Yes;Yes;0,306;Q3;15;50;67;1616;127;67;1,93;32,32;22,37;0;Iran;Middle East;"University of Mohaghegh Ardabili, Faculty of Electrical Engineering";"2019-2026";"Applied Mathematics (Q3); Control and Systems Engineering (Q3); Electrical and Electronic Engineering (Q3); Energy Engineering and Power Technology (Q3); Information Systems (Q3)";"Computer Science; Energy; Engineering; Mathematics"
160;21101066743;"Electrical Engineering and Electromechanics";journal;"23093404, 2074272X";"National Technical University "Kharkiv Polytechnic Institute"";Yes;No;0,305;Q3;17;78;180;1810;306;180;2,13;23,21;19,88;0;Ukraine;Eastern Europe;"National Technical University "Kharkiv Polytechnic Institute"";"2019-2026";"Electrical and Electronic Engineering (Q3); Energy Engineering and Power Technology (Q3); Mechanical Engineering (Q3)";"Energy; Engineering"
161;21100835668;"Journal of Thermal Engineering";journal;"21487847";"Yildiz Technical University";Yes;Yes;0,303;Q3;26;123;313;5152;469;313;1,69;41,89;10,87;0;Turkey;Middle East;"Yildiz Technical University";"2015-2026";"Building and Construction (Q3); Energy Engineering and Power Technology (Q3); Fluid Flow and Transfer Processes (Q3)";"Chemical Engineering; Energy; Engineering"
162;12893;"Combustion, Explosion and Shock Waves";journal;"15738345, 00105082";"Pleiades Publishing";No;No;0,296;Q3;54;91;247;2436;267;247;0,94;26,77;26,57;0;United States;Northern America;"Pleiades Publishing";"1965-2025";"Chemical Engineering (miscellaneous) (Q3); Chemistry (miscellaneous) (Q3); Energy Engineering and Power Technology (Q3); Fuel Technology (Q3); Physics and Astronomy (miscellaneous) (Q3)";"Chemical Engineering; Chemistry; Energy; Physics and Astronomy"
163;21100830716;"International Journal on Energy Conversion";journal;"22815295, 25332910";"Praise Worthy Prize S.r.l";No;No;0,296;Q3;15;24;78;860;132;78;1,31;35,83;20,00;0;Italy;Western Europe;"Praise Worthy Prize S.r.l";"2017-2025";"Energy Engineering and Power Technology (Q3); Environmental Engineering (Q3); Fuel Technology (Q3); Nuclear Energy and Engineering (Q3); Renewable Energy, Sustainability and the Environment (Q3)";"Energy; Environmental Science"
164;21100258382;"International Journal of Power Electronics and Drive Systems";journal;"20888694";"Institute of Advanced Engineering and Science";Yes;No;0,295;Q3;37;244;725;7485;1462;725;1,97;30,68;20,78;1;Indonesia;Asiatic Region;"Institute of Advanced Engineering and Science";"2011-2025";"Electrical and Electronic Engineering (Q3); Energy Engineering and Power Technology (Q3)";"Energy; Engineering"
165;13349;"Taiyangneng Xuebao/Acta Energiae Solaris Sinica";journal;"02540096";"Science Press";No;No;0,295;Q3;37;821;2284;16749;2827;2284;1,27;20,40;32,89;0;China;Asiatic Region;"Science Press";"1986-2025";"Atomic and Molecular Physics, and Optics (Q3); Electronic, Optical and Magnetic Materials (Q3); Energy Engineering and Power Technology (Q3); Renewable Energy, Sustainability and the Environment (Q3)";"Energy; Materials Science; Physics and Astronomy"
166;21100842801;"Energetika. Proceedings of CIS Higher Education Institutions and Power Engineering Associations";journal;"24140341, 10297448";"Belarusian National Technical University";Yes;Yes;0,291;Q3;11;38;129;921;75;129;0,60;24,24;30,36;1;Belarus;Eastern Europe;"Belarusian National Technical University";"2015, 2017-2025";"Energy Engineering and Power Technology (Q3); Nuclear Energy and Engineering (Q3); Renewable Energy, Sustainability and the Environment (Q3)";"Energy"
167;17080;"Oil Shale";journal;"0208189X, 17367492";"Estonian Academy Publishers";Yes;No;0,290;Q3;35;17;54;645;93;53;1,35;37,94;30,86;0;Estonia;Eastern Europe;"Estonian Academy Publishers";"1996-2004, 2006-2026";"Energy Engineering and Power Technology (Q3); Fuel Technology (Q3); Geotechnical Engineering and Engineering Geology (Q3)";"Earth and Planetary Sciences; Energy"
168;21100450083;"Eastern-European Journal of Enterprise Technologies";journal;"17293774, 17294061";"Technology Center";Yes;No;0,288;Q3;42;565;1714;14668;2109;1714;1,31;25,96;39,42;2;Ukraine;Eastern Europe;"Technology Center";"2013-2025";"Applied Mathematics (Q3); Computer Science Applications (Q3); Control and Systems Engineering (Q3); Electrical and Electronic Engineering (Q3); Energy Engineering and Power Technology (Q3); Food Science (Q3); Industrial and Manufacturing Engineering (Q3); Management of Technology and Innovation (Q3); Mechanical Engineering (Q3); Environmental Chemistry (Q4)";"Agricultural and Biological Sciences; Business, Management and Accounting; Computer Science; Energy; Engineering; Environmental Science; Mathematics"
169;4000151909;"International Journal of Emerging Electric Power Systems";journal;"1553779X, 21945756";"Walter de Gruyter GmbH";No;No;0,288;Q3;32;71;183;1930;300;183;1,59;27,18;30,40;0;Germany;Western Europe;"Walter de Gruyter GmbH";"2004-2026";"Energy Engineering and Power Technology (Q3)";"Energy"
170;18766;"Petroleum Chemistry";journal;"15556239, 09655441";"Pleiades Publishing";No;No;0,284;Q3;38;128;421;4841;581;421;1,32;37,82;44,07;0;United States;Northern America;"Pleiades Publishing";"1991-2026";"Chemical Engineering (miscellaneous) (Q3); Chemistry (miscellaneous) (Q3); Energy Engineering and Power Technology (Q3); Fuel Technology (Q3); Geochemistry and Petrology (Q3)";"Chemical Engineering; Chemistry; Earth and Planetary Sciences; Energy"
171;19700186875;"Computational Thermal Sciences";journal;"19402554, 19402503";"Begell House Inc.";No;No;0,281;Q3;27;32;97;1143;140;95;1,44;35,72;21,33;0;United States;Northern America;"Begell House Inc.";"2009-2025";"Computational Mathematics (Q3); Energy Engineering and Power Technology (Q3); Fluid Flow and Transfer Processes (Q3); Surfaces and Interfaces (Q3)";"Chemical Engineering; Energy; Mathematics; Physics and Astronomy"
172;21100258747;"International Journal of Renewable Energy Research";journal;"13090127";"Gazi Universitesi";Yes;No;0,281;Q3;50;148;574;5370;837;574;1,40;36,28;22,41;0;Turkey;Middle East;"Gazi Universitesi";"2011-2026";"Energy Engineering and Power Technology (Q3); Renewable Energy, Sustainability and the Environment (Q4)";"Energy"
173;7700153114;"Journal of Engineering Thermophysics";journal;"18102328, 19905432";"Pleiades Publishing";No;No;0,276;Q3;31;59;170;1962;216;170;1,54;33,25;17,86;0;United States;Northern America;"Pleiades Publishing";"2007-2025";"Condensed Matter Physics (Q3); Energy Engineering and Power Technology (Q3); Environmental Engineering (Q3); Modeling and Simulation (Q3)";"Energy; Environmental Science; Mathematics; Physics and Astronomy"
174;6200180184;"Dianji yu Kongzhi Xuebao/Electric Machines and Control";journal;"1007449X";"Editorial Department of Electric Machines and Control";No;No;0,274;Q3;28;208;579;4566;792;579;1,40;21,95;29,34;0;China;Asiatic Region;"Editorial Department of Electric Machines and Control";"2007-2025";"Computer Science Applications (Q3); Control and Systems Engineering (Q3); Electrical and Electronic Engineering (Q3); Energy Engineering and Power Technology (Q3)";"Computer Science; Energy; Engineering"
175;19700183013;"Iranian Journal of Electrical and Electronic Engineering";journal;"17352827, 23833890";"Iran University of Science and Technology";Yes;Yes;0,267;Q3;20;51;154;1646;144;154;1,01;32,27;17,80;0;Iran;Middle East;"Iran University of Science and Technology";"2010-2026";"Electrical and Electronic Engineering (Q3); Energy Engineering and Power Technology (Q3)";"Energy; Engineering"
176;12415;"International Journal of Reliability, Quality and Safety Engineering";journal;"02185393, 17936446";"World Scientific";No;No;0,266;Q3;35;42;129;1256;142;125;1,14;29,90;39,77;0;Singapore;Asiatic Region;"World Scientific";"1994, 1996-2026";"Aerospace Engineering (Q3); Computer Science (miscellaneous) (Q3); Electrical and Electronic Engineering (Q3); Energy Engineering and Power Technology (Q3); Industrial and Manufacturing Engineering (Q3); Nuclear Energy and Engineering (Q3); Safety, Risk, Reliability and Quality (Q3)";"Computer Science; Energy; Engineering"
177;22092;"Thermal Engineering";journal;"00406015, 15556301";"Pleiades Publishing";No;No;0,261;Q3;27;108;327;2798;264;326;0,95;25,91;25,08;0;United States;Northern America;"Pleiades Publishing";"1970-1974, 1976-1991, 1995-2025";"Energy Engineering and Power Technology (Q3); Nuclear Energy and Engineering (Q3)";"Energy"
178;17000;"Journal of the Japan Petroleum Institute";journal;"13468804, 1349273X";"Japan Petroleum Institute";Yes;No;0,260;Q3;33;35;111;837;95;111;0,67;23,91;13,49;0;Japan;Asiatic Region;"Japan Petroleum Institute";"2002-2025";"Energy Engineering and Power Technology (Q3); Fuel Technology (Q3)";"Energy"
179;21100783205;"Horizon. Studies in Phenomenology";journal;"23116986, 22265260";"Saint Petersburg State University";Yes;No;0,258;Q3;5;29;96;893;31;93;0,21;30,79;30,00;0;Russian Federation;Eastern Europe;"Saint Petersburg State University";"2012-2025";"Philosophy (Q2); Control and Systems Engineering (Q3); Electrical and Electronic Engineering (Q3); Energy Engineering and Power Technology (Q3); Artificial Intelligence (Q4); Control and Optimization (Q4); Signal Processing (Q4)";"Arts and Humanities; Computer Science; Energy; Engineering; Mathematics"
180;21100403901;"Neftyanoe khozyaystvo - Oil Industry";journal;"00282448";"Neftyanoe Khozyaistvo";No;No;0,258;Q3;23;219;798;1922;310;797;0,40;8,78;27,93;0;Russian Federation;Eastern Europe;"Neftyanoe Khozyaistvo";"1975-1988, 2001-2026";"Energy Engineering and Power Technology (Q3); Fuel Technology (Q3)";"Energy"
181;21101146369;"EPJ Nuclear Sciences and Technologies";journal;"24919292";"EDP Sciences";Yes;No;0,254;Q3;10;35;72;1192;53;71;0,74;34,06;32,08;17;France;Western Europe;"EDP Sciences";"2020-2026";"Electrical and Electronic Engineering (Q3); Energy Engineering and Power Technology (Q3); Nuclear and High Energy Physics (Q3); Nuclear Energy and Engineering (Q3)";"Energy; Engineering; Physics and Astronomy"
182;19700171106;"Dongli Gongcheng Xuebao/Journal of Chinese Society of Power Engineering";journal;"16747607";"Shanghai Power Equipment Research Institute";No;No;0,242;Q3;24;208;462;3714;448;462;1,05;17,86;29,67;0;China;Asiatic Region;"Shanghai Power Equipment Research Institute";"2010-2025";"Electrical and Electronic Engineering (Q3); Energy Engineering and Power Technology (Q3)";"Energy; Engineering"
183;13225;"Gaoya Dianqi/High Voltage Apparatus";journal;"10011609";"Xi'an High Voltage Apparatus Research Institute";No;No;0,242;Q3;37;205;1141;5854;1280;1141;1,24;28,56;25,37;0;China;Asiatic Region;"Xi'an High Voltage Apparatus Research Institute";"2001-2026";"Electrical and Electronic Engineering (Q3); Energy Engineering and Power Technology (Q3)";"Energy; Engineering"
184;21100211767;"International Journal of Power and Energy Conversion";journal;"17571162, 17571154";"Inderscience Enterprises Ltd";Yes;No;0,235;Q3;12;22;57;591;65;57;0,57;26,86;32,26;0;United Kingdom;Western Europe;"Inderscience Enterprises Ltd";"2009-2026";"Energy Engineering and Power Technology (Q3)";"Energy"
185;21100773724;"EAI Endorsed Transactions on Energy Web";journal;"2032944X";"European Alliance for Innovation";Yes;Yes;0,234;Q3;18;55;186;1695;247;186;1,18;30,82;35,25;0;Belgium;Western Europe;"European Alliance for Innovation";"2013-2025";"Energy Engineering and Power Technology (Q3); Marketing (Q3); Control and Systems Engineering (Q4); Information Systems (Q4); Renewable Energy, Sustainability and the Environment (Q4)";"Business, Management and Accounting; Computer Science; Energy; Engineering"
186;3300147407;"IEEJ Transactions on Power and Energy";journal;"03854213, 13488147";"The Institute of Electrical Engineers of Japan";No;No;0,233;Q3;29;94;317;1314;98;303;0,33;13,98;10,62;0;Japan;Asiatic Region;"The Institute of Electrical Engineers of Japan";"1972-1989, 2003-2026";"Electrical and Electronic Engineering (Q3); Energy Engineering and Power Technology (Q3)";"Energy; Engineering"
187;12700154703;"Proceedings of Institution of Civil Engineers: Energy";journal;"17514231, 17514223";"ICE Publishing";No;No;0,223;Q3;29;29;72;1098;74;62;1,06;37,86;38,36;1;United Kingdom;Western Europe;"ICE Publishing";"2008-2025";"Energy Engineering and Power Technology (Q3); Energy (miscellaneous) (Q3); Renewable Energy, Sustainability and the Environment (Q4)";"Energy"
188;21100207636;"Technical Electrodynamics";journal;"16077970, 22181903";"Institute of Electrodynamics, National Academy of Sciences of Ukraine";Yes;Yes;0,221;Q3;20;64;212;804;172;212;0,79;12,56;27,13;0;Ukraine;Eastern Europe;"Institute of Electrodynamics, National Academy of Sciences of Ukraine";"2012-2026";"Electrical and Electronic Engineering (Q3); Energy Engineering and Power Technology (Q3)";"Energy; Engineering"
189;20000195054;"Distributed Generation and Alternative Energy Journal";journal;"21566550, 21563306";"";No;No;0,218;Q4;19;74;116;2220;155;115;1,31;30,00;21,95;0;Denmark;Western Europe;"";"2011-2026";"Electrical and Electronic Engineering (Q3); Energy Engineering and Power Technology (Q4)";"Energy; Engineering"
190;5000154402;"Thermophysics and Aeromechanics";journal;"08698643, 15318699";"Kutateladze Institute of Thermophysics SB RAS";No;No;0,218;Q4;29;107;268;2224;154;268;0,52;20,79;17,65;0;Russian Federation;Eastern Europe;"Kutateladze Institute of Thermophysics SB RAS";"2006-2025";"Radiation (Q3); Aerospace Engineering (Q4); Energy Engineering and Power Technology (Q4); Modeling and Simulation (Q4); Nuclear and High Energy Physics (Q4)";"Energy; Engineering; Mathematics; Physics and Astronomy"
191;16380;"Chemical and Petroleum Engineering";journal;"00092355, 15738329";"Springer Science and Business Media, LLC";No;No;0,215;Q4;26;131;426;1297;139;426;0,32;9,90;31,66;0;United States;Northern America;"Springer Science and Business Media, LLC";"1965-1998, 2000-2024";"Chemical Engineering (miscellaneous) (Q3); Fuel Technology (Q3); Energy Engineering and Power Technology (Q4); Geochemistry and Petrology (Q4)";"Chemical Engineering; Earth and Planetary Sciences; Energy"
192;21100979257;"Journal of Energy Systems";journal;"26022052";"Erol Kurt";Yes;No;0,215;Q4;11;25;77;817;83;77;1,05;32,68;14,29;1;Turkey;Middle East;"Erol Kurt";"2018-2025";"Energy Engineering and Power Technology (Q4); Management, Monitoring, Policy and Law (Q4); Renewable Energy, Sustainability and the Environment (Q4)";"Energy; Environmental Science"
193;21100470629;"High Temperature Material Processes";journal;"10933611, 19404360";"Begell House Inc.";No;No;0,212;Q4;20;35;79;743;63;79;0,89;21,23;26,05;0;United States;Northern America;"Begell House Inc.";"1997-2025";"Engineering (miscellaneous) (Q3); Materials Science (miscellaneous) (Q3); Condensed Matter Physics (Q4); Energy Engineering and Power Technology (Q4); Physical and Theoretical Chemistry (Q4); Spectroscopy (Q4)";"Chemistry; Energy; Engineering; Materials Science; Physics and Astronomy"
194;21101049606;"Journal of Renewable Energy and Environment";journal;"24237469, 24235547";"Materials and Energy Research Center";Yes;Yes;0,212;Q4;14;45;104;1953;125;104;1,22;43,40;29,01;0;Iran;Middle East;"Materials and Energy Research Center";"2019-2026";"Engineering (miscellaneous) (Q3); Energy Engineering and Power Technology (Q4); Environmental Engineering (Q4); Renewable Energy, Sustainability and the Environment (Q4)";"Energy; Engineering; Environmental Science"
195;21101168871;"APN Science Bulletin";journal;"25227971";"Asia-pacific Network for Global Change Research";Yes;Yes;0,211;Q4;9;20;46;614;34;45;0,66;30,70;39,45;2;Japan;Asiatic Region;"Asia-pacific Network for Global Change Research";"2019-2025";"Environmental Science (miscellaneous) (Q3); Energy Engineering and Power Technology (Q4); Global and Planetary Change (Q4); Renewable Energy, Sustainability and the Environment (Q4)";"Energy; Environmental Science"
196;21101081516;"Coal Conversion";journal;"10044248";"Taiyuan University of Technology";No;No;0,211;Q4;9;67;204;2133;177;204;0,95;31,84;38,39;0;China;Asiatic Region;"Taiyuan University of Technology";"2019-2025";"Energy Engineering and Power Technology (Q4)";"Energy"
197;19700201407;"Journal of Combustion";journal;"20901976, 20901968";"John Wiley and Sons Ltd";Yes;No;0,210;Q4;27;1;21;42;24;21;1,13;42,00;0,00;0;United Kingdom;Western Europe;"John Wiley and Sons Ltd";"2010-2026";"Chemical Engineering (miscellaneous) (Q3); Fuel Technology (Q3); Condensed Matter Physics (Q4); Energy Engineering and Power Technology (Q4)";"Chemical Engineering; Energy; Physics and Astronomy"
198;21100829177;"Journal of the Korean Society for Railway";journal;"17386225, 22882235";"Korean Society for Railway";No;No;0,210;Q4;8;85;315;1336;87;315;0,28;15,72;21,15;0;South Korea;Asiatic Region;"Korean Society for Railway";"2017-2025";"Automotive Engineering (Q3); Geography, Planning and Development (Q3); Civil and Structural Engineering (Q4); Energy Engineering and Power Technology (Q4); Strategy and Management (Q4); Transportation (Q4)";"Business, Management and Accounting; Energy; Engineering; Social Sciences"
199;21100981346;"Advances in Technology Innovation";journal;"25182994, 24150436";"Taiwan Association of Engineering and Technology Innovation";Yes;No;0,209;Q4;11;24;72;723;79;72;0,92;30,13;25,00;0;Taiwan;Asiatic Region;"Taiwan Association of Engineering and Technology Innovation";"2019-2026";"Engineering (miscellaneous) (Q3); Computer Science (miscellaneous) (Q4); Energy Engineering and Power Technology (Q4); Environmental Engineering (Q4); Management of Technology and Innovation (Q4); Renewable Energy, Sustainability and the Environment (Q4)";"Business, Management and Accounting; Computer Science; Energy; Engineering; Environmental Science"
200;87774;"Well Testing";journal;"10044388";"";No;No;0,208;Q4;12;78;235;1335;86;235;0,41;17,12;31,27;0;China;Asiatic Region;"";"2004-2025";"Energy Engineering and Power Technology (Q4)";"Energy"
201;21101062807;"Nafta - Gaz";journal;"08678871";"Oil and Gas Institute – National Research Institute";No;No;0,204;Q4;10;85;262;1936;101;259;0,36;22,78;30,97;0;Poland;Eastern Europe;"Oil and Gas Institute – National Research Institute";"2019-2025";"Energy Engineering and Power Technology (Q4); Environmental Engineering (Q4); Fuel Technology (Q4); Geochemistry and Petrology (Q4); Geophysics (Q4); Geotechnical Engineering and Engineering Geology (Q4); Management, Monitoring, Policy and Law (Q4)";"Earth and Planetary Sciences; Energy; Environmental Science"
202;20119;"Oilfield Chemistry";journal;"10004092";"China International Book Trading Corp. (Guoji Shudian)";No;No;0,200;Q4;15;108;377;2972;227;377;0,60;27,52;31,75;0;China;Asiatic Region;"China International Book Trading Corp. (Guoji Shudian)";"1996-2025";"Chemistry (miscellaneous) (Q3); Chemical Engineering (miscellaneous) (Q4); Energy Engineering and Power Technology (Q4)";"Chemical Engineering; Chemistry; Energy"
203;21100899217;"Wireless Power Transfer";journal;"20528418";"Maximum Academic Press";Yes;No;0,197;Q4;18;2;22;60;23;22;1,22;30,00;80,00;0;United States;Northern America;"Maximum Academic Press";"2014-2026";"Computer Networks and Communications (Q4); Electrical and Electronic Engineering (Q4); Energy Engineering and Power Technology (Q4)";"Computer Science; Energy; Engineering"
204;21101117312;"Journal of Refrigeration";journal;"02534339";"";Yes;No;0,192;Q4;10;115;372;3058;237;372;0,70;26,59;29,67;0;China;Asiatic Region;"";"2019-2026";"Civil and Structural Engineering (Q4); Energy Engineering and Power Technology (Q4); Fluid Flow and Transfer Processes (Q4); Mechanical Engineering (Q4)";"Chemical Engineering; Energy; Engineering"
205;21100836591;"International Journal of Powertrains";journal;"17424275, 17424267";"Inderscience Enterprises Ltd";No;No;0,191;Q4;10;23;57;568;43;54;0,70;24,70;26,15;0;United Kingdom;Western Europe;"Inderscience Enterprises Ltd";"2017-2025";"Automotive Engineering (Q3); Energy Engineering and Power Technology (Q4); Mechanical Engineering (Q4)";"Energy; Engineering"
206;21101158603;"Bulletin of Canadian Energy Geoscience";journal;"28162188";"Canadian Society of Petroleum Geology";Yes;No;0,187;Q4;49;16;5;723;5;4;1,00;45,19;58,82;3;Canada;Northern America;"Canadian Society of Petroleum Geology";"2022-2025";"Earth and Planetary Sciences (miscellaneous) (Q4); Energy Engineering and Power Technology (Q4); Geochemistry and Petrology (Q4); Geology (Q4)";"Earth and Planetary Sciences; Energy"
207;21101167527;"Blasting";journal;"1001487X";"";No;No;0,184;Q4;9;118;148;2312;109;148;0,81;19,59;22,76;0;China;Asiatic Region;"";"2019-2025";"Chemical Engineering (miscellaneous) (Q4); Chemistry (miscellaneous) (Q4); Energy Engineering and Power Technology (Q4)";"Chemical Engineering; Chemistry; Energy"
208;15791;"Chemistry and Technology of Fuels and Oils";journal;"00093092, 15738310";"Springer Science and Business Media, LLC";No;No;0,184;Q4;23;159;375;3318;224;374;0,59;20,87;34,16;0;United States;Northern America;"Springer Science and Business Media, LLC";"1965-2026";"Chemical Engineering (miscellaneous) (Q4); Chemistry (miscellaneous) (Q4); Energy Engineering and Power Technology (Q4); Fuel Technology (Q4)";"Chemical Engineering; Chemistry; Energy"
209;29375;"Energy Engineering: Journal of the Association of Energy Engineering";journal;"15460118, 01998595";"Tech Science Press";No;No;0,184;Q4;20;160;299;4855;216;298;0,73;30,34;32,35;1;United States;Northern America;"Tech Science Press";"1980-1985, 1987-2026";"Building and Construction (Q4); Energy Engineering and Power Technology (Q4); Renewable Energy, Sustainability and the Environment (Q4)";"Energy; Engineering"
210;26679;"International Journal of Global Energy Issues";journal;"17415128, 09547118";"Inderscience Publishers";No;No;0,184;Q4;30;50;93;1170;90;92;1,08;23,40;40,20;0;United Kingdom;Western Europe;"Inderscience Publishers";"1989-2026";"Energy Engineering and Power Technology (Q4); Nuclear Energy and Engineering (Q4); Renewable Energy, Sustainability and the Environment (Q4)";"Energy"
211;21100855501;"GMSARN International Journal";journal;"19059094";"Greater Mekong Subregion Academic and Research Network, Asian Institute of Technology";No;No;0,182;Q4;10;48;123;1658;72;123;0,67;34,54;25,81;0;Thailand;Asiatic Region;"Greater Mekong Subregion Academic and Research Network, Asian Institute of Technology";"2017-2026";"Energy Engineering and Power Technology (Q4); Environmental Science (miscellaneous) (Q4); Management, Monitoring, Policy and Law (Q4); Renewable Energy, Sustainability and the Environment (Q4)";"Energy; Environmental Science"
212;24771;"Membrane Technology (discontinued)";journal;"09582118, 18734049";"MA Healthcare Ltd";No;No;0,179;Q4;28;36;81;3;25;80;0,26;0,08;0,00;0;United Kingdom;Western Europe;"MA Healthcare Ltd";"1990-2024";"Industrial and Manufacturing Engineering (Q3); Chemistry (miscellaneous) (Q4); Electrical and Electronic Engineering (Q4); Energy Engineering and Power Technology (Q4); Environmental Science (miscellaneous) (Q4); Food Science (Q4); Materials Science (miscellaneous) (Q4)";"Agricultural and Biological Sciences; Chemistry; Energy; Engineering; Environmental Science; Materials Science"
213;21101152622;"Transactions on Energy Systems and Engineering Applications";journal;"27450120";"Universidad Tecnologica de Bolivar";Yes;Yes;0,177;Q4;7;16;22;395;13;21;0,50;24,69;26,92;0;Colombia;Latin America;"Universidad Tecnologica de Bolivar";"2020-2025";"Electrical and Electronic Engineering (Q4); Energy Engineering and Power Technology (Q4); Energy (miscellaneous) (Q4); Renewable Energy, Sustainability and the Environment (Q4)";"Energy; Engineering"
214;21101156894;"International Journal of Applied Power Engineering";journal;"22528792, 27222624";"Intelektual Pustaka Media Utama";No;No;0,172;-;8;44;31;1376;22;31;0,71;31,27;25,24;0;Indonesia;Asiatic Region;"Intelektual Pustaka Media Utama";"2022-2025";"Multidisciplinary (Q3)";"Multidisciplinary"
215;21101124069;"SSRG International Journal of Electrical and Electronics Engineering";journal;"23488379";"Seventh Sense Research Group";No;No;0,168;Q4;9;217;159;6555;151;159;1,37;30,21;32,15;0;India;Asiatic Region;"Seventh Sense Research Group";"2019-2026";"Electrical and Electronic Engineering (Q4); Energy Engineering and Power Technology (Q4)";"Energy; Engineering"
216;21100812121;"Serbian Journal of Electrical Engineering";journal;"14514869, 22177183";"University of Kragujevac Faculty of Technical Sciences in Cacak";Yes;Yes;0,166;Q4;11;25;73;616;53;73;0,68;24,64;27,27;0;Serbia;Eastern Europe;"University of Kragujevac Faculty of Technical Sciences in Cacak";"2016-2025";"Computer Networks and Communications (Q4); Control and Systems Engineering (Q4); Electrical and Electronic Engineering (Q4); Energy Engineering and Power Technology (Q4); Hardware and Architecture (Q4); Mechanical Engineering (Q4)";"Computer Science; Energy; Engineering"
217;89083;"China Petroleum Processing and Petrochemical Technology";journal;"10086234";"John Wiley and Sons Inc";No;No;0,161;Q4;16;54;177;1789;91;177;0,56;33,13;30,51;0;China;Asiatic Region;"John Wiley and Sons Inc";"1999-2024";"Energy Engineering and Power Technology (Q4); Fuel Technology (Q4); Mechanical Engineering (Q4); Process Chemistry and Technology (Q4)";"Chemical Engineering; Energy; Engineering"
218;26993;"International Journal of Power and Energy Systems";journal;"10783466";"Acta Press";No;No;0,161;Q4;19;15;46;321;29;46;0,61;21,40;24,49;0;Canada;Northern America;"Acta Press";"1996-2026";"Applied Mathematics (Q4); Electrical and Electronic Engineering (Q4); Energy Engineering and Power Technology (Q4)";"Energy; Engineering; Mathematics"
219;21101134674;"International Journal of Automotive Science and Technology";journal;"25870963";"Society of Automotive Engineers Turkey";Yes;Yes;0,159;Q4;9;41;51;1396;35;51;0,69;34,05;16,49;0;Turkey;Middle East;"Society of Automotive Engineers Turkey";"2022-2025";"Automotive Engineering (Q4); Energy Engineering and Power Technology (Q4); Fuel Technology (Q4); Transportation (Q4)";"Energy; Engineering; Social Sciences"
220;21100932721;"ASEAN Engineering Journal";journal;"25869159";"Penerbit UTM Press";No;No;0,158;Q4;10;80;170;2598;86;170;0,49;32,48;35,94;0;Thailand;Asiatic Region;"Penerbit UTM Press";"2017-2025";"Chemical Engineering (miscellaneous) (Q4); Computer Science Applications (Q4); Energy Engineering and Power Technology (Q4); Engineering (miscellaneous) (Q4); Environmental Engineering (Q4); Geotechnical Engineering and Engineering Geology (Q4)";"Chemical Engineering; Computer Science; Earth and Planetary Sciences; Energy; Engineering; Environmental Science"
221;16066;"Electrical Engineering in Japan (English translation of Denki Gakkai Ronbunshi)";journal;"04247760, 15206416";"John Wiley &amp; Sons Inc.";No;No;0,158;Q4;35;35;143;622;69;143;0,46;17,77;9,82;0;United States;Northern America;"John Wiley &amp; Sons Inc.";"1968-2026";"Electrical and Electronic Engineering (Q4); Energy Engineering and Power Technology (Q4)";"Energy; Engineering"
222;26677;"International Journal of Energy Technology and Policy";journal;"1741508X, 14728923";"Inderscience Publishers";No;No;0,158;Q4;21;17;68;412;43;68;0,41;24,24;36,11;0;United Kingdom;Western Europe;"Inderscience Publishers";"2002-2025";"Energy Engineering and Power Technology (Q4); Fuel Technology (Q4); Geography, Planning and Development (Q4)";"Energy; Social Sciences"
223;28843;"Energetika";journal;"18228836, 02357208";"Lithuanian Academy of Sciences Publishers";Yes;No;0,157;Q4;14;4;27;147;27;25;0,40;36,75;62,50;0;Lithuania;Eastern Europe;"Lithuanian Academy of Sciences Publishers";"1969, 1982, 1985, 1987, 2006-2011, 2013-2025";"Energy Engineering and Power Technology (Q4); Energy (miscellaneous) (Q4); Geotechnical Engineering and Engineering Geology (Q4)";"Earth and Planetary Sciences; Energy"
224;21100925890;"Paliva";journal;"18042058";"University of Chemistry and Technology, Faculty of Environmental Technology";No;No;0,152;Q4;4;21;60;536;13;60;0,29;25,52;13,89;0;Czech Republic;Eastern Europe;"University of Chemistry and Technology, Faculty of Environmental Technology";"2019-2025";"Energy Engineering and Power Technology (Q4); Environmental Engineering (Q4); Fuel Technology (Q4); Geotechnical Engineering and Engineering Geology (Q4); Renewable Energy, Sustainability and the Environment (Q4)";"Earth and Planetary Sciences; Energy; Environmental Science"
225;21100916460;"Renewable Energy and Power Quality Journal (discontinued)";journal;"2172038X";"European Association for the Development of Renewable Energy, Environment and Power Quality (EA4EPQ)";No;No;0,152;Q4;32;129;394;2266;172;393;0,44;17,57;23,18;0;Spain;Western Europe;"European Association for the Development of Renewable Energy, Environment and Power Quality (EA4EPQ)";"2003-2024";"Electrical and Electronic Engineering (Q4); Energy Engineering and Power Technology (Q4); Renewable Energy, Sustainability and the Environment (Q4)";"Energy; Engineering"
226;27112;"Nihon Enerugi Gakkaishi/Journal of the Japan Institute of Energy";journal;"09168753, 18826121";"Japan Institute of Energy";No;No;0,139;Q4;19;15;108;378;41;107;0,37;25,20;19,64;0;Japan;Asiatic Region;"Japan Institute of Energy";"1990-2010, 2013, 2015-2026";"Energy Engineering and Power Technology (Q4); Energy (miscellaneous) (Q4); Fuel Technology (Q4); Renewable Energy, Sustainability and the Environment (Q4)";"Energy"
227;19456;"Shiyou Huagong Gaodeng Xuexiao Xuebao/Journal of Petrochemical Universities";journal;"1006396X";"Fushun Petroleum Institute";Yes;No;0,135;Q4;11;60;236;2023;66;236;0,34;33,72;40,48;0;China;Asiatic Region;"Fushun Petroleum Institute";"2001-2026";"Chemical Engineering (miscellaneous) (Q4); Energy Engineering and Power Technology (Q4); Fuel Technology (Q4)";"Chemical Engineering; Energy"
228;21101053589;"Problems of the Regional Energetics";journal;"18570070";"Institute of Power Engineering";Yes;Yes;0,130;Q4;7;49;126;1409;52;126;0,52;28,76;24,62;0;Moldova;Eastern Europe;"Institute of Power Engineering";"2019-2026";"Energy Engineering and Power Technology (Q4); Energy (miscellaneous) (Q4); Fuel Technology (Q4); Renewable Energy, Sustainability and the Environment (Q4)";"Energy"
229;21101163025;"Renewable Energy and Sustainable Development";journal;"23568518, 23568569";"Academy Publishing Center, Arab Academy for Science, Technology and Maritime Transport";Yes;No;0,123;Q4;6;5;13;165;6;11;0,46;33,00;10,00;0;Egypt;Africa/Middle East;"Academy Publishing Center, Arab Academy for Science, Technology and Maritime Transport";"2021-2025";"Energy Engineering and Power Technology (Q4); Fuel Technology (Q4); Renewable Energy, Sustainability and the Environment (Q4)";"Energy"
230;19460;"Petroleum Processing and Petrochemicals";journal;"10052399";"Research Institute of Petroleum Processing, SINOPEC";No;No;0,117;Q4;15;222;704;2089;171;704;0,28;9,41;34,82;0;China;Asiatic Region;"Research Institute of Petroleum Processing, SINOPEC";"1996-2025";"Energy Engineering and Power Technology (Q4); Fuel Technology (Q4); Process Chemistry and Technology (Q4)";"Chemical Engineering; Energy"
231;16662;"Energia Elettrica";journal;"00137308";"Associazione Elettrotecnica ed Elettronica Italiana";No;No;0,111;Q4;7;5;89;80;4;59;0,03;16,00;26,09;0;Italy;Western Europe;"Associazione Elettrotecnica ed Elettronica Italiana";"1969-1990, 1993-2025";"Civil and Structural Engineering (Q4); Electrical and Electronic Engineering (Q4); Energy Engineering and Power Technology (Q4)";"Energy; Engineering"
232;145139;"Euroheat and Power (English Edition)";journal;"16130200";"Verlags und Wirtschaftsges. der Elektrizitatswerke";No;No;0,110;Q4;7;43;121;76;2;105;0,03;1,77;21,74;0;Germany;Western Europe;"Verlags und Wirtschaftsges. der Elektrizitatswerke";"2004-2025";"Energy Engineering and Power Technology (Q4)";"Energy"
233;16369;"Journal of Mines, Metals and Fuels (discontinued)";journal;"00222755";"Informatics Publishing Limited";No;No;0,110;Q4;18;236;338;5092;43;274;0,11;21,58;21,75;1;India;Asiatic Region;"Informatics Publishing Limited";"1968-1990, 1993-2025";"Energy Engineering and Power Technology (Q4); Fuel Technology (Q4); Geotechnical Engineering and Engineering Geology (Q4)";"Earth and Planetary Sciences; Energy"
234;144795;"Speciality Petrochemicals";journal;"10039384";"SINOPEC";No;No;0,109;Q4;6;107;309;761;34;309;0,09;7,11;33,73;0;China;Asiatic Region;"SINOPEC";"2005-2025";"Chemical Engineering (miscellaneous) (Q4); Chemistry (miscellaneous) (Q4); Energy Engineering and Power Technology (Q4); Fuel Technology (Q4)";"Chemical Engineering; Chemistry; Energy"
235;21101065892;"Improved Oil and Gas Recovery";journal;"26888246";"Smart Science and Technology LLC";Yes;Yes;0,106;Q4;4;7;24;152;3;24;0,21;21,71;18,18;0;United States;Northern America;"Smart Science and Technology LLC";"2019-2025";"Energy Engineering and Power Technology (Q4); Energy (miscellaneous) (Q4); Fuel Technology (Q4)";"Energy"
236;17046;"Petroleum Refinery Engineering";journal;"1002106X";"";No;No;0,105;Q4;11;175;529;319;48;529;0,11;1,82;26,28;0;China;Asiatic Region;"";"1994-2008, 2012-2025";"Energy Engineering and Power Technology (Q4); Fuel Technology (Q4); Process Chemistry and Technology (Q4)";"Chemical Engineering; Energy"
237;17020;"Journal of Petroleum Technology";journal;"01492136";"Society of Petroleum Engineers (SPE)";No;No;0,104;Q4;43;0;19;0;3;11;0,00;0,00;0,00;0;United States;Northern America;"Society of Petroleum Engineers (SPE)";"1962, 1964, 1967, 1969-2012, 2014-2024";"Energy Engineering and Power Technology (Q4); Fuel Technology (Q4); Industrial Relations (Q4); Strategy and Management (Q4)";"Business, Management and Accounting; Energy"
238;145261;"Petrochemical Equipment";journal;"10007466";"Lanzhou Petroleum Machinery Research Institute";No;No;0,102;Q4;9;90;264;1357;13;264;0,06;15,08;26,83;0;China;Asiatic Region;"Lanzhou Petroleum Machinery Research Institute";"1998, 2001-2004, 2006-2025";"Chemical Engineering (miscellaneous) (Q4); Energy Engineering and Power Technology (Q4); Fuel Technology (Q4)";"Chemical Engineering; Energy"
239;21101165610;"Advanced Energy and Sustainability Research";journal;"26999412";"Wiley-VCH Verlag";Yes;No;;-;48;119;304;9472;1915;301;6,33;79,60;30,56;0;United States;Northern America;"Wiley-VCH Verlag";"2020-2026";"Ecology; Energy Engineering and Power Technology; Environmental Science (miscellaneous); Waste Management and Disposal";"Energy; Environmental Science"
240;21101289973;"Advanced Engineering Letters";journal;"28129709";"The Association of Intellectuals for the Development of Science in Serbia "The Serbian Academic Center" Novi Sad";Yes;No;;-;10;20;20;663;31;20;1,55;33,15;29,82;0;Serbia;Eastern Europe;"The Association of Intellectuals for the Development of Science in Serbia "The Serbian Academic Center" Novi Sad";"2022-2025";"Energy Engineering and Power Technology; Industrial and Manufacturing Engineering; Materials Science (miscellaneous); Mechanical Engineering";"Energy; Engineering; Materials Science"
241;21101210728;"China Offshore Oil and Gas";journal;"16731506";"Editorial Board of China Offshore Oil and Gas";No;No;;-;23;134;428;3318;576;427;1,29;24,76;32,04;0;China;Asiatic Region;"Editorial Board of China Offshore Oil and Gas";"2020-2026";"Energy Engineering and Power Technology; Fuel Technology; Geotechnical Engineering and Engineering Geology; Renewable Energy, Sustainability and the Environment";"Earth and Planetary Sciences; Energy"
242;21101267690;"Clean Energy Science and Technology";journal;"29724910";"Universe Scientific Publishing Pte. Ltd.";No;No;;-;8;15;0;1114;0;0;0,00;74,27;25,93;0;Singapore;Asiatic Region;"Universe Scientific Publishing Pte. Ltd.";"2023-2026";"Electrical and Electronic Engineering; Energy Engineering and Power Technology; Renewable Energy, Sustainability and the Environment";"Energy; Engineering"
243;21101158598;"Energotehnologii i Resursosberezenie";journal;"24137723, 26643561";"Gas Institute of the National Academy of Sciences of Ukraine";No;No;;-;5;34;0;853;0;0;0,00;25,09;32,31;0;Ukraine;Eastern Europe;"Gas Institute of the National Academy of Sciences of Ukraine";"2023-2025";"Energy Engineering and Power Technology; Energy (miscellaneous); Fuel Technology; Renewable Energy, Sustainability and the Environment";"Energy"
244;21101393224;"Energy Storage and Conversion";journal;"30292778";"Academic Publishing Pte. Ltd.";No;No;;-;4;5;0;211;0;0;0,00;42,20;33,33;0;Singapore;Asiatic Region;"Academic Publishing Pte. Ltd.";"2023-2025";"Energy Engineering and Power Technology; Renewable Energy, Sustainability and the Environment";"Energy"
245;21101301820;"Energy Systems Research";journal;"26189992";"FSBSI L A Melentiev Institute of Power Engineering Systems Siberian Branch of the Russian Academy of Sciences";No;No;;-;5;34;55;596;23;55;0,42;17,53;32,43;0;Russian Federation;Eastern Europe;"FSBSI L A Melentiev Institute of Power Engineering Systems Siberian Branch of the Russian Academy of Sciences";"2021-2025";"Energy Engineering and Power Technology; Energy (miscellaneous); Renewable Energy, Sustainability and the Environment";"Energy"
246;21101289587;"Engineering Perspective";journal;"27579077";"Hamit Solmaz";Yes;No;;-;13;9;21;246;15;21;0,71;27,33;0,00;0;Turkey;Middle East;"Hamit Solmaz";"2021-2025";"Energy Engineering and Power Technology; Energy (miscellaneous); Engineering (miscellaneous); Mechanical Engineering";"Energy; Engineering"
247;21101152501;"Geoenergy Science and Engineering";journal;"29498910";"Elsevier B.V.";No;No;;-;173;1114;4075;61868;22057;4063;5,30;55,54;25,25;3;Netherlands;Western Europe;"Elsevier B.V.";"2023-2026";"Energy Engineering and Power Technology; Energy (miscellaneous); Geotechnical Engineering and Engineering Geology; Renewable Energy, Sustainability and the Environment";"Earth and Planetary Sciences; Energy"
248;21101307725;"Hydrogen, Fuel Cell and Energy Storage";journal;"29808537, 29808863";"Iranian Research Organization for Science and Technology";No;No;;-;5;24;24;855;7;24;0,29;35,63;23,64;0;Iran;Middle East;"Iranian Research Organization for Science and Technology";"2021-2025";"Energy Engineering and Power Technology; Fuel Technology; Renewable Energy, Sustainability and the Environment";"Energy"
249;21101212714;"iEnergy";journal;"27719197";"Institute of Electrical and Electronics Engineers Inc.";Yes;Yes;;-;18;35;48;1801;205;44;4,27;51,46;34,07;0;United States;Northern America;"Institute of Electrical and Electronics Engineers Inc.";"2022-2025";"Electrical and Electronic Engineering; Energy Engineering and Power Technology; Energy (miscellaneous); Fuel Technology";"Energy; Engineering"
250;21101358081;"International Journal of Automotive Manufacturing and Materials";journal;"2653777X";"Scilight Press Pty. Ltd";No;No;;-;8;25;11;1433;10;10;0,91;57,32;28,72;0;Australia;Pacific Region;"Scilight Press Pty. Ltd";"2022-2025";"Automotive Engineering; Energy Engineering and Power Technology; Industrial and Manufacturing Engineering; Materials Science (miscellaneous)";"Energy; Engineering; Materials Science"
251;21101215112;"International Journal of Energy and Water Resources";journal;"25383604, 25220101";"Springer";No;No;;-;22;40;119;2262;249;119;1,96;56,55;16,52;1;Singapore;Asiatic Region;"Springer";"2018-2026";"Energy Engineering and Power Technology; Energy (miscellaneous); Renewable Energy, Sustainability and the Environment; Water Science and Technology";"Energy; Environmental Science"
252;21101158875;"Jordan Journal of Electrical Engineering";journal;"24099619, 24099600";"Tafila Technical University";No;No;;-;4;37;0;1286;0;0;0,00;34,76;18,18;0;Jordan;Middle East;"Tafila Technical University";"2023-2025";"Biomedical Engineering; Control and Systems Engineering; Electrical and Electronic Engineering";"Engineering"
253;21101270640;"Journal of Electric Power Science and Technology";journal;"16739140";"";No;No;;-;19;168;445;3652;795;445;2,16;21,74;32,69;0;China;Asiatic Region;"";"2020-2025";"Electrical and Electronic Engineering; Energy Engineering and Power Technology";"Energy; Engineering"
254;21101268480;"Journal of Natural Gas Geoscience";journal;"2543151X, 2468256X";"KeAi Communications Co.";Yes;No;;-;13;30;60;1332;104;60;1,73;44,40;34,76;0;China;Asiatic Region;"KeAi Communications Co.";"2021-2026";"Energy Engineering and Power Technology; Geochemistry and Petrology; Geology; Geophysics";"Earth and Planetary Sciences; Energy"
255;21101199357;"Journal of Renewable Energies";journal;"11122242, 27168247";"Algerian Centre for the Development of Renewable Energy";Yes;Yes;;-;7;27;96;596;29;94;0,37;22,07;33,33;0;Algeria;Africa;"Algerian Centre for the Development of Renewable Energy";"2019-2025";"Electrical and Electronic Engineering; Energy Engineering and Power Technology; Energy (miscellaneous); Renewable Energy, Sustainability and the Environment";"Energy; Engineering"
256;21101192888;"Machinery and Energetics (discontinued)";journal;"26631334, 26631342";"National University of Life and Environmental Sciences of Ukraine";Yes;No;;-;9;33;117;811;75;117;0,64;24,58;23,76;0;Ukraine;Eastern Europe;"National University of Life and Environmental Sciences of Ukraine";"2021-2025";"Computer Graphics and Computer-Aided Design; Electrical and Electronic Engineering; Energy Engineering and Power Technology; Mechanical Engineering";"Computer Science; Energy; Engineering"
257;21101197309;"Modern Electric Power";journal;"10072322";"";No;No;;-;15;118;249;2571;340;249;1,38;21,79;35,00;0;China;Asiatic Region;"";"2020-2025";"Energy Engineering and Power Technology";"Energy"
258;21101196119;"Oxford Open Energy";journal;"27525082";"Oxford University Press";Yes;No;;-;10;18;17;907;52;15;3,06;50,39;22,22;4;United Kingdom;Western Europe;"Oxford University Press";"2022-2026";"Energy Engineering and Power Technology; Energy (miscellaneous); Nuclear Energy and Engineering; Renewable Energy, Sustainability and the Environment";"Energy"
259;21101291056;"Power Electronics and Drives";journal;"25434292, 24510262";"Sciendo";Yes;No;;-;8;23;0;636;0;0;0,00;27,65;6,25;0;Poland;Eastern Europe;"Sciendo";"2023-2026";"Electrical and Electronic Engineering; Energy Engineering and Power Technology; Nuclear Energy and Engineering";"Energy; Engineering"
260;21101248525;"Proceedings - International Conference on Energy Research and Development, ICERD";journal;"26422727";"American Society of Heating Refrigerating and Air-Conditioning Engineers";No;No;;-;1;44;0;738;0;0;0,00;16,77;20,34;0;United States;Northern America;"American Society of Heating Refrigerating and Air-Conditioning Engineers";"2023";"Energy Engineering and Power Technology; Renewable Energy, Sustainability and the Environment";"Energy"
261;21101393345;"Prospecting and Development of Oil and Gas Fields";journal;"19939973, 2415332X";"Ivano Frankivsk National Technical University of Oil and Gas";No;No;;-;4;12;46;232;6;46;0,13;19,33;42,86;0;Ukraine;Eastern Europe;"Ivano Frankivsk National Technical University of Oil and Gas";"2024-2025";"Energy Engineering and Power Technology; Environmental Engineering; Fuel Technology; Geology; Geophysics; Industrial and Manufacturing Engineering";"Earth and Planetary Sciences; Energy; Engineering; Environmental Science"
262;27619;"Revue de l'Energie";journal;"24927988, 0303240X";"Editions Techniques et Economiques";No;No;;-;5;24;0;50;0;0;0,00;2,08;33,33;0;France;Western Europe;"Editions Techniques et Economiques";"1974-2010, 2019, 2023-2025";"Energy Engineering and Power Technology; Energy (miscellaneous)";"Energy"
263;21101196036;"Southern Energy Construction";journal;"20958676";"";Yes;Yes;;-;10;116;116;2699;64;116;0,55;23,27;29,60;0;China;Asiatic Region;"";"2022-2025";"Building and Construction; Energy Engineering and Power Technology";"Energy; Engineering"
264;21101199355;"Vidnovluvana Energetika";journal;"26648172, 18198058";"Institute of Renewable Energy National Academy of Sciences of Ukraine";No;No;;-;6;45;119;790;22;119;0,20;17,56;38,46;0;Ukraine;Eastern Europe;"Institute of Renewable Energy National Academy of Sciences of Ukraine";"2019-2025";"Control and Systems Engineering; Energy Engineering and Power Technology; Fuel Technology; Renewable Energy, Sustainability and the Environment";"Energy; Engineering"
265;21101200898;"Zhejiang Electric Power";journal;"10071881";"";Yes;Yes;;-;14;187;573;4262;484;569;1,03;22,79;26,67;0;China;Asiatic Region;"";"2019-2025";"Energy Engineering and Power Technology; Renewable Energy, Sustainability and the Environment";"Energy"
