Rank;Sourceid;Title;Type;Issn;Publisher;Open Access;Open Access Diamond;SJR;SJR Quartile;H index;Total Docs. (2022);Total Docs. (3years);Total Refs.;Total Citations (3years);Citable Docs. (3years);Citations / Doc. (2years);Ref. / Doc.;%Female;Overton;Country;Region;Publisher;Coverage;Categories;Areas
1;21100863710;"Annual Review of Organizational Psychology and Organizational Behavior";journal;"23270608";"Annual Reviews Inc.";No;No;7,036;Q1;98;18;53;2238;702;50;11,79;124,33;42,42;9;United States;Northern America;"Annual Reviews Inc.";"2014-2025";"Applied Psychology (Q1); Organizational Behavior and Human Resource Management (Q1); Social Psychology (Q1)";"Business, Management and Accounting; Psychology"
2;12812;"Personality and Social Psychology Review";journal;"10888683, 15327957";"SAGE Publications Inc.";No;No;5,709;Q1;204;11;43;2003;655;43;11,25;182,09;38,46;2;United States;Northern America;"SAGE Publications Inc.";"1997-2026";"Social Psychology (Q1)";"Psychology"
3;21100838541;"Nature Human Behaviour";journal;"23973374";"Nature Publishing Group";No;No;5,639;Q1;132;220;664;10293;9202;440;18,53;46,79;42,45;79;United Kingdom;Western Europe;"Nature Publishing Group";"2017-2026";"Behavioral Neuroscience (Q1); Experimental and Cognitive Psychology (Q1); Social Psychology (Q1)";"Neuroscience; Psychology"
4;21100199724;"Qualitative Research in Sport, Exercise and Health";journal;"21596778, 2159676X";"Taylor and Francis Ltd.";No;No;4,045;Q1;57;67;157;4365;2122;156;6,68;65,15;60,10;0;United Kingdom;Western Europe;"Taylor and Francis Ltd.";"2011-2026";"Health (social science) (Q1); Physical Therapy, Sports Therapy and Rehabilitation (Q1); Social Psychology (Q1); Sports Science (Q1)";"Health Professions; Psychology; Social Sciences"
5;30039;"Journal of Personality and Social Psychology";journal;"00223514, 19391315";"American Psychological Association";No;No;3,799;Q1;468;163;392;19005;3084;391;7,44;116,60;45,80;25;United States;Northern America;"American Psychological Association";"1965-2026";"Social Psychology (Q1); Sociology and Political Science (Q1)";"Psychology; Social Sciences"
6;21100405117;"Organizational Psychology Review";journal;"20413866, 20413874";"SAGE Publications Inc.";No;No;2,970;Q1;51;16;35;2505;233;31;6,54;156,56;35,56;1;United Kingdom;Western Europe;"SAGE Publications Inc.";"2011-2026";"Applied Psychology (Q1); Organizational Behavior and Human Resource Management (Q1); Social Psychology (Q1)";"Business, Management and Accounting; Psychology"
7;14105;"European Journal of Personality";journal;"08902070, 10990984";"SAGE Publications Ltd";No;No;2,868;Q1;115;50;143;4785;871;135;6,29;95,70;52,22;7;United Kingdom;Western Europe;"SAGE Publications Ltd";"1987-2026";"Social Psychology (Q1)";"Psychology"
8;18300156710;"European Review of Social Psychology";journal;"10463283, 1479277X";"Taylor and Francis Ltd.";No;No;2,806;Q1;85;10;28;1099;246;28;9,14;109,90;36,59;3;United Kingdom;Western Europe;"Taylor and Francis Ltd.";"1990-2000, 2002-2026";"Social Psychology (Q1)";"Psychology"
9;22861;"Political Psychology";journal;"0162895X, 14679221";"Wiley-Blackwell Publishing Ltd";No;No;2,610;Q1;136;68;211;5063;1289;208;4,83;74,46;41,83;16;United Kingdom;Western Europe;"Wiley-Blackwell Publishing Ltd";"1996-2026";"Clinical Psychology (Q1); Experimental and Cognitive Psychology (Q1); Philosophy (Q1); Political Science and International Relations (Q1); Social Psychology (Q1); Sociology and Political Science (Q1)";"Arts and Humanities; Psychology; Social Sciences"
10;15645;"Journal of Health and Social Behavior";journal;"00221465, 21506000";"American Sociological Association";No;No;2,409;Q1;157;40;104;2601;507;95;5,11;65,03;57,58;8;United States;Northern America;"American Sociological Association";"1967-2026";"Public Health, Environmental and Occupational Health (Q1); Social Psychology (Q1)";"Medicine; Psychology"
11;19900193555;"Social Psychological and Personality Science";journal;"19485514, 19485506";"Sage Periodicals Press";No;No;2,404;Q1;107;114;372;5579;2153;371;6,07;48,94;49,51;17;United States;Northern America;"Sage Periodicals Press";"2010-2026";"Clinical Psychology (Q1); Social Psychology (Q1)";"Psychology"
12;29561;"Journals of Gerontology - Series B Psychological Sciences and Social Sciences";journal;"10795014, 17585368";"Gerontological Society of America";No;No;2,311;Q1;193;270;692;12239;4352;674;6,73;45,33;61,49;42;United States;Northern America;"Gerontological Society of America";"1995-2026";"Clinical Psychology (Q1); Geriatrics and Gerontology (Q1); Gerontology (Q1); Health (social science) (Q1); Life-span and Life-course Studies (Q1); Medicine (miscellaneous) (Q1); Social Psychology (Q1); Sociology and Political Science (Q1)";"Medicine; Nursing; Psychology; Social Sciences"
13;19400158483;"Social Issues and Policy Review";journal;"17512409, 17512395";"Wiley-Blackwell Publishing Ltd";No;No;2,245;Q1;58;9;27;1477;243;26;9,89;164,11;66,67;3;United Kingdom;Western Europe;"Wiley-Blackwell Publishing Ltd";"2008-2025";"Applied Psychology (Q1); Social Psychology (Q1); Social Sciences (miscellaneous) (Q1); Sociology and Political Science (Q1)";"Psychology; Social Sciences"
14;12811;"Personality and Social Psychology Bulletin";journal;"01461672, 15527433";"SAGE Publications Inc.";No;No;2,238;Q1;250;108;337;6687;1797;337;4,90;61,92;47,66;10;United States;Northern America;"SAGE Publications Inc.";"1976, 1982-1983, 1985-1989, 1991-1992, 1995-2026";"Social Psychology (Q1)";"Psychology"
15;30022;"Journal of Personality";journal;"00223506, 14676494";"Wiley-Blackwell Publishing Ltd";No;No;2,192;Q1;180;62;247;5237;1414;245;5,57;84,47;35,74;5;United Kingdom;Western Europe;"Wiley-Blackwell Publishing Ltd";"1932-2026";"Social Psychology (Q1)";"Psychology"
16;21101019738;"Human Behavior and Emerging Technologies";journal;"25781863";"John Wiley and Sons Inc";Yes;No;2,126;Q1;49;65;182;4862;2041;176;12,01;74,80;48,98;4;United States;Northern America;"John Wiley and Sons Inc";"2019-2026";"Human-Computer Interaction (Q1); Social Psychology (Q1); Social Sciences (miscellaneous) (Q1)";"Computer Science; Psychology; Social Sciences"
17;12776;"British Journal of Social Psychology";journal;"01446665, 20448309";"Wiley-Blackwell";No;No;2,117;Q1;126;71;183;4728;1213;168;6,71;66,59;52,40;10;United States;Northern America;"Wiley-Blackwell";"1981-2026";"Social Psychology (Q1)";"Psychology"
18;17500155105;"Emotion Review";journal;"17540747, 17540739";"SAGE Publications Ltd";No;No;2,113;Q1;109;32;92;2180;586;74;4,39;68,13;35,71;1;United Kingdom;Western Europe;"SAGE Publications Ltd";"2009-2026";"Arts and Humanities (miscellaneous) (Q1); Experimental and Cognitive Psychology (Q1); Social Psychology (Q1)";"Arts and Humanities; Psychology"
19;18200156707;"Psychological Trauma: Theory, Research, Practice, and Policy";journal;"1942969X, 19429681";"American Psychological Association";No;No;2,109;Q1;91;329;512;15681;3413;504;7,18;47,66;65,04;31;United States;Northern America;"American Psychological Association";"2009-2026";"Clinical Psychology (Q1); Social Psychology (Q1)";"Psychology"
20;15470;"Journal of Environmental Psychology";journal;"02724944, 15229610";"Academic Press";No;No;2,045;Q1;210;148;357;10621;2828;344;7,07;71,76;51,02;37;United States;Northern America;"Academic Press";"1981-2026";"Applied Psychology (Q1); Social Psychology (Q1)";"Psychology"
21;25680;"Journal of Youth and Adolescence";journal;"15736601, 00472891";"Springer New York";No;No;2,030;Q1;165;161;499;9715;2767;492;4,98;60,34;65,65;41;United States;Northern America;"Springer New York";"1972-2026";"Developmental and Educational Psychology (Q1); Education (Q1); Social Psychology (Q1); Social Sciences (miscellaneous) (Q1)";"Psychology; Social Sciences"
22;22340;"Research on Language and Social Interaction";journal;"08351813, 15327973";"Routledge";No;No;2,013;Q1;82;18;68;931;278;67;3,16;51,72;70,45;0;United States;Northern America;"Routledge";"1987-1991, 1993-2025";"Communication (Q1); Linguistics and Language (Q1); Social Psychology (Q1)";"Psychology; Social Sciences"
23;21101055964;"Asian Journal of Social Health and Behavior";journal;"27724204";"Wolters Kluwer Medknow Publications";Yes;No;1,900;Q1;22;28;29;929;269;25;9,28;33,18;40,21;0;India;Asiatic Region;"Wolters Kluwer Medknow Publications";"2021-2026";"Health (social science) (Q1); Medicine (miscellaneous) (Q1); Public Health, Environmental and Occupational Health (Q1); Social Psychology (Q1)";"Medicine; Psychology; Social Sciences"
24;19841;"Social Psychiatry and Psychiatric Epidemiology";journal;"14339285, 09337954";"D. Steinkopff-Verlag";No;No;1,750;Q1;160;199;497;10311;2495;485;4,93;51,81;56,76;49;Germany;Western Europe;"D. Steinkopff-Verlag";"1988-2026";"Epidemiology (Q1); Health (social science) (Q1); Psychiatry and Mental Health (Q1); Social Psychology (Q1)";"Medicine; Psychology; Social Sciences"
25;19900192137;"Social and Personality Psychology Compass";journal;"17519004";"John Wiley and Sons Inc";No;No;1,646;Q1;100;42;173;3810;749;169;3,99;90,71;59,57;3;United States;Northern America;"John Wiley and Sons Inc";"2007-2026";"Social Psychology (Q1)";"Psychology"
26;14946;"Group Processes and Intergroup Relations";journal;"14617188, 13684302";"SAGE Publications Ltd";No;No;1,631;Q1;102;105;223;7113;1017;217;5,08;67,74;50,30;14;United Kingdom;Western Europe;"SAGE Publications Ltd";"1998-2026";"Arts and Humanities (miscellaneous) (Q1); Communication (Q1); Cultural Studies (Q1); Social Psychology (Q1); Sociology and Political Science (Q1)";"Arts and Humanities; Psychology; Social Sciences"
27;21100903415;"Journal of Professional Capital and Community";journal;"20569548, 20569556";"Emerald Group Publishing Ltd.";No;No;1,618;Q1;31;26;79;1479;386;75;5,62;56,88;48,21;0;United Kingdom;Western Europe;"Emerald Group Publishing Ltd.";"2016-2026";"Communication (Q1); Education (Q1); Social Psychology (Q1)";"Psychology; Social Sciences"
28;21100777183;"Journal of Family Theory and Review";journal;"17562589, 17562570";"Wiley-Blackwell Publishing Ltd";No;No;1,608;Q1;50;36;98;2799;433;88;4,50;77,75;81,18;5;United Kingdom;Western Europe;"Wiley-Blackwell Publishing Ltd";"2009, 2013, 2016-2026";"Health (social science) (Q1); Social Psychology (Q1); Social Sciences (miscellaneous) (Q1)";"Psychology; Social Sciences"
29;15499;"Journal of Experimental Social Psychology";journal;"00221031, 10960465";"Academic Press Inc.";No;No;1,596;Q1;190;127;358;8500;1370;353;3,72;66,93;38,61;8;United States;Northern America;"Academic Press Inc.";"1965-2026";"Social Psychology (Q1); Sociology and Political Science (Q1)";"Psychology; Social Sciences"
30;20385;"Journal of Research in Crime and Delinquency";journal;"1552731X, 00224278";"SAGE Publications Inc.";No;No;1,583;Q1;116;21;62;2112;224;62;3,26;100,57;45,45;4;United States;Northern America;"SAGE Publications Inc.";"1964-2026";"Social Psychology (Q1)";"Psychology"
31;25733;"Journal of Criminal Justice";journal;"00472352";"Elsevier B.V.";Yes;No;1,573;Q1;110;96;188;7125;937;188;5,37;74,22;47,99;14;United Kingdom;Western Europe;"Elsevier B.V.";"1973-2026";"Applied Psychology (Q1); Law (Q1); Social Psychology (Q1); Sociology and Political Science (Q1)";"Psychology; Social Sciences"
32;12057;"Media Psychology";journal;"1532785X, 15213269";"Routledge";No;No;1,545;Q1;104;40;108;2525;566;107;5,15;63,13;57,55;6;United States;Northern America;"Routledge";"1999-2026";"Applied Psychology (Q1); Communication (Q1); Social Psychology (Q1)";"Psychology; Social Sciences"
33;14117;"European Journal of Social Psychology";journal;"10990992, 00462772";"John Wiley and Sons Ltd";No;No;1,481;Q1;146;69;277;5144;1071;273;3,67;74,55;55,87;5;United Kingdom;Western Europe;"John Wiley and Sons Ltd";"1971-2026";"Social Psychology (Q1)";"Psychology"
34;19700176047;"Cyberpsychology, Behavior, and Social Networking";journal;"21522715, 21522723";"Mary Ann Liebert Inc.";No;No;1,466;Q1;198;126;422;4559;2454;368;6,06;36,18;49,61;9;United States;Northern America;"Mary Ann Liebert Inc.";"2010-2026";"Applied Psychology (Q1); Communication (Q1); Computer Science Applications (Q1); Human-Computer Interaction (Q1); Medicine (miscellaneous) (Q1); Social Psychology (Q1)";"Computer Science; Medicine; Psychology; Social Sciences"
35;12159;"Body Image";journal;"17401445, 18736807";"Elsevier Ltd";No;No;1,459;Q1;125;171;337;11963;2115;333;5,66;69,96;73,76;9;United Kingdom;Western Europe;"Elsevier Ltd";"2004-2026";"Applied Psychology (Q1); Psychology (miscellaneous) (Q1); Social Psychology (Q1)";"Psychology"
36;21100378340;"Psychosocial Intervention";journal;"11320559, 21734712";"Colegio Oficial de Psicologos de Madrid";Yes;Yes;1,437;Q1;39;15;53;1130;268;52;4,80;75,33;60,61;1;Spain;Western Europe;"Colegio Oficial de Psicologos de Madrid";"2011-2026";"Applied Psychology (Q1); Developmental and Educational Psychology (Q1); Social Psychology (Q1)";"Psychology"
37;14152;"Family Process";journal;"15455300, 00147370";"Wiley-Blackwell Publishing Ltd";No;No;1,401;Q1;104;106;296;5597;1243;284;4,29;52,80;63,88;17;United Kingdom;Western Europe;"Wiley-Blackwell Publishing Ltd";"1962-2026";"Clinical Psychology (Q1); Social Psychology (Q1); Social Sciences (miscellaneous) (Q1)";"Psychology; Social Sciences"
38;20153;"AIDS and Behavior";journal;"10907165, 15733254";"Springer New York";No;No;1,392;Q1;139;355;1113;17819;4955;1052;4,57;50,19;58,20;50;United States;Northern America;"Springer New York";"1997-2026";"Infectious Diseases (Q1); Public Health, Environmental and Occupational Health (Q1); Social Psychology (Q1)";"Medicine; Psychology"
39;15452;"Journal of Counseling Psychology";journal;"19392168, 00220167";"American Psychological Association";No;No;1,373;Q1;181;52;201;2935;954;201;4,24;56,44;51,34;3;United States;Northern America;"American Psychological Association";"1954-2025";"Clinical Psychology (Q1); Medicine (miscellaneous) (Q1); Psychiatry and Mental Health (Q1); Social Psychology (Q1)";"Medicine; Psychology"
40;13453;"Learning and Individual Differences";journal;"18733425, 10416080";"Elsevier B.V.";No;No;1,367;Q1;123;78;263;5980;1120;263;3,76;76,67;61,51;5;United Kingdom;Western Europe;"Elsevier B.V.";"1989-2000, 2002-2026";"Developmental and Educational Psychology (Q1); Education (Q1); Social Psychology (Q1)";"Psychology; Social Sciences"
41;30073;"Journal of Research in Personality";journal;"00926566, 10957251";"Academic Press Inc.";No;No;1,356;Q1;154;101;293;6815;1049;291;3,26;67,48;51,87;4;United States;Northern America;"Academic Press Inc.";"1973-2026";"Psychology (miscellaneous) (Q1); Social Psychology (Q1)";"Psychology"
42;29802;"Psychology and Aging";journal;"08827974, 19391498";"American Psychological Association";No;No;1,348;Q1;186;60;278;4305;1129;277;3,52;71,75;55,15;1;United States;Northern America;"American Psychological Association";"1986-2026";"Geriatrics and Gerontology (Q1); Social Psychology (Q1); Aging (Q2)";"Biochemistry, Genetics and Molecular Biology; Medicine; Psychology"
43;14798;"Sex Roles";journal;"03600025, 15732762";"Springer New York";No;No;1,314;Q1;159;81;322;5941;1413;320;3,77;73,35;71,43;7;United States;Northern America;"Springer New York";"1975-2026";"Developmental and Educational Psychology (Q1); Gender Studies (Q1); Social Psychology (Q1)";"Psychology; Social Sciences"
44;20654;"Journal of Managerial Psychology";journal;"02683946";"Emerald Group Publishing Ltd.";No;No;1,306;Q1;110;51;122;2741;566;117;3,24;53,75;40,88;0;United Kingdom;Western Europe;"Emerald Group Publishing Ltd.";"1986-2026";"Applied Psychology (Q1); Management Science and Operations Research (Q1); Organizational Behavior and Human Resource Management (Q1); Social Psychology (Q1)";"Business, Management and Accounting; Decision Sciences; Psychology"
45;14230;"Cultural Diversity and Ethnic Minority Psychology";journal;"10999809, 19390106";"American Psychological Association";No;No;1,293;Q1;113;83;223;5049;842;223;3,44;60,83;73,48;9;United States;Northern America;"American Psychological Association";"1999-2026";"Social Psychology (Q1); Sociology and Political Science (Q1)";"Psychology; Social Sciences"
46;25655;"Journal of Adolescence";journal;"10959254, 01401971";"John Wiley and Sons Inc";No;No;1,293;Q1;153;89;391;5242;1609;388;3,59;58,90;69,62;16;United States;Northern America;"John Wiley and Sons Inc";"1978-2026";"Developmental and Educational Psychology (Q1); Pediatrics, Perinatology and Child Health (Q1); Psychiatry and Mental Health (Q1); Social Psychology (Q1)";"Medicine; Psychology"
47;19700190346;"Consumption Markets and Culture";journal;"10253866, 1477223X";"Routledge";No;No;1,281;Q1;47;33;106;2667;342;103;3,08;80,82;54,24;0;United States;Northern America;"Routledge";"2003, 2007, 2010-2026";"Anthropology (Q1); Economics and Econometrics (Q1); Marketing (Q1); Social Psychology (Q1)";"Business, Management and Accounting; Economics, Econometrics and Finance; Psychology; Social Sciences"
48;14871;"International Journal of Behavioral Development";journal;"01650254, 14640651";"SAGE Publications Ltd";No;No;1,268;Q1;119;58;183;2996;635;181;3,43;51,66;68,92;6;United Kingdom;Western Europe;"SAGE Publications Ltd";"1978-2026";"Developmental and Educational Psychology (Q1); Developmental Neuroscience (Q1); Education (Q1); Life-span and Life-course Studies (Q1); Social Psychology (Q1); Social Sciences (miscellaneous) (Q1)";"Neuroscience; Psychology; Social Sciences"
49;21100886228;"Policy Insights from the Behavioral and Brain Sciences";journal;"23727330, 23727322";"SAGE Publications Ltd";No;No;1,263;Q1;46;25;81;1697;357;81;4,42;67,88;60,66;6;United States;Northern America;"SAGE Publications Ltd";"2014-2026";"Public Administration (Q1); Social Psychology (Q1)";"Psychology; Social Sciences"
50;19600166326;"Mindfulness";journal;"18688535, 18688527";"Springer Verlag";No;No;1,259;Q1;110;235;756;14824;3100;685;3,50;63,08;57,13;15;Germany;Western Europe;"Springer Verlag";"2010-2026";"Applied Psychology (Q1); Developmental and Educational Psychology (Q1); Experimental and Cognitive Psychology (Q1); Health (social science) (Q1); Social Psychology (Q1)";"Psychology; Social Sciences"
51;21100790809;"International Review of Social Psychology";journal;"23978570";"Ubiquity Press";Yes;Yes;1,181;Q1;32;19;56;1056;223;56;3,24;55,58;45,59;0;United Kingdom;Western Europe;"Ubiquity Press";"2016-2025";"Social Psychology (Q1)";"Psychology"
52;19500157063;"International Journal of Social Robotics";journal;"18754805, 18754791";"Springer Verlag";No;No;1,177;Q1;94;133;278;8772;1621;264;5,61;65,95;38,48;15;Germany;Western Europe;"Springer Verlag";"2009-2026";"Computer Science (miscellaneous) (Q1); Control and Systems Engineering (Q1); Electrical and Electronic Engineering (Q1); Human-Computer Interaction (Q1); Philosophy (Q1); Social Psychology (Q1)";"Arts and Humanities; Computer Science; Engineering; Psychology"
53;14818;"Small Group Research";journal;"15528278, 10464964";"SAGE Publications Inc.";No;No;1,128;Q1;93;28;71;2031;257;71;3,29;72,54;50,57;2;United States;Northern America;"SAGE Publications Inc.";"1970-2026";"Applied Psychology (Q1); Social Psychology (Q1)";"Psychology"
54;30086;"Journal of Social and Personal Relationships";journal;"14603608, 02654075";"SAGE Publications Ltd";No;No;1,091;Q1;115;173;542;9894;1599;541;2,58;57,19;65,73;9;United Kingdom;Western Europe;"SAGE Publications Ltd";"1984-2026";"Communication (Q1); Developmental and Educational Psychology (Q1); Social Psychology (Q1); Sociology and Political Science (Q1)";"Psychology; Social Sciences"
55;24733;"American Behavioral Scientist";journal;"15523381, 00027642";"SAGE Publications Inc.";No;No;1,088;Q1;149;116;338;5422;1237;318;3,95;46,74;56,16;19;United States;Northern America;"SAGE Publications Inc.";"1957-2026";"Cultural Studies (Q1); Education (Q1); Social Psychology (Q1); Social Sciences (miscellaneous) (Q1); Sociology and Political Science (Q1)";"Psychology; Social Sciences"
56;15565;"Journal of Loss and Trauma";journal;"15325024, 15325032";"Routledge";No;No;1,053;Q1;63;76;171;1815;734;155;5,50;23,88;60,00;6;United States;Northern America;"Routledge";"1996-2026";"Social Psychology (Q1); Social Sciences (miscellaneous) (Q1); Psychiatry and Mental Health (Q2)";"Medicine; Psychology; Social Sciences"
57;13344;"Social Psychology of Education";journal;"15731928, 13812890";"Springer Netherlands";No;No;1,042;Q1;76;61;205;4782;674;205;2,77;78,39;72,09;6;Netherlands;Western Europe;"Springer Netherlands";"1996-2026";"Developmental and Educational Psychology (Q1); Education (Q1); Social Psychology (Q1); Sociology and Political Science (Q1)";"Psychology; Social Sciences"
58;147229;"Discourse Studies";journal;"14614456, 14617080";"SAGE Publications Ltd";No;No;1,040;Q1;79;36;96;1677;241;95;2,12;46,58;55,36;1;United Kingdom;Western Europe;"SAGE Publications Ltd";"1999-2026";"Anthropology (Q1); Communication (Q1); Linguistics and Language (Q1); Social Psychology (Q1)";"Psychology; Social Sciences"
59;78905;"Research and Practice for Persons with Severe Disabilities";journal;"15407969, 21692408";"SAGE Publications Inc.";No;No;1,039;Q1;65;18;65;562;171;62;2,29;31,22;70,21;1;United Kingdom;Western Europe;"SAGE Publications Inc.";"1975-1980, 1986, 1988, 1990, 1992-2026";"Health Professions (miscellaneous) (Q1); Public Health, Environmental and Occupational Health (Q1); Social Psychology (Q1)";"Health Professions; Medicine; Psychology"
60;19700188308;"Research in Human Development";journal;"15427617, 15427609";"Routledge";No;No;1,038;Q1;39;10;50;507;125;46;1,91;50,70;61,90;1;United States;Northern America;"Routledge";"2004-2005, 2008-2025";"Developmental and Educational Psychology (Q1); Social Psychology (Q1)";"Psychology"
61;21101020142;"International Journal of Wellbeing";journal;"11798602";"";Yes;Yes;1,034;Q1;18;24;75;1773;253;69;4,27;73,88;51,09;2;New Zealand;Pacific Region;"";"2019-2025";"Economics, Econometrics and Finance (miscellaneous) (Q1); Social Psychology (Q1); Applied Psychology (Q2)";"Economics, Econometrics and Finance; Psychology"
62;12710;"Motivation and Emotion";journal;"15736644, 01467239";"Springer New York";No;No;1,031;Q1;115;60;190;3968;733;189;4,32;66,13;51,91;0;United States;Northern America;"Springer New York";"1977-2026";"Experimental and Cognitive Psychology (Q1); Social Psychology (Q1)";"Psychology"
63;19700186336;"Psychology of Violence";journal;"21520828, 2152081X";"American Psychological Association";No;No;1,015;Q1;69;60;189;3402;608;189;2,63;56,70;62,40;9;United States;Northern America;"American Psychological Association";"2010-2025";"Health (social science) (Q1); Social Psychology (Q1); Applied Psychology (Q2)";"Psychology; Social Sciences"
64;29972;"Journal of Homosexuality";journal;"15403602, 00918369";"Routledge";No;No;0,997;Q1;101;125;327;7041;1145;319;3,29;56,33;50,60;9;United States;Northern America;"Routledge";"1974, 1976-2026";"Education (Q1); Gender Studies (Q1); Medicine (miscellaneous) (Q1); Psychology (miscellaneous) (Q1); Social Psychology (Q1)";"Medicine; Psychology; Social Sciences"
65;17562;"Social Psychology Quarterly";journal;"01902725, 19398999";"SAGE Publications Inc.";No;No;0,987;Q1;112;22;69;1260;185;66;2,35;57,27;58,33;2;United States;Northern America;"SAGE Publications Inc.";"1979-1984, 1989, 1996-2026";"Social Psychology (Q1)";"Psychology"
66;17700156733;"Journal of Consumer Behaviour";journal;"14791838, 14720817";"Wiley-Blackwell";No;No;0,978;Q1;80;107;213;8693;922;210;4,43;81,24;45,30;2;United States;Northern America;"Wiley-Blackwell";"2007, 2009-2026";"Social Psychology (Q1); Applied Psychology (Q2)";"Psychology"
67;14031;"Psychology of Men and Masculinity";journal;"1939151X, 15249220";"American Psychological Association";No;No;0,968;Q1;86;49;196;3292;602;195;2,80;67,18;44,44;4;United States;Northern America;"American Psychological Association";"2000-2025";"Gender Studies (Q1); Life-span and Life-course Studies (Q1); Social Psychology (Q1); Applied Psychology (Q2)";"Psychology; Social Sciences"
68;29826;"Research on Aging";journal;"01640275, 15527573";"SAGE Publications Inc.";No;No;0,965;Q1;83;63;108;3552;348;108;3,28;56,38;63,21;6;United States;Northern America;"SAGE Publications Inc.";"1979-2026";"Health (social science) (Q1); Social Psychology (Q1); Geriatrics and Gerontology (Q2)";"Medicine; Psychology; Social Sciences"
69;24734;"American Journal of Evaluation";journal;"10982140, 15570878";"SAGE Publications Inc.";No;No;0,956;Q1;74;42;100;1495;288;96;2,93;35,60;68,85;6;United States;Northern America;"SAGE Publications Inc.";"1981-2026";"Business and International Management (Q1); Education (Q1); Health (social science) (Q1); Social Psychology (Q1); Sociology and Political Science (Q1); Strategy and Management (Q1)";"Business, Management and Accounting; Psychology; Social Sciences"
70;30016;"Journal of Nonverbal Behavior";journal;"01915886, 15733653";"Kluwer Academic/Human Sciences Press Inc.";No;No;0,954;Q1;83;30;84;1871;274;77;2,43;62,37;51,06;0;United States;Northern America;"Kluwer Academic/Human Sciences Press Inc.";"1979-2026";"Social Psychology (Q1)";"Psychology"
71;30090;"Journal of Social Psychology";journal;"00224545, 19401183";"Routledge";No;No;0,953;Q1;100;49;173;2921;505;158;2,27;59,61;52,53;1;United States;Northern America;"Routledge";"1930-2026";"Social Psychology (Q1)";"Psychology"
72;15453;"Journal of Cross-Cultural Psychology";journal;"00220221, 15525422";"SAGE Publications Inc.";No;No;0,950;Q1;143;63;152;4705;460;146;3,15;74,68;55,52;2;United States;Northern America;"SAGE Publications Inc.";"1970-2026";"Anthropology (Q1); Cultural Studies (Q1); Social Psychology (Q1)";"Psychology; Social Sciences"
73;15564;"Journal of Language and Social Psychology";journal;"15526526, 0261927X";"SAGE Publications Inc.";No;No;0,937;Q1;72;34;117;2098;355;115;2,68;61,71;56,57;0;United States;Northern America;"SAGE Publications Inc.";"1982-2026";"Anthropology (Q1); Education (Q1); Linguistics and Language (Q1); Social Psychology (Q1); Sociology and Political Science (Q1)";"Psychology; Social Sciences"
74;21100217612;"Industrial and Organizational Psychology";journal;"17549426, 17549434";"Cambridge University Press";No;No;0,929;Q1;57;102;284;2297;337;66;1,28;22,52;46,73;7;United Kingdom;Western Europe;"Cambridge University Press";"2008-2026";"Social Psychology (Q1); Applied Psychology (Q2)";"Psychology"
75;22810;"British Journal of Criminology";journal;"00070955, 14643529";"Oxford University Press";No;No;0,923;Q2;127;84;240;5514;800;239;2,83;65,64;46,86;20;United Kingdom;Western Europe;"Oxford University Press";"1960-2026";"Arts and Humanities (miscellaneous) (Q1); Law (Q1); Pathology and Forensic Medicine (Q1); Social Psychology (Q2)";"Arts and Humanities; Medicine; Psychology; Social Sciences"
76;19900193855;"Revista de Psicologia del Trabajo y de las Organizaciones";journal;"15765962, 21740534";"Colegio Oficial de Psicologos de Madrid";Yes;Yes;0,922;Q2;36;22;65;1892;269;65;3,24;86,00;47,76;2;Spain;Western Europe;"Colegio Oficial de Psicologos de Madrid";"2011-2025";"Organizational Behavior and Human Resource Management (Q2); Social Psychology (Q2)";"Business, Management and Accounting; Psychology"
77;28471;"Ageing and Society";journal;"0144686X, 14691779";"Cambridge University Press";No;No;0,905;Q2;109;139;373;8542;1257;373;3,22;61,45;64,13;0;United Kingdom;Western Europe;"Cambridge University Press";"1981-2026";"Arts and Humanities (miscellaneous) (Q1); Health (social science) (Q1); Geriatrics and Gerontology (Q2); Public Health, Environmental and Occupational Health (Q2); Social Psychology (Q2)";"Arts and Humanities; Medicine; Psychology; Social Sciences"
78;21101042149;"Stigma and Health";journal;"23766964, 23766972";"American Psychological Association";No;No;0,904;Q2;29;84;178;4817;587;174;3,15;57,35;63,78;6;United States;Northern America;"American Psychological Association";"2017, 2019-2025";"Clinical Psychology (Q1); Health Policy (Q2); Psychiatry and Mental Health (Q2); Public Health, Environmental and Occupational Health (Q2); Social Psychology (Q2)";"Medicine; Psychology"
79;19400158810;"Child Indicators Research";journal;"18748988, 1874897X";"Springer Netherlands";No;No;0,887;Q2;57;107;326;6713;914;325;2,78;62,74;56,33;17;Netherlands;Western Europe;"Springer Netherlands";"2010-2026";"Health (social science) (Q1); Sociology and Political Science (Q1); Social Psychology (Q2)";"Psychology; Social Sciences"
80;5700161512;"Journal of Consumer Culture";journal;"14695405, 17412900";"SAGE Publications Ltd";No;No;0,886;Q2;75;53;111;2935;332;108;3,18;55,38;56,19;7;United Kingdom;Western Europe;"SAGE Publications Ltd";"2001-2026";"Arts and Humanities (miscellaneous) (Q1); Business and International Management (Q1); Sociology and Political Science (Q1); Economics and Econometrics (Q2); Marketing (Q2); Social Psychology (Q2)";"Arts and Humanities; Business, Management and Accounting; Economics, Econometrics and Finance; Psychology; Social Sciences"
81;28831;"Public Culture";journal;"15278018, 08992363";"Duke University Press";No;No;0,884;Q2;93;33;91;1235;163;78;1,28;37,42;54,35;0;United States;Northern America;"Duke University Press";"1996-2025";"Arts and Humanities (miscellaneous) (Q1); Communication (Q1); Social Psychology (Q2)";"Arts and Humanities; Psychology; Social Sciences"
82;21100983356;"Journal of Positive Psychology and Wellbeing (discontinued)";journal;"25870130";"";Yes;No;0,868;Q2;17;0;26;0;111;26;4,08;0,00;0,00;0;Turkey;Middle East;"";"2017-2020";"Education (Q1); Applied Psychology (Q2); Life-span and Life-course Studies (Q2); Social Psychology (Q2)";"Psychology; Social Sciences"
83;12088;"Basic and Applied Social Psychology";journal;"01973533, 15324834";"Routledge";No;No;0,867;Q2;88;9;77;574;180;77;2,27;63,78;45,00;1;United Kingdom;Western Europe;"Routledge";"1980-2026";"Applied Psychology (Q2); Social Psychology (Q2)";"Psychology"
84;19700188900;"Social Psychology";journal;"18649335, 21512590";"Hogrefe Publishing GmbH";No;No;0,866;Q2;56;31;101;1565;247;99;1,80;50,48;36,70;1;Germany;Western Europe;"Hogrefe Publishing GmbH";"2006, 2008-2026";"Arts and Humanities (miscellaneous) (Q1); Sociology and Political Science (Q1); Psychology (miscellaneous) (Q2); Social Psychology (Q2)";"Arts and Humanities; Psychology; Social Sciences"
85;17700156745;"Psychology of Religion and Spirituality";journal;"19431562, 19411022";"American Psychological Association";No;No;0,864;Q2;58;69;152;3412;434;151;2,68;49,45;48,34;5;United States;Northern America;"American Psychological Association";"2009-2025";"Religious Studies (Q1); Applied Psychology (Q2); Social Psychology (Q2)";"Arts and Humanities; Psychology"
86;14246;"Group Dynamics";journal;"10892699, 19307802";"American Psychological Association";No;No;0,858;Q2;83;20;68;1594;186;67;3,05;79,70;38,60;6;United States;Northern America;"American Psychological Association";"1997-2025";"Applied Psychology (Q2); Social Psychology (Q2)";"Psychology"
87;21101100209;"Social Psychological Bulletin";journal;"2569653X, 18961800";"PsychOpen";Yes;Yes;0,843;Q2;18;13;68;644;153;65;3,53;49,54;45,16;0;Germany;Western Europe;"PsychOpen";"2018-2026";"Applied Psychology (Q2); Social Psychology (Q2)";"Psychology"
88;21100812569;"Journal of Social and Political Psychology";journal;"21953325";"PsychOpen";Yes;Yes;0,832;Q2;43;45;123;2730;271;115;1,89;60,67;48,92;5;Germany;Western Europe;"PsychOpen";"2013-2025";"Sociology and Political Science (Q1); Applied Psychology (Q2); Social Psychology (Q2)";"Psychology; Social Sciences"
89;15496;"International Journal of Intercultural Relations";journal;"01471767";"Elsevier Ltd";No;No;0,824;Q2;113;118;272;7764;804;267;2,81;65,80;56,27;10;United Kingdom;Western Europe;"Elsevier Ltd";"1977-2026";"Business and International Management (Q1); Sociology and Political Science (Q1); Social Psychology (Q2)";"Business, Management and Accounting; Psychology; Social Sciences"
90;5700177956;"Journal of Family Communication";journal;"15327698, 15267431";"Routledge";No;No;0,819;Q2;38;25;75;1258;183;72;2,30;50,32;75,93;0;United States;Northern America;"Routledge";"2009-2026";"Communication (Q1); Social Psychology (Q2)";"Psychology; Social Sciences"
91;28652;"Clinical Gerontologist";journal;"15452301, 07317115";"Routledge";No;No;0,813;Q2;49;112;170;5245;510;146;2,56;46,83;67,52;25;United States;Northern America;"Routledge";"1982-2026";"Health (social science) (Q1); Clinical Psychology (Q2); Geriatrics and Gerontology (Q2); Gerontology (Q2); Social Psychology (Q2)";"Medicine; Nursing; Psychology; Social Sciences"
92;21100855505;"Journal of Cybersecurity";journal;"20572093";"Oxford University Press";Yes;No;0,812;Q2;38;16;64;1395;298;64;3,25;87,19;28,57;5;United Kingdom;Western Europe;"Oxford University Press";"2015-2026";"Computer Science (miscellaneous) (Q1); Law (Q1); Political Science and International Relations (Q1); Safety Research (Q1); Safety, Risk, Reliability and Quality (Q1); Computer Networks and Communications (Q2); Computer Science Applications (Q2); Hardware and Architecture (Q2); Information Systems (Q2); Social Psychology (Q2); Software (Q2)";"Computer Science; Engineering; Psychology; Social Sciences"
93;5800207540;"Journal of Politeness Research";journal;"16125681, 16134877";"De Gruyter Mouton";No;No;0,791;Q2;45;17;32;902;71;32;1,90;53,06;34,78;0;Germany;Western Europe;"De Gruyter Mouton";"2005-2026";"Communication (Q1); Cultural Studies (Q1); Linguistics and Language (Q1); Social Psychology (Q2)";"Psychology; Social Sciences"
94;15390;"Journal of Applied Social Psychology";journal;"00219029, 15591816";"Wiley-Blackwell";No;No;0,790;Q2;146;82;217;5719;540;213;2,29;69,74;55,00;7;United States;Northern America;"Wiley-Blackwell";"1971-2026";"Social Psychology (Q2)";"Psychology"
95;19700187804;"Children's Geographies";journal;"14733277, 14733285";"Carfax Publishing Ltd.";No;No;0,788;Q2;74;80;183;4166;513;177;2,93;52,08;74,48;12;United Kingdom;Western Europe;"Carfax Publishing Ltd.";"2003-2026";"Geography, Planning and Development (Q1); Sociology and Political Science (Q1); Social Psychology (Q2)";"Psychology; Social Sciences"
96;15600154711;"International Journal of Sport and Exercise Psychology";journal;"1557251X, 1612197X";"Taylor and Francis Ltd.";No;No;0,775;Q2;53;110;171;6838;642;163;4,01;62,16;35,01;0;United Kingdom;Western Europe;"Taylor and Francis Ltd.";"2008-2026";"Applied Psychology (Q2); Social Psychology (Q2); Sports Science (Q2)";"Health Professions; Psychology"
97;14130;"Research in Organizational Behavior";journal;"01913085";"Emerald Publishing";No;No;0,775;Q2;87;15;18;3229;29;15;0,92;215,27;53,85;0;United Kingdom;Western Europe;"Emerald Publishing";"2000-2004, 2006, 2008-2025";"Experimental and Cognitive Psychology (Q2); Organizational Behavior and Human Resource Management (Q2); Social Psychology (Q2)";"Business, Management and Accounting; Psychology"
98;15430;"Journal of Community Psychology";journal;"15206629, 00904392";"Wiley-Liss Inc.";No;No;0,760;Q2;107;219;484;12327;1177;468;2,29;56,29;63,33;42;United States;Northern America;"Wiley-Liss Inc.";"1973-2026";"Social Work (Q1); Social Psychology (Q2)";"Psychology; Social Sciences"
99;21100870687;"Perspectives on Behavior Science";journal;"25208969, 25208977";"Springer International Publishing AG";No;No;0,755;Q2;49;42;124;2630;310;109;1,58;62,62;36,63;2;Switzerland;Western Europe;"Springer International Publishing AG";"2018-2026";"Clinical Psychology (Q2); Experimental and Cognitive Psychology (Q2); Social Psychology (Q2)";"Psychology"
100;21101055720;"International Journal of Bullying Prevention";journal;"25233653, 25233661";"Springer International Publishing";No;No;0,750;Q2;24;24;78;1608;210;74;2,27;67,00;66,23;6;Switzerland;Western Europe;"Springer International Publishing";"2019-2026";"Social Sciences (miscellaneous) (Q1); Developmental and Educational Psychology (Q2); Social Psychology (Q2)";"Psychology; Social Sciences"
101;5700152857;"Mind, Culture, and Activity";journal;"10749039, 15327884";"Taylor and Francis Ltd.";No;No;0,746;Q2;69;25;86;1169;175;71;1,71;46,76;54,76;0;United Kingdom;Western Europe;"Taylor and Francis Ltd.";"1994-2024";"Anthropology (Q1); Cultural Studies (Q1); Education (Q1); Linguistics and Language (Q1); Developmental and Educational Psychology (Q2); Social Psychology (Q2); Cognitive Neuroscience (Q3)";"Neuroscience; Psychology; Social Sciences"
102;30085;"Journal of Social and Clinical Psychology";journal;"07367236";"Guilford Publications";No;No;0,742;Q2;121;20;101;1059;194;101;1,82;52,95;56,12;0;United States;Northern America;"Guilford Publications";"1983-1985, 1987-1988, 1990, 1996-2025";"Clinical Psychology (Q2); Social Psychology (Q2)";"Psychology"
103;21101024236;"Journal of Theoretical Social Psychology";journal;"24750387";"John Wiley and Sons Inc";No;No;0,740;Q2;20;3;81;346;166;81;1,43;115,33;50,00;0;United States;Northern America;"John Wiley and Sons Inc";"2017-2025";"Social Psychology (Q2)";"Psychology"
104;12055;"Asian Journal of Social Psychology";journal;"1467839X, 13672223";"Wiley-Blackwell Publishing Ltd";No;No;0,730;Q2;66;61;130;3863;344;118;2,56;63,33;41,58;3;United Kingdom;Western Europe;"Wiley-Blackwell Publishing Ltd";"1998-2026";"Social Sciences (miscellaneous) (Q1); Social Psychology (Q2)";"Psychology; Social Sciences"
105;13560;"Ecological Psychology";journal;"15326969, 10407413";"Routledge";No;No;0,723;Q2;57;8;44;430;122;41;1,64;53,75;35,29;0;United States;Northern America;"Routledge";"1989-2026";"Computer Science (miscellaneous) (Q1); Ecology, Evolution, Behavior and Systematics (Q2); Experimental and Cognitive Psychology (Q2); Social Psychology (Q2)";"Agricultural and Biological Sciences; Computer Science; Psychology"
106;26619;"Symbolic Interaction";journal;"15338665, 01956086";"Wiley-Blackwell";No;No;0,720;Q2;65;24;88;1353;185;83;1,92;56,38;45,95;2;United States;Northern America;"Wiley-Blackwell";"1977-2026";"Communication (Q1); Education (Q1); Nursing (miscellaneous) (Q1); Social Sciences (miscellaneous) (Q1); Sociology and Political Science (Q1); Social Psychology (Q2)";"Nursing; Psychology; Social Sciences"
107;21100821132;"Decision";journal;"23259973, 23259965";"American Psychological Association";No;No;0,719;Q2;26;35;56;1769;97;55;1,43;50,54;31,82;0;United States;Northern America;"American Psychological Association";"2014-2025";"Applied Psychology (Q2); Neuropsychology and Physiological Psychology (Q2); Social Psychology (Q2); Statistics, Probability and Uncertainty (Q2)";"Decision Sciences; Psychology"
108;4700152401;"Psychoanalytic Social Work";journal;"15229033, 15228878";"Routledge";No;No;0,710;Q2;15;12;33;600;18;32;0,35;50,00;61,54;0;United States;Northern America;"Routledge";"1999-2025";"Social Sciences (miscellaneous) (Q1); Social Psychology (Q2); Social Work (Q2)";"Psychology; Social Sciences"
109;14823;"Social Cognition";journal;"0278016X";"Guilford Publications";No;No;0,704;Q2;95;27;104;1329;204;103;2,05;49,22;44,29;0;United States;Northern America;"Guilford Publications";"1982, 1985-1987, 1996-2025";"Developmental and Educational Psychology (Q2); Social Psychology (Q2)";"Psychology"
110;15429;"Journal of Community and Applied Social Psychology";journal;"10529284, 10991298";"John Wiley and Sons Ltd";No;No;0,698;Q2;79;78;138;4209;354;134;2,60;53,96;60,14;13;United Kingdom;Western Europe;"John Wiley and Sons Ltd";"1991-2026";"Sociology and Political Science (Q1); Social Psychology (Q2)";"Psychology; Social Sciences"
111;21321;"AIDS Care - Psychological and Socio-Medical Aspects of AIDS/HIV";journal;"13600451, 09540121";"Routledge";No;No;0,690;Q2;115;218;680;7078;1417;679;1,94;32,47;52,75;17;United Kingdom;Western Europe;"Routledge";"1989-2026";"Health (social science) (Q2); Public Health, Environmental and Occupational Health (Q2); Social Psychology (Q2)";"Medicine; Psychology; Social Sciences"
112;17700156742;"Journal of Media Psychology";journal;"18641105, 21512388";"Hogrefe Publishing";No;No;0,680;Q2;47;36;67;1497;143;62;2,09;41,58;58,89;1;Germany;Western Europe;"Hogrefe Publishing";"2008-2026";"Communication (Q1); Applied Psychology (Q2); Social Psychology (Q2)";"Psychology; Social Sciences"
113;15373;"Journal of Aggression, Maltreatment and Trauma";journal;"10926771, 1545083X";"Routledge";No;No;0,678;-;67;79;223;3775;543;220;1,95;47,78;62,82;7;United States;Northern America;"Routledge";"1997-1998, 2000-2026";"Health Professions (miscellaneous) (Q1); Clinical Psychology (Q2); Psychiatry and Mental Health (Q2)";"Health Professions; Medicine; Psychology"
114;21101041408;"Evolutionary Psychological Science";journal;"21989885";"Springer Nature";No;No;0,675;Q2;26;37;118;2884;243;118;1,93;77,95;42,42;2;Switzerland;Western Europe;"Springer Nature";"2015-2026";"Social Psychology (Q2)";"Psychology"
115;5800179612;"Social Neuroscience";journal;"17470919, 17470927";"Taylor and Francis Ltd.";No;No;0,674;Q2;90;41;174;2929;368;173;1,78;71,44;48,37;1;United Kingdom;Western Europe;"Taylor and Francis Ltd.";"2006-2026";"Development (Q2); Social Psychology (Q2); Behavioral Neuroscience (Q3)";"Neuroscience; Psychology; Social Sciences"
116;21100829991;"Psychology of Consciousness: Theory Research, and Practice";journal;"23265531, 23265523";"American Psychological Association";No;No;0,662;Q2;29;43;101;3049;218;99;1,92;70,91;40,46;0;United States;Northern America;"American Psychological Association";"2016-2025";"Clinical Psychology (Q2); Experimental and Cognitive Psychology (Q2); Neuropsychology and Physiological Psychology (Q2); Social Psychology (Q2)";"Psychology"
117;21100899309;"Research and Practice in Technology Enhanced Learning";journal;"17937078";"Asia-Pacific Society for Computers in Education";Yes;Yes;0,654;Q2;38;28;76;1708;277;76;3,44;61,00;38,54;5;Taiwan;Asiatic Region;"Asia-Pacific Society for Computers in Education";"2015-2026";"Media Technology (Q1); Education (Q2); Management of Technology and Innovation (Q2); Social Psychology (Q2)";"Business, Management and Accounting; Engineering; Psychology; Social Sciences"
118;21100413715;"Sport, Exercise, and Performance Psychology";journal;"21573913, 21573905";"American Psychological Association";No;No;0,653;Q2;42;36;108;2052;277;104;2,33;57,00;42,86;0;United States;Northern America;"American Psychological Association";"2013-2025";"Applied Psychology (Q2); Physical Therapy, Sports Therapy and Rehabilitation (Q2); Social Psychology (Q2)";"Health Professions; Psychology"
119;6400153136;"BioPsychoSocial Medicine";journal;"17510759";"BioMed Central Ltd";Yes;No;0,645;Q2;48;27;84;908;254;83;2,23;33,63;33,53;2;United Kingdom;Western Europe;"BioMed Central Ltd";"2007-2026";"Psychiatry and Mental Health (Q2); Psychology (miscellaneous) (Q2); Social Psychology (Q2); Biological Psychiatry (Q3)";"Medicine; Neuroscience; Psychology"
120;19700187621;"Psychology and Sexuality";journal;"19419902, 19419899";"Routledge";No;No;0,640;Q2;47;93;83;5568;238;80;2,87;59,87;59,57;5;United Kingdom;Western Europe;"Routledge";"2010-2026";"Gender Studies (Q1); Applied Psychology (Q2); Health (social science) (Q2); Social Psychology (Q2)";"Psychology; Social Sciences"
121;5600152890;"Body and Society";journal;"1357034X, 14603632";"SAGE Publications Ltd";No;No;0,630;Q2;82;15;56;876;140;53;2,44;58,40;64,71;0;United Kingdom;Western Europe;"SAGE Publications Ltd";"1995-2026";"Cultural Studies (Q1); Health (social science) (Q2); Social Psychology (Q2)";"Psychology; Social Sciences"
122;7100153131;"International Journal of Sexual Health";journal;"1931762X, 19317611";"Routledge";No;No;0,630;Q2;54;56;120;3142;248;119;1,75;56,11;54,75;5;United States;Northern America;"Routledge";"2007-2026";"Gender Studies (Q1); Dermatology (Q2); Public Health, Environmental and Occupational Health (Q2); Reproductive Medicine (Q2); Social Psychology (Q2)";"Medicine; Psychology; Social Sciences"
123;17500155125;"Emotion, Space and Society";journal;"17554586, 18780040";"Elsevier B.V.";No;No;0,629;Q2;58;33;192;1914;397;186;1,94;58,00;71,67;1;Netherlands;Western Europe;"Elsevier B.V.";"2008-2026";"Social Psychology (Q2); Experimental and Cognitive Psychology (Q3)";"Psychology"
124;17900156741;"European Journal of Developmental Psychology";journal;"17405610, 17405629";"Taylor and Francis Ltd.";No;No;0,629;Q2;55;49;163;2293;328;156;1,95;46,80;63,01;5;United Kingdom;Western Europe;"Taylor and Francis Ltd.";"2006-2007, 2009-2026";"Developmental and Educational Psychology (Q2); Social Psychology (Q2)";"Psychology"
125;15567;"Journal of Marital and Family Therapy";journal;"17520606, 0194472X";"Wiley-Blackwell";No;No;0,627;Q2;84;62;168;3565;404;163;2,31;57,50;60,93;8;United States;Northern America;"Wiley-Blackwell";"1975-2026";"Social Sciences (miscellaneous) (Q1); Sociology and Political Science (Q1); Clinical Psychology (Q2); Social Psychology (Q2)";"Psychology; Social Sciences"
126;27618;"American Journal of Health Behavior (discontinued)";journal;"10873244, 19457359";"PNG Publications";No;No;0,625;Q2;82;70;260;2630;593;260;2,13;37,57;52,99;0;United States;Northern America;"PNG Publications";"1996-2025";"Health (social science) (Q2); Public Health, Environmental and Occupational Health (Q2); Social Psychology (Q2)";"Medicine; Psychology; Social Sciences"
127;21100801744;"Violence and Gender";journal;"23267852, 23267836";"Mary Ann Liebert Inc.";No;No;0,617;Q2;26;26;93;1129;203;85;2,07;43,42;65,63;2;United States;Northern America;"Mary Ann Liebert Inc.";"2014-2025";"Cultural Studies (Q1); Gender Studies (Q1); Health (social science) (Q2); Psychiatry and Mental Health (Q2); Social Psychology (Q2)";"Medicine; Psychology; Social Sciences"
128;16707;"Journal of Family Therapy";journal;"14676427, 01634445";"Wiley-Blackwell Publishing Ltd";No;No;0,612;Q2;55;40;106;1575;206;93;1,74;39,38;71,43;3;United Kingdom;Western Europe;"Wiley-Blackwell Publishing Ltd";"1979-2026";"Social Sciences (miscellaneous) (Q1); Clinical Psychology (Q2); Social Psychology (Q2)";"Psychology; Social Sciences"
129;19700169951;"International Journal of Testing";journal;"15305058, 15327574";"Routledge";No;No;0,602;Q2;31;15;38;786;74;37;1,90;52,40;33,96;3;United Kingdom;Western Europe;"Routledge";"2010-2026";"Education (Q2); Modeling and Simulation (Q2); Social Psychology (Q2)";"Mathematics; Psychology; Social Sciences"
130;15500154703;"Evolutionary Psychology";journal;"14747049";"SAGE Publications Inc.";Yes;No;0,596;Q2;55;27;100;1834;185;100;1,35;67,93;44,30;1;United Kingdom;Western Europe;"SAGE Publications Inc.";"2003-2004, 2006-2007, 2009-2026";"Medicine (miscellaneous) (Q2); Social Psychology (Q2); Behavioral Neuroscience (Q3)";"Medicine; Neuroscience; Psychology"
131;14045;"Psychology, Public Policy, and Law";journal;"10768971, 19391528";"American Psychological Association";No;No;0,585;Q2;84;48;111;3614;272;106;2,17;75,29;57,74;11;United States;Northern America;"American Psychological Association";"1995-2025";"Law (Q1); Sociology and Political Science (Q1); Social Psychology (Q2)";"Psychology; Social Sciences"
132;14293;"Deviant Behavior";journal;"15210456, 01639625";"Taylor and Francis Ltd.";No;No;0,569;Q2;74;87;324;5455;582;323;1,72;62,70;42,53;9;United Kingdom;Western Europe;"Taylor and Francis Ltd.";"1979-2026";"Law (Q1); Sociology and Political Science (Q1); Clinical Psychology (Q2); Social Psychology (Q2)";"Psychology; Social Sciences"
133;15540;"Journal of Humanistic Psychology";journal;"1552650X, 00221678";"SAGE Publications Inc.";No;No;0,567;Q2;53;76;190;3294;398;181;2,73;43,34;58,89;3;United States;Northern America;"SAGE Publications Inc.";"1961-2026";"Philosophy (Q1); Sociology and Political Science (Q1); Social Psychology (Q2)";"Arts and Humanities; Psychology; Social Sciences"
134;14768;"Hispanic Journal of Behavioral Sciences";journal;"15526364, 07399863";"SAGE Publications Inc.";No;No;0,553;Q2;76;13;83;721;109;82;1,27;55,46;55,81;1;United States;Northern America;"SAGE Publications Inc.";"1979-2026";"Anthropology (Q1); Cultural Studies (Q1); Linguistics and Language (Q1); Social Psychology (Q2)";"Psychology; Social Sciences"
135;15965;"Personal Relationships";journal;"13504126, 14756811";"Wiley-Blackwell Publishing Ltd";No;No;0,550;Q2;105;46;125;3020;216;124;1,37;65,65;75,00;4;United Kingdom;Western Europe;"Wiley-Blackwell Publishing Ltd";"1994-2026";"Anthropology (Q1); Social Psychology (Q2); Developmental and Educational Psychology (Q3); Life-span and Life-course Studies (Q3)";"Psychology; Social Sciences"
136;145246;"Journal of Workplace Learning";journal;"13665626";"Emerald Group Publishing Ltd.";No;No;0,547;Q2;65;49;113;3067;286;111;2,22;62,59;59,71;0;United Kingdom;Western Europe;"Emerald Group Publishing Ltd.";"1997-2026";"Development (Q2); Organizational Behavior and Human Resource Management (Q2); Social Psychology (Q2)";"Business, Management and Accounting; Psychology; Social Sciences"
137;21100331602;"Annals of Leisure Research";journal;"11745398, 21596816";"Routledge";No;No;0,539;Q2;41;35;118;2148;306;101;2,41;61,37;61,43;2;United States;Northern America;"Routledge";"2008-2026";"Cultural Studies (Q1); Geography, Planning and Development (Q2); Social Psychology (Q2); Tourism, Leisure and Hospitality Management (Q2)";"Business, Management and Accounting; Psychology; Social Sciences"
138;19900193647;"Genes and Environment";journal;"18807046, 18807062";"BioMed Central Ltd";Yes;No;0,537;Q2;29;26;109;1152;223;108;1,95;44,31;35,59;2;United Kingdom;Western Europe;"BioMed Central Ltd";"2006-2007, 2009-2026";"Environmental Science (miscellaneous) (Q2); Social Psychology (Q2); Genetics (Q3)";"Biochemistry, Genetics and Molecular Biology; Environmental Science; Psychology"
139;21100831409;"Couple and Family Psychology: Research and Practice";journal;"21604096, 2160410X";"American Psychological Association";No;No;0,528;Q2;21;27;92;1470;153;92;1,49;54,44;64,84;3;United States;Northern America;"American Psychological Association";"2016-2025";"Clinical Psychology (Q2); Social Psychology (Q2)";"Psychology"
140;26602;"Evaluation and Program Planning";journal;"01497189, 18737870";"Elsevier Ltd";No;No;0,525;Q2;77;118;292;5846;662;292;1,82;49,54;58,16;14;United Kingdom;Western Europe;"Elsevier Ltd";"1978-2026";"Business and International Management (Q2); Geography, Planning and Development (Q2); Public Health, Environmental and Occupational Health (Q2); Social Psychology (Q2); Strategy and Management (Q2)";"Business, Management and Accounting; Medicine; Psychology; Social Sciences"
141;21100330714;"Journal of Sport Psychology in Action";journal;"21520712, 21520704";"Routledge";No;No;0,521;Q2;32;24;67;404;132;64;1,86;16,83;47,83;0;United States;Northern America;"Routledge";"2010-2026";"Human Factors and Ergonomics (Q2); Social Psychology (Q2); Applied Psychology (Q3)";"Psychology; Social Sciences"
142;21100920054;"Community Psychology in Global Perspective.";journal;"24212113";"University of Salento";Yes;Yes;0,517;Q2;14;11;54;577;101;53;2,13;52,45;75,00;0;Italy;Western Europe;"University of Salento";"2019-2026";"Health (social science) (Q2); Social Psychology (Q2)";"Psychology; Social Sciences"
143;11300153602;"Parenting";journal;"15295192, 15327922";"Psychology Press Ltd";No;No;0,517;Q2;64;16;62;936;117;62;2,76;58,50;81,97;4;United Kingdom;Western Europe;"Psychology Press Ltd";"2001-2026";"Education (Q2); Social Psychology (Q2); Developmental and Educational Psychology (Q3)";"Psychology; Social Sciences"
144;24575;"Early Child Development and Care";journal;"14768275, 03004430";"Taylor and Francis Ltd.";No;No;0,515;Q2;65;191;589;9941;939;585;1,56;52,05;70,32;19;United Kingdom;Western Europe;"Taylor and Francis Ltd.";"1971-1974, 1976, 1978-2026";"Pediatrics (Q1); Social Psychology (Q2); Developmental and Educational Psychology (Q3)";"Nursing; Psychology"
145;15500;"Journal of Family and Economic Issues";journal;"15733475, 10580476";"Springer International Publishing AG";No;No;0,511;Q2;69;58;168;3651;464;160;2,59;62,95;57,14;19;United States;Northern America;"Springer International Publishing AG";"1992-2026";"Economics and Econometrics (Q2); Social Psychology (Q2)";"Economics, Econometrics and Finance; Psychology"
146;19700170190;"Journal of Men's Studies";journal;"10608265, 19330251";"SAGE Publications Inc.";No;No;0,511;Q2;27;24;57;1112;103;55;1,40;46,33;43,86;3;United Kingdom;Western Europe;"SAGE Publications Inc.";"2008, 2012-2026";"Cultural Studies (Q1); Gender Studies (Q2); Social Psychology (Q2)";"Psychology; Social Sciences"
147;21100455449;"Porn Studies";journal;"23268743, 23268751";"Taylor and Francis Ltd.";No;No;0,511;Q2;28;33;119;1426;158;100;1,49;43,21;58,33;1;United Kingdom;Western Europe;"Taylor and Francis Ltd.";"2014-2026";"Cultural Studies (Q1); Gender Studies (Q2); Social Psychology (Q2)";"Psychology; Social Sciences"
148;19800188058;"Australian Journal of Learning Difficulties";journal;"19404158, 19404166";"Routledge";No;No;0,506;Q2;20;10;29;730;62;29;0,90;73,00;75,68;2;United Kingdom;Western Europe;"Routledge";"2008-2026";"Education (Q2); Social Psychology (Q2); Developmental and Educational Psychology (Q3)";"Psychology; Social Sciences"
149;21100935905;"Boyhood Studies";journal;"23759240, 23759267";"Berghahn Journals";No;No;0,502;Q3;8;12;50;305;37;47;0,67;25,42;64,29;0;United Kingdom;Western Europe;"Berghahn Journals";"2007, 2018-2025";"Cultural Studies (Q1); Education (Q2); Gender Studies (Q2); Developmental and Educational Psychology (Q3); Life-span and Life-course Studies (Q3); Social Psychology (Q3)";"Psychology; Social Sciences"
150;21100451649;"Evolutionary Behavioral Sciences";journal;"23302933, 23302925";"American Psychological Association";No;No;0,502;Q3;30;58;111;3347;202;111;1,56;57,71;47,13;1;United States;Northern America;"American Psychological Association";"2014-2025";"Experimental and Cognitive Psychology (Q3); Social Psychology (Q3)";"Psychology"
151;21100927406;"Health Psychology Research (discontinued)";journal;"24208124";"Open Medical Publishing";Yes;No;0,501;Q3;24;76;67;3854;175;65;2,19;50,71;39,51;3;United States;Northern America;"Open Medical Publishing";"2014, 2019-2024";"Clinical Psychology (Q2); Psychiatry and Mental Health (Q3); Social Psychology (Q3)";"Medicine; Psychology"
152;14095;"Ethics and Behavior";journal;"15327019, 10508422";"Routledge";No;No;0,494;Q3;59;45;124;2897;280;113;2,21;64,38;45,67;2;United States;Northern America;"Routledge";"1991-2026";"Psychology (miscellaneous) (Q2); Social Psychology (Q3)";"Psychology"
153;21100378341;"Psicologia Educativa";journal;"1135755X, 21740526";"Colegio Oficial de Psicologos de Madrid";Yes;Yes;0,491;Q3;26;23;58;1189;125;58;2,25;51,70;58,02;1;Spain;Western Europe;"Colegio Oficial de Psicologos de Madrid";"2013-2026";"Developmental and Educational Psychology (Q3); Social Psychology (Q3)";"Psychology"
154;18000156705;"Soccer and Society";journal;"17439590, 14660970";"Routledge";No;No;0,488;Q3;42;82;211;3507;368;201;1,79;42,77;20,83;2;United Kingdom;Western Europe;"Routledge";"2008-2026";"Cultural Studies (Q1); Sociology and Political Science (Q2); Social Psychology (Q3)";"Psychology; Social Sciences"
155;21100779057;"World Leisure Journal";journal;"23334509, 16078055";"Taylor and Francis Ltd.";No;No;0,482;Q3;35;37;99;1855;183;79;1,65;50,14;57,33;1;United Kingdom;Western Europe;"Taylor and Francis Ltd.";"2000-2026";"Cultural Studies (Q1); Tourism, Leisure and Hospitality Management (Q2); Social Psychology (Q3)";"Business, Management and Accounting; Psychology; Social Sciences"
156;21100228016;"Ecopsychology";journal;"19429347";"Mary Ann Liebert Inc.";No;No;0,481;Q3;39;27;99;1402;205;93;1,20;51,93;43,75;1;United States;Northern America;"Mary Ann Liebert Inc.";"2009-2026";"Applied Psychology (Q3); Social Psychology (Q3)";"Psychology"
157;21100442094;"Social Inclusion";journal;"21832803";"Cogitatio Press";Yes;No;0,472;Q3;42;110;360;5149;621;327;1,67;46,81;67,62;18;Portugal;Western Europe;"Cogitatio Press";"2013-2026";"Sociology and Political Science (Q2); Social Psychology (Q3)";"Psychology; Social Sciences"
158;21100847481;"Health and Social Care Chaplaincy";journal;"20515553, 20515561";"Equinox Publishing Ltd";No;No;0,468;Q3;12;14;52;419;117;47;2,79;29,93;42,42;0;United Kingdom;Western Europe;"Equinox Publishing Ltd";"2017-2025";"Religious Studies (Q1); Health (social science) (Q2); Social Psychology (Q3)";"Arts and Humanities; Psychology; Social Sciences"
159;4700152785;"Journal of Intergenerational Relationships";journal;"15350770, 15350932";"Routledge";No;No;0,465;Q3;36;29;97;1230;159;94;1,38;42,41;75,61;4;United States;Northern America;"Routledge";"2003-2026";"Archeology (Q1); Social Sciences (miscellaneous) (Q2); Sociology and Political Science (Q2); Geriatrics and Gerontology (Q3); Life-span and Life-course Studies (Q3); Social Psychology (Q3)";"Medicine; Psychology; Social Sciences"
160;17800156703;"Journal of Empirical Research on Human Research Ethics";journal;"15562646, 15562654";"SAGE Publications Inc.";No;No;0,464;Q3;46;49;164;2145;268;137;1,72;43,78;63,03;7;United States;Northern America;"SAGE Publications Inc.";"2007, 2009-2026";"Law (Q1); Communication (Q2); Education (Q2); Medicine (miscellaneous) (Q3); Social Psychology (Q3)";"Medicine; Psychology; Social Sciences"
161;15726;"Kolner Zeitschrift fur Soziologie und Sozialpsychologie";journal;"00232653, 1861891X";"Forschungsinstitut fur Soziologie";No;No;0,462;Q3;44;59;126;3822;184;124;1,34;64,78;42,57;15;Germany;Western Europe;"Forschungsinstitut fur Soziologie";"1983, 1988-1989, 1992-1993, 1996-2026";"Sociology and Political Science (Q2); Social Psychology (Q3)";"Psychology; Social Sciences"
162;21100838559;"Fashion and Textiles";journal;"21980802";"Springer Singapore";Yes;No;0,460;Q3;41;46;111;2265;345;110;2,67;49,24;60,00;3;Singapore;Asiatic Region;"Springer Singapore";"2014-2026";"Cultural Studies (Q1); Materials Science (miscellaneous) (Q2); Strategy and Management (Q2); Marketing (Q3); Social Psychology (Q3)";"Business, Management and Accounting; Materials Science; Psychology; Social Sciences"
163;21100464772;"Network Science";journal;"20501250, 20501242";"Cambridge University Press";No;No;0,457;Q3;29;23;93;861;171;90;1,91;37,43;22,22;0;United Kingdom;Western Europe;"Cambridge University Press";"2013-2026";"Communication (Q2); Sociology and Political Science (Q2); Social Psychology (Q3)";"Psychology; Social Sciences"
164;14009;"Psychology and Developing Societies";journal;"09730761, 09713336";"Sage Publications India Pvt. Ltd";No;No;0,457;Q3;28;12;39;575;46;38;1,07;47,92;59,09;0;India;Asiatic Region;"Sage Publications India Pvt. Ltd";"1989-2026";"Social Psychology (Q3)";"Psychology"
165;5800154205;"International Journal of Comparative and Applied Criminal Justice";journal;"21576475, 01924036";"Routledge";No;No;0,453;Q3;26;23;78;1548;151;74;1,71;67,30;26,67;3;United States;Northern America;"Routledge";"1977-1995, 2009, 2014-2026";"Law (Q1); Sociology and Political Science (Q2); Social Psychology (Q3)";"Psychology; Social Sciences"
166;19700190348;"Coaching";journal;"17521890, 17521882";"Routledge";No;No;0,449;Q3;27;19;42;791;80;37;2,07;41,63;54,90;0;United States;Northern America;"Routledge";"2010-2026";"Developmental and Educational Psychology (Q3); Organizational Behavior and Human Resource Management (Q3); Social Psychology (Q3)";"Business, Management and Accounting; Psychology"
167;15617;"Journal of Comparative Family Studies";journal;"00472328, 19299850";"University of Toronto Press";No;No;0,448;Q3;54;27;80;1415;107;68;1,38;52,41;70,18;1;Canada;Northern America;"University of Toronto Press";"1973, 1976-2024";"Anthropology (Q1); Sociology and Political Science (Q2); Social Psychology (Q3)";"Psychology; Social Sciences"
168;21100818942;"Journal of Psychologists and Counsellors in Schools";journal;"20556365, 20556373";"SAGE Publications Ltd";No;No;0,444;Q3;34;25;62;1234;71;55;1,02;49,36;55,00;1;United Kingdom;Western Europe;"SAGE Publications Ltd";"2015-2025";"Education (Q2); Developmental and Educational Psychology (Q3); Social Psychology (Q3)";"Psychology; Social Sciences"
169;11200153508;"Memory Studies";journal;"17506999, 17506980";"SAGE Publications Ltd";No;No;0,444;Q3;51;97;222;4989;252;207;1,19;51,43;54,03;6;United Kingdom;Western Europe;"SAGE Publications Ltd";"2008-2026";"Cultural Studies (Q1); Experimental and Cognitive Psychology (Q3); Social Psychology (Q3)";"Psychology; Social Sciences"
170;26437;"Social Science Journal";journal;"03623319";"Taylor and Francis Ltd.";No;No;0,437;Q3;55;52;152;2999;340;151;1,59;57,67;46,15;8;United States;Northern America;"Taylor and Francis Ltd.";"1978, 1980, 1982-2026";"Sociology and Political Science (Q2); Social Psychology (Q3)";"Psychology; Social Sciences"
171;19900191409;"Partner Abuse";journal;"19466560, 19466579";"Springer Publishing Company";No;No;0,436;Q3;16;24;73;1374;84;72;0,77;57,25;74,68;0;United States;Northern America;"Springer Publishing Company";"2011, 2017-2026";"Law (Q1); Gender Studies (Q2); Pediatrics, Perinatology and Child Health (Q2); Clinical Psychology (Q3); Health (social science) (Q3); Social Psychology (Q3)";"Medicine; Psychology; Social Sciences"
172;13475;"Culture and Psychology";journal;"14617056, 1354067X";"SAGE Publications Ltd";No;No;0,434;Q3;61;34;118;1422;159;113;1,40;41,82;53,85;0;United Kingdom;Western Europe;"SAGE Publications Ltd";"1995-2026";"Anthropology (Q1); Cultural Studies (Q1); Sociology and Political Science (Q2); Social Psychology (Q3)";"Psychology; Social Sciences"
173;21100897522;"i-com";journal;"21966826, 1618162X";"De Gruyter Oldenbourg";Yes;No;0,431;Q3;18;28;68;906;136;61;2,17;32,36;39,84;0;Germany;Western Europe;"De Gruyter Oldenbourg";"2001-2026";"Business, Management and Accounting (miscellaneous) (Q2); Communication (Q2); Computer Networks and Communications (Q3); Human-Computer Interaction (Q3); Information Systems (Q3); Social Psychology (Q3)";"Business, Management and Accounting; Computer Science; Psychology; Social Sciences"
174;21101017551;"Journal of Evidence-Based Social Work (United States)";journal;"26408074, 26408066";"Routledge";No;No;0,428;Q3;36;44;111;2419;179;108;1,15;54,98;68,35;3;United Kingdom;Western Europe;"Routledge";"2019-2026";"Sociology and Political Science (Q2); Health (social science) (Q3); Social Psychology (Q3)";"Psychology; Social Sciences"
175;21100228948;"TPM - Testing, Psychometrics, Methodology in Applied Psychology (discontinued)";journal;"19726325";"Cises srl";No;No;0,424;Q3;36;31;103;1641;115;99;0,69;52,94;60,42;0;Italy;Western Europe;"Cises srl";"2005, 2007-2025";"Applied Psychology (Q3); Psychology (miscellaneous) (Q3); Social Psychology (Q3)";"Psychology"
176;23083;"Language and Communication";journal;"02715309";"Elsevier Ltd";No;No;0,423;Q3;59;56;168;3267;291;164;1,93;58,34;55,13;0;United Kingdom;Western Europe;"Elsevier Ltd";"1981-2026";"Linguistics and Language (Q1); Communication (Q2); Experimental and Cognitive Psychology (Q3); Social Psychology (Q3)";"Psychology; Social Sciences"
177;21101043232;"Journal of Psychedelic Studies";journal;"25599283";"Akademiai Kiado";Yes;Yes;0,416;Q3;19;14;48;984;173;48;1,90;70,29;26,67;1;Hungary;Eastern Europe;"Akademiai Kiado";"2019-2026";"Anthropology (Q1); Clinical Psychology (Q3); Health (social science) (Q3); Pharmacology (medical) (Q3); Psychiatry and Mental Health (Q3); Social Psychology (Q3); Biological Psychiatry (Q4)";"Medicine; Neuroscience; Psychology; Social Sciences"
178;5700168544;"Adoption and Fostering";journal;"1740469X, 03085759";"SAGE Publications Ltd";No;No;0,407;Q3;37;35;104;1048;74;70;0,48;29,94;70,00;0;United Kingdom;Western Europe;"SAGE Publications Ltd";"1996-2026";"Law (Q1); Sociology and Political Science (Q2); Health (social science) (Q3); Human Factors and Ergonomics (Q3); Social Psychology (Q3)";"Psychology; Social Sciences"
179;19700175790;"International Journal of Social Psychology";journal;"15793680, 02134748";"SAGE Publications Ltd";No;No;0,407;Q3;31;22;76;1085;136;74;2,11;49,32;40,91;0;United Kingdom;Western Europe;"SAGE Publications Ltd";"1986-2025";"Social Psychology (Q3)";"Psychology"
180;21100425898;"Fat Studies";journal;"2160486X, 21604851";"Taylor and Francis Ltd.";No;No;0,406;Q3;24;24;74;816;116;69;0,94;34,00;80,77;2;United Kingdom;Western Europe;"Taylor and Francis Ltd.";"2012-2026";"Cultural Studies (Q1); Anthropology (Q2); Gender Studies (Q2); Health (social science) (Q3); Nutrition and Dietetics (Q3); Social Psychology (Q3)";"Nursing; Psychology; Social Sciences"
181;15367;"Journal for the Theory of Social Behaviour";journal;"14685914, 00218308";"Wiley-Blackwell Publishing Ltd";No;No;0,391;Q3;70;35;101;2360;149;88;1,56;67,43;32,69;0;United Kingdom;Western Europe;"Wiley-Blackwell Publishing Ltd";"1971-2026";"Philosophy (Q1); Psychology (miscellaneous) (Q3); Social Psychology (Q3)";"Arts and Humanities; Psychology"
182;21100826927;"Human Technology";journal;"17956889";"Centre of Sociological Research";Yes;Yes;0,390;Q3;23;17;51;1007;133;49;2,36;59,24;37,50;1;Finland;Western Europe;"Centre of Sociological Research";"2016-2025";"Communication (Q2); Human-Computer Interaction (Q3); Social Psychology (Q3)";"Computer Science; Psychology; Social Sciences"
183;21100855411;"Journal for Social Action in Counseling and Psychology";journal;"21598142";"Ball State University Center for Peace and Conflict Studies";Yes;Yes;0,390;Q3;9;17;18;745;41;18;0,40;43,82;79,25;0;United States;Northern America;"Ball State University Center for Peace and Conflict Studies";"2017-2025";"Education (Q2); Sociology and Political Science (Q2); Clinical Psychology (Q3); Social Psychology (Q3)";"Psychology; Social Sciences"
184;15964;"Journal of Prevention and Intervention in the Community";journal;"10852352, 15407330";"Routledge";No;No;0,390;Q3;41;32;88;1264;135;86;1,34;39,50;78,95;3;United States;Northern America;"Routledge";"1996-2026";"Medicine (miscellaneous) (Q3); Social Psychology (Q3)";"Medicine; Psychology"
185;21100842323;"Journal of Trust Research";journal;"2151559X, 21515581";"Routledge";No;No;0,390;Q3;30;9;30;748;69;26;1,24;83,11;56,00;2;United States;Northern America;"Routledge";"2011-2026";"Business, Management and Accounting (miscellaneous) (Q2); Sociology and Political Science (Q2); Applied Psychology (Q3); Social Psychology (Q3)";"Business, Management and Accounting; Psychology; Social Sciences"
186;21101021571;"Intervention";journal;"15718883, 18721001";"Wolters Kluwer Medknow Publications";Yes;No;0,389;Q3;15;24;102;933;132;96;1,37;38,88;50,77;3;United States;Northern America;"Wolters Kluwer Medknow Publications";"2015, 2018-2025";"Clinical Psychology (Q3); Psychiatry and Mental Health (Q3); Social Psychology (Q3)";"Medicine; Psychology"
187;6700153284;"Social Influence";journal;"15534529, 15534510";"Taylor and Francis Ltd.";Yes;No;0,383;Q3;40;4;25;182;33;24;1,58;45,50;53,33;0;United Kingdom;Western Europe;"Taylor and Francis Ltd.";"2007-2026";"Social Psychology (Q3)";"Psychology"
188;5700165569;"Food, Culture and Society";journal;"17517443, 15528014";"Taylor and Francis Ltd.";No;No;0,381;Q3;39;64;130;2912;172;115;1,08;45,50;62,62;7;United Kingdom;Western Europe;"Taylor and Francis Ltd.";"2005, 2008-2026";"Cultural Studies (Q1); Food Science (Q2); Social Psychology (Q3)";"Agricultural and Biological Sciences; Psychology; Social Sciences"
189;5700165306;"Qualitative Report";journal;"10520147";"Nova Southeastern University";Yes;No;0,380;Q3;68;192;616;9795;818;616;1,28;51,02;55,51;8;United States;Northern America;"Nova Southeastern University";"2009-2026";"Cultural Studies (Q1); Education (Q2); Social Psychology (Q3)";"Psychology; Social Sciences"
190;11200153529;"Journal of Spirituality in Mental Health";journal;"19349645, 19349637";"Routledge";No;No;0,376;Q3;23;21;53;1059;84;53;1,81;50,43;57,14;1;United States;Northern America;"Routledge";"2006-2026";"Religious Studies (Q1); Social Sciences (miscellaneous) (Q2); Applied Psychology (Q3); Social Psychology (Q3)";"Arts and Humanities; Psychology; Social Sciences"
191;19900195028;"SA Journal of Industrial Psychology";journal;"20710763, 02585200";"AOSIS (Pty) Ltd";Yes;No;0,374;Q3;40;32;120;2182;223;117;1,96;68,19;66,10;2;South Africa;Africa;"AOSIS (Pty) Ltd";"2011-2026";"Applied Psychology (Q3); Social Psychology (Q3)";"Psychology"
192;21101077107;"Continuity in Education";journal;"26319179";"Ubiquity Press";Yes;Yes;0,370;Q3;10;9;18;404;32;18;1,78;44,89;84,00;0;United Kingdom;Western Europe;"Ubiquity Press";"2020-2026";"Developmental and Educational Psychology (Q3); Education (Q3); Physiology (medical) (Q3); Social Psychology (Q3)";"Medicine; Psychology; Social Sciences"
193;21100900143;"Journal of Social Ontology";journal;"21969663";"University of Vienna";Yes;Yes;0,370;Q3;16;6;44;240;32;44;0,68;40,00;33,33;0;Austria;Western Europe;"University of Vienna";"2015-2025";"Linguistics and Language (Q1); Philosophy (Q1); Anthropology (Q2); Communication (Q2); Economics, Econometrics and Finance (miscellaneous) (Q2); Social Psychology (Q3)";"Arts and Humanities; Economics, Econometrics and Finance; Psychology; Social Sciences"
194;144975;"Family Journal";journal;"10664807, 15523950";"SAGE Publications Inc.";No;No;0,367;Q3;48;98;182;4134;230;179;1,29;42,18;72,52;5;United States;Northern America;"SAGE Publications Inc.";"1993-2026";"Social Sciences (miscellaneous) (Q2); Social Psychology (Q3)";"Psychology; Social Sciences"
195;21100787776;"Papers on Social Representations";journal;"18193978, 10215573";"ISCTE";Yes;No;0,366;Q3;13;9;49;359;68;49;1,90;39,89;50,00;0;United Kingdom;Western Europe;"ISCTE";"2016-2025";"Social Psychology (Q3)";"Psychology"
196;5600154732;"Journal for Specialists in Group Work";journal;"01933922, 15496295";"Routledge";No;No;0,362;Q3;35;15;73;569;70;60;0,85;37,93;60,00;2;United Kingdom;Western Europe;"Routledge";"1981-2025";"Developmental and Educational Psychology (Q3); Social Psychology (Q3)";"Psychology"
197;13414;"Contemporary Family Therapy";journal;"08922764, 15733335";"Kluwer Academic/Human Sciences Press Inc.";No;No;0,356;Q3;46;40;113;2100;167;109;1,41;52,50;61,11;5;United States;Northern America;"Kluwer Academic/Human Sciences Press Inc.";"1986-2026";"Cultural Studies (Q1); Social Sciences (miscellaneous) (Q2); Clinical Psychology (Q3); Social Psychology (Q3)";"Psychology; Social Sciences"
198;14821;"Social Behavior and Personality";journal;"11796391, 03012212";"Scientific Journal Publishers";No;No;0,348;Q3;81;138;491;5333;749;490;1,35;38,64;42,74;0;New Zealand;Pacific Region;"Scientific Journal Publishers";"1982, 1992, 1996-2026";"Social Psychology (Q3)";"Psychology"
199;21100329895;"Behavioral Sciences of Terrorism and Political Aggression";journal;"19434480, 19434472";"Routledge";No;No;0,347;Q3;27;16;48;1179;82;47;1,71;73,69;37,50;5;United States;Northern America;"Routledge";"2009-2026";"Political Science and International Relations (Q2); Sociology and Political Science (Q2); Social Psychology (Q3)";"Psychology; Social Sciences"
200;21100400185;"Girlhood Studies";journal;"19388209, 19388322";"Berghahn Journals";No;No;0,346;Q3;16;28;90;791;72;83;0,70;28,25;94,12;0;United Kingdom;Western Europe;"Berghahn Journals";"2014-2025";"Gender Studies (Q2); Sociology and Political Science (Q2); Developmental and Educational Psychology (Q3); Education (Q3); Life-span and Life-course Studies (Q3); Social Psychology (Q3)";"Psychology; Social Sciences"
201;21100370349;"Journal of Criminal Psychology";journal;"20499388, 20093829";"Emerald Publishing";No;No;0,340;Q3;20;7;57;335;91;56;1,56;47,86;60,00;0;United Kingdom;Western Europe;"Emerald Publishing";"2011-2026";"Law (Q2); Applied Psychology (Q3); Social Psychology (Q3)";"Psychology; Social Sciences"
202;10600153338;"Integrative Psychological and Behavioral Science";journal;"19324502, 19363567";"Springer New York";No;No;0,336;Q3;48;62;148;3163;147;145;0,86;51,02;43,24;2;United States;Northern America;"Springer New York";"1969, 1976, 2007-2026";"Cultural Studies (Q1); Philosophy (Q1); Anthropology (Q2); Applied Psychology (Q3); Neuropsychology and Physiological Psychology (Q3); Social Psychology (Q3); Behavioral Neuroscience (Q4); Experimental and Cognitive Psychology (Q4)";"Arts and Humanities; Neuroscience; Psychology; Social Sciences"
203;19500157216;"Journal of Addictions and Offender Counseling";journal;"10553835, 21611874";"Wiley-Blackwell";No;No;0,335;Q3;20;10;25;465;39;24;1,53;46,50;78,38;1;United States;Northern America;"Wiley-Blackwell";"1990-2026";"Law (Q2); Clinical Psychology (Q3); Social Psychology (Q3)";"Psychology; Social Sciences"
204;145613;"American Journal of Family Therapy";journal;"01926187, 15210383";"Routledge";No;No;0,334;Q3;53;31;86;1489;158;86;2,08;48,03;60,98;2;United States;Northern America;"Routledge";"1979-2026";"Clinical Psychology (Q3); Social Psychology (Q3)";"Psychology"
205;19900188288;"Subjectivity";journal;"17556341, 1755635X";"Palgrave Macmillan Ltd.";No;No;0,326;Q3;19;17;54;750;42;44;0,23;44,12;47,37;0;United Kingdom;Western Europe;"Palgrave Macmillan Ltd.";"2011, 2015-2025";"Applied Psychology (Q3); Social Psychology (Q3)";"Psychology"
206;21101017385;"International Journal of Latin American Religions";journal;"25099965";"Springer Nature";No;No;0,324;Q3;10;24;74;1200;66;71;1,00;50,00;42,42;0;United States;Northern America;"Springer Nature";"2017-2026";"History (Q1); Religious Studies (Q1); Anthropology (Q2); Social Psychology (Q3)";"Arts and Humanities; Psychology; Social Sciences"
207;4700152783;"Journal of Couple and Relationship Therapy";journal;"15332683, 15332691";"Routledge";No;No;0,323;Q3;31;22;54;1261;62;53;1,08;57,32;67,50;1;United States;Northern America;"Routledge";"2002-2026";"Gender Studies (Q2); Social Sciences (miscellaneous) (Q2); Applied Psychology (Q3); Social Psychology (Q3)";"Psychology; Social Sciences"
208;21100980646;"Current Issues in Personality Psychology";journal;"23534192, 2353561X";"Termedia Publishing House Ltd.";Yes;Yes;0,318;Q3;15;32;97;1705;90;97;0,86;53,28;47,67;0;Poland;Eastern Europe;"Termedia Publishing House Ltd.";"2016-2025";"Social Psychology (Q3)";"Psychology"
209;12792;"Pastoral Psychology";journal;"15736679, 00312789";"Springer New York";No;No;0,314;Q3;36;57;123;2555;145;119;0,91;44,82;53,85;1;United States;Northern America;"Springer New York";"1950-1972, 1975-2002, 2005-2026";"Religious Studies (Q1); Sociology and Political Science (Q2); Applied Psychology (Q3); Social Psychology (Q3)";"Arts and Humanities; Psychology; Social Sciences"
210;21101059716;"Al-Ihkam: Jurnal Hukum dan Pranata Sosial";journal;"24423084, 1907591X";"Faculty of Shariah Institut Agama Islam Negeri Madura";Yes;No;0,312;Q3;15;27;53;1206;72;53;1,62;44,67;27,54;0;Indonesia;Asiatic Region;"Faculty of Shariah Institut Agama Islam Negeri Madura";"2018-2026";"Philosophy (Q1); Religious Studies (Q1); Arts and Humanities (miscellaneous) (Q2); Law (Q2); Social Sciences (miscellaneous) (Q2); Sociology and Political Science (Q2); Social Psychology (Q3)";"Arts and Humanities; Psychology; Social Sciences"
211;15436;"Journal of Constructivist Psychology";journal;"15210650, 10720537";"Taylor and Francis Ltd.";No;No;0,312;Q3;40;73;85;3962;90;84;1,16;54,27;51,28;0;United Kingdom;Western Europe;"Taylor and Francis Ltd.";"1994-2026";"Linguistics and Language (Q2); Developmental and Educational Psychology (Q3); Social Psychology (Q3)";"Psychology; Social Sciences"
212;21101043799;"Emotions and Society";journal;"26316900, 26316897";"Policy Press";No;No;0,308;Q3;14;22;44;1254;54;39;1,00;57,00;60,00;0;United Kingdom;Western Europe;"Policy Press";"2019-2025";"Cultural Studies (Q1); Social Sciences (miscellaneous) (Q2); Sociology and Political Science (Q2); Social Psychology (Q3)";"Psychology; Social Sciences"
213;21100860383;"Cultural-Historical Psychology";journal;"22248935, 18165435";"Moscow State University of Psychology and Education";Yes;Yes;0,306;Q3;15;51;150;1521;165;149;1,04;29,82;66,39;0;Russian Federation;Eastern Europe;"Moscow State University of Psychology and Education";"2018-2025";"Cultural Studies (Q1); Applied Psychology (Q3); Developmental and Educational Psychology (Q3); Psychology (miscellaneous) (Q3); Social Psychology (Q3)";"Psychology; Social Sciences"
214;21100451188;"European Journal of Adapted Physical Activity";journal;"18033857";"European Federation of Adapted Physical Activity";Yes;Yes;0,306;Q3;13;10;40;486;42;38;0,92;48,60;56,82;0;Czech Republic;Eastern Europe;"European Federation of Adapted Physical Activity";"2015-2025";"Education (Q3); Health (social science) (Q3); Physical Therapy, Sports Therapy and Rehabilitation (Q3); Social Psychology (Q3)";"Health Professions; Psychology; Social Sciences"
215;21100834354;"International Journal of Human Rights in Healthcare";journal;"20564902, 20564910";"Emerald Group Publishing Ltd.";No;No;0,306;Q3;24;31;113;1390;138;99;0,97;44,84;46,81;0;United Kingdom;Western Europe;"Emerald Group Publishing Ltd.";"2015-2026";"Sociology and Political Science (Q2); Health Policy (Q3); Health (social science) (Q3); Public Administration (Q3); Social Psychology (Q3)";"Medicine; Psychology; Social Sciences"
216;21100824968;"International Perspectives in Psychology: Research, Practice, Consultation";journal;"21573891, 21573883";"Hogrefe-Verlag GmbH and Co. KG";No;No;0,305;Q3;15;27;56;1172;66;50;1,08;43,41;63,64;3;Germany;Western Europe;"Hogrefe-Verlag GmbH and Co. KG";"2017-2026";"Applied Psychology (Q3); Clinical Psychology (Q3); Social Psychology (Q3)";"Psychology"
217;19900191944;"OCNOS";journal;"22549099, 1885446X";"Centro de Estudios de Promoción de la Lectura y Literatura Infantil, Universidad de Castilla-La Manc";Yes;Yes;0,304;Q3;18;20;72;823;70;72;1,06;41,15;64,00;4;Spain;Western Europe;"Centro de Estudios de Promoción de la Lectura y Literatura Infantil, Universidad de Castilla-La Manc";"2009-2026";"Literature and Literary Theory (Q1); Education (Q3); Social Psychology (Q3)";"Arts and Humanities; Psychology; Social Sciences"
218;21100896854;"Eurasian Journal of Applied Linguistics (discontinued)";journal;"21491135";"Hacettepe University";Yes;No;0,301;Q3;17;71;84;2976;205;84;2,66;41,92;50,92;0;Turkey;Middle East;"Hacettepe University";"2018-2025";"Linguistics and Language (Q2); Education (Q3); Social Psychology (Q3)";"Psychology; Social Sciences"
219;21100887623;"Comprehensive Results in Social Psychology";journal;"23743611";"Taylor and Francis Ltd.";No;No;0,300;Q3;16;5;20;405;25;19;1,25;81,00;59,09;0;United Kingdom;Western Europe;"Taylor and Francis Ltd.";"2016-2018, 2020-2023, 2025-2026";"Social Psychology (Q3)";"Psychology"
220;21100239659;"Maltrattamento e Abuso all'Infanzia";journal;"15914267, 19725140";"FrancoAngeli";No;No;0,300;Q3;13;19;63;694;30;63;0,47;36,53;92,31;0;Italy;Western Europe;"FrancoAngeli";"2000-2005, 2013-2025";"Developmental and Educational Psychology (Q3); Health (social science) (Q3); Social Psychology (Q3)";"Psychology; Social Sciences"
221;21100896490;"ETS Research Report Series";journal;"23308516";"John Wiley &amp; Sons Inc.";No;No;0,299;Q3;29;19;101;1200;90;101;0,77;63,16;55,77;4;United States;Northern America;"John Wiley &amp; Sons Inc.";"1996-2014, 2018-2025";"Applied Psychology (Q3); Education (Q3); Social Psychology (Q3); Statistics, Probability and Uncertainty (Q3)";"Decision Sciences; Psychology; Social Sciences"
222;21101050919;"Journal of Family Trauma, Child Custody and Child Development";journal;"26904586, 26904594";"Taylor and Francis Ltd.";No;No;0,292;Q3;28;21;65;872;71;62;0,60;41,52;75,00;4;United Kingdom;Western Europe;"Taylor and Francis Ltd.";"2020-2026";"Law (Q2); Developmental and Educational Psychology (Q3); Health (social science) (Q3); Social Psychology (Q3)";"Psychology; Social Sciences"
223;21100396438;"Psicologia Sociale";journal;"26122006, 18272517";"Societa Editrice Il Mulino";No;No;0,292;Q4;15;23;60;1148;63;59;0,85;49,91;70,77;0;Italy;Western Europe;"Societa Editrice Il Mulino";"2006-2025";"Social Psychology (Q4)";"Psychology"
224;21101091713;"European Journal for Qualitative Research in Psychotherapy";journal;"17567599";"Liverpool John Moores University";No;No;0,290;Q4;7;10;34;565;27;31;0,92;56,50;61,11;0;Ireland;Western Europe;"Liverpool John Moores University";"2018-2024";"Applied Psychology (Q3); Clinical Psychology (Q3); Psychology (miscellaneous) (Q3); Social Psychology (Q4)";"Psychology"
225;21100793836;"Journal of Relationships Research";journal;"18380956";"Cambridge University Press";No;No;0,287;Q4;21;0;41;0;40;41;0,41;0,00;0,00;0;United Kingdom;Western Europe;"Cambridge University Press";"2010-2021";"Applied Psychology (Q3); Social Psychology (Q4)";"Psychology"
226;17900156714;"Journal of Investigative Psychology and Offender Profiling";journal;"15444759, 15444767";"John Wiley and Sons Ltd";No;No;0,286;Q4;33;18;55;929;63;54;1,00;51,61;63,33;1;United Kingdom;Western Europe;"John Wiley and Sons Ltd";"2009-2026";"Applied Psychology (Q3); Social Psychology (Q4)";"Psychology"
227;19600157748;"Ansiedad y Estres";journal;"21740437, 11347937";"Spanish Society for the Study of Anxiety and Stress (SEAS)";No;No;0,285;Q4;20;17;78;844;113;78;1,18;49,65;55,74;0;Spain;Western Europe;"Spanish Society for the Study of Anxiety and Stress (SEAS)";"2009-2025";"Applied Psychology (Q3); Psychiatry and Mental Health (Q3); Social Psychology (Q4)";"Medicine; Psychology"
228;25313;"Journal of Child and Adolescent Substance Abuse";journal;"15470652, 1067828X";"Taylor and Francis Ltd.";No;No;0,284;Q4;0;0;0;0;0;0;0,00;0,00;0,00;0;United States;Northern America;"Taylor and Francis Ltd.";"1994-2020, 2024";"Education (Q3); Psychology (miscellaneous) (Q3); Public Health, Environmental and Occupational Health (Q3); Social Psychology (Q4)";"Medicine; Psychology; Social Sciences"
229;21100896926;"Creativity";journal;"23540036";"Sciendo";Yes;No;0,280;Q4;12;16;58;818;62;58;1,20;51,13;60,00;1;Poland;Eastern Europe;"Sciendo";"2018-2026";"Visual Arts and Performing Arts (Q1); Arts and Humanities (miscellaneous) (Q2); Education (Q3); Statistics, Probability and Uncertainty (Q3); Social Psychology (Q4)";"Arts and Humanities; Decision Sciences; Psychology; Social Sciences"
230;4700152636;"Mind and Society";journal;"15937879, 18601839";"Springer Science and Business Media Deutschland GmbH";No;No;0,279;Q4;25;11;68;520;66;62;0,94;47,27;22,73;0;Germany;Western Europe;"Springer Science and Business Media Deutschland GmbH";"2005-2025";"Cultural Studies (Q1); History (Q1); Economics, Econometrics and Finance (miscellaneous) (Q2); Philosophy (Q2); Social Sciences (miscellaneous) (Q2); Sociology and Political Science (Q2); Experimental and Cognitive Psychology (Q4); Social Psychology (Q4)";"Arts and Humanities; Economics, Econometrics and Finance; Psychology; Social Sciences"
231;5800207419;"Tizard Learning Disability Review";journal;"13595474";"Emerald Group Publishing Ltd.";No;No;0,267;Q4;22;23;102;488;62;73;0,46;21,22;64,06;0;United Kingdom;Western Europe;"Emerald Group Publishing Ltd.";"1996-2026";"Clinical Psychology (Q3); Developmental and Educational Psychology (Q4); Psychiatry and Mental Health (Q4); Social Psychology (Q4)";"Medicine; Psychology"
232;21100996943;"Psychological Science and Education";journal;"18142052, 23117273";"Moscow State University of Psychology and Education";Yes;Yes;0,264;Q4;17;65;161;1917;170;159;1,13;29,49;72,62;0;Russian Federation;Eastern Europe;"Moscow State University of Psychology and Education";"1999, 2004-2025";"Education (Q3); Psychology (miscellaneous) (Q3); Developmental and Educational Psychology (Q4); Social Psychology (Q4)";"Psychology; Social Sciences"
233;16800154752;"Journal of Cognition and Culture";journal;"15677095, 15685373";"Brill Academic Publishers";No;No;0,262;Q4;52;23;68;1253;51;68;0,45;54,48;34,15;0;Netherlands;Western Europe;"Brill Academic Publishers";"2001-2025";"Cultural Studies (Q1); Arts and Humanities (miscellaneous) (Q2); Experimental and Cognitive Psychology (Q4); Social Psychology (Q4)";"Arts and Humanities; Psychology; Social Sciences"
234;18336;"Counseling and Values";journal;"01607960, 2161007X";"Brill Academic Publishers";No;No;0,254;Q4;41;7;42;364;47;41;1,07;52,00;68,75;0;United States;Northern America;"Brill Academic Publishers";"1973-2025";"Religious Studies (Q1); Clinical Psychology (Q3); Social Psychology (Q4)";"Arts and Humanities; Psychology"
235;21101023175;"Journal of Water and Environmental Nanotechnology";journal;"24766615, 24767204";"Iranian Environmental Mutagen Society";Yes;Yes;0,251;Q4;16;32;96;1591;137;96;1,33;49,72;37,18;0;Iran;Middle East;"Iranian Environmental Mutagen Society";"2019-2025";"Materials Science (miscellaneous) (Q3); Water Science and Technology (Q3); Experimental and Cognitive Psychology (Q4); Social Psychology (Q4)";"Environmental Science; Materials Science; Psychology"
236;11600153828;"Psihologijske Teme";journal;"13320742";"University of Rijeka";Yes;Yes;0,248;Q4;27;38;104;1940;67;100;0,55;51,05;68,54;0;Croatia;Eastern Europe;"University of Rijeka";"2009-2025";"Clinical Psychology (Q3); Applied Psychology (Q4); Social Psychology (Q4)";"Psychology"
237;20600195510;"Journal of Aggression, Conflict and Peace Research";journal;"20428715, 17596599";"Emerald Group Publishing Ltd.";No;No;0,245;Q4;26;30;64;1340;58;62;0,73;44,67;65,98;0;United Kingdom;Western Europe;"Emerald Group Publishing Ltd.";"2009-2026";"Law (Q2); Health (social science) (Q3); Sociology and Political Science (Q3); Social Psychology (Q4)";"Psychology; Social Sciences"
238;21100217604;"Siglo Cero";journal;"02101696, 25300350";"University of Salamanca";Yes;Yes;0,241;Q4;15;32;79;1522;58;77;0,67;47,56;67,97;6;Spain;Western Europe;"University of Salamanca";"2012, 2015-2025";"Education (Q3); Psychiatry and Mental Health (Q4); Psychology (miscellaneous) (Q4); Social Psychology (Q4); Social Work (Q4)";"Medicine; Psychology; Social Sciences"
239;19700188266;"Humanistic Psychologist";journal;"15473333, 08873267";"American Psychological Association";No;No;0,235;Q4;35;41;125;1837;96;121;0,71;44,80;54,32;0;United States;Northern America;"American Psychological Association";"1985-2025";"Applied Psychology (Q4); Social Psychology (Q4)";"Psychology"
240;21101053580;"Journal of Psychosocial Studies";journal;"14786737";"Policy Press";No;No;0,233;Q4;8;18;63;516;29;56;0,38;28,67;69,57;0;United Kingdom;Western Europe;"Policy Press";"2019-2025";"Cultural Studies (Q2); Social Sciences (miscellaneous) (Q3); Sociology and Political Science (Q3); Social Psychology (Q4)";"Psychology; Social Sciences"
241;19900191902;"Journal of Occupational Therapy, Schools, and Early Intervention";journal;"19411243, 19411251";"Routledge";No;No;0,232;Q4;20;31;91;1180;79;88;0,75;38,06;78,90;2;United Kingdom;Western Europe;"Routledge";"2008-2026";"Education (Q3); Occupational Therapy (Q3); Social Psychology (Q4)";"Health Professions; Psychology; Social Sciences"
242;21100870922;"Journal of Behavioral Science";journal;"19064675";"Srinakharinwirot University-Behavioral Science Research Institute";No;No;0,231;Q4;13;25;63;1514;85;63;1,20;60,56;32,65;0;Thailand;Asiatic Region;"Srinakharinwirot University-Behavioral Science Research Institute";"2018-2025";"Applied Psychology (Q4); Social Psychology (Q4)";"Psychology"
243;19900192514;"Dynamics of Asymmetric Conflict: Pathways toward Terrorism and Genocide";journal;"17467594, 17467586";"Routledge";No;No;0,230;Q4;21;14;54;742;49;45;0,92;53,00;29,03;1;United Kingdom;Western Europe;"Routledge";"2010-2025";"Cultural Studies (Q2); Law (Q2); Political Science and International Relations (Q3); Sociology and Political Science (Q3); Social Psychology (Q4)";"Psychology; Social Sciences"
244;21100834525;"Gruppe. Interaktion. Organisation. Zeitschrift fur Angewandte Organisationspsychologie";journal;"23666145, 23666218";"Springer Fachmedien Wiesbaden GmbH";No;No;0,229;Q4;20;50;148;2067;104;133;0,74;41,34;52,58;2;Germany;Western Europe;"Springer Fachmedien Wiesbaden GmbH";"2016-2026";"Education (Q3); Organizational Behavior and Human Resource Management (Q3); Applied Psychology (Q4); Developmental and Educational Psychology (Q4); Social Psychology (Q4)";"Business, Management and Accounting; Psychology; Social Sciences"
245;21101032633;"Social Psychology and Society";journal;"22211527, 23117052";"Moscow State University of Psychology and Education";Yes;Yes;0,222;Q4;11;54;159;2106;111;157;0,77;39,00;75,21;0;Russian Federation;Eastern Europe;"Moscow State University of Psychology and Education";"2016-2025";"Social Sciences (miscellaneous) (Q3); Applied Psychology (Q4); Social Psychology (Q4)";"Psychology; Social Sciences"
246;21101039079;"Central European Management Journal";journal;"26580845, 26582430";"Emerald Publishing";Yes;Yes;0,219;Q4;18;26;69;1952;84;69;1,21;75,08;53,85;0;Poland;Eastern Europe;"Emerald Publishing";"2020-2026";"Business, Management and Accounting (miscellaneous) (Q3); Political Science and International Relations (Q3); Sociology and Political Science (Q3); Social Psychology (Q4)";"Business, Management and Accounting; Psychology; Social Sciences"
247;21100453516;"Psychology, Society and Education";journal;"1989709X, 21712085";"UCOPress. Editorial Universidad de Cordoba";Yes;Yes;0,212;Q4;17;24;114;1189;89;114;0,59;49,54;63,33;0;Spain;Western Europe;"UCOPress. Editorial Universidad de Cordoba";"2012, 2015-2026";"Education (Q3); Sociology and Political Science (Q3); Clinical Psychology (Q4); Social Psychology (Q4)";"Psychology; Social Sciences"
248;21100930168;"Evolution, Mind and Behaviour";journal;"25600982";"Akademiai Kiado";Yes;No;0,211;Q4;0;0;0;0;0;0;0,00;0,00;0,00;0;Hungary;Eastern Europe;"Akademiai Kiado";"2015-2020";"Anthropology (Q3); Ecology, Evolution, Behavior and Systematics (Q4); Experimental and Cognitive Psychology (Q4); Social Psychology (Q4)";"Agricultural and Biological Sciences; Psychology; Social Sciences"
249;19800188059;"Bereavement Care";journal;"02682621, 19448279";"Routledge";No;No;0,206;Q4;0;0;0;0;0;0;0,00;0,00;0,00;0;United Kingdom;Western Europe;"Routledge";"1982-2020";"Advanced and Specialized Nursing (Q3); Gerontology (Q4); Health (social science) (Q4); Social Psychology (Q4)";"Nursing; Psychology; Social Sciences"
250;19700187812;"Psychologist-Manager Journal";journal;"15503461, 10887156";"American Psychological Association";No;No;0,205;Q4;0;0;0;0;0;0;0,00;0,00;0,00;0;United States;Northern America;"American Psychological Association";"2000, 2010-2021";"Business, Management and Accounting (miscellaneous) (Q3); Applied Psychology (Q4); Social Psychology (Q4)";"Business, Management and Accounting; Psychology"
251;21100204113;"Revista Iberoamericana de Psicologia del Ejercicio y el Deporte (discontinued)";journal;"23407700, 18868576";"Asociacion Canaria de Psicologia del Deporte";Yes;No;0,205;Q4;23;108;96;1922;60;93;0,65;17,80;37,44;0;Spain;Western Europe;"Asociacion Canaria de Psicologia del Deporte";"2012-2024";"Applied Psychology (Q4); Social Psychology (Q4); Sports Science (Q4)";"Health Professions; Psychology"
252;19900193932;"Informacios Tarsadalom";journal;"15878694";"Infonia";No;No;0,202;-;8;32;83;882;39;82;0,59;27,56;25,42;0;Hungary;Eastern Europe;"Infonia";"2008-2025";"Communication (Q3)";"Social Sciences"
253;18300156721;"Zeitschrift fur Sportpsychologie";journal;"21906300, 16125010";"Hogrefe Publishing";No;No;0,198;Q4;14;24;81;700;27;36;0,32;29,17;50,00;0;Germany;Western Europe;"Hogrefe Publishing";"2008-2023";"Physical Therapy, Sports Therapy and Rehabilitation (Q3); Applied Psychology (Q4); Social Psychology (Q4)";"Health Professions; Psychology"
254;21100790313;"Interpersona";journal;"19816472";"Study Group on Assessment, Therapy and Emotions";Yes;Yes;0,194;Q4;13;17;47;763;29;46;0,55;44,88;60,61;0;Germany;Western Europe;"Study Group on Assessment, Therapy and Emotions";"2016-2025";"Cultural Studies (Q2); Anthropology (Q3); Gender Studies (Q3); Developmental and Educational Psychology (Q4); Social Psychology (Q4)";"Psychology; Social Sciences"
255;5700153385;"Journal of Human Values";journal;"09730737, 09716858";"Sage Publications India Pvt. Ltd";No;No;0,190;Q4;23;20;56;636;42;50;0,77;31,80;37,50;1;India;Asiatic Region;"Sage Publications India Pvt. Ltd";"1995-2026";"Cultural Studies (Q2); Philosophy (Q2); Sociology and Political Science (Q3); Organizational Behavior and Human Resource Management (Q4); Social Psychology (Q4)";"Arts and Humanities; Business, Management and Accounting; Psychology; Social Sciences"
256;7500153128;"Universitas Psychologica";journal;"16579267, 20112777";"Pontificia Universidad Javeriana";Yes;No;0,189;Q4;37;15;155;623;97;154;0,39;41,53;58,70;0;Colombia;Latin America;"Pontificia Universidad Javeriana";"2007-2026";"Psychology (miscellaneous) (Q4); Social Psychology (Q4)";"Psychology"
257;21100888810;"Studies in Business and Economics";journal;"23445416, 18424120";"De Gruyter Open Ltd.";Yes;Yes;0,183;Q4;18;60;178;2394;145;178;0,76;39,90;44,17;2;Poland;Eastern Europe;"De Gruyter Open Ltd.";"2018-2025";"Business, Management and Accounting (miscellaneous) (Q3); Economics, Econometrics and Finance (miscellaneous) (Q3); Social Psychology (Q4)";"Business, Management and Accounting; Economics, Econometrics and Finance; Psychology"
258;21100898990;"Dynamic Relationships Management Journal";journal;"2350367X, 22325867";"Slovenian Academy of Management";Yes;Yes;0,181;Q4;5;13;33;786;23;33;0,41;60,46;42,31;0;Slovenia;Eastern Europe;"Slovenian Academy of Management";"2018-2025";"Economics, Econometrics and Finance (miscellaneous) (Q3); Organizational Behavior and Human Resource Management (Q4); Social Psychology (Q4); Strategy and Management (Q4)";"Business, Management and Accounting; Economics, Econometrics and Finance; Psychology"
259;21100881506;"Przestrzen Spoleczna (discontinued)";journal;"20841558, 20847696";"";Yes;No;0,180;Q4;8;54;44;2238;67;36;2,23;41,44;27,73;0;Poland;Eastern Europe;"";"2018-2022";"Cultural Studies (Q2); Economics, Econometrics and Finance (miscellaneous) (Q3); Social Sciences (miscellaneous) (Q3); Sociology and Political Science (Q3); Urban Studies (Q3); Demography (Q4); Geography, Planning and Development (Q4); Social Psychology (Q4)";"Economics, Econometrics and Finance; Psychology; Social Sciences"
260;21100244818;"International Journal of Developmental Sciences";journal;"21917485, 2192001X";"SAGE Publications Ltd";No;No;0,174;Q4;29;7;33;368;13;30;0,27;52,57;54,55;0;United Kingdom;Western Europe;"SAGE Publications Ltd";"2007-2026";"Aging (Q4); Developmental and Educational Psychology (Q4); Developmental Neuroscience (Q4); Life-span and Life-course Studies (Q4); Social Psychology (Q4)";"Biochemistry, Genetics and Molecular Biology; Neuroscience; Psychology; Social Sciences"
261;21100206246;"Orientation Scolaire et Professionnelle";journal;"02496739, 21043795";"Inetop-Cnam";No;No;0,171;Q4;8;39;84;1247;21;77;0,31;31,97;63,49;0;France;Western Europe;"Inetop-Cnam";"2011-2025";"Developmental and Educational Psychology (Q4); Education (Q4); Social Psychology (Q4)";"Psychology; Social Sciences"
262;21100828655;"Journal of Financial Therapy";journal;"19449771, 19457774";"Revista Civilistica";Yes;Yes;0,167;Q4;13;13;44;330;17;42;0,35;25,38;59,38;0;United States;Northern America;"Revista Civilistica";"2017-2025";"Applied Psychology (Q4); Finance (Q4); Health (social science) (Q4); Social Psychology (Q4)";"Economics, Econometrics and Finance; Psychology; Social Sciences"
263;21100981168;"International Journal of Body, Mind and Culture";journal;"23455802";"Behi Academy Publications";Yes;Yes;0,166;-;8;52;91;1606;56;83;0,56;30,88;38,38;0;Iran;Middle East;"Behi Academy Publications";"2019-2026";"Applied Psychology (Q4); Psychiatry and Mental Health (Q4)";"Medicine; Psychology"
264;21100830426;"Journal of Criminological Research, Policy and Practice";journal;"2056385X, 20563841";"Emerald Group Publishing Ltd.";No;No;0,165;Q4;17;19;76;855;63;71;0,86;45,00;60,87;0;United Kingdom;Western Europe;"Emerald Group Publishing Ltd.";"2015-2025";"Law (Q3); Sociology and Political Science (Q3); Health (social science) (Q4); Public Administration (Q4); Social Psychology (Q4)";"Psychology; Social Sciences"
265;4700152269;"Journal of Japanese Studies";journal;"00956848, 15494721";"Society for Japanese Studies";No;No;0,165;Q4;24;14;28;0;8;26;0,37;0,00;20,00;0;United States;Northern America;"Society for Japanese Studies";"1988, 1998-2002, 2005-2026";"Cultural Studies (Q2); Linguistics and Language (Q2); Anthropology (Q3); Social Psychology (Q4)";"Psychology; Social Sciences"
266;19700177314;"Revista de Cercetare si Interventie Sociala";journal;"15833410, 15845397";"Expert Projects";Yes;No;0,165;Q4;19;41;253;1533;168;253;0,64;37,39;62,83;0;Romania;Eastern Europe;"Expert Projects";"2008-2025";"Sociology and Political Science (Q3); Health (social science) (Q4); Social Psychology (Q4)";"Psychology; Social Sciences"
267;21100905324;"Journal of Brand Strategy";journal;"2045855X, 20458568";"Henry Stewart Publications";No;No;0,159;Q4;11;38;96;1167;43;85;0,45;30,71;40,35;0;United Kingdom;Western Europe;"Henry Stewart Publications";"2018-2025";"Communication (Q3); Management of Technology and Innovation (Q4); Marketing (Q4); Social Psychology (Q4); Strategy and Management (Q4)";"Business, Management and Accounting; Psychology; Social Sciences"
268;21101079124;"Journal of Integrated Disaster Risk Management";journal;"21858322";"IDRiM Society";No;No;0,157;-;7;8;25;271;9;25;0,50;33,88;18,75;1;Japan;Asiatic Region;"IDRiM Society";"2019-2026";"Business, Management and Accounting (miscellaneous) (Q4); Emergency Medicine (Q4); Global and Planetary Change (Q4); Management, Monitoring, Policy and Law (Q4); Safety Research (Q4); Safety, Risk, Reliability and Quality (Q4)";"Business, Management and Accounting; Engineering; Environmental Science; Medicine; Social Sciences"
269;5700167230;"Psychoanalysis, Culture and Society";journal;"10880763, 15433390";"Palgrave Macmillan Ltd.";No;No;0,155;Q4;15;34;110;1223;60;105;0,58;35,97;53,49;0;United Kingdom;Western Europe;"Palgrave Macmillan Ltd.";"2004-2005, 2013-2025";"Cultural Studies (Q2); Sociology and Political Science (Q3); Applied Psychology (Q4); Health (social science) (Q4); Social Psychology (Q4)";"Psychology; Social Sciences"
270;21100923615;"Rivista Internazionale di Filosofia e Psicologia";journal;"20394667, 22392629";"MIMESIS EDIZIONI";Yes;Yes;0,152;Q4;6;18;72;962;22;65;0,28;53,44;40,00;0;Italy;Western Europe;"MIMESIS EDIZIONI";"2019-2025";"Philosophy (Q2); Experimental and Cognitive Psychology (Q4); Social Psychology (Q4)";"Arts and Humanities; Psychology"
271;21100902624;"Journal of Consumer Satisfaction, Dissatisfaction and Complaining Behavior";journal;"08998620";"University of Nevada";No;No;0,150;Q4;11;17;21;816;18;20;0,88;48,00;47,06;0;United States;Northern America;"University of Nevada";"2018-2025";"Applied Psychology (Q4); Business and International Management (Q4); Marketing (Q4); Social Psychology (Q4)";"Business, Management and Accounting; Psychology"
272;4700152865;"Psicologia e Sociedade";journal;"18070310, 01027182";"Associacao Brasileira de Psicologia Social";Yes;Yes;0,150;Q4;24;21;160;640;51;159;0,29;30,48;58,14;0;Brazil;Latin America;"Associacao Brasileira de Psicologia Social";"2006-2025";"Social Psychology (Q4)";"Psychology"
273;5700167184;"Home Cultures";journal;"17517427, 17406315";"Taylor and Francis Ltd.";No;No;0,149;Q4;24;18;22;959;13;22;0,58;53,28;81,25;0;United Kingdom;Western Europe;"Taylor and Francis Ltd.";"2008-2025";"Cultural Studies (Q2); Visual Arts and Performing Arts (Q2); Social Psychology (Q4)";"Arts and Humanities; Psychology; Social Sciences"
274;21100812388;"Revista Criminalidad";journal;"17943108, 22565531";"Policia Nacional de Colombia";Yes;Yes;0,149;Q4;9;38;95;2038;31;90;0,33;53,63;37,80;2;Colombia;Latin America;"Policia Nacional de Colombia";"2015-2025";"Arts and Humanities (miscellaneous) (Q3); Law (Q3); Sociology and Political Science (Q3); Social Psychology (Q4); Social Sciences (miscellaneous) (Q4)";"Arts and Humanities; Psychology; Social Sciences"
275;21100396634;"Journal of Educational, Cultural and Psychological Studies";journal;"20377924, 20377932";"LED Edizioni Universitarie";Yes;Yes;0,147;Q4;14;26;81;784;30;71;0,38;30,15;51,92;0;Italy;Western Europe;"LED Edizioni Universitarie";"2014-2026";"Developmental and Educational Psychology (Q4); Education (Q4); Social Psychology (Q4)";"Psychology; Social Sciences"
276;21100858350;"Fashion, Style and Popular Culture";journal;"20500734, 20500726";"Intellect Ltd.";No;No;0,146;Q4;10;32;79;1439;22;64;0,15;44,97;76,32;0;United Kingdom;Western Europe;"Intellect Ltd.";"2015-2026";"Cultural Studies (Q2); Marketing (Q4); Materials Science (miscellaneous) (Q4); Social Psychology (Q4); Strategy and Management (Q4)";"Business, Management and Accounting; Materials Science; Psychology; Social Sciences"
277;21100208021;"Infant Observation";journal;"17458943, 13698036";"Taylor and Francis Ltd.";No;No;0,146;Q4;8;14;37;190;12;31;0,38;13,57;94,12;1;United Kingdom;Western Europe;"Taylor and Francis Ltd.";"2012-2026";"Applied Psychology (Q4); Clinical Psychology (Q4); Developmental and Educational Psychology (Q4); Social Psychology (Q4)";"Psychology"
278;21100929891;"Changing Societies and Personalities";journal;"25876104, 25878964";"Ural Federal University";Yes;Yes;0,145;Q4;8;47;81;2154;27;70;0,36;45,83;65,22;1;Russian Federation;Eastern Europe;"Ural Federal University";"2017-2025";"Cultural Studies (Q2); Social Psychology (Q4); Sociology and Political Science (Q4)";"Psychology; Social Sciences"
279;19900193866;"Gedrag en Organisatie";journal;"09215077, 18757235";"Amsterdam University Press";No;No;0,143;Q4;15;19;49;1212;17;43;0,35;63,79;56,82;0;Netherlands;Western Europe;"Amsterdam University Press";"2008-2025";"Organizational Behavior and Human Resource Management (Q4); Social Psychology (Q4); Strategy and Management (Q4)";"Business, Management and Accounting; Psychology"
280;21100866386;"Organisational and Social Dynamics";journal;"14742780, 20443765";"Phoenix Publishing House";No;No;0,137;Q4;5;17;54;364;6;54;0,11;21,41;58,62;0;United Kingdom;Western Europe;"Phoenix Publishing House";"2017-2025";"Social Psychology (Q4)";"Psychology"
281;21100942914;"Organizatsionnaya Psikhologiya";journal;"23125942";"National Research University Higher School of Economics (HSE University)";Yes;No;0,135;Q4;8;48;103;3238;36;102;0,25;67,46;55,05;0;Russian Federation;Eastern Europe;"National Research University Higher School of Economics (HSE University)";"2019-2025";"Applied Psychology (Q4); Organizational Behavior and Human Resource Management (Q4); Social Psychology (Q4)";"Business, Management and Accounting; Psychology"
282;21100211304;"Psicologia Escolar e Educacional";journal;"14138557, 21753539";"Associacao Brasileira de Psicologia Escolar e Educacional";Yes;Yes;0,135;Q4;17;32;143;1022;46;142;0,18;31,94;79,57;1;Brazil;Latin America;"Associacao Brasileira de Psicologia Escolar e Educacional";"2012-2025";"Developmental and Educational Psychology (Q4); Social Psychology (Q4)";"Psychology"
283;21100433805;"Youth Voice Journal";journal;"20562969, 20492073";"RJ4All Publications";No;No;0,128;Q4;8;90;91;2966;31;85;0,35;32,96;72,59;0;United Kingdom;Western Europe;"RJ4All Publications";"2015-2025";"Social Psychology (Q4); Sociology and Political Science (Q4)";"Psychology; Social Sciences"
284;21100887416;"Marketing, Zeitschrift fur Forschung und Praxis";journal;"03441369";"C.H.BECK";No;No;0,125;Q4;8;13;46;956;8;36;0,12;73,54;30,00;0;Germany;Western Europe;"C.H.BECK";"2018-2023";"Marketing (Q4); Social Psychology (Q4)";"Business, Management and Accounting; Psychology"
285;4100151502;"Psychologie du Travail et des Organisations";journal;"14202530";"Elsevier Masson s.r.l.";No;No;0,123;Q4;13;20;73;1113;21;68;0,25;55,65;69,23;3;France;Western Europe;"Elsevier Masson s.r.l.";"2005-2006, 2008-2025";"Human Factors and Ergonomics (Q4); Social Psychology (Q4)";"Psychology; Social Sciences"
286;19400157157;"Research in Social Psychology";journal;"09161503";"Japanese Society of Social Psychology";No;No;0,123;Q4;9;5;31;126;6;31;0,10;25,20;35,71;0;Japan;Asiatic Region;"Japanese Society of Social Psychology";"2007-2025";"Social Psychology (Q4)";"Psychology"
287;17700155037;"Cahiers Critiques de Therapie Familiale et de Pratiques de Reseaux";journal;"17821398, 13728202";"De Boeck Supérieur";No;No;0,121;Q4;9;19;89;523;11;81;0,10;27,53;63,64;0;Belgium;Western Europe;"De Boeck Supérieur";"2001-2024";"Clinical Psychology (Q4); Social Psychology (Q4)";"Psychology"
288;21634;"Revija za Kriminalistiko in Kriminologijo";journal;"0034690X";"Ministrstvo za notranje zadeve Republike Slovenije Policija";No;No;0,116;Q4;10;6;16;186;11;15;0,14;31,00;60,00;0;Slovenia;Eastern Europe;"Ministrstvo za notranje zadeve Republike Slovenije Policija";"1981, 2011-2025";"Law (Q4); Pathology and Forensic Medicine (Q4); Social Psychology (Q4)";"Medicine; Psychology; Social Sciences"
289;21100213000;"Dialogue";journal;"02428962";"Korean Neurological Association";No;No;0,111;Q4;11;26;132;504;9;125;0,09;19,38;69,05;0;South Korea;Asiatic Region;"Korean Neurological Association";"2001-2024";"Philosophy (Q3); Development (Q4); Health (social science) (Q4); Social Psychology (Q4)";"Arts and Humanities; Psychology; Social Sciences"
290;21100198239;"Enfances, Familles, Generations";journal;"17086310";"Centre - Urbanisation Culture Societe de l'INRS";Yes;Yes;0,106;Q4;10;37;80;2056;18;80;0,30;55,57;81,08;0;Canada;Northern America;"Centre - Urbanisation Culture Societe de l'INRS";"2011-2024";"Anthropology (Q4); Social Psychology (Q4); Social Sciences (miscellaneous) (Q4)";"Psychology; Social Sciences"
291;21100227422;"Revista da Abordagem Gestaltica";journal;"19843542, 18096867";"Instituto de Treinamento e Pesquisa em Gestalt-terapia de Goiania";No;Yes;0,106;Q4;7;21;106;574;14;101;0,14;27,33;54,17;0;Brazil;Latin America;"Instituto de Treinamento e Pesquisa em Gestalt-terapia de Goiania";"2012-2022";"Social Psychology (Q4); Sociology and Political Science (Q4)";"Psychology; Social Sciences"
292;21101060914;"Rivista di Psicolinguistica Applicata";journal;"17240646, 15921328";"Fabrizio Serra Editore Srl";No;No;0,103;Q4;3;13;35;676;3;32;0,09;52,00;84,00;0;Italy;Western Europe;"Fabrizio Serra Editore Srl";"2019-2025";"Developmental and Educational Psychology (Q4); Linguistics and Language (Q4); Social Psychology (Q4)";"Psychology; Social Sciences"
293;17600155214;"Empan";journal;"11523336";"Editions Eres";No;No;0,102;Q4;8;40;236;442;14;194;0,07;11,05;52,94;0;France;Western Europe;"Editions Eres";"2002-2024";"Health (social science) (Q4); Social Psychology (Q4); Sociology and Political Science (Q4)";"Psychology; Social Sciences"
294;21101047721;"Human Research in Rehabilitation";journal;"22329935, 2232996X";"Institute for Human Rehabilitation";Yes;Yes;0,102;Q4;6;23;57;703;6;56;0,09;30,57;63,79;0;Bosnia and Herzegovina;Eastern Europe;"Institute for Human Rehabilitation";"2019-2025";"Education (Q4); Rehabilitation (Q4); Social Psychology (Q4)";"Medicine; Psychology; Social Sciences"
295;21100820884;"Existenzanalyse";journal;"10247033, 24097306";"Gesellschaft fur Logotherapie und Existenzanalyse";No;No;0,101;Q4;5;27;98;411;14;92;0,18;15,22;42,86;0;Austria;Western Europe;"Gesellschaft fur Logotherapie und Existenzanalyse";"2016-2024";"Applied Psychology (Q4); Clinical Psychology (Q4); Psychiatry and Mental Health (Q4); Social Psychology (Q4)";"Medicine; Psychology"
296;17600155046;"Travailler";journal;"21025150, 16205340";"Martin Media";No;No;0,101;Q4;15;18;56;249;6;52;0,03;13,83;57,89;2;France;Western Europe;"Martin Media";"2001-2023";"Clinical Psychology (Q4); Health (social science) (Q4); Social Psychology (Q4)";"Psychology; Social Sciences"
297;5800169793;"Connexions";journal;"17762804, 03373126";"Editions Eres";No;No;0,100;Q4;11;38;87;511;2;79;0,02;13,45;54,05;1;France;Western Europe;"Editions Eres";"2001-2024";"Clinical Psychology (Q4); Social Psychology (Q4)";"Psychology"
298;21101150129;"Affective Science";journal;"2662205X, 26622041";"Springer Nature";No;No;;-;27;66;60;3905;203;57;3,38;59,17;54,95;2;Switzerland;Western Europe;"Springer Nature";"2020-2026";"Behavioral Neuroscience; Clinical Psychology; Neuropsychology and Physiological Psychology; Social Psychology";"Neuroscience; Psychology"
299;21101308797;"African Journal of Psychological Assessment";journal;"26172798, 27071618";"AOSIS (Pty) Ltd";Yes;No;;-;7;14;16;647;19;14;1,19;46,21;61,29;0;South Africa;Africa;"AOSIS (Pty) Ltd";"2021-2025";"Applied Psychology; Developmental and Educational Psychology; Psychology (miscellaneous); Social Psychology";"Psychology"
300;21101095132;"Behavioural Public Policy";journal;"23980648, 2398063X";"Cambridge University Press";No;No;;-;29;33;71;1612;361;65;3,20;48,85;28,77;14;United Kingdom;Western Europe;"Cambridge University Press";"2017-2026";"Applied Psychology; Political Science and International Relations; Social Psychology; Social Sciences (miscellaneous); Sociology and Political Science";"Psychology; Social Sciences"
301;21101136680;"Bereavement";journal;"27547833";"Cruse Bereavement Care";No;No;;-;22;15;44;536;25;37;0,61;35,73;68,57;1;United Kingdom;Western Europe;"Cruse Bereavement Care";"2022-2024";"Advanced and Specialized Nursing; Gerontology; Health (social science); Social Psychology";"Nursing; Psychology; Social Sciences"
302;21101132227;"Culture and Evolution";journal;"29397375";"Akademiai Kiado";No;No;;-;30;6;6;621;6;6;2,00;103,50;30,00;1;Hungary;Eastern Europe;"Akademiai Kiado";"2022-2025";"Anthropology; Cultural Studies; Ecology, Evolution, Behavior and Systematics; Experimental and Cognitive Psychology; Social Psychology";"Agricultural and Biological Sciences; Psychology; Social Sciences"
303;21101136809;"Current Research in Ecological and Social Psychology";journal;"26666227";"Elsevier B.V.";Yes;No;;-;17;49;20;3172;41;19;2,05;64,73;48,17;6;Netherlands;Western Europe;"Elsevier B.V.";"2020-2026";"Geography, Planning and Development; Human Factors and Ergonomics; Psychology (miscellaneous); Social Psychology";"Psychology; Social Sciences"
304;13480;"Current Research in Social Psychology";journal;"10887423";"University of Iowa";Yes;No;;-;27;4;0;104;0;0;0,00;26,00;50,00;0;United States;Northern America;"University of Iowa";"1996-2018, 2022-2025";"Social Psychology";"Psychology"
305;21101117183;"Environment and Social Psychology";journal;"24248975, 24247979";"Arts and Science Press Pte. Ltd.";No;No;;-;16;15;31;634;3;31;0,00;42,27;29,41;0;Singapore;Asiatic Region;"Arts and Science Press Pte. Ltd.";"2019-2026";"Developmental and Educational Psychology; Health (social science); Neuropsychology and Physiological Psychology; Social Psychology";"Psychology; Social Sciences"
306;21101160593;"Insight (discontinued)";journal;"26646005, 2663970X";"Faculty of Psychology, History and Sociology, Kherson State University";Yes;Yes;;-;14;17;70;428;68;66;1,45;25,18;46,67;0;Ukraine;Eastern Europe;"Faculty of Psychology, History and Sociology, Kherson State University";"2019-2025";"Developmental and Educational Psychology; Experimental and Cognitive Psychology; Psychology (miscellaneous); Social Psychology";"Psychology"
307;21101347015;"Journal of Pedagogical Sociology and Psychology";journal;"26873788";"Duzce University, Faculty of Education";Yes;No;;-;7;10;11;422;24;11;2,18;42,20;80,00;0;Turkey;Middle East;"Duzce University, Faculty of Education";"2021-2025";"Developmental and Educational Psychology; Education; Social Psychology; Social Sciences (miscellaneous)";"Psychology; Social Sciences"
308;21101155811;"Memory, Mind and Media";journal;"26350238";"Cambridge University Press";Yes;No;;-;9;19;0;1276;0;0;0,00;67,16;57,14;1;United Kingdom;Western Europe;"Cambridge University Press";"2022-2026";"Communication; History; Philosophy; Social Psychology";"Arts and Humanities; Psychology; Social Sciences"
309;21101197373;"Process Studies";journal;"03606503, 21543682";"University of Illinois Press";No;No;;-;4;13;45;381;5;40;0,11;29,31;8,33;0;United States;Northern America;"University of Illinois Press";"1971, 2019-2025";"Developmental and Educational Psychology; Religious Studies; Social Psychology";"Arts and Humanities; Psychology"
310;21101152124;"Psychology and Law";journal;"22225196";"Moscow State University of Psychology and Education";Yes;Yes;;-;5;66;0;1567;0;0;0,00;23,74;73,61;0;Russian Federation;Eastern Europe;"Moscow State University of Psychology and Education";"2022-2025";"Applied Psychology; Clinical Psychology; Experimental and Cognitive Psychology; Social Psychology";"Psychology"
311;21101292924;"Psychology of Leaders and Leadership";journal;"27696863, 27696898";"American Psychological Association";No;No;;-;22;11;35;666;25;35;0,42;60,55;59,09;1;United States;Northern America;"American Psychological Association";"2022-2025";"Applied Psychology; Business, Management and Accounting (miscellaneous); Social Psychology";"Business, Management and Accounting; Psychology"
312;21101162635;"Review of Behavioral Economics";journal;"23266201, 23266198";"Now Publishers Inc";No;No;;-;7;15;50;510;30;50;0,67;34,00;14,29;2;United States;Northern America;"Now Publishers Inc";"2019-2025";"Economics, Econometrics and Finance (miscellaneous); Social Psychology; Social Sciences (miscellaneous)";"Economics, Econometrics and Finance; Psychology; Social Sciences"
313;21101185818;"Social and Legal Studios (discontinued)";journal;"26174170, 26174162";"Lviv State University of Internal Affairs";Yes;No;;-;12;39;262;986;59;262;0,28;25,28;57,63;0;Ukraine;Eastern Europe;"Lviv State University of Internal Affairs";"2019-2025";"Economics, Econometrics and Finance (miscellaneous); Law; Social Psychology";"Economics, Econometrics and Finance; Psychology; Social Sciences"
314;21101134692;"Studia Warminskie";journal;"01376624";"University of Warmia and Mazury";Yes;Yes;;-;7;30;89;905;10;89;0,10;30,17;51,28;0;Poland;Eastern Europe;"University of Warmia and Mazury";"2019-2025";"Developmental and Educational Psychology; History; Law; Philosophy; Religious Studies; Social Psychology; Social Sciences (miscellaneous)";"Arts and Humanities; Psychology; Social Sciences"
315;21101185419;"Technology, Mind, and Behavior";journal;"26890208";"American Psychological Association";Yes;No;;-;22;45;42;3156;312;41;7,43;70,13;51,79;4;United States;Northern America;"American Psychological Association";"2020-2025";"Communication; Experimental and Cognitive Psychology; Human-Computer Interaction; Social Psychology";"Computer Science; Psychology; Social Sciences"
