Rank;Sourceid;Title;Type;Issn;Publisher;Open Access;Open Access Diamond;SJR;SJR Quartile;H index;Total Docs. (2024);Total Docs. (3years);Total Refs.;Total Citations (3years);Citable Docs. (3years);Citations / Doc. (2years);Ref. / Doc.;%Female;Overton;Country;Region;Publisher;Coverage;Categories;Areas
1;17915;"Proceedings of the IEEE";journal;"15582256, 00189219";"Institute of Electrical and Electronics Engineers Inc.";No;No;6,247;Q1;352;62;245;12001;9722;239;29,32;193,56;22,74;0;United States;Northern America;"Institute of Electrical and Electronics Engineers Inc.";"1963-2026";"Computer Science (miscellaneous) (Q1); Electrical and Electronic Engineering (Q1)";"Computer Science; Engineering"
2;23038;"ACM Computing Surveys";journal;"03600300, 15577341";"Association for Computing Machinery";No;No;5,797;Q1;260;424;714;72042;28514;714;41,88;169,91;25,38;30;United States;Northern America;"Association for Computing Machinery";"1969-2025";"Computer Science (miscellaneous) (Q1); Theoretical Computer Science (Q1)";"Computer Science; Mathematics"
3;21101081601;"PRX Quantum";journal;"26913399";"American Physical Society";Yes;No;5,341;Q1;82;242;642;20656;7914;639;11,08;85,36;16,00;0;United States;Northern America;"American Physical Society";"2020-2026";"Applied Mathematics (Q1); Computer Science (miscellaneous) (Q1); Electrical and Electronic Engineering (Q1); Electronic, Optical and Magnetic Materials (Q1); Mathematical Physics (Q1); Physics and Astronomy (miscellaneous) (Q1)";"Computer Science; Engineering; Materials Science; Mathematics; Physics and Astronomy"
4;19700170610;"IEEE Transactions on Smart Grid";journal;"19493061, 19493053";"Institute of Electrical and Electronics Engineers Inc.";No;No;4,608;Q1;270;467;1272;19010;16887;1272;12,20;40,71;26,69;0;United States;Northern America;"Institute of Electrical and Electronics Engineers Inc.";"2010-2026";"Computer Science (miscellaneous) (Q1)";"Computer Science"
5;21100338322;"IEEE Geoscience and Remote Sensing Magazine";journal;"24732397, 21686831";"Institute of Electrical and Electronics Engineers Inc.";No;No;3,662;Q1;78;59;152;5161;2356;149;16,24;87,47;30,04;0;United States;Northern America;"Institute of Electrical and Electronics Engineers Inc.";"2013-2026";"Computer Science (miscellaneous) (Q1); Earth and Planetary Sciences (miscellaneous) (Q1); Electrical and Electronic Engineering (Q1); Instrumentation (Q1)";"Computer Science; Earth and Planetary Sciences; Engineering; Physics and Astronomy"
6;21101076096;"Nature Computational Science";journal;"26628457";"Springer Nature";No;No;3,472;Q1;56;157;531;4956;3659;259;6,38;31,57;27,31;6;United States;Northern America;"Springer Nature";"2021-2026";"Computer Networks and Communications (Q1); Computer Science Applications (Q1); Computer Science (miscellaneous) (Q1)";"Computer Science"
7;17645;"Computers and Education";journal;"03601315";"Elsevier Ltd";No;No;3,343;Q1;267;114;532;9220;7536;532;12,91;80,88;44,53;9;United Kingdom;Western Europe;"Elsevier Ltd";"1976-2026";"Computer Science (miscellaneous) (Q1); Education (Q1); E-learning (Q1)";"Computer Science; Social Sciences"
8;8000153138;"Computer Science Review";journal;"15740137";"Elsevier Ireland Ltd";No;No;3,276;Q1;102;59;165;9202;3989;163;18,96;155,97;23,91;3;Ireland;Western Europe;"Elsevier Ireland Ltd";"2007-2026";"Computer Science (miscellaneous) (Q1); Theoretical Computer Science (Q1)";"Computer Science; Mathematics"
9;21100827946;"npj Quantum Information";journal;"20566387";"Nature Partner Journals";Yes;No;2,730;Q1;91;130;434;7635;3724;432;7,98;58,73;16,56;0;United Kingdom;Western Europe;"Nature Partner Journals";"2015-2026";"Computational Theory and Mathematics (Q1); Computer Networks and Communications (Q1); Computer Science (miscellaneous) (Q1); Statistical and Nonlinear Physics (Q1)";"Computer Science; Physics and Astronomy"
10;22489;"European Journal of Operational Research";journal;"03772217";"Elsevier B.V.";No;No;2,239;Q1;333;603;2003;33311;15285;1994;7,03;55,24;26,21;9;Netherlands;Western Europe;"Elsevier B.V.";"1977-2026";"Computer Science (miscellaneous) (Q1); Industrial and Manufacturing Engineering (Q1); Information Systems and Management (Q1); Management Science and Operations Research (Q1); Modeling and Simulation (Q1)";"Computer Science; Decision Sciences; Engineering; Mathematics"
11;19080;"Computers in Industry";journal;"01663615";"Elsevier B.V.";No;No;2,209;Q1;151;80;458;5112;6011;456;12,42;63,90;24,78;1;Netherlands;Western Europe;"Elsevier B.V.";"1979-2026";"Computer Science (miscellaneous) (Q1); Engineering (miscellaneous) (Q1)";"Computer Science; Engineering"
12;21100228068;"Wiley Interdisciplinary Reviews: Data Mining and Knowledge Discovery";journal;"19424795, 19424787";"John Wiley &amp; Sons Inc.";No;No;2,202;Q1;89;46;112;6381;1797;112;17,07;138,72;32,97;0;United States;Northern America;"John Wiley &amp; Sons Inc.";"2011-2026";"Computer Science (miscellaneous) (Q1)";"Computer Science"
13;19900192513;"Swarm and Evolutionary Computation";journal;"22106502";"Elsevier B.V.";No;No;1,890;Q1;120;285;459;17879;4947;457;10,19;62,73;30,59;0;Netherlands;Western Europe;"Elsevier B.V.";"2011-2026";"Computer Science (miscellaneous) (Q1); Mathematics (miscellaneous) (Q1)";"Computer Science; Mathematics"
14;21100199855;"Proceedings of the VLDB Endowment";journal;"21508097";"VLDB Endowment";No;No;1,832;Q1;174;368;1097;17945;5638;1047;4,82;48,76;25,19;1;United States;Northern America;"VLDB Endowment";"2008-2025";"Computer Science (miscellaneous) (Q1)";"Computer Science"
15;21100780794;"Engineering";journal;"20958099";"Elsevier Ltd";Yes;No;1,767;Q1;127;263;704;18541;7096;554;9,62;70,50;34,64;9;United Kingdom;Western Europe;"Elsevier Ltd";"2015-2026";"Chemical Engineering (miscellaneous) (Q1); Computer Science (miscellaneous) (Q1); Energy Engineering and Power Technology (Q1); Engineering (miscellaneous) (Q1); Environmental Engineering (Q1); Materials Science (miscellaneous) (Q1)";"Chemical Engineering; Computer Science; Energy; Engineering; Environmental Science; Materials Science"
16;28918;"IEEE Transactions on Dependable and Secure Computing";journal;"15455971, 19410018";"Institute of Electrical and Electronics Engineers Inc.";No;No;1,755;Q1;117;394;850;19855;6862;849;8,04;50,39;26,00;0;United States;Northern America;"Institute of Electrical and Electronics Engineers Inc.";"2004-2026";"Computer Science (miscellaneous) (Q1); Electrical and Electronic Engineering (Q1)";"Computer Science; Engineering"
17;21101042196;"Artificial Intelligence in Agriculture";journal;"25897217";"KeAi Communications Co.";Yes;No;1,750;Q1;44;34;80;2367;1442;80;19,56;69,62;27,44;1;China;Asiatic Region;"KeAi Communications Co.";"2019-2026";"Agricultural and Biological Sciences (miscellaneous) (Q1); Artificial Intelligence (Q1); Computer Science Applications (Q1); Computer Science (miscellaneous) (Q1); Engineering (miscellaneous) (Q1)";"Agricultural and Biological Sciences; Computer Science; Engineering"
18;18164;"Computers and Industrial Engineering";journal;"03608352";"Elsevier Ltd";No;No;1,628;Q1;187;827;2357;46921;20326;2350;7,70;56,74;29,74;7;United Kingdom;Western Europe;"Elsevier Ltd";"1976-2026";"Computer Science (miscellaneous) (Q1); Engineering (miscellaneous) (Q1); Management Science and Operations Research (Q1)";"Computer Science; Decision Sciences; Engineering"
19;21101192774;"Chip";journal;"27722724, 27094723";"Elsevier B.V.";Yes;No;1,624;Q1;22;32;55;2586;403;55;7,33;80,81;25,00;0;Netherlands;Western Europe;"Elsevier B.V.";"2022-2026";"Artificial Intelligence (Q1); Computer Networks and Communications (Q1); Computer Science (miscellaneous) (Q1); Electrical and Electronic Engineering (Q1); Hardware and Architecture (Q1)";"Computer Science; Engineering"
20;24355;"Computers and Operations Research";journal;"03050548, 1873765X";"Elsevier Ltd";No;No;1,605;Q1;202;325;864;15928;5068;864;5,45;49,01;26,34;0;United Kingdom;Western Europe;"Elsevier Ltd";"1974-2026";"Computer Science (miscellaneous) (Q1); Management Science and Operations Research (Q1); Modeling and Simulation (Q1)";"Computer Science; Decision Sciences; Mathematics"
21;21101132925;"IEEE Open Journal of the Computer Society";journal;"26441268";"Institute of Electrical and Electronics Engineers Inc.";Yes;No;1,567;Q1;29;60;89;3190;869;88;12,15;53,17;26,03;0;United States;Northern America;"Institute of Electrical and Electronics Engineers Inc.";"2020-2026";"Computer Science (miscellaneous) (Q1)";"Computer Science"
22;5100155071;"Foundations and Trends in Information Retrieval";journal;"15540669, 15540677";"Now Publishers Inc";No;No;1,535;Q1;42;3;9;1589;145;9;20,00;529,67;25,00;0;United States;Northern America;"Now Publishers Inc";"2006, 2008-2025";"Computer Science (miscellaneous) (Q1); Information Systems (Q1)";"Computer Science"
23;21101202019;"BenchCouncil Transactions on Benchmarks, Standards and Evaluations";journal;"27724859";"";Yes;Yes;1,531;Q1;13;20;58;686;855;53;18,24;34,30;37,29;0;China;Asiatic Region;"";"2021-2025";"Artificial Intelligence (Q1); Computer Science (miscellaneous) (Q1); Multidisciplinary (Q1); Strategy and Management (Q1)";"Business, Management and Accounting; Computer Science; Multidisciplinary"
24;21101058910;"Internet of Things (The Netherlands)";journal;"25426605";"Elsevier B.V.";No;No;1,527;Q1;87;423;592;26107;6768;586;11,74;61,72;20,34;7;Netherlands;Western Europe;"Elsevier B.V.";"2018-2026";"Artificial Intelligence (Q1); Computer Science Applications (Q1); Computer Science (miscellaneous) (Q1); Engineering (miscellaneous) (Q1); Hardware and Architecture (Q1); Information Systems (Q1); Management of Technology and Innovation (Q1); Software (Q1)";"Business, Management and Accounting; Computer Science; Engineering"
25;19600161832;"Science China Information Sciences";journal;"1674733X, 18691919";"Science China Press";No;No;1,479;Q1;101;359;1016;14295;5680;640;5,63;39,82;30,55;1;China;Asiatic Region;"Science China Press";"2010-2026";"Computer Science (miscellaneous) (Q1)";"Computer Science"
26;21101041418;"Computing and Software for Big Science";journal;"25102044";"Springer Nature";No;No;1,449;Q1;28;19;61;921;236;57;3,58;48,47;24,20;0;Switzerland;Western Europe;"Springer Nature";"2017-2025";"Computer Science (miscellaneous) (Q1); Nuclear and High Energy Physics (Q1); Software (Q1)";"Computer Science; Physics and Astronomy"
27;28898;"Computers and Security";journal;"01674048";"Elsevier Ltd";No;No;1,445;Q1;148;441;1078;25914;9830;1076;8,36;58,76;28,39;14;United Kingdom;Western Europe;"Elsevier Ltd";"1982-2026";"Computer Science (miscellaneous) (Q1); Law (Q1)";"Computer Science; Social Sciences"
28;28540;"SIAM Journal on Computing";journal;"00975397, 10957111";"Society for Industrial and Applied Mathematics Publications";No;No;1,400;Q1;137;57;183;2637;447;180;2,09;46,26;13,02;0;United States;Northern America;"Society for Industrial and Applied Mathematics Publications";"1984-2025";"Computer Science (miscellaneous) (Q1); Mathematics (miscellaneous) (Q1)";"Computer Science; Mathematics"
29;21100389724;"Journal of King Saud University - Computer and Information Sciences";journal;"22131248, 13191578";"Springer International Publishing";Yes;No;1,357;Q1;97;329;1295;18583;13087;1295;10,26;56,48;29,67;3;Switzerland;Western Europe;"Springer International Publishing";"2014-2026";"Computer Science (miscellaneous) (Q1)";"Computer Science"
30;19700170417;"Journal of Information Technology and Politics";journal;"19331681, 1933169X";"Routledge";No;No;1,300;Q1;58;42;92;2335;405;87;3,95;55,60;57,89;5;United States;Northern America;"Routledge";"2008-2026";"Computer Science (miscellaneous) (Q1); Public Administration (Q1); Sociology and Political Science (Q1)";"Computer Science; Social Sciences"
31;21100338508;"IEEE Transactions on Emerging Topics in Computing";journal;"21686750";"IEEE Computer Society";No;No;1,284;Q1;75;92;433;3365;2689;418;5,94;36,58;22,84;0;United States;Northern America;"IEEE Computer Society";"2013-2026";"Computer Science Applications (Q1); Computer Science (miscellaneous) (Q1); Human-Computer Interaction (Q1); Information Systems (Q1)";"Computer Science"
32;21100901156;"Journal of Reliable Intelligent Environments";journal;"21994668, 21994676";"Springer International Publishing AG";No;No;1,190;Q1;33;33;86;1778;711;74;6,75;53,88;22,43;0;Switzerland;Western Europe;"Springer International Publishing AG";"2015-2026";"Artificial Intelligence (Q1); Computer Networks and Communications (Q1); Computer Science Applications (Q1); Computer Science (miscellaneous) (Q1); Renewable Energy, Sustainability and the Environment (Q2)";"Computer Science; Energy"
33;25563;"Systems and Control Letters";journal;"01676911";"Elsevier B.V.";No;No;1,189;Q1;159;209;457;7130;1268;455;2,65;34,11;28,10;0;Netherlands;Western Europe;"Elsevier B.V.";"1981-2026";"Computer Science (miscellaneous) (Q1); Control and Systems Engineering (Q1); Electrical and Electronic Engineering (Q1); Mechanical Engineering (Q1)";"Computer Science; Engineering"
34;5800173377;"ACM Transactions on Knowledge Discovery from Data";journal;"1556472X, 15564681";"Association for Computing Machinery";No;No;1,186;Q1;83;203;408;12408;2510;407;5,50;61,12;30,20;1;United States;Northern America;"Association for Computing Machinery";"2007-2026";"Computer Science (miscellaneous) (Q1)";"Computer Science"
35;21101188900;"Cyber Security and Applications";journal;"27729184";"KeAi Communications Co.";Yes;No;1,168;Q1;20;22;20;1350;236;20;11,80;61,36;39,66;1;China;Asiatic Region;"KeAi Communications Co.";"2023-2025";"Computer Networks and Communications (Q1); Computer Science Applications (Q1); Computer Science (miscellaneous) (Q1); Information Systems (Q1)";"Computer Science"
36;19500157063;"International Journal of Social Robotics";journal;"18754805, 18754791";"Springer Verlag";No;No;1,157;Q1;94;128;393;8659;2583;379;5,48;67,65;42,13;3;Germany;Western Europe;"Springer Verlag";"2009-2026";"Computer Science (miscellaneous) (Q1); Control and Systems Engineering (Q1); Electrical and Electronic Engineering (Q1); Human-Computer Interaction (Q1); Philosophy (Q1); Social Psychology (Q1)";"Arts and Humanities; Computer Science; Engineering; Psychology"
37;13675;"Communications of the ACM";journal;"15577317, 00010782";"Association for Computing Machinery";No;No;1,146;Q1;259;215;934;2819;5384;644;4,96;13,11;25,87;10;United States;Northern America;"Association for Computing Machinery";"1958-2026";"Computer Science (miscellaneous) (Q1)";"Computer Science"
38;21101186345;"ACM Transactions on Quantum Computing";journal;"26436817";"Association for Computing Machinery";No;No;1,105;Q1;23;24;71;1482;454;68;6,67;61,75;11,71;0;United States;Northern America;"Association for Computing Machinery";"2020-2026";"Computational Theory and Mathematics (Q1); Computer Science (miscellaneous) (Q1); Statistical and Nonlinear Physics (Q1); Theoretical Computer Science (Q1)";"Computer Science; Mathematics; Physics and Astronomy"
39;21100368801;"IEEE/ACM Transactions on Audio Speech and Language Processing";journal;"23299304, 23299290";"Institute of Electrical and Electronics Engineers Inc.";No;No;1,061;Q1;104;428;850;25703;7296;849;6,94;60,05;24,02;0;United States;Northern America;"Institute of Electrical and Electronics Engineers Inc.";"2014-2025";"Acoustics and Ultrasonics (Q1); Computational Mathematics (Q1); Computer Science (miscellaneous) (Q1); Electrical and Electronic Engineering (Q1); Instrumentation (Q1); Media Technology (Q1); Signal Processing (Q1); Speech and Hearing (Q1)";"Computer Science; Engineering; Health Professions; Mathematics; Physics and Astronomy"
40;18159;"Computers and Electrical Engineering";journal;"00457906";"Elsevier Ltd";No;No;1,053;Q1;119;734;1628;33744;11536;1585;7,25;45,97;27,07;2;United Kingdom;Western Europe;"Elsevier Ltd";"1973-1984, 1986-2026";"Computer Science (miscellaneous) (Q1); Control and Systems Engineering (Q1); Electrical and Electronic Engineering (Q1)";"Computer Science; Engineering"
41;21100824892;"Law, Innovation and Technology";journal;"1757997X, 17579961";"Taylor and Francis Ltd.";No;No;1,049;Q1;31;27;61;1911;297;60;3,05;70,78;35,42;5;United Kingdom;Western Europe;"Taylor and Francis Ltd.";"2009-2026";"Biotechnology (Q1); Computer Science Applications (Q1); Computer Science (miscellaneous) (Q1); Law (Q1); Artificial Intelligence (Q2)";"Biochemistry, Genetics and Molecular Biology; Computer Science; Social Sciences"
42;21101068040;"IEEE Transactions on Quantum Engineering";journal;"26891808";"Institute of Electrical and Electronics Engineers Inc.";Yes;No;1,045;Q1;37;68;165;3508;1081;164;5,26;51,59;20,00;0;United States;Northern America;"Institute of Electrical and Electronics Engineers Inc.";"2020-2026";"Computer Science Applications (Q1); Computer Science (miscellaneous) (Q1); Condensed Matter Physics (Q1); Electrical and Electronic Engineering (Q1); Engineering (miscellaneous) (Q1); Mechanical Engineering (Q1); Software (Q1)";"Computer Science; Engineering; Physics and Astronomy"
43;12166;"Mathematics and Computers in Simulation";journal;"03784754";"Elsevier B.V.";No;No;1,040;Q1;103;403;1094;15661;5422;1087;5,70;38,86;31,09;0;Netherlands;Western Europe;"Elsevier B.V.";"1958-2026";"Applied Mathematics (Q1); Computer Science (miscellaneous) (Q1); Modeling and Simulation (Q1); Numerical Analysis (Q1); Theoretical Computer Science (Q1)";"Computer Science; Mathematics"
44;21101057896;"Sensors and Actuators Reports";journal;"26660539";"Elsevier B.V.";Yes;No;1,025;Q1;36;73;152;4304;1164;149;7,75;58,96;36,66;1;Netherlands;Western Europe;"Elsevier B.V.";"2019-2026";"Atomic and Molecular Physics, and Optics (Q1); Computer Science (miscellaneous) (Q1); Electrical and Electronic Engineering (Q1); Electronic, Optical and Magnetic Materials (Q1); Instrumentation (Q1)";"Computer Science; Engineering; Materials Science; Physics and Astronomy"
45;19700201455;"Sustainable Computing: Informatics and Systems";journal;"22105379";"Elsevier Inc.";No;No;1,018;Q1;64;93;338;4309;2370;335;7,81;46,33;22,43;0;United States;Northern America;"Elsevier Inc.";"2011-2026";"Computer Science (miscellaneous) (Q1); Electrical and Electronic Engineering (Q1)";"Computer Science; Engineering"
46;21101080486;"Array";journal;"25900056";"Elsevier B.V.";Yes;No;1,016;Q1;33;43;167;2828;1348;166;8,15;65,77;25,29;1;Netherlands;Western Europe;"Elsevier B.V.";"2019, 2021-2026";"Computer Science (miscellaneous) (Q1)";"Computer Science"
47;19700201443;"Engineering Applications of Computational Fluid Mechanics";journal;"1997003X, 19942060";"Taylor and Francis Ltd.";Yes;No;1,004;Q1;68;122;334;6093;2033;334;6,30;49,94;24,51;0;United Kingdom;Western Europe;"Taylor and Francis Ltd.";"2009, 2011-2026";"Computer Science (miscellaneous) (Q1); Modeling and Simulation (Q1)";"Computer Science; Mathematics"
48;21101037157;"Visual Computing for Industry, Biomedicine, and Art";journal;"25244442, 2096496X";"Springer Science and Business Media Deutschland GmbH";Yes;Yes;1,004;Q1;29;28;82;1343;546;80;6,91;47,96;33,77;0;Germany;Western Europe;"Springer Science and Business Media Deutschland GmbH";"2018-2026";"Computer Graphics and Computer-Aided Design (Q1); Computer Science (miscellaneous) (Q1); Computer Vision and Pattern Recognition (Q1); Medicine (miscellaneous) (Q1); Software (Q1); Visual Arts and Performing Arts (Q1)";"Arts and Humanities; Computer Science; Medicine"
49;21100200804;"ACM Transactions on Management Information Systems";journal;"21586578, 2158656X";"Association for Computing Machinery";No;No;0,973;Q1;45;17;116;1052;568;111;5,13;61,88;32,14;0;United States;Northern America;"Association for Computing Machinery";"2010-2025";"Computer Science (miscellaneous) (Q1); Management Information Systems (Q1)";"Business, Management and Accounting; Computer Science"
50;23087;"Algorithmica";journal;"14320541, 01784617";"Springer New York";No;No;0,969;Q1;87;123;402;4199;618;390;1,23;34,14;16,91;0;United States;Northern America;"Springer New York";"1986-2026";"Applied Mathematics (Q1); Computer Science Applications (Q1); Computer Science (miscellaneous) (Q1)";"Computer Science; Mathematics"
51;21101051831;"Intelligent Systems with Applications";journal;"26673053";"Elsevier B.V.";Yes;No;0,969;Q1;45;153;244;8343;1870;243;7,34;54,53;24,68;2;Netherlands;Western Europe;"Elsevier B.V.";"2021-2026";"Computer Science Applications (Q1); Computer Science (miscellaneous) (Q1); Computer Vision and Pattern Recognition (Q1); Signal Processing (Q1); Artificial Intelligence (Q2)";"Computer Science"
52;21101147569;"Biomimetic Intelligence and Robotics";journal;"26673797, 20970242";"KeAi Communications Co.";Yes;No;0,964;Q1;19;40;64;1600;409;60;6,46;40,00;22,02;0;Netherlands;Western Europe;"KeAi Communications Co.";"2021-2026";"Computer Science (miscellaneous) (Q1); Control and Systems Engineering (Q1); Artificial Intelligence (Q2)";"Computer Science; Engineering"
53;21101169875;"Journal of Responsible Technology";journal;"26666596";"Elsevier Ltd";Yes;No;0,956;Q1;15;24;58;1468;389;55;7,10;61,17;45,95;1;United Kingdom;Western Europe;"Elsevier Ltd";"2020-2025";"Computer Science (miscellaneous) (Q1); Human-Computer Interaction (Q2)";"Computer Science"
54;21463;"International Journal of Health Geographics";journal;"1476072X";"BioMed Central Ltd";Yes;No;0,953;Q1;99;27;104;1757;397;101;3,32;65,07;44,87;2;United Kingdom;Western Europe;"BioMed Central Ltd";"2002-2026";"Business, Management and Accounting (miscellaneous) (Q1); Computer Science (miscellaneous) (Q1); Public Health, Environmental and Occupational Health (Q1)";"Business, Management and Accounting; Computer Science; Medicine"
55;21100385802;"Interactive Technology and Smart Education";journal;"17415659, 17588510";"Emerald Publishing";No;No;0,944;Q1;44;34;78;2537;477;73;5,23;74,62;36,90;0;United Kingdom;Western Europe;"Emerald Publishing";"2004-2026";"Computer Science (miscellaneous) (Q1); Education (Q1); E-learning (Q1)";"Computer Science; Social Sciences"
56;21100855505;"Journal of Cybersecurity";journal;"20572093";"Oxford University Press";Yes;No;0,938;Q1;38;28;72;1877;415;72;4,60;67,04;25,53;4;United Kingdom;Western Europe;"Oxford University Press";"2015-2026";"Computer Networks and Communications (Q1); Computer Science Applications (Q1); Computer Science (miscellaneous) (Q1); Hardware and Architecture (Q1); Information Systems (Q1); Law (Q1); Political Science and International Relations (Q1); Safety Research (Q1); Safety, Risk, Reliability and Quality (Q1); Software (Q1); Social Psychology (Q2)";"Computer Science; Engineering; Psychology; Social Sciences"
57;21100242201;"Romanian Journal of Information Science and Technology";journal;"14538245";"Publishing House of the Romanian Academy";Yes;No;0,927;Q1;29;28;81;726;275;79;4,49;25,93;20,93;0;Romania;Eastern Europe;"Publishing House of the Romanian Academy";"2008-2025";"Computer Science (miscellaneous) (Q1)";"Computer Science"
58;19700201422;"Computer Science Education";journal;"17445175, 08993408";"Taylor and Francis Ltd.";No;No;0,909;Q1;52;35;69;2028;273;59;3,67;57,94;52,73;1;United Kingdom;Western Europe;"Taylor and Francis Ltd.";"1988-1995, 1999, 2002, 2004-2026";"Computer Science (miscellaneous) (Q1); Education (Q1)";"Computer Science; Social Sciences"
59;21101111783;"Smart Agricultural Technology";journal;"27723755";"Elsevier B.V.";Yes;No;0,908;Q1;52;311;371;17213;3159;369;8,64;55,35;26,31;10;Netherlands;Western Europe;"Elsevier B.V.";"2021-2026";"Agricultural and Biological Sciences (miscellaneous) (Q1); Computer Science (miscellaneous) (Q1); Artificial Intelligence (Q2)";"Agricultural and Biological Sciences; Computer Science"
60;28352;"Ocean Modelling";journal;"14635003, 14635011";"Elsevier Ltd";No;No;0,906;Q1;112;121;258;6784;789;258;3,04;56,07;24,60;2;United Kingdom;Western Europe;"Elsevier Ltd";"1988, 1994, 1999-2026";"Computer Science (miscellaneous) (Q1); Geotechnical Engineering and Engineering Geology (Q1); Oceanography (Q1); Atmospheric Science (Q2)";"Computer Science; Earth and Planetary Sciences"
61;21101182803;"ACM Transactions on Evolutionary Learning and Optimization";journal;"26883007, 2688299X";"Association for Computing Machinery";No;No;0,899;Q1;16;27;47;1488;224;44;4,83;55,11;24,73;0;United States;Northern America;"Association for Computing Machinery";"2021-2026";"Computational Theory and Mathematics (Q1); Computer Science (miscellaneous) (Q1); Computer Vision and Pattern Recognition (Q1); Software (Q1); Artificial Intelligence (Q2); Computer Science Applications (Q2)";"Computer Science"
62;21101133613;"Technologies";journal;"22277080";"Multidisciplinary Digital Publishing Institute (MDPI)";Yes;No;0,880;Q1;56;269;412;16204;2847;407;5,18;60,24;25,93;3;Switzerland;Western Europe;"Multidisciplinary Digital Publishing Institute (MDPI)";"2013-2026";"Computer Science (miscellaneous) (Q1)";"Computer Science"
63;18160;"Computers and Fluids";journal;"00457930";"Elsevier Ltd";No;No;0,878;Q1;144;251;714;13014;2426;712;3,32;51,85;16,97;0;United Kingdom;Western Europe;"Elsevier Ltd";"1973-2026";"Computer Science (miscellaneous) (Q1); Engineering (miscellaneous) (Q1)";"Computer Science; Engineering"
64;21101048533;"Proceedings of the ACM on Measurement and Analysis of Computing Systems";journal;"24761249";"Association for Computing Machinery";No;No;0,878;Q1;21;47;142;3056;554;136;3,75;65,02;18,18;0;United States;Northern America;"Association for Computing Machinery";"2017-2025";"Computer Networks and Communications (Q1); Computer Science (miscellaneous) (Q1); Hardware and Architecture (Q1); Safety, Risk, Reliability and Quality (Q1)";"Computer Science; Engineering"
65;21101178737;"Journal of Cybersecurity and Privacy";journal;"2624800X";"Multidisciplinary Digital Publishing Institute (MDPI)";Yes;No;0,863;Q1;27;46;123;2708;866;121;7,26;58,87;19,73;0;Switzerland;Western Europe;"Multidisciplinary Digital Publishing Institute (MDPI)";"2021-2025";"Computer Science (miscellaneous) (Q1); Artificial Intelligence (Q2)";"Computer Science"
66;21100200426;"Frontiers of Computer Science";journal;"20952228, 20952236";"Higher Education Press Limited Company";No;No;0,861;Q1;56;143;381;5663;1511;284;4,11;39,60;32,41;2;China;Asiatic Region;"Higher Education Press Limited Company";"2013-2026";"Computer Science (miscellaneous) (Q1); Theoretical Computer Science (Q2)";"Computer Science; Mathematics"
67;19700186817;"Queue";journal;"15427730, 15427749";"Association for Computing Machinery";No;No;0,859;Q1;52;43;123;439;214;116;1,41;10,21;16,92;1;United States;Northern America;"Association for Computing Machinery";"2003-2025";"Computer Science (miscellaneous) (Q1)";"Computer Science"
68;21100374601;"IEEE Access";journal;"21693536";"Institute of Electrical and Electronics Engineers Inc.";Yes;No;0,849;Q1;338;13188;32346;674823;194025;32304;5,59;51,17;25,59;0;United States;Northern America;"Institute of Electrical and Electronics Engineers Inc.";"2013-2026";"Computer Science (miscellaneous) (Q1); Engineering (miscellaneous) (Q1); Materials Science (miscellaneous) (Q2)";"Computer Science; Engineering; Materials Science"
69;21100889858;"Indonesian Journal of Science and Technology";journal;"25278045, 25281410";"Universitas Pendidikan Indonesia";Yes;No;0,846;Q1;39;35;97;2736;618;97;6,08;78,17;39,26;0;Indonesia;Asiatic Region;"Universitas Pendidikan Indonesia";"2016-2026";"Chemical Engineering (miscellaneous) (Q1); Computer Science (miscellaneous) (Q1); Engineering (miscellaneous) (Q1); Geotechnical Engineering and Engineering Geology (Q2); Space and Planetary Science (Q2)";"Chemical Engineering; Computer Science; Earth and Planetary Sciences; Engineering"
70;19400158593;"Journal of Ambient Intelligence and Humanized Computing";journal;"18685145, 18685137";"Springer Verlag";No;No;0,834;Q1;97;290;2003;11967;10748;1980;5,16;41,27;31,74;1;Germany;Western Europe;"Springer Verlag";"2010-2026";"Computer Science (miscellaneous) (Q1)";"Computer Science"
71;18156;"Computer Applications in Engineering Education";journal;"10990542, 10613773";"John Wiley &amp; Sons Inc.";No;No;0,831;Q1;55;122;357;5933;1831;354;3,96;48,63;32,36;2;United States;Northern America;"John Wiley &amp; Sons Inc.";"1992-2026";"Computer Science (miscellaneous) (Q1); Education (Q1); Engineering (miscellaneous) (Q1)";"Computer Science; Engineering; Social Sciences"
72;21101142746;"Autonomous Intelligent Systems";journal;"2730616X";"Springer";Yes;Yes;0,830;Q1;16;26;54;1026;267;52;4,70;39,46;28,26;0;Singapore;Asiatic Region;"Springer";"2021-2026";"Computer Science (miscellaneous) (Q1); Electrical and Electronic Engineering (Q1)";"Computer Science; Engineering"
73;19900193674;"Applied Ontology";journal;"18758533, 15705838";"SAGE Publications Ltd";No;No;0,822;Q1;37;12;48;549;243;47;6,36;45,75;44,12;0;United Kingdom;Western Europe;"SAGE Publications Ltd";"2005-2025";"Computer Science (miscellaneous) (Q1); Linguistics and Language (Q1)";"Computer Science; Social Sciences"
74;4900152803;"Journal of Systems Science and Complexity";journal;"10096124, 15597067";"Springer Science and Business Media, LLC";No;No;0,807;Q1;46;136;392;4869;1127;389;2,97;35,80;34,11;0;United States;Northern America;"Springer Science and Business Media, LLC";"2006-2026";"Computer Science (miscellaneous) (Q1); Information Systems (Q2)";"Computer Science"
75;21101075727;"Applied Computing and Geosciences";journal;"25901974";"";Yes;No;0,800;Q1;22;55;66;3228;243;66;2,90;58,69;26,87;1;United States;Northern America;"";"2019-2026";"Computer Science (miscellaneous) (Q1); Geology (Q1)";"Computer Science; Earth and Planetary Sciences"
76;3200147819;"Pervasive and Mobile Computing";journal;"15741192";"Elsevier B.V.";No;No;0,787;Q1;87;70;215;3902;945;204;4,51;55,74;25,69;1;Netherlands;Western Europe;"Elsevier B.V.";"2005-2026";"Computer Science (miscellaneous) (Q1); Applied Mathematics (Q2); Computer Networks and Communications (Q2); Computer Science Applications (Q2); Hardware and Architecture (Q2); Information Systems (Q2); Software (Q2)";"Computer Science; Mathematics"
77;19700183047;"ACM Transactions on Computing Education";journal;"19466226";"Association for Computing Machinery";No;No;0,784;Q1;57;58;125;4942;632;124;4,81;85,21;50,72;2;United States;Northern America;"Association for Computing Machinery";"2010-2026";"Computer Science (miscellaneous) (Q1); Education (Q1)";"Computer Science; Social Sciences"
78;20541;"Computational Materials Science";journal;"09270256";"Elsevier B.V.";No;No;0,782;Q1;164;668;1964;35991;7308;1959;3,54;53,88;27,59;2;Netherlands;Western Europe;"Elsevier B.V.";"1970, 1992-2026";"Computer Science (miscellaneous) (Q1); Mechanics of Materials (Q1); Physics and Astronomy (miscellaneous) (Q1); Chemistry (miscellaneous) (Q2); Computational Mathematics (Q2); Materials Science (miscellaneous) (Q2)";"Chemistry; Computer Science; Engineering; Materials Science; Mathematics; Physics and Astronomy"
79;19900191719;"Construction Innovation";journal;"14770857, 14714175";"Emerald Group Publishing Ltd.";No;No;0,778;Q1;64;86;183;5813;950;181;5,52;67,59;22,57;0;United Kingdom;Western Europe;"Emerald Group Publishing Ltd.";"2001-2026";"Architecture (Q1); Building and Construction (Q1); Civil and Structural Engineering (Q1); Computer Science (miscellaneous) (Q1); Control and Systems Engineering (Q2)";"Computer Science; Engineering"
80;17400154829;"Memetic Computing";journal;"18659284, 18659292";"Springer Verlag";No;No;0,778;Q1;44;33;81;1478;296;77;3,40;44,79;30,89;0;Germany;Western Europe;"Springer Verlag";"2009-2026";"Computer Science (miscellaneous) (Q1); Control and Optimization (Q1)";"Computer Science; Mathematics"
81;19700186873;"Foundations and Trends in Databases";journal;"19317883, 19317891";"Now Publishers Inc";No;No;0,755;Q1;23;6;9;750;63;9;3,00;125,00;16,67;0;United States;Northern America;"Now Publishers Inc";"2007, 2009-2013, 2015-2018, 2020-2025";"Computer Science (miscellaneous) (Q1)";"Computer Science"
82;21101145560;"Computer Methods and Programs in Biomedicine Update";journal;"26669900";"Elsevier B.V.";Yes;No;0,742;Q1;29;37;113;1456;656;111;5,28;39,35;42,54;3;Netherlands;Western Europe;"Elsevier B.V.";"2021-2026";"Computer Science (miscellaneous) (Q1); Biomedical Engineering (Q2); Computer Science Applications (Q2); Medicine (miscellaneous) (Q2)";"Computer Science; Engineering; Medicine"
83;13185;"Computing in Science and Engineering";journal;"15219615, 1558366X";"IEEE Computer Society";No;No;0,735;Q1;86;31;192;323;508;177;1,89;10,42;21,12;0;United States;Northern America;"IEEE Computer Society";"1999-2026";"Computer Science (miscellaneous) (Q1); Engineering (miscellaneous) (Q1)";"Computer Science; Engineering"
84;28049;"Applied Categorical Structures";journal;"09272852, 15729095";"Springer Netherlands";No;No;0,730;Q1;34;36;135;1072;93;134;0,53;29,78;27,69;0;Netherlands;Western Europe;"Springer Netherlands";"1993-2026";"Algebra and Number Theory (Q1); Computer Science (miscellaneous) (Q1); Theoretical Computer Science (Q2)";"Computer Science; Mathematics"
85;21100897500;"Education Sciences";journal;"22277102";"Multidisciplinary Digital Publishing Institute (MDPI)";Yes;No;0,730;Q1;85;1410;3005;83627;12280;2952;3,76;59,31;57,94;30;Switzerland;Western Europe;"Multidisciplinary Digital Publishing Institute (MDPI)";"2011-2026";"Computer Science (miscellaneous) (Q1); Education (Q1); Computer Science Applications (Q2); Developmental and Educational Psychology (Q2); Physical Therapy, Sports Therapy and Rehabilitation (Q2); Public Administration (Q2)";"Computer Science; Health Professions; Psychology; Social Sciences"
86;21100830173;"PeerJ Computer Science";journal;"23765992";"PeerJ Inc.";Yes;No;0,719;Q1;72;820;1374;38768;7201;1374;3,95;47,28;31,03;0;United States;Northern America;"PeerJ Inc.";"2015-2025";"Computer Science (miscellaneous) (Q1)";"Computer Science"
87;21100832567;"ACM Transactions on Privacy and Security";journal;"24712566, 24712574";"Association for Computing Machinery";No;No;0,716;Q1;36;41;112;2427;505;112;3,72;59,20;27,50;1;United States;Northern America;"Association for Computing Machinery";"2016-2025";"Computer Science (miscellaneous) (Q1); Safety, Risk, Reliability and Quality (Q2)";"Computer Science; Engineering"
88;21100199856;"Journal of Information Technology Education: Research";journal;"15393585, 15479714";"Informing Science Institute";Yes;No;0,712;Q1;42;30;68;2164;254;68;3,46;72,13;46,15;0;United States;Northern America;"Informing Science Institute";"2011-2026";"Computer Science (miscellaneous) (Q1); Education (Q1); E-learning (Q2)";"Computer Science; Social Sciences"
89;21100853526;"ACM Transactions on Economics and Computation";journal;"21678375, 21678383";"Association for Computing Machinery";No;No;0,708;Q2;27;14;52;690;128;48;1,67;49,29;13,64;0;United States;Northern America;"Association for Computing Machinery";"2013-2025";"Computational Mathematics (Q2); Computer Science (miscellaneous) (Q2); Economics and Econometrics (Q2); Marketing (Q2); Statistics and Probability (Q2)";"Business, Management and Accounting; Computer Science; Economics, Econometrics and Finance; Mathematics"
90;12318;"Optical Materials";journal;"09253467";"Elsevier B.V.";No;No;0,699;Q2;136;1692;3640;83268;15435;3635;4,29;49,21;32,95;1;Netherlands;Western Europe;"Elsevier B.V.";"1992-2026";"Spectroscopy (Q1); Atomic and Molecular Physics, and Optics (Q2); Computer Science (miscellaneous) (Q2); Electrical and Electronic Engineering (Q2); Electronic, Optical and Magnetic Materials (Q2); Inorganic Chemistry (Q2); Organic Chemistry (Q2); Physical and Theoretical Chemistry (Q2)";"Chemistry; Computer Science; Engineering; Materials Science; Physics and Astronomy"
91;19700174607;"Journal of Computational Science";journal;"18777503";"Elsevier B.V.";No;No;0,697;Q2;78;209;571;9912;2293;566;4,22;47,43;21,72;1;Netherlands;Western Europe;"Elsevier B.V.";"2010-2026";"Computer Science (miscellaneous) (Q2); Modeling and Simulation (Q2); Theoretical Computer Science (Q2)";"Computer Science; Mathematics"
92;21101061831;"Grey Systems";journal;"20439385, 20439377";"Emerald Group Publishing Ltd.";No;No;0,693;Q2;35;41;128;1766;461;124;3,82;43,07;38,53;0;United Kingdom;Western Europe;"Emerald Group Publishing Ltd.";"2011-2026";"Applied Mathematics (Q2); Computer Science (miscellaneous) (Q2); Control and Systems Engineering (Q2)";"Computer Science; Engineering; Mathematics"
93;21100358314;"Human-centric Computing and Information Sciences";journal;"21921962";"Korea Information Processing Society";Yes;No;0,686;Q2;62;71;139;3154;644;139;4,13;44,42;25,91;0;South Korea;Asiatic Region;"Korea Information Processing Society";"2011-2025";"Computer Science (miscellaneous) (Q2)";"Computer Science"
94;21101141431;"Journal for the Measurement of Physical Behaviour";journal;"25756605, 25756613";"Human Kinetics Publishers Inc.";No;No;0,662;Q2;19;39;103;1452;199;97;1,81;37,23;47,62;0;United States;Northern America;"Human Kinetics Publishers Inc.";"2019-2026";"Engineering (miscellaneous) (Q1); Computer Science (miscellaneous) (Q2); Psychology (miscellaneous) (Q2); Public Health, Environmental and Occupational Health (Q2); Statistics, Probability and Uncertainty (Q2)";"Computer Science; Decision Sciences; Engineering; Medicine; Psychology"
95;21101027631;"Journal of Privacy and Confidentiality";journal;"25758527";"Cornell University";Yes;Yes;0,651;Q2;14;16;35;608;69;34;1,15;38,00;16,00;0;United States;Northern America;"Cornell University";"2019-2025";"Computer Science Applications (Q2); Computer Science (miscellaneous) (Q2); Statistics and Probability (Q2)";"Computer Science; Mathematics"
96;12213;"ACM Transactions on Computer Systems";journal;"07342071, 15577333";"Association for Computing Machinery";No;No;0,633;Q2;79;10;25;735;83;25;2,00;73,50;22,45;0;United States;Northern America;"Association for Computing Machinery";"1983-2025";"Computer Science (miscellaneous) (Q2)";"Computer Science"
97;21101141804;"Internet of Things";journal;"2624831X";"Multidisciplinary Digital Publishing Institute (MDPI)";Yes;No;0,628;Q2;29;43;89;2072;487;87;5,57;48,19;23,26;0;Switzerland;Western Europe;"Multidisciplinary Digital Publishing Institute (MDPI)";"2020-2025";"Engineering (miscellaneous) (Q1); Computer Science (miscellaneous) (Q2); Electrical and Electronic Engineering (Q2)";"Computer Science; Engineering"
98;21101144505;"Data and Policy";journal;"26323249";"Cambridge University Press";Yes;No;0,622;Q2;21;83;113;4854;389;113;3,05;58,48;37,30;14;United Kingdom;Western Europe;"Cambridge University Press";"2020-2026";"Social Sciences (miscellaneous) (Q1); Artificial Intelligence (Q2); Computer Science (miscellaneous) (Q2); Public Administration (Q2)";"Computer Science; Social Sciences"
99;21100217640;"ACM Transactions on Reconfigurable Technology and Systems";journal;"19367406, 19367414";"Association for Computing Machinery";No;No;0,621;Q2;39;73;122;3624;412;113;3,37;49,64;18,51;0;United States;Northern America;"Association for Computing Machinery";"2008-2025";"Computer Science (miscellaneous) (Q2)";"Computer Science"
100;21101043571;"Journal of Information and Telecommunication";journal;"24751847, 24751839";"Taylor and Francis Ltd.";Yes;No;0,612;Q2;24;32;80;1148;359;79;3,55;35,88;21,59;0;United Kingdom;Western Europe;"Taylor and Francis Ltd.";"2017-2026";"Computer Networks and Communications (Q2); Computer Science Applications (Q2); Computer Science (miscellaneous) (Q2); Electrical and Electronic Engineering (Q2)";"Computer Science; Engineering"
101;12981;"Kybernetes";journal;"0368492X";"Emerald Publishing";No;No;0,606;Q2;65;286;569;19887;2286;563;3,96;69,53;35,24;0;United Kingdom;Western Europe;"Emerald Publishing";"1972-2026";"Engineering (miscellaneous) (Q1); Social Sciences (miscellaneous) (Q1); Artificial Intelligence (Q2); Computer Science (miscellaneous) (Q2); Control and Systems Engineering (Q2); Electrical and Electronic Engineering (Q2); Information Systems (Q2); Software (Q2); Theoretical Computer Science (Q2)";"Computer Science; Engineering; Mathematics; Social Sciences"
102;23051;"ACM Transactions on Computational Logic";journal;"15293785, 1557945X";"Association for Computing Machinery";No;No;0,602;Q2;55;26;84;1298;119;84;1,40;49,92;24,24;0;United States;Northern America;"Association for Computing Machinery";"2000-2026";"Computational Mathematics (Q2); Computer Science (miscellaneous) (Q2); Logic (Q2); Theoretical Computer Science (Q2)";"Computer Science; Mathematics"
103;17800156712;"International Journal of Computational Intelligence Systems";journal;"18756891, 18756883";"Springer International Publishing AG";Yes;No;0,593;Q2;64;280;489;11861;1716;486;4,24;42,36;36,11;0;Switzerland;Western Europe;"Springer International Publishing AG";"2008-2026";"Computational Mathematics (Q2); Computer Science (miscellaneous) (Q2)";"Computer Science; Mathematics"
104;21101062832;"Frontiers in Computer Science";journal;"26249898";"Frontiers Media SA";Yes;No;0,588;Q2;37;165;476;8799;1698;430;3,03;53,33;29,45;3;Switzerland;Western Europe;"Frontiers Media SA";"2019-2026";"Computer Science Applications (Q2); Computer Science (miscellaneous) (Q2); Computer Vision and Pattern Recognition (Q2); Human-Computer Interaction (Q3)";"Computer Science"
105;15591;"JASSS";journal;"14607425";"University of Surrey";Yes;No;0,586;Q2;69;39;106;2469;270;105;2,23;63,31;28,75;2;United Kingdom;Western Europe;"University of Surrey";"2000-2026";"Social Sciences (miscellaneous) (Q1); Computer Science (miscellaneous) (Q2)";"Computer Science; Social Sciences"
106;21101187717;"Digital";journal;"26736470";"Multidisciplinary Digital Publishing Institute (MDPI)";Yes;No;0,579;Q2;19;50;65;2807;283;63;4,63;56,14;34,40;2;Switzerland;Western Europe;"Multidisciplinary Digital Publishing Institute (MDPI)";"2021-2025";"Computer Science (miscellaneous) (Q2)";"Computer Science"
107;21101254818;"EAI Endorsed Transactions on AI and Robotics";journal;"27907511";"European Alliance for Innovation";No;No;0,578;Q2;16;24;36;1098;158;36;4,39;45,75;27,45;0;Belgium;Western Europe;"European Alliance for Innovation";"2022-2026";"Artificial Intelligence (Q2); Computer Science Applications (Q2); Computer Science (miscellaneous) (Q2); Engineering (miscellaneous) (Q2)";"Computer Science; Engineering"
108;21100838145;"Machines";journal;"20751702";"Multidisciplinary Digital Publishing Institute (MDPI)";Yes;No;0,570;Q2;55;941;2703;39426;8997;2678;3,33;41,90;22,32;1;Switzerland;Western Europe;"Multidisciplinary Digital Publishing Institute (MDPI)";"2013-2026";"Computer Science (miscellaneous) (Q2); Control and Optimization (Q2); Control and Systems Engineering (Q2); Electrical and Electronic Engineering (Q2); Industrial and Manufacturing Engineering (Q2); Mechanical Engineering (Q2)";"Computer Science; Engineering; Mathematics"
109;21101083109;"SN Computer Science";journal;"2662995X, 26618907";"Springer";No;No;0,565;Q2;65;1161;1840;49267;8163;1837;2,79;42,43;29,63;2;Singapore;Asiatic Region;"Springer";"2020-2026";"Artificial Intelligence (Q2); Computational Theory and Mathematics (Q2); Computer Graphics and Computer-Aided Design (Q2); Computer Networks and Communications (Q2); Computer Science Applications (Q2); Computer Science (miscellaneous) (Q2)";"Computer Science"
110;21100202719;"Journal of Systems and Information Technology";journal;"17588847, 13287265";"Emerald Publishing";No;No;0,558;Q2;42;26;54;2308;182;53;2,68;88,77;34,33;0;United Kingdom;Western Europe;"Emerald Publishing";"1997-2004, 2007-2026";"Computer Science (miscellaneous) (Q2); Information Systems (Q2); Management Information Systems (Q2)";"Business, Management and Accounting; Computer Science"
111;13560;"Ecological Psychology";journal;"15326969, 10407413";"Routledge";No;No;0,555;Q2;57;21;27;1027;52;27;1,33;48,90;45,00;0;United States;Northern America;"Routledge";"1989-2026";"Computer Science (miscellaneous) (Q2); Ecology, Evolution, Behavior and Systematics (Q2); Social Psychology (Q2); Experimental and Cognitive Psychology (Q3)";"Agricultural and Biological Sciences; Computer Science; Psychology"
112;21101052354;"Frontiers in Big Data";journal;"2624909X";"Frontiers Media SA";Yes;No;0,554;Q2;41;103;384;5522;1362;351;2,88;53,61;29,92;4;Switzerland;Western Europe;"Frontiers Media SA";"2018-2026";"Computer Science (miscellaneous) (Q2); Information Systems (Q2); Artificial Intelligence (Q3)";"Computer Science"
113;24304;"Computer Supported Cooperative Work";journal;"09259724, 15737551";"Springer Netherlands";No;No;0,549;Q2;79;37;74;3071;304;69;4,57;83,00;48,72;0;Netherlands;Western Europe;"Springer Netherlands";"1992-2025";"Computer Science (miscellaneous) (Q2)";"Computer Science"
114;147225;"Computers in the Schools";journal;"07380569, 15287033";"Routledge";No;No;0,544;Q2;41;36;57;2083;135;55;2,56;57,86;52,63;2;United States;Northern America;"Routledge";"1984-1997, 1999, 2001-2026";"Computer Science (miscellaneous) (Q2); Education (Q2); Library and Information Sciences (Q2)";"Computer Science; Social Sciences"
115;21100906916;"Software-Intensive Cyber-Physical Systems";journal;"25248510, 25248529";"Springer Berlin";No;No;0,544;Q2;12;0;3;0;24;3;0,00;0,00;0,00;0;Germany;Western Europe;"Springer Berlin";"2019-2021";"Computational Theory and Mathematics (Q2); Computer Networks and Communications (Q2); Computer Science (miscellaneous) (Q2); Hardware and Architecture (Q2); Information Systems (Q2); Software (Q2)";"Computer Science"
116;21100814051;"Information Discovery and Delivery";journal;"23986247";"Emerald Group Publishing Ltd.";No;No;0,540;Q2;30;34;95;2125;529;94;6,28;62,50;35,44;0;United Kingdom;Western Europe;"Emerald Group Publishing Ltd.";"2017-2026";"Computer Science (miscellaneous) (Q2); Library and Information Sciences (Q2)";"Computer Science; Social Sciences"
117;21100917113;"Internet Histories";journal;"24701483, 24701475";"Taylor and Francis Ltd.";No;No;0,531;Q2;17;19;65;845;91;64;1,69;44,47;62,50;1;United Kingdom;Western Europe;"Taylor and Francis Ltd.";"2017-2025";"History (Q1); Computer Science (miscellaneous) (Q2)";"Arts and Humanities; Computer Science"
118;21101046167;"Journal of Cultural Analytics";journal;"23714549";"Department of Languages, Literatures, and Cultures, McGill University";Yes;Yes;0,528;Q2;13;27;69;1008;114;68;1,30;37,33;56,86;1;Canada;Northern America;"Department of Languages, Literatures, and Cultures, McGill University";"2019-2025";"Arts and Humanities (miscellaneous) (Q1); History (Q1); Literature and Literary Theory (Q1); Computer Science (miscellaneous) (Q2)";"Arts and Humanities; Computer Science"
119;27930;"Wuhan Daxue Xuebao (Xinxi Kexue Ban)/Geomatics and Information Science of Wuhan University";journal;"16718860";"Editorial Department of Geomatics and Information Science of Wuhan University";No;No;0,519;Q2;48;223;673;7312;1284;665;1,98;32,79;32,08;0;China;Asiatic Region;"Editorial Department of Geomatics and Information Science of Wuhan University";"1998, 2001-2026";"Computer Science (miscellaneous) (Q2); Earth-Surface Processes (Q2)";"Computer Science; Earth and Planetary Sciences"
120;17953;"Biological Cybernetics";journal;"14320770, 03401200";"Springer Science and Business Media Deutschland GmbH";No;No;0,518;Q2;108;17;120;975;211;101;1,56;57,35;26,42;0;Germany;Western Europe;"Springer Science and Business Media Deutschland GmbH";"1961-2026";"Computer Science (miscellaneous) (Q2); Biotechnology (Q3)";"Biochemistry, Genetics and Molecular Biology; Computer Science"
121;21101257849;"Memories - Materials, Devices, Circuits and Systems";journal;"27730646";"Elsevier Ltd";Yes;No;0,513;Q2;15;24;85;992;308;82;3,62;41,33;22,39;0;United Kingdom;Western Europe;"Elsevier Ltd";"2022-2026";"Computational Mechanics (Q2); Computer Science (miscellaneous) (Q2); Electrical and Electronic Engineering (Q2); Engineering (miscellaneous) (Q2); Materials Science (miscellaneous) (Q2)";"Computer Science; Engineering; Materials Science"
122;21100301602;"Journal of Robotics";journal;"16879600, 16879619";"John Wiley and Sons Ltd";Yes;No;0,508;Q2;31;17;125;642;366;125;2,93;37,76;20,69;0;United Kingdom;Western Europe;"John Wiley and Sons Ltd";"2012-2026";"Computer Science (miscellaneous) (Q2); Control and Systems Engineering (Q2)";"Computer Science; Engineering"
123;21100784666;"ACM Transactions on Asian and Low-Resource Language Information Processing";journal;"23754699, 23754702";"Association for Computing Machinery";No;No;0,503;Q2;38;172;477;7789;1580;472;3,18;45,28;34,03;1;United States;Northern America;"Association for Computing Machinery";"2015-2026";"Computer Science (miscellaneous) (Q2)";"Computer Science"
124;21101096684;"HighTech and Innovation Journal";journal;"27239535";"Ital Publication";Yes;No;0,501;Q2;24;75;136;3444;603;136;5,36;45,92;39,52;0;Italy;Western Europe;"Ital Publication";"2020-2025";"Computer Science (miscellaneous) (Q2); Engineering (miscellaneous) (Q2)";"Computer Science; Engineering"
125;21100830702;"Mathematics";journal;"22277390";"Multidisciplinary Digital Publishing Institute (MDPI)";Yes;No;0,498;Q2;99;4035;13117;160232;35297;13033;2,78;39,71;29,74;8;Switzerland;Western Europe;"Multidisciplinary Digital Publishing Institute (MDPI)";"2013-2026";"Computer Science (miscellaneous) (Q2); Engineering (miscellaneous) (Q2); Mathematics (miscellaneous) (Q2)";"Computer Science; Engineering; Mathematics"
126;21101086775;"Data and Information Management";journal;"25439251";"Elsevier Ltd";Yes;No;0,497;Q2;20;25;79;1657;215;73;3,12;66,28;38,98;3;United Kingdom;Western Europe;"Elsevier Ltd";"2017-2026";"Computer Science (miscellaneous) (Q2); Library and Information Sciences (Q2)";"Computer Science; Social Sciences"
127;20571;"Theoretical Computer Science";journal;"03043975";"Elsevier B.V.";No;No;0,494;Q2;139;366;1305;11255;1735;1279;1,32;30,75;26,20;0;Netherlands;Western Europe;"Elsevier B.V.";"1975-2026";"Computer Science (miscellaneous) (Q2); Theoretical Computer Science (Q3)";"Computer Science; Mathematics"
128;21101185307;"BioMedInformatics";journal;"26737426";"Multidisciplinary Digital Publishing Institute (MDPI)";Yes;No;0,489;Q2;22;127;133;7993;488;130;3,85;62,94;33,65;0;Switzerland;Western Europe;"Multidisciplinary Digital Publishing Institute (MDPI)";"2021-2025";"Computer Science (miscellaneous) (Q2); Health Professions (miscellaneous) (Q2); Health Informatics (Q3); Medicine (miscellaneous) (Q3)";"Computer Science; Health Professions; Medicine"
129;21101272201;"FinTech";journal;"26741032";"Multidisciplinary Digital Publishing Institute (MDPI)";Yes;No;0,487;Q2;17;30;60;1541;349;58;5,82;51,37;35,62;0;Switzerland;Western Europe;"Multidisciplinary Digital Publishing Institute (MDPI)";"2022-2025";"Computer Science (miscellaneous) (Q2); Economics, Econometrics and Finance (miscellaneous) (Q2)";"Computer Science; Economics, Econometrics and Finance"
130;23792;"Computer Journal";journal;"14602067, 00104620";"Oxford University Press";No;No;0,482;Q2;77;252;573;9384;1535;570;2,58;37,24;32,71;0;United Kingdom;Western Europe;"Oxford University Press";"1967-2026";"Computer Science (miscellaneous) (Q2)";"Computer Science"
131;4700152646;"International Journal of Information Technology and Decision Making";journal;"17936845, 02196220";"World Scientific Publishing Co. Pte Ltd";Yes;No;0,478;Q2;60;76;204;4499;543;187;2,32;59,20;29,17;0;Singapore;Asiatic Region;"World Scientific Publishing Co. Pte Ltd";"2002-2003, 2005-2026";"Computer Science (miscellaneous) (Q2)";"Computer Science"
132;21100466404;"Cogent Engineering";journal;"23311916";"Cogent OA";Yes;No;0,476;Q2;58;353;702;16721;2336;701;3,48;47,37;24,11;3;United Kingdom;Western Europe;"Cogent OA";"2014-2026";"Chemical Engineering (miscellaneous) (Q2); Computer Science (miscellaneous) (Q2); Engineering (miscellaneous) (Q2)";"Chemical Engineering; Computer Science; Engineering"
133;21101188705;"Frontiers in Blockchain";journal;"26247852";"Frontiers Media SA";Yes;No;0,468;Q2;34;31;113;1256;392;105;3,33;40,52;14,67;0;Switzerland;Western Europe;"Frontiers Media SA";"2019-2026";"Computer Networks and Communications (Q2); Computer Science (miscellaneous) (Q2); Economics, Econometrics and Finance (miscellaneous) (Q2); Computer Science Applications (Q3)";"Computer Science; Economics, Econometrics and Finance"
134;21100201542;"Symmetry";journal;"20738994";"Multidisciplinary Digital Publishing Institute (MDPI)";Yes;No;0,467;Q2;116;1699;7319;74166;19149;7198;2,64;43,65;31,65;2;Switzerland;Western Europe;"Multidisciplinary Digital Publishing Institute (MDPI)";"2009-2026";"Chemistry (miscellaneous) (Q2); Computer Science (miscellaneous) (Q2); Mathematics (miscellaneous) (Q2); Physics and Astronomy (miscellaneous) (Q2)";"Chemistry; Computer Science; Mathematics; Physics and Astronomy"
135;21100792082;"Vestnik Udmurtskogo Universiteta: Matematika, Mekhanika, Komp'yuternye Nauki";journal;"20765959, 19949197";"Udmurt State University";Yes;No;0,467;Q2;13;35;106;886;84;105;0,84;25,31;22,81;0;Russian Federation;Eastern Europe;"Udmurt State University";"2016-2025";"Computer Science (miscellaneous) (Q2); Fluid Flow and Transfer Processes (Q2); Mathematics (miscellaneous) (Q2)";"Chemical Engineering; Computer Science; Mathematics"
136;19700187808;"Journal of Medical Ethics and History of Medicine";journal;"20080387";"Tehran University of Medical Sciences";Yes;No;0,465;Q2;28;19;66;773;79;54;0,77;40,68;57,41;1;Iran;Middle East;"Tehran University of Medical Sciences";"2008-2025";"History (Q1); Law (Q1); Computer Science (miscellaneous) (Q2)";"Arts and Humanities; Computer Science; Social Sciences"
137;145592;"Computational and Mathematical Organization Theory";journal;"15729346, 1381298X";"Springer";No;No;0,462;Q2;39;15;56;705;148;55;3,08;47,00;43,18;1;United States;Northern America;"Springer";"1995, 2000-2001, 2004-2026";"Applied Mathematics (Q2); Computational Mathematics (Q2); Computer Science (miscellaneous) (Q2); Decision Sciences (miscellaneous) (Q2); Modeling and Simulation (Q2)";"Computer Science; Decision Sciences; Mathematics"
138;21100405702;"Journal of Computer Virology and Hacking Techniques";journal;"22638733";"Springer Science + Business Media";Yes;No;0,461;Q2;51;63;99;2587;333;95;3,31;41,06;25,17;2;United States;Northern America;"Springer Science + Business Media";"2014-2026";"Computational Theory and Mathematics (Q2); Computer Science (miscellaneous) (Q2); Hardware and Architecture (Q3); Software (Q3)";"Computer Science"
139;21101101247;"Engineering Reports";journal;"25778196";"John Wiley and Sons Inc";Yes;No;0,459;Q2;39;269;368;12772;1106;363;2,83;47,48;24,33;2;United States;Northern America;"John Wiley and Sons Inc";"2019-2026";"Computer Science (miscellaneous) (Q2); Engineering (miscellaneous) (Q2)";"Computer Science; Engineering"
140;19700175752;"Logical Methods in Computer Science";journal;"18605974";"Logical Methods in Computer Science";Yes;Yes;0,446;Q2;45;96;312;3945;294;310;0,92;41,09;16,41;0;Germany;Western Europe;"Logical Methods in Computer Science";"2005-2026";"Computer Science (miscellaneous) (Q2); Logic (Q2); Computational Theory and Mathematics (Q3); Theoretical Computer Science (Q3)";"Computer Science; Mathematics"
141;21100857172;"Computation";journal;"20793197";"Multidisciplinary Digital Publishing Institute (MDPI)";Yes;No;0,437;Q2;39;250;615;12104;1628;611;2,78;48,42;24,30;0;Switzerland;Western Europe;"Multidisciplinary Digital Publishing Institute (MDPI)";"2013-2026";"Applied Mathematics (Q2); Computer Science (miscellaneous) (Q2); Modeling and Simulation (Q2); Theoretical Computer Science (Q3)";"Computer Science; Mathematics"
142;19700177026;"IEEE Embedded Systems Letters";journal;"19430663, 19430671";"Institute of Electrical and Electronics Engineers Inc.";No;No;0,434;Q2;37;134;168;1908;411;166;2,58;14,24;18,67;0;United States;Northern America;"Institute of Electrical and Electronics Engineers Inc.";"2009-2026";"Computer Science (miscellaneous) (Q2); Control and Systems Engineering (Q2)";"Computer Science; Engineering"
143;28347;"Journal of Graph Algorithms and Applications";journal;"15261719";"Brown University";Yes;Yes;0,434;Q2;41;33;101;850;69;95;0,70;25,76;21,35;0;United States;Northern America;"Brown University";"1997-2026";"Computer Science (miscellaneous) (Q2); Computational Theory and Mathematics (Q3); Computer Science Applications (Q3); Geometry and Topology (Q3); Theoretical Computer Science (Q3)";"Computer Science; Mathematics"
144;25823;"Complexity";journal;"10762787, 10990526";"John Wiley and Sons Inc";Yes;No;0,433;Q2;93;106;2174;4462;5681;2169;2,20;42,09;24,52;1;United States;Northern America;"John Wiley and Sons Inc";"1995-2026";"Multidisciplinary (Q1); Computer Science (miscellaneous) (Q2)";"Computer Science; Multidisciplinary"
145;78470;"Discrete Mathematics and Theoretical Computer Science";journal;"14627264, 13658050";"Maison de l'informatique et des mathematiques discretes";Yes;Yes;0,429;Q2;27;47;148;1070;90;148;0,60;22,77;27,72;0;France;Western Europe;"Maison de l'informatique et des mathematiques discretes";"1998-2000, 2004-2026";"Computer Science (miscellaneous) (Q2); Discrete Mathematics and Combinatorics (Q3); Theoretical Computer Science (Q3)";"Computer Science; Mathematics"
146;24783;"ETRI Journal";journal;"12256463, 22337326";"John Wiley &amp; Sons Inc.";Yes;Yes;0,426;Q2;54;90;262;2875;620;257;2,63;31,94;25,55;1;United States;Northern America;"John Wiley &amp; Sons Inc.";"1994-2026";"Computer Science (miscellaneous) (Q2); Electrical and Electronic Engineering (Q2); Electronic, Optical and Magnetic Materials (Q3)";"Computer Science; Engineering; Materials Science"
147;26168;"Computers and Composition";journal;"87554615";"Elsevier Ltd";No;No;0,420;Q2;49;40;86;1880;152;76;1,51;47,00;54,05;2;United Kingdom;Western Europe;"Elsevier Ltd";"1983-2026";"Linguistics and Language (Q1); Computer Science (miscellaneous) (Q2); Education (Q2)";"Computer Science; Social Sciences"
148;21101194104;"Automation";journal;"26734052";"Multidisciplinary Digital Publishing Institute (MDPI)";Yes;No;0,417;Q2;17;36;70;1433;207;70;3,06;39,81;27,61;0;Switzerland;Western Europe;"Multidisciplinary Digital Publishing Institute (MDPI)";"2020-2025";"Computer Science (miscellaneous) (Q2); Engineering (miscellaneous) (Q2); Control and Systems Engineering (Q3)";"Computer Science; Engineering"
149;4800153205;"ACM Transactions on Autonomous and Adaptive Systems";journal;"15564665, 15564703";"Association for Computing Machinery";No;No;0,416;Q2;48;25;46;2165;156;44;3,17;86,60;22,08;1;United States;Northern America;"Association for Computing Machinery";"2006-2025";"Computer Science (miscellaneous) (Q2); Control and Systems Engineering (Q3); Software (Q3)";"Computer Science; Engineering"
150;12100154833;"ACM Transactions on Applied Perception";journal;"15443965, 15443558";"Association for Computing Machinery";No;No;0,410;Q2;62;21;61;1292;163;58;2,44;61,52;26,25;0;United States;Northern America;"Association for Computing Machinery";"2004-2026";"Computer Science (miscellaneous) (Q2); Experimental and Cognitive Psychology (Q3); Theoretical Computer Science (Q3)";"Computer Science; Mathematics; Psychology"
151;21100197510;"Journal of Electrical and Computer Engineering";journal;"20900147, 20900155";"John Wiley and Sons Ltd";Yes;No;0,408;Q2;43;83;233;3376;657;233;2,66;40,67;29,52;0;United Kingdom;Western Europe;"John Wiley and Sons Ltd";"2010-2026";"Computer Science (miscellaneous) (Q2); Electrical and Electronic Engineering (Q2); Signal Processing (Q3)";"Computer Science; Engineering"
152;4900152403;"International Journal of Computational Methods";journal;"02198762, 17936969";"World Scientific";No;No;0,407;Q2;49;72;287;2860;440;283;1,65;39,72;27,84;0;Singapore;Asiatic Region;"World Scientific";"2006-2026";"Computer Science (miscellaneous) (Q2); Computational Mathematics (Q3)";"Computer Science; Mathematics"
153;21101068186;"International Journal of Crowd Science";journal;"23987294";"Tsinghua University Press";Yes;Yes;0,407;Q2;20;25;71;921;174;69;2,08;36,84;32,43;0;United Kingdom;Western Europe;"Tsinghua University Press";"2017-2025";"Business, Management and Accounting (miscellaneous) (Q2); Computer Science (miscellaneous) (Q2); Decision Sciences (miscellaneous) (Q2)";"Business, Management and Accounting; Computer Science; Decision Sciences"
154;19300157037;"Computer Science and Information Systems";journal;"24061018, 18200214";"ComSIS Consortium";Yes;Yes;0,401;Q2;35;97;224;3800;480;204;2,18;39,18;28,31;0;Serbia;Eastern Europe;"ComSIS Consortium";"2008-2025";"Computer Science (miscellaneous) (Q2)";"Computer Science"
155;21101228214;"EJNMMI Reports";journal;"3005074X";"Springer Nature";Yes;No;0,395;Q2;21;42;91;1217;155;91;1,29;28,98;33,21;0;Switzerland;Western Europe;"Springer Nature";"2024-2026";"Computer Science (miscellaneous) (Q2); Biophysics (Q3); Radiology, Nuclear Medicine and Imaging (Q3); Molecular Medicine (Q4)";"Biochemistry, Genetics and Molecular Biology; Computer Science; Medicine"
156;21100935071;"Journal of Internet Services and Information Security";journal;"21822077, 21822069";"Innovative Information Science and Technology Research Group";Yes;No;0,395;Q2;24;98;108;3524;710;106;6,57;35,96;37,10;0;South Korea;Asiatic Region;"Innovative Information Science and Technology Research Group";"2019-2026";"Computer Science (miscellaneous) (Q2); Electrical and Electronic Engineering (Q2); Computer Networks and Communications (Q3); Computer Science Applications (Q3); Information Systems (Q3); Software (Q3)";"Computer Science; Engineering"
157;19700201403;"Global Journal of Engineering Education";journal;"13283154";"World Institute for Engineering and Technology Education";No;No;0,385;Q2;20;33;98;512;131;92;1,49;15,52;49,21;0;Australia;Pacific Region;"World Institute for Engineering and Technology Education";"2010-2025";"Computer Science (miscellaneous) (Q2); Education (Q2)";"Computer Science; Social Sciences"
158;27018;"Journal of Energy in Southern Africa";journal;"24133051, 1021447X";"University of Cape Town";Yes;Yes;0,385;Q2;29;3;46;188;73;46;1,57;62,67;33,33;0;South Africa;Africa;"University of Cape Town";"1993-2007, 2009-2025";"Computer Science (miscellaneous) (Q2); Energy (miscellaneous) (Q3)";"Computer Science; Energy"
159;19700182406;"International Journal of Intelligent Computing and Cybernetics";journal;"1756378X, 17563798";"Emerald Group Publishing Ltd.";No;No;0,382;Q2;29;36;102;1610;310;102;3,11;44,72;35,34;0;United Kingdom;Western Europe;"Emerald Group Publishing Ltd.";"2008-2026";"Computer Science (miscellaneous) (Q2)";"Computer Science"
160;21100871307;"Open Computer Science";journal;"22991093";"Walter de Gruyter GmbH";Yes;No;0,371;Q2;28;26;104;782;271;103;2,64;30,08;36,96;0;Germany;Western Europe;"Walter de Gruyter GmbH";"2011-2025";"Computer Science (miscellaneous) (Q2)";"Computer Science"
161;19700174656;"Automatika";journal;"00051144";"Taylor and Francis Ltd.";Yes;No;0,369;Q2;36;124;220;3917;616;220;2,97;31,59;36,06;0;United Kingdom;Western Europe;"Taylor and Francis Ltd.";"2009-2026";"Computer Science (miscellaneous) (Q2); Control and Systems Engineering (Q3)";"Computer Science; Engineering"
162;145262;"Journal of the Brazilian Computer Society";journal;"01046500, 16784804";"Brazilian Computing Society";Yes;Yes;0,367;Q2;27;43;34;2361;87;34;1,47;54,91;25,66;0;Brazil;Latin America;"Brazilian Computing Society";"2000-2025";"Computer Science (miscellaneous) (Q2)";"Computer Science"
163;19700181218;"IEEE Latin America Transactions";journal;"15480992";"IEEE Computer Society";No;No;0,366;Q2;42;123;574;3811;1105;569;2,03;30,98;18,34;0;United States;Northern America;"IEEE Computer Society";"2003-2026";"Computer Science (miscellaneous) (Q2); Electrical and Electronic Engineering (Q3)";"Computer Science; Engineering"
164;5300152203;"RIAI - Revista Iberoamericana de Automatica e Informatica Industrial";journal;"16977920, 16977912";"Universidad Politecnica de Valencia";Yes;Yes;0,366;Q2;23;35;147;1130;149;123;0,90;32,29;18,64;0;Spain;Western Europe;"Universidad Politecnica de Valencia";"2007-2026";"Computer Science (miscellaneous) (Q2); Control and Systems Engineering (Q3)";"Computer Science; Engineering"
165;21100934924;"ACM Transactions on Modeling and Performance Evaluation of Computing Systems";journal;"23763647, 23763639";"Association for Computing Machinery";No;No;0,365;Q2;17;12;42;472;73;41;1,73;39,33;32,56;0;United States;Northern America;"Association for Computing Machinery";"2016-2025";"Computer Science (miscellaneous) (Q2); Media Technology (Q2); Computer Networks and Communications (Q3); Hardware and Architecture (Q3); Information Systems (Q3); Safety, Risk, Reliability and Quality (Q3); Software (Q3)";"Computer Science; Engineering"
166;21101083189;"CCF Transactions on High Performance Computing";journal;"25244930, 25244922";"Springer International Publishing";No;No;0,364;Q2;14;45;98;1531;253;90;2,98;34,02;27,19;0;Switzerland;Western Europe;"Springer International Publishing";"2019-2026";"Computer Science (miscellaneous) (Q2); Computer Science Applications (Q3); Hardware and Architecture (Q3); Information Systems (Q3)";"Computer Science"
167;21101256227;"Iran Journal of Computer Science";journal;"25208438, 25208446";"Springer International Publishing";No;No;0,362;Q2;22;46;84;2643;258;83;2,98;57,46;19,79;0;Switzerland;Western Europe;"Springer International Publishing";"2018-2026";"Computer Science (miscellaneous) (Q2); Computer Science Applications (Q3)";"Computer Science"
168;22933;"Turkish Journal of Electrical Engineering and Computer Sciences";journal;"13000632, 13036203";"TUBITAK";Yes;No;0,360;Q2;48;51;443;2070;849;443;2,02;40,59;20,74;0;Turkey;Middle East;"TUBITAK";"1996-2026";"Computer Science (miscellaneous) (Q2); Electrical and Electronic Engineering (Q3)";"Computer Science; Engineering"
169;21100199814;"Cybernetics and Information Technologies";journal;"13119702, 13144081";"Institute of Information and Communication Technologies, Bulgarian Academy of Sciences";Yes;Yes;0,358;Q2;27;32;135;1289;275;135;1,85;40,28;30,00;0;Bulgaria;Eastern Europe;"Institute of Information and Communication Technologies, Bulgarian Academy of Sciences";"2011-2025";"Computer Science (miscellaneous) (Q2)";"Computer Science"
170;4700152809;"Data Science Journal";journal;"16831470";"Ubiquity Press";Yes;No;0,355;Q2;34;51;100;1979;191;99;1,38;38,80;43,07;2;France;Western Europe;"Ubiquity Press";"2003, 2006-2026";"Computer Science (miscellaneous) (Q2); Computer Science Applications (Q3)";"Computer Science"
171;21100869224;"International Journal of Mathematical, Engineering and Management Sciences";journal;"24557749";"";Yes;No;0,351;Q2;28;80;233;3457;561;233;2,82;43,21;33,64;0;India;Asiatic Region;"";"2016-2026";"Computer Science (miscellaneous) (Q2); Engineering (miscellaneous) (Q2); Business, Management and Accounting (miscellaneous) (Q3); Mathematics (miscellaneous) (Q3)";"Business, Management and Accounting; Computer Science; Engineering; Mathematics"
172;21100939572;"Applied Science and Engineering Progress";journal;"26730421, 26729156";"Academic Enhancement Department, King Mongkut's University of Technology North Bangkok";No;No;0,341;Q2;27;83;219;4168;587;210;2,53;50,22;34,60;0;Thailand;Asiatic Region;"Academic Enhancement Department, King Mongkut's University of Technology North Bangkok";"2019-2026";"Computer Science (miscellaneous) (Q2); Engineering (miscellaneous) (Q2); Chemical Engineering (miscellaneous) (Q3)";"Chemical Engineering; Computer Science; Engineering"
173;21100840337;"Baghdad Science Journal";journal;"24117986, 20788665";"University of Baghdad";Yes;No;0,341;Q3;25;360;611;10903;1481;611;2,50;30,29;46,19;0;Iraq;Middle East;"University of Baghdad";"2017-2026";"Agricultural and Biological Sciences (miscellaneous) (Q2); Physics and Astronomy (miscellaneous) (Q2); Biochemistry, Genetics and Molecular Biology (miscellaneous) (Q3); Chemistry (miscellaneous) (Q3); Computer Science (miscellaneous) (Q3); Mathematics (miscellaneous) (Q3)";"Agricultural and Biological Sciences; Biochemistry, Genetics and Molecular Biology; Chemistry; Computer Science; Mathematics; Physics and Astronomy"
174;23031;"Iraqi Journal of Science";journal;"00672904, 23121637";"University of Baghdad-College of Science";Yes;No;0,341;Q3;27;573;1536;17248;2553;1536;1,70;30,10;45,66;0;Iraq;Middle East;"University of Baghdad-College of Science";"1979-1986, 2018-2026";"Biochemistry, Genetics and Molecular Biology (miscellaneous) (Q3); Biotechnology (Q3); Chemistry (miscellaneous) (Q3); Computer Science (miscellaneous) (Q3); Geology (Q3)";"Biochemistry, Genetics and Molecular Biology; Chemistry; Computer Science; Earth and Planetary Sciences"
175;21100255064;"Mendel";journal;"25713701, 18033814";"Brno University of Technology";Yes;No;0,335;Q3;16;7;72;192;95;72;1,35;27,43;36,00;0;Czech Republic;Eastern Europe;"Brno University of Technology";"2005-2007, 2009-2024";"Artificial Intelligence (Q3); Computational Mathematics (Q3); Computer Science (miscellaneous) (Q3); Control and Systems Engineering (Q3); Decision Sciences (miscellaneous) (Q3); Theoretical Computer Science (Q4)";"Computer Science; Decision Sciences; Engineering; Mathematics"
176;21100203119;"International Journal of Bio-Inspired Computation";journal;"17580374, 17580366";"Inderscience";No;No;0,330;Q3;46;49;132;1953;282;132;2,48;39,86;38,46;0;Switzerland;Western Europe;"Inderscience";"2009-2026";"Computer Science (miscellaneous) (Q3); Theoretical Computer Science (Q4)";"Computer Science; Mathematics"
177;21100373959;"International Journal of Electrical and Computer Engineering (discontinued)";journal;"20888708, 27222578";"Institute of Advanced Engineering and Science";No;No;0,330;Q3;54;666;1914;22396;4845;1914;2,52;33,63;35,53;1;Indonesia;Asiatic Region;"Institute of Advanced Engineering and Science";"2014-2025";"Computer Science (miscellaneous) (Q3); Electrical and Electronic Engineering (Q3)";"Computer Science; Engineering"
178;21100394266;"International Journal of Agile Systems and Management";journal;"17419174, 17419182";"Inderscience";No;No;0,329;Q3;31;23;64;1831;121;64;1,72;79,61;27,54;0;Switzerland;Western Europe;"Inderscience";"2006-2009, 2011-2026";"Engineering (miscellaneous) (Q2); Multidisciplinary (Q2); Computer Science (miscellaneous) (Q3); Decision Sciences (miscellaneous) (Q3); Industrial and Manufacturing Engineering (Q3); Management Information Systems (Q3); Strategy and Management (Q3)";"Business, Management and Accounting; Computer Science; Decision Sciences; Engineering; Multidisciplinary"
179;19500157821;"International Arab Journal of Information Technology";journal;"16833198, 23094524";"Zarqa University";Yes;No;0,327;Q3;41;90;299;3412;748;296;2,57;37,91;35,59;0;Jordan;Middle East;"Zarqa University";"2008-2026";"Computer Science (miscellaneous) (Q3)";"Computer Science"
180;21100242605;"International Journal of Pervasive Computing and Communications";journal;"1742738X, 17427371";"Emerald Group Publishing Ltd.";No;No;0,323;Q3;27;26;107;1064;217;101;2,01;40,92;38,57;0;United Kingdom;Western Europe;"Emerald Group Publishing Ltd.";"2005, 2007-2026";"Computer Science (miscellaneous) (Q3); Theoretical Computer Science (Q4)";"Computer Science; Mathematics"
181;7600153103;"Malaysian Journal of Computer Science";journal;"01279084";"Faculty of Computer Science and Information Technology";No;No;0,318;Q3;24;14;105;749;299;105;3,91;53,50;37,50;0;Malaysia;Asiatic Region;"Faculty of Computer Science and Information Technology";"1996-2024";"Computer Science (miscellaneous) (Q3)";"Computer Science"
182;21101176675;"Modelling";journal;"26733951";"Multidisciplinary Digital Publishing Institute (MDPI)";Yes;No;0,316;Q3;16;106;108;4616;214;108;2,06;43,55;21,14;1;Switzerland;Western Europe;"Multidisciplinary Digital Publishing Institute (MDPI)";"2020-2025";"Engineering (miscellaneous) (Q2); Computer Science (miscellaneous) (Q3); Mathematics (miscellaneous) (Q3); Modeling and Simulation (Q3)";"Computer Science; Engineering; Mathematics"
183;21100940509;"Geomatics and Environmental Engineering";journal;"23007095, 18981135";"AGH University of Science and Technology Press";Yes;Yes;0,314;Q3;13;32;96;1309;179;96;2,03;40,91;43,96;0;Poland;Eastern Europe;"AGH University of Science and Technology Press";"2019-2026";"Computer Science (miscellaneous) (Q3); Computers in Earth Sciences (Q3); Earth-Surface Processes (Q3); Environmental Engineering (Q3); Geography, Planning and Development (Q3)";"Computer Science; Earth and Planetary Sciences; Environmental Science; Social Sciences"
184;4500151509;"International Journal of Applied Mathematics and Computer Science";journal;"1641876X, 20838492";"";Yes;No;0,314;Q3;56;45;146;1933;240;146;1,64;42,96;25,32;0;Germany;Western Europe;"";"2001-2002, 2006-2025";"Engineering (miscellaneous) (Q2); Applied Mathematics (Q3); Computer Science (miscellaneous) (Q3)";"Computer Science; Engineering; Mathematics"
185;21100201516;"International Journal of Mobile and Blended Learning";journal;"19418655, 19418647";"IGI Global Publishing";No;No;0,314;Q3;25;5;64;246;102;64;1,50;49,20;80,00;0;United States;Northern America;"IGI Global Publishing";"2009-2025";"Computer Science (miscellaneous) (Q3); Education (Q3); E-learning (Q3)";"Computer Science; Social Sciences"
186;21100904323;"EAI Endorsed Transactions on Pervasive Health and Technology";journal;"24117145";"European Alliance for Innovation";Yes;Yes;0,311;Q3;22;126;140;3486;468;140;2,32;27,67;39,92;0;Belgium;Western Europe;"European Alliance for Innovation";"2018-2025";"Computer Science (miscellaneous) (Q3); Health Informatics (Q3)";"Computer Science; Medicine"
187;21100896466;"International Journal of Service Science, Management, Engineering, and Technology";journal;"19479603, 1947959X";"IGI Global Publishing";No;No;0,310;Q3;22;12;117;1002;346;117;3,19;83,50;27,50;0;United States;Northern America;"IGI Global Publishing";"2012, 2014-2015, 2017-2026";"Multidisciplinary (Q2); Business, Management and Accounting (miscellaneous) (Q3); Computer Science (miscellaneous) (Q3); Engineering (miscellaneous) (Q3)";"Business, Management and Accounting; Computer Science; Engineering; Multidisciplinary"
188;21101152758;"Journal of Information Systems Engineering and Business Intelligence";journal;"25986333, 24432555";"Airlangga University";Yes;Yes;0,310;Q3;10;30;23;1684;79;23;3,43;56,13;41,33;0;Indonesia;Asiatic Region;"Airlangga University";"2023-2025";"Computer Science (miscellaneous) (Q3); Information Systems (Q3); Information Systems and Management (Q3); Management Information Systems (Q3)";"Business, Management and Accounting; Computer Science; Decision Sciences"
189;21100831436;"Journal of The Institution of Engineers (India): Series B";journal;"22502114, 22502106";"Springer";No;No;0,309;Q3;33;136;410;5165;913;408;2,01;37,98;31,15;0;India;Asiatic Region;"Springer";"2012-2026";"Computer Science (miscellaneous) (Q3); Electrical and Electronic Engineering (Q3)";"Computer Science; Engineering"
190;21100786316;"Bio-Algorithms and Med-Systems";journal;"1896530X, 18959091";"Index Copernicus International";No;No;0,307;Q3;18;26;68;943;168;66;2,45;36,27;35,77;0;Poland;Eastern Europe;"Index Copernicus International";"2012-2025";"Biochemistry, Genetics and Molecular Biology (miscellaneous) (Q3); Computer Science (miscellaneous) (Q3); Health Informatics (Q3); Medicine (miscellaneous) (Q3)";"Biochemistry, Genetics and Molecular Biology; Computer Science; Medicine"
191;21100826382;"Bulletin of Electrical Engineering and Informatics";journal;"20893191, 23029285";"Institute of Advanced Engineering and Science";No;No;0,306;Q3;37;443;1144;15175;2765;1144;2,51;34,26;29,14;1;Indonesia;Asiatic Region;"Institute of Advanced Engineering and Science";"2017-2026";"Computer Networks and Communications (Q3); Computer Science (miscellaneous) (Q3); Control and Optimization (Q3); Control and Systems Engineering (Q3); Electrical and Electronic Engineering (Q3); Hardware and Architecture (Q3); Information Systems (Q3); Instrumentation (Q3)";"Computer Science; Engineering; Mathematics; Physics and Astronomy"
192;21100208036;"Foundations of Computing and Decision Sciences";journal;"23003405, 08676356";"Walter de Gruyter GmbH";Yes;Yes;0,306;Q3;20;20;71;734;137;71;2,54;36,70;38,46;0;Germany;Western Europe;"Walter de Gruyter GmbH";"2012-2025";"Computer Science (miscellaneous) (Q3); Theoretical Computer Science (Q4)";"Computer Science; Mathematics"
193;21101194976;"Journal of Artificial Intelligence and Consciousness";journal;"27050793, 27050785";"World Scientific";No;No;0,306;Q3;10;14;49;341;56;49;0,50;24,36;20,00;0;Singapore;Asiatic Region;"World Scientific";"2020-2025";"Artificial Intelligence (Q3); Computer Science (miscellaneous) (Q3)";"Computer Science"
194;21100448516;"Journal of Information Technology Education: Innovations in Practice";journal;"2165316X, 21653151";"Informing Science Institute";Yes;No;0,306;Q3;18;18;25;1054;68;25;2,39;58,56;50,00;0;United States;Northern America;"Informing Science Institute";"2015-2025";"Computer Science (miscellaneous) (Q3); Education (Q3)";"Computer Science; Social Sciences"
195;19900191737;"Studies in Informatics and Control";journal;"12201766, 1841429X";"National Institute for R and D in Informatics";Yes;No;0,306;Q3;33;40;130;1059;214;130;1,61;26,48;31,75;0;Romania;Eastern Europe;"National Institute for R and D in Informatics";"2010-2025";"Computer Science (miscellaneous) (Q3); Electrical and Electronic Engineering (Q3)";"Computer Science; Engineering"
196;21101181972;"Sustainable Engineering and Innovation";journal;"27120562";"Research and Development Academy";Yes;Yes;0,306;Q3;8;26;24;1034;91;23;3,79;39,77;26,47;0;Bosnia and Herzegovina;Eastern Europe;"Research and Development Academy";"2023-2026";"Architecture (Q2); Computer Science (miscellaneous) (Q3); Decision Sciences (miscellaneous) (Q3); Energy (miscellaneous) (Q3)";"Computer Science; Decision Sciences; Energy; Engineering"
197;24196;"Scientia Iranica";journal;"23453605, 10263098";"Sharif University of Technology";Yes;No;0,304;Q3;72;151;686;5917;1083;686;1,71;39,19;16,95;0;Iran;Middle East;"Sharif University of Technology";"1999-2025";"Chemistry (miscellaneous) (Q3); Civil and Structural Engineering (Q3); Computer Science (miscellaneous) (Q3); Engineering (miscellaneous) (Q3); Industrial and Manufacturing Engineering (Q3); Materials Science (miscellaneous) (Q3); Mechanical Engineering (Q3); Physics and Astronomy (miscellaneous) (Q3)";"Chemistry; Computer Science; Engineering; Materials Science; Physics and Astronomy"
198;21101070987;"Advances in Science and Technology Research Journal";journal;"22998624";"Politechnika Lubelska";Yes;No;0,299;Q3;21;264;496;9725;812;496;1,72;36,84;25,73;0;Poland;Eastern Europe;"Politechnika Lubelska";"2019-2026";"Computer Science (miscellaneous) (Q3); Engineering (miscellaneous) (Q3); Environmental Science (miscellaneous) (Q3); Materials Science (miscellaneous) (Q3)";"Computer Science; Engineering; Environmental Science; Materials Science"
199;21101134735;"Data Science";journal;"24518484, 24518492";"SAGE Publications Ltd";Yes;No;0,298;Q3;14;5;29;211;54;28;1,68;42,20;37,50;0;United Kingdom;Western Europe;"SAGE Publications Ltd";"2017, 2019-2024";"Artificial Intelligence (Q3); Computational Mathematics (Q3); Computer Science (miscellaneous) (Q3); Information Systems (Q3); Modeling and Simulation (Q3); Statistics and Probability (Q3)";"Computer Science; Mathematics"
200;21100241779;"Proceedings of the Romanian Academy Series A - Mathematics Physics Technical Sciences Information Science";journal;"14549069";"Publishing House of the Romanian Academy";No;No;0,297;Q3;34;42;128;936;118;125;1,24;22,29;30,61;0;Romania;Eastern Europe;"Publishing House of the Romanian Academy";"2008-2025";"Computer Science (miscellaneous) (Q3); Engineering (miscellaneous) (Q3); Mathematics (miscellaneous) (Q3); Physics and Astronomy (miscellaneous) (Q3)";"Computer Science; Engineering; Mathematics; Physics and Astronomy"
201;19900191878;"Infocommunications Journal";journal;"20612125, 20612079";"Scientific Association for Infocommunications";No;No;0,296;Q3;15;46;122;1719;200;114;1,67;37,37;25,00;0;Hungary;Eastern Europe;"Scientific Association for Infocommunications";"2011-2025";"Computer Science (miscellaneous) (Q3); Electrical and Electronic Engineering (Q3)";"Computer Science; Engineering"
202;21100197345;"Journal of Robotics and Mechatronics";journal;"18838049, 09153942";"Fuji Technology Press";Yes;No;0,293;Q3;42;150;463;3456;517;420;0,95;23,04;13,28;0;Japan;Asiatic Region;"Fuji Technology Press";"1989-2026";"Computer Science (miscellaneous) (Q3); Electrical and Electronic Engineering (Q3)";"Computer Science; Engineering"
203;21100778750;"Proceedings of the Association for Information Science and Technology";journal;"23739231";"John Wiley &amp; Sons Inc.";No;No;0,293;Q3;29;220;443;5414;527;443;1,01;24,61;54,13;1;United States;Northern America;"John Wiley &amp; Sons Inc.";"2015-2025";"Library and Information Sciences (Q2); Computer Science (miscellaneous) (Q3)";"Computer Science; Social Sciences"
204;21100283367;"International Journal of Prognostics and Health Management";journal;"21532648";"Prognostics and Health Management Society";Yes;Yes;0,289;Q3;31;38;87;1550;114;84;1,19;40,79;9,40;0;United States;Northern America;"Prognostics and Health Management Society";"2010-2026";"Civil and Structural Engineering (Q3); Computer Science (miscellaneous) (Q3); Energy Engineering and Power Technology (Q3); Mechanical Engineering (Q3); Safety, Risk, Reliability and Quality (Q3)";"Computer Science; Energy; Engineering"
205;19700188366;"Gyroscopy and Navigation";journal;"20751109, 20751087";"Pleiades Publishing";No;No;0,286;Q3;27;32;98;1012;101;98;1,06;31,63;26,58;0;United States;Northern America;"Pleiades Publishing";"2010-2025";"Computer Science (miscellaneous) (Q3); Control and Systems Engineering (Q3); Electrical and Electronic Engineering (Q3)";"Computer Science; Engineering"
206;21100867241;"International Journal of Advanced Computer Science and Applications";journal;"21565570, 2158107X";"Science and Information Organization";No;No;0,285;Q3;68;1540;3890;51984;7668;3890;1,85;33,76;36,35;0;United Kingdom;Western Europe;"Science and Information Organization";"2014, 2017-2026";"Computer Science (miscellaneous) (Q3)";"Computer Science"
207;19700201511;"Interdisciplinary Journal of Information, Knowledge, and Management";journal;"15551237, 15551229";"Informing Science Institute";Yes;No;0,284;Q3;34;36;79;2351;171;79;1,75;65,31;38,89;0;United States;Northern America;"Informing Science Institute";"2006-2025";"Computer Science (miscellaneous) (Q3); Information Systems and Management (Q3)";"Computer Science; Decision Sciences"
208;145537;"Journal of Universal Computer Science";journal;"0948695X, 09486968";"Technische Universitat Graz from Austria";Yes;Yes;0,284;Q3;61;90;197;3809;257;173;1,32;42,32;28,33;2;Austria;Western Europe;"Technische Universitat Graz from Austria";"1996-2025";"Computer Science (miscellaneous) (Q3); Theoretical Computer Science (Q4)";"Computer Science; Mathematics"
209;21100897136;"Karbala International Journal of Modern Science";journal;"24056103, 2405609X";"University of Kerbala";Yes;Yes;0,283;Q3;35;48;168;2386;351;168;2,45;49,71;35,03;0;Iraq;Middle East;"University of Kerbala";"2015-2026";"Multidisciplinary (Q2); Biochemistry, Genetics and Molecular Biology (miscellaneous) (Q3); Chemistry (miscellaneous) (Q3); Computer Science (miscellaneous) (Q3); Physics and Astronomy (miscellaneous) (Q3)";"Biochemistry, Genetics and Molecular Biology; Chemistry; Computer Science; Multidisciplinary; Physics and Astronomy"
210;15900154752;"IAENG International Journal of Computer Science";journal;"1819656X, 18199224";"International Association of Engineers";Yes;No;0,282;Q3;32;207;430;6830;735;430;1,83;33,00;38,66;0;Hong Kong;Asiatic Region;"International Association of Engineers";"2009-2025";"Computer Science (miscellaneous) (Q3)";"Computer Science"
211;21100200802;"Journal of Information and Communication Technology";journal;"21803862, 1675414X";"Universiti Utara Malaysia Press";Yes;Yes;0,281;Q3;20;23;72;1077;159;72;1,98;46,83;35,00;0;Malaysia;Asiatic Region;"Universiti Utara Malaysia Press";"2011-2026";"Computer Science (miscellaneous) (Q3); Mathematics (miscellaneous) (Q3)";"Computer Science; Mathematics"
212;21100262490;"Journal of Wireless Mobile Networks, Ubiquitous Computing, and Dependable Applications";journal;"20935382, 20935374";"Innovative Information Science and Technology Research Group";Yes;No;0,280;Q3;33;96;119;3242;570;114;5,28;33,77;39,44;0;South Korea;Asiatic Region;"Innovative Information Science and Technology Research Group";"2010-2026";"Computer Networks and Communications (Q3); Computer Science Applications (Q3); Computer Science (miscellaneous) (Q3)";"Computer Science"
213;21100224419;"International Journal of Computer Science in Sport";journal;"16844769";"Sciendo";Yes;No;0,279;Q3;18;12;35;637;56;35;1,45;53,08;24,44;0;Austria;Western Europe;"Sciendo";"2012-2025";"Biomedical Engineering (Q3); Computer Science (miscellaneous) (Q3)";"Computer Science; Engineering"
214;21100942928;"Revista de Internet, Derecho y Politica";journal;"16998154";"Universitat Oberta de Catalunya";Yes;Yes;0,278;Q3;8;18;68;574;59;65;0,93;31,89;44,83;0;Spain;Western Europe;"Universitat Oberta de Catalunya";"2019-2026";"Law (Q2); Sociology and Political Science (Q2); Computer Science (miscellaneous) (Q3)";"Computer Science; Social Sciences"
215;21100834310;"Vestnik Sankt-Peterburgskogo Universiteta, Prikladnaya Matematika, Informatika, Protsessy Upravleniya";journal;"18119905, 25422251";"Saint Petersburg State University";Yes;No;0,274;Q3;12;40;132;927;55;132;0,41;23,18;17,53;0;Russian Federation;Eastern Europe;"Saint Petersburg State University";"2017-2025";"Applied Mathematics (Q3); Computer Science (miscellaneous) (Q3); Control and Optimization (Q3)";"Computer Science; Mathematics"
216;21100199790;"International Journal of Intelligent Engineering and Systems";journal;"21853118, 2185310X";"Intelligent Network and Systems Society";No;No;0,272;Q3;40;455;979;14758;1923;979;1,99;32,44;35,93;1;Japan;Asiatic Region;"Intelligent Network and Systems Society";"2008-2026";"Computer Science (miscellaneous) (Q3); Engineering (miscellaneous) (Q3)";"Computer Science; Engineering"
217;21100929583;"IT - Information Technology";journal;"21967032, 16112776";"De Gruyter Oldenbourg";No;No;0,272;Q3;28;29;99;751;190;87;1,61;25,90;40,54;0;Germany;Western Europe;"De Gruyter Oldenbourg";"1959-2026";"Computer Science (miscellaneous) (Q3)";"Computer Science"
218;21100932470;"Jordanian Journal of Computers and Information Technology";journal;"24151076, 24139351";"Scientific Research Support Fund of Jordan";Yes;Yes;0,272;Q3;16;31;83;1120;123;82;1,13;36,13;48,84;0;Jordan;Middle East;"Scientific Research Support Fund of Jordan";"2019-2025";"Computer Science (miscellaneous) (Q3)";"Computer Science"
219;21101060452;"Vietnam Journal of Computer Science";journal;"21968896";"World Scientific";Yes;Yes;0,272;Q3;13;27;77;1029;137;77;2,20;38,11;28,38;0;Singapore;Asiatic Region;"World Scientific";"2019-2026";"Computational Theory and Mathematics (Q3); Computer Science (miscellaneous) (Q3); Computer Vision and Pattern Recognition (Q3); Information Systems (Q3); Software (Q3); Artificial Intelligence (Q4)";"Computer Science"
220;21100818504;"Journal of Medical Signals and Sensors";journal;"22287477";"Isfahan University of Medical Sciences(IUMS)";Yes;No;0,270;Q3;34;29;110;1257;170;107;1,46;43,34;30,69;0;India;Asiatic Region;"Isfahan University of Medical Sciences(IUMS)";"2011-2026";"Computer Science (miscellaneous) (Q3); Radiological and Ultrasound Technology (Q3); Radiology, Nuclear Medicine and Imaging (Q3); Biomedical Engineering (Q4); Health Informatics (Q4)";"Computer Science; Engineering; Health Professions; Medicine"
221;21100913338;"International Journal on Technical and Physical Problems of Engineering";journal;"20773528";"International Organization on 'Technical and Physical Problems of Engineering'";No;No;0,267;Q3;17;206;464;4771;545;457;1,22;23,16;32,49;0;Romania;Eastern Europe;"International Organization on 'Technical and Physical Problems of Engineering'";"2019-2025";"Computer Science (miscellaneous) (Q3); Energy (miscellaneous) (Q3); Engineering (miscellaneous) (Q3)";"Computer Science; Energy; Engineering"
222;21100981751;"Scientia Sinica Informationis";journal;"20959486, 16747267";"Science Press";No;No;0,263;Q3;25;153;399;7742;610;392;1,47;50,60;33,66;0;China;Asiatic Region;"Science Press";"2019-2026";"Computer Science (miscellaneous) (Q3); Engineering (miscellaneous) (Q3)";"Computer Science; Engineering"
223;21100854726;"International Journal of Mathematics and Computer Science";journal;"18140432, 18140424";"";No;No;0,261;Q3;21;183;384;2023;304;384;0,81;11,05;48,56;0;United States;Northern America;"";"2017-2025";"Applied Mathematics (Q3); Computational Mathematics (Q3); Computer Science (miscellaneous) (Q3); Modeling and Simulation (Q3); Algebra and Number Theory (Q4); Discrete Mathematics and Combinatorics (Q4); Numerical Analysis (Q4); Statistics and Probability (Q4)";"Computer Science; Mathematics"
224;21100466428;"Herald of the Bauman Moscow State Technical University, Series Natural Sciences";journal;"26868768, 18123368";"Bauman Press";No;No;0,260;Q3;13;52;169;1273;115;169;0,64;24,48;29,22;0;Russian Federation;Eastern Europe;"Bauman Press";"2016-2025";"Chemistry (miscellaneous) (Q3); Computer Science (miscellaneous) (Q3); Engineering (miscellaneous) (Q3); Mathematics (miscellaneous) (Q3); Physics and Astronomy (miscellaneous) (Q3)";"Chemistry; Computer Science; Engineering; Mathematics; Physics and Astronomy"
225;21101018670;"Izvestiya of Saratov University. Mathematics. Mechanics. Informatics";journal;"18169791, 25419005";"Saratov State University";Yes;Yes;0,260;Q3;7;52;132;1042;65;132;0,48;20,04;25,41;0;Russian Federation;Eastern Europe;"Saratov State University";"2018-2025";"Computational Mechanics (Q3); Computer Science (miscellaneous) (Q3); Mathematics (miscellaneous) (Q3); Mechanical Engineering (Q3); Mechanics of Materials (Q3)";"Computer Science; Engineering; Mathematics"
226;21101089371;"Law, Technology and Humans";journal;"26524074";"Queensland University of Technology";Yes;Yes;0,258;Q3;11;22;73;2245;128;71;1,92;102,05;36,11;0;Australia;Pacific Region;"Queensland University of Technology";"2019-2025";"Law (Q2); Biotechnology (Q3); Computer Networks and Communications (Q3); Computer Science (miscellaneous) (Q3); Information Systems and Management (Q3); Social Sciences (miscellaneous) (Q3); Artificial Intelligence (Q4)";"Biochemistry, Genetics and Molecular Biology; Computer Science; Decision Sciences; Social Sciences"
227;12933;"Cybernetics and Systems Analysis";journal;"15738337, 10600396";"Springer New York";No;No;0,256;Q3;31;95;315;2008;323;315;1,21;21,14;28,57;0;United States;Northern America;"Springer New York";"1991-2001, 2003, 2005-2026";"Computer Science (miscellaneous) (Q3)";"Computer Science"
228;145567;"Pragmatics and Cognition";journal;"15699943, 09290907";"John Benjamins Publishing Company";No;No;0,255;Q3;44;15;53;757;34;47;0,40;50,47;50,00;0;Netherlands;Western Europe;"John Benjamins Publishing Company";"1993-2014, 2016-2025";"History and Philosophy of Science (Q2); Linguistics and Language (Q2); Computer Science (miscellaneous) (Q3); Behavioral Neuroscience (Q4)";"Arts and Humanities; Computer Science; Neuroscience; Social Sciences"
229;21101268228;"Sakarya University Journal of Computer and Information Sciences";journal;"26368129";"Sakarya University";Yes;Yes;0,254;Q3;7;42;56;1514;78;56;1,39;36,05;18,39;0;Turkey;Middle East;"Sakarya University";"2022-2025";"Computer Science (miscellaneous) (Q3); Decision Sciences (miscellaneous) (Q3); Software (Q4); Theoretical Computer Science (Q4)";"Computer Science; Decision Sciences; Mathematics"
230;12415;"International Journal of Reliability, Quality and Safety Engineering";journal;"02185393, 17936446";"World Scientific";No;No;0,250;Q3;35;46;134;1393;187;132;1,49;30,28;29,57;0;Singapore;Asiatic Region;"World Scientific";"1994, 1996-2026";"Computer Science (miscellaneous) (Q3); Electrical and Electronic Engineering (Q3); Energy Engineering and Power Technology (Q3); Industrial and Manufacturing Engineering (Q3); Nuclear Energy and Engineering (Q3); Safety, Risk, Reliability and Quality (Q3); Aerospace Engineering (Q4)";"Computer Science; Energy; Engineering"
231;21100931880;"Uniciencia";journal;"22153470";"Universidad Nacional";Yes;Yes;0,247;Q3;11;34;126;1461;108;125;0,73;42,97;58,16;0;Costa Rica;Latin America;"Universidad Nacional";"2019-2025";"Agricultural and Biological Sciences (miscellaneous) (Q3); Biochemistry, Genetics and Molecular Biology (miscellaneous) (Q3); Chemistry (miscellaneous) (Q3); Computer Science (miscellaneous) (Q3); Earth and Planetary Sciences (miscellaneous) (Q3); Mathematics (miscellaneous) (Q3); Physics and Astronomy (miscellaneous) (Q3); Social Sciences (miscellaneous) (Q3)";"Agricultural and Biological Sciences; Biochemistry, Genetics and Molecular Biology; Chemistry; Computer Science; Earth and Planetary Sciences; Mathematics; Physics and Astronomy; Social Sciences"
232;4700152641;"International Journal of Foundations of Computer Science";journal;"17936373, 01290541";"World Scientific Publishing Co. Pte Ltd";No;No;0,245;Q3;47;54;164;1390;147;156;0,96;25,74;25,22;0;Singapore;Asiatic Region;"World Scientific Publishing Co. Pte Ltd";"1999-2026";"Computer Science (miscellaneous) (Q3)";"Computer Science"
233;21101017691;"Annals of Emerging Technologies in Computing";journal;"2516029X, 25160281";"International Association for Educators and Researchers (IAER)";No;No;0,244;Q3;20;25;110;691;194;98;1,55;27,64;12,00;0;United Kingdom;Western Europe;"International Association for Educators and Researchers (IAER)";"2017-2026";"Computer Science (miscellaneous) (Q3); Electrical and Electronic Engineering (Q3)";"Computer Science; Engineering"
234;21100901130;"International Journal of Humanities and Arts Computing";journal;"17538548, 17551706";"Edinburgh University Press";No;No;0,243;Q3;16;18;43;606;40;36;0,97;33,67;63,41;0;United Kingdom;Western Europe;"Edinburgh University Press";"1996, 1999-2001, 2007-2025";"Arts and Humanities (miscellaneous) (Q2); Computer Science (miscellaneous) (Q3); Human-Computer Interaction (Q4)";"Arts and Humanities; Computer Science"
235;21100207010;"Journal of Fiber Bioengineering and Informatics";journal;"19408676";"Global Science Press";No;No;0,242;Q3;19;19;69;464;61;69;0,91;24,42;51,61;0;Hong Kong;Asiatic Region;"Global Science Press";"2012-2015, 2018-2025";"Computer Science (miscellaneous) (Q3); Materials Science (miscellaneous) (Q3)";"Computer Science; Materials Science"
236;21100831441;"TEM Journal";journal;"22178309, 22178333";"UIKTEN - Association for Information Communication Technology Education and Science";Yes;No;0,242;Q3;31;340;774;11680;1181;774;1,48;34,35;45,24;0;Serbia;Eastern Europe;"UIKTEN - Association for Information Communication Technology Education and Science";"2017-2025";"Computer Science (miscellaneous) (Q3); Education (Q3); Information Systems (Q3); Information Systems and Management (Q3); Management of Technology and Innovation (Q3); Strategy and Management (Q3)";"Business, Management and Accounting; Computer Science; Decision Sciences; Social Sciences"
237;21100223336;"International Journal of Human Capital and Information Technology Professionals";journal;"19473486, 19473478";"IGI Publishing";No;No;0,240;Q3;19;2;48;104;59;47;1,36;52,00;12,50;0;United States;Northern America;"IGI Publishing";"2010-2025";"Computer Science (miscellaneous) (Q3); Management of Technology and Innovation (Q3)";"Business, Management and Accounting; Computer Science"
238;21101060465;"Umanistica Digitale";journal;"25328816";"University of Bologna Department of Classical and Italian Philology, Alma Mater Studiorum";Yes;Yes;0,240;Q3;7;17;88;847;40;87;0,36;49,82;60,61;0;Italy;Western Europe;"University of Bologna Department of Classical and Italian Philology, Alma Mater Studiorum";"2017-2026";"Arts and Humanities (miscellaneous) (Q2); Linguistics and Language (Q2); Computer Science (miscellaneous) (Q3); Library and Information Sciences (Q3); Computer Science Applications (Q4)";"Arts and Humanities; Computer Science; Social Sciences"
239;21100983350;"Baltic Journal of Modern Computing";journal;"22558950, 22558942";"University of Latvia";Yes;No;0,239;Q3;12;45;135;1208;157;135;1,01;26,84;46,76;0;Latvia;Eastern Europe;"University of Latvia";"2019-2025";"Computer Science (miscellaneous) (Q3)";"Computer Science"
240;18000156702;"Advances in Electrical and Computer Engineering";journal;"18447600, 15827445";"Universitatea "Stefan cel Mare" din Suceava";Yes;No;0,238;Q3;31;38;133;1323;162;133;1,23;34,82;26,72;0;Romania;Eastern Europe;"Universitatea "Stefan cel Mare" din Suceava";"2008-2025";"Computer Science (miscellaneous) (Q3); Electrical and Electronic Engineering (Q3)";"Computer Science; Engineering"
241;21101070780;"CommIT Journal";journal;"19792484, 24607010";"Bina Nusantara University";Yes;No;0,237;Q3;10;19;52;723;114;52;2,30;38,05;37,21;0;Indonesia;Asiatic Region;"Bina Nusantara University";"2019-2025";"Computer Networks and Communications (Q3); Computer Science (miscellaneous) (Q3); Electrical and Electronic Engineering (Q3); Information Systems (Q3)";"Computer Science; Engineering"
242;21100201512;"International Journal of Decision Support System Technology";journal;"19416296, 1941630X";"IGI Global Publishing";No;No;0,234;Q3;18;15;84;655;109;84;1,34;43,67;56,25;0;United States;Northern America;"IGI Global Publishing";"2009-2026";"Computer Science (miscellaneous) (Q3); Modeling and Simulation (Q4)";"Computer Science; Mathematics"
243;21101070236;"Bulletin of the Transilvania University of Brasov, Series III: Mathematics and Computer Science";journal;"28102029";"Transilvania University of Brasov 1";No;No;0,231;Q3;11;32;96;658;56;95;0,52;20,56;21,43;0;Romania;Eastern Europe;"Transilvania University of Brasov 1";"2021-2025";"Computer Science (miscellaneous) (Q3); Mathematics (miscellaneous) (Q4)";"Computer Science; Mathematics"
244;145095;"Journal of Logic, Language and Information";journal;"09258531, 15729583";"Springer Science and Business Media B.V.";No;No;0,231;Q3;39;16;89;639;47;86;0,48;39,94;8,00;0;Netherlands;Western Europe;"Springer Science and Business Media B.V.";"1992-2002, 2004-2026";"Linguistics and Language (Q2); Philosophy (Q2); Computer Science (miscellaneous) (Q3)";"Arts and Humanities; Computer Science; Social Sciences"
245;21100820054;"International Journal of Computing";journal;"17276209, 23125381";"Research Institute of Intelligent Computer Systems";Yes;No;0,223;Q3;26;72;164;2492;213;164;1,47;34,61;30,00;0;Ukraine;Eastern Europe;"Research Institute of Intelligent Computer Systems";"2016-2025";"Computer Networks and Communications (Q3); Computer Science (miscellaneous) (Q3); Hardware and Architecture (Q4); Information Systems (Q4); Software (Q4)";"Computer Science"
246;21100979315;"Recent Advances in Computer Science and Communications";journal;"26662558, 26662566";"Bentham Science Publishers";No;No;0,223;Q3;23;61;476;3423;530;451;1,55;56,11;40,38;0;United Arab Emirates;Middle East;"Bentham Science Publishers";"2020-2026";"Computer Science (miscellaneous) (Q3)";"Computer Science"
247;19700174668;"Annual Review of CyberTherapy and Telemedicine";journal;"15548716";"Virtual Reality Medical Institute";Yes;No;0,222;Q3;24;40;89;673;84;81;0,82;16,83;51,24;0;Belgium;Western Europe;"Virtual Reality Medical Institute";"2009-2025";"Computer Science (miscellaneous) (Q3); Psychology (miscellaneous) (Q3); Rehabilitation (Q3); Neuroscience (miscellaneous) (Q4)";"Computer Science; Medicine; Neuroscience; Psychology"
248;21100840458;"Periodicals of Engineering and Natural Sciences";journal;"23034521";"International University of Sarajevo";Yes;No;0,222;Q3;30;47;575;1838;751;574;1,41;39,11;38,24;0;Bosnia and Herzegovina;Eastern Europe;"International University of Sarajevo";"2017-2026";"Architecture (Q2); Computer Science (miscellaneous) (Q3); Education (Q3); Electrical and Electronic Engineering (Q3); Industrial and Manufacturing Engineering (Q3); Mechanical Engineering (Q3); Bioengineering (Q4); Biomedical Engineering (Q4)";"Chemical Engineering; Computer Science; Engineering; Social Sciences"
249;21100268428;"Journal of ICT Research and Applications";journal;"23375787, 23385499";"Institute for Research and Community Services, Institut Teknologi Bandung";Yes;No;0,221;Q3;19;11;63;253;107;63;1,55;23,00;31,58;0;Indonesia;Asiatic Region;"Institute for Research and Community Services, Institut Teknologi Bandung";"2013-2025";"Computer Science (miscellaneous) (Q3); Electrical and Electronic Engineering (Q3); Information Systems and Management (Q3)";"Computer Science; Decision Sciences; Engineering"
250;21100826383;"Indonesian Journal of Electrical Engineering and Informatics";journal;"20893272";"Institute of Advanced Engineering and Science";No;No;0,220;Q3;19;84;251;2916;341;251;1,51;34,71;28,37;0;Indonesia;Asiatic Region;"Institute of Advanced Engineering and Science";"2017-2025";"Computer Networks and Communications (Q3); Computer Science (miscellaneous) (Q3); Electrical and Electronic Engineering (Q3); Artificial Intelligence (Q4); Control and Optimization (Q4); Control and Systems Engineering (Q4); Hardware and Architecture (Q4); Information Systems (Q4)";"Computer Science; Engineering; Mathematics"
251;19700173244;"International Journal of Unconventional Computing";journal;"15487199, 15487202";"Old City Publishing";No;No;0,220;Q3;22;9;46;362;44;43;0,73;40,22;16,67;0;United States;Northern America;"Old City Publishing";"2008-2025";"Computer Science (miscellaneous) (Q3)";"Computer Science"
252;17600155052;"Optical Memory and Neural Networks (Information Optics)";journal;"19347898, 1060992X";"Pleiades Publishing";No;No;0,220;Q3;28;91;155;3034;181;155;1,10;33,34;29,41;0;United States;Northern America;"Pleiades Publishing";"2008-2025";"Computer Science (miscellaneous) (Q3); Electrical and Electronic Engineering (Q3); Electronic, Optical and Magnetic Materials (Q4)";"Computer Science; Engineering; Materials Science"
253;21101176022;"Journal of Applied Data Sciences";journal;"27236471";"";No;No;0,219;Q3;17;167;85;5580;180;85;1,86;33,41;39,44;1;Indonesia;Asiatic Region;"";"2020-2026";"Computer Science (miscellaneous) (Q3); Artificial Intelligence (Q4); Computer Science Applications (Q4); Information Systems (Q4)";"Computer Science"
254;12753;"International Game Theory Review";journal;"02191989, 17936675";"World Scientific";No;No;0,218;Q3;28;30;79;1187;53;78;0,48;39,57;23,21;0;Singapore;Asiatic Region;"World Scientific";"1999, 2003-2026";"Computer Science (miscellaneous) (Q3); Business and International Management (Q4); Statistics, Probability and Uncertainty (Q4)";"Business, Management and Accounting; Computer Science; Decision Sciences"
255;21100208072;"Scalable Computing (discontinued)";journal;"18951767";"West University of Timisoara";No;No;0,218;Q3;28;0;72;0;127;72;1,47;0,00;0,00;0;Romania;Eastern Europe;"West University of Timisoara";"2001, 2005-2022";"Computer Science (miscellaneous) (Q3)";"Computer Science"
256;21101168860;"Discrete and Continuous Models and Applied Computational Science";journal;"26587149, 26584670";"Peoples' Friendship University of Russia";Yes;Yes;0,217;Q3;5;37;72;941;47;72;0,84;25,43;40,79;0;Russian Federation;Eastern Europe;"Peoples' Friendship University of Russia";"2019-2025";"Computer Science (miscellaneous) (Q3); Physics and Astronomy (miscellaneous) (Q3); Modeling and Simulation (Q4); Theoretical Computer Science (Q4)";"Computer Science; Mathematics; Physics and Astronomy"
257;12288;"Nonlinear Optics Quantum Optics";journal;"15430537, 19448325";"Old City Publishing";No;No;0,216;Q3;24;43;118;1108;138;118;0,90;25,77;40,28;0;United States;Northern America;"Old City Publishing";"2003-2025";"Computer Science (miscellaneous) (Q3); Atomic and Molecular Physics, and Optics (Q4); Electronic, Optical and Magnetic Materials (Q4); Instrumentation (Q4); Statistical and Nonlinear Physics (Q4)";"Computer Science; Materials Science; Physics and Astronomy"
258;21100301444;"International Journal of Fuzzy System Applications";journal;"2156177X, 21561761";"IGI Publishing";No;No;0,214;Q3;25;13;99;607;103;99;0,80;46,69;46,15;0;United States;Northern America;"IGI Publishing";"2011-2013, 2015-2026";"Computer Science (miscellaneous) (Q3)";"Computer Science"
259;21101028597;"Ledger";journal;"23795980";"University Library System, University of Pittsburgh";Yes;Yes;0,214;Q3;11;9;18;350;21;14;0,89;38,89;17,65;0;United States;Northern America;"University Library System, University of Pittsburgh";"2019-2025";"Computer Science (miscellaneous) (Q3); Economics, Econometrics and Finance (miscellaneous) (Q3); Computer Science Applications (Q4); Software (Q4)";"Computer Science; Economics, Econometrics and Finance"
260;21101044836;"Journal of Computer Science and Technology (Argentina)";journal;"16666046, 16666038";"Facultad de Informatica, Universidad Nacional de La Plata";Yes;Yes;0,210;Q4;8;18;51;576;58;48;0,97;32,00;22,22;0;Argentina;Latin America;"Facultad de Informatica, Universidad Nacional de La Plata";"2019-2025";"Artificial Intelligence (Q4); Computer Science Applications (Q4); Computer Science (miscellaneous) (Q4); Computer Vision and Pattern Recognition (Q4); Hardware and Architecture (Q4); Software (Q4)";"Computer Science"
261;19700186738;"Ad-Hoc and Sensor Wireless Networks";journal;"15519899, 15520633";"Old City Publishing";No;No;0,209;Q4;27;24;116;1183;145;116;1,42;49,29;29,55;0;United States;Northern America;"Old City Publishing";"2005-2025";"Electrical and Electronic Engineering (Q3); Computer Science (miscellaneous) (Q4); Instrumentation (Q4)";"Computer Science; Engineering; Physics and Astronomy"
262;21101088821;"Journal of Frontiers of Computer Science and Technology";journal;"16739418";"";Yes;No;0,209;Q4;24;229;643;11247;1105;643;1,85;49,11;35,27;0;China;Asiatic Region;"";"2019-2025";"Computer Science (miscellaneous) (Q4)";"Computer Science"
263;13024;"Acta Cybernetica";journal;"0324721X";"University of Szeged, Institute of Informatics";Yes;No;0,207;Q4;20;29;55;721;30;52;0,39;24,86;13,21;0;Hungary;Eastern Europe;"University of Szeged, Institute of Informatics";"1990-2025";"Information Systems and Management (Q3); Computational Theory and Mathematics (Q4); Computer Science (miscellaneous) (Q4); Computer Vision and Pattern Recognition (Q4); Electrical and Electronic Engineering (Q4); Management Science and Operations Research (Q4); Software (Q4); Theoretical Computer Science (Q4)";"Computer Science; Decision Sciences; Engineering; Mathematics"
264;21101176015;"Data and Metadata (discontinued)";journal;"29534917";"";No;No;0,206;Q4;24;240;185;8168;266;184;1,44;34,03;39,08;1;Argentina;Latin America;"";"2022-2025";"Information Systems and Management (Q3); Computer Science (miscellaneous) (Q4); Health Information Management (Q4); Information Systems (Q4)";"Computer Science; Decision Sciences; Health Professions"
265;21100827423;"IIUM Engineering Journal";journal;"1511788X, 22897860";"International Islamic University Malaysia-IIUM";Yes;No;0,205;Q4;19;51;154;1452;202;153;1,33;28,47;45,39;0;Malaysia;Asiatic Region;"International Islamic University Malaysia-IIUM";"2016-2026";"Chemical Engineering (miscellaneous) (Q3); Engineering (miscellaneous) (Q3); Applied Mathematics (Q4); Computer Science (miscellaneous) (Q4)";"Chemical Engineering; Computer Science; Engineering; Mathematics"
266;19900191768;"Control Engineering and Applied Informatics";journal;"14548658";"Control Engineering and Applied Informatics Journal";No;No;0,204;Q4;25;36;108;995;88;108;0,81;27,64;31,52;0;Romania;Eastern Europe;"Control Engineering and Applied Informatics Journal";"2010-2025";"Computer Science (miscellaneous) (Q4); Electrical and Electronic Engineering (Q4)";"Computer Science; Engineering"
267;19700188314;"Pertanika Journal of Science and Technology";journal;"01287680, 22318526";"Universiti Putra Malaysia Press";No;No;0,203;Q4;32;186;509;8004;572;508;1,03;43,03;38,00;1;Malaysia;Asiatic Region;"Universiti Putra Malaysia Press";"2010-2025";"Agricultural and Biological Sciences (miscellaneous) (Q3); Chemical Engineering (miscellaneous) (Q3); Computer Science (miscellaneous) (Q4); Environmental Science (miscellaneous) (Q4)";"Agricultural and Biological Sciences; Chemical Engineering; Computer Science; Environmental Science"
268;21100981346;"Advances in Technology Innovation";journal;"25182994, 24150436";"Taiwan Association of Engineering and Technology Innovation";Yes;No;0,202;Q4;11;24;72;615;78;72;1,15;25,63;26,98;0;Taiwan;Asiatic Region;"Taiwan Association of Engineering and Technology Innovation";"2019-2026";"Engineering (miscellaneous) (Q3); Computer Science (miscellaneous) (Q4); Energy Engineering and Power Technology (Q4); Environmental Engineering (Q4); Management of Technology and Innovation (Q4); Renewable Energy, Sustainability and the Environment (Q4)";"Business, Management and Accounting; Computer Science; Energy; Engineering; Environmental Science"
269;21100211105;"Internetworking Indonesia Journal";journal;"19429703";"Internetworking Indonesia";Yes;Yes;0,201;Q4;13;10;33;231;21;33;0,82;23,10;35,00;0;United States;Northern America;"Internetworking Indonesia";"2009-2025";"Computer Science (miscellaneous) (Q4)";"Computer Science"
270;4700152467;"Journal of Shenzhen University Science and Engineering";journal;"10002618";"Science Press";Yes;No;0,201;Q4;15;83;265;2090;181;263;0,76;25,18;35,88;0;China;Asiatic Region;"Science Press";"2006-2026";"Engineering (miscellaneous) (Q3); Computer Science (miscellaneous) (Q4)";"Computer Science; Engineering"
271;21101150080;"SICE Journal of Control, Measurement, and System Integration";journal;"18849970";"Taylor and Francis Ltd.";Yes;No;0,198;Q4;9;34;114;894;93;112;0,79;26,29;21,15;0;United Kingdom;Western Europe;"Taylor and Francis Ltd.";"2019-2026";"Computer Science (miscellaneous) (Q4); Control and Systems Engineering (Q4)";"Computer Science; Engineering"
272;21101037310;"Register: Jurnal Ilmiah Teknologi Sistem Informasi";journal;"25023357, 25030477";"Universitas Pesantren Tinggi Darul Ulum";No;No;0,197;Q4;11;14;41;478;62;41;1,44;34,14;27,03;0;Indonesia;Asiatic Region;"Universitas Pesantren Tinggi Darul Ulum";"2015-2025";"Information Systems and Management (Q3); Artificial Intelligence (Q4); Computer Science (miscellaneous) (Q4); Decision Sciences (miscellaneous) (Q4); Information Systems (Q4)";"Computer Science; Decision Sciences"
273;21101033322;"International Journal on Informatics Visualization";journal;"25499904";"Politeknik Negeri Padang";Yes;Yes;0,196;Q4;24;287;405;12427;786;405;1,93;43,30;35,48;0;Indonesia;Asiatic Region;"Politeknik Negeri Padang";"2017-2026";"Information Systems and Management (Q3); Computer Science (miscellaneous) (Q4); Statistics, Probability and Uncertainty (Q4)";"Computer Science; Decision Sciences"
274;25021;"IEEE Annals of the History of Computing";journal;"19341547, 10586180";"IEEE Computer Society";No;No;0,192;Q4;31;42;125;883;65;105;0,55;21,02;23,68;0;United States;Northern America;"IEEE Computer Society";"1992-2026";"History and Philosophy of Science (Q3); Computer Science (miscellaneous) (Q4)";"Arts and Humanities; Computer Science"
275;21101133424;"Ingenius";journal;"1390860X, 1390650X";"Universidad Politecnica Salesiana";Yes;Yes;0,192;Q4;8;22;66;637;53;60;1,00;28,95;11,29;0;Ecuador;Latin America;"Universidad Politecnica Salesiana";"2019-2025";"Engineering (miscellaneous) (Q3); Aerospace Engineering (Q4); Automotive Engineering (Q4); Biomedical Engineering (Q4); Civil and Structural Engineering (Q4); Computational Mechanics (Q4); Computer Science (miscellaneous) (Q4)";"Computer Science; Engineering"
276;21101093016;"Chinese Journal of Intelligent Science and Technology";journal;"20966652";"Beijing Xintong Media Co., Ltd.";Yes;Yes;0,191;Q4;16;49;161;2212;212;158;1,36;45,14;43,29;0;China;Asiatic Region;"Beijing Xintong Media Co., Ltd.";"2019-2025";"Artificial Intelligence (Q4); Computer Science Applications (Q4); Computer Science (miscellaneous) (Q4)";"Computer Science"
277;21101192894;"Journal of Studies in Science and Engineering";journal;"2789634X";"EngiScience Publisher";Yes;No;0,189;Q4;6;22;45;817;44;45;0,94;37,14;29,79;0;Iraq;Middle East;"EngiScience Publisher";"2021-2025";"Agricultural and Biological Sciences (miscellaneous) (Q3); Architecture (Q3); Engineering (miscellaneous) (Q3); Civil and Structural Engineering (Q4); Computer Science (miscellaneous) (Q4); Environmental Engineering (Q4); Materials Science (miscellaneous) (Q4); Mathematics (miscellaneous) (Q4)";"Agricultural and Biological Sciences; Computer Science; Engineering; Environmental Science; Materials Science; Mathematics"
278;18300156736;"Acta Scientiarum - Technology";journal;"18078664, 18062563";"Universidade Estadual de Maringa";Yes;Yes;0,188;Q4;26;53;172;1762;154;171;0,83;33,25;36,51;0;Brazil;Latin America;"Universidade Estadual de Maringa";"2008-2026";"Chemistry (miscellaneous) (Q4); Computer Science (miscellaneous) (Q4); Earth and Planetary Sciences (miscellaneous) (Q4); Engineering (miscellaneous) (Q4); Mathematics (miscellaneous) (Q4); Physics and Astronomy (miscellaneous) (Q4)";"Chemistry; Computer Science; Earth and Planetary Sciences; Engineering; Mathematics; Physics and Astronomy"
279;21100855995;"International Journal of Cloud Computing";journal;"20439997, 20439989";"Inderscience Enterprises Ltd";No;No;0,188;Q4;11;27;119;1085;131;118;0,70;40,19;30,19;0;United Kingdom;Western Europe;"Inderscience Enterprises Ltd";"2013-2014, 2017-2025";"Computer Networks and Communications (Q4); Computer Science Applications (Q4); Computer Science (miscellaneous) (Q4); Software (Q4)";"Computer Science"
280;11900154400;"International Journal of Information Technology and Web Engineering";journal;"15541053, 15541045";"IGI Publishing";No;No;0,186;Q4;19;12;70;328;222;70;3,31;27,33;52,38;0;United States;Northern America;"IGI Publishing";"2006-2025";"Computer Science (miscellaneous) (Q4)";"Computer Science"
281;21100826268;"Computer Science";journal;"23007036, 15082806";"AGH University of Science and Technology Press";Yes;Yes;0,185;Q4;12;24;72;1139;53;72;0,79;47,46;22,86;0;Poland;Eastern Europe;"AGH University of Science and Technology Press";"2017-2025";"Computer Graphics and Computer-Aided Design (Q3); Artificial Intelligence (Q4); Computational Theory and Mathematics (Q4); Computer Networks and Communications (Q4); Computer Science (miscellaneous) (Q4); Computer Vision and Pattern Recognition (Q4); Modeling and Simulation (Q4)";"Computer Science; Mathematics"
282;32853;"Journal of Information Processing";journal;"18826652";"Information Processing Society of Japan";No;No;0,185;Q4;27;116;273;3239;191;238;0,64;27,92;17,75;0;Japan;Asiatic Region;"Information Processing Society of Japan";"1979-1992, 2008-2026";"Computer Science (miscellaneous) (Q4)";"Computer Science"
283;21101151576;"Passer Journal of Basic and Applied Sciences";journal;"27065944, 27065952";"University of Garmian";Yes;No;0,185;Q4;8;97;124;2995;119;124;0,95;30,88;25,42;0;Iraq;Middle East;"University of Garmian";"2019-2026";"Computer Science (miscellaneous) (Q4); Engineering (miscellaneous) (Q4); Genetics (clinical) (Q4); Microbiology (Q4); Molecular Biology (Q4); Parasitology (Q4)";"Biochemistry, Genetics and Molecular Biology; Computer Science; Engineering; Immunology and Microbiology; Medicine"
284;21101134649;"Fusion: Practice and Applications (discontinued)";journal;"27700070, 26924048";"American Scientific Publishing Group (ASPG)";No;No;0,184;Q4;18;122;151;3379;351;151;2,33;27,70;33,79;0;United States;Northern America;"American Scientific Publishing Group (ASPG)";"2020-2025";"Computer Networks and Communications (Q4); Computer Science Applications (Q4); Computer Science (miscellaneous) (Q4); Information Systems (Q4)";"Computer Science"
285;22382;"Huazhong Keji Daxue Xuebao (Ziran Kexue Ban)/Journal of Huazhong University of Science and Technology (Natural Science Edition)";journal;"16714512";"Huazhong University of Science and Technology";No;No;0,183;Q4;22;258;761;5249;596;761;0,80;20,34;29,17;0;China;Asiatic Region;"Huazhong University of Science and Technology";"2002-2026";"Computer Science (miscellaneous) (Q4)";"Computer Science"
286;17300154986;"ICIC Express Letters";journal;"1881803X";"ICIC International";No;No;0,183;Q4;27;150;464;3024;359;462;0,77;20,16;28,66;0;Japan;Asiatic Region;"ICIC International";"2009-2026";"Computer Science (miscellaneous) (Q4); Control and Systems Engineering (Q4)";"Computer Science; Engineering"
287;21101244194;"Turkish Journal of Mathematics and Computer Science";journal;"21481830";"Association of Mathematicians (MATDER)";No;No;0,183;Q4;6;58;136;1218;59;136;0,37;21,00;35,05;0;Turkey;Middle East;"Association of Mathematicians (MATDER)";"2020-2025";"Computer Science (miscellaneous) (Q4); Mathematics (miscellaneous) (Q4)";"Computer Science; Mathematics"
288;21100198223;"International Journal of Reasoning-based Intelligent Systems";journal;"17550556, 17550564";"Inderscience";No;No;0,182;Q4;17;55;103;1120;98;101;1,08;20,36;60,19;0;Switzerland;Western Europe;"Inderscience";"2009-2026";"Computer Science (miscellaneous) (Q4); Engineering (miscellaneous) (Q4)";"Computer Science; Engineering"
289;21101259043;"Science Talks";journal;"27725693";"Elsevier B.V.";Yes;No;0,181;Q4;8;7;97;119;63;97;0,65;17,00;9,09;0;Netherlands;Western Europe;"Elsevier B.V.";"2022-2025";"Computer Science (miscellaneous) (Q4); Materials Science (miscellaneous) (Q4); Physics and Astronomy (miscellaneous) (Q4)";"Computer Science; Materials Science; Physics and Astronomy"
290;21101021224;"AIUB Journal of Science and Engineering";journal;"16083679, 25204890";"AIUB Office of Research and Publication";No;No;0,180;Q4;8;20;88;622;97;88;1,25;31,10;48,89;0;Bangladesh;Asiatic Region;"AIUB Office of Research and Publication";"2018-2025";"Computer Science (miscellaneous) (Q4); Engineering (miscellaneous) (Q4); Mathematics (miscellaneous) (Q4)";"Computer Science; Engineering; Mathematics"
291;19700186890;"Journal of Electrical Systems (discontinued)";journal;"11125209";"";Yes;No;0,180;Q4;23;26;148;703;163;148;1,24;27,04;44,68;0;France;Western Europe;"";"2009-2024";"Computer Science (miscellaneous) (Q4); Electrical and Electronic Engineering (Q4)";"Computer Science; Engineering"
292;19700201613;"Open Bioinformatics Journal (discontinued)";journal;"18750362";"Bentham Science Publishers";Yes;No;0,180;Q4;16;17;36;625;50;35;1,30;36,76;33,33;0;United Arab Emirates;Middle East;"Bentham Science Publishers";"2011-2015, 2017-2025";"Biomedical Engineering (Q4); Computer Science (miscellaneous) (Q4); Health Informatics (Q4)";"Computer Science; Engineering; Medicine"
293;21100223167;"Computacion y Sistemas";journal;"20079737, 14055546";"Instituto Politecnico Nacional";Yes;No;0,178;Q4;24;166;293;5488;225;291;0,71;33,06;29,71;0;Mexico;Latin America;"Instituto Politecnico Nacional";"2012-2025";"Computer Science (miscellaneous) (Q4)";"Computer Science"
294;19700186858;"Scientific and Technical Information Processing";journal;"01476882, 19348118";"Pleiades Publishing";No;No;0,178;Q4;17;78;199;2018;119;199;0,57;25,87;42,64;0;United States;Northern America;"Pleiades Publishing";"2008-2025";"Computer Science (miscellaneous) (Q4)";"Computer Science"
295;21100198230;"International Journal of Intelligent Systems Technologies and Applications";journal;"17408865, 17408873";"Inderscience";No;No;0,177;Q4;22;20;50;747;50;49;0,93;37,35;28,30;0;Switzerland;Western Europe;"Inderscience";"2005-2025";"Computer Science (miscellaneous) (Q4)";"Computer Science"
296;21100463068;"International Journal on Advanced Science, Engineering and Information Technology";journal;"20885334, 24606952";"Insight Society";Yes;No;0,177;Q4;41;257;960;11211;939;960;1,05;43,62;38,53;0;Indonesia;Asiatic Region;"Insight Society";"2015-2026";"Agricultural and Biological Sciences (miscellaneous) (Q4); Computer Science (miscellaneous) (Q4); Engineering (miscellaneous) (Q4)";"Agricultural and Biological Sciences; Computer Science; Engineering"
297;21101199360;"International Journal of Informatics and Communication Technology";journal;"22528776, 27222616";"Intelektual Pustaka Media Utama";No;No;0,174;Q4;7;60;32;1865;32;32;1,00;31,08;38,98;0;Indonesia;Asiatic Region;"Intelektual Pustaka Media Utama";"2023-2025";"Computer Science (miscellaneous) (Q4); Control and Systems Engineering (Q4); Electrical and Electronic Engineering (Q4)";"Computer Science; Engineering"
298;21101138522;"Journal of Applied Engineering and Technological Science";journal;"27156087, 27156079";"";Yes;No;0,171;Q4;13;83;181;3876;250;181;1,33;46,70;34,77;0;Indonesia;Asiatic Region;"";"2019-2025";"Computer Science (miscellaneous) (Q4); Engineering (miscellaneous) (Q4); Industrial and Manufacturing Engineering (Q4); Information Systems (Q4)";"Computer Science; Engineering"
299;21101192901;"KazNU Bulletin. Mathematics, Mechanics, Computer Science Series";journal;"15630277, 26174871";"al-Farabi Kazakh State National University";Yes;No;0,171;Q4;6;43;128;841;39;128;0,30;19,56;49,55;0;Kazakhstan;Asiatic Region;"al-Farabi Kazakh State National University";"2019-2025";"Computer Science (miscellaneous) (Q4); Mathematics (miscellaneous) (Q4)";"Computer Science; Mathematics"
300;20400195003;"International Journal of Advanced Intelligence Paradigms (discontinued)";journal;"17550386, 17550394";"Inderscience Publishers";No;No;0,169;Q4;21;71;229;1752;165;226;0,63;24,68;29,79;0;United Kingdom;Western Europe;"Inderscience Publishers";"2008-2025";"Applied Mathematics (Q4); Computer Science (miscellaneous) (Q4); Engineering (miscellaneous) (Q4)";"Computer Science; Engineering; Mathematics"
301;19700182903;"Journal of Theoretical and Applied Information Technology";journal;"18173195, 19928645";"Little Lion Scientific";Yes;No;0,168;Q4;47;726;2097;24438;1798;2097;0,91;33,66;36,73;0;Pakistan;Asiatic Region;"Little Lion Scientific";"2005, 2008-2025";"Computer Science (miscellaneous) (Q4); Theoretical Computer Science (Q4)";"Computer Science; Mathematics"
302;21100199780;"Multiagent and Grid Systems";journal;"15741702, 18759076";"SAGE Publications Ltd";No;No;0,165;Q4;22;18;51;949;39;51;0,81;52,72;30,00;0;United Kingdom;Western Europe;"SAGE Publications Ltd";"2005-2025";"Computer Science (miscellaneous) (Q4)";"Computer Science"
303;21100228019;"International Journal of Embedded and Real-Time Communication Systems";journal;"19473184, 19473176";"IGI Global Publishing";No;No;0,162;Q4;14;0;33;0;20;33;0,65;0,00;0,00;0;United States;Northern America;"IGI Global Publishing";"2010-2023";"Computer Science (miscellaneous) (Q4)";"Computer Science"
304;19700181115;"ICIC Express Letters, Part B: Applications";journal;"21852766";"ICIC Express Letters Office";No;No;0,161;Q4;16;150;448;2794;245;444;0,47;18,63;30,90;0;Japan;Asiatic Region;"ICIC Express Letters Office";"2010-2026";"Computer Science (miscellaneous) (Q4)";"Computer Science"
305;19600157016;"Annales Mathematicae et Informaticae";journal;"17875021, 17876117";"Eszterhazy Karoly College";Yes;No;0,159;Q4;18;26;100;502;46;100;0,39;19,31;33,33;0;Hungary;Eastern Europe;"Eszterhazy Karoly College";"1997-2025";"Computer Science (miscellaneous) (Q4); Mathematics (miscellaneous) (Q4)";"Computer Science; Mathematics"
306;17700155307;"Chongqing Daxue Xuebao/Journal of Chongqing University";journal;"1000582X";"Chongqing University";No;No;0,159;Q4;20;147;460;3662;261;460;0,49;24,91;33,62;0;China;Asiatic Region;"Chongqing University";"2009-2026";"Civil and Structural Engineering (Q4); Computer Science (miscellaneous) (Q4); Electrical and Electronic Engineering (Q4); Materials Science (miscellaneous) (Q4)";"Computer Science; Engineering; Materials Science"
307;21101073954;"CLEI Eletronic Journal (CLEIej)";journal;"07175000";"Latin American Center for Informatics Studies";Yes;Yes;0,159;Q4;6;21;66;669;36;60;0,70;31,86;15,63;0;Chile;Latin America;"Latin American Center for Informatics Studies";"2019-2025";"Computational Mathematics (Q4); Computer Science Applications (Q4); Computer Science (miscellaneous) (Q4); Theoretical Computer Science (Q4)";"Computer Science; Mathematics"
308;21100236814;"Ubiquitous Learning";journal;"18359795";"Common Ground Research Networks";No;No;0,159;Q4;12;17;40;745;25;40;0,73;43,82;42,86;0;United States;Northern America;"Common Ground Research Networks";"2009-2025";"Computer Science (miscellaneous) (Q4); Education (Q4); E-learning (Q4)";"Computer Science; Social Sciences"
309;28887;"Computer Fraud and Security (discontinued)";journal;"13613723, 18737056";"MA Healthcare Ltd";No;No;0,156;Q4;37;25;149;157;76;141;0,22;6,28;11,54;0;United Kingdom;Western Europe;"MA Healthcare Ltd";"1996-2024";"Law (Q3); Computer Science (miscellaneous) (Q4)";"Computer Science; Social Sciences"
310;19700170833;"Yingyong Kexue Xuebao/Journal of Applied Sciences";journal;"02558297";"";No;No;0,156;Q4;14;86;249;2114;173;249;0,58;24,58;37,01;0;China;Asiatic Region;"";"1988, 2010-2026";"Computer Science (miscellaneous) (Q4); Engineering (miscellaneous) (Q4); Mathematics (miscellaneous) (Q4)";"Computer Science; Engineering; Mathematics"
311;21100228550;"Complex Systems";journal;"08912513";"Complex Systems Publications, Inc";No;No;0,155;Q4;13;15;60;754;25;60;0,39;50,27;29,63;0;United States;Northern America;"Complex Systems Publications, Inc";"2012-2025";"Computer Science (miscellaneous) (Q4); Control and Systems Engineering (Q4)";"Computer Science; Engineering"
312;21101027394;"El-Cezeri Journal of Science and Engineering";journal;"21483736";"TUBITAK";Yes;No;0,155;Q4;14;35;309;997;179;309;0,63;28,49;21,05;0;Turkey;Middle East;"TUBITAK";"2019-2025";"Chemical Engineering (miscellaneous) (Q4); Chemistry (miscellaneous) (Q4); Computer Science (miscellaneous) (Q4); Engineering (miscellaneous) (Q4); Physics and Astronomy (miscellaneous) (Q4)";"Chemical Engineering; Chemistry; Computer Science; Engineering; Physics and Astronomy"
313;19700173238;"Journal of Cellular Automata";journal;"15575977, 15575969";"Old City Publishing";No;No;0,155;Q4;17;14;34;470;10;32;0,29;33,57;12,90;0;United States;Northern America;"Old City Publishing";"2008-2024";"Computer Science (miscellaneous) (Q4); Control and Systems Engineering (Q4)";"Computer Science; Engineering"
314;21100842538;"Jusletter IT";journal;"1664848X";"Editions Weblaw";No;No;0,155;Q4;7;88;288;2868;17;272;0,07;32,59;33,79;1;Switzerland;Western Europe;"Editions Weblaw";"2017-2025";"Law (Q3); Computer Science (miscellaneous) (Q4)";"Computer Science; Social Sciences"
315;12100154817;"International Journal of Wireless and Mobile Computing";journal;"17411092, 17411084";"Inderscience Enterprises Ltd";No;No;0,153;Q4;23;75;236;1981;144;236;0,65;26,41;35,06;0;United Kingdom;Western Europe;"Inderscience Enterprises Ltd";"2005-2026";"Computer Science (miscellaneous) (Q4); Electrical and Electronic Engineering (Q4)";"Computer Science; Engineering"
316;21100902946;"Proceedings of the Pakistan Academy of Sciences: Part A";journal;"25184245, 25184253";"Pakistan Academy of Sciences";No;No;0,152;Q4;11;37;124;1160;56;124;0,38;31,35;28,10;0;Pakistan;Asiatic Region;"Pakistan Academy of Sciences";"2016-2025";"Computer Science (miscellaneous) (Q4); Materials Science (miscellaneous) (Q4); Physics and Astronomy (miscellaneous) (Q4)";"Computer Science; Materials Science; Physics and Astronomy"
317;21100199540;"AAPP Atti della Accademia Peloritana dei Pericolanti, Classe di Scienze Fisiche, Matematiche e Naturali";journal;"03650359, 18251242";"Accademia Peloritana dei Pericolanti";Yes;Yes;0,151;Q4;18;13;107;429;59;106;0,74;33,00;25,00;0;Italy;Western Europe;"Accademia Peloritana dei Pericolanti";"2004-2025";"History and Philosophy of Science (Q3); Agricultural and Biological Sciences (miscellaneous) (Q4); Chemistry (miscellaneous) (Q4); Computer Science (miscellaneous) (Q4); Earth and Planetary Sciences (miscellaneous) (Q4); Mathematics (miscellaneous) (Q4); Physics and Astronomy (miscellaneous) (Q4)";"Agricultural and Biological Sciences; Arts and Humanities; Chemistry; Computer Science; Earth and Planetary Sciences; Mathematics; Physics and Astronomy"
318;21101274718;"AUT Journal of Electrical Engineering";journal;"25882910, 25882929";"Amirkabir University of Technology";Yes;Yes;0,150;Q4;5;35;86;1108;31;86;0,46;31,66;11,83;0;Iran;Middle East;"Amirkabir University of Technology";"2021-2026";"Biomedical Engineering (Q4); Computer Science (miscellaneous) (Q4); Control and Systems Engineering (Q4); Electrical and Electronic Engineering (Q4)";"Computer Science; Engineering"
319;21101128459;"Aibi, Revista de Investigacion Administracion e Ingenierias";journal;"2346030X";"Universidad de Santander";Yes;Yes;0,149;Q4;8;71;99;3137;50;99;0,48;44,18;38,06;0;Colombia;Latin America;"Universidad de Santander";"2019-2026";"Computer Science (miscellaneous) (Q4); Electrical and Electronic Engineering (Q4); Engineering (miscellaneous) (Q4); Industrial and Manufacturing Engineering (Q4)";"Computer Science; Engineering"
320;21101021053;"Revista Colombiana de Computacion";journal;"16572831, 25392115";"Universidad Autonoma de Bucaramanga";Yes;Yes;0,149;Q4;6;11;33;386;20;29;0,63;35,09;15,79;0;Colombia;Latin America;"Universidad Autonoma de Bucaramanga";"2019-2024";"Computer Science (miscellaneous) (Q4)";"Computer Science"
321;21101251694;"Revista Cientifica de Sistemas e Informatica";journal;"2709992X";"Universidad Nacional de San Martin";Yes;Yes;0,141;Q4;5;14;46;450;30;41;0,44;32,14;28,00;0;Peru;Latin America;"Universidad Nacional de San Martin";"2021-2026";"Computer Science Applications (Q4); Computer Science (miscellaneous) (Q4); Hardware and Architecture (Q4); Information Systems (Q4)";"Computer Science"
322;144674;"Journal of Geomatics";journal;"20956045";"Editorial Board of Journal of Geomatics, Wuhan University";No;No;0,140;Q4;14;144;426;3291;148;426;0,35;22,85;38,84;0;China;Asiatic Region;"Editorial Board of Journal of Geomatics, Wuhan University";"2005-2011, 2013-2025";"Computer Science (miscellaneous) (Q4); Earth-Surface Processes (Q4)";"Computer Science; Earth and Planetary Sciences"
323;17700156003;"WSEAS Transactions on Computer Research";journal;"24151521, 19918755";"World Scientific and Engineering Academy and Society";No;No;0,140;Q4;11;52;79;1499;43;79;0,65;28,83;38,66;0;Greece;Western Europe;"World Scientific and Engineering Academy and Society";"2008, 2019-2026";"Computer Science Applications (Q4); Computer Science (miscellaneous) (Q4); Electrical and Electronic Engineering (Q4); Engineering (miscellaneous) (Q4)";"Computer Science; Engineering"
324;20400195011;"International Journal of Autonomous and Adaptive Communications Systems";journal;"17548640, 17548632";"Inderscience Enterprises Ltd";No;No;0,139;Q4;16;30;88;940;46;88;0,50;31,33;30,61;0;United Kingdom;Western Europe;"Inderscience Enterprises Ltd";"2008-2025";"Computer Science (miscellaneous) (Q4); Electrical and Electronic Engineering (Q4)";"Computer Science; Engineering"
325;21101210641;"Journal of Korean Institute of Communications and Information Sciences";journal;"12264717, 22873880";"Korean Institute of Communications and Information Sciences";No;No;0,136;Q4;6;201;737;3370;141;737;0,20;16,77;23,17;0;South Korea;Asiatic Region;"Korean Institute of Communications and Information Sciences";"2020-2026";"Computer Networks and Communications (Q4); Computer Science (miscellaneous) (Q4); Information Systems and Management (Q4)";"Computer Science; Decision Sciences"
326;20400195016;"International Journal of Computers and their Applications";journal;"10765204";"International Society for Computers and Their Applications (ISCA)";No;No;0,134;Q4;9;30;82;974;27;81;0,27;32,47;27,85;0;United States;Northern America;"International Society for Computers and Their Applications (ISCA)";"2011-2025";"Computer Science (miscellaneous) (Q4)";"Computer Science"
327;21100775395;"Journal of Information Technology Education: Discussion Cases";journal;"21661324, 21661316";"Informing Science Institute";No;No;0,133;Q4;2;0;1;0;0;1;0,00;0,00;0,00;0;United States;Northern America;"Informing Science Institute";"2012-2017, 2021";"Computer Science (miscellaneous) (Q4); Education (Q4); Sociology and Political Science (Q4)";"Computer Science; Social Sciences"
328;19600157312;"Scientific Annals of Computer Science";journal;"18438121, 22482695";"Alexandru Ioan Cuza University of Iasi";Yes;Yes;0,133;Q4;12;8;26;214;16;25;0,50;26,75;13,33;0;Romania;Eastern Europe;"Alexandru Ioan Cuza University of Iasi";"2009-2026";"Applied Mathematics (Q4); Computer Science (miscellaneous) (Q4)";"Computer Science; Mathematics"
329;21100242251;"International Journal of Critical Computer-Based Systems";journal;"17578779, 17578787";"Inderscience";No;No;0,131;Q4;14;11;11;488;6;11;0,75;44,36;23,33;0;Switzerland;Western Europe;"Inderscience";"2010-2024";"Computer Science (miscellaneous) (Q4)";"Computer Science"
330;21100199727;"Journal of Computing and Information Technology";journal;"13301136, 18463908";"University of Zagreb Faculty of Electrical Engineering and Computing";Yes;No;0,120;Q4;31;20;61;535;24;49;0,42;26,75;35,00;0;Croatia;Eastern Europe;"University of Zagreb Faculty of Electrical Engineering and Computing";"1996-2025";"Computer Science (miscellaneous) (Q4)";"Computer Science"
331;21100217007;"Iranian Journal of Information Processing and Management";journal;"22518231, 22518223";"Iranian Research Institute for Scientific Information and Documentation";Yes;Yes;0,119;Q4;9;58;151;2164;26;150;0,14;37,31;39,34;0;Iran;Middle East;"Iranian Research Institute for Scientific Information and Documentation";"2012-2026";"Computer Science (miscellaneous) (Q4)";"Computer Science"
332;21100837465;"Pakistan Journal of Engineering and Applied Sciences";journal;"19951302, 24150584";"University of Engineering and Technology, Lahore";Yes;No;0,117;Q4;7;0;50;0;17;50;0,37;0,00;0,00;0;Pakistan;Asiatic Region;"University of Engineering and Technology, Lahore";"2017-2023, 2025";"Chemical Engineering (miscellaneous) (Q4); Computer Science (miscellaneous) (Q4); Engineering (miscellaneous) (Q4); Environmental Engineering (Q4); Materials Science (miscellaneous) (Q4); Mathematics (miscellaneous) (Q4); Water Science and Technology (Q4)";"Chemical Engineering; Computer Science; Engineering; Environmental Science; Materials Science; Mathematics"
333;21100819609;"Schedae Informaticae";journal;"17323916, 20838476";"Jagiellonian University";No;No;0,116;Q4;5;0;2;0;0;2;0,00;0,00;0,00;0;Poland;Eastern Europe;"Jagiellonian University";"2013-2019, 2021, 2023";"Computer Science (miscellaneous) (Q4)";"Computer Science"
334;21101264207;"Journal of Advanced Research Design (discontinued)";journal;"22897984";"Penerbit Akademia Baru";No;No;0,113;Q4;4;71;36;2145;11;36;0,33;30,21;45,45;0;Malaysia;Asiatic Region;"Penerbit Akademia Baru";"2021-2025";"Computer Science (miscellaneous) (Q4)";"Computer Science"
335;21101181929;"Mathematics and Education in Mathematics";journal;"13133330, 28154002";"Union of Bulgarian Mathematicians";No;No;0,111;Q4;3;21;84;275;6;78;0,05;13,10;61,76;0;Bulgaria;Eastern Europe;"Union of Bulgarian Mathematicians";"2019-2025";"Applied Mathematics (Q4); Computer Science (miscellaneous) (Q4); Education (Q4); Mathematics (miscellaneous) (Q4)";"Computer Science; Mathematics; Social Sciences"
336;18388;"Computers in Education Journal";journal;"10693769";"American Society for Engineering Education";No;No;0,110;Q4;15;9;12;236;6;12;0,50;26,22;20,00;0;United States;Northern America;"American Society for Engineering Education";"1994-2021, 2023-2025";"Computer Science (miscellaneous) (Q4); Education (Q4)";"Computer Science; Social Sciences"
337;21100913339;"Revista de Informatica Teorica e Aplicada";journal;"21752745, 01034308";"Federal University of Rio Grande do Sul, Institute of Informatics";No;Yes;0,109;Q4;6;16;50;527;11;50;0,14;32,94;13,33;0;Brazil;Latin America;"Federal University of Rio Grande do Sul, Institute of Informatics";"2019-2025";"Computer Science (miscellaneous) (Q4)";"Computer Science"
338;19900193654;"Transactions of the Japan Society for Computational Engineering and Science";journal;"13449443, 13478826";"Japan Society for Computational Engineering and Science";No;No;0,106;Q4;8;22;51;536;9;50;0,11;24,36;5,00;0;Japan;Asiatic Region;"Japan Society for Computational Engineering and Science";"2011-2026";"Computer Science (miscellaneous) (Q4); Engineering (miscellaneous) (Q4)";"Computer Science; Engineering"
339;21100318403;"Journal of the Institute of Image Electronics Engineers of Japan";journal;"02859831, 13480316";"Institute of Image Electronics Engineers of Japan";No;No;0,101;Q4;8;27;226;239;3;209;0,02;8,85;22,22;0;Japan;Asiatic Region;"Institute of Image Electronics Engineers of Japan";"2001-2025";"Computer Science (miscellaneous) (Q4); Electrical and Electronic Engineering (Q4)";"Computer Science; Engineering"
340;21101215785;"RIDE - Review Journal for Digital Editions and Resources";journal;"23634952";"Institut fur Dokumentologie und Editorik";Yes;Yes;0,101;Q4;2;2;28;40;1;27;0,04;20,00;75,00;0;Germany;Western Europe;"Institut fur Dokumentologie und Editorik";"2020-2025";"Arts and Humanities (miscellaneous) (Q4); Computer Science (miscellaneous) (Q4)";"Arts and Humanities; Computer Science"
341;21101303301;"Analytics";journal;"28132203";"Multidisciplinary Digital Publishing Institute (MDPI)";Yes;No;;-;12;28;59;1342;130;57;2,20;47,93;35,71;0;Switzerland;Western Europe;"Multidisciplinary Digital Publishing Institute (MDPI)";"2022-2025";"Analysis; Computer Science (miscellaneous); Mathematics (miscellaneous)";"Computer Science; Mathematics"
342;21101297679;"Applied Cybersecurity and Internet Governance";journal;"29564395, 29563119";"NASK National Research Insitute";Yes;No;;-;5;28;32;1295;25;30;0,78;46,25;29,27;0;Poland;Eastern Europe;"NASK National Research Insitute";"2022-2025";"Computer Science (miscellaneous); Human-Computer Interaction; Political Science and International Relations; Psychology (miscellaneous)";"Computer Science; Psychology; Social Sciences"
343;21101021773;"Applied Mathematics and Nonlinear Sciences (discontinued)";journal;"24448656";"Sciendo";Yes;No;;-;27;4865;969;100372;547;969;0,49;20,63;46,25;3;Poland;Eastern Europe;"Sciendo";"2019-2024";"Applied Mathematics; Computer Science (miscellaneous); Engineering (miscellaneous); Modeling and Simulation";"Computer Science; Engineering; Mathematics"
344;21101330831;"Basrah Journal of Science";journal;"26648296, 26648288";"Basrah University College of Science and Technology";No;No;;-;5;34;110;1053;32;110;0,28;30,97;34,88;0;Iraq;Middle East;"Basrah University College of Science and Technology";"2021-2025";"Biochemistry (medical); Computer Science (miscellaneous); Earth and Planetary Sciences (miscellaneous); Physics and Astronomy (miscellaneous)";"Computer Science; Earth and Planetary Sciences; Medicine; Physics and Astronomy"
345;21101317176;"Chips";journal;"26740729";"Multidisciplinary Digital Publishing Institute (MDPI)";Yes;No;;-;9;20;31;877;61;28;1,97;43,85;20,00;0;Switzerland;Western Europe;"Multidisciplinary Digital Publishing Institute (MDPI)";"2022-2025";"Computer Science (miscellaneous); Engineering (miscellaneous); Materials Science (miscellaneous)";"Computer Science; Engineering; Materials Science"
346;12324;"Computer Systems Science and Engineering (discontinued)";journal;"02676192";"Tech Science Press";No;No;;-;41;27;1197;1140;3364;1197;2,72;42,22;22,73;0;United Kingdom;Western Europe;"Tech Science Press";"1985-1988, 1990-2024";"Computer Science (miscellaneous); Control and Systems Engineering; Theoretical Computer Science";"Computer Science; Engineering; Mathematics"
347;21101331989;"Digital Engineering";journal;"2950550X";"Elsevier B.V.";Yes;No;;-;9;23;0;1559;0;0;0,00;67,78;23,08;0;Netherlands;Western Europe;"Elsevier B.V.";"2024-2026";"Computer Science (miscellaneous); Engineering (miscellaneous); Industrial and Manufacturing Engineering; Information Systems";"Computer Science; Engineering"
348;21101300989;"Formal Methods in Computer-Aided Design, FMCAD";journal;"27087824";"Institute of Electrical and Electronics Engineers Inc.";No;No;;-;3;33;0;1084;0;0;0,00;32,85;16,07;0;United States;Northern America;"Institute of Electrical and Electronics Engineers Inc.";"2024";"Artificial Intelligence; Computer Graphics and Computer-Aided Design; Computer Science (miscellaneous); Hardware and Architecture";"Computer Science"
349;21101277851;"Global Chinese Conference on Computers in Education Main Conference Proceedings (English Paper)";journal;"30053218";"";No;No;;-;2;25;63;388;9;63;0,05;15,52;40,26;0;Taiwan;Asiatic Region;"";"2020-2025";"Computer Science (miscellaneous); Education";"Computer Science; Social Sciences"
350;21101371011;"Herald of Advanced Information Technology";journal;"26630176, 26637731";"Odesa Polytechnic National University";No;No;;-;3;32;48;949;18;48;0,38;29,66;24,32;0;Ukraine;Eastern Europe;"Odesa Polytechnic National University";"2022-2025";"Computer Networks and Communications; Computer Science (miscellaneous); Information Systems; Software";"Computer Science"
351;21101335349;"Human-Centric Intelligent Systems";journal;"26671336";"Springer Nature";Yes;No;;-;17;37;59;1772;457;57;8,25;47,89;20,83;1;Netherlands;Western Europe;"Springer Nature";"2021-2026";"Artificial Intelligence; Computer Science (miscellaneous); Information Systems";"Computer Science"
352;21101304709;"Intelligent Marine Technology and Systems";journal;"29481953";"Springer";No;No;;-;8;35;13;1411;36;12;2,77;40,31;34,07;0;Singapore;Asiatic Region;"Springer";"2023-2026";"Computer Science (miscellaneous); Ocean Engineering; Oceanography";"Computer Science; Earth and Planetary Sciences; Engineering"
353;21101281043;"International Journal of Basic and Applied Science";journal;"27763013, 23018038";"Institute of Computer Science (IOCS)";No;No;;-;2;17;63;824;2;63;0,02;48,47;28,57;0;Indonesia;Asiatic Region;"Institute of Computer Science (IOCS)";"2020-2025";"Aerospace Engineering; Agricultural and Biological Sciences (miscellaneous); Applied Mathematics; Chemistry (miscellaneous); Computer Science (miscellaneous); Engineering (miscellaneous); Materials Science (miscellaneous)";"Agricultural and Biological Sciences; Chemistry; Computer Science; Engineering; Materials Science; Mathematics"
354;21101277885;"International Journal of Basic and Applied Sciences (discontinued)";journal;"22275053";"Science Publishing Corporation Inc.";No;No;;-;5;11;17;227;0;17;0,00;20,64;10,00;0;Jordan;Middle East;"Science Publishing Corporation Inc.";"2021-2025";"Agricultural and Biological Sciences (miscellaneous); Computer Science (miscellaneous); Environmental Science (miscellaneous)";"Agricultural and Biological Sciences; Computer Science; Environmental Science"
355;21101298345;"International Journal of Engineering, Science and Information Technology (discontinued)";journal;"27752674";"Malikussaleh University";No;No;;-;11;76;194;1565;182;194;0,89;20,59;39,32;0;Indonesia;Asiatic Region;"Malikussaleh University";"2021-2025";"Computer Science (miscellaneous); Engineering (miscellaneous)";"Computer Science; Engineering"
356;21100241217;"International Journal of Information Technologies and Systems Approach (discontinued)";journal;"19355718, 1935570X";"IGI Global";No;No;;-;15;4;126;122;154;126;1,28;30,50;50,00;0;United States;Northern America;"IGI Global";"2008-2024";"Computer Science (miscellaneous)";"Computer Science"
357;21101288834;"International Journal of Mathematics and Computer in Engineering";journal;"29567068";"Walter de Gruyter";No;No;;-;18;20;20;652;323;20;16,15;32,60;22,50;0;Germany;Western Europe;"Walter de Gruyter";"2023-2026";"Computational Mathematics; Computer Science (miscellaneous); Engineering (miscellaneous); Mathematics (miscellaneous)";"Computer Science; Engineering; Mathematics"
358;21101291391;"Journal of Applied Science and Technology Trends";journal;"27080757";"Interdisciplinary Publishing Academia";No;No;;-;15;9;45;360;777;45;1,96;40,00;40,00;0;Iraq;Middle East;"Interdisciplinary Publishing Academia";"2021-2026";"Artificial Intelligence; Computer Science (miscellaneous); Earth and Planetary Sciences (miscellaneous)";"Computer Science; Earth and Planetary Sciences"
359;21101111528;"Journal of Autonomous Intelligence (discontinued)";journal;"26305046";"Frontier Scientific Publishing";No;No;;-;12;158;107;5200;110;106;1,16;32,91;36,12;0;Singapore;Asiatic Region;"Frontier Scientific Publishing";"2019-2024";"Artificial Intelligence; Computer Science Applications; Computer Science (miscellaneous); Human-Computer Interaction";"Computer Science"
360;21101295952;"Journal of Edge Computing";journal;"2837181X";"Academy of Cognitive and Natural Sciences";Yes;No;;-;9;12;16;479;97;16;6,06;39,92;30,77;0;Ukraine;Eastern Europe;"Academy of Cognitive and Natural Sciences";"2022-2025";"Artificial Intelligence; Computer Networks and Communications; Computer Science (miscellaneous); Hardware and Architecture";"Computer Science"
361;21101264429;"Journal of Electronic Measurement and Instrumentation";journal;"10007105";"Editorial Office of EMI Journal";No;No;;-;15;304;793;7477;986;793;1,28;24,60;34,09;0;China;Asiatic Region;"Editorial Office of EMI Journal";"2004, 2020-2025";"Computer Science (miscellaneous); Engineering (miscellaneous)";"Computer Science; Engineering"
362;21101297958;"Journal of Machine Learning for Modeling and Computing";journal;"26893975, 26893967";"Begell House Inc.";No;No;;-;13;19;48;1055;162;46;3,78;55,53;17,86;0;United States;Northern America;"Begell House Inc.";"2020-2025";"Artificial Intelligence; Computational Mechanics; Computer Science (miscellaneous); Modeling and Simulation";"Computer Science; Engineering; Mathematics"
363;21101286842;"Journal of Research, Innovation and Technologies";journal;"29718317";"RITHA Publishing House";No;No;;-;6;10;28;300;21;28;0,75;30,00;38,46;0;Romania;Eastern Europe;"RITHA Publishing House";"2022-2025";"Artificial Intelligence; Computer Science (miscellaneous); Management of Technology and Innovation";"Business, Management and Accounting; Computer Science"
364;21101283808;"Jurnal Online Informatika";journal;"25281682, 25279165";"Department of Informatics, UIN Sunan Gunung Djati Bandung, Indonesia";Yes;No;;-;6;30;61;861;60;61;0,98;28,70;28,13;0;Indonesia;Asiatic Region;"Department of Informatics, UIN Sunan Gunung Djati Bandung, Indonesia";"2022-2025";"Artificial Intelligence; Computer Science (miscellaneous); Information Systems; Media Technology";"Computer Science; Engineering"
365;21101298331;"LatIA (discontinued)";journal;"3046403X";"";No;No;;-;15;34;24;963;57;24;2,38;28,32;23,88;0;Uruguay;Latin America;"";"2023-2025";"Computer Science Applications; Computer Science (miscellaneous); Information Systems and Management; Media Technology";"Computer Science; Decision Sciences; Engineering"
366;21101388871;"Law, Ethics and Technology";journal;"29593077, 29593085";"ELSP";No;No;;-;3;12;0;728;0;0;0,00;60,67;21,43;0;Hong Kong;Asiatic Region;"ELSP";"2024-2026";"Artificial Intelligence; Arts and Humanities (miscellaneous); Biomedical Engineering; Computer Science (miscellaneous); Law; Management, Monitoring, Policy and Law; Nuclear Energy and Engineering";"Arts and Humanities; Computer Science; Energy; Engineering; Environmental Science; Social Sciences"
367;21101303670;"Mesopotamian Journal of Computer Science";journal;"29586631";"Mesopotamian Academic Press";No;No;;-;12;16;26;733;255;25;11,67;45,81;35,90;0;Iraq;Middle East;"Mesopotamian Academic Press";"2021-2025";"Computer Science Applications; Computer Science (miscellaneous); Computer Vision and Pattern Recognition";"Computer Science"
368;21101290949;"Metaverse Basic and Applied Research (discontinued)";journal;"29534577";"";No;No;;-;10;44;0;1532;0;0;0,00;34,82;31,43;0;Argentina;Latin America;"";"2024-2025";"Artificial Intelligence; Computer Science (miscellaneous); Engineering (miscellaneous); Human-Computer Interaction";"Computer Science; Engineering"
369;21101341269;"Natural Language Processing Journal";journal;"29497191";"Elsevier Ltd";Yes;No;;-;16;76;0;5173;0;0;0,00;68,07;25,10;1;United Kingdom;Western Europe;"Elsevier Ltd";"2024-2026";"Artificial Intelligence; Computer Networks and Communications; Computer Science (miscellaneous); Linguistics and Language";"Computer Science; Social Sciences"
370;21101276724;"Network";journal;"26738732";"Multidisciplinary Digital Publishing Institute (MDPI)";Yes;No;;-;18;29;81;1560;375;80;4,93;53,79;18,48;0;Switzerland;Western Europe;"Multidisciplinary Digital Publishing Institute (MDPI)";"2021-2025";"Computer Networks and Communications; Computer Science (miscellaneous); Engineering (miscellaneous)";"Computer Science; Engineering"
371;21101298939;"Revista Romana de Informatica si Automatica";journal;"12201758, 18414303";"National Institute for R and D in Informatics";Yes;No;;-;8;42;115;1062;137;115;1,01;25,29;40,00;1;Romania;Eastern Europe;"National Institute for R and D in Informatics";"2021-2025";"Computer Science (miscellaneous)";"Computer Science"
372;21100197714;"RISTI - Revista Iberica de Sistemas e Tecnologias de Informacao (discontinued)";journal;"16469895";"Associacao Iberica de Sistemas e Tecnologias de Informacao";Yes;No;;-;19;378;1285;10152;419;1248;0,34;26,86;40,80;0;Portugal;Western Europe;"Associacao Iberica de Sistemas e Tecnologias de Informacao";"2011-2024";"Computer Science (miscellaneous)";"Computer Science"
373;21101373450;"Science and Engineering Connect";journal;"30277914";"School of Liberal Arts, King Mongkut's University of Technology Thonburi";No;No;;-;2;20;93;499;8;93;0,12;24,95;48,39;0;Thailand;Asiatic Region;"School of Liberal Arts, King Mongkut's University of Technology Thonburi";"2021-2025";"Civil and Structural Engineering; Computer Science (miscellaneous); Engineering (miscellaneous); Materials Science (miscellaneous)";"Computer Science; Engineering; Materials Science"
374;21101338736;"VFAST Transactions on Software Engineering";journal;"24116246, 23093978";"VFAST Publisher";No;No;;-;7;80;158;2996;105;158;0,66;37,45;25,76;0;Pakistan;Asiatic Region;"VFAST Publisher";"2021-2025";"Artificial Intelligence; Computer Science Applications; Computer Science (miscellaneous); Software";"Computer Science"
375;21101321448;"Virtual Worlds";journal;"28132084";"Multidisciplinary Digital Publishing Institute (MDPI)";Yes;No;;-;14;30;31;1865;242;30;7,81;62,17;31,78;1;Switzerland;Western Europe;"Multidisciplinary Digital Publishing Institute (MDPI)";"2022-2025";"Computer Science (miscellaneous)";"Computer Science"
